#
# There is insufficient memory for the Java Runtime Environment to continue.
# Native memory allocation (malloc) failed to allocate 1668112 bytes. Error detail: Chunk::new
# Possible reasons:
#   The system is out of physical RAM or swap space
# Possible solutions:
#   Reduce memory load on the system
#   Increase physical memory or swap space
#   Check if swap backing store is full
#   Decrease Java heap size (-Xmx/-Xms)
#   Decrease number of Java threads
#   Decrease Java thread stack sizes (-Xss)
#   Set larger code cache with -XX:ReservedCodeCacheSize=
# This output file may be truncated or incomplete.
#
#  Out of Memory Error (arena.cpp:149), pid=38468, tid=34932
#
# JRE version: Java(TM) SE Runtime Environment (23.0.2+7) (build 23.0.2+7-58)
# Java VM: Java HotSpot(TM) 64-Bit Server VM (23.0.2+7-58, mixed mode, sharing, tiered, compressed class ptrs, z gc, windows-amd64)
# No core dump will be written. Minidumps are not enabled by default on client versions of Windows
#

---------------  S U M M A R Y ------------

Command Line: -Xss4m -Xms100m -Dmetals.client=vscode -Xmx2G -XX:+UseZGC -XX:ZUncommitDelay=30 -XX:ZCollectionInterval=5 -XX:+IgnoreUnrecognizedVMOptions scala.meta.metals.Main

Host: 12th Gen Intel(R) Core(TM) i7-12700H, 20 cores, 15G,  Windows 11 , 64 bit Build 26100 (10.0.26100.8246)
Time: Thu May 28 14:23:41 2026  Windows 11 , 64 bit Build 26100 (10.0.26100.8246) elapsed time: 8.116675 seconds (0d 0h 0m 8s)

---------------  T H R E A D  ---------------

Current thread (0x00000236c2170600):  JavaThread "C2 CompilerThread0" daemon [_thread_in_native, id=34932, stack(0x000000eaf2b00000,0x000000eaf2c00000) (1024K)]


Current CompileTask:
C2:8116 4440       4       jdk.internal.jimage.ImageStringsReader::stringFromByteBuffer (73 bytes)

Stack: [0x000000eaf2b00000,0x000000eaf2c00000]
Native frames: (J=compiled Java code, j=interpreted, Vv=VM code, C=native code)
V  [jvm.dll+0x6e0b99]  (no source info available)
V  [jvm.dll+0x87e2b3]  (no source info available)
V  [jvm.dll+0x88073e]  (no source info available)
V  [jvm.dll+0x880e13]  (no source info available)
V  [jvm.dll+0x27b006]  (no source info available)
V  [jvm.dll+0xbc06f]  (no source info available)
V  [jvm.dll+0xbc2cb]  (no source info available)
V  [jvm.dll+0x132e23]  (no source info available)
V  [jvm.dll+0x8e7412]  (no source info available)
V  [jvm.dll+0x6e624a]  (no source info available)
V  [jvm.dll+0x244f9a]  (no source info available)
V  [jvm.dll+0x243eff]  (no source info available)
V  [jvm.dll+0x1c34b0]  (no source info available)
V  [jvm.dll+0x253df1]  (no source info available)
V  [jvm.dll+0x2520aa]  (no source info available)
V  [jvm.dll+0x3ee226]  (no source info available)
V  [jvm.dll+0x8254cb]  (no source info available)
V  [jvm.dll+0x6df345]  (no source info available)
C  [ucrtbase.dll+0x37b0]  (no source info available)
C  [KERNEL32.DLL+0x2e8d7]  (no source info available)
C  [ntdll.dll+0x8c3fc]  (no source info available)

Lock stack of current Java thread (top to bottom):


---------------  P R O C E S S  ---------------

Threads class SMR info:
_java_thread_list=0x00000236cb29af60, length=39, elements={
0x00000236dd393600, 0x00000236c2109a40, 0x00000236c210c0c0, 0x00000236c211f090,
0x00000236c215b470, 0x00000236c215faf0, 0x00000236c2164580, 0x00000236c2170600,
0x00000236c21712b0, 0x00000236c21dbc10, 0x00000236c2221020, 0x00000236c2462820,
0x00000236c23429f0, 0x00000236c72d00d0, 0x00000236c7b4f770, 0x00000236c869e3c0,
0x00000236c8a9d200, 0x00000236c8a9cb70, 0x00000236c8a9be50, 0x00000236c8a9d890,
0x00000236c8a9a410, 0x00000236c8a9c4e0, 0x00000236c8a9b130, 0x00000236c8a9aaa0,
0x00000236c8f92970, 0x00000236c8fc5660, 0x00000236c8f922e0, 0x00000236c8f943b0,
0x00000236c8f93690, 0x00000236c8f93d20, 0x00000236c8f91c50, 0x00000236c8f950d0,
0x00000236c8f95760, 0x00000236c8f97ec0, 0x00000236c8f97830, 0x00000236c8f96b10,
0x00000236cada7620, 0x00000236c8f96480, 0x00000236c8f971a0
}

Java Threads: ( => current thread )
  0x00000236dd393600 JavaThread "main"                              [_thread_blocked, id=8452, stack(0x000000eaef100000,0x000000eaef500000) (4096K)]
  0x00000236c2109a40 JavaThread "Reference Handler"          daemon [_thread_blocked, id=43084, stack(0x000000eaf1300000,0x000000eaf1700000) (4096K)]
  0x00000236c210c0c0 JavaThread "Finalizer"                  daemon [_thread_blocked, id=31484, stack(0x000000eaf1700000,0x000000eaf1b00000) (4096K)]
  0x00000236c211f090 JavaThread "Signal Dispatcher"          daemon [_thread_blocked, id=36744, stack(0x000000eaf1b00000,0x000000eaf1f00000) (4096K)]
  0x00000236c215b470 JavaThread "Attach Listener"            daemon [_thread_blocked, id=28788, stack(0x000000eaf1f00000,0x000000eaf2300000) (4096K)]
  0x00000236c215faf0 JavaThread "Service Thread"             daemon [_thread_blocked, id=16760, stack(0x000000eaf2300000,0x000000eaf2700000) (4096K)]
  0x00000236c2164580 JavaThread "Monitor Deflation Thread"   daemon [_thread_blocked, id=46912, stack(0x000000eaf2700000,0x000000eaf2b00000) (4096K)]
=>0x00000236c2170600 JavaThread "C2 CompilerThread0"         daemon [_thread_in_native, id=34932, stack(0x000000eaf2b00000,0x000000eaf2c00000) (1024K)]
  0x00000236c21712b0 JavaThread "C1 CompilerThread0"         daemon [_thread_blocked, id=30724, stack(0x000000eaf2c00000,0x000000eaf2d00000) (1024K)]
  0x00000236c21dbc10 JavaThread "C1 CompilerThread1"         daemon [_thread_blocked, id=19936, stack(0x000000eaf2d00000,0x000000eaf2e00000) (1024K)]
  0x00000236c2221020 JavaThread "C1 CompilerThread2"         daemon [_thread_blocked, id=45580, stack(0x000000eaf2e00000,0x000000eaf2f00000) (1024K)]
  0x00000236c2462820 JavaThread "Notification Thread"        daemon [_thread_blocked, id=48288, stack(0x000000eaf2f00000,0x000000eaf3300000) (4096K)]
  0x00000236c23429f0 JavaThread "Common-Cleaner"             daemon [_thread_blocked, id=4596, stack(0x000000eaf3300000,0x000000eaf3700000) (4096K)]
  0x00000236c72d00d0 JavaThread "pool-1-thread-1"                   [_thread_in_native, id=35928, stack(0x000000eaf3800000,0x000000eaf3c00000) (4096K)]
  0x00000236c7b4f770 JavaThread "scala-execution-context-global-54" daemon [_thread_blocked, id=12508, stack(0x000000eaf3c00000,0x000000eaf4000000) (4096K)]
  0x00000236c869e3c0 JavaThread "coursier-pool-1-thread-1"   daemon [_thread_blocked, id=37960, stack(0x000000eaf4000000,0x000000eaf4400000) (4096K)]
  0x00000236c8a9d200 JavaThread "coursier-pool-1-thread-2"   daemon [_thread_blocked, id=20264, stack(0x000000eaf4400000,0x000000eaf4800000) (4096K)]
  0x00000236c8a9cb70 JavaThread "coursier-pool-1-thread-3"   daemon [_thread_blocked, id=41956, stack(0x000000eaf4800000,0x000000eaf4c00000) (4096K)]
  0x00000236c8a9be50 JavaThread "coursier-pool-1-thread-4"   daemon [_thread_blocked, id=2476, stack(0x000000eaf4c00000,0x000000eaf5000000) (4096K)]
  0x00000236c8a9d890 JavaThread "coursier-pool-1-thread-5"   daemon [_thread_blocked, id=41192, stack(0x000000eaf5000000,0x000000eaf5400000) (4096K)]
  0x00000236c8a9a410 JavaThread "coursier-pool-1-thread-6"   daemon [_thread_blocked, id=37220, stack(0x000000eaf5400000,0x000000eaf5800000) (4096K)]
  0x00000236c8a9c4e0 JavaThread "pool-1-thread-2"                   [_thread_blocked, id=30980, stack(0x000000eaf5800000,0x000000eaf5c00000) (4096K)]
  0x00000236c8a9b130 JavaThread "pool-1-thread-3"                   [_thread_in_vm, id=29860, stack(0x000000eaf5c00000,0x000000eaf6000000) (4096K)]
  0x00000236c8a9aaa0 JavaThread "ForkJoinPool.commonPool-worker-1" daemon [_thread_blocked, id=49216, stack(0x000000eaf6000000,0x000000eaf6400000) (4096K)]
  0x00000236c8f92970 JavaThread "pool-2-thread-1"                   [_thread_in_vm, id=9624, stack(0x000000eaf6400000,0x000000eaf6800000) (4096K)]
  0x00000236c8fc5660 JavaThread "C2 CompilerThread1"         daemon [_thread_in_native, id=29608, stack(0x000000eaf6800000,0x000000eaf6900000) (1024K)]
  0x00000236c8f922e0 JavaThread "H2 File Lock Watchdog C:/Users/weron/OneDrive/Dokumenty/java/zad3/.metals/metals.lock.db" daemon [_thread_in_vm, id=28844, stack(0x000000eaf6900000,0x000000eaf6d00000) (4096K)]
  0x00000236c8f943b0 JavaThread "H2 TCP Server (tcp://localhost:58375)" daemon [_thread_in_native, id=14704, stack(0x000000eaf6d00000,0x000000eaf7100000) (4096K)]
  0x00000236c8f93690 JavaThread "MVStore background writer C:/Users/weron/OneDrive/Dokumenty/java/zad3/.metals/metals.mv.db" daemon [_thread_blocked, id=10904, stack(0x000000eaf7200000,0x000000eaf7600000) (4096K)]
  0x00000236c8f93d20 JavaThread "pool-1-thread-4"                   [_thread_in_vm, id=21332, stack(0x000000eaf7600000,0x000000eaf7a00000) (4096K)]
  0x00000236c8f91c50 JavaThread "pool-1-thread-5"                   [_thread_blocked, id=50300, stack(0x000000eaf7a00000,0x000000eaf7e00000) (4096K)]
  0x00000236c8f950d0 JavaThread "pool-1-thread-6"                   [_thread_blocked, id=34204, stack(0x000000eaf7e00000,0x000000eaf8200000) (4096K)]
  0x00000236c8f95760 JavaThread "pool-1-thread-7"                   [_thread_blocked, id=19528, stack(0x000000eaf8200000,0x000000eaf8600000) (4096K)]
  0x00000236c8f97ec0 JavaThread "pool-1-thread-8"                   [_thread_blocked, id=41240, stack(0x000000eaf8600000,0x000000eaf8a00000) (4096K)]
  0x00000236c8f97830 JavaThread "pool-1-thread-9"                   [_thread_blocked, id=40124, stack(0x000000eaf8a00000,0x000000eaf8e00000) (4096K)]
  0x00000236c8f96b10 JavaThread "pool-1-thread-10"                  [_thread_blocked, id=44248, stack(0x000000eaf8e00000,0x000000eaf9200000) (4096K)]
  0x00000236cada7620 JavaThread "C2 CompilerThread2"         daemon [_thread_in_native, id=23204, stack(0x000000eaf9200000,0x000000eaf9300000) (1024K)]
  0x00000236c8f96480 JavaThread "H2-serialization"           daemon [_thread_blocked, id=25164, stack(0x000000eaf9300000,0x000000eaf9700000) (4096K)]
  0x00000236c8f971a0 JavaThread "H2-save"                    daemon [_thread_blocked, id=2400, stack(0x000000eaf9700000,0x000000eaf9b00000) (4096K)]
Total: 39

Other Threads:
  0x00000236dd4dfe50 VMThread "VM Thread"                           [id=14712, stack(0x000000eaf1200000,0x000000eaf1300000) (1024K)] _threads_hazard_ptr=0x00000236cb29af60
  0x00000236dd53a360 WatcherThread "VM Periodic Task Thread"        [id=3248, stack(0x000000eaf1100000,0x000000eaf1200000) (1024K)]
  0x00000236dd4a6ba0 ConcurrentGCThread "ZDirector"                 [id=41140, stack(0x000000eaf0300000,0x000000eaf0400000) (1024K)]
  0x00000236dd4a6090 ConcurrentGCThread "ZDriverMajor"              [id=23144, stack(0x000000eaf0200000,0x000000eaf0300000) (1024K)]
  0x00000236dd4a5580 ConcurrentGCThread "ZDriverMinor"              [id=34028, stack(0x000000eaf0100000,0x000000eaf0200000) (1024K)]
  0x00000236dd4a9b90 ConcurrentGCThread "ZStat"                     [id=9272, stack(0x000000eaf0400000,0x000000eaf0500000) (1024K)]
  0x00000236dd3e97e0 ConcurrentGCThread "ZUnmapper"                 [id=38528, stack(0x000000eaef500000,0x000000eaef600000) (1024K)]
  0x00000236dd3ea1a0 ConcurrentGCThread "ZUncommitter"              [id=48500, stack(0x000000eaef600000,0x000000eaef700000) (1024K)]
  0x00000236dd422e70 WorkerThread "ZWorkerYoung#0"                  [id=41812, stack(0x000000eaefc00000,0x000000eaefd00000) (1024K)]
  0x00000236dd423610 WorkerThread "ZWorkerYoung#1"                  [id=6376, stack(0x000000eaefd00000,0x000000eaefe00000) (1024K)]
  0x00000236dd423db0 WorkerThread "ZWorkerYoung#2"                  [id=47080, stack(0x000000eaefe00000,0x000000eaeff00000) (1024K)]
  0x00000236dd424550 WorkerThread "ZWorkerYoung#3"                  [id=48488, stack(0x000000eaeff00000,0x000000eaf0000000) (1024K)]
  0x00000236dd424cf0 WorkerThread "ZWorkerYoung#4"                  [id=25308, stack(0x000000eaf0000000,0x000000eaf0100000) (1024K)]
  0x00000236dd4059d0 WorkerThread "ZWorkerOld#0"                    [id=7672, stack(0x000000eaef700000,0x000000eaef800000) (1024K)]
  0x00000236dd406720 WorkerThread "ZWorkerOld#1"                    [id=34128, stack(0x000000eaef800000,0x000000eaef900000) (1024K)]
  0x00000236dd407560 WorkerThread "ZWorkerOld#2"                    [id=26704, stack(0x000000eaef900000,0x000000eaefa00000) (1024K)]
  0x00000236dd408500 WorkerThread "ZWorkerOld#3"                    [id=17520, stack(0x000000eaefa00000,0x000000eaefb00000) (1024K)]
  0x00000236dd40fbd0 WorkerThread "ZWorkerOld#4"                    [id=36588, stack(0x000000eaefb00000,0x000000eaefc00000) (1024K)]
  0x00000236dd4baff0 WorkerThread "RuntimeWorker#0"                 [id=15176, stack(0x000000eaf0500000,0x000000eaf0600000) (1024K)]
  0x00000236dd4bc7b0 WorkerThread "RuntimeWorker#1"                 [id=3628, stack(0x000000eaf0600000,0x000000eaf0700000) (1024K)]
  0x00000236dd4bcb60 WorkerThread "RuntimeWorker#2"                 [id=36148, stack(0x000000eaf0700000,0x000000eaf0800000) (1024K)]
  0x00000236dd4ccf20 WorkerThread "RuntimeWorker#3"                 [id=19188, stack(0x000000eaf0800000,0x000000eaf0900000) (1024K)]
  0x00000236dd4df2f0 WorkerThread "RuntimeWorker#4"                 [id=1148, stack(0x000000eaf0900000,0x000000eaf0a00000) (1024K)]
  0x00000236dd4e05b0 WorkerThread "RuntimeWorker#5"                 [id=11836, stack(0x000000eaf0a00000,0x000000eaf0b00000) (1024K)]
  0x00000236dd4df6f0 WorkerThread "RuntimeWorker#6"                 [id=45528, stack(0x000000eaf0b00000,0x000000eaf0c00000) (1024K)]
  0x00000236dd4e0960 WorkerThread "RuntimeWorker#7"                 [id=7272, stack(0x000000eaf0c00000,0x000000eaf0d00000) (1024K)]
  0x00000236dd4e0200 WorkerThread "RuntimeWorker#8"                 [id=43692, stack(0x000000eaf0d00000,0x000000eaf0e00000) (1024K)]
  0x00000236dd4e0d10 WorkerThread "RuntimeWorker#9"                 [id=20948, stack(0x000000eaf0e00000,0x000000eaf0f00000) (1024K)]
  0x00000236dd4e10c0 WorkerThread "RuntimeWorker#10"                [id=36212, stack(0x000000eaf0f00000,0x000000eaf1000000) (1024K)]
  0x00000236dd4dfaa0 WorkerThread "RuntimeWorker#11"                [id=52252, stack(0x000000eaf1000000,0x000000eaf1100000) (1024K)]
Total: 30

Threads with active compile tasks:
C2 CompilerThread0  8179 4440       4       jdk.internal.jimage.ImageStringsReader::stringFromByteBuffer (73 bytes)
C2 CompilerThread1  8179 4227       4       java.lang.invoke.MethodType::makeImpl (109 bytes)
C2 CompilerThread2  8179 4613       4       java.util.HashMap::putVal (300 bytes)
Total: 3

VM state: not at safepoint (normal execution)

VM Mutex/Monitor currently owned by a thread: None

CDS archive(s) mapped at: [0x0000023681000000-0x0000023681d70000-0x0000023681d70000), size 14090240, SharedBaseAddress: 0x0000023681000000, ArchiveRelocationMode: 1.
Compressed class space mapped at: 0x0000023682000000-0x00000236c2000000, reserved size: 1073741824
Narrow klass base: 0x0000023681000000, Narrow klass shift: 0, Narrow klass range: 0x41000000

GC Precious Log:
 NUMA Support: Disabled
 CPUs: 20 total, 20 available
 Memory: 16068M
 Large Page Support: Disabled
 Address Space Type: Contiguous/Unrestricted/Complete
 Address Space Size: 32768M
 Min Capacity: 100M
 Initial Capacity: 100M
 Max Capacity: 2048M
 Soft Max Capacity: 2048M
 Medium Page Size: 32M
 Pre-touch: Disabled
 Uncommit: Enabled
 Uncommit Delay: 30s
 GC Workers for Old Generation: 5 (dynamic)
 GC Workers for Young Generation: 5 (dynamic)
 GC Workers Max: 5 (dynamic)
 Runtime Workers: 12
 Forced to lower max Java heap size from 2048M(100%) to 288M(14%)
 Forced to lower max Java heap size from 288M(14%) to 286M(14%)
 Forced to lower max Java heap size from 286M(14%) to 284M(14%)
 Forced to lower max Java heap size from 284M(14%) to 282M(14%)
 Forced to lower max Java heap size from 282M(14%) to 280M(14%)
 Forced to lower max Java heap size from 280M(14%) to 248M(12%)
 Forced to lower max Java heap size from 248M(12%) to 246M(12%)
 Forced to lower max Java heap size from 246M(12%) to 244M(12%)
 Forced to lower max Java heap size from 244M(12%) to 242M(12%)
 Forced to lower max Java heap size from 242M(12%) to 240M(12%)
 Forced to lower max Java heap size from 240M(12%) to 238M(12%)
 Forced to lower max Java heap size from 238M(12%) to 236M(12%)

ZGC Globals:
 Young Collection:   Relocate/4
 Old Collection:     Mark/4
 Offset Max:         4096G (0x0000040000000000)
 Page Size Small:    2M
 Page Size Medium:   32M

ZGC Metadata Bits:
 LoadGood:           0x0000000000002000
 LoadBad:            0x000000000000d000
 MarkGood:           0x0000000000002a00
 MarkBad:            0x000000000000d5c0
 StoreGood:          0x0000000000002a20
 StoreBad:           0x000000000000d5d0
 ------------------- 
 Remapped:           0x0000000000002000
 RemappedYoung:      0x000000000000a000
 RemappedOld:        0x0000000000003000
 MarkedYoung:        0x0000000000000200
 MarkedOld:          0x0000000000000800
 Remembered:         0x0000000000000020

Heap:
 ZHeap           used 236M, capacity 236M, max capacity 2048M
 Metaspace       used 52698K, committed 53376K, reserved 1114112K
  class space    used 6462K, committed 6720K, reserved 1048576K

ZGC Page Table:
 Small   0x0000000000000000 0x0000000000121960 0x0000000000200000 Y/4     Allocating 
 Small   0x0000000000400000 0x0000000000400000 0x0000000000600000 Y/4     Allocating 
 Small   0x0000000000600000 0x000000000069e138 0x0000000000800000 Y/4     Allocating 
 Small   0x0000000000800000 0x0000000000a00000 0x0000000000a00000 Y/4     Allocating 
 Medium  0x0000000000a00000 0x0000000000f09000 0x0000000002a00000 Y/4     Allocating 
 Small   0x0000000002e00000 0x0000000002e2d000 0x0000000003000000 Y/4     Allocating 
 Small   0x0000000003000000 0x0000000003040000 0x0000000003200000 Y/4     Allocating 
 Small   0x0000000003200000 0x0000000003200028 0x0000000003400000 Y/4     Allocating 
 Small   0x0000000003400000 0x00000000035fffe8 0x0000000003600000 Y/4     Allocating 
 Small   0x0000000003600000 0x0000000003800000 0x0000000003800000 Y/3     Relocatable
 Small   0x0000000003c00000 0x0000000003c20010 0x0000000003e00000 Y/4     Allocating 
 Small   0x0000000003e00000 0x0000000004000000 0x0000000004000000 Y/4     Allocating 
 Small   0x0000000004000000 0x0000000004200000 0x0000000004200000 Y/4     Allocating 
 Small   0x0000000004200000 0x00000000042b1750 0x0000000004400000 Y/4     Allocating 
 Small   0x0000000004600000 0x0000000004800000 0x0000000004800000 Y/4     Allocating 
 Small   0x0000000004800000 0x00000000049fffe8 0x0000000004a00000 Y/4     Allocating 
 Small   0x0000000004a00000 0x0000000004a00128 0x0000000004c00000 Y/4     Allocating 
 Small   0x0000000004c00000 0x0000000004d63710 0x0000000004e00000 Y/4     Allocating 
 Small   0x0000000004e00000 0x0000000005000000 0x0000000005000000 Y/3     Relocatable
 Small   0x0000000005000000 0x0000000005200000 0x0000000005200000 Y/4     Allocating 
 Small   0x0000000005200000 0x00000000053fffe8 0x0000000005400000 Y/4     Allocating 
 Small   0x0000000005400000 0x00000000054000b8 0x0000000005600000 Y/4     Allocating 
 Small   0x0000000005a00000 0x0000000005bfffe8 0x0000000005c00000 Y/4     Allocating 
 Small   0x0000000005e00000 0x0000000005e00148 0x0000000006000000 Y/4     Allocating 
 Small   0x0000000006000000 0x0000000006000038 0x0000000006200000 Y/4     Allocating 
 Small   0x0000000006400000 0x0000000006480000 0x0000000006600000 Y/4     Allocating 
 Small   0x0000000006800000 0x0000000006800178 0x0000000006a00000 Y/4     Allocating 
 Small   0x0000000006a00000 0x0000000006b619c0 0x0000000006c00000 Y/4     Allocating 
 Small   0x0000000006c00000 0x0000000006c40000 0x0000000006e00000 Y/4     Allocating 
 Small   0x0000000006e00000 0x0000000007000000 0x0000000007000000 Y/4     Allocating 
 Small   0x0000000007000000 0x000000000707a8e8 0x0000000007200000 Y/4     Allocating 
 Small   0x0000000007200000 0x00000000073feb90 0x0000000007400000 Y/4     Allocating 
 Small   0x0000000007400000 0x00000000074f1008 0x0000000007600000 Y/4     Allocating 
 Small   0x0000000007800000 0x0000000007819560 0x0000000007a00000 Y/4     Allocating 
 Small   0x0000000007c00000 0x0000000007c2e588 0x0000000007e00000 Y/4     Allocating 
 Small   0x0000000007e00000 0x0000000007ea1f50 0x0000000008000000 Y/4     Allocating 
 Small   0x0000000008000000 0x0000000008200000 0x0000000008200000 Y/4     Allocating 
 Small   0x0000000008600000 0x0000000008800000 0x0000000008800000 Y/4     Allocating 
 Small   0x0000000008800000 0x0000000008800e18 0x0000000008a00000 Y/4     Allocating 
 Small   0x0000000008c00000 0x0000000008c00000 0x0000000008e00000 Y/4     Allocating 
 Small   0x0000000008e00000 0x0000000008ec55c8 0x0000000009000000 Y/4     Allocating 
 Small   0x0000000009000000 0x0000000009080000 0x0000000009200000 Y/4     Allocating 
 Small   0x0000000009200000 0x0000000009300000 0x0000000009400000 Y/4     Allocating 
 Small   0x0000000009400000 0x0000000009440000 0x0000000009600000 Y/4     Allocating 
 Small   0x0000000009600000 0x0000000009640000 0x0000000009800000 Y/4     Allocating 
 Small   0x0000000009800000 0x0000000009a00000 0x0000000009a00000 Y/4     Allocating 
 Small   0x0000000009a00000 0x0000000009a40000 0x0000000009c00000 Y/4     Allocating 
 Small   0x0000000009c00000 0x0000000009d80000 0x0000000009e00000 Y/4     Allocating 
 Small   0x0000000009e00000 0x0000000009f00000 0x000000000a000000 Y/4     Allocating 
 Small   0x000000000a000000 0x000000000a000110 0x000000000a200000 Y/4     Allocating 
 Small   0x000000000a200000 0x000000000a2004a8 0x000000000a400000 Y/4     Allocating 
 Small   0x000000000b800000 0x000000000b801d18 0x000000000ba00000 Y/4     Allocating 
 Small   0x000000000ba00000 0x000000000ba00568 0x000000000bc00000 Y/4     Allocating 
 Medium  0x00000007fa000000 0x00000007fa101000 0x00000007fc000000 Y/4     Allocating 
 Medium  0x00000007fc000000 0x00000007fc102000 0x00000007fe000000 Y/4     Allocating 
 Medium  0x00000007fe000000 0x00000007fe180000 0x0000000800000000 Y/4     Allocating 

ZBarrierSet

Polling page: 0x00000236d3290000

Metaspace:

Usage:
  Non-class:     45.20 MB used.
      Class:      6.33 MB used.
       Both:     51.53 MB used.

Virtual space:
  Non-class space:       64.00 MB reserved,      45.56 MB ( 71%) committed,  1 nodes.
      Class space:        1.00 GB reserved,       6.62 MB ( <1%) committed,  1 nodes.
             Both:        1.06 GB reserved,      52.19 MB (  5%) committed. 

Chunk freelists:
   Non-Class:  1.94 MB
       Class:  9.36 MB
        Both:  11.30 MB

MaxMetaspaceSize: unlimited
CompressedClassSpaceSize: 1.00 GB
Initial GC threshold: 21.00 MB
Current GC threshold: 63.88 MB
CDS: on
 - commit_granule_bytes: 65536.
 - commit_granule_words: 8192.
 - virtual_space_node_default_size: 8388608.
 - enlarge_chunks_in_place: 1.
 - use_allocation_guard: 0.


Internal statistics:

num_allocs_failed_limit: 10.
num_arena_births: 866.
num_arena_deaths: 0.
num_vsnodes_births: 2.
num_vsnodes_deaths: 0.
num_space_committed: 835.
num_space_uncommitted: 0.
num_chunks_returned_to_freelist: 10.
num_chunks_taken_from_freelist: 2625.
num_chunk_merges: 7.
num_chunk_splits: 1917.
num_chunks_enlarged: 1433.
num_inconsistent_stats: 0.

CodeHeap 'non-profiled nmethods': size=119232Kb used=1654Kb max_used=1654Kb free=117577Kb
 bounds [0x00000236e50f0000, 0x00000236e5360000, 0x00000236ec560000]
CodeHeap 'profiled nmethods': size=119104Kb used=6101Kb max_used=6101Kb free=113002Kb
 bounds [0x00000236dd560000, 0x00000236ddb60000, 0x00000236e49b0000]
CodeHeap 'non-nmethods': size=7424Kb used=2817Kb max_used=3426Kb free=4606Kb
 bounds [0x00000236e49b0000, 0x00000236e4d20000, 0x00000236e50f0000]
CodeCache: size=245760Kb, used=10572Kb, max_used=11181Kb, free=235185Kb
 total_blobs=5047, nmethods=4169, adapters=776, full_count=0
Compilation: enabled, stopped_count=0, restarted_count=0

Compilation events (250 events):
Event: 6.961 Thread 0x00000236c24b0a80 4461       3       java.nio.IntBuffer::position (6 bytes)
Event: 6.961 Thread 0x00000236c21712b0 nmethod 4460 0x00000236ddb11988 code [0x00000236ddb11aa0, 0x00000236ddb11bf0]
Event: 6.962 Thread 0x00000236c2221020 nmethod 4477 0x00000236ddb11c88 code [0x00000236ddb11e80, 0x00000236ddb12d28]
Event: 6.962 Thread 0x00000236c21712b0 4479       3       jdk.internal.jimage.ImageReader$SharedImageReader::visitPackageLocation (195 bytes)
Event: 6.962 Thread 0x00000236c24b0a80 nmethod 4461 0x00000236ddb12d88 code [0x00000236ddb12ec0, 0x00000236ddb13070]
Event: 6.962 Thread 0x00000236c24b0a80 4453  s    3       jdk.internal.jimage.ImageReader$SharedImageReader::buildNode (98 bytes)
Event: 6.962 Thread 0x00000236c2221020 4471       3       jdk.internal.jimage.BasicImageReader::findLocation (52 bytes)
Event: 6.963 Thread 0x00000236c21dbc10 4462       3       java.nio.IntBuffer::position (8 bytes)
Event: 6.963 Thread 0x00000236c21dbc10 nmethod 4462 0x00000236ddb13088 code [0x00000236ddb131a0, 0x00000236ddb132f0]
Event: 6.964 Thread 0x00000236c21dbc10 4463       3       jdk.internal.jimage.BasicImageReader::getBufferBytes (20 bytes)
Event: 6.964 Thread 0x00000236c24b0a80 nmethod 4453 0x00000236ddb13388 code [0x00000236ddb13540, 0x00000236ddb13d18]
Event: 6.964 Thread 0x00000236c2221020 nmethod 4471 0x00000236ddb13d88 code [0x00000236ddb13fa0, 0x00000236ddb14b70]
Event: 6.965 Thread 0x00000236c21dbc10 nmethod 4463 0x00000236ddb14c08 code [0x00000236ddb14d60, 0x00000236ddb15238]
Event: 6.965 Thread 0x00000236c24b0a80 4468       3       jdk.internal.jimage.BasicImageReader::getResource (24 bytes)
Event: 6.965 Thread 0x00000236c2221020 4469       3       jdk.internal.jimage.ImageBufferCache::newCacheEntry (23 bytes)
Event: 6.965 Thread 0x00000236c21dbc10 4470       3       java.util.AbstractMap$SimpleEntry::<init> (15 bytes)
Event: 6.965 Thread 0x00000236c21dbc10 nmethod 4470 0x00000236ddb15288 code [0x00000236ddb153c0, 0x00000236ddb15618]
Event: 6.966 Thread 0x00000236c21dbc10 4472       3       jdk.internal.jimage.BasicImageReader::getLocationIndex (45 bytes)
Event: 6.966 Thread 0x00000236c24b0a80 nmethod 4468 0x00000236ddb15688 code [0x00000236ddb15820, 0x00000236ddb15eb0]
Event: 6.966 Thread 0x00000236c21712b0 nmethod 4479 0x00000236ddb15f08 code [0x00000236ddb16360, 0x00000236ddb18670]
Event: 6.966 Thread 0x00000236c21dbc10 nmethod 4472 0x00000236ddb18788 code [0x00000236ddb18900, 0x00000236ddb18df8]
Event: 6.966 Thread 0x00000236c24b0a80 4473       3       jdk.internal.jimage.ImageStringsReader::hashCode (7 bytes)
Event: 6.966 Thread 0x00000236c2221020 nmethod 4469 0x00000236ddb18e88 code [0x00000236ddb19020, 0x00000236ddb198b8]
Event: 6.967 Thread 0x00000236c21dbc10 4475       3       java.nio.HeapByteBuffer::asIntBuffer (67 bytes)
Event: 6.967 Thread 0x00000236c24b0a80 nmethod 4473 0x00000236ddb19988 code [0x00000236ddb19ac0, 0x00000236ddb19c38]
Event: 6.967 Thread 0x00000236c2221020 4476       3       java.nio.ByteBufferAsIntBufferL::<init> (50 bytes)
Event: 6.967 Thread 0x00000236c24b0a80 4474       3       jdk.internal.jimage.ImageLocation::verify (107 bytes)
Event: 6.967 Thread 0x00000236c21dbc10 nmethod 4475 0x00000236ddb19c88 code [0x00000236ddb19de0, 0x00000236ddb1a178]
Event: 6.967 Thread 0x00000236c2221020 nmethod 4476 0x00000236ddb1a208 code [0x00000236ddb1a340, 0x00000236ddb1a538]
Event: 6.968 Thread 0x00000236c21712b0 4465       3       jdk.internal.jimage.ImageReader$SharedImageReader::handlePackages (251 bytes)
Event: 6.968 Thread 0x00000236c2221020 4466       3       jdk.internal.jimage.ImageReader$SharedImageReader$$Lambda/0x00000236825e6270::visit (9 bytes)
Event: 6.968 Thread 0x00000236c21dbc10 4478       3       jdk.internal.jimage.ImageReader$SharedImageReader::lambda$handlePackages$0 (10 bytes)
Event: 6.968 Thread 0x00000236c21dbc10 nmethod 4478 0x00000236ddb1a588 code [0x00000236ddb1a6c0, 0x00000236ddb1a8c0]
Event: 6.968 Thread 0x00000236c2221020 nmethod 4466 0x00000236ddb1a908 code [0x00000236ddb1aa60, 0x00000236ddb1ad00]
Event: 6.969 Thread 0x00000236c24b0a80 nmethod 4474 0x00000236ddb1ad88 code [0x00000236ddb1b000, 0x00000236ddb1c150]
Event: 6.971 Thread 0x00000236c21712b0 nmethod 4465 0x00000236ddb1c208 code [0x00000236ddb1c700, 0x00000236ddb1ec60]
Event: 6.982 Thread 0x00000236c24b0a80 4483       3       sun.nio.fs.WindowsFileSystemProvider::readAttributes (63 bytes)
Event: 6.982 Thread 0x00000236c21dbc10 4484       3       sun.nio.fs.WindowsFileSystemProvider::getFileAttributeView (118 bytes)
Event: 6.982 Thread 0x00000236c21712b0 4485       3       sun.nio.fs.WindowsFileAttributeViews::createBasicView (10 bytes)
Event: 6.982 Thread 0x00000236c2221020 4486       3       sun.nio.fs.WindowsFileAttributeViews$Basic::<init> (15 bytes)
Event: 6.982 Thread 0x00000236c2221020 nmethod 4486 0x00000236ddb1ed88 code [0x00000236ddb1eec0, 0x00000236ddb1f108]
Event: 6.982 Thread 0x00000236c21712b0 nmethod 4485 0x00000236ddb1f188 code [0x00000236ddb1f2c0, 0x00000236ddb1f5a0]
Event: 6.982 Thread 0x00000236c2221020 4487       3       sun.nio.fs.AbstractBasicFileAttributeView::<init> (5 bytes)
Event: 6.982 Thread 0x00000236c21712b0 4488       3       sun.nio.fs.WindowsFileAttributeViews$Basic::readAttributes (5 bytes)
Event: 6.982 Thread 0x00000236c2221020 nmethod 4487 0x00000236ddb1f608 code [0x00000236ddb1f720, 0x00000236ddb1f888]
Event: 6.982 Thread 0x00000236c2221020 4489   !   3       sun.nio.fs.WindowsFileAttributeViews$Basic::readAttributes (30 bytes)
Event: 6.983 Thread 0x00000236c24b0a80 nmethod 4483 0x00000236ddb1f908 code [0x00000236ddb1fb00, 0x00000236ddb20520]
Event: 6.983 Thread 0x00000236c2221020 nmethod 4489 0x00000236ddb20608 code [0x00000236ddb20780, 0x00000236ddb20c00]
Event: 6.983 Thread 0x00000236c21712b0 nmethod 4488 0x00000236ddb20c88 code [0x00000236ddb20e00, 0x00000236ddb212e8]
Event: 6.983 Thread 0x00000236c21dbc10 nmethod 4484 0x00000236ddb21388 code [0x00000236ddb21620, 0x00000236ddb227e0]
Event: 6.983 Thread 0x00000236c2170600 nmethod 4307 0x00000236e527e208 code [0x00000236e527e7c0, 0x00000236e52834a0]
Event: 6.984 Thread 0x00000236c21dbc10 4490       3       sun.nio.fs.WindowsFileAttributes::fromFileAttributeData (104 bytes)
Event: 6.984 Thread 0x00000236c2170600 4367   !   4       java.util.concurrent.ConcurrentHashMap::transfer (849 bytes)
Event: 6.985 Thread 0x00000236c21dbc10 nmethod 4490 0x00000236ddb22888 code [0x00000236ddb229e0, 0x00000236ddb22e80]
Event: 6.988 Thread 0x00000236c2221020 4492       3       jdk.internal.jimage.ImageReader$SharedImageReader::makeDirectories (54 bytes)
Event: 6.989 Thread 0x00000236c2221020 nmethod 4492 0x00000236ddb22f08 code [0x00000236ddb23140, 0x00000236ddb23df0]
Event: 6.989 Thread 0x00000236c24b0a80 4494       3       jdk.internal.jimage.ImageReader$SharedImageReader$$Lambda/0x00000236825e6a90::visit (13 bytes)
Event: 6.989 Thread 0x00000236c21dbc10 4495       3       jdk.internal.jimage.ImageReader$SharedImageReader::lambda$handleModulesSubTree$1 (58 bytes)
Event: 6.990 Thread 0x00000236c24b0a80 nmethod 4494 0x00000236ddb23e88 code [0x00000236ddb23fc0, 0x00000236ddb24170]
Event: 6.990 Thread 0x00000236c21dbc10 nmethod 4495 0x00000236ddb24188 code [0x00000236ddb24380, 0x00000236ddb24b38]
Event: 6.991 Thread 0x00000236c2221020 4496       3       scala.meta.io.AbsolutePath::<init> (32 bytes)
Event: 6.991 Thread 0x00000236c21dbc10 4497       3       scala.meta.io.AbsolutePath$$Lambda/0x0000023682103d60::<init> (10 bytes)
Event: 6.992 Thread 0x00000236c21dbc10 nmethod 4497 0x00000236ddb24b88 code [0x00000236ddb24ca0, 0x00000236ddb24e80]
Event: 6.995 Thread 0x00000236c2221020 nmethod 4496 0x00000236ddb24f08 code [0x00000236ddb250a0, 0x00000236ddb25820]
Event: 6.998 Thread 0x00000236c24b0a80 4498       3       java.lang.String::contains (19 bytes)
Event: 6.999 Thread 0x00000236c2221020 4499       3       java.util.HashMap::afterNodeAccess (1 bytes)
Event: 6.999 Thread 0x00000236c24b0a80 nmethod 4498 0x00000236ddb25908 code [0x00000236ddb25a40, 0x00000236ddb25ca8]
Event: 6.999 Thread 0x00000236c2221020 nmethod 4499 0x00000236ddb25d08 code [0x00000236ddb25e20, 0x00000236ddb25f28]
Event: 7.002 Thread 0x00000236c21dbc10 4501       3       java.nio.file.Files::provider (10 bytes)
Event: 7.003 Thread 0x00000236c21dbc10 nmethod 4501 0x00000236ddb26008 code [0x00000236ddb26140, 0x00000236ddb263b8]
Event: 7.003 Thread 0x00000236c21712b0 4502       3       java.util.stream.AbstractSpinedBuffer::count (31 bytes)
Event: 7.004 Thread 0x00000236c21dbc10 4503       3       jdk.internal.jrtfs.JrtPath::<init> (31 bytes)
Event: 7.004 Thread 0x00000236c21712b0 nmethod 4502 0x00000236ddb26408 code [0x00000236ddb26540, 0x00000236ddb26728]
Event: 7.004 Thread 0x00000236c21dbc10 nmethod 4503 0x00000236ddb26788 code [0x00000236ddb268e0, 0x00000236ddb26c30]
Event: 7.004 Thread 0x00000236c21712b0 4504       1       jdk.internal.jrtfs.JrtFileSystem::isOpen (5 bytes)
Event: 7.004 Thread 0x00000236c2221020 4505       3       jdk.internal.jrtfs.JrtPath::normalize (97 bytes)
Event: 7.005 Thread 0x00000236c24b0a80 4506       1       jdk.internal.jrtfs.JrtPath::getFileSystem (5 bytes)
Event: 7.005 Thread 0x00000236c21dbc10 4509   !   3       scala.reflect.NameTransformer$::decode (382 bytes)
Event: 7.005 Thread 0x00000236c21712b0 nmethod 4504 0x00000236e5283888 code [0x00000236e52839a0, 0x00000236e5283a70]
Event: 7.006 Thread 0x00000236c24b0a80 nmethod 4506 0x00000236e5283e88 code [0x00000236e5283fa0, 0x00000236e5284098]
Event: 7.006 Thread 0x00000236c21712b0 4510       3       jdk.internal.jrtfs.JrtPath::isAbsolute (29 bytes)
Event: 7.007 Thread 0x00000236c24b0a80 4513       3       java.nio.file.Files::readAttributes (11 bytes)
Event: 7.008 Thread 0x00000236c2221020 nmethod 4505 0x00000236ddb26c88 code [0x00000236ddb26e80, 0x00000236ddb278a8]
Event: 7.008 Thread 0x00000236c24b0a80 nmethod 4513 0x00000236ddb27988 code [0x00000236ddb27ae0, 0x00000236ddb27ea0]
Event: 7.008 Thread 0x00000236c21712b0 nmethod 4510 0x00000236ddb27f08 code [0x00000236ddb280a0, 0x00000236ddb28790]
Event: 7.008 Thread 0x00000236c24b0a80 4511       1       java.util.stream.Sink::cancellationRequested (2 bytes)
Event: 7.009 Thread 0x00000236c24b0a80 nmethod 4511 0x00000236e5284488 code [0x00000236e52845a0, 0x00000236e5284668]
Event: 7.009 Thread 0x00000236c2221020 4507       1       jdk.internal.jrtfs.JrtFileSystem::provider (5 bytes)
Event: 7.009 Thread 0x00000236c21712b0 4512       1       jdk.internal.jimage.ImageReader$Node::getNameString (5 bytes)
Event: 7.010 Thread 0x00000236c24b0a80 4514       1       java.nio.file.FileTreeWalker$Event::type (5 bytes)
Event: 7.010 Thread 0x00000236c2221020 nmethod 4507 0x00000236e5284f08 code [0x00000236e5285020, 0x00000236e5285118]
Event: 7.010 Thread 0x00000236c21712b0 nmethod 4512 0x00000236e5285208 code [0x00000236e5285320, 0x00000236e5285418]
Event: 7.011 Thread 0x00000236c24b0a80 nmethod 4514 0x00000236e5285508 code [0x00000236e5285620, 0x00000236e5285718]
Event: 7.011 Thread 0x00000236c21712b0 4533       3       jdk.internal.jimage.ImageLocation::buildName (128 bytes)
Event: 7.011 Thread 0x00000236c2221020 4532       3       jdk.internal.jimage.ImageReader$Resource::<init> (16 bytes)
Event: 7.012 Thread 0x00000236c24b0a80 4534       3       jdk.internal.jimage.ImageReader$Resource::create (17 bytes)
Event: 7.014 Thread 0x00000236c2221020 nmethod 4532 0x00000236ddb28808 code [0x00000236ddb289a0, 0x00000236ddb290d8]
Event: 7.014 Thread 0x00000236c24b0a80 nmethod 4534 0x00000236ddb29188 code [0x00000236ddb29340, 0x00000236ddb29b78]
Event: 7.015 Thread 0x00000236c2170600 nmethod 4367 0x00000236e5285808 code [0x00000236e52859e0, 0x00000236e5286e28]
Event: 7.015 Thread 0x00000236c2221020 4535       3       jdk.internal.jrtfs.JrtPath::getFileName (78 bytes)
Event: 7.015 Thread 0x00000236c21712b0 nmethod 4533 0x00000236ddb29c08 code [0x00000236ddb29ee0, 0x00000236ddb2adf8]
Event: 7.015 Thread 0x00000236c24b0a80 4508       1       jdk.internal.jimage.ImageReader$Node::isLink (2 bytes)
Event: 7.016 Thread 0x00000236c24b0a80 nmethod 4508 0x00000236e5286f08 code [0x00000236e5287020, 0x00000236e52870e8]
Event: 7.016 Thread 0x00000236c24b0a80 4517       1       java.nio.file.FileTreeWalker$DirectoryNode::skipped (5 bytes)
Event: 7.016 Thread 0x00000236c21712b0 4518       1       java.nio.file.FileTreeWalker$DirectoryNode::iterator (5 bytes)
Event: 7.017 Thread 0x00000236c24b0a80 nmethod 4517 0x00000236e5287208 code [0x00000236e5287320, 0x00000236e52873f0]
Event: 7.017 Thread 0x00000236c21712b0 nmethod 4518 0x00000236e5287508 code [0x00000236e5287620, 0x00000236e5287718]
Event: 7.017 Thread 0x00000236c24b0a80 4536       3       java.util.ArrayDeque::sub (14 bytes)
Event: 7.017 Thread 0x00000236c21712b0 4537       3       java.util.Spliterators$1Adapter::hasNext (23 bytes)
Event: 7.018 Thread 0x00000236c24b0a80 nmethod 4536 0x00000236ddb2ae88 code [0x00000236ddb2afa0, 0x00000236ddb2b0c0]
Event: 7.018 Thread 0x00000236c2221020 nmethod 4535 0x00000236ddb2b188 code [0x00000236ddb2b400, 0x00000236ddb2c4f8]
Event: 7.018 Thread 0x00000236c21712b0 nmethod 4537 0x00000236ddb2c608 code [0x00000236ddb2c740, 0x00000236ddb2c990]
Event: 7.018 Thread 0x00000236c24b0a80 4538       3       java.util.Spliterators$1Adapter::accept (11 bytes)
Event: 7.018 Thread 0x00000236c21712b0 4539       3       java.util.Spliterators$1Adapter::next (39 bytes)
Event: 7.019 Thread 0x00000236c24b0a80 nmethod 4538 0x00000236ddb2ca08 code [0x00000236ddb2cb20, 0x00000236ddb2cca0]
Event: 7.019 Thread 0x00000236c24b0a80 4547       3       jdk.internal.jrtfs.JrtPath::<init> (23 bytes)
Event: 7.020 Thread 0x00000236c21dbc10 nmethod 4509 0x00000236ddb2cd08 code [0x00000236ddb2d3c0, 0x00000236ddb313a0]
Event: 7.020 Thread 0x00000236c21712b0 nmethod 4539 0x00000236ddb31508 code [0x00000236ddb31660, 0x00000236ddb31af8]
Event: 7.020 Thread 0x00000236c2221020 4541       3       jdk.internal.jrtfs.JrtFileSystem::checkNode (40 bytes)
Event: 7.020 Thread 0x00000236c2170600 4482   !   4       java.lang.String::<init> (880 bytes)
Event: 7.020 Thread 0x00000236c24b0a80 nmethod 4547 0x00000236ddb31b88 code [0x00000236ddb31cc0, 0x00000236ddb31fd0]
Event: 7.020 Thread 0x00000236c21712b0 4542       3       jdk.internal.jrtfs.JrtFileSystem::ensureOpen (16 bytes)
Event: 7.020 Thread 0x00000236c24b0a80 4543       3       jdk.internal.jrtfs.JrtPath::getResolvedPath (39 bytes)
Event: 7.021 Thread 0x00000236c2221020 nmethod 4541 0x00000236ddb32008 code [0x00000236ddb32180, 0x00000236ddb325d8]
Event: 7.021 Thread 0x00000236c21712b0 nmethod 4542 0x00000236ddb32608 code [0x00000236ddb32740, 0x00000236ddb32918]
Event: 7.022 Thread 0x00000236c21712b0 4548       3       java.util.stream.SpinedBuffer::clear (88 bytes)
Event: 7.022 Thread 0x00000236c2221020 4540       3       jdk.internal.jimage.ImageReader::ensureOpen (18 bytes)
Event: 7.022 Thread 0x00000236c2221020 nmethod 4540 0x00000236ddb32988 code [0x00000236ddb32ac0, 0x00000236ddb32cd0]
Event: 7.023 Thread 0x00000236c21712b0 nmethod 4548 0x00000236ddb32d08 code [0x00000236ddb32ea0, 0x00000236ddb336f0]
Event: 7.023 Thread 0x00000236c24b0a80 nmethod 4543 0x00000236ddb33708 code [0x00000236ddb338e0, 0x00000236ddb34220]
Event: 7.023 Thread 0x00000236c2221020 4544   !   3       jdk.internal.jrtfs.JrtFileSystem::lookup (23 bytes)
Event: 7.023 Thread 0x00000236c21712b0 4545       3       jdk.internal.jrtfs.SystemImage$1::findNode (9 bytes)
Event: 7.023 Thread 0x00000236c2221020 nmethod 4544 0x00000236ddb34308 code [0x00000236ddb34460, 0x00000236ddb34840]
Event: 7.024 Thread 0x00000236c24b0a80 4516       1       jdk.internal.jrtfs.JrtPath::toString (5 bytes)
Event: 7.024 Thread 0x00000236c2221020 4546       3       jdk.internal.jimage.ImageReader::findNode (13 bytes)
Event: 7.024 Thread 0x00000236c21712b0 nmethod 4545 0x00000236ddb34888 code [0x00000236ddb349e0, 0x00000236ddb34d60]
Event: 7.024 Thread 0x00000236c24b0a80 nmethod 4516 0x00000236e5287808 code [0x00000236e5287920, 0x00000236e5287a18]
Event: 7.024 Thread 0x00000236c24b0a80 4560       3       java.util.stream.StreamSpliterators$AbstractWrappingSpliterator::fillBuffer (64 bytes)
Event: 7.024 Thread 0x00000236c21712b0 4515       1       java.nio.file.FileTreeWalker$Event::file (5 bytes)
Event: 7.024 Thread 0x00000236c2221020 nmethod 4546 0x00000236ddb34d88 code [0x00000236ddb34ee0, 0x00000236ddb351c8]
Event: 7.025 Thread 0x00000236c21dbc10 4551       3       java.util.ArrayDeque::size (17 bytes)
Event: 7.025 Thread 0x00000236c21712b0 nmethod 4515 0x00000236e5287b08 code [0x00000236e5287c20, 0x00000236e5287d18]
Event: 7.025 Thread 0x00000236c2221020 4549       3       jdk.internal.jrtfs.JrtPath::getFileSystem (5 bytes)
Event: 7.025 Thread 0x00000236c21712b0 4550       3       jdk.internal.jrtfs.JrtFileSystemProvider::toJrtPath (27 bytes)
Event: 7.025 Thread 0x00000236c21dbc10 nmethod 4551 0x00000236ddb35208 code [0x00000236ddb35320, 0x00000236ddb354f8]
Event: 7.025 Thread 0x00000236c2221020 nmethod 4549 0x00000236ddb35588 code [0x00000236ddb356a0, 0x00000236ddb357f0]
Event: 7.026 Thread 0x00000236c24b0a80 nmethod 4560 0x00000236ddb35888 code [0x00000236ddb35a40, 0x00000236ddb36398]
Event: 7.026 Thread 0x00000236c21dbc10 4552       3       jdk.internal.jrtfs.JrtPath::checkPath (49 bytes)
Event: 7.026 Thread 0x00000236c2221020 4555       3       java.util.ArrayDeque::peek (5 bytes)
Event: 7.026 Thread 0x00000236c21712b0 nmethod 4550 0x00000236ddb36408 code [0x00000236ddb36560, 0x00000236ddb36a60]
Event: 7.026 Thread 0x00000236c2221020 nmethod 4555 0x00000236ddb36a88 code [0x00000236ddb36bc0, 0x00000236ddb36e18]
Event: 7.026 Thread 0x00000236c24b0a80 4556       3       java.util.ArrayDeque::peekFirst (12 bytes)
Event: 7.027 Thread 0x00000236c2221020 4553       3       java.util.stream.StreamSpliterators$WrappingSpliterator$$Lambda/0x00000236825e9850::getAsBoolean (8 bytes)
Event: 7.027 Thread 0x00000236c21712b0 4554       3       java.util.stream.StreamSpliterators$WrappingSpliterator::lambda$initPartialTraversalState$0 (14 bytes)
Event: 7.027 Thread 0x00000236c24b0a80 nmethod 4556 0x00000236ddb36e88 code [0x00000236ddb36fc0, 0x00000236ddb371b8]
Event: 7.027 Thread 0x00000236c2221020 nmethod 4553 0x00000236ddb37208 code [0x00000236ddb37340, 0x00000236ddb37628]
Event: 7.027 Thread 0x00000236c21712b0 nmethod 4554 0x00000236ddb37688 code [0x00000236ddb377c0, 0x00000236ddb37a08]
Event: 7.027 Thread 0x00000236c24b0a80 4563       3       jdk.internal.jrtfs.JrtFileSystem$$Lambda/0x00000236825e8338::apply (16 bytes)
Event: 7.027 Thread 0x00000236c21dbc10 nmethod 4552 0x00000236ddb37a88 code [0x00000236ddb37ca0, 0x00000236ddb387f0]
Event: 7.028 Thread 0x00000236c2221020 4564       3       jdk.internal.jrtfs.JrtFileSystem::lambda$iteratorOf$2 (20 bytes)
Event: 7.028 Thread 0x00000236c21712b0 4557   !   3       jdk.internal.jrtfs.JrtDirectoryStream$1::hasNext (41 bytes)
Event: 7.028 Thread 0x00000236c24b0a80 nmethod 4563 0x00000236ddb38888 code [0x00000236ddb389c0, 0x00000236ddb38c58]
Event: 7.028 Thread 0x00000236c24b0a80 4558       3       java.util.stream.StreamSpliterators$WrappingSpliterator::tryAdvance (36 bytes)
Event: 7.028 Thread 0x00000236c21dbc10 4559       3       java.util.stream.StreamSpliterators$AbstractWrappingSpliterator::doAdvance (106 bytes)
Event: 7.028 Thread 0x00000236c21712b0 nmethod 4557 0x00000236ddb38c88 code [0x00000236ddb38de0, 0x00000236ddb392b8]
Event: 7.028 Thread 0x00000236c2221020 nmethod 4564 0x00000236ddb39308 code [0x00000236ddb39480, 0x00000236ddb39928]
Event: 7.029 Thread 0x00000236c21712b0 4561       3       java.nio.file.FileTreeWalker$Event::<init> (26 bytes)
Event: 7.029 Thread 0x00000236c2221020 4562   !   3       java.nio.file.FileTreeWalker::next (144 bytes)
Event: 7.029 Thread 0x00000236c24b0a80 nmethod 4558 0x00000236ddb39988 code [0x00000236ddb39b00, 0x00000236ddb3a080]
Event: 7.030 Thread 0x00000236c21712b0 nmethod 4561 0x00000236ddb3a108 code [0x00000236ddb3a240, 0x00000236ddb3a580]
Event: 7.030 Thread 0x00000236c24b0a80 4576       3       jdk.internal.jrtfs.JrtPath::getResolved (49 bytes)
Event: 7.030 Thread 0x00000236c21dbc10 nmethod 4559 0x00000236ddb3a608 code [0x00000236ddb3a800, 0x00000236ddb3b3e0]
Event: 7.030 Thread 0x00000236c21712b0 4565       3       jdk.internal.jrtfs.JrtPath::resolve (125 bytes)
Event: 7.033 Thread 0x00000236c21dbc10 4579       3       jdk.internal.jrtfs.JrtFileAttributes::<init> (10 bytes)
Event: 7.034 Thread 0x00000236c21dbc10 nmethod 4579 0x00000236ddb3b488 code [0x00000236ddb3b5a0, 0x00000236ddb3b780]
Event: 7.034 Thread 0x00000236c2221020 nmethod 4562 0x00000236ddb3b808 code [0x00000236ddb3ba60, 0x00000236ddb3c948]
Event: 7.034 Thread 0x00000236c21dbc10 4566       3       jdk.internal.jrtfs.JrtFileSystem$$Lambda/0x00000236825e8580::test (12 bytes)
Event: 7.034 Thread 0x00000236c24b0a80 nmethod 4576 0x00000236ddb3ca08 code [0x00000236ddb3cbe0, 0x00000236ddb3d5e8]
Event: 7.035 Thread 0x00000236c21dbc10 nmethod 4566 0x00000236ddb3d688 code [0x00000236ddb3d7c0, 0x00000236ddb3dc60]
Event: 7.035 Thread 0x00000236c2221020 4567   !   3       jdk.internal.jrtfs.JrtFileSystem::lambda$iteratorOf$3 (11 bytes)
Event: 7.035 Thread 0x00000236c24b0a80 4568       3       java.util.stream.StreamSpliterators$WrappingSpliterator$$Lambda/0x00000236825e93a0::accept (9 bytes)
Event: 7.035 Thread 0x00000236c21dbc10 4569       3       java.util.stream.SpinedBuffer::get (123 bytes)
Event: 7.036 Thread 0x00000236c2221020 nmethod 4567 0x00000236ddb3dd08 code [0x00000236ddb3de40, 0x00000236ddb3e168]
Event: 7.036 Thread 0x00000236c24b0a80 nmethod 4568 0x00000236ddb3e208 code [0x00000236ddb3e340, 0x00000236ddb3e550]
Event: 7.036 Thread 0x00000236c2221020 4570       3       jdk.internal.jrtfs.JrtDirectoryStream$1::next (5 bytes)
Event: 7.036 Thread 0x00000236c24b0a80 4571   !   3       jdk.internal.jrtfs.JrtDirectoryStream$1::next (48 bytes)
Event: 7.036 Thread 0x00000236c2221020 nmethod 4570 0x00000236ddb3e588 code [0x00000236ddb3e6a0, 0x00000236ddb3e7e0]
Event: 7.037 Thread 0x00000236c2221020 4572       3       jdk.internal.jrtfs.JrtFileSystemProvider::readAttributes (25 bytes)
Event: 7.037 Thread 0x00000236c21dbc10 nmethod 4569 0x00000236ddb3e888 code [0x00000236ddb3ea80, 0x00000236ddb3f3c8]
Event: 7.037 Thread 0x00000236c21712b0 nmethod 4565 0x00000236ddb3f408 code [0x00000236ddb3f760, 0x00000236ddb41208]
Event: 7.037 Thread 0x00000236c24b0a80 nmethod 4571 0x00000236ddb41308 code [0x00000236ddb41460, 0x00000236ddb41a60]
Event: 7.037 Thread 0x00000236c21dbc10 4577       3       jdk.internal.jrtfs.JrtPath::getAttributes (10 bytes)
Event: 7.038 Thread 0x00000236c24b0a80 4578       3       jdk.internal.jrtfs.JrtFileSystem::getFileAttributes (42 bytes)
Event: 7.038 Thread 0x00000236c21dbc10 nmethod 4577 0x00000236ddb41a88 code [0x00000236ddb41bc0, 0x00000236ddb41d48]
Event: 7.038 Thread 0x00000236c2221020 nmethod 4572 0x00000236ddb41d88 code [0x00000236ddb41f20, 0x00000236ddb42630]
Event: 7.039 Thread 0x00000236c21dbc10 4582       3       jdk.internal.jrtfs.JrtFileAttributes::isDirectory (8 bytes)
Event: 7.039 Thread 0x00000236c2221020 4583       3       java.nio.file.FileTreeWalker$Event::<init> (9 bytes)
Event: 7.039 Thread 0x00000236c21dbc10 nmethod 4582 0x00000236ddb42688 code [0x00000236ddb427c0, 0x00000236ddb429d0]
Event: 7.039 Thread 0x00000236c24b0a80 nmethod 4578 0x00000236ddb42a08 code [0x00000236ddb42ba0, 0x00000236ddb43268]
Event: 7.039 Thread 0x00000236c21712b0 4580   !   3       java.nio.file.FileTreeWalker::visit (204 bytes)
Event: 7.039 Thread 0x00000236c21dbc10 4581   !   3       java.nio.file.FileTreeWalker::getAttributes (94 bytes)
Event: 7.040 Thread 0x00000236c2221020 nmethod 4583 0x00000236ddb43308 code [0x00000236ddb43440, 0x00000236ddb437e8]
Event: 7.040 Thread 0x00000236c24b0a80 4520       1       scala.meta.internal.metals.PackageIndex$$anon$3::activeDirectory (5 bytes)
Event: 7.040 Thread 0x00000236c2221020 4521       1       java.nio.file.FileTreeWalker$Event::ioeException (5 bytes)
Event: 7.041 Thread 0x00000236c24b0a80 nmethod 4520 0x00000236e5287e08 code [0x00000236e5287f20, 0x00000236e5288018]
Event: 7.041 Thread 0x00000236c2221020 nmethod 4521 0x00000236e5288108 code [0x00000236e5288220, 0x00000236e5288318]
Event: 7.041 Thread 0x00000236c24b0a80 4519       1       java.nio.file.FileTreeWalker$Event::attributes (5 bytes)
Event: 7.041 Thread 0x00000236c2221020 4522       1       jdk.internal.jimage.ImageReader$Resource::isCompleted (2 bytes)
Event: 7.042 Thread 0x00000236c21dbc10 nmethod 4581 0x00000236ddb43888 code [0x00000236ddb43ac0, 0x00000236ddb44c78]
Event: 7.045 Thread 0x00000236c21712b0 nmethod 4580 0x00000236ddb44d08 code [0x00000236ddb45020, 0x00000236ddb46630]
Event: 7.045 Thread 0x00000236c21dbc10 4523       1       jdk.internal.jimage.ImageReader$Node::isDirectory (2 bytes)
Event: 7.045 Thread 0x00000236c2221020 nmethod 4522 0x00000236e5288408 code [0x00000236e5288520, 0x00000236e52885e8]
Event: 7.045 Thread 0x00000236c24b0a80 nmethod 4519 0x00000236e5288708 code [0x00000236e5288820, 0x00000236e5288918]
Event: 7.045 Thread 0x00000236c2221020 4524       1       scala.meta.internal.metals.PackageIndex::packages (5 bytes)
Event: 7.045 Thread 0x00000236c21dbc10 nmethod 4523 0x00000236e5288a08 code [0x00000236e5288b20, 0x00000236e5288be8]
Event: 7.045 Thread 0x00000236c21712b0 4525       1       scala.meta.internal.metals.PackageIndex::enterPackage (5 bytes)
Event: 7.045 Thread 0x00000236c24b0a80 4573       3       scala.meta.internal.metals.PackageIndex$$anon$3::visitFile (10 bytes)
Event: 7.045 Thread 0x00000236c2221020 nmethod 4524 0x00000236e5288d08 code [0x00000236e5288e20, 0x00000236e5288f18]
Event: 7.045 Thread 0x00000236c21dbc10 4574       3       scala.meta.internal.metals.PackageIndex$$anon$3::visitFile (38 bytes)
Event: 7.046 Thread 0x00000236c21712b0 nmethod 4525 0x00000236e5289008 code [0x00000236e5289120, 0x00000236e5289218]
Event: 7.046 Thread 0x00000236c24b0a80 nmethod 4573 0x00000236ddb46708 code [0x00000236ddb46840, 0x00000236ddb46a68]
Event: 7.046 Thread 0x00000236c2221020 4584       3       jdk.internal.jrtfs.JrtPath::getFileName (5 bytes)
Event: 7.046 Thread 0x00000236c21712b0 4585       3       scala.meta.internal.metals.PackageIndex::addMember (41 bytes)
Event: 7.046 Thread 0x00000236c24b0a80 4587       1       scala.collection.mutable.StringBuilder::underlying (5 bytes)
Event: 7.046 Thread 0x00000236c2221020 nmethod 4584 0x00000236ddb46a88 code [0x00000236ddb46ba0, 0x00000236ddb46cd8]
Event: 7.047 Thread 0x00000236c24b0a80 nmethod 4587 0x00000236e5289308 code [0x00000236e5289420, 0x00000236e5289518]
Event: 7.047 Thread 0x00000236c21dbc10 nmethod 4574 0x00000236ddb46d88 code [0x00000236ddb46f40, 0x00000236ddb475d8]
Event: 7.047 Thread 0x00000236c21712b0 nmethod 4585 0x00000236ddb47688 code [0x00000236ddb47820, 0x00000236ddb47e58]
Event: 7.048 Thread 0x00000236c21712b0 4589       3       jdk.internal.loader.BuiltinClassLoader::findClassInModuleOrNull (30 bytes)
Event: 7.048 Thread 0x00000236c2221020 4590   !   3       jdk.internal.loader.BuiltinClassLoader::defineClass (162 bytes)
Event: 7.048 Thread 0x00000236c21dbc10 4591       3       jdk.internal.loader.BuiltinClassLoader$LoadedModule::codeSourceURL (32 bytes)
Event: 7.049 Thread 0x00000236c21712b0 nmethod 4589 0x00000236ddb47f08 code [0x00000236ddb48040, 0x00000236ddb48270]
Event: 7.049 Thread 0x00000236c24b0a80 4592       3       scala.meta.internal.metals.ExcludedPackagesHandler$$Lambda/0x0000023682682b28::apply (12 bytes)
Event: 7.049 Thread 0x00000236c21dbc10 nmethod 4591 0x00000236ddb48308 code [0x00000236ddb48460, 0x00000236ddb487f0]
Event: 7.049 Thread 0x00000236c21712b0 4593       3       scala.meta.internal.metals.ExcludedPackagesHandler::$anonfun$isExcludedPackage$1$adapted (9 bytes)
Event: 7.050 Thread 0x00000236c21dbc10 4594       3       scala.meta.internal.metals.ExcludedPackagesHandler::$anonfun$isExcludedPackage$1 (6 bytes)
Event: 7.050 Thread 0x00000236c21712b0 nmethod 4593 0x00000236ddb48888 code [0x00000236ddb489e0, 0x00000236ddb48cf8]
Event: 7.050 Thread 0x00000236c24b0a80 nmethod 4592 0x00000236ddb48d88 code [0x00000236ddb48ee0, 0x00000236ddb49380]
Event: 7.050 Thread 0x00000236c21dbc10 nmethod 4594 0x00000236ddb49408 code [0x00000236ddb49540, 0x00000236ddb496d8]
Event: 7.051 Thread 0x00000236c21712b0 4595       3       java.lang.Throwable::<init> (48 bytes)
Event: 7.051 Thread 0x00000236c21dbc10 4596       3       scala.collection.convert.JavaCollectionWrappers$JIteratorWrapper::next (10 bytes)
Event: 7.051 Thread 0x00000236c21712b0 nmethod 4595 0x00000236ddb49708 code [0x00000236ddb49880, 0x00000236ddb49d68]
Event: 7.075 Thread 0x00000236c2170600 nmethod 4482 0x00000236e5289608 code [0x00000236e52898e0, 0x00000236e528b8c8]
Event: 7.076 Thread 0x00000236c2170600 4575       4       java.util.HashMap::getNode (150 bytes)
Event: 7.081 Thread 0x00000236c2170600 nmethod 4575 0x00000236e528b988 code [0x00000236e528bae0, 0x00000236e528bf58]
Event: 7.081 Thread 0x00000236c2170600 4586       4       java.util.HashMap::get (19 bytes)
Event: 7.086 Thread 0x00000236c2170600 nmethod 4586 0x00000236e528bf88 code [0x00000236e528c0e0, 0x00000236e528c590]
Event: 7.086 Thread 0x00000236c2170600 4425       4       jdk.internal.jimage.ImageStringsReader::charsFromByteBufferLength (81 bytes)
Event: 7.093 Thread 0x00000236c2170600 nmethod 4425 0x00000236e528c608 code [0x00000236e528c720, 0x00000236e528cb08]
Event: 7.093 Thread 0x00000236c2170600 4440       4       jdk.internal.jimage.ImageStringsReader::stringFromByteBuffer (73 bytes)

GC Heap History (9 events):
Event: 3.275 GC heap before
{Heap before GC invocations=0 (full 0):
 ZHeap           used 120M, capacity 120M, max capacity 2048M
 Metaspace       used 21185K, committed 21568K, reserved 1114112K
  class space    used 2438K, committed 2624K, reserved 1048576K
}
Event: 3.337 GC heap after
{Heap after GC invocations=1 (full 1):
 ZHeap           used 56M, capacity 130M, max capacity 2048M
 Metaspace       used 21589K, committed 22080K, reserved 1114112K
  class space    used 2479K, committed 2688K, reserved 1048576K
}
Event: 3.337 GC heap before
{Heap before GC invocations=1 (full 1):
 ZHeap           used 56M, capacity 130M, max capacity 2048M
 Metaspace       used 21589K, committed 22080K, reserved 1114112K
  class space    used 2479K, committed 2688K, reserved 1048576K
}
Event: 3.466 GC heap after
{Heap after GC invocations=1 (full 1):
 ZHeap           used 60M, capacity 130M, max capacity 2048M
 Metaspace       used 22093K, committed 22528K, reserved 1114112K
  class space    used 2549K, committed 2752K, reserved 1048576K
}
Event: 5.310 GC heap before
{Heap before GC invocations=1 (full 1):
 ZHeap           used 150M, capacity 162M, max capacity 2048M
 Metaspace       used 37081K, committed 37632K, reserved 1114112K
  class space    used 4505K, committed 4736K, reserved 1048576K
}
Event: 5.394 GC heap after
{Heap after GC invocations=2 (full 2):
 ZHeap           used 96M, capacity 194M, max capacity 2048M
 Metaspace       used 37964K, committed 38528K, reserved 1114112K
  class space    used 4617K, committed 4864K, reserved 1048576K
}
Event: 5.394 GC heap before
{Heap before GC invocations=2 (full 2):
 ZHeap           used 96M, capacity 194M, max capacity 2048M
 Metaspace       used 37964K, committed 38528K, reserved 1114112K
  class space    used 4617K, committed 4864K, reserved 1048576K
}
Event: 5.497 GC heap after
{Heap after GC invocations=2 (full 2):
 ZHeap           used 140M, capacity 194M, max capacity 2048M
 Metaspace       used 38648K, committed 39232K, reserved 1114112K
  class space    used 4698K, committed 4928K, reserved 1048576K
}
Event: 6.992 GC heap before
{Heap before GC invocations=2 (full 2):
 ZHeap           used 206M, capacity 206M, max capacity 2048M
 Metaspace       used 51933K, committed 52608K, reserved 1114112K
  class space    used 6371K, committed 6656K, reserved 1048576K
}

Dll operation events (15 events):
Event: 0.013 Loaded shared library C:\Program Files\Java\jdk-23\bin\java.dll
Event: 0.017 Loaded shared library KernelBase
Event: 0.109 Loaded shared library C:\Program Files\Java\jdk-23\bin\jsvml.dll
Event: 0.290 Loaded shared library C:\Program Files\Java\jdk-23\bin\net.dll
Event: 0.293 Loaded shared library C:\Program Files\Java\jdk-23\bin\nio.dll
Event: 0.304 Loaded shared library C:\Program Files\Java\jdk-23\bin\zip.dll
Event: 1.265 Loaded shared library C:\Windows\System32\ole32.dll
Event: 1.266 Loaded shared library C:\Windows\System32\shell32.dll
Event: 1.310 Loaded shared library C:\Windows\System32\ucrtbase.dll
Event: 1.313 Loaded shared library C:\Program Files\Java\jdk-23\bin\syslookup.dll
Event: 1.670 Loaded shared library C:\Program Files\Java\jdk-23\bin\jimage.dll
Event: 3.449 Loaded shared library C:\Users\weron\AppData\Local\Temp\csjniutils-0.3.315041838967763788590.dll
Event: 4.754 Loaded shared library C:\Program Files\Java\jdk-23\bin\management.dll
Event: 4.763 Loaded shared library C:\Program Files\Java\jdk-23\bin\management_ext.dll
Event: 5.129 Loaded shared library C:\Program Files\Java\jdk-23\bin\extnet.dll

Deoptimization events (250 events):
Event: 4.921 Thread 0x00000236c72d00d0 DEOPT PACKING pc=0x00000236e50f8fac sp=0x000000eaf3bfcec0
Event: 4.921 Thread 0x00000236c72d00d0 DEOPT UNPACKING pc=0x00000236e4a03d02 sp=0x000000eaf3bfce48 mode 2
Event: 4.925 Thread 0x00000236c72d00d0 Uncommon trap: trap_request=0xffffff45 fr.pc=0x00000236e51f6408 relative=0x0000000000000448
Event: 4.925 Thread 0x00000236c72d00d0 Uncommon trap: reason=unstable_if action=reinterpret pc=0x00000236e51f6408 method=java.lang.String.<init>(Ljava/lang/AbstractStringBuilder;Ljava/lang/Void;)V @ 19 c2
Event: 4.925 Thread 0x00000236c72d00d0 DEOPT PACKING pc=0x00000236e51f6408 sp=0x000000eaf3bfce90
Event: 4.925 Thread 0x00000236c72d00d0 DEOPT UNPACKING pc=0x00000236e4a03d02 sp=0x000000eaf3bfce58 mode 2
Event: 4.928 Thread 0x00000236c72d00d0 Uncommon trap: trap_request=0xffffff45 fr.pc=0x00000236e510f56c relative=0x000000000000014c
Event: 4.928 Thread 0x00000236c72d00d0 Uncommon trap: reason=unstable_if action=reinterpret pc=0x00000236e510f56c method=java.lang.String.indexOf(I)I @ 4 c2
Event: 4.928 Thread 0x00000236c72d00d0 DEOPT PACKING pc=0x00000236e510f56c sp=0x000000eaf3bfcfe0
Event: 4.928 Thread 0x00000236c72d00d0 DEOPT UNPACKING pc=0x00000236e4a03d02 sp=0x000000eaf3bfcf90 mode 2
Event: 4.928 Thread 0x00000236c72d00d0 Uncommon trap: trap_request=0xffffff45 fr.pc=0x00000236e51364a0 relative=0x00000000000005c0
Event: 4.928 Thread 0x00000236c72d00d0 Uncommon trap: reason=unstable_if action=reinterpret pc=0x00000236e51364a0 method=java.lang.String.substring(II)Ljava/lang/String; @ 31 c2
Event: 4.928 Thread 0x00000236c72d00d0 DEOPT PACKING pc=0x00000236e51364a0 sp=0x000000eaf3bfcfa0
Event: 4.928 Thread 0x00000236c72d00d0 DEOPT UNPACKING pc=0x00000236e4a03d02 sp=0x000000eaf3bfcf70 mode 2
Event: 4.929 Thread 0x00000236c72d00d0 Uncommon trap: trap_request=0xffffff45 fr.pc=0x00000236e5180080 relative=0x00000000000001e0
Event: 4.929 Thread 0x00000236c72d00d0 Uncommon trap: reason=unstable_if action=reinterpret pc=0x00000236e5180080 method=java.lang.String.startsWith(Ljava/lang/String;I)Z @ 50 c2
Event: 4.929 Thread 0x00000236c72d00d0 DEOPT PACKING pc=0x00000236e5180080 sp=0x000000eaf3bfd050
Event: 4.929 Thread 0x00000236c72d00d0 DEOPT UNPACKING pc=0x00000236e4a03d02 sp=0x000000eaf3bfcf80 mode 2
Event: 4.929 Thread 0x00000236c72d00d0 Uncommon trap: trap_request=0xffffff45 fr.pc=0x00000236e518deac relative=0x000000000000020c
Event: 4.929 Thread 0x00000236c72d00d0 Uncommon trap: reason=unstable_if action=reinterpret pc=0x00000236e518deac method=java.lang.String.startsWith(Ljava/lang/String;I)Z @ 50 c2
Event: 4.929 Thread 0x00000236c72d00d0 DEOPT PACKING pc=0x00000236e518deac sp=0x000000eaf3bfcfe0
Event: 4.929 Thread 0x00000236c72d00d0 DEOPT UNPACKING pc=0x00000236e4a03d02 sp=0x000000eaf3bfcf80 mode 2
Event: 4.960 Thread 0x00000236c72d00d0 Uncommon trap: trap_request=0xffffff45 fr.pc=0x00000236e51cef78 relative=0x00000000000000b8
Event: 4.960 Thread 0x00000236c72d00d0 Uncommon trap: reason=unstable_if action=reinterpret pc=0x00000236e51cef78 method=jdk.internal.loader.URLClassPath.getResource(Ljava/lang/String;Z)Ljdk/internal/loader/Resource; @ 47 c2
Event: 4.960 Thread 0x00000236c72d00d0 DEOPT PACKING pc=0x00000236e51cef78 sp=0x000000eaf3bfcb60
Event: 4.960 Thread 0x00000236c72d00d0 DEOPT UNPACKING pc=0x00000236e4a03d02 sp=0x000000eaf3bfcaf0 mode 2
Event: 4.960 Thread 0x00000236c72d00d0 Uncommon trap: trap_request=0xffffff45 fr.pc=0x00000236e51e77e0 relative=0x0000000000000320
Event: 4.960 Thread 0x00000236c72d00d0 Uncommon trap: reason=unstable_if action=reinterpret pc=0x00000236e51e77e0 method=java.lang.CharacterDataLatin1.equalsIgnoreCase(BB)Z @ 54 c2
Event: 4.960 Thread 0x00000236c72d00d0 DEOPT PACKING pc=0x00000236e51e77e0 sp=0x000000eaf3bfe1b0
Event: 4.960 Thread 0x00000236c72d00d0 DEOPT UNPACKING pc=0x00000236e4a03d02 sp=0x000000eaf3bfe018 mode 2
Event: 4.960 Thread 0x00000236c72d00d0 Uncommon trap: trap_request=0xffffff45 fr.pc=0x00000236e516e480 relative=0x0000000000000080
Event: 4.960 Thread 0x00000236c72d00d0 Uncommon trap: reason=unstable_if action=reinterpret pc=0x00000236e516e480 method=java.lang.CharacterDataLatin1.equalsIgnoreCase(BB)Z @ 54 c2
Event: 4.960 Thread 0x00000236c72d00d0 DEOPT PACKING pc=0x00000236e516e480 sp=0x000000eaf3bfe080
Event: 4.960 Thread 0x00000236c72d00d0 DEOPT UNPACKING pc=0x00000236e4a03d02 sp=0x000000eaf3bfe010 mode 2
Event: 5.050 Thread 0x00000236c72d00d0 Uncommon trap: trap_request=0xffffff45 fr.pc=0x00000236e516a89c relative=0x000000000000019c
Event: 5.051 Thread 0x00000236c72d00d0 Uncommon trap: reason=unstable_if action=reinterpret pc=0x00000236e516a89c method=java.lang.CharacterDataLatin1.equalsIgnoreCase(BB)Z @ 54 c2
Event: 5.051 Thread 0x00000236c72d00d0 DEOPT PACKING pc=0x00000236e516a89c sp=0x000000eaf3bfde30
Event: 5.051 Thread 0x00000236c72d00d0 DEOPT UNPACKING pc=0x00000236e4a03d02 sp=0x000000eaf3bfdd28 mode 2
Event: 5.072 Thread 0x00000236c72d00d0 Uncommon trap: trap_request=0xffffff45 fr.pc=0x00000236e52044d0 relative=0x0000000000000b10
Event: 5.072 Thread 0x00000236c72d00d0 Uncommon trap: reason=unstable_if action=reinterpret pc=0x00000236e52044d0 method=java.util.concurrent.ConcurrentHashMap.putVal(Ljava/lang/Object;Ljava/lang/Object;Z)Ljava/lang/Object; @ 148 c2
Event: 5.072 Thread 0x00000236c72d00d0 DEOPT PACKING pc=0x00000236e52044d0 sp=0x000000eaf3bfce90
Event: 5.072 Thread 0x00000236c72d00d0 DEOPT UNPACKING pc=0x00000236e4a03d02 sp=0x000000eaf3bfce00 mode 2
Event: 5.081 Thread 0x00000236c72d00d0 Uncommon trap: trap_request=0xffffffc6 fr.pc=0x00000236e51f98c4 relative=0x00000000000000a4
Event: 5.081 Thread 0x00000236c72d00d0 Uncommon trap: reason=bimorphic_or_optimized_type_check action=maybe_recompile pc=0x00000236e51f98c4 method=java.util.Collections$UnmodifiableCollection$1.hasNext()Z @ 4 c2
Event: 5.081 Thread 0x00000236c72d00d0 DEOPT PACKING pc=0x00000236e51f98c4 sp=0x000000eaf3bfdbd0
Event: 5.081 Thread 0x00000236c72d00d0 DEOPT UNPACKING pc=0x00000236e4a03d02 sp=0x000000eaf3bfdb60 mode 2
Event: 5.081 Thread 0x00000236c72d00d0 Uncommon trap: trap_request=0xffffffc6 fr.pc=0x00000236e51f9d70 relative=0x0000000000000190
Event: 5.081 Thread 0x00000236c72d00d0 Uncommon trap: reason=bimorphic_or_optimized_type_check action=maybe_recompile pc=0x00000236e51f9d70 method=java.util.Collections$UnmodifiableCollection$1.next()Ljava/lang/Object; @ 4 c2
Event: 5.081 Thread 0x00000236c72d00d0 DEOPT PACKING pc=0x00000236e51f9d70 sp=0x000000eaf3bfdbc0
Event: 5.081 Thread 0x00000236c72d00d0 DEOPT UNPACKING pc=0x00000236e4a03d02 sp=0x000000eaf3bfdb60 mode 2
Event: 5.081 Thread 0x00000236c72d00d0 Uncommon trap: trap_request=0xffffffc6 fr.pc=0x00000236e51f98c4 relative=0x00000000000000a4
Event: 5.081 Thread 0x00000236c72d00d0 Uncommon trap: reason=bimorphic_or_optimized_type_check action=maybe_recompile pc=0x00000236e51f98c4 method=java.util.Collections$UnmodifiableCollection$1.hasNext()Z @ 4 c2
Event: 5.081 Thread 0x00000236c72d00d0 DEOPT PACKING pc=0x00000236e51f98c4 sp=0x000000eaf3bfdbd0
Event: 5.081 Thread 0x00000236c72d00d0 DEOPT UNPACKING pc=0x00000236e4a03d02 sp=0x000000eaf3bfdb60 mode 2
Event: 5.081 Thread 0x00000236c72d00d0 Uncommon trap: trap_request=0xffffffc6 fr.pc=0x00000236e51f9d70 relative=0x0000000000000190
Event: 5.081 Thread 0x00000236c72d00d0 Uncommon trap: reason=bimorphic_or_optimized_type_check action=maybe_recompile pc=0x00000236e51f9d70 method=java.util.Collections$UnmodifiableCollection$1.next()Ljava/lang/Object; @ 4 c2
Event: 5.081 Thread 0x00000236c72d00d0 DEOPT PACKING pc=0x00000236e51f9d70 sp=0x000000eaf3bfdbc0
Event: 5.081 Thread 0x00000236c72d00d0 DEOPT UNPACKING pc=0x00000236e4a03d02 sp=0x000000eaf3bfdb60 mode 2
Event: 5.081 Thread 0x00000236c72d00d0 Uncommon trap: trap_request=0xffffffc6 fr.pc=0x00000236e51f98c4 relative=0x00000000000000a4
Event: 5.081 Thread 0x00000236c72d00d0 Uncommon trap: reason=bimorphic_or_optimized_type_check action=maybe_recompile pc=0x00000236e51f98c4 method=java.util.Collections$UnmodifiableCollection$1.hasNext()Z @ 4 c2
Event: 5.081 Thread 0x00000236c72d00d0 DEOPT PACKING pc=0x00000236e51f98c4 sp=0x000000eaf3bfdbd0
Event: 5.081 Thread 0x00000236c72d00d0 DEOPT UNPACKING pc=0x00000236e4a03d02 sp=0x000000eaf3bfdb60 mode 2
Event: 5.081 Thread 0x00000236c72d00d0 Uncommon trap: trap_request=0xffffffc6 fr.pc=0x00000236e51f9d70 relative=0x0000000000000190
Event: 5.081 Thread 0x00000236c72d00d0 Uncommon trap: reason=bimorphic_or_optimized_type_check action=maybe_recompile pc=0x00000236e51f9d70 method=java.util.Collections$UnmodifiableCollection$1.next()Ljava/lang/Object; @ 4 c2
Event: 5.081 Thread 0x00000236c72d00d0 DEOPT PACKING pc=0x00000236e51f9d70 sp=0x000000eaf3bfdbc0
Event: 5.081 Thread 0x00000236c72d00d0 DEOPT UNPACKING pc=0x00000236e4a03d02 sp=0x000000eaf3bfdb60 mode 2
Event: 5.081 Thread 0x00000236c72d00d0 Uncommon trap: trap_request=0xffffffc6 fr.pc=0x00000236e51f98c4 relative=0x00000000000000a4
Event: 5.081 Thread 0x00000236c72d00d0 Uncommon trap: reason=bimorphic_or_optimized_type_check action=maybe_recompile pc=0x00000236e51f98c4 method=java.util.Collections$UnmodifiableCollection$1.hasNext()Z @ 4 c2
Event: 5.081 Thread 0x00000236c72d00d0 DEOPT PACKING pc=0x00000236e51f98c4 sp=0x000000eaf3bfdbd0
Event: 5.081 Thread 0x00000236c72d00d0 DEOPT UNPACKING pc=0x00000236e4a03d02 sp=0x000000eaf3bfdb60 mode 2
Event: 5.081 Thread 0x00000236c72d00d0 Uncommon trap: trap_request=0xffffffc6 fr.pc=0x00000236e51f9d70 relative=0x0000000000000190
Event: 5.081 Thread 0x00000236c72d00d0 Uncommon trap: reason=bimorphic_or_optimized_type_check action=maybe_recompile pc=0x00000236e51f9d70 method=java.util.Collections$UnmodifiableCollection$1.next()Ljava/lang/Object; @ 4 c2
Event: 5.081 Thread 0x00000236c72d00d0 DEOPT PACKING pc=0x00000236e51f9d70 sp=0x000000eaf3bfdbc0
Event: 5.081 Thread 0x00000236c72d00d0 DEOPT UNPACKING pc=0x00000236e4a03d02 sp=0x000000eaf3bfdb60 mode 2
Event: 5.205 Thread 0x00000236c72d00d0 DEOPT PACKING pc=0x00000236dd997941 sp=0x000000eaf3bf7850
Event: 5.205 Thread 0x00000236c72d00d0 DEOPT UNPACKING pc=0x00000236e4a04422 sp=0x000000eaf3bf6cc0 mode 0
Event: 5.227 Thread 0x00000236c72d00d0 Uncommon trap: trap_request=0xffffff45 fr.pc=0x00000236e518b588 relative=0x00000000000004a8
Event: 5.227 Thread 0x00000236c72d00d0 Uncommon trap: reason=unstable_if action=reinterpret pc=0x00000236e518b588 method=java.util.ArrayList.grow(I)[Ljava/lang/Object; @ 17 c2
Event: 5.227 Thread 0x00000236c72d00d0 DEOPT PACKING pc=0x00000236e518b588 sp=0x000000eaf3bfd7f0
Event: 5.227 Thread 0x00000236c72d00d0 DEOPT UNPACKING pc=0x00000236e4a03d02 sp=0x000000eaf3bfd688 mode 2
Event: 5.309 Thread 0x00000236c72d00d0 DEOPT PACKING pc=0x00000236dd997941 sp=0x000000eaf3bf94f0
Event: 5.309 Thread 0x00000236c72d00d0 DEOPT UNPACKING pc=0x00000236e4a04422 sp=0x000000eaf3bf8960 mode 0
Event: 5.375 Thread 0x00000236c72d00d0 Uncommon trap: trap_request=0xffffffde fr.pc=0x00000236e5207094 relative=0x0000000000000074
Event: 5.375 Thread 0x00000236c72d00d0 Uncommon trap: reason=class_check action=maybe_recompile pc=0x00000236e5207094 method=java.util.LinkedHashMap.afterNodeInsertion(Z)V @ 15 c2
Event: 5.375 Thread 0x00000236c72d00d0 DEOPT PACKING pc=0x00000236e5207094 sp=0x000000eaf3bfdb40
Event: 5.375 Thread 0x00000236c72d00d0 DEOPT UNPACKING pc=0x00000236e4a03d02 sp=0x000000eaf3bfdab8 mode 2
Event: 5.389 Thread 0x00000236c72d00d0 Uncommon trap: trap_request=0xffffffde fr.pc=0x00000236e5207094 relative=0x0000000000000074
Event: 5.389 Thread 0x00000236c72d00d0 Uncommon trap: reason=class_check action=maybe_recompile pc=0x00000236e5207094 method=java.util.LinkedHashMap.afterNodeInsertion(Z)V @ 15 c2
Event: 5.390 Thread 0x00000236c72d00d0 DEOPT PACKING pc=0x00000236e5207094 sp=0x000000eaf3bfdb40
Event: 5.390 Thread 0x00000236c72d00d0 DEOPT UNPACKING pc=0x00000236e4a03d02 sp=0x000000eaf3bfdab8 mode 2
Event: 5.414 Thread 0x00000236c72d00d0 Uncommon trap: trap_request=0xffffffc6 fr.pc=0x00000236e5177a58 relative=0x0000000000000578
Event: 5.414 Thread 0x00000236c72d00d0 Uncommon trap: reason=bimorphic_or_optimized_type_check action=maybe_recompile pc=0x00000236e5177a58 method=java.lang.invoke.VarHandleGuards.guard_LI_I(Ljava/lang/invoke/VarHandle;Ljava/lang/Object;ILjava/lang/invoke/VarHandle$AccessDescriptor;)I @ 2 c2
Event: 5.414 Thread 0x00000236c72d00d0 DEOPT PACKING pc=0x00000236e5177a58 sp=0x000000eaf3bfda50
Event: 5.414 Thread 0x00000236c72d00d0 DEOPT UNPACKING pc=0x00000236e4a03d02 sp=0x000000eaf3bfd9f8 mode 2
Event: 5.422 Thread 0x00000236c72d00d0 Uncommon trap: trap_request=0xffffffc6 fr.pc=0x00000236e5177a58 relative=0x0000000000000578
Event: 5.422 Thread 0x00000236c72d00d0 Uncommon trap: reason=bimorphic_or_optimized_type_check action=maybe_recompile pc=0x00000236e5177a58 method=java.lang.invoke.VarHandleGuards.guard_LI_I(Ljava/lang/invoke/VarHandle;Ljava/lang/Object;ILjava/lang/invoke/VarHandle$AccessDescriptor;)I @ 2 c2
Event: 5.422 Thread 0x00000236c72d00d0 DEOPT PACKING pc=0x00000236e5177a58 sp=0x000000eaf3bfdaa0
Event: 5.422 Thread 0x00000236c72d00d0 DEOPT UNPACKING pc=0x00000236e4a03d02 sp=0x000000eaf3bfda48 mode 2
Event: 5.422 Thread 0x00000236c72d00d0 Uncommon trap: trap_request=0xffffffc6 fr.pc=0x00000236e5177a58 relative=0x0000000000000578
Event: 5.422 Thread 0x00000236c72d00d0 Uncommon trap: reason=bimorphic_or_optimized_type_check action=maybe_recompile pc=0x00000236e5177a58 method=java.lang.invoke.VarHandleGuards.guard_LI_I(Ljava/lang/invoke/VarHandle;Ljava/lang/Object;ILjava/lang/invoke/VarHandle$AccessDescriptor;)I @ 2 c2
Event: 5.422 Thread 0x00000236c72d00d0 DEOPT PACKING pc=0x00000236e5177a58 sp=0x000000eaf3bfdcf0
Event: 5.422 Thread 0x00000236c72d00d0 DEOPT UNPACKING pc=0x00000236e4a03d02 sp=0x000000eaf3bfdc98 mode 2
Event: 5.434 Thread 0x00000236c8f94a40 Uncommon trap: trap_request=0xffffff45 fr.pc=0x00000236e5203500 relative=0x0000000000000520
Event: 5.434 Thread 0x00000236c8f94a40 Uncommon trap: reason=unstable_if action=reinterpret pc=0x00000236e5203500 method=java.lang.String.<init>(Ljava/lang/AbstractStringBuilder;Ljava/lang/Void;)V @ 51 c2
Event: 5.434 Thread 0x00000236c8f94a40 DEOPT PACKING pc=0x00000236e5203500 sp=0x000000eaf75ff130
Event: 5.434 Thread 0x00000236c8f94a40 DEOPT UNPACKING pc=0x00000236e4a03d02 sp=0x000000eaf75ff098 mode 2
Event: 5.434 Thread 0x00000236c8f94a40 Uncommon trap: trap_request=0xffffff45 fr.pc=0x00000236e5115a7c relative=0x000000000000049c
Event: 5.434 Thread 0x00000236c8f94a40 Uncommon trap: reason=unstable_if action=reinterpret pc=0x00000236e5115a7c method=java.lang.AbstractStringBuilder.inflateIfNeededFor(Ljava/lang/String;)V @ 14 c2
Event: 5.434 Thread 0x00000236c8f94a40 DEOPT PACKING pc=0x00000236e5115a7c sp=0x000000eaf75ff100
Event: 5.434 Thread 0x00000236c8f94a40 DEOPT UNPACKING pc=0x00000236e4a03d02 sp=0x000000eaf75feff8 mode 2
Event: 5.435 Thread 0x00000236c8f94a40 Uncommon trap: trap_request=0xffffff45 fr.pc=0x00000236e511c708 relative=0x00000000000004a8
Event: 5.435 Thread 0x00000236c8f94a40 Uncommon trap: reason=unstable_if action=reinterpret pc=0x00000236e511c708 method=java.lang.AbstractStringBuilder.inflateIfNeededFor(Ljava/lang/String;)V @ 14 c2
Event: 5.435 Thread 0x00000236c8f94a40 DEOPT PACKING pc=0x00000236e511c708 sp=0x000000eaf75ff1d0
Event: 5.435 Thread 0x00000236c8f94a40 DEOPT UNPACKING pc=0x00000236e4a03d02 sp=0x000000eaf75ff080 mode 2
Event: 5.435 Thread 0x00000236c8f94a40 Uncommon trap: trap_request=0xffffff45 fr.pc=0x00000236e51ec050 relative=0x0000000000000370
Event: 5.435 Thread 0x00000236c8f94a40 Uncommon trap: reason=unstable_if action=reinterpret pc=0x00000236e51ec050 method=java.lang.AbstractStringBuilder.isLatin1()Z @ 10 c2
Event: 5.435 Thread 0x00000236c8f94a40 DEOPT PACKING pc=0x00000236e51ec050 sp=0x000000eaf75ff200
Event: 5.435 Thread 0x00000236c8f94a40 DEOPT UNPACKING pc=0x00000236e4a03d02 sp=0x000000eaf75ff0f8 mode 2
Event: 5.435 Thread 0x00000236c8f94a40 Uncommon trap: trap_request=0xffffff45 fr.pc=0x00000236e51985c4 relative=0x0000000000000364
Event: 5.435 Thread 0x00000236c8f94a40 Uncommon trap: reason=unstable_if action=reinterpret pc=0x00000236e51985c4 method=java.lang.AbstractStringBuilder.isLatin1()Z @ 10 c2
Event: 5.435 Thread 0x00000236c8f94a40 DEOPT PACKING pc=0x00000236e51985c4 sp=0x000000eaf75ff1a0
Event: 5.435 Thread 0x00000236c8f94a40 DEOPT UNPACKING pc=0x00000236e4a03d02 sp=0x000000eaf75ff100 mode 2
Event: 5.439 Thread 0x00000236c8f94a40 Uncommon trap: trap_request=0xffffffc6 fr.pc=0x00000236e5177a58 relative=0x0000000000000578
Event: 5.439 Thread 0x00000236c8f94a40 Uncommon trap: reason=bimorphic_or_optimized_type_check action=maybe_recompile pc=0x00000236e5177a58 method=java.lang.invoke.VarHandleGuards.guard_LI_I(Ljava/lang/invoke/VarHandle;Ljava/lang/Object;ILjava/lang/invoke/VarHandle$AccessDescriptor;)I @ 2 c2
Event: 5.439 Thread 0x00000236c8f94a40 DEOPT PACKING pc=0x00000236e5177a58 sp=0x000000eaf75ff400
Event: 5.439 Thread 0x00000236c8f94a40 DEOPT UNPACKING pc=0x00000236e4a03d02 sp=0x000000eaf75ff3a8 mode 2
Event: 5.589 Thread 0x00000236c72d00d0 DEOPT PACKING pc=0x00000236dd997941 sp=0x000000eaf3bfd630
Event: 5.589 Thread 0x00000236c72d00d0 DEOPT UNPACKING pc=0x00000236e4a04422 sp=0x000000eaf3bfcaa0 mode 0
Event: 5.590 Thread 0x00000236c72d00d0 Uncommon trap: trap_request=0xffffff45 fr.pc=0x00000236e510ee60 relative=0x0000000000000060
Event: 5.590 Thread 0x00000236c72d00d0 Uncommon trap: reason=unstable_if action=reinterpret pc=0x00000236e510ee60 method=java.io.WinNTFileSystem.isSlash(C)Z @ 9 c2
Event: 5.590 Thread 0x00000236c72d00d0 DEOPT PACKING pc=0x00000236e510ee60 sp=0x000000eaf3bfdc20
Event: 5.590 Thread 0x00000236c72d00d0 DEOPT UNPACKING pc=0x00000236e4a03d02 sp=0x000000eaf3bfdb98 mode 2
Event: 5.591 Thread 0x00000236c72d00d0 DEOPT PACKING pc=0x00000236dd56c6bf sp=0x000000eaf3bfd8c0
Event: 5.591 Thread 0x00000236c72d00d0 DEOPT UNPACKING pc=0x00000236e4a04422 sp=0x000000eaf3bfcd60 mode 0
Event: 6.035 Thread 0x00000236c72d00d0 Uncommon trap: trap_request=0xffffff45 fr.pc=0x00000236e520c8f4 relative=0x0000000000000294
Event: 6.035 Thread 0x00000236c72d00d0 Uncommon trap: reason=unstable_if action=reinterpret pc=0x00000236e520c8f4 method=java.util.HashMap.getNode(Ljava/lang/Object;)Ljava/util/HashMap$Node; @ 66 c2
Event: 6.035 Thread 0x00000236c72d00d0 DEOPT PACKING pc=0x00000236e520c8f4 sp=0x000000eaf3bfd5a0
Event: 6.035 Thread 0x00000236c72d00d0 DEOPT UNPACKING pc=0x00000236e4a03d02 sp=0x000000eaf3bfd4c0 mode 2
Event: 6.035 Thread 0x00000236c72d00d0 Uncommon trap: trap_request=0xffffffc6 fr.pc=0x00000236e5207a84 relative=0x00000000000006a4
Event: 6.035 Thread 0x00000236c72d00d0 Uncommon trap: reason=bimorphic_or_optimized_type_check action=maybe_recompile pc=0x00000236e5207a84 method=java.util.HashMap.putVal(ILjava/lang/Object;Ljava/lang/Object;ZZ)Ljava/lang/Object; @ 91 c2
Event: 6.035 Thread 0x00000236c72d00d0 DEOPT PACKING pc=0x00000236e5207a84 sp=0x000000eaf3bfd590
Event: 6.036 Thread 0x00000236c72d00d0 DEOPT UNPACKING pc=0x00000236e4a03d02 sp=0x000000eaf3bfd498 mode 2
Event: 6.037 Thread 0x00000236c72d00d0 Uncommon trap: trap_request=0xffffffc6 fr.pc=0x00000236e5207a84 relative=0x00000000000006a4
Event: 6.037 Thread 0x00000236c72d00d0 Uncommon trap: reason=bimorphic_or_optimized_type_check action=maybe_recompile pc=0x00000236e5207a84 method=java.util.HashMap.putVal(ILjava/lang/Object;Ljava/lang/Object;ZZ)Ljava/lang/Object; @ 91 c2
Event: 6.037 Thread 0x00000236c72d00d0 DEOPT PACKING pc=0x00000236e5207a84 sp=0x000000eaf3bfd640
Event: 6.037 Thread 0x00000236c72d00d0 DEOPT UNPACKING pc=0x00000236e4a03d02 sp=0x000000eaf3bfd548 mode 2
Event: 6.071 Thread 0x00000236c72d00d0 Uncommon trap: trap_request=0xffffff45 fr.pc=0x00000236e5193ea8 relative=0x00000000000001e8
Event: 6.071 Thread 0x00000236c72d00d0 Uncommon trap: reason=unstable_if action=reinterpret pc=0x00000236e5193ea8 method=java.util.HashMap.getNode(Ljava/lang/Object;)Ljava/util/HashMap$Node; @ 66 c2
Event: 6.071 Thread 0x00000236c72d00d0 DEOPT PACKING pc=0x00000236e5193ea8 sp=0x000000eaf3bfd2b0
Event: 6.071 Thread 0x00000236c72d00d0 DEOPT UNPACKING pc=0x00000236e4a03d02 sp=0x000000eaf3bfd230 mode 2
Event: 6.071 Thread 0x00000236c72d00d0 Uncommon trap: trap_request=0xffffffc6 fr.pc=0x00000236e5207a84 relative=0x00000000000006a4
Event: 6.071 Thread 0x00000236c72d00d0 Uncommon trap: reason=bimorphic_or_optimized_type_check action=maybe_recompile pc=0x00000236e5207a84 method=java.util.HashMap.putVal(ILjava/lang/Object;Ljava/lang/Object;ZZ)Ljava/lang/Object; @ 91 c2
Event: 6.071 Thread 0x00000236c72d00d0 DEOPT PACKING pc=0x00000236e5207a84 sp=0x000000eaf3bfd300
Event: 6.071 Thread 0x00000236c72d00d0 DEOPT UNPACKING pc=0x00000236e4a03d02 sp=0x000000eaf3bfd208 mode 2
Event: 6.071 Thread 0x00000236c72d00d0 Uncommon trap: trap_request=0xffffffc6 fr.pc=0x00000236e5207a84 relative=0x00000000000006a4
Event: 6.071 Thread 0x00000236c72d00d0 Uncommon trap: reason=bimorphic_or_optimized_type_check action=maybe_recompile pc=0x00000236e5207a84 method=java.util.HashMap.putVal(ILjava/lang/Object;Ljava/lang/Object;ZZ)Ljava/lang/Object; @ 91 c2
Event: 6.071 Thread 0x00000236c72d00d0 DEOPT PACKING pc=0x00000236e5207a84 sp=0x000000eaf3bfd3b0
Event: 6.071 Thread 0x00000236c72d00d0 DEOPT UNPACKING pc=0x00000236e4a03d02 sp=0x000000eaf3bfd2b8 mode 2
Event: 6.096 Thread 0x00000236c72d00d0 Uncommon trap: trap_request=0xffffffc6 fr.pc=0x00000236e51f21e0 relative=0x0000000000000680
Event: 6.096 Thread 0x00000236c72d00d0 Uncommon trap: reason=bimorphic_or_optimized_type_check action=maybe_recompile pc=0x00000236e51f21e0 method=java.util.HashMap.putVal(ILjava/lang/Object;Ljava/lang/Object;ZZ)Ljava/lang/Object; @ 91 c2
Event: 6.096 Thread 0x00000236c72d00d0 DEOPT PACKING pc=0x00000236e51f21e0 sp=0x000000eaf3bfd4f0
Event: 6.096 Thread 0x00000236c72d00d0 DEOPT UNPACKING pc=0x00000236e4a03d02 sp=0x000000eaf3bfd460 mode 2
Event: 6.109 Thread 0x00000236c72d00d0 Uncommon trap: trap_request=0xfffffff4 fr.pc=0x00000236e51f3178 relative=0x0000000000000338
Event: 6.109 Thread 0x00000236c72d00d0 Uncommon trap: reason=null_check action=make_not_entrant pc=0x00000236e51f3178 method=sun.invoke.util.VerifyType.isNullConversion(Ljava/lang/Class;Ljava/lang/Class;Z)Z @ 67 c2
Event: 6.109 Thread 0x00000236c72d00d0 DEOPT PACKING pc=0x00000236e51f3178 sp=0x000000eaf3bfd5d0
Event: 6.109 Thread 0x00000236c72d00d0 DEOPT UNPACKING pc=0x00000236e4a03d02 sp=0x000000eaf3bfd550 mode 2
Event: 6.225 Thread 0x00000236c72d00d0 Uncommon trap: trap_request=0xffffffde fr.pc=0x00000236e5207094 relative=0x0000000000000074
Event: 6.225 Thread 0x00000236c72d00d0 Uncommon trap: reason=class_check action=maybe_recompile pc=0x00000236e5207094 method=java.util.LinkedHashMap.afterNodeInsertion(Z)V @ 15 c2
Event: 6.225 Thread 0x00000236c72d00d0 DEOPT PACKING pc=0x00000236e5207094 sp=0x000000eaf3bfd7d0
Event: 6.225 Thread 0x00000236c72d00d0 DEOPT UNPACKING pc=0x00000236e4a03d02 sp=0x000000eaf3bfd748 mode 2
Event: 6.225 Thread 0x00000236c72d00d0 Uncommon trap: trap_request=0xffffffde fr.pc=0x00000236e5207094 relative=0x0000000000000074
Event: 6.225 Thread 0x00000236c72d00d0 Uncommon trap: reason=class_check action=maybe_recompile pc=0x00000236e5207094 method=java.util.LinkedHashMap.afterNodeInsertion(Z)V @ 15 c2
Event: 6.225 Thread 0x00000236c72d00d0 DEOPT PACKING pc=0x00000236e5207094 sp=0x000000eaf3bfd7d0
Event: 6.225 Thread 0x00000236c72d00d0 DEOPT UNPACKING pc=0x00000236e4a03d02 sp=0x000000eaf3bfd748 mode 2
Event: 6.272 Thread 0x00000236c72d00d0 Uncommon trap: trap_request=0xffffffcc fr.pc=0x00000236e524317c relative=0x000000000000033c
Event: 6.272 Thread 0x00000236c72d00d0 Uncommon trap: reason=intrinsic_or_type_checked_inlining action=make_not_entrant pc=0x00000236e524317c method=java.util.Arrays.copyOf([Ljava/lang/Object;ILjava/lang/Class;)[Ljava/lang/Object; @ 35 c2
Event: 6.272 Thread 0x00000236c72d00d0 DEOPT PACKING pc=0x00000236e524317c sp=0x000000eaf3bfe1f0
Event: 6.272 Thread 0x00000236c72d00d0 DEOPT UNPACKING pc=0x00000236e4a03d02 sp=0x000000eaf3bfe180 mode 2
Event: 6.279 Thread 0x00000236c72d00d0 Uncommon trap: trap_request=0xffffff45 fr.pc=0x00000236e5157700 relative=0x0000000000000980
Event: 6.279 Thread 0x00000236c72d00d0 Uncommon trap: reason=unstable_if action=reinterpret pc=0x00000236e5157700 method=java.util.zip.ZipFile$Source.getEntryPos(Ljava/lang/String;Z)I @ 105 c2
Event: 6.279 Thread 0x00000236c72d00d0 DEOPT PACKING pc=0x00000236e5157700 sp=0x000000eaf3bfd890
Event: 6.279 Thread 0x00000236c72d00d0 DEOPT UNPACKING pc=0x00000236e4a03d02 sp=0x000000eaf3bfd7b8 mode 2
Event: 6.281 Thread 0x00000236c72d00d0 Uncommon trap: trap_request=0xffffff45 fr.pc=0x00000236e51509d4 relative=0x0000000000000774
Event: 6.281 Thread 0x00000236c72d00d0 Uncommon trap: reason=unstable_if action=reinterpret pc=0x00000236e51509d4 method=java.util.zip.ZipFile$Source.getEntryPos(Ljava/lang/String;Z)I @ 105 c2
Event: 6.281 Thread 0x00000236c72d00d0 DEOPT PACKING pc=0x00000236e51509d4 sp=0x000000eaf3bfd8f0
Event: 6.281 Thread 0x00000236c72d00d0 DEOPT UNPACKING pc=0x00000236e4a03d02 sp=0x000000eaf3bfd870 mode 2
Event: 6.298 Thread 0x00000236c72d00d0 Uncommon trap: trap_request=0xffffff6e fr.pc=0x00000236e5206b04 relative=0x0000000000000584
Event: 6.298 Thread 0x00000236c72d00d0 Uncommon trap: reason=loop_limit_check action=maybe_recompile pc=0x00000236e5206b04 method=java.util.regex.Pattern$Start.match(Ljava/util/regex/Matcher;ILjava/lang/CharSequence;)Z @ 34 c2
Event: 6.298 Thread 0x00000236c72d00d0 DEOPT PACKING pc=0x00000236e5206b04 sp=0x000000eaf3bfded0
Event: 6.298 Thread 0x00000236c72d00d0 DEOPT UNPACKING pc=0x00000236e4a03d02 sp=0x000000eaf3bfde90 mode 2
Event: 6.298 Thread 0x00000236c72d00d0 Uncommon trap: trap_request=0xffffff6e fr.pc=0x00000236e5104620 relative=0x0000000000000180
Event: 6.298 Thread 0x00000236c72d00d0 Uncommon trap: reason=loop_limit_check action=maybe_recompile pc=0x00000236e5104620 method=java.lang.StringLatin1.lastIndexOf([BII)I @ 19 c2
Event: 6.298 Thread 0x00000236c72d00d0 DEOPT PACKING pc=0x00000236e5104620 sp=0x000000eaf3bfde70
Event: 6.298 Thread 0x00000236c72d00d0 DEOPT UNPACKING pc=0x00000236e4a03d02 sp=0x000000eaf3bfddf0 mode 2
Event: 6.375 Thread 0x00000236c72d00d0 Uncommon trap: trap_request=0xffffff45 fr.pc=0x00000236e51cbd30 relative=0x0000000000000110
Event: 6.375 Thread 0x00000236c72d00d0 Uncommon trap: reason=unstable_if action=reinterpret pc=0x00000236e51cbd30 method=java.util.Arrays.equals([Ljava/lang/Object;[Ljava/lang/Object;)Z @ 44 c2
Event: 6.375 Thread 0x00000236c72d00d0 DEOPT PACKING pc=0x00000236e51cbd30 sp=0x000000eaf3bfe200
Event: 6.375 Thread 0x00000236c72d00d0 DEOPT UNPACKING pc=0x00000236e4a03d02 sp=0x000000eaf3bfe1a0 mode 2
Event: 6.456 Thread 0x00000236c72d00d0 Uncommon trap: trap_request=0xffffff45 fr.pc=0x00000236e51fcc04 relative=0x0000000000000084
Event: 6.456 Thread 0x00000236c72d00d0 Uncommon trap: reason=unstable_if action=reinterpret pc=0x00000236e51fcc04 method=java.lang.Integer.stringSize(I)I @ 19 c2
Event: 6.456 Thread 0x00000236c72d00d0 DEOPT PACKING pc=0x00000236e51fcc04 sp=0x000000eaf3bfdee0
Event: 6.456 Thread 0x00000236c72d00d0 DEOPT UNPACKING pc=0x00000236e4a03d02 sp=0x000000eaf3bfde60 mode 2
Event: 6.673 Thread 0x00000236c72d00d0 Uncommon trap: trap_request=0xffffff45 fr.pc=0x00000236e5171f3c relative=0x00000000000001fc
Event: 6.673 Thread 0x00000236c72d00d0 Uncommon trap: reason=unstable_if action=reinterpret pc=0x00000236e5171f3c method=java.util.HashMap.getNode(Ljava/lang/Object;)Ljava/util/HashMap$Node; @ 66 c2
Event: 6.673 Thread 0x00000236c72d00d0 DEOPT PACKING pc=0x00000236e5171f3c sp=0x000000eaf3bfd9b0
Event: 6.673 Thread 0x00000236c72d00d0 DEOPT UNPACKING pc=0x00000236e4a03d02 sp=0x000000eaf3bfd8b0 mode 2
Event: 6.673 Thread 0x00000236c72d00d0 Uncommon trap: trap_request=0xffffffde fr.pc=0x00000236e523d378 relative=0x0000000000000bb8
Event: 6.673 Thread 0x00000236c72d00d0 Uncommon trap: reason=class_check action=maybe_recompile pc=0x00000236e523d378 method=java.util.concurrent.ConcurrentHashMap.putVal(Ljava/lang/Object;Ljava/lang/Object;Z)Ljava/lang/Object; @ 242 c2
Event: 6.673 Thread 0x00000236c72d00d0 DEOPT PACKING pc=0x00000236e523d378 sp=0x000000eaf3bfe340
Event: 6.673 Thread 0x00000236c72d00d0 DEOPT UNPACKING pc=0x00000236e4a03d02 sp=0x000000eaf3bfe2c0 mode 2
Event: 6.708 Thread 0x00000236c72d00d0 Uncommon trap: trap_request=0xffffff45 fr.pc=0x00000236e517a660 relative=0x00000000000000c0
Event: 6.708 Thread 0x00000236c72d00d0 Uncommon trap: reason=unstable_if action=reinterpret pc=0x00000236e517a660 method=jdk.internal.misc.Unsafe.convEndian(ZI)I @ 4 c2
Event: 6.708 Thread 0x00000236c72d00d0 DEOPT PACKING pc=0x00000236e517a660 sp=0x000000eaf3bfe5a0
Event: 6.708 Thread 0x00000236c72d00d0 DEOPT UNPACKING pc=0x00000236e4a03d02 sp=0x000000eaf3bfe438 mode 2
Event: 6.708 Thread 0x00000236c72d00d0 Uncommon trap: trap_request=0xffffff45 fr.pc=0x00000236e5179ffc relative=0x000000000000007c
Event: 6.708 Thread 0x00000236c72d00d0 Uncommon trap: reason=unstable_if action=reinterpret pc=0x00000236e5179ffc method=jdk.internal.misc.Unsafe.convEndian(ZI)I @ 4 c2
Event: 6.708 Thread 0x00000236c72d00d0 DEOPT PACKING pc=0x00000236e5179ffc sp=0x000000eaf3bfe500
Event: 6.708 Thread 0x00000236c72d00d0 DEOPT UNPACKING pc=0x00000236e4a03d02 sp=0x000000eaf3bfe430 mode 2
Event: 6.802 Thread 0x00000236c8f91c50 Uncommon trap: trap_request=0xffffff45 fr.pc=0x00000236e523d1a8 relative=0x00000000000009e8
Event: 6.802 Thread 0x00000236c8f91c50 Uncommon trap: reason=unstable_if action=reinterpret pc=0x00000236e523d1a8 method=java.util.concurrent.ConcurrentHashMap.putVal(Ljava/lang/Object;Ljava/lang/Object;Z)Ljava/lang/Object; @ 97 c2
Event: 6.802 Thread 0x00000236c8f91c50 DEOPT PACKING pc=0x00000236e523d1a8 sp=0x000000eaf7dfd740
Event: 6.802 Thread 0x00000236c8f91c50 DEOPT UNPACKING pc=0x00000236e4a03d02 sp=0x000000eaf7dfd6b8 mode 2
Event: 6.820 Thread 0x00000236c8f950d0 Uncommon trap: trap_request=0xffffff54 fr.pc=0x00000236e51a6770 relative=0x0000000000001490
Event: 6.820 Thread 0x00000236c8f950d0 Uncommon trap: reason=speculate_null_assert action=make_not_entrant pc=0x00000236e51a6770 method=jdk.internal.util.ReferencedKeyMap.internKey(Ljdk/internal/util/ReferencedKeyMap;Ljava/lang/Object;)Ljava/lang/Object; @ 28 c2
Event: 6.820 Thread 0x00000236c8f950d0 DEOPT PACKING pc=0x00000236e51a6770 sp=0x000000eaf81fd510
Event: 6.820 Thread 0x00000236c8f950d0 DEOPT UNPACKING pc=0x00000236e4a03d02 sp=0x000000eaf81fd3c0 mode 2
Event: 6.925 Thread 0x00000236c8f93d20 Uncommon trap: trap_request=0xffffff45 fr.pc=0x00000236e51b5394 relative=0x00000000000001d4
Event: 6.925 Thread 0x00000236c8f93d20 Uncommon trap: reason=unstable_if action=reinterpret pc=0x00000236e51b5394 method=java.util.concurrent.ConcurrentHashMap.addCount(JI)V @ 171 c2
Event: 6.925 Thread 0x00000236c8f93d20 DEOPT PACKING pc=0x00000236e51b5394 sp=0x000000eaf79fdf40
Event: 6.925 Thread 0x00000236c8f93d20 DEOPT UNPACKING pc=0x00000236e4a03d02 sp=0x000000eaf79fde80 mode 2
Event: 6.925 Thread 0x00000236c8a9b130 DEOPT PACKING pc=0x00000236dd98cc32 sp=0x000000eaf5ffe1e0
Event: 6.925 Thread 0x00000236c8a9b130 DEOPT UNPACKING pc=0x00000236e4a04422 sp=0x000000eaf5ffd708 mode 0
Event: 6.927 Thread 0x00000236c8f93d20 DEOPT PACKING pc=0x00000236dd98cc32 sp=0x000000eaf79fdd20
Event: 6.927 Thread 0x00000236c8f93d20 DEOPT UNPACKING pc=0x00000236e4a04422 sp=0x000000eaf79fd248 mode 0
Event: 6.927 Thread 0x00000236c8f93d20 Uncommon trap: trap_request=0xffffff45 fr.pc=0x00000236e5173c10 relative=0x0000000000000bd0
Event: 6.927 Thread 0x00000236c8a9b130 Uncommon trap: trap_request=0xffffff45 fr.pc=0x00000236e5173c10 relative=0x0000000000000bd0
Event: 6.927 Thread 0x00000236c8f93d20 Uncommon trap: reason=unstable_if action=reinterpret pc=0x00000236e5173c10 method=java.util.concurrent.ConcurrentHashMap.transfer([Ljava/util/concurrent/ConcurrentHashMap$Node;[Ljava/util/concurrent/ConcurrentHashMap$Node;)V @ 273 c2
Event: 6.927 Thread 0x00000236c8a9b130 Uncommon trap: reason=unstable_if action=reinterpret pc=0x00000236e5173c10 method=java.util.concurrent.ConcurrentHashMap.transfer([Ljava/util/concurrent/ConcurrentHashMap$Node;[Ljava/util/concurrent/ConcurrentHashMap$Node;)V @ 273 c2
Event: 6.927 Thread 0x00000236c8f93d20 DEOPT PACKING pc=0x00000236e5173c10 sp=0x000000eaf79fddd0
Event: 6.927 Thread 0x00000236c8a9b130 DEOPT PACKING pc=0x00000236e5173c10 sp=0x000000eaf5ffe290
Event: 6.927 Thread 0x00000236c8f93d20 DEOPT UNPACKING pc=0x00000236e4a03d02 sp=0x000000eaf79fdd48 mode 2
Event: 6.927 Thread 0x00000236c8a9b130 DEOPT UNPACKING pc=0x00000236e4a03d02 sp=0x000000eaf5ffe208 mode 2
Event: 6.927 Thread 0x00000236c8a9b130 Uncommon trap: trap_request=0xffffff45 fr.pc=0x00000236e51ad8c8 relative=0x0000000000000268
Event: 6.927 Thread 0x00000236c8f93d20 Uncommon trap: trap_request=0xffffff45 fr.pc=0x00000236e51ad8c8 relative=0x0000000000000268
Event: 6.927 Thread 0x00000236c8a9b130 Uncommon trap: reason=unstable_if action=reinterpret pc=0x00000236e51ad8c8 method=java.util.concurrent.ConcurrentHashMap.get(Ljava/lang/Object;)Ljava/lang/Object; @ 86 c2
Event: 6.927 Thread 0x00000236c8f93d20 Uncommon trap: reason=unstable_if action=reinterpret pc=0x00000236e51ad8c8 method=java.util.concurrent.ConcurrentHashMap.get(Ljava/lang/Object;)Ljava/lang/Object; @ 86 c2
Event: 6.927 Thread 0x00000236c8a9b130 DEOPT PACKING pc=0x00000236e51ad8c8 sp=0x000000eaf5ffe010
Event: 6.927 Thread 0x00000236c8f93d20 DEOPT PACKING pc=0x00000236e51ad8c8 sp=0x000000eaf79fded0
Event: 6.927 Thread 0x00000236c8a9b130 DEOPT UNPACKING pc=0x00000236e4a03d02 sp=0x000000eaf5ffdf78 mode 2
Event: 6.927 Thread 0x00000236c8f93d20 DEOPT UNPACKING pc=0x00000236e4a03d02 sp=0x000000eaf79fde38 mode 2

Classes loaded (250 events):
Event: 5.429 Loading class sun/nio/ch/NioSocketImpl$2
Event: 5.430 Loading class sun/nio/ch/NioSocketImpl$2 done
Event: 5.430 Loading class jdk/internal/event/SocketReadEvent
Event: 5.430 Loading class jdk/internal/event/SocketReadEvent done
Event: 5.431 Loading class java/nio/file/Files$2
Event: 5.432 Loading class java/nio/file/Files$2 done
Event: 5.433 Loading class java/text/MessageFormat
Event: 5.434 Loading class java/text/MessageFormat done
Event: 5.434 Loading class java/util/stream/ReduceOps$4
Event: 5.434 Loading class java/util/stream/ReduceOps$4 done
Event: 5.434 Loading class java/util/stream/ReduceOps$4ReducingSink
Event: 5.434 Loading class java/util/stream/ReduceOps$4ReducingSink done
Event: 5.434 Loading class java/text/MessageFormat$Field
Event: 5.434 Loading class java/text/MessageFormat$Field done
Event: 5.435 Loading class java/lang/Throwable$WrappedPrintWriter
Event: 5.435 Loading class java/lang/Throwable$PrintStreamOrWriter
Event: 5.435 Loading class java/lang/Throwable$PrintStreamOrWriter done
Event: 5.435 Loading class java/lang/Throwable$WrappedPrintWriter done
Event: 5.436 Loading class java/lang/StackTraceElement$HashedModules
Event: 5.436 Loading class java/lang/StackTraceElement$HashedModules done
Event: 5.438 Loading class jdk/internal/event/SocketWriteEvent
Event: 5.438 Loading class jdk/internal/event/SocketWriteEvent done
Event: 5.444 Loading class java/util/zip/ZipOutputStream
Event: 5.445 Loading class java/util/zip/ZipOutputStream done
Event: 5.445 Loading class java/util/concurrent/PriorityBlockingQueue
Event: 5.445 Loading class java/util/concurrent/PriorityBlockingQueue done
Event: 5.446 Loading class java/util/concurrent/ArrayBlockingQueue
Event: 5.446 Loading class java/util/concurrent/ArrayBlockingQueue done
Event: 5.446 Loading class java/util/concurrent/ConcurrentLinkedDeque
Event: 5.447 Loading class java/util/concurrent/ConcurrentLinkedDeque done
Event: 5.447 Loading class java/util/concurrent/ConcurrentLinkedDeque$Node
Event: 5.447 Loading class java/util/concurrent/ConcurrentLinkedDeque$Node done
Event: 5.455 Loading class sun/nio/ch/FileLockImpl
Event: 5.455 Loading class java/nio/channels/FileLock
Event: 5.455 Loading class java/nio/channels/FileLock done
Event: 5.455 Loading class sun/nio/ch/FileLockImpl done
Event: 5.455 Loading class sun/nio/ch/FileLockTable
Event: 5.455 Loading class sun/nio/ch/FileLockTable done
Event: 5.455 Loading class sun/nio/ch/FileKey
Event: 5.455 Loading class sun/nio/ch/FileKey done
Event: 5.456 Loading class sun/nio/ch/FileLockTable$FileLockReference
Event: 5.456 Loading class sun/nio/ch/FileLockTable$FileLockReference done
Event: 5.458 Loading class java/util/PriorityQueue
Event: 5.458 Loading class java/util/PriorityQueue done
Event: 5.459 Loading class java/util/Collections$ReverseComparator
Event: 5.459 Loading class java/util/Collections$ReverseComparator done
Event: 5.459 Loading class java/util/Comparators$NaturalOrderComparator
Event: 5.459 Loading class java/util/Comparators$NaturalOrderComparator done
Event: 5.459 Loading class java/util/Collections$ReverseComparator2
Event: 5.459 Loading class java/util/Collections$ReverseComparator2 done
Event: 5.462 Loading class java/util/function/IntSupplier
Event: 5.462 Loading class java/util/function/IntSupplier done
Event: 5.501 Loading class java/net/SocketTimeoutException
Event: 5.501 Loading class java/io/InterruptedIOException
Event: 5.501 Loading class java/io/InterruptedIOException done
Event: 5.501 Loading class java/net/SocketTimeoutException done
Event: 5.516 Loading class java/util/PriorityQueue$Itr
Event: 5.516 Loading class java/util/PriorityQueue$Itr done
Event: 5.516 Loading class java/nio/ByteBufferAsLongBufferB
Event: 5.517 Loading class java/nio/ByteBufferAsLongBufferB done
Event: 5.518 Loading class jdk/internal/event/FileForceEvent
Event: 5.518 Loading class jdk/internal/event/FileForceEvent done
Event: 5.569 Loading class java/util/Collections$SynchronizedRandomAccessList
Event: 5.569 Loading class java/util/Collections$SynchronizedList
Event: 5.570 Loading class java/util/Collections$SynchronizedList done
Event: 5.570 Loading class java/util/Collections$SynchronizedRandomAccessList done
Event: 5.630 Loading class java/util/stream/SortedOps
Event: 5.630 Loading class java/util/stream/SortedOps done
Event: 5.630 Loading class java/util/stream/SortedOps$OfRef
Event: 5.631 Loading class java/util/stream/SortedOps$OfRef done
Event: 5.631 Loading class java/util/stream/SortedOps$RefSortingSink
Event: 5.631 Loading class java/util/stream/SortedOps$AbstractRefSortingSink
Event: 5.631 Loading class java/util/stream/SortedOps$AbstractRefSortingSink done
Event: 5.631 Loading class java/util/stream/SortedOps$RefSortingSink done
Event: 5.637 Loading class java/util/stream/SortedOps$SizedRefSortingSink
Event: 5.637 Loading class java/util/stream/SortedOps$SizedRefSortingSink done
Event: 5.739 Loading class java/lang/reflect/MalformedParametersException
Event: 5.740 Loading class java/lang/reflect/MalformedParametersException done
Event: 5.751 Loading class java/lang/IllegalAccessError
Event: 5.751 Loading class java/lang/IllegalAccessError done
Event: 5.751 Loading class java/beans/Transient
Event: 5.752 Loading class java/beans/Transient done
Event: 5.752 Loading class java/beans/ConstructorProperties
Event: 5.752 Loading class java/beans/ConstructorProperties done
Event: 5.759 Loading class java/lang/invoke/VarHandleLongs$Array
Event: 5.759 Loading class java/lang/invoke/VarHandleLongs$Array done
Event: 5.768 Loading class sun/text/resources/cldr/FormatData_en
Event: 5.769 Loading class sun/text/resources/cldr/FormatData_en done
Event: 5.770 Loading class sun/text/resources/cldr/FormatData_en_US
Event: 5.770 Loading class sun/text/resources/cldr/FormatData_en_US done
Event: 5.884 Loading class java/time/DateTimeException
Event: 5.884 Loading class java/time/DateTimeException done
Event: 5.886 Loading class java/time/OffsetDateTime
Event: 5.887 Loading class java/time/OffsetDateTime done
Event: 5.892 Loading class java/time/MonthDay
Event: 5.892 Loading class java/time/MonthDay done
Event: 5.893 Loading class java/time/OffsetTime
Event: 5.893 Loading class java/time/OffsetTime done
Event: 5.895 Loading class java/time/YearMonth
Event: 5.895 Loading class java/time/YearMonth done
Event: 5.993 Loading class java/util/OptionalInt
Event: 5.993 Loading class java/util/OptionalInt done
Event: 5.993 Loading class java/util/OptionalLong
Event: 5.994 Loading class java/util/OptionalLong done
Event: 5.994 Loading class java/util/OptionalDouble
Event: 5.994 Loading class java/util/OptionalDouble done
Event: 6.002 Loading class java/util/stream/LongStream
Event: 6.002 Loading class java/util/stream/LongStream done
Event: 6.002 Loading class java/util/stream/DoubleStream
Event: 6.003 Loading class java/util/stream/DoubleStream done
Event: 6.006 Loading class org/w3c/dom/Node
Event: 6.006 Loading class org/w3c/dom/Node done
Event: 6.006 Loading class org/w3c/dom/Document
Event: 6.006 Loading class org/w3c/dom/Document done
Event: 6.019 Loading class java/lang/annotation/ElementType
Event: 6.019 Loading class java/lang/annotation/ElementType done
Event: 6.065 Loading class java/util/regex/PatternSyntaxException
Event: 6.065 Loading class java/util/regex/PatternSyntaxException done
Event: 6.086 Loading class sun/reflect/generics/tree/VoidDescriptor
Event: 6.087 Loading class sun/reflect/generics/tree/VoidDescriptor done
Event: 6.109 Loading class java/lang/invoke/BoundMethodHandle$Species_LI
Event: 6.109 Loading class java/lang/invoke/BoundMethodHandle$Species_LI done
Event: 6.149 Loading class java/util/stream/Streams$ConcatSpliterator$OfRef
Event: 6.149 Loading class java/util/stream/Streams$ConcatSpliterator$OfRef done
Event: 6.162 Loading class java/util/ServiceConfigurationError
Event: 6.162 Loading class java/util/ServiceConfigurationError done
Event: 6.177 Loading class java/io/FileReader
Event: 6.177 Loading class java/io/FileReader done
Event: 6.281 Loading class java/util/zip/ZipFile$ZipEntryIterator
Event: 6.282 Loading class java/util/zip/ZipFile$ZipEntryIterator done
Event: 6.341 Loading class jdk/internal/math/FormattedFPDecimal
Event: 6.341 Loading class jdk/internal/math/FormattedFPDecimal done
Event: 6.389 Loading class java/io/FilterReader
Event: 6.389 Loading class java/io/FilterReader done
Event: 6.396 Loading class java/io/UnsupportedEncodingException
Event: 6.396 Loading class java/io/UnsupportedEncodingException done
Event: 6.396 Loading class java/net/URLDecoder
Event: 6.396 Loading class java/net/URLDecoder done
Event: 6.435 Loading class java/util/LinkedList$ListItr
Event: 6.435 Loading class java/util/LinkedList$ListItr done
Event: 6.467 Loading class java/util/stream/ReferencePipeline$5
Event: 6.467 Loading class java/util/stream/LongPipeline$StatelessOp
Event: 6.468 Loading class java/util/stream/LongPipeline
Event: 6.469 Loading class java/util/stream/LongPipeline done
Event: 6.469 Loading class java/util/stream/LongPipeline$StatelessOp done
Event: 6.469 Loading class java/util/stream/ReferencePipeline$5 done
Event: 6.469 Loading class java/util/function/LongBinaryOperator
Event: 6.469 Loading class java/util/function/LongBinaryOperator done
Event: 6.470 Loading class java/util/stream/ReduceOps$10
Event: 6.470 Loading class java/util/stream/ReduceOps$10 done
Event: 6.470 Loading class java/util/stream/ReduceOps$8ReducingSink
Event: 6.471 Loading class java/util/stream/Sink$OfLong
Event: 6.471 Loading class java/util/stream/Sink$OfLong done
Event: 6.471 Loading class java/util/stream/ReduceOps$8ReducingSink done
Event: 6.471 Loading class java/util/stream/ReferencePipeline$5$1
Event: 6.471 Loading class java/util/stream/ReferencePipeline$5$1 done
Event: 6.707 Loading class sun/security/provider/MD5
Event: 6.708 Loading class sun/security/provider/MD5 done
Event: 6.708 Loading class sun/security/provider/ByteArrayAccess$LE
Event: 6.708 Loading class sun/security/provider/ByteArrayAccess$LE done
Event: 6.858 Loading class java/nio/charset/IllegalCharsetNameException
Event: 6.858 Loading class java/nio/charset/IllegalCharsetNameException done
Event: 6.858 Loading class java/nio/charset/UnsupportedCharsetException
Event: 6.858 Loading class java/nio/charset/UnsupportedCharsetException done
Event: 6.862 Loading class java/nio/file/InvalidPathException
Event: 6.863 Loading class java/nio/file/InvalidPathException done
Event: 6.865 Loading class java/nio/file/ProviderNotFoundException
Event: 6.865 Loading class java/nio/file/ProviderNotFoundException done
Event: 6.902 Loading class java/util/JumboEnumSet
Event: 6.902 Loading class java/util/JumboEnumSet done
Event: 6.905 Loading class java/nio/file/spi/FileSystemProvider$1
Event: 6.905 Loading class java/nio/file/FileVisitOption
Event: 6.905 Loading class java/nio/file/spi/FileSystemProvider$1 done
Event: 6.905 Loading class java/nio/file/FileVisitOption done
Event: 6.914 Loading class java/nio/channels/AsynchronousFileChannel
Event: 6.914 Loading class java/nio/channels/AsynchronousChannel
Event: 6.914 Loading class java/nio/channels/AsynchronousChannel done
Event: 6.914 Loading class java/nio/channels/AsynchronousFileChannel done
Event: 6.915 Loading class jdk/internal/jrtfs/JrtFileSystemProvider
Event: 6.916 Loading class jdk/internal/jrtfs/JrtFileSystemProvider done
Event: 6.918 Loading class jdk/internal/jrtfs/JrtFileSystem
Event: 6.919 Loading class jdk/internal/jrtfs/JrtFileSystem done
Event: 6.920 Loading class jdk/internal/jrtfs/JrtPath
Event: 6.923 Loading class java/util/JumboEnumSet$EnumSetIterator
Event: 6.923 Loading class java/util/JumboEnumSet$EnumSetIterator done
Event: 6.923 Loading class jdk/internal/jrtfs/JrtPath done
Event: 6.924 Loading class jdk/internal/jrtfs/SystemImage
Event: 6.924 Loading class jdk/internal/jrtfs/SystemImage done
Event: 6.925 Loading class java/util/UUID$Holder
Event: 6.925 Loading class java/util/UUID$Holder done
Event: 6.928 Loading class java/security/AllPermissionCollection
Event: 6.928 Loading class java/security/AllPermissionCollection done
Event: 6.928 Loading class jdk/internal/jrtfs/SystemImage$2
Event: 6.928 Loading class jdk/internal/jrtfs/SystemImage$2 done
Event: 6.929 Loading class jdk/internal/jimage/ImageReader$Directory
Event: 6.929 Loading class jdk/internal/jimage/ImageReader$Node
Event: 6.930 Loading class jdk/internal/jimage/ImageReader$Node done
Event: 6.930 Loading class jdk/internal/jimage/ImageReader$Directory done
Event: 6.930 Loading class jdk/internal/jrtfs/SystemImage$1
Event: 6.930 Loading class jdk/internal/jrtfs/SystemImage$1 done
Event: 6.931 Loading class jdk/internal/jrtfs/JrtDirectoryStream
Event: 6.931 Loading class jdk/internal/jrtfs/JrtDirectoryStream done
Event: 6.932 Loading class jdk/internal/jimage/ImageReader$SharedImageReader$LocationVisitor
Event: 6.932 Loading class jdk/internal/jimage/ImageReader$SharedImageReader$LocationVisitor done
Event: 6.932 Loading class java/nio/ByteBufferAsIntBufferL
Event: 6.933 Loading class java/nio/ByteBufferAsIntBufferL done
Event: 6.934 Loading class java/util/MissingResourceException
Event: 6.934 Loading class java/util/MissingResourceException done
Event: 6.935 Loading class jdk/internal/jimage/ImageReader$Resource
Event: 6.935 Loading class jdk/internal/jimage/ImageReader$Resource done
Event: 6.935 Loading class jdk/internal/jimage/ImageReader$LinkNode
Event: 6.935 Loading class jdk/internal/jimage/ImageReader$LinkNode done
Event: 6.940 Loading class java/util/ResourceBundle$CacheKey
Event: 6.941 Loading class java/util/ResourceBundle$CacheKey done
Event: 6.941 Loading class java/util/ResourceBundle$KeyElementReference
Event: 6.941 Loading class java/util/ResourceBundle$CacheKeyReference
Event: 6.941 Loading class java/util/ResourceBundle$CacheKeyReference done
Event: 6.941 Loading class java/util/ResourceBundle$KeyElementReference done
Event: 6.942 Loading class java/util/ResourceBundle$3
Event: 6.942 Loading class java/util/ResourceBundle$3 done
Event: 6.950 Loading class java/util/ResourceBundle$BundleReference
Event: 6.950 Loading class java/util/ResourceBundle$BundleReference done
Event: 6.974 Loading class java/util/stream/StreamSpliterators$WrappingSpliterator
Event: 6.974 Loading class java/util/stream/StreamSpliterators$AbstractWrappingSpliterator
Event: 6.975 Loading class java/util/stream/StreamSpliterators$AbstractWrappingSpliterator done
Event: 6.975 Loading class java/util/stream/StreamSpliterators$WrappingSpliterator done
Event: 6.975 Loading class jdk/internal/jrtfs/JrtDirectoryStream$1
Event: 6.975 Loading class jdk/internal/jrtfs/JrtDirectoryStream$1 done
Event: 6.976 Loading class java/util/stream/StreamSpliterators
Event: 6.976 Loading class java/util/stream/StreamSpliterators done
Event: 6.977 Loading class java/util/function/BooleanSupplier
Event: 6.977 Loading class java/util/function/BooleanSupplier done
Event: 6.979 Loading class jdk/internal/jrtfs/JrtFileAttributes
Event: 6.979 Loading class jdk/internal/jrtfs/JrtFileAttributes done
Event: 6.983 Loading class java/nio/file/SimpleFileVisitor
Event: 6.984 Loading class java/nio/file/SimpleFileVisitor done
Event: 6.984 Loading class java/nio/file/FileTreeWalker
Event: 6.985 Loading class java/nio/file/FileTreeWalker done
Event: 6.985 Loading class java/nio/file/FileTreeWalker$DirectoryNode
Event: 6.985 Loading class java/nio/file/FileTreeWalker$DirectoryNode done
Event: 6.985 Loading class java/nio/file/FileTreeWalker$Event
Event: 6.985 Loading class java/nio/file/FileTreeWalker$Event done
Event: 6.985 Loading class java/nio/file/FileTreeWalker$EventType
Event: 6.986 Loading class java/nio/file/FileTreeWalker$EventType done
Event: 6.986 Loading class java/nio/file/Files$3
Event: 6.986 Loading class java/nio/file/Files$3 done
Event: 6.986 Loading class jdk/internal/jrtfs/JrtPath$1
Event: 6.986 Loading class jdk/internal/jrtfs/JrtPath$1 done
Event: 6.987 Loading class java/nio/file/FileVisitResult
Event: 6.987 Loading class java/nio/file/FileVisitResult done

Classes unloaded (0 events):
No events

Classes redefined (0 events):
No events

Internal exceptions (218 events):
Event: 0.401 Thread 0x00000236dd393600 Exception <a 'java/lang/NoSuchMethodError'{0x0000040002eacbc0}: 'void java.lang.invoke.DirectMethodHandle$Holder.invokeStatic(java.lang.Object, java.lang.Object, java.lang.Object, java.lang.Object)'> (0x0000040002eacbc0) 
thrown [s\open\src\hotspot\share\interpreter\linkResolver.cpp, line 796]
Event: 0.646 Thread 0x00000236dd393600 Exception <a 'java/lang/NoSuchMethodError'{0x0000040003543640}: 'void java.lang.invoke.Invokers$Holder.invoke_MT(java.lang.Object, java.lang.Object)'> (0x0000040003543640) 
thrown [s\open\src\hotspot\share\interpreter\linkResolver.cpp, line 796]
Event: 0.924 Thread 0x00000236dd393600 Exception <a 'java/lang/NoSuchMethodError'{0x0000040003b1b3a0}: 'int java.lang.invoke.DirectMethodHandle$Holder.invokeStatic(java.lang.Object)'> (0x0000040003b1b3a0) 
thrown [s\open\src\hotspot\share\interpreter\linkResolver.cpp, line 796]
Event: 0.942 Thread 0x00000236dd393600 Exception <a 'java/lang/NoSuchMethodError'{0x0000040003b7e250}: 'long java.lang.invoke.DirectMethodHandle$Holder.invokeStatic(java.lang.Object)'> (0x0000040003b7e250) 
thrown [s\open\src\hotspot\share\interpreter\linkResolver.cpp, line 796]
Event: 1.252 Thread 0x00000236dd393600 Exception <a 'java/lang/NoSuchMethodError'{0x0000040004356a90}: 'java.lang.Object java.lang.invoke.DirectMethodHandle$Holder.invokeStaticInit(java.lang.Object, java.lang.Object, java.lang.Object)'> (0x0000040004356a90) 
thrown [s\open\src\hotspot\share\interpreter\linkResolver.cpp, line 796]
Event: 1.278 Thread 0x00000236c72d00d0 Exception <a 'java/lang/NoSuchMethodError'{0x0000040004425b50}: 'int java.lang.invoke.DirectMethodHandle$Holder.invokeStaticInit(java.lang.Object, int)'> (0x0000040004425b50) 
thrown [s\open\src\hotspot\share\interpreter\linkResolver.cpp, line 796]
Event: 1.279 Thread 0x00000236c72d00d0 Exception <a 'java/lang/NoSuchMethodError'{0x000004000442a8a8}: 'long java.lang.invoke.DirectMethodHandle$Holder.invokeStatic(java.lang.Object, java.lang.Object)'> (0x000004000442a8a8) 
thrown [s\open\src\hotspot\share\interpreter\linkResolver.cpp, line 796]
Event: 1.279 Thread 0x00000236c72d00d0 Exception <a 'java/lang/NoSuchMethodError'{0x000004000442eda8}: 'long java.lang.invoke.DirectMethodHandle$Holder.invokeStaticInit(java.lang.Object, java.lang.Object)'> (0x000004000442eda8) 
thrown [s\open\src\hotspot\share\interpreter\linkResolver.cpp, line 796]
Event: 1.280 Thread 0x00000236c72d00d0 Exception <a 'java/lang/NoSuchMethodError'{0x0000040004437898}: 'java.lang.Object java.lang.invoke.DirectMethodHandle$Holder.invokeStaticInit(java.lang.Object, long, long, long)'> (0x0000040004437898) 
thrown [s\open\src\hotspot\share\interpreter\linkResolver.cpp, line 796]
Event: 1.287 Thread 0x00000236c72d00d0 Exception <a 'java/lang/NoSuchMethodError'{0x000004000443e090}: 'java.lang.Object java.lang.invoke.DirectMethodHandle$Holder.invokeStatic(java.lang.Object, long, java.lang.Object)'> (0x000004000443e090) 
thrown [s\open\src\hotspot\share\interpreter\linkResolver.cpp, line 796]
Event: 1.288 Thread 0x00000236c72d00d0 Exception <a 'java/lang/NoSuchMethodError'{0x0000040004445fe0}: 'java.lang.Object java.lang.invoke.DirectMethodHandle$Holder.newInvokeSpecial(java.lang.Object, long, java.lang.Object)'> (0x0000040004445fe0) 
thrown [s\open\src\hotspot\share\interpreter\linkResolver.cpp, line 796]
Event: 1.291 Thread 0x00000236c72d00d0 Exception <a 'java/lang/NoSuchMethodError'{0x0000040004453488}: 'java.lang.Object java.lang.invoke.DirectMethodHandle$Holder.invokeInterface(java.lang.Object, java.lang.Object, java.lang.Object)'> (0x0000040004453488) 
thrown [s\open\src\hotspot\share\interpreter\linkResolver.cpp, line 796]
Event: 1.291 Thread 0x00000236c72d00d0 Exception <a 'java/lang/IncompatibleClassChangeError'{0x00000400044573d8}: Found class java.lang.Object, but interface was expected> (0x00000400044573d8) 
thrown [s\open\src\hotspot\share\interpreter\linkResolver.cpp, line 863]
Event: 1.292 Thread 0x00000236c72d00d0 Exception <a 'java/lang/NoSuchMethodError'{0x0000040004458048}: 'void java.lang.invoke.DirectMethodHandle$Holder.invokeStatic(java.lang.Object, java.lang.Object)'> (0x0000040004458048) 
thrown [s\open\src\hotspot\share\interpreter\linkResolver.cpp, line 796]
Event: 1.292 Thread 0x00000236c72d00d0 Exception <a 'java/lang/NoSuchMethodError'{0x000004000445c358}: 'void java.lang.invoke.DirectMethodHandle$Holder.invokeStaticInit(java.lang.Object, java.lang.Object)'> (0x000004000445c358) 
thrown [s\open\src\hotspot\share\interpreter\linkResolver.cpp, line 796]
Event: 1.293 Thread 0x00000236c72d00d0 Exception <a 'java/lang/NoSuchMethodError'{0x0000040004461300}: 'java.lang.Object java.lang.invoke.DirectMethodHandle$Holder.invokeStatic(java.lang.Object, long, long)'> (0x0000040004461300) 
thrown [s\open\src\hotspot\share\interpreter\linkResolver.cpp, line 796]
Event: 1.295 Thread 0x00000236c72d00d0 Exception <a 'java/lang/NoSuchMethodError'{0x0000040004465518}: 'java.lang.Object java.lang.invoke.DirectMethodHandle$Holder.invokeStaticInit(java.lang.Object, long, long)'> (0x0000040004465518) 
thrown [s\open\src\hotspot\share\interpreter\linkResolver.cpp, line 796]
Event: 1.318 Thread 0x00000236c72d00d0 Exception <a 'java/lang/NoSuchMethodError'{0x000004000448fe30}: 'java.lang.Object java.lang.invoke.DirectMethodHandle$Holder.invokeStaticInit(java.lang.Object, java.lang.Object, java.lang.Object, java.lang.Object)'> (0x000004000448fe30) 
thrown [s\open\src\hotspot\share\interpreter\linkResolver.cpp, line 796]
Event: 1.319 Thread 0x00000236c72d00d0 Exception <a 'java/lang/NoSuchMethodError'{0x00000400044982c0}: 'java.lang.Object java.lang.invoke.DirectMethodHandle$Holder.invokeSpecialIFC(java.lang.Object, java.lang.Object, java.lang.Object, java.lang.Object)'> (0x00000400044982c0) 
thrown [s\open\src\hotspot\share\interpreter\linkResolver.cpp, line 796]
Event: 1.360 Thread 0x00000236c72d00d0 Exception <a 'java/lang/NoSuchMethodError'{0x00000400044fb620}: 'void java.lang.invoke.DirectMethodHandle$Holder.invokeSpecial(java.lang.Object, java.lang.Object, java.lang.Object)'> (0x00000400044fb620) 
thrown [s\open\src\hotspot\share\interpreter\linkResolver.cpp, line 796]
Event: 1.399 Thread 0x00000236c72d00d0 Exception <a 'java/lang/NoSuchMethodError'{0x000004000454d278}: 'java.lang.Object java.lang.invoke.DirectMethodHandle$Holder.invokeInterface(java.lang.Object, java.lang.Object)'> (0x000004000454d278) 
thrown [s\open\src\hotspot\share\interpreter\linkResolver.cpp, line 796]
Event: 1.403 Thread 0x00000236c72d00d0 Exception <a 'java/lang/NoSuchMethodError'{0x0000040004558678}: 'void java.lang.invoke.DirectMethodHandle$Holder.invokeInterface(java.lang.Object, java.lang.Object, java.lang.Object)'> (0x0000040004558678) 
thrown [s\open\src\hotspot\share\interpreter\linkResolver.cpp, line 796]
Event: 1.404 Thread 0x00000236c72d00d0 Exception <a 'java/lang/IncompatibleClassChangeError'{0x000004000455c478}: Found class java.lang.Object, but interface was expected> (0x000004000455c478) 
thrown [s\open\src\hotspot\share\interpreter\linkResolver.cpp, line 863]
Event: 1.410 Thread 0x00000236c72d00d0 Exception <a 'java/lang/NoSuchMethodError'{0x00000400045682a0}: 'java.lang.Object java.lang.invoke.DirectMethodHandle$Holder.invokeStaticInit(java.lang.Object, java.lang.Object, java.lang.Object, java.lang.Object, java.lang.Object, java.lang.Object, java.lang.Object)'> (0x00000400045682a0) 
thrown [s\open\src\hotspot\share\interpreter\linkResolver.cpp, line 796]
Event: 1.414 Thread 0x00000236c72d00d0 Exception <a 'java/lang/NoSuchMethodError'{0x0000040004579ac8}: 'int java.lang.invoke.DirectMethodHandle$Holder.invokeSpecial(java.lang.Object, java.lang.Object, java.lang.Object)'> (0x0000040004579ac8) 
thrown [s\open\src\hotspot\share\interpreter\linkResolver.cpp, line 796]
Event: 1.415 Thread 0x00000236c72d00d0 Exception <a 'java/lang/NoSuchMethodError'{0x000004000457e3d8}: 'int java.lang.invoke.DirectMethodHandle$Holder.invokeVirtual(java.lang.Object, java.lang.Object, java.lang.Object)'> (0x000004000457e3d8) 
thrown [s\open\src\hotspot\share\interpreter\linkResolver.cpp, line 796]
Event: 1.416 Thread 0x00000236c72d00d0 Exception <a 'java/lang/NoSuchMethodError'{0x0000040004582c08}: 'int java.lang.invoke.DirectMethodHandle$Holder.invokeVirtual(java.lang.Object, java.lang.Object)'> (0x0000040004582c08) 
thrown [s\open\src\hotspot\share\interpreter\linkResolver.cpp, line 796]
Event: 1.417 Thread 0x00000236c72d00d0 Exception <a 'java/lang/NoSuchMethodError'{0x0000040004588830}: 'int java.lang.invoke.DirectMethodHandle$Holder.invokeStaticInit(java.lang.Object, java.lang.Object, java.lang.Object)'> (0x0000040004588830) 
thrown [s\open\src\hotspot\share\interpreter\linkResolver.cpp, line 796]
Event: 1.418 Thread 0x00000236c72d00d0 Exception <a 'java/lang/NoSuchMethodError'{0x000004000458d768}: 'int java.lang.invoke.DirectMethodHandle$Holder.invokeStaticInit(java.lang.Object, int, int)'> (0x000004000458d768) 
thrown [s\open\src\hotspot\share\interpreter\linkResolver.cpp, line 796]
Event: 1.419 Thread 0x00000236c72d00d0 Exception <a 'java/lang/NoSuchMethodError'{0x0000040004597140}: 'int java.lang.invoke.DirectMethodHandle$Holder.invokeStaticInit(java.lang.Object, long, long)'> (0x0000040004597140) 
thrown [s\open\src\hotspot\share\interpreter\linkResolver.cpp, line 796]
Event: 1.420 Thread 0x00000236c72d00d0 Exception <a 'java/lang/NoSuchMethodError'{0x000004000459fa80}: 'int java.lang.invoke.DirectMethodHandle$Holder.invokeStaticInit(java.lang.Object, float, float)'> (0x000004000459fa80) 
thrown [s\open\src\hotspot\share\interpreter\linkResolver.cpp, line 796]
Event: 1.422 Thread 0x00000236c72d00d0 Exception <a 'java/lang/NoSuchMethodError'{0x00000400045a83b8}: 'int java.lang.invoke.DirectMethodHandle$Holder.invokeStaticInit(java.lang.Object, double, double)'> (0x00000400045a83b8) 
thrown [s\open\src\hotspot\share\interpreter\linkResolver.cpp, line 796]
Event: 1.424 Thread 0x00000236c72d00d0 Exception <a 'java/lang/NoSuchMethodError'{0x00000400045ae018}: 'int java.lang.invoke.DirectMethodHandle$Holder.invokeStatic(java.lang.Object, long)'> (0x00000400045ae018) 
thrown [s\open\src\hotspot\share\interpreter\linkResolver.cpp, line 796]
Event: 1.428 Thread 0x00000236c72d00d0 Exception <a 'java/lang/NoSuchMethodError'{0x00000400045c9e28}: 'int java.lang.invoke.DirectMethodHandle$Holder.invokeSpecial(java.lang.Object, java.lang.Object, int, int)'> (0x00000400045c9e28) 
thrown [s\open\src\hotspot\share\interpreter\linkResolver.cpp, line 796]
Event: 1.430 Thread 0x00000236c72d00d0 Exception <a 'java/lang/NoSuchMethodError'{0x00000400045db830}: 'int java.lang.invoke.Invokers$Holder.linkToTargetMethod(java.lang.Object, java.lang.Object)'> (0x00000400045db830) 
thrown [s\open\src\hotspot\share\interpreter\linkResolver.cpp, line 796]
Event: 1.457 Thread 0x00000236c72d00d0 Exception <a 'java/lang/IncompatibleClassChangeError'{0x00000400046124d0}: Found class java.lang.Object, but interface was expected> (0x00000400046124d0) 
thrown [s\open\src\hotspot\share\interpreter\linkResolver.cpp, line 863]
Event: 1.461 Thread 0x00000236c72d00d0 Exception <a 'java/lang/NoSuchMethodError'{0x000004000462b198}: 'java.lang.Object java.lang.invoke.DirectMethodHandle$Holder.invokeVirtual(java.lang.Object, java.lang.Object, java.lang.Object, java.lang.Object, java.lang.Object)'> (0x000004000462b198) 
thrown [s\open\src\hotspot\share\interpreter\linkResolver.cpp, line 796]
Event: 1.476 Thread 0x00000236c72d00d0 Exception <a 'java/lang/NoSuchMethodError'{0x000004000466df38}: 'int java.lang.invoke.DirectMethodHandle$Holder.invokeSpecial(java.lang.Object, java.lang.Object, int)'> (0x000004000466df38) 
thrown [s\open\src\hotspot\share\interpreter\linkResolver.cpp, line 796]
Event: 1.479 Thread 0x00000236c72d00d0 Exception <a 'java/lang/NoSuchMethodError'{0x000004000467c580}: 'void java.lang.invoke.DirectMethodHandle$Holder.invokeStatic(java.lang.Object, long)'> (0x000004000467c580) 
thrown [s\open\src\hotspot\share\interpreter\linkResolver.cpp, line 796]
Event: 1.480 Thread 0x00000236c72d00d0 Exception <a 'java/lang/NoSuchMethodError'{0x0000040004683188}: 'java.lang.Object java.lang.invoke.DirectMethodHandle$Holder.newInvokeSpecial(java.lang.Object, long)'> (0x0000040004683188) 
thrown [s\open\src\hotspot\share\interpreter\linkResolver.cpp, line 796]
Event: 1.503 Thread 0x00000236c72d00d0 Exception <a 'java/lang/NoSuchMethodError'{0x00000400046b8988}: 'void java.lang.invoke.DirectMethodHandle$Holder.invokeStatic(java.lang.Object, int, java.lang.Object)'> (0x00000400046b8988) 
thrown [s\open\src\hotspot\share\interpreter\linkResolver.cpp, line 796]
Event: 1.523 Thread 0x00000236c72d00d0 Exception <a 'java/lang/NoSuchMethodError'{0x00000400046ee230}: 'int java.lang.invoke.DirectMethodHandle$Holder.invokeStaticInit(java.lang.Object, java.lang.Object, java.lang.Object, java.lang.Object, java.lang.Object)'> (0x00000400046ee230) 
thrown [s\open\src\hotspot\share\interpreter\linkResolver.cpp, line 796]
Event: 1.524 Thread 0x00000236c72d00d0 Exception <a 'java/lang/NoSuchMethodError'{0x00000400046f7460}: 'int java.lang.invoke.DelegatingMethodHandle$Holder.reinvoke_L(java.lang.Object, java.lang.Object, java.lang.Object, java.lang.Object, java.lang.Object)'> (0x00000400046f7460) 
thrown [s\open\src\hotspot\share\interpreter\linkResolver.cpp, line 796]
Event: 1.527 Thread 0x00000236c72d00d0 Exception <a 'java/lang/NoSuchMethodError'{0x000004000470de80}: 'int java.lang.invoke.DirectMethodHandle$Holder.invokeSpecial(java.lang.Object, java.lang.Object, java.lang.Object, java.lang.Object)'> (0x000004000470de80) 
thrown [s\open\src\hotspot\share\interpreter\linkResolver.cpp, line 796]
Event: 1.527 Thread 0x00000236c72d00d0 Exception <a 'java/lang/NoSuchMethodError'{0x0000040004711fe0}: 'int java.lang.invoke.Invokers$Holder.invokeExact_MT(java.lang.Object, java.lang.Object, java.lang.Object, java.lang.Object)'> (0x0000040004711fe0) 
thrown [s\open\src\hotspot\share\interpreter\linkResolver.cpp, line 796]
Event: 1.529 Thread 0x00000236c72d00d0 Exception <a 'java/lang/NoSuchMethodError'{0x0000040004716b98}: 'java.lang.Object java.lang.invoke.Invokers$Holder.invoke_MT(java.lang.Object, java.lang.Object, java.lang.Object, java.lang.Object, java.lang.Object)'> (0x0000040004716b98) 
thrown [s\open\src\hotspot\share\interpreter\linkResolver.cpp, line 796]
Event: 1.542 Thread 0x00000236c72d00d0 Exception <a 'java/lang/NoSuchMethodError'{0x00000400047479b8}: 'int java.lang.invoke.DirectMethodHandle$Holder.invokeStaticInit(java.lang.Object, java.lang.Object, java.lang.Object, java.lang.Object, int, java.lang.Object, java.lang.Object)'> (0x00000400047479b8) 
thrown [s\open\src\hotspot\share\interpreter\linkResolver.cpp, line 796]
Event: 1.543 Thread 0x00000236c72d00d0 Exception <a 'java/lang/NoSuchMethodError'{0x0000040004751170}: 'int java.lang.invoke.DelegatingMethodHandle$Holder.reinvoke_L(java.lang.Object, java.lang.Object, java.lang.Object, java.lang.Object, int, java.lang.Object, java.lang.Object)'> (0x0000040004751170) 
thrown [s\open\src\hotspot\share\interpreter\linkResolver.cpp, line 796]
Event: 1.553 Thread 0x00000236c72d00d0 Exception <a 'java/lang/NoSuchMethodError'{0x000004000477dec8}: 'long java.lang.invoke.DirectMethodHandle$Holder.invokeStaticInit(java.lang.Object, long, long, long, long)'> (0x000004000477dec8) 
thrown [s\open\src\hotspot\share\interpreter\linkResolver.cpp, line 796]
Event: 1.554 Thread 0x00000236c72d00d0 Exception <a 'java/lang/NoSuchMethodError'{0x0000040004782ae0}: 'java.lang.Object java.lang.invoke.DirectMethodHandle$Holder.invokeInterface(java.lang.Object, java.lang.Object, long, long)'> (0x0000040004782ae0) 
thrown [s\open\src\hotspot\share\interpreter\linkResolver.cpp, line 796]
Event: 1.555 Thread 0x00000236c72d00d0 Exception <a 'java/lang/NoSuchMethodError'{0x00000400047875c0}: 'java.lang.Object java.lang.invoke.DirectMethodHandle$Holder.invokeInterface(java.lang.Object, java.lang.Object, long, java.lang.Object)'> (0x00000400047875c0) 
thrown [s\open\src\hotspot\share\interpreter\linkResolver.cpp, line 796]
Event: 1.556 Thread 0x00000236c72d00d0 Exception <a 'java/lang/NoSuchMethodError'{0x000004000478fb80}: 'void java.lang.invoke.DirectMethodHandle$Holder.invokeStaticInit(java.lang.Object, java.lang.Object, long, java.lang.Object)'> (0x000004000478fb80) 
thrown [s\open\src\hotspot\share\interpreter\linkResolver.cpp, line 796]
Event: 1.561 Thread 0x00000236c72d00d0 Exception <a 'java/lang/NoSuchMethodError'{0x000004000479c2c8}: 'long java.lang.invoke.DirectMethodHandle$Holder.invokeInterface(java.lang.Object, java.lang.Object)'> (0x000004000479c2c8) 
thrown [s\open\src\hotspot\share\interpreter\linkResolver.cpp, line 796]
Event: 1.563 Thread 0x00000236c72d00d0 Exception <a 'java/lang/NoSuchMethodError'{0x00000400047aaed8}: 'java.lang.Object java.lang.invoke.DelegatingMethodHandle$Holder.reinvoke_L(java.lang.Object, long, long, long)'> (0x00000400047aaed8) 
thrown [s\open\src\hotspot\share\interpreter\linkResolver.cpp, line 796]
Event: 1.565 Thread 0x00000236c72d00d0 Exception <a 'java/lang/NoSuchMethodError'{0x00000400047c54d8}: 'java.lang.Object java.lang.invoke.DirectMethodHandle$Holder.invokeStatic(java.lang.Object, java.lang.Object, java.lang.Object, java.lang.Object, long, long)'> (0x00000400047c54d8) 
thrown [s\open\src\hotspot\share\interpreter\linkResolver.cpp, line 796]
Event: 1.569 Thread 0x00000236c72d00d0 Exception <a 'java/lang/NoSuchMethodError'{0x00000400047e3258}: 'java.lang.Object java.lang.invoke.DirectMethodHandle$Holder.invokeStatic(java.lang.Object, java.lang.Object, int)'> (0x00000400047e3258) 
thrown [s\open\src\hotspot\share\interpreter\linkResolver.cpp, line 796]
Event: 1.572 Thread 0x00000236c72d00d0 Exception <a 'java/lang/NoSuchMethodError'{0x00000400047ff188}: 'void java.lang.invoke.DelegatingMethodHandle$Holder.delegate(java.lang.Object, java.lang.Object, int, java.lang.Object)'> (0x00000400047ff188) 
thrown [s\open\src\hotspot\share\interpreter\linkResolver.cpp, line 796]
Event: 1.579 Thread 0x00000236c72d00d0 Exception <a 'java/lang/NoSuchMethodError'{0x0000040004833798}: 'java.lang.Object java.lang.invoke.DirectMethodHandle$Holder.newInvokeSpecial(java.lang.Object, int, java.lang.Object)'> (0x0000040004833798) 
thrown [s\open\src\hotspot\share\interpreter\linkResolver.cpp, line 796]
Event: 1.581 Thread 0x00000236c72d00d0 Exception <a 'java/lang/NoSuchMethodError'{0x000004000483dd48}: 'void java.lang.invoke.DelegatingMethodHandle$Holder.reinvoke_L(java.lang.Object, java.lang.Object, long, java.lang.Object)'> (0x000004000483dd48) 
thrown [s\open\src\hotspot\share\interpreter\linkResolver.cpp, line 796]
Event: 1.583 Thread 0x00000236c72d00d0 Exception <a 'java/lang/NoSuchMethodError'{0x000004000484f1e8}: 'java.lang.Object java.lang.invoke.DirectMethodHandle$Holder.invokeSpecial(java.lang.Object, java.lang.Object, java.lang.Object, java.lang.Object, long)'> (0x000004000484f1e8) 
thrown [s\open\src\hotspot\share\interpreter\linkResolver.cpp, line 796]
Event: 1.590 Thread 0x00000236c72d00d0 Exception <a 'java/lang/NoSuchMethodError'{0x000004000487b038}: 'long java.lang.invoke.DelegatingMethodHandle$Holder.reinvoke_L(java.lang.Object, java.lang.Object, java.lang.Object, long)'> (0x000004000487b038) 
thrown [s\open\src\hotspot\share\interpreter\linkResolver.cpp, line 796]
Event: 1.592 Thread 0x00000236c72d00d0 Exception <a 'java/lang/NoSuchMethodError'{0x0000040004889ef0}: 'void java.lang.invoke.DirectMethodHandle$Holder.invokeSpecial(java.lang.Object, java.lang.Object, java.lang.Object, long)'> (0x0000040004889ef0) 
thrown [s\open\src\hotspot\share\interpreter\linkResolver.cpp, line 796]
Event: 1.596 Thread 0x00000236c72d00d0 Exception <a 'java/lang/NoSuchMethodError'{0x00000400048a7468}: 'int java.lang.invoke.DelegatingMethodHandle$Holder.reinvoke_L(java.lang.Object, java.lang.Object, java.lang.Object, long)'> (0x00000400048a7468) 
thrown [s\open\src\hotspot\share\interpreter\linkResolver.cpp, line 796]
Event: 1.607 Thread 0x00000236dd393600 Exception <a 'sun/nio/fs/WindowsException'{0x00000400043d6f10}> (0x00000400043d6f10) 
thrown [s\open\src\hotspot\share\prims\jni.cpp, line 520]
Event: 1.653 Thread 0x00000236dd393600 Exception <a 'java/lang/NoSuchMethodError'{0x0000040004aef800}: 'java.lang.Object java.lang.invoke.DirectMethodHandle$Holder.newInvokeSpecial(java.lang.Object, java.lang.Object, java.lang.Object, java.lang.Object, java.lang.Object, java.lang.Object, java.lang.Object, java.lang.Object, java.lang.Object, java.lang.Object)'> (0x0000040004aef800) 
thrown [s\open\src\hotspot\share\interpreter\linkResolver.cpp, line 796]
Event: 1.774 Thread 0x00000236dd393600 Exception <a 'java/lang/NoSuchMethodError'{0x0000040004d62cd8}: 'long java.lang.invoke.DirectMethodHandle$Holder.invokeStaticInit(java.lang.Object)'> (0x0000040004d62cd8) 
thrown [s\open\src\hotspot\share\interpreter\linkResolver.cpp, line 796]
Event: 1.775 Thread 0x00000236dd393600 Exception <a 'java/lang/NoSuchMethodError'{0x0000040004d6a7d8}: 'java.lang.Object java.lang.invoke.DirectMethodHandle$Holder.invokeStatic(java.lang.Object, long, java.lang.Object, java.lang.Object)'> (0x0000040004d6a7d8) 
thrown [s\open\src\hotspot\share\interpreter\linkResolver.cpp, line 796]
Event: 1.802 Thread 0x00000236dd393600 Exception <a 'sun/nio/fs/WindowsException'{0x0000040004e39868}> (0x0000040004e39868) 
thrown [s\open\src\hotspot\share\prims\jni.cpp, line 520]
Event: 1.802 Thread 0x00000236dd393600 Exception <a 'sun/nio/fs/WindowsException'{0x0000040004e39dd0}> (0x0000040004e39dd0) 
thrown [s\open\src\hotspot\share\prims\jni.cpp, line 520]
Event: 1.890 Thread 0x00000236dd393600 Exception <a 'java/lang/NoSuchMethodError'{0x000004000530c5b0}: 'void java.lang.invoke.DirectMethodHandle$Holder.invokeStaticInit(java.lang.Object)'> (0x000004000530c5b0) 
thrown [s\open\src\hotspot\share\interpreter\linkResolver.cpp, line 796]
Event: 1.973 Thread 0x00000236dd393600 Exception <a 'java/lang/NoSuchMethodError'{0x00000400054c2210}: 'int java.lang.invoke.DirectMethodHandle$Holder.invokeStatic(java.lang.Object, int, java.lang.Object)'> (0x00000400054c2210) 
thrown [s\open\src\hotspot\share\interpreter\linkResolver.cpp, line 796]
Event: 1.985 Thread 0x00000236dd393600 Exception <a 'java/lang/NoSuchMethodError'{0x00000400054d78f8}: 'void java.lang.invoke.DirectMethodHandle$Holder.invokeVirtual(java.lang.Object, java.lang.Object)'> (0x00000400054d78f8) 
thrown [s\open\src\hotspot\share\interpreter\linkResolver.cpp, line 796]
Event: 2.041 Thread 0x00000236dd393600 Exception <a 'java/lang/NoSuchMethodError'{0x00000400055b2538}: 'void java.lang.invoke.DirectMethodHandle$Holder.invokeStaticInit(java.lang.Object, java.lang.Object, java.lang.Object)'> (0x00000400055b2538) 
thrown [s\open\src\hotspot\share\interpreter\linkResolver.cpp, line 796]
Event: 2.223 Thread 0x00000236dd393600 Exception <a 'java/lang/NoSuchMethodError'{0x000004000598f680}: 'java.lang.Object java.lang.invoke.DirectMethodHandle$Holder.invokeStaticInit(java.lang.Object, java.lang.Object, java.lang.Object, int)'> (0x000004000598f680) 
thrown [s\open\src\hotspot\share\interpreter\linkResolver.cpp, line 796]
Event: 2.537 Thread 0x00000236dd393600 Exception <a 'java/lang/NoSuchMethodError'{0x0000040006140e50}: 'void java.lang.invoke.DirectMethodHandle$Holder.invokeSpecial(java.lang.Object, java.lang.Object, java.lang.Object, java.lang.Object, java.lang.Object, java.lang.Object)'> (0x0000040006140e50) 
thrown [s\open\src\hotspot\share\interpreter\linkResolver.cpp, line 796]
Event: 2.616 Thread 0x00000236c72d00d0 Exception <a 'java/lang/NoSuchMethodError'{0x00000400049a0618}: 'void java.lang.invoke.Invokers$Holder.invokeExact_MT(java.lang.Object, java.lang.Object, java.lang.Object, java.lang.Object)'> (0x00000400049a0618) 
thrown [s\open\src\hotspot\share\interpreter\linkResolver.cpp, line 796]
Event: 2.642 Thread 0x00000236c72d00d0 Exception <a 'java/lang/NoSuchMethodError'{0x0000040006425ce0}: 'void java.lang.invoke.DelegatingMethodHandle$Holder.reinvoke_L(java.lang.Object, java.lang.Object, int)'> (0x0000040006425ce0) 
thrown [s\open\src\hotspot\share\interpreter\linkResolver.cpp, line 796]
Event: 2.642 Thread 0x00000236c72d00d0 Exception <a 'java/lang/NoSuchMethodError'{0x000004000642e6e8}: 'int java.lang.invoke.Invokers$Holder.invokeExact_MT(java.lang.Object, java.lang.Object, java.lang.Object)'> (0x000004000642e6e8) 
thrown [s\open\src\hotspot\share\interpreter\linkResolver.cpp, line 796]
Event: 2.781 Thread 0x00000236c72d00d0 Exception <a 'java/lang/NoSuchMethodError'{0x00000400066175a8}: 'void java.lang.invoke.Invokers$Holder.invokeExact_MT(java.lang.Object, java.lang.Object, int, java.lang.Object)'> (0x00000400066175a8) 
thrown [s\open\src\hotspot\share\interpreter\linkResolver.cpp, line 796]
Event: 2.864 Thread 0x00000236c72d00d0 Exception <a 'java/lang/NullPointerException'{0x000004000680e4a0}> (0x000004000680e4a0) 
thrown [s\open\src\hotspot\share\interpreter\linkResolver.cpp, line 1389]
Event: 2.866 Thread 0x00000236c72d00d0 Exception <a 'java/lang/NullPointerException'{0x00000400068149a8}> (0x00000400068149a8) 
thrown [s\open\src\hotspot\share\interpreter\linkResolver.cpp, line 1389]
Event: 2.866 Thread 0x00000236c72d00d0 Exception <a 'java/lang/NullPointerException'{0x0000040006818fa8}> (0x0000040006818fa8) 
thrown [s\open\src\hotspot\share\interpreter\linkResolver.cpp, line 1389]
Event: 2.867 Thread 0x00000236c72d00d0 Exception <a 'java/lang/NullPointerException'{0x000004000681d5b0}> (0x000004000681d5b0) 
thrown [s\open\src\hotspot\share\interpreter\linkResolver.cpp, line 1389]
Event: 2.867 Thread 0x00000236c72d00d0 Exception <a 'java/lang/NullPointerException'{0x0000040006821bc0}> (0x0000040006821bc0) 
thrown [s\open\src\hotspot\share\interpreter\linkResolver.cpp, line 1389]
Event: 2.868 Thread 0x00000236c72d00d0 Exception <a 'java/lang/NullPointerException'{0x00000400068261c0}> (0x00000400068261c0) 
thrown [s\open\src\hotspot\share\interpreter\linkResolver.cpp, line 1389]
Event: 2.869 Thread 0x00000236c72d00d0 Exception <a 'java/lang/NullPointerException'{0x0000040006832cd0}> (0x0000040006832cd0) 
thrown [s\open\src\hotspot\share\interpreter\linkResolver.cpp, line 1389]
Event: 2.872 Thread 0x00000236c72d00d0 Exception <a 'java/lang/NullPointerException'{0x00000400068482d0}> (0x00000400068482d0) 
thrown [s\open\src\hotspot\share\interpreter\linkResolver.cpp, line 1389]
Event: 2.927 Thread 0x00000236c72d00d0 Exception <a 'sun/nio/fs/WindowsException'{0x0000040006a4d828}> (0x0000040006a4d828) 
thrown [s\open\src\hotspot\share\prims\jni.cpp, line 520]
Event: 2.930 Thread 0x00000236c72d00d0 Exception <a 'sun/nio/fs/WindowsException'{0x0000040006a63e50}> (0x0000040006a63e50) 
thrown [s\open\src\hotspot\share\prims\jni.cpp, line 520]
Event: 3.307 Thread 0x00000236c72d00d0 Exception <a 'java/lang/NoSuchMethodError'{0x00000400078f56e8}: 'java.lang.Object java.lang.invoke.DirectMethodHandle$Holder.invokeStatic(java.lang.Object, int, java.lang.Object)'> (0x00000400078f56e8) 
thrown [s\open\src\hotspot\share\interpreter\linkResolver.cpp, line 796]
Event: 3.309 Thread 0x00000236c72d00d0 Exception <a 'java/lang/NoSuchMethodError'{0x0000040007903780}: 'java.lang.Object java.lang.invoke.DirectMethodHandle$Holder.newInvokeSpecial(java.lang.Object, java.lang.Object, java.lang.Object, int)'> (0x0000040007903780) 
thrown [s\open\src\hotspot\share\interpreter\linkResolver.cpp, line 796]
Event: 3.310 Thread 0x00000236c72d00d0 Exception <a 'java/lang/NoSuchMethodError'{0x0000040007908978}: 'java.lang.Object java.lang.invoke.DirectMethodHandle$Holder.invokeSpecial(java.lang.Object, java.lang.Object, java.lang.Object, java.lang.Object, int)'> (0x0000040007908978) 
thrown [s\open\src\hotspot\share\interpreter\linkResolver.cpp, line 796]
Event: 3.310 Thread 0x00000236c72d00d0 Exception <a 'java/lang/NoSuchMethodError'{0x000004000790d0c8}: 'java.lang.Object java.lang.invoke.Invokers$Holder.linkToTargetMethod(java.lang.Object, java.lang.Object, int, java.lang.Object)'> (0x000004000790d0c8) 
thrown [s\open\src\hotspot\share\interpreter\linkResolver.cpp, line 796]
Event: 3.395 Thread 0x00000236c72d00d0 Exception <a 'java/lang/NoSuchMethodError'{0x000004000360b9a0}: 'java.lang.Object java.lang.invoke.DirectMethodHandle$Holder.invokeStaticInit(java.lang.Object, int, int, int, int)'> (0x000004000360b9a0) 
thrown [s\open\src\hotspot\share\interpreter\linkResolver.cpp, line 796]
Event: 3.432 Thread 0x00000236c72d00d0 Exception <a 'java/lang/NoSuchMethodError'{0x000004000368b658}: 'java.lang.Object java.lang.invoke.DirectMethodHandle$Holder.invokeStaticInit(java.lang.Object, java.lang.Object, int, int, int, int)'> (0x000004000368b658) 
thrown [s\open\src\hotspot\share\interpreter\linkResolver.cpp, line 796]
Event: 3.465 Thread 0x00000236c72d00d0 Exception <a 'java/lang/NoSuchMethodError'{0x00000400036e51a0}: 'java.lang.Object java.lang.invoke.DirectMethodHandle$Holder.invokeSpecial(java.lang.Object, java.lang.Object, int, java.lang.Object, java.lang.Object)'> (0x00000400036e51a0) 
thrown [s\open\src\hotspot\share\interpreter\linkResolver.cpp, line 796]
Event: 3.466 Thread 0x00000236c72d00d0 Exception <a 'java/lang/NoSuchMethodError'{0x00000400036e9c78}: 'java.lang.Object java.lang.invoke.DelegatingMethodHandle$Holder.delegate(java.lang.Object, int, java.lang.Object, java.lang.Object)'> (0x00000400036e9c78) 
thrown [s\open\src\hotspot\share\interpreter\linkResolver.cpp, line 796]
Event: 3.472 Thread 0x00000236c72d00d0 Exception <a 'java/lang/NoSuchMethodError'{0x00000400036fd7b0}: 'int java.lang.invoke.Invokers$Holder.linkToTargetMethod(java.lang.Object, java.lang.Object, java.lang.Object)'> (0x00000400036fd7b0) 
thrown [s\open\src\hotspot\share\interpreter\linkResolver.cpp, line 796]
Event: 3.477 Thread 0x00000236c72d00d0 Exception <a 'sun/nio/fs/WindowsException'{0x0000040003806b68}> (0x0000040003806b68) 
thrown [s\open\src\hotspot\share\prims\jni.cpp, line 520]
Event: 3.484 Thread 0x00000236c72d00d0 Exception <a 'java/lang/IncompatibleClassChangeError'{0x0000040003821be8}: Found class java.lang.Object, but interface was expected> (0x0000040003821be8) 
thrown [s\open\src\hotspot\share\interpreter\linkResolver.cpp, line 863]
Event: 3.499 Thread 0x00000236c72d00d0 Exception <a 'sun/nio/fs/WindowsException'{0x000004000387a048}> (0x000004000387a048) 
thrown [s\open\src\hotspot\share\prims\jni.cpp, line 520]
Event: 3.549 Thread 0x00000236c72d00d0 Implicit null exception at 0x00000236e5186299 to 0x00000236e51868fc
Event: 3.549 Thread 0x00000236c72d00d0 Implicit null exception at 0x00000236e516f01d to 0x00000236e516f09d
Event: 3.554 Thread 0x00000236c72d00d0 Exception <a 'java/lang/NoSuchMethodError'{0x000004000545a578}: 'double java.lang.invoke.DirectMethodHandle$Holder.invokeStatic(java.lang.Object)'> (0x000004000545a578) 
thrown [s\open\src\hotspot\share\interpreter\linkResolver.cpp, line 796]
Event: 3.573 Thread 0x00000236c72d00d0 Exception <a 'sun/nio/fs/WindowsException'{0x000004000553b878}> (0x000004000553b878) 
thrown [s\open\src\hotspot\share\prims\jni.cpp, line 520]
Event: 3.595 Thread 0x00000236c72d00d0 Exception <a 'sun/nio/fs/WindowsException'{0x00000400055f0b38}> (0x00000400055f0b38) 
thrown [s\open\src\hotspot\share\prims\jni.cpp, line 520]
Event: 3.705 Thread 0x00000236c8a9be50 Exception <a 'java/lang/NoSuchMethodError'{0x0000040006087a70}: 'java.lang.Object java.lang.invoke.DirectMethodHandle$Holder.newInvokeSpecial(java.lang.Object, java.lang.Object, java.lang.Object, int, java.lang.Object)'> (0x0000040006087a70) 
thrown [s\open\src\hotspot\share\interpreter\linkResolver.cpp, line 796]
Event: 3.705 Thread 0x00000236c8a9be50 Exception <a 'java/lang/NoSuchMethodError'{0x00000400060910e0}: 'java.lang.Object java.lang.invoke.Invokers$Holder.linkToTargetMethod(java.lang.Object, java.lang.Object, int, java.lang.Object, java.lang.Object)'> (0x00000400060910e0) 
thrown [s\open\src\hotspot\share\interpreter\linkResolver.cpp, line 796]
Event: 3.715 Thread 0x00000236c8a9a410 Exception <a 'java/lang/NoSuchMethodError'{0x0000040007cd4770}: 'java.lang.Object java.lang.invoke.DirectMethodHandle$Holder.newInvokeSpecial(java.lang.Object, java.lang.Object, java.lang.Object, java.lang.Object, java.lang.Object, java.lang.Object)'> (0x0000040007cd4770) 
thrown [s\open\src\hotspot\share\interpreter\linkResolver.cpp, line 796]
Event: 3.749 Thread 0x00000236c8a9d200 Exception <a 'java/lang/NoSuchMethodError'{0x00000400064d8c68}: 'java.lang.Object java.lang.invoke.DirectMethodHandle$Holder.invokeStatic(java.lang.Object, java.lang.Object, int, java.lang.Object, java.lang.Object)'> (0x00000400064d8c68) 
thrown [s\open\src\hotspot\share\interpreter\linkResolver.cpp, line 796]
Event: 3.750 Thread 0x00000236c8a9d200 Exception <a 'java/lang/NoSuchMethodError'{0x00000400064e23c0}: 'java.lang.Object java.lang.invoke.DirectMethodHandle$Holder.newInvokeSpecial(java.lang.Object, java.lang.Object, int, java.lang.Object)'> (0x00000400064e23c0) 
thrown [s\open\src\hotspot\share\interpreter\linkResolver.cpp, line 796]
Event: 3.750 Thread 0x00000236c8a9d200 Exception <a 'java/lang/NoSuchMethodError'{0x00000400064e7040}: 'java.lang.Object java.lang.invoke.DirectMethodHandle$Holder.invokeSpecial(java.lang.Object, java.lang.Object, java.lang.Object, int, java.lang.Object)'> (0x00000400064e7040) 
thrown [s\open\src\hotspot\share\interpreter\linkResolver.cpp, line 796]
Event: 3.751 Thread 0x00000236c8a9d200 Exception <a 'java/lang/NoSuchMethodError'{0x00000400064eb590}: 'java.lang.Object java.lang.invoke.Invokers$Holder.linkToTargetMethod(java.lang.Object, int, java.lang.Object, java.lang.Object)'> (0x00000400064eb590) 
thrown [s\open\src\hotspot\share\interpreter\linkResolver.cpp, line 796]
Event: 3.753 Thread 0x00000236c8a9d200 Exception <a 'sun/nio/fs/WindowsException'{0x00000400064f9428}> (0x00000400064f9428) 
thrown [s\open\src\hotspot\share\prims\jni.cpp, line 520]
Event: 3.988 Thread 0x00000236c8a9cb70 Exception <a 'java/lang/NoSuchMethodError'{0x00000400046dbaf0}: 'java.lang.Object java.lang.invoke.DirectMethodHandle$Holder.newInvokeSpecial(java.lang.Object, java.lang.Object, java.lang.Object, java.lang.Object, java.lang.Object, java.lang.Object, java.lang.Object)'> (0x00000400046dbaf0) 
thrown [s\open\src\hotspot\share\interpreter\linkResolver.cpp, line 796]
Event: 4.113 Thread 0x00000236c869e3c0 Exception <a 'java/lang/NoSuchMethodError'{0x00000400043b5110}: 'java.lang.Object java.lang.invoke.DirectMethodHandle$Holder.newInvokeSpecial(java.lang.Object, java.lang.Object, java.lang.Object, int, java.lang.Object, java.lang.Object, java.lang.Object)'> (0x00000400043b5110) 
thrown [s\open\src\hotspot\share\interpreter\linkResolver.cpp, line 796]
Event: 4.116 Thread 0x00000236c869e3c0 Exception <a 'java/lang/NoSuchMethodError'{0x00000400043cc620}: 'java.lang.Object java.lang.invoke.DirectMethodHandle$Holder.invokeStatic(java.lang.Object, java.lang.Object, int, java.lang.Object)'> (0x00000400043cc620) 
thrown [s\open\src\hotspot\share\interpreter\linkResolver.cpp, line 796]
Event: 4.117 Thread 0x00000236c869e3c0 Exception <a 'java/lang/NoSuchMethodError'{0x00000400043d5930}: 'java.lang.Object java.lang.invoke.DirectMethodHandle$Holder.newInvokeSpecial(java.lang.Object, java.lang.Object, int)'> (0x00000400043d5930) 
thrown [s\open\src\hotspot\share\interpreter\linkResolver.cpp, line 796]
Event: 4.127 Thread 0x00000236c869e3c0 Exception <a 'java/lang/NoSuchMethodError'{0x000004000663acf8}: 'java.lang.Object java.lang.invoke.DirectMethodHandle$Holder.invokeStatic(java.lang.Object, java.lang.Object, java.lang.Object, java.lang.Object, int, java.lang.Object)'> (0x000004000663acf8) 
thrown [s\open\src\hotspot\share\interpreter\linkResolver.cpp, line 796]
Event: 4.129 Thread 0x00000236c869e3c0 Exception <a 'java/lang/NoSuchMethodError'{0x00000400066460a8}: 'java.lang.Object java.lang.invoke.DirectMethodHandle$Holder.newInvokeSpecial(java.lang.Object, java.lang.Object, java.lang.Object, java.lang.Object, int, java.lang.Object)'> (0x00000400066460a8) 
thrown [s\open\src\hotspot\share\interpreter\linkResolver.cpp, line 796]
Event: 4.130 Thread 0x00000236c869e3c0 Exception <a 'java/lang/NoSuchMethodError'{0x000004000664f820}: 'java.lang.Object java.lang.invoke.Invokers$Holder.linkToTargetMethod(java.lang.Object, java.lang.Object, java.lang.Object, int, java.lang.Object, java.lang.Object)'> (0x000004000664f820) 
thrown [s\open\src\hotspot\share\interpreter\linkResolver.cpp, line 796]
Event: 4.130 Thread 0x00000236c869e3c0 Exception <a 'java/lang/NoSuchMethodError'{0x00000400066542b0}: 'java.lang.Object java.lang.invoke.DirectMethodHandle$Holder.invokeStatic(java.lang.Object, java.lang.Object, java.lang.Object, java.lang.Object, java.lang.Object, int, java.lang.Object)'> (0x00000400066542b0) 
thrown [s\open\src\hotspot\share\interpreter\linkResolver.cpp, line 796]
Event: 4.132 Thread 0x00000236c869e3c0 Exception <a 'java/lang/NoSuchMethodError'{0x000004000665fe00}: 'java.lang.Object java.lang.invoke.DirectMethodHandle$Holder.newInvokeSpecial(java.lang.Object, java.lang.Object, java.lang.Object, java.lang.Object, java.lang.Object, int)'> (0x000004000665fe00) 
thrown [s\open\src\hotspot\share\interpreter\linkResolver.cpp, line 796]
Event: 4.132 Thread 0x00000236c869e3c0 Exception <a 'java/lang/NoSuchMethodError'{0x0000040006665508}: 'java.lang.Object java.lang.invoke.DirectMethodHandle$Holder.invokeSpecial(java.lang.Object, java.lang.Object, java.lang.Object, java.lang.Object, java.lang.Object, java.lang.Object, int)'> (0x0000040006665508) 
thrown [s\open\src\hotspot\share\interpreter\linkResolver.cpp, line 796]
Event: 4.133 Thread 0x00000236c869e3c0 Exception <a 'java/lang/NoSuchMethodError'{0x0000040006669ed0}: 'java.lang.Object java.lang.invoke.Invokers$Holder.linkToTargetMethod(java.lang.Object, java.lang.Object, java.lang.Object, java.lang.Object, int, java.lang.Object)'> (0x0000040006669ed0) 
thrown [s\open\src\hotspot\share\interpreter\linkResolver.cpp, line 796]
Event: 4.445 Thread 0x00000236c72d00d0 Exception <a 'java/lang/NoSuchMethodError'{0x000004000597d210}: 'java.lang.Object java.lang.invoke.DirectMethodHandle$Holder.invokeStatic(java.lang.Object, java.lang.Object, java.lang.Object, java.lang.Object, java.lang.Object, java.lang.Object, java.lang.Object, java.lang.Object, java.lang.Object, java.lang.Object, java.lang.Object, java.lang.Object, java.lang.Object)'> (0x000004000597d210) 
thrown [s\open\src\hotspot\share\interpreter\linkResolver.cpp, line 796]
Event: 4.448 Thread 0x00000236c72d00d0 Exception <a 'java/lang/NoSuchMethodError'{0x00000400059a33d8}: 'java.lang.Object java.lang.invoke.DirectMethodHandle$Holder.invokeStatic(java.lang.Object, java.lang.Object, java.lang.Object, java.lang.Object, java.lang.Object, java.lang.Object, java.lang.Object, java.lang.Object, java.lang.Object, java.lang.Object, java.lang.Object, java.lang.Object, java.lang.Object, java.lang.Object)'> (0x00000400059a33d8) 
thrown [s\open\src\hotspot\share\interpreter\linkResolver.cpp, line 796]
Event: 4.452 Thread 0x00000236c72d00d0 Exception <a 'java/lang/NoSuchMethodError'{0x00000400059d1e08}: 'java.lang.Object java.lang.invoke.DirectMethodHandle$Holder.invokeStatic(java.lang.Object, java.lang.Object, java.lang.Object, java.lang.Object, java.lang.Object, java.lang.Object, java.lang.Object, java.lang.Object, java.lang.Object, java.lang.Object, java.lang.Object, java.lang.Object, java.lang.Object, java.lang.Object, java.lang.Object)'> (0x00000400059d1e08) 
thrown [s\open\src\hotspot\share\interpreter\linkResolver.cpp, line 796]
Event: 4.455 Thread 0x00000236c72d00d0 Exception <a 'java/lang/NoSuchMethodError'{0x00000400059fde00}: 'java.lang.Object java.lang.invoke.DirectMethodHandle$Holder.invokeStatic(java.lang.Object, java.lang.Object, java.lang.Object, java.lang.Object, java.lang.Object, java.lang.Object, java.lang.Object, java.lang.Object, java.lang.Object, java.lang.Object, java.lang.Object, java.lang.Object, java.lang.Object, java.lang.Object, java.lang.Object, java.lang.Object)'> (0x00000400059fde00) 
thrown [s\open\src\hotspot\share\interpreter\linkResolver.cpp
Event: 4.458 Thread 0x00000236c72d00d0 Exception <a 'java/lang/NoSuchMethodError'{0x000004000741a6c0}: 'java.lang.Object java.lang.invoke.Invokers$Holder.linkToTargetMethod(java.lang.Object, java.lang.Object, java.lang.Object, java.lang.Object, java.lang.Object, java.lang.Object, java.lang.Object, java.lang.Object, java.lang.Object, java.lang.Object, java.lang.Object, java.lang.Object, java.lang.Object, java.lang.Object, java.lang.Object, java.lang.Object, java.lang.Object, java.lang.Object, java.lang.Object, java.lang.Object, java.lang.Object)
Event: 4.639 Thread 0x00000236c72d00d0 Exception <a 'sun/nio/fs/WindowsException'{0x00000400068374c8}> (0x00000400068374c8) 
thrown [s\open\src\hotspot\share\prims\jni.cpp, line 520]
Event: 4.640 Thread 0x00000236c72d00d0 Exception <a 'sun/nio/fs/WindowsException'{0x000004000683bb48}> (0x000004000683bb48) 
thrown [s\open\src\hotspot\share\prims\jni.cpp, line 520]
Event: 4.642 Thread 0x00000236c72d00d0 Exception <a 'sun/nio/fs/WindowsException'{0x0000040006849d48}> (0x0000040006849d48) 
thrown [s\open\src\hotspot\share\prims\jni.cpp, line 520]
Event: 4.642 Thread 0x00000236c72d00d0 Exception <a 'sun/nio/fs/WindowsException'{0x000004000684a210}> (0x000004000684a210) 
thrown [s\open\src\hotspot\share\prims\jni.cpp, line 520]
Event: 4.642 Thread 0x00000236c72d00d0 Exception <a 'sun/nio/fs/WindowsException'{0x000004000684a6d0}> (0x000004000684a6d0) 
thrown [s\open\src\hotspot\share\prims\jni.cpp, line 520]
Event: 4.642 Thread 0x00000236c72d00d0 Exception <a 'sun/nio/fs/WindowsException'{0x000004000684ab60}> (0x000004000684ab60) 
thrown [s\open\src\hotspot\share\prims\jni.cpp, line 520]
Event: 4.653 Thread 0x00000236c72d00d0 Exception <a 'sun/nio/fs/WindowsException'{0x0000040006871798}> (0x0000040006871798) 
thrown [s\open\src\hotspot\share\prims\jni.cpp, line 520]
Event: 4.668 Thread 0x00000236c72d00d0 Exception <a 'java/lang/NoSuchMethodError'{0x00000400068d2eb0}: 'java.lang.Object java.lang.invoke.DirectMethodHandle$Holder.newInvokeSpecial(java.lang.Object, int, java.lang.Object, java.lang.Object)'> (0x00000400068d2eb0) 
thrown [s\open\src\hotspot\share\interpreter\linkResolver.cpp, line 796]
Event: 4.861 Thread 0x00000236c72d00d0 Exception <a 'sun/nio/fs/WindowsException'{0x0000040006c1d5b0}> (0x0000040006c1d5b0) 
thrown [s\open\src\hotspot\share\prims\jni.cpp, line 520]
Event: 4.861 Thread 0x00000236c72d00d0 Exception <a 'sun/nio/fs/WindowsException'{0x0000040006c1de00}> (0x0000040006c1de00) 
thrown [s\open\src\hotspot\share\prims\jni.cpp, line 520]
Event: 5.057 Thread 0x00000236c72d00d0 Exception <a 'sun/nio/fs/WindowsException'{0x00000400031e1300}> (0x00000400031e1300) 
thrown [s\open\src\hotspot\share\prims\jni.cpp, line 520]
Event: 5.064 Thread 0x00000236c72d00d0 Exception <a 'sun/nio/fs/WindowsException'{0x00000400031f2b18}> (0x00000400031f2b18) 
thrown [s\open\src\hotspot\share\prims\jni.cpp, line 520]
Event: 5.165 Thread 0x00000236c72d00d0 Exception <a 'java/lang/NoSuchMethodError'{0x000004000717cec0}: 'void java.lang.invoke.DirectMethodHandle$Holder.invokeStaticInit(java.lang.Object, java.lang.Object, java.lang.Object, java.lang.Object, java.lang.Object)'> (0x000004000717cec0) 
thrown [s\open\src\hotspot\share\interpreter\linkResolver.cpp, line 796]
Event: 5.380 Thread 0x00000236c72d00d0 Exception <a 'java/lang/NoSuchMethodError'{0x0000040000816e60}: 'int java.lang.invoke.DirectMethodHandle$Holder.invokeStatic(java.lang.Object, java.lang.Object, java.lang.Object, java.lang.Object)'> (0x0000040000816e60) 
thrown [s\open\src\hotspot\share\interpreter\linkResolver.cpp, line 796]
Event: 5.428 Thread 0x00000236c72d00d0 Exception <a 'sun/nio/fs/WindowsException'{0x00000400008dbc80}> (0x00000400008dbc80) 
thrown [s\open\src\hotspot\share\prims\jni.cpp, line 520]
Event: 5.435 Thread 0x00000236c72d00d0 Exception <a 'sun/nio/fs/WindowsException'{0x00000400008f0790}> (0x00000400008f0790) 
thrown [s\open\src\hotspot\share\prims\jni.cpp, line 520]
Event: 5.439 Thread 0x00000236c72d00d0 Exception <a 'sun/nio/fs/WindowsException'{0x0000040000910c90}> (0x0000040000910c90) 
thrown [s\open\src\hotspot\share\prims\jni.cpp, line 520]
Event: 5.439 Thread 0x00000236c72d00d0 Exception <a 'sun/nio/fs/WindowsException'{0x0000040000911a58}> (0x0000040000911a58) 
thrown [s\open\src\hotspot\share\prims\jni.cpp, line 520]
Event: 5.494 Thread 0x00000236c72d00d0 Exception <a 'java/lang/NoSuchMethodError'{0x0000040006808538}: 'void java.lang.invoke.DirectMethodHandle$Holder.invokeSpecial(java.lang.Object, java.lang.Object, long)'> (0x0000040006808538) 
thrown [s\open\src\hotspot\share\interpreter\linkResolver.cpp, line 796]
Event: 5.499 Thread 0x00000236c8f943b0 Exception <a 'java/io/IOException'{0x0000040005e2f3d0}> (0x0000040005e2f3d0) 
thrown [s\open\src\hotspot\share\prims\jni.cpp, line 520]
Event: 5.505 Thread 0x00000236c72d00d0 Exception <a 'java/lang/NoSuchMethodError'{0x0000040006827738}: 'java.lang.Object java.lang.invoke.DirectMethodHandle$Holder.newInvokeSpecial(java.lang.Object, java.lang.Object, int, java.lang.Object, long)'> (0x0000040006827738) 
thrown [s\open\src\hotspot\share\interpreter\linkResolver.cpp, line 796]
Event: 5.521 Thread 0x00000236c72d00d0 Exception <a 'java/lang/NoSuchMethodError'{0x0000040006844828}: 'java.lang.Object java.lang.invoke.DirectMethodHandle$Holder.newInvokeSpecial(java.lang.Object, java.lang.Object, int, long)'> (0x0000040006844828) 
thrown [s\open\src\hotspot\share\interpreter\linkResolver.cpp, line 796]
Event: 5.559 Thread 0x00000236c8f91c50 Exception <a 'java/lang/InterruptedException'{0x0000040005800048}: sleep interrupted> (0x0000040005800048) 
thrown [s\open\src\hotspot\share\prims\jvm.cpp, line 3093]
Event: 5.642 Thread 0x00000236c72d00d0 Exception <a 'java/lang/NoSuchMethodError'{0x00000400030eb188}: 'java.lang.Object java.lang.invoke.DirectMethodHandle$Holder.invokeVirtual(java.lang.Object, java.lang.Object, java.lang.Object)'> (0x00000400030eb188) 
thrown [s\open\src\hotspot\share\interpreter\linkResolver.cpp, line 796]
Event: 5.645 Thread 0x00000236c72d00d0 Exception <a 'java/lang/IncompatibleClassChangeError'{0x0000040003114300}: Found class java.lang.Object, but interface was expected> (0x0000040003114300) 
thrown [s\open\src\hotspot\share\interpreter\linkResolver.cpp, line 863]
Event: 5.938 Thread 0x00000236c72d00d0 Exception <a 'java/lang/NoSuchMethodError'{0x0000040003a261f8}: 'long java.lang.invoke.DirectMethodHandle$Holder.invokeSpecial(java.lang.Object, java.lang.Object)'> (0x0000040003a261f8) 
thrown [s\open\src\hotspot\share\interpreter\linkResolver.cpp, line 796]
Event: 5.940 Thread 0x00000236c72d00d0 Exception <a 'java/lang/IncompatibleClassChangeError'{0x0000040003a3e100}: Found class java.lang.Object, but interface was expected> (0x0000040003a3e100) 
thrown [s\open\src\hotspot\share\interpreter\linkResolver.cpp, line 863]
Event: 5.985 Thread 0x00000236c72d00d0 Exception <a 'java/lang/NoSuchMethodError'{0x000004000749d568}: 'void java.lang.invoke.DirectMethodHandle$Holder.invokeSpecial(java.lang.Object, java.lang.Object, java.lang.Object, java.lang.Object, java.lang.Object)'> (0x000004000749d568) 
thrown [s\open\src\hotspot\share\interpreter\linkResolver.cpp, line 796]
Event: 6.108 Thread 0x00000236c72d00d0 Exception <a 'java/lang/NoSuchMethodError'{0x000004000473e418}: 'void java.lang.invoke.DirectMethodHandle$Holder.invokeVirtual(java.lang.Object, java.lang.Object, int)'> (0x000004000473e418) 
thrown [s\open\src\hotspot\share\interpreter\linkResolver.cpp, line 796]
Event: 6.109 Thread 0x00000236c72d00d0 Implicit null exception at 0x00000236e51f2eff to 0x00000236e51f3164
Event: 6.110 Thread 0x00000236c72d00d0 Exception <a 'java/lang/NoSuchMethodError'{0x0000040004751090}: 'java.lang.Object java.lang.invoke.DirectMethodHandle$Holder.invokeStatic(java.lang.Object, java.lang.Object, java.lang.Object, java.lang.Object, int)'> (0x0000040004751090) 
thrown [s\open\src\hotspot\share\interpreter\linkResolver.cpp, line 796]
Event: 6.189 Thread 0x00000236c72d00d0 Exception <a 'sun/nio/fs/WindowsException'{0x0000040007dc0798}> (0x0000040007dc0798) 
thrown [s\open\src\hotspot\share\prims\jni.cpp, line 520]
Event: 6.190 Thread 0x00000236c72d00d0 Exception <a 'sun/nio/fs/WindowsException'{0x0000040007dc2318}> (0x0000040007dc2318) 
thrown [s\open\src\hotspot\share\prims\jni.cpp, line 520]
Event: 6.229 Thread 0x00000236c72d00d0 Exception <a 'sun/nio/fs/WindowsException'{0x0000040007deab10}> (0x0000040007deab10) 
thrown [s\open\src\hotspot\share\prims\jni.cpp, line 520]
Event: 6.231 Thread 0x00000236c72d00d0 Exception <a 'sun/nio/fs/WindowsException'{0x0000040007df3608}> (0x0000040007df3608) 
thrown [s\open\src\hotspot\share\prims\jni.cpp, line 520]
Event: 6.232 Thread 0x00000236c72d00d0 Exception <a 'sun/nio/fs/WindowsException'{0x0000040007df4f70}> (0x0000040007df4f70) 
thrown [s\open\src\hotspot\share\prims\jni.cpp, line 520]
Event: 6.232 Thread 0x00000236c72d00d0 Exception <a 'sun/nio/fs/WindowsException'{0x0000040007df59f8}> (0x0000040007df59f8) 
thrown [s\open\src\hotspot\share\prims\jni.cpp, line 520]
Event: 6.262 Thread 0x00000236c72d00d0 Exception <a 'java/lang/NoSuchMethodError'{0x00000400078ee710}: 'java.lang.Object java.lang.invoke.DirectMethodHandle$Holder.invokeSpecial(java.lang.Object, java.lang.Object, java.lang.Object, int, int)'> (0x00000400078ee710) 
thrown [s\open\src\hotspot\share\interpreter\linkResolver.cpp, line 796]
Event: 6.276 Thread 0x00000236c72d00d0 Exception <a 'java/lang/NoSuchMethodError'{0x0000040007952b80}: 'int java.lang.invoke.DirectMethodHandle$Holder.invokeSpecial(java.lang.Object, java.lang.Object, java.lang.Object, java.lang.Object, java.lang.Object)'> (0x0000040007952b80) 
thrown [s\open\src\hotspot\share\interpreter\linkResolver.cpp, line 796]
Event: 6.306 Thread 0x00000236c72d00d0 Exception <a 'java/lang/NoSuchMethodError'{0x0000040002e877c8}: 'java.lang.Object java.lang.invoke.DirectMethodHandle$Holder.invokeStatic(java.lang.Object, java.lang.Object, java.lang.Object, java.lang.Object, java.lang.Object, java.lang.Object, int, int, int)'> (0x0000040002e877c8) 
thrown [s\open\src\hotspot\share\interpreter\linkResolver.cpp, line 796]
Event: 6.425 Thread 0x00000236c72d00d0 Exception <a 'java/lang/NoSuchMethodError'{0x00000400061f4028}: 'java.lang.Object java.lang.invoke.DirectMethodHandle$Holder.invokeSpecial(java.lang.Object, java.lang.Object, java.lang.Object, java.lang.Object, java.lang.Object, java.lang.Object, java.lang.Object, java.lang.Object, java.lang.Object, java.lang.Object, java.lang.Object, java.lang.Object, java.lang.Object, java.lang.Object, java.lang.Object, java.lang.Object)'> (0x00000400061f4028) 
thrown [s\open\src\hotspot\share\interpreter\linkResolver.cp
Event: 6.426 Thread 0x00000236c72d00d0 Exception <a 'java/lang/NoSuchMethodError'{0x00000400061f9460}: 'java.lang.Object java.lang.invoke.Invokers$Holder.linkToTargetMethod(java.lang.Object, java.lang.Object, java.lang.Object, java.lang.Object, java.lang.Object, java.lang.Object, java.lang.Object, java.lang.Object, java.lang.Object, java.lang.Object, java.lang.Object, java.lang.Object, java.lang.Object, java.lang.Object, java.lang.Object)'> (0x00000400061f9460) 
thrown [s\open\src\hotspot\share\interpreter\linkResolver.cpp, line 796]
Event: 6.475 Thread 0x00000236c8f93690 Exception <a 'java/io/IOException'{0x0000040003680fe8}> (0x0000040003680fe8) 
thrown [s\open\src\hotspot\share\prims\jni.cpp, line 520]
Event: 6.523 Thread 0x00000236c8f950d0 Exception <a 'java/lang/InterruptedException'{0x0000040005841120}: sleep interrupted> (0x0000040005841120) 
thrown [s\open\src\hotspot\share\prims\jvm.cpp, line 3093]
Event: 6.532 Thread 0x00000236c72d00d0 Exception <a 'sun/nio/fs/WindowsException'{0x0000040004f8c368}> (0x0000040004f8c368) 
thrown [s\open\src\hotspot\share\prims\jni.cpp, line 520]
Event: 6.533 Thread 0x00000236c72d00d0 Exception <a 'sun/nio/fs/WindowsException'{0x0000040004f8dee8}> (0x0000040004f8dee8) 
thrown [s\open\src\hotspot\share\prims\jni.cpp, line 520]
Event: 6.583 Thread 0x00000236c72d00d0 Exception <a 'sun/nio/fs/WindowsException'{0x0000040004fb6640}> (0x0000040004fb6640) 
thrown [s\open\src\hotspot\share\prims\jni.cpp, line 520]
Event: 6.586 Thread 0x00000236c72d00d0 Exception <a 'sun/nio/fs/WindowsException'{0x0000040004fbf138}> (0x0000040004fbf138) 
thrown [s\open\src\hotspot\share\prims\jni.cpp, line 520]
Event: 6.586 Thread 0x00000236c72d00d0 Exception <a 'sun/nio/fs/WindowsException'{0x0000040004fc0ce8}> (0x0000040004fc0ce8) 
thrown [s\open\src\hotspot\share\prims\jni.cpp, line 520]
Event: 6.587 Thread 0x00000236c72d00d0 Exception <a 'sun/nio/fs/WindowsException'{0x0000040004fc1770}> (0x0000040004fc1770) 
thrown [s\open\src\hotspot\share\prims\jni.cpp, line 520]
Event: 6.933 Thread 0x00000236c8a9b130 Exception <a 'sun/nio/fs/WindowsException'{0x0000040003742650}> (0x0000040003742650) 
thrown [s\open\src\hotspot\share\prims\jni.cpp, line 520]
Event: 6.938 Thread 0x00000236c8f95760 Exception <a 'java/lang/NullPointerException'{0x00000400056b7e38}> (0x00000400056b7e38) 
thrown [s\open\src\hotspot\share\interpreter\linkResolver.cpp, line 1389]
Event: 6.979 Thread 0x00000236c8a9b130 Exception <a 'sun/nio/fs/WindowsException'{0x00000400037ec1d0}> (0x00000400037ec1d0) 
thrown [s\open\src\hotspot\share\prims\jni.cpp, line 520]
Event: 6.980 Thread 0x00000236c8a9b130 Exception <a 'sun/nio/fs/WindowsException'{0x00000400037ecd20}> (0x00000400037ecd20) 
thrown [s\open\src\hotspot\share\prims\jni.cpp, line 520]
Event: 6.981 Thread 0x00000236c8a9b130 Exception <a 'sun/nio/fs/WindowsException'{0x00000400037f55e8}> (0x00000400037f55e8) 
thrown [s\open\src\hotspot\share\prims\jni.cpp, line 520]
Event: 6.981 Thread 0x00000236c8a9b130 Exception <a 'sun/nio/fs/WindowsException'{0x00000400037f5ad8}> (0x00000400037f5ad8) 
thrown [s\open\src\hotspot\share\prims\jni.cpp, line 520]
Event: 6.981 Thread 0x00000236c8a9b130 Exception <a 'sun/nio/fs/WindowsException'{0x00000400037f62a8}> (0x00000400037f62a8) 
thrown [s\open\src\hotspot\share\prims\jni.cpp, line 520]
Event: 6.982 Thread 0x00000236c8a9b130 Exception <a 'sun/nio/fs/WindowsException'{0x00000400037f67e0}> (0x00000400037f67e0) 
thrown [s\open\src\hotspot\share\prims\jni.cpp, line 520]
Event: 6.982 Thread 0x00000236c8a9b130 Exception <a 'sun/nio/fs/WindowsException'{0x00000400037f6cd0}> (0x00000400037f6cd0) 
thrown [s\open\src\hotspot\share\prims\jni.cpp, line 520]
Event: 6.984 Thread 0x00000236c8a9b130 Exception <a 'sun/nio/fs/WindowsException'{0x00000400037fb380}> (0x00000400037fb380) 
thrown [s\open\src\hotspot\share\prims\jni.cpp, line 520]
Event: 6.984 Thread 0x00000236c8a9b130 Exception <a 'sun/nio/fs/WindowsException'{0x00000400037fbde0}> (0x00000400037fbde0) 
thrown [s\open\src\hotspot\share\prims\jni.cpp, line 520]
Event: 6.985 Thread 0x00000236c8a9b130 Exception <a 'sun/nio/fs/WindowsException'{0x00000400037fe138}> (0x00000400037fe138) 
thrown [s\open\src\hotspot\share\prims\jni.cpp, line 520]
Event: 6.985 Thread 0x00000236c8a9b130 Exception <a 'sun/nio/fs/WindowsException'{0x00000400037feeb8}> (0x00000400037feeb8) 
thrown [s\open\src\hotspot\share\prims\jni.cpp, line 520]
Event: 6.987 Thread 0x00000236c8a9b130 Exception <a 'sun/nio/fs/WindowsException'{0x000004000880d588}> (0x000004000880d588) 
thrown [s\open\src\hotspot\share\prims\jni.cpp, line 520]
Event: 6.987 Thread 0x00000236c8a9b130 Exception <a 'sun/nio/fs/WindowsException'{0x000004000880dce8}> (0x000004000880dce8) 
thrown [s\open\src\hotspot\share\prims\jni.cpp, line 520]
Event: 6.987 Thread 0x00000236c8a9b130 Exception <a 'sun/nio/fs/WindowsException'{0x000004000880e420}> (0x000004000880e420) 
thrown [s\open\src\hotspot\share\prims\jni.cpp, line 520]
Event: 6.987 Thread 0x00000236c8a9b130 Exception <a 'sun/nio/fs/WindowsException'{0x000004000880eb68}> (0x000004000880eb68) 
thrown [s\open\src\hotspot\share\prims\jni.cpp, line 520]
Event: 6.988 Thread 0x00000236c8a9b130 Exception <a 'sun/nio/fs/WindowsException'{0x0000040008810ee0}> (0x0000040008810ee0) 
thrown [s\open\src\hotspot\share\prims\jni.cpp, line 520]
Event: 6.988 Thread 0x00000236c8a9b130 Exception <a 'sun/nio/fs/WindowsException'{0x00000400088119a0}> (0x00000400088119a0) 
thrown [s\open\src\hotspot\share\prims\jni.cpp, line 520]
Event: 6.988 Thread 0x00000236c8a9b130 Exception <a 'sun/nio/fs/WindowsException'{0x0000040008812438}> (0x0000040008812438) 
thrown [s\open\src\hotspot\share\prims\jni.cpp, line 520]
Event: 6.988 Thread 0x00000236c8a9b130 Exception <a 'sun/nio/fs/WindowsException'{0x0000040008812ed8}> (0x0000040008812ed8) 
thrown [s\open\src\hotspot\share\prims\jni.cpp, line 520]
Event: 6.991 Thread 0x00000236c8a9b130 Exception <a 'sun/nio/fs/WindowsException'{0x000004000881bf88}> (0x000004000881bf88) 
thrown [s\open\src\hotspot\share\prims\jni.cpp, line 520]
Event: 6.992 Thread 0x00000236c8a9b130 Exception <a 'sun/nio/fs/WindowsException'{0x000004000881e2c0}> (0x000004000881e2c0) 
thrown [s\open\src\hotspot\share\prims\jni.cpp, line 520]
Event: 6.998 Thread 0x00000236c8a9b130 Exception <a 'sun/nio/fs/WindowsException'{0x0000040008e489b0}> (0x0000040008e489b0) 
thrown [s\open\src\hotspot\share\prims\jni.cpp, line 520]
Event: 6.999 Thread 0x00000236c8a9b130 Exception <a 'sun/nio/fs/WindowsException'{0x0000040008e49138}> (0x0000040008e49138) 
thrown [s\open\src\hotspot\share\prims\jni.cpp, line 520]
Event: 6.999 Thread 0x00000236c8a9b130 Exception <a 'sun/nio/fs/WindowsException'{0x0000040008e498c0}> (0x0000040008e498c0) 
thrown [s\open\src\hotspot\share\prims\jni.cpp, line 520]
Event: 6.999 Thread 0x00000236c8a9b130 Exception <a 'sun/nio/fs/WindowsException'{0x0000040008e49fe0}> (0x0000040008e49fe0) 
thrown [s\open\src\hotspot\share\prims\jni.cpp, line 520]
Event: 6.999 Thread 0x00000236c8a9b130 Exception <a 'sun/nio/fs/WindowsException'{0x0000040008e4a728}> (0x0000040008e4a728) 
thrown [s\open\src\hotspot\share\prims\jni.cpp, line 520]
Event: 6.999 Thread 0x00000236c8a9b130 Exception <a 'sun/nio/fs/WindowsException'{0x0000040008e4ae80}> (0x0000040008e4ae80) 
thrown [s\open\src\hotspot\share\prims\jni.cpp, line 520]
Event: 7.001 Thread 0x00000236c8a9b130 Exception <a 'sun/nio/fs/WindowsException'{0x0000040008e4d1d8}> (0x0000040008e4d1d8) 
thrown [s\open\src\hotspot\share\prims\jni.cpp, line 520]
Event: 7.001 Thread 0x00000236c8a9b130 Exception <a 'sun/nio/fs/WindowsException'{0x0000040008e4dc78}> (0x0000040008e4dc78) 
thrown [s\open\src\hotspot\share\prims\jni.cpp, line 520]
Event: 7.001 Thread 0x00000236c8a9b130 Exception <a 'sun/nio/fs/WindowsException'{0x0000040008e4e718}> (0x0000040008e4e718) 
thrown [s\open\src\hotspot\share\prims\jni.cpp, line 520]
Event: 7.001 Thread 0x00000236c8a9b130 Exception <a 'sun/nio/fs/WindowsException'{0x0000040008e4f190}> (0x0000040008e4f190) 
thrown [s\open\src\hotspot\share\prims\jni.cpp, line 520]
Event: 7.001 Thread 0x00000236c8a9b130 Exception <a 'sun/nio/fs/WindowsException'{0x0000040008e4fc00}> (0x0000040008e4fc00) 
thrown [s\open\src\hotspot\share\prims\jni.cpp, line 520]
Event: 7.001 Thread 0x00000236c8a9b130 Exception <a 'sun/nio/fs/WindowsException'{0x0000040008e50678}> (0x0000040008e50678) 
thrown [s\open\src\hotspot\share\prims\jni.cpp, line 520]
Event: 7.005 Thread 0x00000236c8a9b130 Exception <a 'sun/nio/fs/WindowsException'{0x0000040008e59768}> (0x0000040008e59768) 
thrown [s\open\src\hotspot\share\prims\jni.cpp, line 520]
Event: 7.007 Thread 0x00000236c8a9b130 Exception <a 'sun/nio/fs/WindowsException'{0x0000040008e5bac8}> (0x0000040008e5bac8) 
thrown [s\open\src\hotspot\share\prims\jni.cpp, line 520]
Event: 7.049 Thread 0x00000236c8a9b130 Exception <a 'sun/nio/fs/WindowsException'{0x0000040008e90d20}> (0x0000040008e90d20) 
thrown [s\open\src\hotspot\share\prims\jni.cpp, line 520]

ZGC Phase Switch (16 events):
Event: 3.275 Young Mark Start         2
Event: 3.275 Old Mark Start           2
Event: 3.308 Young Mark End           2
Event: 3.321 Young Relocate Start     2
Event: 3.338 Old Mark End             2
Event: 3.466 Old Relocate Start       2
Event: 5.310 Young Mark Start         3
Event: 5.310 Old Mark Start           3
Event: 5.374 Young Mark End           3
Event: 5.380 Young Relocate Start     3
Event: 5.396 Old Mark End             3
Event: 5.497 Old Relocate Start       3
Event: 6.994 Young Mark Start         4
Event: 6.994 Old Mark Start           4
Event: 7.045 Young Mark End           4
Event: 7.052 Young Relocate Start     4

VM Operations (142 events):
Event: 0.305 Executing VM operation: HandshakeAllThreads (Deoptimize)
Event: 0.306 Executing VM operation: HandshakeAllThreads (Deoptimize) done
Event: 1.304 Executing VM operation: HandshakeAllThreads (Deoptimize)
Event: 1.304 Executing VM operation: HandshakeAllThreads (Deoptimize) done
Event: 1.571 Executing VM operation: HandshakeAllThreads (Deoptimize)
Event: 1.571 Executing VM operation: HandshakeAllThreads (Deoptimize) done
Event: 1.809 Executing VM operation: HandshakeAllThreads (Deoptimize)
Event: 1.809 Executing VM operation: HandshakeAllThreads (Deoptimize) done
Event: 1.845 Executing VM operation: HandshakeAllThreads (Deoptimize)
Event: 1.845 Executing VM operation: HandshakeAllThreads (Deoptimize) done
Event: 1.967 Executing VM operation: HandshakeAllThreads (Deoptimize)
Event: 1.967 Executing VM operation: HandshakeAllThreads (Deoptimize) done
Event: 1.975 Executing VM operation: HandshakeAllThreads (Deoptimize)
Event: 1.975 Executing VM operation: HandshakeAllThreads (Deoptimize) done
Event: 2.305 Executing VM operation: HandshakeAllThreads (Deoptimize)
Event: 2.305 Executing VM operation: HandshakeAllThreads (Deoptimize) done
Event: 2.550 Executing VM operation: HandshakeAllThreads (Deoptimize)
Event: 2.550 Executing VM operation: HandshakeAllThreads (Deoptimize) done
Event: 3.184 Executing VM operation: HandshakeAllThreads (Deoptimize)
Event: 3.184 Executing VM operation: HandshakeAllThreads (Deoptimize) done
Event: 3.185 Executing VM operation: HandshakeAllThreads (Deoptimize)
Event: 3.185 Executing VM operation: HandshakeAllThreads (Deoptimize) done
Event: 3.275 Executing VM operation: ZMarkStartYoungAndOld (Metadata GC Threshold)
Event: 3.276 Executing VM operation: ZMarkStartYoungAndOld (Metadata GC Threshold) done
Event: 3.307 Executing VM operation: HandshakeAllThreads (ZMarkFlushAndFreeStacks)
Event: 3.307 Executing VM operation: HandshakeAllThreads (ZMarkFlushAndFreeStacks) done
Event: 3.307 Executing VM operation: ZMarkFlushOperation
Event: 3.307 Executing VM operation: ZMarkFlushOperation done
Event: 3.307 Executing VM operation: HandshakeAllThreads (ZMarkFlushAndFreeStacks)
Event: 3.307 Executing VM operation: HandshakeAllThreads (ZMarkFlushAndFreeStacks) done
Event: 3.307 Executing VM operation: ZMarkFlushOperation
Event: 3.307 Executing VM operation: ZMarkFlushOperation done
Event: 3.307 Executing VM operation: HandshakeAllThreads (ZMarkFlushAndFreeStacks)
Event: 3.307 Executing VM operation: HandshakeAllThreads (ZMarkFlushAndFreeStacks) done
Event: 3.307 Executing VM operation: ZMarkFlushOperation
Event: 3.307 Executing VM operation: ZMarkFlushOperation done
Event: 3.307 Executing VM operation: ZMarkEndYoung (Metadata GC Threshold)
Event: 3.308 Executing VM operation: ZMarkEndYoung (Metadata GC Threshold) done
Event: 3.321 Executing VM operation: ZRelocateStartYoung (Metadata GC Threshold)
Event: 3.321 Executing VM operation: ZRelocateStartYoung (Metadata GC Threshold) done
Event: 3.338 Executing VM operation: HandshakeAllThreads (ZMarkFlushAndFreeStacks)
Event: 3.338 Executing VM operation: HandshakeAllThreads (ZMarkFlushAndFreeStacks) done
Event: 3.338 Executing VM operation: ZMarkFlushOperation
Event: 3.338 Executing VM operation: ZMarkFlushOperation done
Event: 3.338 Executing VM operation: HandshakeAllThreads (ZMarkFlushAndFreeStacks)
Event: 3.338 Executing VM operation: HandshakeAllThreads (ZMarkFlushAndFreeStacks) done
Event: 3.338 Executing VM operation: ZMarkFlushOperation
Event: 3.338 Executing VM operation: ZMarkFlushOperation done
Event: 3.338 Executing VM operation: ZMarkEndOld (Metadata GC Threshold)
Event: 3.338 Executing VM operation: ZMarkEndOld (Metadata GC Threshold) done
Event: 3.345 Executing VM operation: HandshakeAllThreads (ZRendezvous)
Event: 3.346 Executing VM operation: HandshakeAllThreads (ZRendezvous) done
Event: 3.346 Executing VM operation: ZRendezvousGCThreads
Event: 3.346 Executing VM operation: ZRendezvousGCThreads done
Event: 3.346 Executing VM operation: CleanClassLoaderDataMetaspaces
Event: 3.348 Executing VM operation: CleanClassLoaderDataMetaspaces done
Event: 3.466 Executing VM operation: ZRelocateStartOld (Metadata GC Threshold)
Event: 3.466 Executing VM operation: ZRelocateStartOld (Metadata GC Threshold) done
Event: 3.917 Executing VM operation: HandshakeAllThreads (Deoptimize)
Event: 3.917 Executing VM operation: HandshakeAllThreads (Deoptimize) done
Event: 3.917 Executing VM operation: HandshakeAllThreads (Deoptimize)
Event: 3.917 Executing VM operation: HandshakeAllThreads (Deoptimize) done
Event: 4.204 Executing VM operation: HandshakeAllThreads (Deoptimize)
Event: 4.204 Executing VM operation: HandshakeAllThreads (Deoptimize) done
Event: 4.516 Executing VM operation: HandshakeAllThreads (Deoptimize)
Event: 4.516 Executing VM operation: HandshakeAllThreads (Deoptimize) done
Event: 4.547 Executing VM operation: HandshakeAllThreads (Deoptimize)
Event: 4.547 Executing VM operation: HandshakeAllThreads (Deoptimize) done
Event: 4.648 Executing VM operation: HandshakeAllThreads (Deoptimize)
Event: 4.648 Executing VM operation: HandshakeAllThreads (Deoptimize) done
Event: 4.974 Executing VM operation: HandshakeAllThreads (Deoptimize)
Event: 4.974 Executing VM operation: HandshakeAllThreads (Deoptimize) done
Event: 4.974 Executing VM operation: HandshakeAllThreads (Deoptimize)
Event: 4.975 Executing VM operation: HandshakeAllThreads (Deoptimize) done
Event: 5.015 Executing VM operation: HandshakeAllThreads (Deoptimize)
Event: 5.015 Executing VM operation: HandshakeAllThreads (Deoptimize) done
Event: 5.147 Executing VM operation: HandshakeAllThreads (Deoptimize)
Event: 5.147 Executing VM operation: HandshakeAllThreads (Deoptimize) done
Event: 5.149 Executing VM operation: HandshakeAllThreads (Deoptimize)
Event: 5.149 Executing VM operation: HandshakeAllThreads (Deoptimize) done
Event: 5.310 Executing VM operation: ZMarkStartYoungAndOld (Metadata GC Threshold)
Event: 5.311 Executing VM operation: ZMarkStartYoungAndOld (Metadata GC Threshold) done
Event: 5.373 Executing VM operation: HandshakeAllThreads (ZMarkFlushAndFreeStacks)
Event: 5.374 Executing VM operation: HandshakeAllThreads (ZMarkFlushAndFreeStacks) done
Event: 5.374 Executing VM operation: ZMarkFlushOperation
Event: 5.374 Executing VM operation: ZMarkFlushOperation done
Event: 5.374 Executing VM operation: HandshakeAllThreads (ZMarkFlushAndFreeStacks)
Event: 5.374 Executing VM operation: HandshakeAllThreads (ZMarkFlushAndFreeStacks) done
Event: 5.374 Executing VM operation: ZMarkFlushOperation
Event: 5.374 Executing VM operation: ZMarkFlushOperation done
Event: 5.374 Executing VM operation: HandshakeAllThreads (ZMarkFlushAndFreeStacks)
Event: 5.374 Executing VM operation: HandshakeAllThreads (ZMarkFlushAndFreeStacks) done
Event: 5.374 Executing VM operation: ZMarkFlushOperation
Event: 5.374 Executing VM operation: ZMarkFlushOperation done
Event: 5.374 Executing VM operation: ZMarkEndYoung (Metadata GC Threshold)
Event: 5.374 Executing VM operation: ZMarkEndYoung (Metadata GC Threshold) done
Event: 5.380 Executing VM operation: ZRelocateStartYoung (Metadata GC Threshold)
Event: 5.380 Executing VM operation: ZRelocateStartYoung (Metadata GC Threshold) done
Event: 5.395 Executing VM operation: HandshakeAllThreads (ZMarkFlushAndFreeStacks)
Event: 5.395 Executing VM operation: HandshakeAllThreads (ZMarkFlushAndFreeStacks) done
Event: 5.395 Executing VM operation: ZMarkFlushOperation
Event: 5.395 Executing VM operation: ZMarkFlushOperation done
Event: 5.395 Executing VM operation: HandshakeAllThreads (ZMarkFlushAndFreeStacks)
Event: 5.396 Executing VM operation: HandshakeAllThreads (ZMarkFlushAndFreeStacks) done
Event: 5.396 Executing VM operation: ZMarkFlushOperation
Event: 5.396 Executing VM operation: ZMarkFlushOperation done
Event: 5.396 Executing VM operation: ZMarkEndOld (Metadata GC Threshold)
Event: 5.396 Executing VM operation: ZMarkEndOld (Metadata GC Threshold) done
Event: 5.404 Executing VM operation: HandshakeAllThreads (ZRendezvous)
Event: 5.404 Executing VM operation: HandshakeAllThreads (ZRendezvous) done
Event: 5.404 Executing VM operation: ZRendezvousGCThreads
Event: 5.404 Executing VM operation: ZRendezvousGCThreads done
Event: 5.405 Executing VM operation: CleanClassLoaderDataMetaspaces
Event: 5.406 Executing VM operation: CleanClassLoaderDataMetaspaces done
Event: 5.497 Executing VM operation: ZRelocateStartOld (Metadata GC Threshold)
Event: 5.497 Executing VM operation: ZRelocateStartOld (Metadata GC Threshold) done
Event: 5.517 Executing VM operation: HandshakeAllThreads (Deoptimize)
Event: 5.517 Executing VM operation: HandshakeAllThreads (Deoptimize) done
Event: 6.920 Executing VM operation: HandshakeAllThreads (Deoptimize)
Event: 6.920 Executing VM operation: HandshakeAllThreads (Deoptimize) done
Event: 6.933 Executing VM operation: HandshakeAllThreads (Deoptimize)
Event: 6.934 Executing VM operation: HandshakeAllThreads (Deoptimize) done
Event: 6.979 Executing VM operation: HandshakeAllThreads (Deoptimize)
Event: 6.982 Executing VM operation: HandshakeAllThreads (Deoptimize) done
Event: 6.992 Executing VM operation: ZMarkStartYoungAndOld (Warmup)
Event: 6.994 Executing VM operation: ZMarkStartYoungAndOld (Warmup) done
Event: 7.016 Executing VM operation: HandshakeAllThreads (ZMarkFlushAndFreeStacks)
Event: 7.036 Executing VM operation: HandshakeAllThreads (ZMarkFlushAndFreeStacks) done
Event: 7.036 Executing VM operation: ZMarkFlushOperation
Event: 7.036 Executing VM operation: ZMarkFlushOperation done
Event: 7.036 Executing VM operation: HandshakeAllThreads (ZMarkFlushAndFreeStacks)
Event: 7.039 Executing VM operation: HandshakeAllThreads (ZMarkFlushAndFreeStacks) done
Event: 7.039 Executing VM operation: ZMarkFlushOperation
Event: 7.039 Executing VM operation: ZMarkFlushOperation done
Event: 7.039 Executing VM operation: HandshakeAllThreads (ZMarkFlushAndFreeStacks)
Event: 7.042 Executing VM operation: HandshakeAllThreads (ZMarkFlushAndFreeStacks) done
Event: 7.042 Executing VM operation: ZMarkFlushOperation
Event: 7.042 Executing VM operation: ZMarkFlushOperation done
Event: 7.042 Executing VM operation: ZMarkEndYoung (Warmup)
Event: 7.045 Executing VM operation: ZMarkEndYoung (Warmup) done
Event: 7.051 Executing VM operation: ZRelocateStartYoung (Warmup)
Event: 7.052 Executing VM operation: ZRelocateStartYoung (Warmup) done

Memory protections (0 events):
No events

Nmethod flushes (250 events):
Event: 3.346 Thread 0x00000236dd4a6090 flushing  nmethod 0x00000236dd630588
Event: 3.346 Thread 0x00000236dd4a6090 flushing  nmethod 0x00000236dd595688
Event: 3.346 Thread 0x00000236dd4a6090 flushing  nmethod 0x00000236dd566c08
Event: 3.346 Thread 0x00000236dd4a6090 flushing  nmethod 0x00000236dd567a88
Event: 3.346 Thread 0x00000236dd4a6090 flushing  nmethod 0x00000236dd7bb908
Event: 3.346 Thread 0x00000236dd4a6090 flushing  nmethod 0x00000236dd57df08
Event: 3.346 Thread 0x00000236dd4a6090 flushing  nmethod 0x00000236dd5de588
Event: 3.346 Thread 0x00000236dd4a6090 flushing  nmethod 0x00000236dd7bbd08
Event: 3.346 Thread 0x00000236dd4a6090 flushing  nmethod 0x00000236dd5b7488
Event: 3.346 Thread 0x00000236dd4a6090 flushing  nmethod 0x00000236dd634f08
Event: 3.346 Thread 0x00000236dd4a6090 flushing  nmethod 0x00000236dd589108
Event: 3.346 Thread 0x00000236dd4a6090 flushing  nmethod 0x00000236dd62ff88
Event: 3.346 Thread 0x00000236dd4a6090 flushing  nmethod 0x00000236dd7e3a08
Event: 3.346 Thread 0x00000236dd4a6090 flushing  nmethod 0x00000236dd911608
Event: 3.346 Thread 0x00000236dd4a6090 flushing  nmethod 0x00000236dd5f3e88
Event: 3.346 Thread 0x00000236dd4a6090 flushing  nmethod 0x00000236dd592508
Event: 3.346 Thread 0x00000236dd4a6090 flushing  nmethod 0x00000236dd58b508
Event: 3.346 Thread 0x00000236dd4a6090 flushing  nmethod 0x00000236dd582788
Event: 3.346 Thread 0x00000236dd4a6090 flushing  nmethod 0x00000236dd740e88
Event: 3.346 Thread 0x00000236dd4a6090 flushing  nmethod 0x00000236dd5add08
Event: 3.346 Thread 0x00000236dd4a6090 flushing  nmethod 0x00000236dd615588
Event: 3.346 Thread 0x00000236dd4a6090 flushing  nmethod 0x00000236dd7e2288
Event: 3.346 Thread 0x00000236dd4a6090 flushing  nmethod 0x00000236e515d088
Event: 3.346 Thread 0x00000236dd4a6090 flushing  nmethod 0x00000236dd60ff88
Event: 3.346 Thread 0x00000236dd4a6090 flushing  nmethod 0x00000236dd7e3708
Event: 3.346 Thread 0x00000236dd4a6090 flushing  nmethod 0x00000236dd57f808
Event: 3.346 Thread 0x00000236dd4a6090 flushing  nmethod 0x00000236dd7e7408
Event: 3.346 Thread 0x00000236dd4a6090 flushing  nmethod 0x00000236dd5a4588
Event: 3.346 Thread 0x00000236dd4a6090 flushing  nmethod 0x00000236dd59a588
Event: 3.346 Thread 0x00000236dd4a6090 flushing  nmethod 0x00000236dd7d8c88
Event: 3.346 Thread 0x00000236dd4a6090 flushing  nmethod 0x00000236dd6d0388
Event: 3.346 Thread 0x00000236dd4a6090 flushing  nmethod 0x00000236dd592f88
Event: 3.346 Thread 0x00000236dd4a6090 flushing  nmethod 0x00000236dd56a208
Event: 3.346 Thread 0x00000236dd4a6090 flushing  nmethod 0x00000236dd569488
Event: 3.346 Thread 0x00000236dd4a6090 flushing  nmethod 0x00000236dd584f08
Event: 3.346 Thread 0x00000236dd4a6090 flushing  nmethod 0x00000236dd586688
Event: 3.346 Thread 0x00000236dd4a6090 flushing  nmethod 0x00000236dd67b408
Event: 3.346 Thread 0x00000236dd4a6090 flushing  nmethod 0x00000236dd7e8e08
Event: 3.346 Thread 0x00000236dd4a6090 flushing  nmethod 0x00000236dd581a88
Event: 3.346 Thread 0x00000236dd4a6090 flushing  nmethod 0x00000236dd62c888
Event: 3.346 Thread 0x00000236dd4a6090 flushing  nmethod 0x00000236dd632008
Event: 3.346 Thread 0x00000236dd4a6090 flushing  nmethod 0x00000236dd58b808
Event: 3.346 Thread 0x00000236dd4a6090 flushing  nmethod 0x00000236dd5b1b08
Event: 3.346 Thread 0x00000236dd4a6090 flushing  nmethod 0x00000236dd591a88
Event: 3.346 Thread 0x00000236dd4a6090 flushing  nmethod 0x00000236dd615888
Event: 3.346 Thread 0x00000236dd4a6090 flushing  nmethod 0x00000236dd561808
Event: 3.346 Thread 0x00000236dd4a6090 flushing  nmethod 0x00000236dd593a88
Event: 3.346 Thread 0x00000236dd4a6090 flushing  nmethod 0x00000236dd588a08
Event: 3.346 Thread 0x00000236dd4a6090 flushing  nmethod 0x00000236dd735088
Event: 3.346 Thread 0x00000236dd4a6090 flushing  nmethod 0x00000236dd5df308
Event: 3.346 Thread 0x00000236dd4a6090 flushing  nmethod 0x00000236dd6bf688
Event: 3.346 Thread 0x00000236dd4a6090 flushing  nmethod 0x00000236dd58e208
Event: 3.346 Thread 0x00000236dd4a6090 flushing  nmethod 0x00000236dd760208
Event: 3.346 Thread 0x00000236dd4a6090 flushing  nmethod 0x00000236e510b808
Event: 3.346 Thread 0x00000236dd4a6090 flushing  nmethod 0x00000236dd5a9b88
Event: 3.346 Thread 0x00000236dd4a6090 flushing  nmethod 0x00000236e513b688
Event: 3.346 Thread 0x00000236dd4a6090 flushing  nmethod 0x00000236e50f9d88
Event: 3.346 Thread 0x00000236dd4a6090 flushing  nmethod 0x00000236dd63f008
Event: 5.404 Thread 0x00000236dd4a6090 flushing  nmethod 0x00000236dd5ac188
Event: 5.404 Thread 0x00000236dd4a6090 flushing  nmethod 0x00000236e5112e08
Event: 5.404 Thread 0x00000236dd4a6090 flushing  nmethod 0x00000236e51b4008
Event: 5.404 Thread 0x00000236dd4a6090 flushing  nmethod 0x00000236e51e6d88
Event: 5.404 Thread 0x00000236dd4a6090 flushing osr nmethod 0x00000236e517c088
Event: 5.404 Thread 0x00000236dd4a6090 flushing  nmethod 0x00000236dd73c888
Event: 5.404 Thread 0x00000236dd4a6090 flushing  nmethod 0x00000236dd5cd008
Event: 5.404 Thread 0x00000236dd4a6090 flushing  nmethod 0x00000236e5183908
Event: 5.404 Thread 0x00000236dd4a6090 flushing  nmethod 0x00000236dd5c7b08
Event: 5.404 Thread 0x00000236dd4a6090 flushing  nmethod 0x00000236dd593308
Event: 5.404 Thread 0x00000236dd4a6090 flushing  nmethod 0x00000236e5131208
Event: 5.404 Thread 0x00000236dd4a6090 flushing  nmethod 0x00000236dd5b7e08
Event: 5.404 Thread 0x00000236dd4a6090 flushing  nmethod 0x00000236dd624988
Event: 5.404 Thread 0x00000236dd4a6090 flushing  nmethod 0x00000236dd5afe08
Event: 5.404 Thread 0x00000236dd4a6090 flushing  nmethod 0x00000236dd64e188
Event: 5.404 Thread 0x00000236dd4a6090 flushing  nmethod 0x00000236e5135d88
Event: 5.404 Thread 0x00000236dd4a6090 flushing  nmethod 0x00000236e510f308
Event: 5.404 Thread 0x00000236dd4a6090 flushing  nmethod 0x00000236e5172b88
Event: 5.404 Thread 0x00000236dd4a6090 flushing  nmethod 0x00000236e51b1388
Event: 5.404 Thread 0x00000236dd4a6090 flushing  nmethod 0x00000236dd652688
Event: 5.404 Thread 0x00000236dd4a6090 flushing  nmethod 0x00000236e518af88
Event: 5.404 Thread 0x00000236dd4a6090 flushing  nmethod 0x00000236dd775d08
Event: 5.404 Thread 0x00000236dd4a6090 flushing  nmethod 0x00000236dd698908
Event: 5.404 Thread 0x00000236dd4a6090 flushing  nmethod 0x00000236dd7a9188
Event: 5.404 Thread 0x00000236dd4a6090 flushing  nmethod 0x00000236e51b0008
Event: 5.404 Thread 0x00000236dd4a6090 flushing  nmethod 0x00000236dd66e008
Event: 5.404 Thread 0x00000236dd4a6090 flushing  nmethod 0x00000236dd7aca08
Event: 5.404 Thread 0x00000236dd4a6090 flushing  nmethod 0x00000236dd625d08
Event: 5.404 Thread 0x00000236dd4a6090 flushing  nmethod 0x00000236dd607688
Event: 5.404 Thread 0x00000236dd4a6090 flushing  nmethod 0x00000236dd950f88
Event: 5.404 Thread 0x00000236dd4a6090 flushing  nmethod 0x00000236dd95d488
Event: 5.404 Thread 0x00000236dd4a6090 flushing  nmethod 0x00000236dd912808
Event: 5.404 Thread 0x00000236dd4a6090 flushing  nmethod 0x00000236dd66b208
Event: 5.404 Thread 0x00000236dd4a6090 flushing  nmethod 0x00000236dd66bb08
Event: 5.404 Thread 0x00000236dd4a6090 flushing  nmethod 0x00000236dd5c9308
Event: 5.404 Thread 0x00000236dd4a6090 flushing  nmethod 0x00000236dd5c7508
Event: 5.404 Thread 0x00000236dd4a6090 flushing  nmethod 0x00000236e517fd88
Event: 5.404 Thread 0x00000236dd4a6090 flushing  nmethod 0x00000236dd5b9888
Event: 5.404 Thread 0x00000236dd4a6090 flushing  nmethod 0x00000236dd5a9588
Event: 5.404 Thread 0x00000236dd4a6090 flushing  nmethod 0x00000236dd76a108
Event: 5.404 Thread 0x00000236dd4a6090 flushing  nmethod 0x00000236e51f9a88
Event: 5.404 Thread 0x00000236dd4a6090 flushing  nmethod 0x00000236e5174d08
Event: 5.404 Thread 0x00000236dd4a6090 flushing  nmethod 0x00000236e51b6108
Event: 5.404 Thread 0x00000236dd4a6090 flushing  nmethod 0x00000236dd6f0908
Event: 5.404 Thread 0x00000236dd4a6090 flushing  nmethod 0x00000236dd5b9488
Event: 5.404 Thread 0x00000236dd4a6090 flushing  nmethod 0x00000236dd5c1d08
Event: 5.404 Thread 0x00000236dd4a6090 flushing  nmethod 0x00000236dd657888
Event: 5.404 Thread 0x00000236dd4a6090 flushing  nmethod 0x00000236dd645a08
Event: 5.404 Thread 0x00000236dd4a6090 flushing  nmethod 0x00000236dd764f88
Event: 5.404 Thread 0x00000236dd4a6090 flushing  nmethod 0x00000236dd904e88
Event: 5.404 Thread 0x00000236dd4a6090 flushing  nmethod 0x00000236dd658108
Event: 5.404 Thread 0x00000236dd4a6090 flushing  nmethod 0x00000236e518db88
Event: 5.404 Thread 0x00000236dd4a6090 flushing  nmethod 0x00000236dd654588
Event: 5.404 Thread 0x00000236dd4a6090 flushing  nmethod 0x00000236dd94b408
Event: 5.404 Thread 0x00000236dd4a6090 flushing  nmethod 0x00000236dd647b88
Event: 5.404 Thread 0x00000236dd4a6090 flushing  nmethod 0x00000236dd59e908
Event: 5.404 Thread 0x00000236dd4a6090 flushing  nmethod 0x00000236e5191888
Event: 5.404 Thread 0x00000236dd4a6090 flushing  nmethod 0x00000236dd5d9108
Event: 5.404 Thread 0x00000236dd4a6090 flushing  nmethod 0x00000236dd6f7d88
Event: 5.404 Thread 0x00000236dd4a6090 flushing  nmethod 0x00000236dd5b7788
Event: 5.404 Thread 0x00000236dd4a6090 flushing  nmethod 0x00000236dd7b6608
Event: 5.404 Thread 0x00000236dd4a6090 flushing  nmethod 0x00000236dd66e888
Event: 5.404 Thread 0x00000236dd4a6090 flushing  nmethod 0x00000236dd669d88
Event: 5.404 Thread 0x00000236dd4a6090 flushing  nmethod 0x00000236dd5c8a88
Event: 5.404 Thread 0x00000236dd4a6090 flushing  nmethod 0x00000236dd730788
Event: 5.404 Thread 0x00000236dd4a6090 flushing  nmethod 0x00000236dd658908
Event: 5.404 Thread 0x00000236dd4a6090 flushing  nmethod 0x00000236dd757008
Event: 5.404 Thread 0x00000236dd4a6090 flushing  nmethod 0x00000236dd647088
Event: 5.404 Thread 0x00000236dd4a6090 flushing  nmethod 0x00000236dd5ad288
Event: 5.404 Thread 0x00000236dd4a6090 flushing  nmethod 0x00000236dd633608
Event: 5.404 Thread 0x00000236dd4a6090 flushing  nmethod 0x00000236dd644208
Event: 5.404 Thread 0x00000236dd4a6090 flushing  nmethod 0x00000236dd91cc88
Event: 5.404 Thread 0x00000236dd4a6090 flushing  nmethod 0x00000236dd632a08
Event: 5.404 Thread 0x00000236dd4a6090 flushing  nmethod 0x00000236e51c7808
Event: 5.404 Thread 0x00000236dd4a6090 flushing  nmethod 0x00000236dd7fe208
Event: 5.404 Thread 0x00000236dd4a6090 flushing  nmethod 0x00000236e5170988
Event: 5.404 Thread 0x00000236dd4a6090 flushing  nmethod 0x00000236e519a008
Event: 5.404 Thread 0x00000236dd4a6090 flushing  nmethod 0x00000236e5171308
Event: 5.404 Thread 0x00000236dd4a6090 flushing  nmethod 0x00000236dd705488
Event: 5.404 Thread 0x00000236dd4a6090 flushing  nmethod 0x00000236dd592b88
Event: 5.404 Thread 0x00000236dd4a6090 flushing  nmethod 0x00000236e51ced88
Event: 5.404 Thread 0x00000236dd4a6090 flushing  nmethod 0x00000236dd7cc188
Event: 5.404 Thread 0x00000236dd4a6090 flushing  nmethod 0x00000236dd61a688
Event: 5.404 Thread 0x00000236dd4a6090 flushing  nmethod 0x00000236dd642308
Event: 5.404 Thread 0x00000236dd4a6090 flushing  nmethod 0x00000236dd944208
Event: 5.404 Thread 0x00000236dd4a6090 flushing  nmethod 0x00000236dd646108
Event: 5.404 Thread 0x00000236dd4a6090 flushing  nmethod 0x00000236e516f508
Event: 5.404 Thread 0x00000236dd4a6090 flushing  nmethod 0x00000236dd5b2588
Event: 5.405 Thread 0x00000236dd4a6090 flushing  nmethod 0x00000236dd91a388
Event: 5.405 Thread 0x00000236dd4a6090 flushing  nmethod 0x00000236dd630288
Event: 5.405 Thread 0x00000236dd4a6090 flushing  nmethod 0x00000236dd651f08
Event: 5.405 Thread 0x00000236dd4a6090 flushing  nmethod 0x00000236dd7daa08
Event: 5.405 Thread 0x00000236dd4a6090 flushing  nmethod 0x00000236dd7e6388
Event: 5.405 Thread 0x00000236dd4a6090 flushing  nmethod 0x00000236e5170388
Event: 5.405 Thread 0x00000236dd4a6090 flushing  nmethod 0x00000236dd7b4f88
Event: 5.405 Thread 0x00000236dd4a6090 flushing  nmethod 0x00000236dd6ab208
Event: 5.405 Thread 0x00000236dd4a6090 flushing  nmethod 0x00000236dd91aa08
Event: 5.405 Thread 0x00000236dd4a6090 flushing  nmethod 0x00000236e51e2a88
Event: 5.405 Thread 0x00000236dd4a6090 flushing  nmethod 0x00000236dd945b88
Event: 5.405 Thread 0x00000236dd4a6090 flushing  nmethod 0x00000236dd742688
Event: 5.405 Thread 0x00000236dd4a6090 flushing  nmethod 0x00000236e51f9708
Event: 5.405 Thread 0x00000236dd4a6090 flushing  nmethod 0x00000236dd597c08
Event: 5.405 Thread 0x00000236dd4a6090 flushing  nmethod 0x00000236dd673c08
Event: 5.405 Thread 0x00000236dd4a6090 flushing  nmethod 0x00000236dd6bf688
Event: 5.405 Thread 0x00000236dd4a6090 flushing  nmethod 0x00000236dd66d388
Event: 5.405 Thread 0x00000236dd4a6090 flushing  nmethod 0x00000236dd595288
Event: 5.405 Thread 0x00000236dd4a6090 flushing  nmethod 0x00000236dd8d0408
Event: 5.405 Thread 0x00000236dd4a6090 flushing  nmethod 0x00000236dd64f288
Event: 5.405 Thread 0x00000236dd4a6090 flushing  nmethod 0x00000236dd579108
Event: 5.405 Thread 0x00000236dd4a6090 flushing  nmethod 0x00000236dd67d008
Event: 5.405 Thread 0x00000236dd4a6090 flushing  nmethod 0x00000236dd643488
Event: 5.405 Thread 0x00000236dd4a6090 flushing  nmethod 0x00000236dd854708
Event: 5.405 Thread 0x00000236dd4a6090 flushing  nmethod 0x00000236dd623a88
Event: 5.405 Thread 0x00000236dd4a6090 flushing  nmethod 0x00000236dd648288
Event: 5.405 Thread 0x00000236dd4a6090 flushing  nmethod 0x00000236dd56f808
Event: 5.405 Thread 0x00000236dd4a6090 flushing  nmethod 0x00000236dd578408
Event: 5.405 Thread 0x00000236dd4a6090 flushing  nmethod 0x00000236dd914608
Event: 5.405 Thread 0x00000236dd4a6090 flushing  nmethod 0x00000236dd604188
Event: 5.405 Thread 0x00000236dd4a6090 flushing  nmethod 0x00000236dd63d988
Event: 5.405 Thread 0x00000236dd4a6090 flushing  nmethod 0x00000236dd82f608
Event: 5.405 Thread 0x00000236dd4a6090 flushing  nmethod 0x00000236dd908108
Event: 5.405 Thread 0x00000236dd4a6090 flushing  nmethod 0x00000236e5186088
Event: 5.405 Thread 0x00000236dd4a6090 flushing  nmethod 0x00000236dd677508
Event: 5.405 Thread 0x00000236dd4a6090 flushing  nmethod 0x00000236e516a608
Event: 5.405 Thread 0x00000236dd4a6090 flushing  nmethod 0x00000236dd62cc88
Event: 5.405 Thread 0x00000236dd4a6090 flushing  nmethod 0x00000236dd8b2488
Event: 5.405 Thread 0x00000236dd4a6090 flushing  nmethod 0x00000236dd763988
Event: 5.405 Thread 0x00000236dd4a6090 flushing  nmethod 0x00000236dd623788
Event: 5.405 Thread 0x00000236dd4a6090 flushing  nmethod 0x00000236e516d988
Event: 5.405 Thread 0x00000236dd4a6090 flushing  nmethod 0x00000236dd66f008
Event: 5.405 Thread 0x00000236dd4a6090 flushing  nmethod 0x00000236dd642608
Event: 5.405 Thread 0x00000236dd4a6090 flushing  nmethod 0x00000236dd66bf88
Event: 5.405 Thread 0x00000236dd4a6090 flushing  nmethod 0x00000236dd588688
Event: 5.405 Thread 0x00000236dd4a6090 flushing  nmethod 0x00000236dd64d008
Event: 5.405 Thread 0x00000236dd4a6090 flushing  nmethod 0x00000236dd8b2808
Event: 5.405 Thread 0x00000236dd4a6090 flushing  nmethod 0x00000236dd690b88
Event: 5.405 Thread 0x00000236dd4a6090 flushing  nmethod 0x00000236dd565808
Event: 5.405 Thread 0x00000236dd4a6090 flushing  nmethod 0x00000236dd5a7488
Event: 5.405 Thread 0x00000236dd4a6090 flushing  nmethod 0x00000236dd5cad88
Event: 5.405 Thread 0x00000236dd4a6090 flushing  nmethod 0x00000236dd945508
Event: 5.405 Thread 0x00000236dd4a6090 flushing  nmethod 0x00000236e51f5e88
Event: 5.405 Thread 0x00000236dd4a6090 flushing  nmethod 0x00000236e518ca88
Event: 5.405 Thread 0x00000236dd4a6090 flushing  nmethod 0x00000236dd990208
Event: 5.405 Thread 0x00000236dd4a6090 flushing  nmethod 0x00000236dd594e88
Event: 5.405 Thread 0x00000236dd4a6090 flushing  nmethod 0x00000236e510f988
Event: 5.405 Thread 0x00000236dd4a6090 flushing  nmethod 0x00000236e5203788
Event: 5.405 Thread 0x00000236dd4a6090 flushing  nmethod 0x00000236dd5cea08
Event: 5.405 Thread 0x00000236dd4a6090 flushing  nmethod 0x00000236dd862488
Event: 5.405 Thread 0x00000236dd4a6090 flushing  nmethod 0x00000236dd59e488
Event: 5.405 Thread 0x00000236dd4a6090 flushing  nmethod 0x00000236e514b088
Event: 5.405 Thread 0x00000236dd4a6090 flushing  nmethod 0x00000236dd763408
Event: 5.405 Thread 0x00000236dd4a6090 flushing  nmethod 0x00000236e51be688
Event: 5.405 Thread 0x00000236dd4a6090 flushing  nmethod 0x00000236dd695988
Event: 5.405 Thread 0x00000236dd4a6090 flushing  nmethod 0x00000236e5166d08
Event: 5.405 Thread 0x00000236dd4a6090 flushing  nmethod 0x00000236e51e7388
Event: 5.405 Thread 0x00000236dd4a6090 flushing  nmethod 0x00000236dd63a888
Event: 5.405 Thread 0x00000236dd4a6090 flushing  nmethod 0x00000236dd7baf08
Event: 5.405 Thread 0x00000236dd4a6090 flushing  nmethod 0x00000236dd5d4088
Event: 5.405 Thread 0x00000236dd4a6090 flushing  nmethod 0x00000236dd62c588
Event: 5.405 Thread 0x00000236dd4a6090 flushing  nmethod 0x00000236dd879488
Event: 5.405 Thread 0x00000236dd4a6090 flushing  nmethod 0x00000236e516e308
Event: 5.405 Thread 0x00000236dd4a6090 flushing  nmethod 0x00000236dd5f4488
Event: 5.405 Thread 0x00000236dd4a6090 flushing  nmethod 0x00000236dd761688
Event: 5.405 Thread 0x00000236dd4a6090 flushing  nmethod 0x00000236e50f2a88
Event: 5.405 Thread 0x00000236dd4a6090 flushing  nmethod 0x00000236e51b2e08
Event: 5.405 Thread 0x00000236dd4a6090 flushing  nmethod 0x00000236dd762f08
Event: 5.405 Thread 0x00000236dd4a6090 flushing  nmethod 0x00000236dd66c808
Event: 5.405 Thread 0x00000236dd4a6090 flushing  nmethod 0x00000236dd653508
Event: 5.405 Thread 0x00000236dd4a6090 flushing  nmethod 0x00000236dd6a2788
Event: 5.405 Thread 0x00000236dd4a6090 flushing  nmethod 0x00000236dd64cc08
Event: 5.405 Thread 0x00000236dd4a6090 flushing  nmethod 0x00000236e510e488
Event: 5.405 Thread 0x00000236dd4a6090 flushing  nmethod 0x00000236dd69d888
Event: 5.405 Thread 0x00000236dd4a6090 flushing  nmethod 0x00000236dd99ac08
Event: 5.405 Thread 0x00000236dd4a6090 flushing  nmethod 0x00000236e50f8d88
Event: 5.405 Thread 0x00000236dd4a6090 flushing  nmethod 0x00000236dd5b7488
Event: 5.405 Thread 0x00000236dd4a6090 flushing  nmethod 0x00000236dd678788
Event: 5.405 Thread 0x00000236dd4a6090 flushing  nmethod 0x00000236dd5d8308
Event: 5.405 Thread 0x00000236dd4a6090 flushing  nmethod 0x00000236dd764908
Event: 5.405 Thread 0x00000236dd4a6090 flushing  nmethod 0x00000236dd5cf608
Event: 5.405 Thread 0x00000236dd4a6090 flushing  nmethod 0x00000236e51f2688
Event: 5.405 Thread 0x00000236dd4a6090 flushing  nmethod 0x00000236dd75f908
Event: 5.405 Thread 0x00000236dd4a6090 flushing  nmethod 0x00000236dd5aa008
Event: 5.405 Thread 0x00000236dd4a6090 flushing  nmethod 0x00000236dd621808
Event: 5.405 Thread 0x00000236dd4a6090 flushing  nmethod 0x00000236e516ef08
Event: 5.405 Thread 0x00000236dd4a6090 flushing  nmethod 0x00000236dd640f08
Event: 5.405 Thread 0x00000236dd4a6090 flushing  nmethod 0x00000236e51ba388
Event: 5.405 Thread 0x00000236dd4a6090 flushing  nmethod 0x00000236dd753708
Event: 5.405 Thread 0x00000236dd4a6090 flushing  nmethod 0x00000236dd656e08
Event: 5.405 Thread 0x00000236dd4a6090 flushing  nmethod 0x00000236dd772d08
Event: 5.405 Thread 0x00000236dd4a6090 flushing  nmethod 0x00000236dd5b3f08
Event: 5.405 Thread 0x00000236dd4a6090 flushing  nmethod 0x00000236dd64c788
Event: 5.405 Thread 0x00000236dd4a6090 flushing  nmethod 0x00000236dd99b108

Events (65 events):
Event: 0.061 Thread 0x00000236dd393600 Thread added: 0x00000236dd393600
Event: 0.100 Thread 0x00000236dd393600 Thread added: 0x00000236c2109a40
Event: 0.100 Thread 0x00000236dd393600 Thread added: 0x00000236c210c0c0
Event: 0.101 Thread 0x00000236dd393600 Thread added: 0x00000236c211f090
Event: 0.101 Thread 0x00000236dd393600 Thread added: 0x00000236c215b470
Event: 0.101 Thread 0x00000236dd393600 Thread added: 0x00000236c215faf0
Event: 0.101 Thread 0x00000236dd393600 Thread added: 0x00000236c2164580
Event: 0.101 Thread 0x00000236dd393600 Thread added: 0x00000236c2170600
Event: 0.102 Thread 0x00000236dd393600 Thread added: 0x00000236c21712b0
Event: 0.109 Thread 0x00000236c21712b0 Thread added: 0x00000236c21dbc10
Event: 0.109 Thread 0x00000236c21712b0 Thread added: 0x00000236c2221020
Event: 0.281 Thread 0x00000236dd393600 Thread added: 0x00000236c2462820
Event: 0.285 Thread 0x00000236dd393600 Thread added: 0x00000236c23429f0
Event: 0.322 Thread 0x00000236c2221020 Thread added: 0x00000236c24b0a80
Event: 1.257 Thread 0x00000236dd393600 Thread added: 0x00000236c72d00d0
Event: 2.206 Thread 0x00000236dd393600 Thread added: 0x00000236c7b4f770
Event: 3.619 Thread 0x00000236c72d00d0 Thread added: 0x00000236c869e3c0
Event: 3.621 Thread 0x00000236c869e3c0 Thread added: 0x00000236c8a9d200
Event: 3.623 Thread 0x00000236c8a9d200 Thread added: 0x00000236c8a9cb70
Event: 3.625 Thread 0x00000236c8a9cb70 Thread added: 0x00000236c8a9be50
Event: 3.708 Thread 0x00000236c8a9be50 Thread added: 0x00000236c8a9d890
Event: 3.708 Thread 0x00000236c8a9d890 Thread added: 0x00000236c8a9a410
Event: 4.578 Thread 0x00000236c72d00d0 Thread added: 0x00000236c8a9c4e0
Event: 4.697 Thread 0x00000236c8a9c4e0 Thread added: 0x00000236c8a9b130
Event: 4.699 Thread 0x00000236c8a9c4e0 Thread added: 0x00000236c8a9aaa0
Event: 4.784 Thread 0x00000236c72d00d0 Thread added: 0x00000236c8f92970
Event: 4.926 Thread 0x00000236c24b0a80 Thread added: 0x00000236c8fc5660
Event: 5.060 Thread 0x00000236c72d00d0 Thread added: 0x00000236c8f93690
Event: 5.062 Thread 0x00000236c8f93690 Thread exited: 0x00000236c8f93690
Event: 5.112 Thread 0x00000236c72d00d0 Thread added: 0x00000236c8f91c50
Event: 5.397 Thread 0x00000236c72d00d0 Thread added: 0x00000236c8f943b0
Event: 5.428 Thread 0x00000236c8f943b0 Thread added: 0x00000236c8f94a40
Event: 5.439 Thread 0x00000236c8f94a40 Thread exited: 0x00000236c8f94a40
Event: 5.496 Thread 0x00000236c72d00d0 Thread added: 0x00000236c8f95760
Event: 5.502 Thread 0x00000236c8f943b0 Thread exited: 0x00000236c8f943b0
Event: 5.507 Thread 0x00000236c72d00d0 Thread added: 0x00000236c8f922e0
Event: 5.511 Thread 0x00000236c8f922e0 Thread added: 0x00000236c8f93d20
Event: 5.514 Thread 0x00000236c8f95760 Thread exited: 0x00000236c8f95760
Event: 5.514 Thread 0x00000236c8f922e0 Thread exited: 0x00000236c8f922e0
Event: 5.514 Thread 0x00000236c8f93d20 Thread exited: 0x00000236c8f93d20
Event: 5.559 Thread 0x00000236c8f91c50 Thread exited: 0x00000236c8f91c50
Event: 6.220 Thread 0x00000236c72d00d0 Thread added: 0x00000236c8f950d0
Event: 6.226 Thread 0x00000236c72d00d0 Thread added: 0x00000236c8f93690
Event: 6.229 Thread 0x00000236c8f93690 Thread added: 0x00000236c8f93d20
Event: 6.230 Thread 0x00000236c8f93d20 Thread exited: 0x00000236c8f93d20
Event: 6.255 Thread 0x00000236c72d00d0 Thread added: 0x00000236c8f91c50
Event: 6.475 Thread 0x00000236c8f93690 Thread exited: 0x00000236c8f93690
Event: 6.476 Thread 0x00000236c72d00d0 Thread added: 0x00000236c8f93d20
Event: 6.478 Thread 0x00000236c8f93d20 Thread added: 0x00000236c8f93690
Event: 6.479 Thread 0x00000236c8f91c50 Thread exited: 0x00000236c8f91c50
Event: 6.479 Thread 0x00000236c8f93d20 Thread exited: 0x00000236c8f93d20
Event: 6.480 Thread 0x00000236c8f93690 Thread exited: 0x00000236c8f93690
Event: 6.523 Thread 0x00000236c8f950d0 Thread exited: 0x00000236c8f950d0
Event: 6.563 Thread 0x00000236c72d00d0 Thread added: 0x00000236c8f922e0
Event: 6.569 Thread 0x00000236c72d00d0 Thread added: 0x00000236c8f943b0
Event: 6.573 Thread 0x00000236c8f943b0 Thread added: 0x00000236c8f950d0
Event: 6.584 Thread 0x00000236c8f950d0 Thread exited: 0x00000236c8f950d0
Event: 6.610 Thread 0x00000236c72d00d0 Thread added: 0x00000236c8f93690
Event: 6.785 Thread 0x00000236c72d00d0 Thread added: 0x00000236c8f93d20
Event: 6.795 Thread 0x00000236c72d00d0 Thread added: 0x00000236c8f91c50
Event: 6.804 Thread 0x00000236c72d00d0 Thread added: 0x00000236c8f950d0
Event: 6.880 Thread 0x00000236c8a9b130 Thread added: 0x00000236c8f95760
Event: 6.880 Thread 0x00000236c8a9b130 Thread added: 0x00000236c8f97ec0
Event: 6.881 Thread 0x00000236c8a9b130 Thread added: 0x00000236c8f97830
Event: 6.882 Thread 0x00000236c8f97830 Thread added: 0x00000236c8f96b10


Dynamic libraries:
0x00007ff799dd0000 - 0x00007ff799de0000 	C:\Program Files\Java\jdk-23\bin\java.exe
0x00007ff818360000 - 0x00007ff8185c7000 	C:\WINDOWS\SYSTEM32\ntdll.dll
0x00007ff816190000 - 0x00007ff816259000 	C:\WINDOWS\System32\KERNEL32.DLL
0x00007ff814d10000 - 0x00007ff815104000 	C:\WINDOWS\System32\KERNELBASE.dll
0x00007ff815dc0000 - 0x00007ff815f0b000 	C:\WINDOWS\System32\ucrtbase.dll
0x00007ffffd1c0000 - 0x00007ffffd1d7000 	C:\Program Files\Java\jdk-23\bin\jli.dll
0x00007ffffd180000 - 0x00007ffffd19b000 	C:\Program Files\Java\jdk-23\bin\VCRUNTIME140.dll
0x00007ff816b60000 - 0x00007ff816d25000 	C:\WINDOWS\System32\USER32.dll
0x00007ff814c30000 - 0x00007ff814c57000 	C:\WINDOWS\System32\win32u.dll
0x00007ff8182a0000 - 0x00007ff8182cb000 	C:\WINDOWS\System32\GDI32.dll
0x00007ffff8e90000 - 0x00007ffff9123000 	C:\WINDOWS\WinSxS\amd64_microsoft.windows.common-controls_6595b64144ccf1df_6.0.26100.8115_none_3e075c82e3354f9c\COMCTL32.dll
0x00007ff815fc0000 - 0x00007ff8160eb000 	C:\WINDOWS\System32\gdi32full.dll
0x00007ff815f10000 - 0x00007ff815fb3000 	C:\WINDOWS\System32\msvcp_win.dll
0x00007ff818150000 - 0x00007ff8181f9000 	C:\WINDOWS\System32\msvcrt.dll
0x00007ff8182e0000 - 0x00007ff818312000 	C:\WINDOWS\System32\IMM32.DLL
0x00007ff811c90000 - 0x00007ff811c9c000 	C:\Program Files\Java\jdk-23\bin\vcruntime140_1.dll
0x00007ffff9ba0000 - 0x00007ffff9c2e000 	C:\Program Files\Java\jdk-23\bin\msvcp140.dll
0x00007fff4f2a0000 - 0x00007fff4fff0000 	C:\Program Files\Java\jdk-23\bin\server\jvm.dll
0x00007ff816a40000 - 0x00007ff816af6000 	C:\WINDOWS\System32\ADVAPI32.dll
0x00007ff816fb0000 - 0x00007ff817057000 	C:\WINDOWS\System32\sechost.dll
0x00007ff816db0000 - 0x00007ff816ec8000 	C:\WINDOWS\System32\RPCRT4.dll
0x00007ff818200000 - 0x00007ff818280000 	C:\WINDOWS\System32\WS2_32.dll
0x00007ffff9510000 - 0x00007ffff951b000 	C:\WINDOWS\SYSTEM32\VERSION.dll
0x00007ff814a90000 - 0x00007ff814aee000 	C:\WINDOWS\SYSTEM32\POWRPROF.dll
0x00007ff811e60000 - 0x00007ff811e96000 	C:\WINDOWS\SYSTEM32\WINMM.dll
0x00007ff814a70000 - 0x00007ff814a84000 	C:\WINDOWS\SYSTEM32\UMPDC.dll
0x00007ff8139c0000 - 0x00007ff8139db000 	C:\WINDOWS\SYSTEM32\kernel.appcore.dll
0x00007ff80e5f0000 - 0x00007ff80e5fa000 	C:\Program Files\Java\jdk-23\bin\jimage.dll
0x00007ff8125e0000 - 0x00007ff812822000 	C:\WINDOWS\SYSTEM32\DBGHELP.DLL
0x00007ff8171c0000 - 0x00007ff817542000 	C:\WINDOWS\System32\combase.dll
0x00007ff816ed0000 - 0x00007ff816fa8000 	C:\WINDOWS\System32\OLEAUT32.dll
0x00007ff811e20000 - 0x00007ff811e5b000 	C:\WINDOWS\SYSTEM32\dbgcore.DLL
0x00007ff814c60000 - 0x00007ff814d05000 	C:\WINDOWS\System32\bcryptPrimitives.dll
0x00007ffffc400000 - 0x00007ffffc41e000 	C:\Program Files\Java\jdk-23\bin\java.dll
0x00007ff816410000 - 0x00007ff8165a7000 	C:\WINDOWS\System32\ole32.dll
0x00007ff817800000 - 0x00007ff817f67000 	C:\WINDOWS\System32\SHELL32.dll
0x00007ff815260000 - 0x00007ff8153ca000 	C:\WINDOWS\System32\wintypes.dll
0x00007ff815550000 - 0x00007ff815db8000 	C:\WINDOWS\System32\windows.storage.dll
0x00007ff817600000 - 0x00007ff8176f8000 	C:\WINDOWS\System32\SHCORE.dll
0x00007ff8160f0000 - 0x00007ff816156000 	C:\WINDOWS\System32\shlwapi.dll
0x00007ff814b50000 - 0x00007ff814b79000 	C:\WINDOWS\SYSTEM32\profapi.dll
0x00007ffff5f40000 - 0x00007ffff6017000 	C:\Program Files\Java\jdk-23\bin\jsvml.dll
0x00007ff80e530000 - 0x00007ff80e540000 	C:\Program Files\Java\jdk-23\bin\net.dll
0x00007ff813f30000 - 0x00007ff813f9c000 	C:\WINDOWS\system32\mswsock.dll
0x00007ffffc1e0000 - 0x00007ffffc1f6000 	C:\Program Files\Java\jdk-23\bin\nio.dll
0x00007ffffbae0000 - 0x00007ffffbaf7000 	C:\Program Files\Java\jdk-23\bin\zip.dll
0x00007ff80a500000 - 0x00007ff80a509000 	C:\Program Files\Java\jdk-23\bin\syslookup.dll
0x00007ff814210000 - 0x00007ff81422b000 	C:\WINDOWS\SYSTEM32\CRYPTSP.dll
0x00007ff813920000 - 0x00007ff813959000 	C:\WINDOWS\system32\rsaenh.dll
0x00007ff813fe0000 - 0x00007ff814013000 	C:\WINDOWS\SYSTEM32\USERENV.dll
0x00007ff814b20000 - 0x00007ff814b4a000 	C:\WINDOWS\SYSTEM32\bcrypt.dll
0x00007ff814230000 - 0x00007ff81423c000 	C:\WINDOWS\SYSTEM32\CRYPTBASE.dll
0x00007ff813430000 - 0x00007ff813462000 	C:\WINDOWS\SYSTEM32\IPHLPAPI.DLL
0x00007ff8182d0000 - 0x00007ff8182da000 	C:\WINDOWS\System32\NSI.dll
0x00007ffffa220000 - 0x00007ffffa246000 	C:\Users\weron\AppData\Local\Temp\csjniutils-0.3.315041838967763788590.dll
0x00007ff800080000 - 0x00007ff80008a000 	C:\Program Files\Java\jdk-23\bin\management.dll
0x00007fffffb10000 - 0x00007fffffb1b000 	C:\Program Files\Java\jdk-23\bin\management_ext.dll
0x00007ff818290000 - 0x00007ff818298000 	C:\WINDOWS\System32\PSAPI.DLL
0x00007fffff5c0000 - 0x00007fffff5c9000 	C:\Program Files\Java\jdk-23\bin\extnet.dll
0x00007ff813470000 - 0x00007ff8135a2000 	C:\WINDOWS\SYSTEM32\DNSAPI.dll
0x00007ff8087b0000 - 0x00007ff8087bb000 	C:\Windows\System32\rasadhlp.dll
0x00007ff80b8d0000 - 0x00007ff80b956000 	C:\WINDOWS\System32\fwpuclnt.dll

dbghelp: loaded successfully - version: 4.0.5 - missing functions: none
symbol engine: initialized successfully - sym options: 0x614 - pdb path: .;C:\Program Files\Java\jdk-23\bin;C:\WINDOWS\SYSTEM32;C:\WINDOWS\WinSxS\amd64_microsoft.windows.common-controls_6595b64144ccf1df_6.0.26100.8115_none_3e075c82e3354f9c;C:\Program Files\Java\jdk-23\bin\server;C:\Users\weron\AppData\Local\Temp

VM Arguments:
jvm_args: -Xss4m -Xms100m -Dmetals.client=vscode -Xmx2G -XX:+UseZGC -XX:ZUncommitDelay=30 -XX:ZCollectionInterval=5 -XX:+IgnoreUnrecognizedVMOptions 
java_command: scala.meta.metals.Main
java_class_path (initial): C:\Users\weron\AppData\Local\Coursier\cache\v1\https\repo1.maven.org\maven2\org\scalameta\metals_2.13\1.6.7\metals_2.13-1.6.7.jar;C:\Users\weron\AppData\Local\Coursier\cache\v1\https\repo1.maven.org\maven2\org\scala-lang\scala-library\2.13.18\scala-library-2.13.18.jar;C:\Users\weron\AppData\Local\Coursier\cache\v1\https\repo1.maven.org\maven2\org\scalameta\mtags_2.13.18\1.6.7\mtags_2.13.18-1.6.7.jar;C:\Users\weron\AppData\Local\Coursier\cache\v1\https\repo1.maven.org\maven2\org\scalameta\mtags-java_2.13\1.6.7\mtags-java_2.13-1.6.7.jar;C:\Users\weron\AppData\Local\Coursier\cache\v1\https\repo1.maven.org\maven2\org\eclipse\jdt\org.eclipse.jdt.core\3.25.0\org.eclipse.jdt.core-3.25.0.jar;C:\Users\weron\AppData\Local\Coursier\cache\v1\https\repo1.maven.org\maven2\org\eclipse\platform\org.eclipse.ant.core\3.5.500\org.eclipse.ant.core-3.5.500.jar;C:\Users\weron\AppData\Local\Coursier\cache\v1\https\repo1.maven.org\maven2\org\eclipse\platform\org.eclipse.compare.core\3.6.600\org.eclipse.compare.core-3.6.600.jar;C:\Users\weron\AppData\Local\Coursier\cache\v1\https\repo1.maven.org\maven2\org\eclipse\platform\org.eclipse.core.commands\3.9.500\org.eclipse.core.commands-3.9.500.jar;C:\Users\weron\AppData\Local\Coursier\cache\v1\https\repo1.maven.org\maven2\org\eclipse\platform\org.eclipse.core.contenttype\3.7.500\org.eclipse.core.contenttype-3.7.500.jar;C:\Users\weron\AppData\Local\Coursier\cache\v1\https\repo1.maven.org\maven2\org\eclipse\platform\org.eclipse.core.expressions\3.6.500\org.eclipse.core.expressions-3.6.500.jar;C:\Users\weron\AppData\Local\Coursier\cache\v1\https\repo1.maven.org\maven2\org\eclipse\platform\org.eclipse.core.filesystem\1.7.500\org.eclipse.core.filesystem-1.7.500.jar;C:\Users\weron\AppData\Local\Coursier\cache\v1\https\repo1.maven.org\maven2\org\eclipse\platform\org.eclipse.core.jobs\3.10.500\org.eclipse.core.jobs-3.10.500.jar;C:\Users\weron\AppData\Local\Coursier\cache\v1\https\repo1.maven.org\maven2\org\eclipse\platform\org.eclipse.core.resources\3.13.500\org.eclipse.core.resources-3.13.500.jar;C:\Users\weron\AppData\Local\Coursier\cache\v1\https\repo1.maven.org\maven2\org\eclipse\platform\org.eclipse.core.runtime\3.16.0\org.eclipse.core.runtime-3.16.0.jar;C:\Users\weron\AppData\Local\Coursier\cache\v1\https\repo1.maven.org\maven2\org\eclipse\platform\org.eclipse.core.variables\3.4.600\org.eclipse.core.variables-3.4.600.jar;C:\Users\weron\AppData\Local\Coursier\cache\v1\https\repo1.maven.org\maven2\org\eclipse\platform\org.eclipse.equinox.app\1.4.300\org.eclipse.equinox.app-1.4.300.jar;C:\Users\weron\AppData\Local\Coursier\cache\v1\https\repo1.maven.org\maven2\org\eclipse\platform\org.eclipse.equinox.common\3.10.600\org.eclipse.equinox.common-3.10.600.jar;C:\Users\weron\AppData\Local\Coursier\cache\v1\https\repo1.maven.org\maven2\org\eclipse\platform\org.eclipse.equinox.preferences\3.7.600\org.eclipse.equinox.preferences-3.7.600.jar;C:\Users\weron\AppData\Local\Coursier\cache\v1\https\repo1.maven.org\maven2\org\eclipse\platform\org.eclipse.equinox.registry\3.8.600\org.eclipse.equinox.registry-3.8.600.jar;C:\Users\weron\AppData\Local\Coursier\cache\v1\https\repo1.maven.org\maven2\org\eclipse\platform\org.eclipse.osgi\3.15.0\org.eclipse.osgi-3.15.0.jar;C:\Users\weron\AppData\Local\Coursier\cache\v1\https\repo1.maven.org\maven2\org\eclipse\platform\org.eclipse.team.core\3.8.700\org.eclipse.team.core-3.8.700.jar;C:\Users\weron\AppData\Local\Coursier\cache\v1\https\repo1.maven.org\maven2\org\eclipse\platform\org.eclipse.text\3.9.0\org.eclipse.text-3.9.0.jar;C:\Users\weron\AppData\Local\Coursier\cache\v1\https\repo1.maven.org\maven2\com\google\guava\guava\33.5.0-jre\guava-33.5.0-jre.jar;C:\Users\weron\AppData\Local\Coursier\cache\v1\https\repo1.maven.org\maven2\com\google\code\findbugs\jsr305\3.0.2\jsr305-3.0.2.jar;C:\Users\weron\AppData\Local\Coursier\cache\v1\https\repo1.maven.org\maven2\org\scalameta\metaconfig-core_2.13\0.18.2\metaconfig-core_2.13-0.18.2.jar;C:\Users\weron\AppData\Local\Coursier\cache\v1\https\repo1.maven.org\maven2\org\openjdk\jol\jol-core\0.17\jol-core-0.17.jar;C:\Users\weron\AppData\Local\Coursier\cache\v1\https\repo1.maven.org\maven2\com\swoval\file-tree-views\2.1.12\file-tree-views-2.1.12.jar;C:\Users\weron\AppData\Local\Coursier\cache\v1\https\repo1.maven.org\maven2\io\undertow\undertow-core\2.3.12.Final\undertow-core-2.3.12.Final.jar;C:\Users\weron\AppData\Local\Coursier\cache\v1\https\repo1.maven.org\maven2\org\jboss\xnio\xnio-nio\3.8.17.Final\xnio-nio-3.8.17.Final.jar;C:\Users\weron\AppData\Local\Coursier\cache\v1\https\repo1.maven.org\maven2\org\flywaydb\flyway-core\12.0.3\flyway-core-12.0.3.jar;C:\Users\weron\AppData\Local\Coursier\cache\v1\https\repo1.maven.org\maven2\com\h2database\h2\2.4.240\h2-2.4.240.jar;C:\Users\weron\AppData\Local\Coursier\cache\v1\https\repo1.maven.org\maven2\org\scala-sbt\ipcsocket\ipcsocket\1.6.3\ipcsocket-1.6.3.jar;C:\Users\weron\AppData\Local\Coursier\cache\v1\https\repo1.maven.org\maven2\ch\epfl\scala\bsp4j\2.2.0-M2\bsp4j-2.2.0-M2.jar;C:\Users\weron\AppData\Local\Coursier\cache\v1\https\repo1.maven.org\maven2\ch\epfl\scala\bloop-rifle_2.13\2.0.19\bloop-rifle_2.13-2.0.19.jar;C:\Users\weron\AppData\Local\Coursier\cache\v1\https\repo1.maven.org\maven2\org\eclipse\lsp4j\org.eclipse.lsp4j\1.0.0\org.eclipse.lsp4j-1.0.0.jar;C:\Users\weron\AppData\Local\Coursier\cache\v1\https\repo1.maven.org\maven2\org\eclipse\lsp4j\org.eclipse.lsp4j.debug\1.0.0\org.eclipse.lsp4j.debug-1.0.0.jar;C:\Users\weron\AppData\Local\Coursier\cache\v1\https\repo1.maven.org\maven2\ch\epfl\scala\scala-debug-adapter_2.13\4.2.8\scala-debug-adapter_2.13-4.2.8.jar;C:\Users\weron\AppData\Local\Coursier\cache\v1\https\repo1.maven.org\maven2\io\get-coursier\util\directories\0.1.4\directories-0.1.4.jar;C:\Users\weron\AppData\Local\Coursier\cache\v1\https\repo1.maven.org\maven2\io\get-coursier\util\directories-jni\0.1.4\directories-jni-0.1.4.jar;C:\Users\weron\AppData\Local\Coursier\cache\v1\https\repo1.maven.org\maven2\org\scalameta\mdoc-interfaces\2.8.2\mdoc-interfaces-2.8.2.jar;C:\Users\weron\AppData\Local\Coursier\cache\v1\https\repo1.maven.org\maven2\org\scalameta\scalafmt-dynamic_2.13\3.10.7\scalafmt-dynamic_2.13-3.10.7.jar;C:\Users\weron\AppData\Local\Coursier\cache\v1\https\repo1.maven.org\maven2\ch\epfl\scala\scalafix-interfaces\0.14.6\scalafix-interfaces-0.14.6.jar;C:\Users\weron\AppData\Local\Coursier\cache\v1\https\repo1.maven.org\maven2\io\get-coursier\interface\1.0.29-M2\interface-1.0.29-M2.jar;C:\Users\weron\AppData\Local\Coursier\cache\v1\https\repo1.maven.org\maven2\io\get-coursier\coursier_2.13\2.1.25-M23\coursier_2.13-2.1.25-M23.jar;C:\Users\weron\AppData\Local\Coursier\cache\v1\https\repo1.maven.org\maven2\io\get-coursier\coursier-sbt-maven-repository_2.13\2.1.25-M23\coursier-sbt-maven-repository_2.13-2.1.25-M23.jar;C:\Users\weron\AppData\Local\Coursier\cache\v1\https\repo1.maven.org\maven2\com\outr\scribe_2.13\3.18.0\scribe_2.13-3.18.0.jar;C:\Users\weron\AppData\Local\Coursier\cache\v1\https\repo1.maven.org\maven2\com\outr\scribe-file_2.13\3.18.0\scribe-file_2.13-3.18.0.jar;C:\Users\weron\AppData\Local\Coursier\cache\v1\https\repo1.maven.org\maven2\com\outr\scribe-slf4j2_2.13\3.18.0\scribe-slf4j2_2.13-3.18.0.jar;C:\Users\weron\AppData\Local\Coursier\cache\v1\https\repo1.maven.org\maven2\com\lihaoyi\ujson_2.13\4.4.3\ujson_2.13-4.4.3.jar;C:\Users\weron\AppData\Local\Coursier\cache\v1\https\repo1.maven.org\maven2\com\lihaoyi\requests_2.13\0.9.3\requests_2.13-0.9.3.jar;C:\Users\weron\AppData\Local\Coursier\cache\v1\https\repo1.maven.org\maven2\org\scalameta\scalameta_2.13\4.15.2\scalameta_2.13-4.15.2.jar;C:\Users\weron\AppData\Local\Coursier\cache\v1\https\repo1.maven.org\maven2\org\scalameta\semanticdb-metap_2.13.18\4.15.2\semanticdb-metap_2.13.18-4.15.2.jar;C:\Users\weron\AppData\Local\Coursier\cache\v1\https\repo1.maven.org\maven2\org\scalameta\semanticdb-shared_2.13\4.15.2\semanticdb-shared_2.13-4.15.2.jar;C:\Users\weron\AppData\Local\Coursier\cache\v1\https\repo1.maven.org\maven2\org\scala-lang\modules\scala-xml_2.13\2.4.0\scala-xml_2.13-2.4.0.jar;C:\Users\weron\AppData\Local\Coursier\cache\v1\https\repo1.maven.org\maven2\org\virtuslab\scala-cli\scala-cli-bsp\1.12.4\scala-cli-bsp-1.12.4.jar;C:\Users\weron\AppData\Local\Coursier\cache\v1\https\repo1.maven.org\maven2\ch\epfl\scala\bloop-config_2.13\2.3.3\bloop-config_2.13-2.3.3.jar;C:\Users\weron\AppData\Local\Coursier\cache\v1\https\repo1.maven.org\maven2\io\modelcontextprotocol\sdk\mcp\1.0.0\mcp-1.0.0.jar;C:\Users\weron\AppData\Local\Coursier\cache\v1\https\repo1.maven.org\maven2\io\modelcontextprotocol\sdk\mcp-json-jackson2\1.0.0\mcp-json-jackson2-1.0.0.jar;C:\Users\weron\AppData\Local\Coursier\cache\v1\https\repo1.maven.org\maven2\com\fasterxml\jackson\core\jackson-databind\2.21.1\jackson-databind-2.21.1.jar;C:\Users\weron\AppData\Local\Coursier\cache\v1\https\repo1.maven.org\maven2\io\undertow\undertow-servlet\2.3.12.Final\undertow-servlet-2.3.12.Final.jar;C:\Users\weron\AppData\Local\Coursier\cache\v1\https\repo1.maven.org\maven2\org\playframework\twirl\twirl-compiler_2.13\2.0.9\twirl-compiler_2.13-2.0.9.jar;C:\Users\weron\AppData\Local\Coursier\cache\v1\https\repo1.maven.org\maven2\org\scalameta\mtags-shared_2.13.18\1.6.7\mtags-shared_2.13.18-1.6.7.jar;C:\Users\weron\AppData\Local\Coursier\cache\v1\https\repo1.maven.org\maven2\com\lihaoyi\geny_2.13\1.1.1\geny_2.13-1.1.1.jar;C:\Users\weron\AppData\Local\Coursier\cache\v1\https\repo1.maven.org\maven2\com\thoughtworks\qdox\qdox\2.2.0\qdox-2.2.0.jar;C:\Users\weron\AppData\Local\Coursier\cache\v1\https\repo1.maven.org\maven2\org\scala-lang\modules\scala-java8-compat_2.13\1.0.2\scala-java8-compat_2.13-1.0.2.jar;C:\Users\weron\AppData\Local\Coursier\cache\v1\https\repo1.maven.org\maven2\org\jsoup\jsoup\1.22.1\jsoup-1.22.1.jar;C:\Users\weron\AppData\Local\Coursier\cache\v1\https\repo1.maven.org\maven2\com\googlecode\java-diff-utils\diffutils\1.3.0\diffutils-1.3.0.jar;C:\Users\weron\AppData\Local\Coursier\cache\v1\https\repo1.maven.org\maven2\org\scalameta\semanticdb-scalac-core_2.13.18\4.15.2\semanticdb-scalac-core_2.13.18-4.15.2.jar;C:\Users\weron\AppData\Local\Coursier\cache\v1\https\repo1.maven.org\maven2\org\scalameta\mtags-interfaces\1.6.7\mtags-interfaces-1.6.7.jar;C:\Users\weron\AppData\Local\Coursier\cache\v1\https\repo1.maven.org\maven2\com\google\guava\failureaccess\1.0.3\failureaccess-1.0.3.jar;C:\Users\weron\AppData\Local\Coursier\cache\v1\https\repo1.maven.org\maven2\com\google\guava\listenablefuture\9999.0-empty-to-avoid-conflict-with-guava\listenablefuture-9999.0-empty-to-avoid-conflict-with-guava.jar;C:\Users\weron\AppData\Local\Coursier\cache\v1\https\repo1.maven.org\maven2\org\jspecify\jspecify\1.0.0\jspecify-1.0.0.jar;C:\Users\weron\AppData\Local\Coursier\cache\v1\https\repo1.maven.org\maven2\com\google\errorprone\error_prone_annotations\2.41.0\error_prone_annotations-2.41.0.jar;C:\Users\weron\AppData\Local\Coursier\cache\v1\https\repo1.maven.org\maven2\com\google\j2objc\j2objc-annotations\3.1\j2objc-annotations-3.1.jar;C:\Users\weron\AppData\Local\Coursier\cache\v1\https\repo1.maven.org\maven2\org\scalameta\metaconfig-pprint_2.13\0.18.2\metaconfig-pprint_2.13-0.18.2.jar;C:\Users\weron\AppData\Local\Coursier\cache\v1\https\repo1.maven.org\maven2\org\typelevel\paiges-core_2.13\0.4.4\paiges-core_2.13-0.4.4.jar;C:\Users\weron\AppData\Local\Coursier\cache\v1\https\repo1.maven.org\maven2\org\scala-lang\modules\scala-collection-compat_2.13\2.14.0\scala-collection-compat_2.13-2.14.0.jar;C:\Users\weron\AppData\Local\Coursier\cache\v1\https\repo1.maven.org\maven2\org\scala-lang\scala-reflect\2.13.18\scala-reflect-2.13.18.jar;C:\Users\weron\AppData\Local\Coursier\cache\v1\https\repo1.maven.org\maven2\org\jboss\logging\jboss-logging\3.4.3.Final\jboss-logging-3.4.3.Final.jar;C:\Users\weron\AppData\Local\Coursier\cache\v1\https\repo1.maven.org\maven2\org\jboss\xnio\xnio-api\3.8.17.Final\xnio-api-3.8.17.Final.jar;C:\Users\weron\AppData\Local\Coursier\cache\v1\https\repo1.maven.org\maven2\org\jboss\threads\jboss-threads\3.5.0.Final\jboss-threads-3.5.0.Final.jar;C:\Users\weron\AppData\Local\Coursier\cache\v1\https\repo1.maven.org\maven2\tools\jackson\core\jackson-databind\3.0.4\jackson-databind-3.0.4.jar;C:\Users\weron\AppData\Local\Coursier\cache\v1\https\repo1.maven.org\maven2\net\java\dev\jna\jna\5.12.0\jna-5.12.0.jar;C:\Users\weron\AppData\Local\Coursier\cache\v1\https\repo1.maven.org\maven2\net\java\dev\jna\jna-platform\5.12.0\jna-platform-5.12.0.jar;C:\Users\weron\AppData\Local\Coursier\cache\v1\https\repo1.maven.org\maven2\org\eclipse\lsp4j\org.eclipse.lsp4j.generator\0.20.1\org.eclipse.lsp4j.generator-0.20.1.jar;C:\Users\weron\AppData\Local\Coursier\cache\v1\https\repo1.maven.org\maven2\org\eclipse\lsp4j\org.eclipse.lsp4j.jsonrpc\1.0.0\org.eclipse.lsp4j.jsonrpc-1.0.0.jar;C:\Users\weron\AppData\Local\Coursier\cache\v1\https\repo1.maven.org\maven2\ch\epfl\scala\libdaemon_2.13\0.0.12\libdaemon_2.13-0.0.12.jar;C:\Users\weron\AppData\Local\Coursier\cache\v1\https\repo1.maven.org\maven2\io\github\alexarchambault\scala-cli\snailgun\snailgun-core_2.13\0.4.1-sc2\snailgun-core_2.13-0.4.1-sc2.jar;C:\Users\weron\AppData\Local\Coursier\cache\v1\https\repo1.maven.org\maven2\org\eclipse\lsp4j\org.eclipse.lsp4j.jsonrpc.debug\1.0.0\org.eclipse.lsp4j.jsonrpc.debug-1.0.0.jar;C:\Users\weron\AppData\Local\Coursier\cache\v1\https\repo1.maven.org\maven2\ch\epfl\scala\com-microsoft-java-debug-core\0.34.0%2B39\com-microsoft-java-debug-core-0.34.0%2B39.jar;C:\Users\weron\AppData\Local\Coursier\cache\v1\https\repo1.maven.org\maven2\org\ow2\asm\asm\9.8\asm-9.8.jar;C:\Users\weron\AppData\Local\Coursier\cache\v1\https\repo1.maven.org\maven2\org\ow2\asm\asm-util\9.8\asm-util-9.8.jar;C:\Users\weron\AppData\Local\Coursier\cache\v1\https\repo1.maven.org\maven2\org\scala-sbt\test-agent\1.11.2\test-agent-1.11.2.jar;C:\Users\weron\AppData\Local\Coursier\cache\v1\https\repo1.maven.org\maven2\org\scalameta\parsers_2.13\4.15.2\parsers_2.13-4.15.2.jar;C:\Users\weron\AppData\Local\Coursier\cache\v1\https\repo1.maven.org\maven2\org\scala-lang\modules\scala-parallel-collections_2.13\1.2.0\scala-parallel-collections_2.13-1.2.0.jar;C:\Users\weron\AppData\Local\Coursier\cache\v1\https\repo1.maven.org\maven2\io\get-coursier\jniutils\windows-jni-utils\0.3.3\windows-jni-utils-0.3.3.jar;C:\Users\weron\AppData\Local\Coursier\cache\v1\https\repo1.maven.org\maven2\org\scalameta\scalafmt-interfaces\3.10.7\scalafmt-interfaces-3.10.7.jar;C:\Users\weron\AppData\Local\Coursier\cache\v1\https\repo1.maven.org\maven2\org\scalameta\scalafmt-sysops_2.13\3.10.7\scalafmt-sysops_2.13-3.10.7.jar;C:\Users\weron\AppData\Local\Coursier\cache\v1\https\repo1.maven.org\maven2\com\typesafe\config\1.4.5\config-1.4.5.jar;C:\Users\weron\AppData\Local\Coursier\cache\v1\https\repo1.maven.org\maven2\org\slf4j\slf4j-api\2.0.17\slf4j-api-2.0.17.jar;C:\Users\weron\AppData\Local\Coursier\cache\v1\https\repo1.maven.org\maven2\io\get-coursier\dependency_2.13\0.3.2\dependency_2.13-0.3.2.jar;C:\Users\weron\AppData\Local\Coursier\cache\v1\https\repo1.maven.org\maven2\com\github\plokhotnyuk\jsoniter-scala\jsoniter-scala-core_2.13\2.13.5.2\jsoniter-scala-core_2.13-2.13.5.2.jar;C:\Users\weron\AppData\Local\Coursier\cache\v1\https\repo1.maven.org\maven2\io\get-coursier\coursier-core_2.13\2.1.25-M23\coursier-core_2.13-2.1.25-M23.jar;C:\Users\weron\AppData\Local\Coursier\cache\v1\https\repo1.maven.org\maven2\io\get-coursier\coursier-cache_2.13\2.1.25-M23\coursier-cache_2.13-2.1.25-M23.jar;C:\Users\weron\AppData\Local\Coursier\cache\v1\https\repo1.maven.org\maven2\io\get-coursier\coursier-proxy-setup\2.1.25-M23\coursier-proxy-setup-2.1.25-M23.jar;C:\Users\weron\AppData\Local\Coursier\cache\v1\https\repo1.maven.org\maven2\com\outr\perfolation_2.13\1.3.0\perfolation_2.13-1.3.0.jar;C:\Users\weron\AppData\Local\Coursier\cache\v1\https\repo1.maven.org\maven2\com\lihaoyi\sourcecode_2.13\0.4.4\sourcecode_2.13-0.4.4.jar;C:\Users\weron\AppData\Local\Coursier\cache\v1\https\repo1.maven.org\maven2\com\outr\moduload_2.13\1.1.7\moduload_2.13-1.1.7.jar;C:\Users\weron\AppData\Local\Coursier\cache\v1\https\repo1.maven.org\maven2\com\lihaoyi\upickle-core_2.13\4.4.3\upickle-core_2.13-4.4.3.jar;C:\Users\weron\AppData\Local\Coursier\cache\v1\https\repo1.maven.org\maven2\org\scala-lang\scalap\2.13.15\scalap-2.13.15.jar;C:\Users\weron\AppData\Local\Coursier\cache\v1\https\repo1.maven.org\maven2\com\thesamet\scalapb\scalapb-runtime_2.13\0.11.17\scalapb-runtime_2.13-0.11.17.jar;C:\Users\weron\AppData\Local\Coursier\cache\v1\https\repo1.maven.org\maven2\com\lihaoyi\unroll-annotation_2.13\0.1.12\unroll-annotation_2.13-0.1.12.jar;C:\Users\weron\AppData\Local\Coursier\cache\v1\https\repo1.maven.org\maven2\io\modelcontextprotocol\sdk\mcp-json-jackson3\1.0.0\mcp-json-jackson3-1.0.0.jar;C:\Users\weron\AppData\Local\Coursier\cache\v1\https\repo1.maven.org\maven2\io\modelcontextprotocol\sdk\mcp-core\1.0.0\mcp-core-1.0.0.jar;C:\Users\weron\AppData\Local\Coursier\cache\v1\https\repo1.maven.org\maven2\com\networknt\json-schema-validator\3.0.0\json-schema-validator-3.0.0.jar;C:\Users\weron\AppData\Local\Coursier\cache\v1\https\repo1.maven.org\maven2\com\fasterxml\jackson\core\jackson-annotations\2.21\jackson-annotations-2.21.jar;C:\Users\weron\AppData\Local\Coursier\cache\v1\https\repo1.maven.org\maven2\com\fasterxml\jackson\core\jackson-core\2.21.1\jackson-core-2.21.1.jar;C:\Users\weron\AppData\Local\Coursier\cache\v1\https\repo1.maven.org\maven2\jakarta\servlet\jakarta.servlet-api\6.0.0\jakarta.servlet-api-6.0.0.jar;C:\Users\weron\AppData\Local\Coursier\cache\v1\https\repo1.maven.org\maven2\jakarta\annotation\jakarta.annotation-api\2.1.1\jakarta.annotation-api-2.1.1.jar;C:\Users\weron\AppData\Local\Coursier\cache\v1\https\repo1.maven.org\maven2\org\playframework\twirl\twirl-parser_2.13\2.0.9\twirl-parser_2.13-2.0.9.jar;C:\Users\weron\AppData\Local\Coursier\cache\v1\https\repo1.maven.org\maven2\org\scala-lang\modules\scala-parser-combinators_2.13\1.1.2\scala-parser-combinators_2.13-1.1.2.jar;C:\Users\weron\AppData\Local\Coursier\cache\v1\https\repo1.maven.org\maven2\com\google\protobuf\protobuf-java\4.34.0\protobuf-java-4.34.0.jar;C:\Users\weron\AppData\Local\Coursier\cache\v1\https\repo1.maven.org\maven2\at\yawk\lz4\lz4-java\1.8.1\lz4-java-1.8.1.jar;C:\Users\weron\AppData\Local\Coursier\cache\v1\https\repo1.maven.org\maven2\org\scala-lang\scala-compiler\2.13.18\scala-compiler-2.13.18.jar;C:\Users\weron\AppData\Local\Coursier\cache\v1\https\repo1.maven.org\maven2\org\scalameta\io_2.13\4.15.2\io_2.13-4.15.2.jar;C:\Users\weron\AppData\Local\Coursier\cache\v1\https\repo1.maven.org\maven2\com\lihaoyi\fansi_2.13\0.5.1\fansi_2.13-0.5.1.jar;C:\Users\weron\AppData\Local\Coursier\cache\v1\https\repo1.maven.org\maven2\org\wildfly\common\wildfly-common\1.5.4.Final\wildfly-common-1.5.4.Final.jar;C:\Users\weron\AppData\Local\Coursier\cache\v1\https\repo1.maven.org\maven2\org\wildfly\client\wildfly-client-config\1.0.1.Final\wildfly-client-config-1.0.1.Final.jar;C:\Users\weron\AppData\Local\Coursier\cache\v1\https\repo1.maven.org\maven2\tools\jackson\core\jackson-core\3.0.4\jackson-core-3.0.4.jar;C:\Users\weron\AppData\Local\Coursier\cache\v1\https\repo1.maven.org\maven2\org\eclipse\xtend\org.eclipse.xtend.lib\2.28.0\org.eclipse.xtend.lib-2.28.0.jar;C:\Users\weron\AppData\Local\Coursier\cache\v1\https\repo1.maven.org\maven2\com\google\code\gson\gson\2.13.1\gson-2.13.1.jar;C:\Users\weron\AppData\Local\Coursier\cache\v1\https\repo1.maven.org\maven2\org\apache\commons\commons-lang3\3.17.0\commons-lang3-3.17.0.jar;C:\Users\weron\AppData\Local\Coursier\cache\v1\https\repo1.maven.org\maven2\io\reactivex\rxjava2\rxjava\2.2.21\rxjava-2.2.21.jar;C:\Users\weron\AppData\Local\Coursier\cache\v1\https\repo1.maven.org\maven2\org\reactivestreams\reactive-streams\1.0.4\reactive-streams-1.0.4.jar;C:\Users\weron\AppData\Local\Coursier\cache\v1\https\repo1.maven.org\maven2\commons-io\commons-io\2.19.0\commons-io-2.19.0.jar;C:\Users\weron\AppData\Local\Coursier\cache\v1\https\repo1.maven.org\maven2\org\ow2\asm\asm-tree\9.8\asm-tree-9.8.jar;C:\Users\weron\AppData\Local\Coursier\cache\v1\https\repo1.maven.org\maven2\org\ow2\asm\asm-analysis\9.8\asm-analysis-9.8.jar;C:\Users\weron\AppData\Local\Coursier\cache\v1\https\repo1.maven.org\maven2\org\scala-sbt\test-interface\1.0\test-interface-1.0.jar;C:\Users\weron\AppData\Local\Coursier\cache\v1\https\repo1.maven.org\maven2\org\scalameta\trees_2.13\4.15.2\trees_2.13-4.15.2.jar;C:\Users\weron\AppData\Local\Coursier\cache\v1\https\repo1.maven.org\maven2\io\get-coursier\versions_2.13\0.5.1\versions_2.13-0.5.1.jar;C:\Users\weron\AppData\Local\Coursier\cache\v1\https\repo1.maven.org\maven2\io\github\alexarchambault\concurrent-reference-hash-map\1.1.0\concurrent-reference-hash-map-1.1.0.jar;C:\Users\weron\AppData\Local\Coursier\cache\v1\https\repo1.maven.org\maven2\io\get-coursier\coursier-util_2.13\2.1.25-M23\coursier-util_2.13-2.1.25-M23.jar;C:\Users\weron\AppData\Local\Coursier\cache\v1\https\repo1.maven.org\maven2\org\virtuslab\scala-cli\config_3\1.9.1\config_3-1.9.1.jar;C:\Users\weron\AppData\Local\Coursier\cache\v1\https\repo1.maven.org\maven2\io\github\alexarchambault\windows-ansi\windows-ansi\0.0.6\windows-ansi-0.0.6.jar;C:\Users\weron\AppData\Local\Coursier\cache\v1\https\repo1.maven.org\maven2\io\get-coursier\cache-util\2.1.25-M23\cache-util-2.1.25-M23.jar;C:\Users\weron\AppData\Local\Coursier\cache\v1\https\repo1.maven.org\maven2\io\get-coursier\coursier-paths\2.1.25-M23\coursier-paths-2.1.25-M23.jar;C:\Users\weron\AppData\Local\Coursier\cache\v1\https\repo1.maven.org\maven2\io\github\cquiroz\scala-java-time_2.13\2.6.0\scala-java-time_2.13-2.6.0.jar;C:\Users\weron\AppData\Local\Coursier\cache\v1\https\repo1.maven.org\maven2\io\github\cquiroz\scala-java-time-tzdb_2.13\2.6.0\scala-java-time-tzdb_2.13-2.6.0.jar;C:\Users\weron\AppData\Local\Coursier\cache\v1\https\repo1.maven.org\maven2\com\thesamet\scalapb\lenses_2.13\0.11.17\lenses_2.13-0.11.17.jar;C:\Users\weron\AppData\Local\Coursier\cache\v1\https\repo1.maven.org\maven2\io\projectreactor\reactor-core\3.7.0\reactor-core-3.7.0.jar;C:\Users\weron\AppData\Local\Coursier\cache\v1\https\repo1.maven.org\maven2\com\ethlo\time\itu\1.14.0\itu-1.14.0.jar;C:\Users\weron\AppData\Local\Coursier\cache\v1\https\repo1.maven.org\maven2\tools\jackson\dataformat\jackson-dataformat-yaml\3.0.3\jackson-dataformat-yaml-3.0.3.jar;C:\Users\weron\AppData\Local\Coursier\cache\v1\https\repo1.maven.org\maven2\io\github\java-diff-utils\java-diff-utils\4.16\java-diff-utils-4.16.jar;C:\Users\weron\AppData\Local\Coursier\cache\v1\https\repo1.maven.org\maven2\org\jline\jline\3.29.0\jline-3.29.0-jdk8.jar;C:\Users\weron\AppData\Local\Coursier\cache\v1\https\repo1.maven.org\maven2\org\eclipse\xtext\org.eclipse.xtext.xbase.lib\2.28.0\org.eclipse.xtext.xbase.lib-2.28.0.jar;C:\Users\weron\AppData\Local\Coursier\cache\v1\https\repo1.maven.org\maven2\org\eclipse\xtend\org.eclipse.xtend.lib.macro\2.28.0\org.eclipse.xtend.lib.macro-2.28.0.jar;C:\Users\weron\AppData\Local\Coursier\cache\v1\https\repo1.maven.org\maven2\org\scalameta\common_2.13\4.15.2\common_2.13-4.15.2.jar;C:\Users\weron\AppData\Local\Coursier\cache\v1\https\repo1.maven.org\maven2\org\scala-lang\scala3-library_3\3.3.6\scala3-library_3-3.3.6.jar;C:\Users\weron\AppData\Local\Coursier\cache\v1\https\repo1.maven.org\maven2\org\virtuslab\scala-cli\specification-level_3\1.9.1\specification-level_3-1.9.1.jar;C:\Users\weron\AppData\Local\Coursier\cache\v1\https\repo1.maven.org\maven2\org\fusesource\jansi\jansi\2.4.1\jansi-2.4.1.jar;C:\Users\weron\AppData\Local\Coursier\cache\v1\https\repo1.maven.org\maven2\io\github\alexarchambault\is-terminal\0.1.2\is-terminal-0.1.2.jar;C:\Users\weron\AppData\Local\Coursier\cache\v1\https\repo1.maven.org\maven2\org\portable-scala\portable-scala-reflect_2.13\1.1.3\portable-scala-reflect_2.13-1.1.3.jar;C:\Users\weron\AppData\Local\Coursier\cache\v1\https\repo1.maven.org\maven2\org\snakeyaml\snakeyaml-engine\2.10\snakeyaml-engine-2.10.jar
Launcher Type: SUN_STANDARD

[Global flags]
     intx CICompilerCount                          = 12                                        {product} {ergonomic}
     bool IgnoreUnrecognizedVMOptions              = true                                      {product} {command line}
   size_t InitialHeapSize                          = 104857600                                 {product} {command line}
   size_t MaxHeapSize                              = 2147483648                                {product} {command line}
   size_t MinHeapDeltaBytes                        = 2097152                                   {product} {ergonomic}
   size_t MinHeapSize                              = 104857600                                 {product} {command line}
    uintx NonNMethodCodeHeapSize                   = 7602176                                {pd product} {ergonomic}
    uintx NonProfiledCodeHeapSize                  = 122093568                              {pd product} {ergonomic}
    uintx ProfiledCodeHeapSize                     = 121962496                              {pd product} {ergonomic}
    uintx ReservedCodeCacheSize                    = 251658240                              {pd product} {ergonomic}
     bool SegmentedCodeCache                       = true                                      {product} {ergonomic}
   size_t SoftMaxHeapSize                          = 2147483648                             {manageable} {ergonomic}
     intx ThreadStackSize                          = 4096                                   {pd product} {command line}
     bool UseCompressedOops                        = false                          {product lp64_product} {ergonomic}
     bool UseLargePagesIndividualAllocation        = false                                  {pd product} {ergonomic}
     bool UseZGC                                   = true                                      {product} {command line}
   double ZCollectionInterval                      = 5.000000                                  {product} {command line}
   double ZCollectionIntervalMajor                 = 5.000000                                  {product} {ergonomic}
    uintx ZUncommitDelay                           = 30                                        {product} {command line}

Logging:
Log output configuration:
 #0: stdout all=warning uptime,level,tags foldmultilines=false
 #1: stderr all=off uptime,level,tags foldmultilines=false

Environment Variables:
JAVA_HOME=C:\Program Files (x86)\jdk-23_windows-x64_bin.exe
PATH=C:\Program Files\Common Files\Oracle\Java\javapath;C:\Users\weron\AppData\Local\Programs\Python\Python313\Scripts\;C:\Users\weron\AppData\Local\Programs\Python\Python313\;C:\WINDOWS\system32;C:\WINDOWS;C:\WINDOWS\System32\Wbem;C:\WINDOWS\System32\WindowsPowerShell\v1.0\;C:\WINDOWS\System32\OpenSSH\;C:\Program Files\dotnet\;C:\Program Files\PuTTY\;C:\Program Files\nodejs\;C:\ProgramData\chocolatey\bin;C:\Program Files\Git\cmd;C:\Users\weron\AppData\Local\Programs\Microsoft VS Code\Code.exe;C:\Program Files (x86)\sbt\bin;C:\Program Files (x86)\jdk-23_windows-x64_bin.exe;C:\Program Files\Go\bin;C:\Users\weron\AppData\Local\Microsoft\WindowsApps;;C:\Users\weron\PyCharm Community Edition 2024.3\bin;;C:\Users\weron\AppData\Local\Programs\Microsoft VS Code\bin;C:\Users\weron\AppData\Roaming\npm;C:\Users\weron\AppData\Local\Coursier\data\bin;C:\Users\weron\go\bin
USERNAME=weron
OS=Windows_NT
PROCESSOR_IDENTIFIER=Intel64 Family 6 Model 154 Stepping 3, GenuineIntel
TMP=C:\Users\weron\AppData\Local\Temp
TEMP=C:\Users\weron\AppData\Local\Temp




Periodic native trim disabled

---------------  S Y S T E M  ---------------

OS:
 Windows 11 , 64 bit Build 26100 (10.0.26100.8246)
OS uptime: 32 days 5:31 hours
Hyper-V role detected

CPU: total 20 (initial active 20) (10 cores per cpu, 2 threads per core) family 6 model 154 stepping 3 microcode 0x435, cx8, cmov, fxsr, ht, mmx, 3dnowpref, sse, sse2, sse3, ssse3, sse4.1, sse4.2, popcnt, lzcnt, tsc, tscinvbit, avx, avx2, aes, erms, clmul, bmi1, bmi2, adx, sha, fma, vzeroupper, clflush, clflushopt, clwb, hv, serialize, rdtscp, rdpid, fsrm, gfni, f16c, cet_ibt, cet_ss
Processor Information for processor 0
  Max Mhz: 2300, Current Mhz: 2300, Mhz Limit: 2300
Processor Information for processor 1
  Max Mhz: 2300, Current Mhz: 2300, Mhz Limit: 2300
Processor Information for processor 2
  Max Mhz: 2300, Current Mhz: 2300, Mhz Limit: 2300
Processor Information for processor 3
  Max Mhz: 2300, Current Mhz: 2300, Mhz Limit: 2300
Processor Information for processor 4
  Max Mhz: 2300, Current Mhz: 2300, Mhz Limit: 2300
Processor Information for processor 5
  Max Mhz: 2300, Current Mhz: 2300, Mhz Limit: 2300
Processor Information for processor 6
  Max Mhz: 2300, Current Mhz: 2300, Mhz Limit: 2300
Processor Information for processor 7
  Max Mhz: 2300, Current Mhz: 2300, Mhz Limit: 2300
Processor Information for processor 8
  Max Mhz: 2300, Current Mhz: 2300, Mhz Limit: 2300
Processor Information for processor 9
  Max Mhz: 2300, Current Mhz: 2300, Mhz Limit: 2300
Processor Information for processor 10
  Max Mhz: 2300, Current Mhz: 2300, Mhz Limit: 2300
Processor Information for processor 11
  Max Mhz: 2300, Current Mhz: 2300, Mhz Limit: 2300
Processor Information for processor 12
  Max Mhz: 2300, Current Mhz: 1700, Mhz Limit: 1679
Processor Information for processor 13
  Max Mhz: 2300, Current Mhz: 1700, Mhz Limit: 1679
Processor Information for processor 14
  Max Mhz: 2300, Current Mhz: 1700, Mhz Limit: 1679
Processor Information for processor 15
  Max Mhz: 2300, Current Mhz: 1700, Mhz Limit: 1679
Processor Information for processor 16
  Max Mhz: 2300, Current Mhz: 1700, Mhz Limit: 1679
Processor Information for processor 17
  Max Mhz: 2300, Current Mhz: 1700, Mhz Limit: 1679
Processor Information for processor 18
  Max Mhz: 2300, Current Mhz: 1700, Mhz Limit: 1679
Processor Information for processor 19
  Max Mhz: 2300, Current Mhz: 1700, Mhz Limit: 1679

Memory: 4k page, system-wide physical 16068M (617M free)
TotalPageFile size 65220M (AvailPageFile size 57M)
current process WorkingSet (physical memory assigned to process): 289M, peak: 305M
current process commit charge ("private bytes"): 251M, peak: 251M

vm_info: Java HotSpot(TM) 64-Bit Server VM (23.0.2+7-58) for windows-amd64 JRE (23.0.2+7-58), built on 2024-11-29T09:34:55Z with MS VC++ 17.6 (VS2022)

END.
