#
# There is insufficient memory for the Java Runtime Environment to continue.
# Native memory allocation (malloc) failed to allocate 1560960 bytes. Error detail: Chunk::new
# Possible reasons:
#   The system is out of physical RAM or swap space
# Possible solutions:
#   Reduce memory load on the system
#   Increase physical memory or swap space
#   Check if swap backing store is full
#   Decrease Java heap size (-Xmx/-Xms)
#   Decrease number of Java threads
#   Decrease Java thread stack sizes (-Xss)
#   Set larger code cache with -XX:ReservedCodeCacheSize=
# This output file may be truncated or incomplete.
#
#  Out of Memory Error (arena.cpp:149), pid=13896, tid=43792
#
# JRE version: Java(TM) SE Runtime Environment (23.0.2+7) (build 23.0.2+7-58)
# Java VM: Java HotSpot(TM) 64-Bit Server VM (23.0.2+7-58, mixed mode, sharing, tiered, compressed class ptrs, z gc, windows-amd64)
# No core dump will be written. Minidumps are not enabled by default on client versions of Windows
#

---------------  S U M M A R Y ------------

Command Line: -Xss4m -Xms100m -Dmetals.client=vscode -Xmx2G -XX:+UseZGC -XX:ZUncommitDelay=30 -XX:ZCollectionInterval=5 -XX:+IgnoreUnrecognizedVMOptions scala.meta.metals.Main

Host: 12th Gen Intel(R) Core(TM) i7-12700H, 20 cores, 15G,  Windows 11 , 64 bit Build 26100 (10.0.26100.8246)
Time: Thu May 28 14:23:51 2026  Windows 11 , 64 bit Build 26100 (10.0.26100.8246) elapsed time: 8.788290 seconds (0d 0h 0m 8s)

---------------  T H R E A D  ---------------

Current thread (0x00000202c2162720):  JavaThread "C2 CompilerThread0" daemon [_thread_in_native, id=43792, stack(0x0000000977800000,0x0000000977900000) (1024K)]


Current CompileTask:
C2:8788 3135   !   4       jdk.internal.loader.BuiltinClassLoader::loadClassOrNull (143 bytes)

Stack: [0x0000000977800000,0x0000000977900000]
Native frames: (J=compiled Java code, j=interpreted, Vv=VM code, C=native code)
V  [jvm.dll+0x6e0b99]  (no source info available)
V  [jvm.dll+0x87e2b3]  (no source info available)
V  [jvm.dll+0x88073e]  (no source info available)
V  [jvm.dll+0x880e13]  (no source info available)
V  [jvm.dll+0x27b006]  (no source info available)
V  [jvm.dll+0xbc06f]  (no source info available)
V  [jvm.dll+0xbc2cb]  (no source info available)
V  [jvm.dll+0x3b3c5c]  (no source info available)
V  [jvm.dll+0x1dc2ac]  (no source info available)
V  [jvm.dll+0x244ce5]  (no source info available)
V  [jvm.dll+0x243eff]  (no source info available)
V  [jvm.dll+0x1c34b0]  (no source info available)
V  [jvm.dll+0x253df1]  (no source info available)
V  [jvm.dll+0x2520aa]  (no source info available)
V  [jvm.dll+0x3ee226]  (no source info available)
V  [jvm.dll+0x8254cb]  (no source info available)
V  [jvm.dll+0x6df345]  (no source info available)
C  [ucrtbase.dll+0x37b0]  (no source info available)
C  [KERNEL32.DLL+0x2e8d7]  (no source info available)
C  [ntdll.dll+0x8c3fc]  (no source info available)

Lock stack of current Java thread (top to bottom):


---------------  P R O C E S S  ---------------

Threads class SMR info:
_java_thread_list=0x00000206e65d28c0, length=25, elements={
0x00000202cc0b5fa0, 0x00000202c20fef00, 0x00000202c20ff570, 0x00000202c213d960,
0x00000202c213e230, 0x00000202c2154220, 0x00000202c21549c0, 0x00000202c2162720,
0x00000202c2163de0, 0x00000202c2250b10, 0x00000202c24188b0, 0x00000202c23fe180,
0x00000202c72be500, 0x00000202c7badae0, 0x00000202c8eb27f0, 0x00000202c8deb510,
0x00000202c8debba0, 0x00000202c8deae80, 0x00000202c8decf50, 0x00000202c8dec8c0,
0x00000202c8dec230, 0x00000202c8dea160, 0x00000202c8dea7f0, 0x00000206e65c0070,
0x00000206e65c1ab0
}

Java Threads: ( => current thread )
  0x00000202cc0b5fa0 JavaThread "main"                              [_thread_blocked, id=46336, stack(0x0000000973e00000,0x0000000974200000) (4096K)]
  0x00000202c20fef00 JavaThread "Reference Handler"          daemon [_thread_blocked, id=32200, stack(0x0000000976000000,0x0000000976400000) (4096K)]
  0x00000202c20ff570 JavaThread "Finalizer"                  daemon [_thread_blocked, id=55552, stack(0x0000000976400000,0x0000000976800000) (4096K)]
  0x00000202c213d960 JavaThread "Signal Dispatcher"          daemon [_thread_blocked, id=20220, stack(0x0000000976800000,0x0000000976c00000) (4096K)]
  0x00000202c213e230 JavaThread "Attach Listener"            daemon [_thread_blocked, id=10208, stack(0x0000000976c00000,0x0000000977000000) (4096K)]
  0x00000202c2154220 JavaThread "Service Thread"             daemon [_thread_blocked, id=23188, stack(0x0000000977000000,0x0000000977400000) (4096K)]
  0x00000202c21549c0 JavaThread "Monitor Deflation Thread"   daemon [_thread_blocked, id=49760, stack(0x0000000977400000,0x0000000977800000) (4096K)]
=>0x00000202c2162720 JavaThread "C2 CompilerThread0"         daemon [_thread_in_native, id=43792, stack(0x0000000977800000,0x0000000977900000) (1024K)]
  0x00000202c2163de0 JavaThread "C1 CompilerThread0"         daemon [_thread_blocked, id=1360, stack(0x0000000977900000,0x0000000977a00000) (1024K)]
  0x00000202c2250b10 JavaThread "C1 CompilerThread1"         daemon [_thread_blocked, id=52404, stack(0x0000000977a00000,0x0000000977b00000) (1024K)]
  0x00000202c24188b0 JavaThread "Notification Thread"        daemon [_thread_blocked, id=47708, stack(0x0000000977b00000,0x0000000977f00000) (4096K)]
  0x00000202c23fe180 JavaThread "Common-Cleaner"             daemon [_thread_blocked, id=22332, stack(0x0000000977f00000,0x0000000978300000) (4096K)]
  0x00000202c72be500 JavaThread "pool-1-thread-1"                   [_thread_in_vm, id=2312, stack(0x0000000978500000,0x0000000978900000) (4096K)]
  0x00000202c7badae0 JavaThread "scala-execution-context-global-54" daemon [_thread_blocked, id=15744, stack(0x0000000978b00000,0x0000000978f00000) (4096K)]
  0x00000202c8eb27f0 JavaThread "coursier-pool-1-thread-1"   daemon [_thread_blocked, id=48864, stack(0x0000000978f00000,0x0000000979300000) (4096K)]
  0x00000202c8deb510 JavaThread "coursier-pool-1-thread-2"   daemon [_thread_blocked, id=45704, stack(0x0000000979300000,0x0000000979700000) (4096K)]
  0x00000202c8debba0 JavaThread "coursier-pool-1-thread-3"   daemon [_thread_blocked, id=31300, stack(0x0000000979700000,0x0000000979b00000) (4096K)]
  0x00000202c8deae80 JavaThread "coursier-pool-1-thread-4"   daemon [_thread_blocked, id=43468, stack(0x0000000979b00000,0x0000000979f00000) (4096K)]
  0x00000202c8decf50 JavaThread "coursier-pool-1-thread-5"   daemon [_thread_blocked, id=26296, stack(0x0000000979f00000,0x000000097a300000) (4096K)]
  0x00000202c8dec8c0 JavaThread "coursier-pool-1-thread-6"   daemon [_thread_blocked, id=49820, stack(0x000000097a300000,0x000000097a700000) (4096K)]
  0x00000202c8dec230 JavaThread "pool-1-thread-2"                   [_thread_blocked, id=47632, stack(0x000000097a700000,0x000000097ab00000) (4096K)]
  0x00000202c8dea160 JavaThread "pool-1-thread-3"                   [_thread_blocked, id=52564, stack(0x000000097ab00000,0x000000097af00000) (4096K)]
  0x00000202c8dea7f0 JavaThread "ForkJoinPool.commonPool-worker-1" daemon [_thread_blocked, id=19996, stack(0x000000097af00000,0x000000097b300000) (4096K)]
  0x00000206e65c0070 JavaThread "pool-2-thread-1"                   [_thread_blocked, id=32908, stack(0x000000097b300000,0x000000097b700000) (4096K)]
  0x00000206e65c1ab0 JavaThread "H2 File Lock Watchdog C:/Users/weron/OneDrive/Dokumenty/java/zad3/.metals/metals.lock.db" daemon [_thread_blocked, id=40740, stack(0x000000097b800000,0x000000097bc00000) (4096K)]
Total: 25

Other Threads:
  0x00000202cc1e8d10 VMThread "VM Thread"                           [id=37640, stack(0x0000000975f00000,0x0000000976000000) (1024K)]
  0x00000202cc2436b0 WatcherThread "VM Periodic Task Thread"        [id=40752, stack(0x0000000975e00000,0x0000000975f00000) (1024K)]
  0x00000202cc1bd4e0 ConcurrentGCThread "ZDirector"                 [id=19692, stack(0x0000000975000000,0x0000000975100000) (1024K)]
  0x00000202cc1bc680 ConcurrentGCThread "ZDriverMajor"              [id=43048, stack(0x0000000974f00000,0x0000000975000000) (1024K)] _threads_hazard_ptr=0x00000206e65d28c0
  0x00000202cc1bb820 ConcurrentGCThread "ZDriverMinor"              [id=48652, stack(0x0000000974e00000,0x0000000974f00000) (1024K)]
  0x00000202cc1c0010 ConcurrentGCThread "ZStat"                     [id=27492, stack(0x0000000975100000,0x0000000975200000) (1024K)]
  0x00000202ca417880 ConcurrentGCThread "ZUnmapper"                 [id=9012, stack(0x0000000974200000,0x0000000974300000) (1024K)]
  0x00000202ca418240 ConcurrentGCThread "ZUncommitter"              [id=46740, stack(0x0000000974300000,0x0000000974400000) (1024K)]
  0x00000202cc127f80 WorkerThread "ZWorkerYoung#0"                  [id=22792, stack(0x0000000974900000,0x0000000974a00000) (1024K)]
  0x00000202cc128a70 WorkerThread "ZWorkerYoung#1"                  [id=55780, stack(0x0000000974a00000,0x0000000974b00000) (1024K)]
  0x00000202cc12a280 WorkerThread "ZWorkerYoung#2"                  [id=46920, stack(0x0000000974b00000,0x0000000974c00000) (1024K)]
  0x00000202cc12ba90 WorkerThread "ZWorkerYoung#3"                  [id=21200, stack(0x0000000974c00000,0x0000000974d00000) (1024K)]
  0x00000202cc12f2b0 WorkerThread "ZWorkerYoung#4"                  [id=39352, stack(0x0000000974d00000,0x0000000974e00000) (1024K)]
  0x00000202cc116a40 WorkerThread "ZWorkerOld#0"                    [id=49376, stack(0x0000000974400000,0x0000000974500000) (1024K)]
  0x00000202cc1188e0 WorkerThread "ZWorkerOld#1"                    [id=42132, stack(0x0000000974500000,0x0000000974600000) (1024K)]
  0x00000202cc11a550 WorkerThread "ZWorkerOld#2"                    [id=35752, stack(0x0000000974600000,0x0000000974700000) (1024K)]
  0x00000202cc11d070 WorkerThread "ZWorkerOld#3"                    [id=43732, stack(0x0000000974700000,0x0000000974800000) (1024K)]
  0x00000202cc122a30 WorkerThread "ZWorkerOld#4"                    [id=49328, stack(0x0000000974800000,0x0000000974900000) (1024K)]
  0x00000202cc1c41c0 WorkerThread "RuntimeWorker#0"                 [id=29132, stack(0x0000000975200000,0x0000000975300000) (1024K)]
  0x00000202cc1c9920 WorkerThread "RuntimeWorker#1"                 [id=48892, stack(0x0000000975300000,0x0000000975400000) (1024K)]
  0x00000202cc1d9cf0 WorkerThread "RuntimeWorker#2"                 [id=39004, stack(0x0000000975400000,0x0000000975500000) (1024K)]
  0x00000202cc1db460 WorkerThread "RuntimeWorker#3"                 [id=18140, stack(0x0000000975500000,0x0000000975600000) (1024K)]
  0x00000202cc1dc6d0 WorkerThread "RuntimeWorker#4"                 [id=54344, stack(0x0000000975600000,0x0000000975700000) (1024K)]
  0x00000202cc1dbf70 WorkerThread "RuntimeWorker#5"                 [id=39644, stack(0x0000000975700000,0x0000000975800000) (1024K)]
  0x00000202cc1db810 WorkerThread "RuntimeWorker#6"                 [id=27060, stack(0x0000000975800000,0x0000000975900000) (1024K)]
  0x00000202cc1dbbc0 WorkerThread "RuntimeWorker#7"                 [id=27856, stack(0x0000000975900000,0x0000000975a00000) (1024K)]
  0x00000202cc1dc320 WorkerThread "RuntimeWorker#8"                 [id=38440, stack(0x0000000975a00000,0x0000000975b00000) (1024K)]
  0x00000202cc1dad00 WorkerThread "RuntimeWorker#9"                 [id=33996, stack(0x0000000975b00000,0x0000000975c00000) (1024K)]
  0x00000202cc1db0b0 WorkerThread "RuntimeWorker#10"                [id=14820, stack(0x0000000975c00000,0x0000000975d00000) (1024K)]
  0x00000202cc1e90c0 WorkerThread "RuntimeWorker#11"                [id=10080, stack(0x0000000975d00000,0x0000000975e00000) (1024K)]
Total: 30

Threads with active compile tasks:
C2 CompilerThread0  8869 3135   !   4       jdk.internal.loader.BuiltinClassLoader::loadClassOrNull (143 bytes)
Total: 1

VM state: not at safepoint (normal execution)

VM Mutex/Monitor currently owned by a thread: None

CDS archive(s) mapped at: [0x0000020281000000-0x0000020281d70000-0x0000020281d70000), size 14090240, SharedBaseAddress: 0x0000020281000000, ArchiveRelocationMode: 1.
Compressed class space mapped at: 0x0000020282000000-0x00000202c2000000, reserved size: 1073741824
Narrow klass base: 0x0000020281000000, Narrow klass shift: 0, Narrow klass range: 0x41000000

GC Precious Log:
 NUMA Support: Disabled
 CPUs: 20 total, 20 available
 Memory: 16068M
 Large Page Support: Disabled
 Address Space Type: Contiguous/Unrestricted/Complete
 Address Space Size: 32768M
 Min Capacity: 100M
 Initial Capacity: 100M
 Max Capacity: 2048M
 Soft Max Capacity: 2048M
 Medium Page Size: 32M
 Pre-touch: Disabled
 Uncommit: Enabled
 Uncommit Delay: 30s
 GC Workers for Old Generation: 5 (dynamic)
 GC Workers for Young Generation: 5 (dynamic)
 GC Workers Max: 5 (dynamic)
 Runtime Workers: 12
 Forced to lower max Java heap size from 2048M(100%) to 150M(7%)

ZGC Globals:
 Young Collection:   Relocate/4
 Old Collection:     MarkComplete/3
 Offset Max:         4096G (0x0000040000000000)
 Page Size Small:    2M
 Page Size Medium:   32M

ZGC Metadata Bits:
 LoadGood:           0x0000000000008000
 LoadBad:            0x0000000000007000
 MarkGood:           0x0000000000008600
 MarkBad:            0x00000000000079c0
 StoreGood:          0x0000000000008620
 StoreBad:           0x00000000000079d0
 ------------------- 
 Remapped:           0x0000000000008000
 RemappedYoung:      0x000000000000a000
 RemappedOld:        0x000000000000c000
 MarkedYoung:        0x0000000000000200
 MarkedOld:          0x0000000000000400
 Remembered:         0x0000000000000020

Heap:
 ZHeap           used 108M, capacity 150M, max capacity 2048M
 Metaspace       used 35630K, committed 36160K, reserved 1114112K
  class space    used 4350K, committed 4544K, reserved 1048576K

ZGC Page Table:
 Small   0x0000000000000000 0x00000000001fd878 0x0000000000200000 O/3     Allocating 
 Small   0x0000000000400000 0x000000000056dc40 0x0000000000600000 O/3     Allocating 
 Small   0x0000000000600000 0x0000000000601d58 0x0000000000800000 Y/4     Allocating 
 Medium  0x0000000000a00000 0x0000000000cdb000 0x0000000002a00000 O/3     Allocating 
 Small   0x0000000002c00000 0x0000000002c00478 0x0000000002e00000 O/3     Allocating 
 Small   0x0000000003000000 0x00000000030000b0 0x0000000003200000 O/3     Allocating 
 Small   0x0000000003200000 0x0000000003200030 0x0000000003400000 Y/4     Allocating 
 Small   0x0000000003600000 0x0000000003800000 0x0000000003800000 O/3     Allocating 
 Small   0x0000000003800000 0x0000000003800078 0x0000000003a00000 Y/4     Allocating 
 Small   0x0000000003e00000 0x0000000003e93df0 0x0000000004000000 O/3     Allocating 
 Small   0x0000000004000000 0x0000000004200000 0x0000000004200000 O/3     Allocating 
 Small   0x0000000004200000 0x0000000004300000 0x0000000004400000 Y/4     Allocating 
 Small   0x0000000004e00000 0x0000000004e006b0 0x0000000005000000 O/3     Allocating 
 Small   0x0000000005000000 0x0000000005189b68 0x0000000005200000 O/3     Allocating 
 Small   0x0000000005200000 0x00000000053fd1d0 0x0000000005400000 O/3     Allocating 
 Small   0x0000000005c00000 0x0000000005ccb0b8 0x0000000005e00000 O/3     Allocating 
 Small   0x0000000005e00000 0x0000000005f13be8 0x0000000006000000 O/3     Allocating 
 Small   0x0000000006200000 0x000000000628c218 0x0000000006400000 O/3     Allocating 
 Small   0x0000000006400000 0x00000000065fffd0 0x0000000006600000 O/3     Allocating 
 Small   0x0000000006600000 0x0000000006600000 0x0000000006800000 Y/4     Allocating 
 Small   0x0000000006c00000 0x0000000006c00328 0x0000000006e00000 O/3     Allocating 
 Small   0x0000000006e00000 0x0000000006e9e828 0x0000000007000000 O/3     Allocating 
 Small   0x0000000007e00000 0x0000000007ffe1d0 0x0000000008000000 O/3     Allocating 
 Medium  0x00000007fc000000 0x00000007fc102000 0x00000007fe000000 Y/4     Allocating 

ZBarrierSet

Polling page: 0x00000202ca620000

Metaspace:

Usage:
  Non-class:     30.56 MB used.
      Class:      4.25 MB used.
       Both:     34.81 MB used.

Virtual space:
  Non-class space:       64.00 MB reserved,      30.88 MB ( 48%) committed,  1 nodes.
      Class space:        1.00 GB reserved,       4.44 MB ( <1%) committed,  1 nodes.
             Both:        1.06 GB reserved,      35.31 MB (  3%) committed. 

Chunk freelists:
   Non-Class:  928.00 KB
       Class:  11.53 MB
        Both:  12.44 MB

MaxMetaspaceSize: unlimited
CompressedClassSpaceSize: 1.00 GB
Initial GC threshold: 21.00 MB
Current GC threshold: 36.56 MB
CDS: on
 - commit_granule_bytes: 65536.
 - commit_granule_words: 8192.
 - virtual_space_node_default_size: 8388608.
 - enlarge_chunks_in_place: 1.
 - use_allocation_guard: 0.


Internal statistics:

num_allocs_failed_limit: 3.
num_arena_births: 628.
num_arena_deaths: 0.
num_vsnodes_births: 2.
num_vsnodes_deaths: 0.
num_space_committed: 565.
num_space_uncommitted: 0.
num_chunks_returned_to_freelist: 3.
num_chunks_taken_from_freelist: 1755.
num_chunk_merges: 3.
num_chunk_splits: 1269.
num_chunks_enlarged: 939.
num_inconsistent_stats: 0.

CodeHeap 'non-profiled nmethods': size=119232Kb used=1057Kb max_used=1182Kb free=118174Kb
 bounds [0x00000202dcb80000, 0x00000202dcdf0000, 0x00000202e3ff0000]
CodeHeap 'profiled nmethods': size=119104Kb used=3850Kb max_used=4229Kb free=115253Kb
 bounds [0x00000202d4ff0000, 0x00000202d5420000, 0x00000202dc440000]
CodeHeap 'non-nmethods': size=7424Kb used=2147Kb max_used=3294Kb free=5276Kb
 bounds [0x00000202dc440000, 0x00000202dc780000, 0x00000202dcb80000]
CodeCache: size=245760Kb, used=7054Kb, max_used=8705Kb, free=238703Kb
 total_blobs=3472, nmethods=2699, adapters=673, full_count=0
Compilation: enabled, stopped_count=0, restarted_count=0

Compilation events (250 events):
Event: 3.941 Thread 0x00000202c2163de0 nmethod 3002 0x00000202d53e5488 code [0x00000202d53e55c0, 0x00000202d53e5890]
Event: 3.941 Thread 0x00000202c243cd20 3005       3       com.google.gson.stream.JsonWriter::peek (29 bytes)
Event: 3.941 Thread 0x00000202c2250b10 nmethod 3003 0x00000202d53e5908 code [0x00000202d53e5a40, 0x00000202d53e5cc8]
Event: 3.941 Thread 0x00000202c243c660 nmethod 3004 0x00000202d53e5d08 code [0x00000202d53e5e60, 0x00000202d53e6198]
Event: 3.941 Thread 0x00000202c243cd20 nmethod 3005 0x00000202d53e6208 code [0x00000202d53e6340, 0x00000202d53e65c0]
Event: 3.941 Thread 0x00000202c2163de0 3006       1       scala.collection.convert.JavaCollectionWrappers$IteratorWrapper::underlying (5 bytes)
Event: 3.942 Thread 0x00000202c2250b10 3007       3       com.google.gson.stream.JsonWriter::string (169 bytes)
Event: 3.942 Thread 0x00000202c243cd20 3008       3       java.lang.reflect.ReflectAccess::getRoot (5 bytes)
Event: 3.942 Thread 0x00000202c243c660 3009       3       jdk.internal.reflect.MagicAccessorImpl::<init> (5 bytes)
Event: 3.942 Thread 0x00000202c2163de0 nmethod 3006 0x00000202dcc97a88 code [0x00000202dcc97ba0, 0x00000202dcc97c98]
Event: 3.942 Thread 0x00000202c243cd20 nmethod 3008 0x00000202d53e6608 code [0x00000202d53e6720, 0x00000202d53e68f8]
Event: 3.942 Thread 0x00000202c2163de0 3010       3       jdk.internal.reflect.MethodHandleAccessorFactory::ensureClassInitialized (18 bytes)
Event: 3.942 Thread 0x00000202c243c660 nmethod 3009 0x00000202d53e6908 code [0x00000202d53e6a20, 0x00000202d53e6b88]
Event: 3.942 Thread 0x00000202c243cd20 3011       3       java.lang.reflect.Field::getRoot (5 bytes)
Event: 3.943 Thread 0x00000202c243c660 3012   !   3       jdk.internal.reflect.MethodHandleAccessorFactory::newFieldAccessor (240 bytes)
Event: 3.943 Thread 0x00000202c243cd20 nmethod 3011 0x00000202d53e6c08 code [0x00000202d53e6d20, 0x00000202d53e6e70]
Event: 3.943 Thread 0x00000202c2163de0 nmethod 3010 0x00000202d53e6f08 code [0x00000202d53e7080, 0x00000202d53e74d8]
Event: 3.943 Thread 0x00000202c2163de0 3013       3       jdk.internal.reflect.MethodHandleFieldAccessorImpl::<init> (44 bytes)
Event: 3.943 Thread 0x00000202c243cd20 3014       3       jdk.internal.reflect.FieldAccessorImpl::<init> (10 bytes)
Event: 3.943 Thread 0x00000202c243cd20 nmethod 3014 0x00000202d53e7508 code [0x00000202d53e7640, 0x00000202d53e7880]
Event: 3.943 Thread 0x00000202c2163de0 nmethod 3013 0x00000202d53e7908 code [0x00000202d53e7a60, 0x00000202d53e7e80]
Event: 3.943 Thread 0x00000202c2250b10 nmethod 3007 0x00000202d53e7f08 code [0x00000202d53e8140, 0x00000202d53e9110]
Event: 3.943 Thread 0x00000202c2250b10 3017       3       jdk.internal.reflect.MethodHandleObjectFieldAccessorImpl::fieldAccessor (96 bytes)
Event: 3.943 Thread 0x00000202c243cd20 3015       3       java.lang.reflect.Field::getOverrideFieldAccessor (18 bytes)
Event: 3.943 Thread 0x00000202c243cd20 nmethod 3015 0x00000202d53e9188 code [0x00000202d53e92c0, 0x00000202d53e9478]
Event: 3.944 Thread 0x00000202c2162720 3018       4       java.lang.Character::digit (10 bytes)
Event: 3.944 Thread 0x00000202c243c660 nmethod 3012 0x00000202d53e9488 code [0x00000202d53e9780, 0x00000202d53ea5d8]
Event: 3.944 Thread 0x00000202c2250b10 nmethod 3017 0x00000202d53ea688 code [0x00000202d53ea8e0, 0x00000202d53eb590]
Event: 3.945 Thread 0x00000202c2162720 nmethod 3018 0x00000202dcc98308 code [0x00000202dcc98420, 0x00000202dcc98598]
Event: 3.948 Thread 0x00000202c2163de0 3019       3       jdk.internal.reflect.ReflectionFactory::copyConstructor (11 bytes)
Event: 3.948 Thread 0x00000202c243cd20 3020       3       java.lang.reflect.ReflectAccess::copyConstructor (5 bytes)
Event: 3.948 Thread 0x00000202c2250b10 3021       3       java.lang.reflect.Constructor::copy (72 bytes)
Event: 3.948 Thread 0x00000202c243c660 3022       3       java.lang.reflect.Constructor::<init> (50 bytes)
Event: 3.948 Thread 0x00000202c243cd20 nmethod 3020 0x00000202d53eb608 code [0x00000202d53eb720, 0x00000202d53eb860]
Event: 3.948 Thread 0x00000202c2163de0 nmethod 3019 0x00000202d53eb908 code [0x00000202d53eba40, 0x00000202d53ebc68]
Event: 3.948 Thread 0x00000202c243c660 nmethod 3022 0x00000202d53ebd08 code [0x00000202d53ebe60, 0x00000202d53ec368]
Event: 3.948 Thread 0x00000202c2250b10 nmethod 3021 0x00000202d53ec408 code [0x00000202d53ec580, 0x00000202d53ecaf8]
Event: 3.956 Thread 0x00000202c2162720 3024       4       jdk.internal.org.objectweb.asm.Label::resolve (259 bytes)
Event: 3.958 Thread 0x00000202c79b2b90 3026       4       scala.collection.Hashing$::improve (29 bytes)
Event: 3.959 Thread 0x00000202c79b2b90 nmethod 3026 0x00000202dcc98c88 code [0x00000202dcc98d80, 0x00000202dcc98e20]
Event: 3.960 Thread 0x00000202c243cd20 3027       3       java.util.concurrent.ThreadPoolExecutor::runStateAtLeast (11 bytes)
Event: 3.960 Thread 0x00000202c243cd20 nmethod 3027 0x00000202d53ecb08 code [0x00000202d53ecc20, 0x00000202d53ecd58]
Event: 3.963 Thread 0x00000202c2250b10 3028       3       java.lang.invoke.DirectMethodHandle$Holder::invokeStatic (15 bytes)
Event: 3.964 Thread 0x00000202c2250b10 nmethod 3028 0x00000202d53ece08 code [0x00000202d53ecf60, 0x00000202d53ed4d0]
Event: 3.965 Thread 0x00000202c2162720 nmethod 3024 0x00000202dcc98f88 code [0x00000202dcc990c0, 0x00000202dcc99740]
Event: 3.965 Thread 0x00000202c2250b10 3029       1       sun.reflect.generics.reflectiveObjects.ParameterizedTypeImpl::getRawType (5 bytes)
Event: 3.965 Thread 0x00000202c2250b10 nmethod 3029 0x00000202dcc99788 code [0x00000202dcc998a0, 0x00000202dcc99998]
Event: 3.966 Thread 0x00000202c78d7070 3030       4       java.lang.invoke.MethodType::genericMethodType (95 bytes)
Event: 3.968 Thread 0x00000202c2163de0 3031       3       java.util.concurrent.atomic.AtomicReference::<init> (10 bytes)
Event: 3.968 Thread 0x00000202c2162720 3032       4       java.lang.StringLatin1::inflate (34 bytes)
Event: 3.968 Thread 0x00000202c2163de0 nmethod 3031 0x00000202d53ed508 code [0x00000202d53ed620, 0x00000202d53ed800]
Event: 3.968 Thread 0x00000202c243c660 3033       3       com.google.gson.stream.JsonReader::nextName (86 bytes)
Event: 3.968 Thread 0x00000202c243cd20 3034       3       java.lang.Class$ReflectionData::<init> (10 bytes)
Event: 3.968 Thread 0x00000202c2250b10 3035       3       java.lang.Class$Atomic::casReflectionData (13 bytes)
Event: 3.969 Thread 0x00000202c243cd20 nmethod 3034 0x00000202d53ed888 code [0x00000202d53ed9a0, 0x00000202d53edb08]
Event: 3.969 Thread 0x00000202c2250b10 nmethod 3035 0x00000202d53edb88 code [0x00000202d53edca0, 0x00000202d53ede08]
Event: 3.969 Thread 0x00000202c243c660 nmethod 3033 0x00000202d53ede88 code [0x00000202d53ee020, 0x00000202d53ee5c8]
Event: 3.970 Thread 0x00000202c79b2b90 3036       4       java.lang.StringUTF16::compress (47 bytes)
Event: 3.971 Thread 0x00000202c243cd20 3037       3       scala.runtime.BoxesRunTime::boxToCharacter (5 bytes)
Event: 3.971 Thread 0x00000202c2250b10 3038       1       scala.meta.internal.mtags.EncoderDecoder::toEscape (5 bytes)
Event: 3.972 Thread 0x00000202c243c660 3039       3       sun.nio.fs.WindowsPath::toWindowsPath (32 bytes)
Event: 3.972 Thread 0x00000202c2250b10 nmethod 3038 0x00000202dcc99a88 code [0x00000202dcc99ba0, 0x00000202dcc99c98]
Event: 3.972 Thread 0x00000202c243cd20 nmethod 3037 0x00000202d53ee608 code [0x00000202d53ee740, 0x00000202d53eea38]
Event: 3.972 Thread 0x00000202c243c660 nmethod 3039 0x00000202d53eea88 code [0x00000202d53eebe0, 0x00000202d53ef078]
Event: 3.975 Thread 0x00000202c78d7070 nmethod 3030 0x00000202dcc99d88 code [0x00000202dcc99f00, 0x00000202dcc9aae8]
Event: 3.977 Thread 0x00000202c2162720 nmethod 3032 0x00000202dcc9ab88 code [0x00000202dcc9ac80, 0x00000202dcc9aee0]
Event: 3.978 Thread 0x00000202c79b2b90 nmethod 3036 0x00000202dcc9af08 code [0x00000202dcc9b000, 0x00000202dcc9b270]
Event: 3.979 Thread 0x00000202c2163de0 3040       3       java.lang.CharacterData::of (136 bytes)
Event: 3.980 Thread 0x00000202c2163de0 nmethod 3040 0x00000202d53ef088 code [0x00000202d53ef220, 0x00000202d53efae0]
Event: 3.980 Thread 0x00000202c2162720 3041       4       jdk.internal.loader.URLClassPath$JarLoader$2::getCodeSourceURL (8 bytes)
Event: 3.981 Thread 0x00000202c2162720 nmethod 3041 0x00000202dcc9b288 code [0x00000202dcc9b380, 0x00000202dcc9b490]
Event: 3.990 Thread 0x00000202c2163de0 3042       3       sun.nio.fs.WindowsPath::getFileSystem (5 bytes)
Event: 3.991 Thread 0x00000202c2163de0 nmethod 3042 0x00000202d53efb08 code [0x00000202d53efc20, 0x00000202d53efdf0]
Event: 3.993 Thread 0x00000202c2250b10 3043       3       jdk.internal.jimage.ImageLocation::verify (218 bytes)
Event: 3.994 Thread 0x00000202c243c660 3044       3       jdk.internal.loader.URLClassPath$JarLoader::findResource (18 bytes)
Event: 3.994 Thread 0x00000202c243c660 nmethod 3044 0x00000202d53efe88 code [0x00000202d53effc0, 0x00000202d53f0228]
Event: 3.994 Thread 0x00000202c2250b10 nmethod 3043 0x00000202d53f0288 code [0x00000202d53f04c0, 0x00000202d53f11e8]
Event: 3.995 Thread 0x00000202c243c660 3045       3       java.nio.Buffer::hasRemaining (17 bytes)
Event: 3.995 Thread 0x00000202c243c660 nmethod 3045 0x00000202d53f1288 code [0x00000202d53f13a0, 0x00000202d53f1500]
Event: 4.026 Thread 0x00000202c243c660 3046       3       java.io.FilterInputStream::read (11 bytes)
Event: 4.026 Thread 0x00000202c243c660 nmethod 3046 0x00000202d53f1588 code [0x00000202d53f16c0, 0x00000202d53f18d0]
Event: 4.026 Thread 0x00000202c243c660 3047       3       java.util.zip.ZipInputStream::ensureOpen (18 bytes)
Event: 4.026 Thread 0x00000202c2250b10 3048       3       java.io.PushbackInputStream::read (129 bytes)
Event: 4.026 Thread 0x00000202c2163de0 3049       3       java.io.PushbackInputStream::ensureOpen (18 bytes)
Event: 4.026 Thread 0x00000202c243c660 nmethod 3047 0x00000202d53f1908 code [0x00000202d53f1a40, 0x00000202d53f1c50]
Event: 4.026 Thread 0x00000202c243cd20 3050       3       java.util.zip.ZipInputStream::read (288 bytes)
Event: 4.027 Thread 0x00000202c2163de0 nmethod 3049 0x00000202d53f1c88 code [0x00000202d53f1dc0, 0x00000202d53f2000]
Event: 4.027 Thread 0x00000202c78d7070 3051       4       java.util.Objects::checkFromIndexSize (8 bytes)
Event: 4.027 Thread 0x00000202c2250b10 nmethod 3048 0x00000202d53f2088 code [0x00000202d53f2260, 0x00000202d53f2c08]
Event: 4.027 Thread 0x00000202c2250b10 3052       3       java.util.zip.ZipUtils::get32 (23 bytes)
Event: 4.027 Thread 0x00000202c2250b10 nmethod 3052 0x00000202d53f2c88 code [0x00000202d53f2dc0, 0x00000202d53f3038]
Event: 4.027 Thread 0x00000202c2162720 3053       4       java.util.zip.ZipUtils::get16 (21 bytes)
Event: 4.028 Thread 0x00000202c78d7070 nmethod 3051 0x00000202dcc9b588 code [0x00000202dcc9b680, 0x00000202dcc9b748]
Event: 4.028 Thread 0x00000202c243cd20 nmethod 3050 0x00000202d53f3088 code [0x00000202d53f3420, 0x00000202d53f4d78]
Event: 4.028 Thread 0x00000202c243cd20 3054       3       java.util.zip.ZipCoder$UTF8ZipCoder::toString (12 bytes)
Event: 4.028 Thread 0x00000202c2250b10 3055       3       java.lang.System$2::newStringUTF8NoRepl (8 bytes)
Event: 4.028 Thread 0x00000202c2163de0 3056       3       java.lang.String::newStringUTF8NoRepl (322 bytes)
Event: 4.028 Thread 0x00000202c2250b10 nmethod 3055 0x00000202d53f4e08 code [0x00000202d53f4f20, 0x00000202d53f5068]
Event: 4.028 Thread 0x00000202c2162720 nmethod 3053 0x00000202dcc9b888 code [0x00000202dcc9b980, 0x00000202dcc9ba60]
Event: 4.029 Thread 0x00000202c243cd20 nmethod 3054 0x00000202d53f5108 code [0x00000202d53f5240, 0x00000202d53f53f8]
Event: 4.029 Thread 0x00000202c2163de0 nmethod 3056 0x00000202d53f5488 code [0x00000202d53f5740, 0x00000202d53f6b58]
Event: 4.031 Thread 0x00000202c2162720 3057       4       java.io.WinNTFileSystem::normalize (224 bytes)
Event: 4.031 Thread 0x00000202c78d7070 3058   !   4       java.util.zip.Inflater::needsDictionary (19 bytes)
Event: 4.031 Thread 0x00000202c2250b10 3059   !   3       java.util.zip.InflaterInputStream::read (129 bytes)
Event: 4.032 Thread 0x00000202c79b2b90 3060   !   4       java.util.zip.Inflater::finished (19 bytes)
Event: 4.032 Thread 0x00000202c2163de0 3061   !   3       java.util.zip.Inflater::inflate (456 bytes)
Event: 4.032 Thread 0x00000202c78d7070 nmethod 3058 0x00000202dcc9bb88 code [0x00000202dcc9bca0, 0x00000202dcc9bf10]
Event: 4.033 Thread 0x00000202c2250b10 nmethod 3059 0x00000202d53f6c08 code [0x00000202d53f6e60, 0x00000202d53f7e00]
Event: 4.033 Thread 0x00000202c2250b10 3062       3       java.util.zip.ZipInputStream::readFully (44 bytes)
Event: 4.033 Thread 0x00000202c79b2b90 nmethod 3060 0x00000202dcc9bf88 code [0x00000202dcc9c0a0, 0x00000202dcc9c310]
Event: 4.033 Thread 0x00000202c2250b10 nmethod 3062 0x00000202d53f7e88 code [0x00000202d53f7fe0, 0x00000202d53f83b8]
Event: 4.034 Thread 0x00000202c2163de0 nmethod 3061 0x00000202d53f8408 code [0x00000202d53f8760, 0x00000202d53fa738]
Event: 4.036 Thread 0x00000202c2250b10 3063       3       java.lang.String::decode2 (12 bytes)
Event: 4.036 Thread 0x00000202c243c660 3064       3       java.lang.String::isNotContinuation (17 bytes)
Event: 4.036 Thread 0x00000202c2250b10 nmethod 3063 0x00000202d53fa808 code [0x00000202d53fa920, 0x00000202d53faa28]
Event: 4.036 Thread 0x00000202c243c660 nmethod 3064 0x00000202d53fab08 code [0x00000202d53fac20, 0x00000202d53fad68]
Event: 4.038 Thread 0x00000202c2250b10 3065       3       java.lang.StringUTF16::checkIndex (9 bytes)
Event: 4.038 Thread 0x00000202c243c660 3066       3       java.lang.StringUTF16::charAt (11 bytes)
Event: 4.038 Thread 0x00000202c2250b10 nmethod 3065 0x00000202d53fae08 code [0x00000202d53faf40, 0x00000202d53fb138]
Event: 4.038 Thread 0x00000202c243c660 nmethod 3066 0x00000202d53fb188 code [0x00000202d53fb2c0, 0x00000202d53fb528]
Event: 4.039 Thread 0x00000202c243c660 3067       3       java.lang.String::trim (35 bytes)
Event: 4.039 Thread 0x00000202c79b2b90 3068       4       java.lang.AbstractStringBuilder::append (77 bytes)
Event: 4.039 Thread 0x00000202c78d7070 3069       4       java.lang.StringBuilder::append (8 bytes)
Event: 4.039 Thread 0x00000202c243cd20 3070       3       java.lang.String::<init> (98 bytes)
Event: 4.039 Thread 0x00000202c243c660 nmethod 3067 0x00000202d53fb588 code [0x00000202d53fb6e0, 0x00000202d53fba10]
Event: 4.039 Thread 0x00000202c243c660 3071       3       java.lang.StringUTF16::compress (56 bytes)
Event: 4.039 Thread 0x00000202c2163de0 3074       3       java.lang.AbstractStringBuilder::setLength (82 bytes)
Event: 4.039 Thread 0x00000202c2250b10 3073       3       java.lang.StringBuilder::setLength (6 bytes)
Event: 4.040 Thread 0x00000202c243cd20 nmethod 3070 0x00000202d53fba88 code [0x00000202d53fbc20, 0x00000202d53fc2e8]
Event: 4.040 Thread 0x00000202c243c660 nmethod 3071 0x00000202d53fc388 code [0x00000202d53fc4e0, 0x00000202d53fc960]
Event: 4.040 Thread 0x00000202c2250b10 nmethod 3073 0x00000202d53fca08 code [0x00000202d53fcb20, 0x00000202d53fcc60]
Event: 4.040 Thread 0x00000202c2163de0 nmethod 3074 0x00000202d53fcd08 code [0x00000202d53fcea0, 0x00000202d53fd3f0]
Event: 4.040 Thread 0x00000202c2163de0 3075       3       java.lang.String::substring (58 bytes)
Event: 4.041 Thread 0x00000202c243cd20 3076       3       java.lang.StringUTF16::compress (66 bytes)
Event: 4.041 Thread 0x00000202c2250b10 3077       3       java.lang.String::indexOf (41 bytes)
Event: 4.041 Thread 0x00000202c243cd20 nmethod 3076 0x00000202d53fd488 code [0x00000202d53fd600, 0x00000202d53fd9a0]
Event: 4.041 Thread 0x00000202c2163de0 nmethod 3075 0x00000202d53fda08 code [0x00000202d53fdba0, 0x00000202d53fe190]
Event: 4.041 Thread 0x00000202c2250b10 nmethod 3077 0x00000202d53fe208 code [0x00000202d53fe3a0, 0x00000202d53fe9e0]
Event: 4.042 Thread 0x00000202c2250b10 3078       3       java.lang.String::startsWith (7 bytes)
Event: 4.042 Thread 0x00000202c243c660 3079       3       java.lang.StringUTF16::checkBoundsOffCount (11 bytes)
Event: 4.042 Thread 0x00000202c2250b10 nmethod 3078 0x00000202d53fea88 code [0x00000202d53feba0, 0x00000202d53fece0]
Event: 4.042 Thread 0x00000202c243c660 nmethod 3079 0x00000202d53fed88 code [0x00000202d53feec0, 0x00000202d53ff1a0]
Event: 4.042 Thread 0x00000202c2250b10 3082       3       java.util.concurrent.ConcurrentHashMap$EntryIterator::next (51 bytes)
Event: 4.042 Thread 0x00000202c243cd20 3081       3       java.util.concurrent.ConcurrentHashMap$EntryIterator::next (5 bytes)
Event: 4.042 Thread 0x00000202c2163de0 3083       3       java.util.concurrent.ConcurrentHashMap$MapEntry::<init> (20 bytes)
Event: 4.042 Thread 0x00000202c243c660 3084       3       java.lang.String::startsWith (123 bytes)
Event: 4.042 Thread 0x00000202c243cd20 nmethod 3081 0x00000202d53ff208 code [0x00000202d53ff320, 0x00000202d53ff458]
Event: 4.043 Thread 0x00000202c2163de0 nmethod 3083 0x00000202d53ff508 code [0x00000202d53ff640, 0x00000202d53ff908]
Event: 4.043 Thread 0x00000202c243cd20 3085       3       java.lang.StringUTF16::inflate (42 bytes)
Event: 4.043 Thread 0x00000202c2250b10 nmethod 3082 0x00000202d53ff988 code [0x00000202d53ffb00, 0x00000202d5400130]
Event: 4.043 Thread 0x00000202c2163de0 3086       3       java.lang.invoke.DirectMethodHandle$Holder::invokeStatic (14 bytes)
Event: 4.043 Thread 0x00000202c2250b10 3087       3       java.lang.invoke.DirectMethodHandle$Holder::invokeStatic (17 bytes)
Event: 4.043 Thread 0x00000202c2163de0 nmethod 3086 0x00000202d5400188 code [0x00000202d54002e0, 0x00000202d5400800]
Event: 4.043 Thread 0x00000202c243cd20 nmethod 3085 0x00000202d5400888 code [0x00000202d54009e0, 0x00000202d5400e08]
Event: 4.043 Thread 0x00000202c2250b10 nmethod 3087 0x00000202d5400e88 code [0x00000202d5400fc0, 0x00000202d5401478]
Event: 4.043 Thread 0x00000202c243c660 nmethod 3084 0x00000202d5401508 code [0x00000202d54016c0, 0x00000202d5401e50]
Event: 4.046 Thread 0x00000202c79b2b90 nmethod 3068 0x00000202dcc9c388 code [0x00000202dcc9c4e0, 0x00000202dcc9cc28]
Event: 4.046 Thread 0x00000202c79b2b90 3088       4       java.lang.StringConcatHelper::mix (27 bytes)
Event: 4.047 Thread 0x00000202c78d7070 nmethod 3069 0x00000202dcc9cd08 code [0x00000202dcc9ce60, 0x00000202dcc9d5f0]
Event: 4.047 Thread 0x00000202c78d7070 3072       4       java.lang.StringUTF16::charAt (11 bytes)
Event: 4.048 Thread 0x00000202c79b2b90 nmethod 3088 0x00000202dcc9d688 code [0x00000202dcc9d780, 0x00000202dcc9d8b0]
Event: 4.048 Thread 0x00000202c79b2b90 3080       4       java.lang.StringUTF16::length (5 bytes)
Event: 4.048 Thread 0x00000202c78d7070 nmethod 3072 0x00000202dcc9d988 code [0x00000202dcc9da80, 0x00000202dcc9db30]
Event: 4.049 Thread 0x00000202c79b2b90 nmethod 3080 0x00000202dcc9dc88 code [0x00000202dcc9dd80, 0x00000202dcc9de00]
Event: 4.050 Thread 0x00000202c243c660 3090       3       java.lang.Character::toLowerCase (6 bytes)
Event: 4.050 Thread 0x00000202c2250b10 3091       3       java.lang.Character::toLowerCase (9 bytes)
Event: 4.051 Thread 0x00000202c243c660 nmethod 3090 0x00000202d5401e88 code [0x00000202d5401fc0, 0x00000202d5402218]
Event: 4.051 Thread 0x00000202c2250b10 nmethod 3091 0x00000202d5402288 code [0x00000202d54023c0, 0x00000202d54025b8]
Event: 4.060 Thread 0x00000202c2163de0 3092       3       java.lang.StringCoding::countPositives (33 bytes)
Event: 4.061 Thread 0x00000202c2163de0 nmethod 3092 0x00000202d5402608 code [0x00000202d5402740, 0x00000202d5402958]
Event: 4.061 Thread 0x00000202c79b2b90 3093   !   4       java.util.concurrent.ConcurrentHashMap::putVal (432 bytes)
Event: 4.062 Thread 0x00000202c2250b10 3094       3       java.util.jar.JarFile::getVersionedEntry (133 bytes)
Event: 4.063 Thread 0x00000202c2250b10 nmethod 3094 0x00000202d5402988 code [0x00000202d5402be0, 0x00000202d5403ad0]
Event: 4.072 Thread 0x00000202c2162720 nmethod 3057 0x00000202dcc9e288 code [0x00000202dcc9e640, 0x00000202dcca1160]
Event: 4.075 Thread 0x00000202c2163de0 3095       3       java.util.LinkedHashMap::get (29 bytes)
Event: 4.075 Thread 0x00000202c2163de0 nmethod 3095 0x00000202d5403b88 code [0x00000202d5403cc0, 0x00000202d5403fa0]
Event: 4.076 Thread 0x00000202c79b2b90 nmethod 3093 0x00000202dcca1308 code [0x00000202dcca1540, 0x00000202dcca26e0]
Event: 4.078 Thread 0x00000202c243c660 3096       3       jdk.internal.loader.URLClassPath::getResource (74 bytes)
Event: 4.078 Thread 0x00000202c243c660 nmethod 3096 0x00000202d5404008 code [0x00000202d5404160, 0x00000202d54044a8]
Event: 4.079 Thread 0x00000202c2162720 3097       4       java.lang.StringConcatHelper::newString (67 bytes)
Event: 4.081 Thread 0x00000202c2162720 nmethod 3097 0x00000202dcca2788 code [0x00000202dcca28a0, 0x00000202dcca2a48]
Event: 4.081 Thread 0x00000202c243c660 3098       1       java.lang.reflect.Constructor::getConstructorAccessor (5 bytes)
Event: 4.081 Thread 0x00000202c243cd20 3099       1       java.lang.reflect.Constructor::getRoot (5 bytes)
Event: 4.081 Thread 0x00000202c243c660 nmethod 3098 0x00000202dcca2a88 code [0x00000202dcca2ba0, 0x00000202dcca2c98]
Event: 4.081 Thread 0x00000202c243cd20 nmethod 3099 0x00000202dcca2d88 code [0x00000202dcca2ea0, 0x00000202dcca2f98]
Event: 4.082 Thread 0x00000202c2250b10 3100       3       java.lang.reflect.Constructor::getParameterTypes (26 bytes)
Event: 4.082 Thread 0x00000202c243cd20 3101       3       java.lang.reflect.Constructor::getParameterCount (6 bytes)
Event: 4.082 Thread 0x00000202c2163de0 3102       3       java.lang.reflect.Constructor::setConstructorAccessor (20 bytes)
Event: 4.082 Thread 0x00000202c243cd20 nmethod 3101 0x00000202d5404508 code [0x00000202d5404620, 0x00000202d5404760]
Event: 4.082 Thread 0x00000202c2250b10 nmethod 3100 0x00000202d5404808 code [0x00000202d5404940, 0x00000202d5404c60]
Event: 4.082 Thread 0x00000202c2163de0 nmethod 3102 0x00000202d5404c88 code [0x00000202d5404de0, 0x00000202d5405138]
Event: 4.087 Thread 0x00000202c79b2b90 3103   !   4       java.util.zip.Inflater::needsInput (55 bytes)
Event: 4.089 Thread 0x00000202c79b2b90 nmethod 3103 0x00000202dcca3088 code [0x00000202dcca31a0, 0x00000202dcca3498]
Event: 4.093 Thread 0x00000202c2250b10 3104       3       java.lang.CharacterDataLatin1::equalsIgnoreCase (63 bytes)
Event: 4.094 Thread 0x00000202c2250b10 nmethod 3104 0x00000202d5405188 code [0x00000202d54052c0, 0x00000202d5405570]
Event: 4.094 Thread 0x00000202c243c660 3105       3       java.lang.String::regionMatches (150 bytes)
Event: 4.095 Thread 0x00000202c243c660 nmethod 3105 0x00000202d5405588 code [0x00000202d5405760, 0x00000202d5405f58]
Event: 4.104 Thread 0x00000202c2163de0 3106       3       java.lang.ClassLoader::getClassLoadingLock (35 bytes)
Event: 4.105 Thread 0x00000202c2163de0 nmethod 3106 0x00000202d5405f88 code [0x00000202d54060c0, 0x00000202d5406448]
Event: 4.108 Thread 0x00000202c2250b10 3107       3       jdk.internal.loader.BuiltinClassLoader::findLoadedModule (33 bytes)
Event: 4.108 Thread 0x00000202c2250b10 nmethod 3107 0x00000202d5406488 code [0x00000202d5406620, 0x00000202d5406ce8]
Event: 4.111 Thread 0x00000202c243cd20 3108       3       java.lang.ClassLoader::getDefinedPackage (36 bytes)
Event: 4.111 Thread 0x00000202c243cd20 nmethod 3108 0x00000202d5406d88 code [0x00000202d5406f00, 0x00000202d5407538]
Event: 4.114 Thread 0x00000202c2162720 3109       4       java.lang.StringLatin1::newString (24 bytes)
Event: 4.118 Thread 0x00000202c2162720 nmethod 3109 0x00000202dcca3508 code [0x00000202dcca3640, 0x00000202dcca3c10]
Event: 4.123 Thread 0x00000202c243cd20 3110       3       java.util.Properties::getProperty (50 bytes)
Event: 4.124 Thread 0x00000202c243cd20 nmethod 3110 0x00000202d5407588 code [0x00000202d54076e0, 0x00000202d5407c58]
Event: 4.131 Thread 0x00000202c243c660 3111       3       java.util.stream.StreamOpFlag::fromCharacteristics (37 bytes)
Event: 4.131 Thread 0x00000202c243cd20 3112       3       java.util.stream.AbstractPipeline::<init> (55 bytes)
Event: 4.131 Thread 0x00000202c243cd20 nmethod 3112 0x00000202d5407c88 code [0x00000202d5407dc0, 0x00000202d5408118]
Event: 4.131 Thread 0x00000202c243c660 nmethod 3111 0x00000202d5408188 code [0x00000202d54082c0, 0x00000202d54085d8]
Event: 4.229 Thread 0x00000202c243cd20 3114       3       java.net.URI$Parser::scan (41 bytes)
Event: 4.230 Thread 0x00000202c243cd20 nmethod 3114 0x00000202d5408608 code [0x00000202d54087a0, 0x00000202d5408f08]
Event: 4.466 Thread 0x00000202c78d7070 3115       4       java.lang.Character::digit (6 bytes)
Event: 4.468 Thread 0x00000202c78d7070 nmethod 3115 0x00000202dcca3f88 code [0x00000202dcca40a0, 0x00000202dcca4218]
Event: 5.459 Thread 0x00000202c243cd20 3116   !   3       java.util.concurrent.ConcurrentHashMap::putVal (432 bytes)
Event: 5.460 Thread 0x00000202c2162720 3117       4       sun.invoke.util.Wrapper::forBasicType (103 bytes)
Event: 5.461 Thread 0x00000202c2162720 nmethod 3117 0x00000202dcca4288 code [0x00000202dcca43a0, 0x00000202dcca4538]
Event: 5.462 Thread 0x00000202c243cd20 nmethod 3116 0x00000202d5408f88 code [0x00000202d54092c0, 0x00000202d540af78]
Event: 5.471 Thread 0x00000202c2162720 3118       4       java.util.regex.Pattern$Start::match (90 bytes)
Event: 5.473 Thread 0x00000202c2163de0 3120       3       java.lang.CharSequence::isEmpty (15 bytes)
Event: 5.473 Thread 0x00000202c243c660 3121       3       java.lang.ref.ReferenceQueue::<init> (32 bytes)
Event: 5.473 Thread 0x00000202c2163de0 nmethod 3120 0x00000202d540b008 code [0x00000202d540b140, 0x00000202d540b358]
Event: 5.473 Thread 0x00000202c243c660 nmethod 3121 0x00000202d540b388 code [0x00000202d540b520, 0x00000202d540be60]
Event: 5.479 Thread 0x00000202c2162720 nmethod 3118 0x00000202dcca4588 code [0x00000202dcca4700, 0x00000202dcca4fa8]
Event: 5.479 Thread 0x00000202c2162720 3119       4       java.util.ImmutableCollections$SetN::probe (56 bytes)
Event: 5.479 Thread 0x00000202c78d7070 3122       4       java.lang.reflect.Modifier::isStatic (13 bytes)
Event: 5.480 Thread 0x00000202c78d7070 nmethod 3122 0x00000202dcca5088 code [0x00000202dcca5180, 0x00000202dcca51f0]
Event: 5.480 Thread 0x00000202c78d7070 3123       4       java.util.LinkedHashMap::newNode (23 bytes)
Event: 5.481 Thread 0x00000202c78d7070 nmethod 3123 0x00000202dcca5388 code [0x00000202dcca54c0, 0x00000202dcca5878]
Event: 5.481 Thread 0x00000202c78d7070 3124       4       java.util.LinkedHashMap::afterNodeInsertion (40 bytes)
Event: 5.482 Thread 0x00000202c78d7070 nmethod 3124 0x00000202dcca5908 code [0x00000202dcca5a20, 0x00000202dcca5b20]
Event: 5.482 Thread 0x00000202c78d7070 3125       4       java.util.LinkedHashMap$Entry::<init> (10 bytes)
Event: 5.482 Thread 0x00000202c78d7070 nmethod 3125 0x00000202dcca5c08 code [0x00000202dcca5d20, 0x00000202dcca5f88]
Event: 5.486 Thread 0x00000202c2162720 nmethod 3119 0x00000202dcca6008 code [0x00000202dcca6160, 0x00000202dcca69b8]
Event: 7.490 Thread 0x00000202c243c660 3126       3       sun.nio.fs.WindowsNativeDispatcher::asNativeBuffer (103 bytes)
Event: 7.491 Thread 0x00000202c243c660 nmethod 3126 0x00000202d540bf08 code [0x00000202d540c120, 0x00000202d540cc18]
Event: 7.493 Thread 0x00000202c2163de0 3127       3       jdk.internal.misc.Unsafe::checkNativeAddress (28 bytes)
Event: 7.494 Thread 0x00000202c2163de0 nmethod 3127 0x00000202d540cc88 code [0x00000202d540cda0, 0x00000202d540ceb8]
Event: 7.527 Thread 0x00000202c2162720 3128       4       java.lang.ClassLoader::getClassLoadingLock (35 bytes)
Event: 7.529 Thread 0x00000202c2162720 nmethod 3128 0x00000202dcca6a08 code [0x00000202dcca6b20, 0x00000202dcca6cb0]
Event: 7.532 Thread 0x00000202c243c660 3131       3       java.lang.invoke.LambdaFormEditor::getInCache (165 bytes)
Event: 7.532 Thread 0x00000202c2163de0 3132       3       java.lang.invoke.InvokerBytecodeGenerator::classData (173 bytes)
Event: 7.534 Thread 0x00000202c243c660 nmethod 3131 0x00000202d540cf88 code [0x00000202d540d180, 0x00000202d540e0b0]
Event: 7.534 Thread 0x00000202c2163de0 nmethod 3132 0x00000202d540e108 code [0x00000202d540e440, 0x00000202d540fb80]
Event: 7.536 Thread 0x00000202c2162720 3135   !   4       jdk.internal.loader.BuiltinClassLoader::loadClassOrNull (143 bytes)
Event: 7.557 Thread 0x00000202c2163de0 3137       3       java.lang.ClassLoader::definePackage (85 bytes)
Event: 7.558 Thread 0x00000202c2163de0 nmethod 3137 0x00000202d540fc88 code [0x00000202d540fee0, 0x00000202d5410ef0]
Event: 7.565 Thread 0x00000202c2250b10 3138       3       java.lang.invoke.LambdaForm$NamedFunction::<init> (7 bytes)
Event: 7.566 Thread 0x00000202c2250b10 nmethod 3138 0x00000202d5410f88 code [0x00000202d54110c0, 0x00000202d5411380]

GC Heap History (5 events):
Event: 2.835 GC heap before
{Heap before GC invocations=0 (full 0):
 ZHeap           used 118M, capacity 118M, max capacity 2048M
 Metaspace       used 21119K, committed 21568K, reserved 1114112K
  class space    used 2442K, committed 2624K, reserved 1048576K
}
Event: 2.874 GC heap after
{Heap after GC invocations=1 (full 1):
 ZHeap           used 62M, capacity 130M, max capacity 2048M
 Metaspace       used 21551K, committed 21952K, reserved 1114112K
  class space    used 2481K, committed 2688K, reserved 1048576K
}
Event: 2.874 GC heap before
{Heap before GC invocations=1 (full 1):
 ZHeap           used 62M, capacity 130M, max capacity 2048M
 Metaspace       used 21551K, committed 21952K, reserved 1114112K
  class space    used 2481K, committed 2688K, reserved 1048576K
}
Event: 2.951 GC heap after
{Heap after GC invocations=1 (full 1):
 ZHeap           used 66M, capacity 130M, max capacity 2048M
 Metaspace       used 22017K, committed 22464K, reserved 1114112K
  class space    used 2542K, committed 2752K, reserved 1048576K
}
Event: 7.953 GC heap before
{Heap before GC invocations=1 (full 1):
 ZHeap           used 152M, capacity 162M, max capacity 2048M
 Metaspace       used 35313K, committed 35840K, reserved 1114112K
  class space    used 4300K, committed 4480K, reserved 1048576K
}

Dll operation events (15 events):
Event: 0.011 Loaded shared library C:\Program Files\Java\jdk-23\bin\java.dll
Event: 0.013 Loaded shared library KernelBase
Event: 0.056 Loaded shared library C:\Program Files\Java\jdk-23\bin\jsvml.dll
Event: 0.270 Loaded shared library C:\Program Files\Java\jdk-23\bin\net.dll
Event: 0.272 Loaded shared library C:\Program Files\Java\jdk-23\bin\nio.dll
Event: 0.284 Loaded shared library C:\Program Files\Java\jdk-23\bin\zip.dll
Event: 1.165 Loaded shared library C:\Windows\System32\ole32.dll
Event: 1.166 Loaded shared library C:\Windows\System32\shell32.dll
Event: 1.192 Loaded shared library C:\Windows\System32\ucrtbase.dll
Event: 1.195 Loaded shared library C:\Program Files\Java\jdk-23\bin\syslookup.dll
Event: 1.433 Loaded shared library C:\Program Files\Java\jdk-23\bin\jimage.dll
Event: 2.954 Loaded shared library C:\Users\weron\AppData\Local\Temp\csjniutils-0.3.37798622384762494259.dll
Event: 3.947 Loaded shared library C:\Program Files\Java\jdk-23\bin\management.dll
Event: 3.950 Loaded shared library C:\Program Files\Java\jdk-23\bin\management_ext.dll
Event: 4.141 Loaded shared library C:\Program Files\Java\jdk-23\bin\extnet.dll

Deoptimization events (250 events):
Event: 1.956 Thread 0x00000202cc0b5fa0 DEOPT PACKING pc=0x00000202d526c910 sp=0x00000009741fe070
Event: 1.956 Thread 0x00000202cc0b5fa0 DEOPT UNPACKING pc=0x00000202dc494422 sp=0x00000009741fd4e8 mode 0
Event: 1.960 Thread 0x00000202cc0b5fa0 DEOPT PACKING pc=0x00000202d526c910 sp=0x00000009741fe4a0
Event: 1.960 Thread 0x00000202cc0b5fa0 DEOPT UNPACKING pc=0x00000202dc494422 sp=0x00000009741fd918 mode 0
Event: 1.960 Thread 0x00000202cc0b5fa0 DEOPT PACKING pc=0x00000202d526c910 sp=0x00000009741fe4a0
Event: 1.960 Thread 0x00000202cc0b5fa0 DEOPT UNPACKING pc=0x00000202dc494422 sp=0x00000009741fd918 mode 0
Event: 1.960 Thread 0x00000202cc0b5fa0 DEOPT PACKING pc=0x00000202d526c910 sp=0x00000009741fe4a0
Event: 1.960 Thread 0x00000202cc0b5fa0 DEOPT UNPACKING pc=0x00000202dc494422 sp=0x00000009741fd918 mode 0
Event: 1.962 Thread 0x00000202cc0b5fa0 DEOPT PACKING pc=0x00000202d526c910 sp=0x00000009741fada0
Event: 1.962 Thread 0x00000202cc0b5fa0 DEOPT UNPACKING pc=0x00000202dc494422 sp=0x00000009741fa218 mode 0
Event: 1.965 Thread 0x00000202cc0b5fa0 DEOPT PACKING pc=0x00000202d526c910 sp=0x00000009741fde10
Event: 1.965 Thread 0x00000202cc0b5fa0 DEOPT UNPACKING pc=0x00000202dc494422 sp=0x00000009741fd288 mode 0
Event: 1.966 Thread 0x00000202cc0b5fa0 DEOPT PACKING pc=0x00000202d526c910 sp=0x00000009741fde10
Event: 1.966 Thread 0x00000202cc0b5fa0 DEOPT UNPACKING pc=0x00000202dc494422 sp=0x00000009741fd288 mode 0
Event: 1.969 Thread 0x00000202cc0b5fa0 DEOPT PACKING pc=0x00000202d526c910 sp=0x00000009741fdd90
Event: 1.969 Thread 0x00000202cc0b5fa0 DEOPT UNPACKING pc=0x00000202dc494422 sp=0x00000009741fd208 mode 0
Event: 1.971 Thread 0x00000202cc0b5fa0 DEOPT PACKING pc=0x00000202d526c910 sp=0x00000009741fdd90
Event: 1.971 Thread 0x00000202cc0b5fa0 DEOPT UNPACKING pc=0x00000202dc494422 sp=0x00000009741fd208 mode 0
Event: 1.976 Thread 0x00000202cc0b5fa0 DEOPT PACKING pc=0x00000202d526c910 sp=0x00000009741fdd90
Event: 1.976 Thread 0x00000202cc0b5fa0 DEOPT UNPACKING pc=0x00000202dc494422 sp=0x00000009741fd208 mode 0
Event: 1.978 Thread 0x00000202cc0b5fa0 DEOPT PACKING pc=0x00000202d526c910 sp=0x00000009741fdd90
Event: 1.978 Thread 0x00000202cc0b5fa0 DEOPT UNPACKING pc=0x00000202dc494422 sp=0x00000009741fd208 mode 0
Event: 2.007 Thread 0x00000202cc0b5fa0 Uncommon trap: trap_request=0xffffffde fr.pc=0x00000202dcbf9680 relative=0x0000000000000440
Event: 2.007 Thread 0x00000202cc0b5fa0 Uncommon trap: reason=class_check action=maybe_recompile pc=0x00000202dcbf9680 method=java.util.HashMap.putVal(ILjava/lang/Object;Ljava/lang/Object;ZZ)Ljava/lang/Object; @ 253 c2
Event: 2.007 Thread 0x00000202cc0b5fa0 DEOPT PACKING pc=0x00000202dcbf9680 sp=0x00000009741feef0
Event: 2.007 Thread 0x00000202cc0b5fa0 DEOPT UNPACKING pc=0x00000202dc493d02 sp=0x00000009741fee08 mode 2
Event: 2.015 Thread 0x00000202cc0b5fa0 Uncommon trap: trap_request=0xffffffde fr.pc=0x00000202dcbf9680 relative=0x0000000000000440
Event: 2.015 Thread 0x00000202cc0b5fa0 Uncommon trap: reason=class_check action=maybe_recompile pc=0x00000202dcbf9680 method=java.util.HashMap.putVal(ILjava/lang/Object;Ljava/lang/Object;ZZ)Ljava/lang/Object; @ 253 c2
Event: 2.015 Thread 0x00000202cc0b5fa0 DEOPT PACKING pc=0x00000202dcbf9680 sp=0x00000009741feef0
Event: 2.015 Thread 0x00000202cc0b5fa0 DEOPT UNPACKING pc=0x00000202dc493d02 sp=0x00000009741fee08 mode 2
Event: 2.018 Thread 0x00000202cc0b5fa0 Uncommon trap: trap_request=0xffffffde fr.pc=0x00000202dcbf9680 relative=0x0000000000000440
Event: 2.018 Thread 0x00000202cc0b5fa0 Uncommon trap: reason=class_check action=maybe_recompile pc=0x00000202dcbf9680 method=java.util.HashMap.putVal(ILjava/lang/Object;Ljava/lang/Object;ZZ)Ljava/lang/Object; @ 253 c2
Event: 2.018 Thread 0x00000202cc0b5fa0 DEOPT PACKING pc=0x00000202dcbf9680 sp=0x00000009741feef0
Event: 2.018 Thread 0x00000202cc0b5fa0 DEOPT UNPACKING pc=0x00000202dc493d02 sp=0x00000009741fee08 mode 2
Event: 2.018 Thread 0x00000202cc0b5fa0 Uncommon trap: trap_request=0xffffffde fr.pc=0x00000202dcbf9680 relative=0x0000000000000440
Event: 2.018 Thread 0x00000202cc0b5fa0 Uncommon trap: reason=class_check action=maybe_recompile pc=0x00000202dcbf9680 method=java.util.HashMap.putVal(ILjava/lang/Object;Ljava/lang/Object;ZZ)Ljava/lang/Object; @ 253 c2
Event: 2.018 Thread 0x00000202cc0b5fa0 DEOPT PACKING pc=0x00000202dcbf9680 sp=0x00000009741feef0
Event: 2.018 Thread 0x00000202cc0b5fa0 DEOPT UNPACKING pc=0x00000202dc493d02 sp=0x00000009741fee08 mode 2
Event: 2.019 Thread 0x00000202cc0b5fa0 Uncommon trap: trap_request=0xffffffde fr.pc=0x00000202dcbf43f4 relative=0x00000000000003d4
Event: 2.019 Thread 0x00000202cc0b5fa0 Uncommon trap: reason=class_check action=maybe_recompile pc=0x00000202dcbf43f4 method=java.util.HashMap.putVal(ILjava/lang/Object;Ljava/lang/Object;ZZ)Ljava/lang/Object; @ 253 c2
Event: 2.019 Thread 0x00000202cc0b5fa0 DEOPT PACKING pc=0x00000202dcbf43f4 sp=0x00000009741fee70
Event: 2.019 Thread 0x00000202cc0b5fa0 DEOPT UNPACKING pc=0x00000202dc493d02 sp=0x00000009741fee10 mode 2
Event: 2.049 Thread 0x00000202cc0b5fa0 Uncommon trap: trap_request=0xffffff45 fr.pc=0x00000202dcbc8bc8 relative=0x0000000000000268
Event: 2.049 Thread 0x00000202cc0b5fa0 Uncommon trap: reason=unstable_if action=reinterpret pc=0x00000202dcbc8bc8 method=java.util.concurrent.ConcurrentHashMap.get(Ljava/lang/Object;)Ljava/lang/Object; @ 76 c2
Event: 2.049 Thread 0x00000202cc0b5fa0 DEOPT PACKING pc=0x00000202dcbc8bc8 sp=0x00000009741fe5f0
Event: 2.049 Thread 0x00000202cc0b5fa0 DEOPT UNPACKING pc=0x00000202dc493d02 sp=0x00000009741fe568 mode 2
Event: 2.274 Thread 0x00000202c72be500 Uncommon trap: trap_request=0xffffff45 fr.pc=0x00000202dcbcc46c relative=0x000000000000006c
Event: 2.274 Thread 0x00000202c72be500 Uncommon trap: reason=unstable_if action=reinterpret pc=0x00000202dcbcc46c method=java.util.Objects.equals(Ljava/lang/Object;Ljava/lang/Object;)Z @ 6 c2
Event: 2.274 Thread 0x00000202c72be500 DEOPT PACKING pc=0x00000202dcbcc46c sp=0x00000009788fe110
Event: 2.274 Thread 0x00000202c72be500 DEOPT UNPACKING pc=0x00000202dc493d02 sp=0x00000009788fe0b0 mode 2
Event: 2.415 Thread 0x00000202c72be500 Uncommon trap: trap_request=0xffffff45 fr.pc=0x00000202dcba0bcc relative=0x000000000000004c
Event: 2.415 Thread 0x00000202c72be500 Uncommon trap: reason=unstable_if action=reinterpret pc=0x00000202dcba0bcc method=sun.nio.fs.WindowsPathParser.isSlash(C)Z @ 9 c2
Event: 2.415 Thread 0x00000202c72be500 DEOPT PACKING pc=0x00000202dcba0bcc sp=0x00000009788fe300
Event: 2.415 Thread 0x00000202c72be500 DEOPT UNPACKING pc=0x00000202dc493d02 sp=0x00000009788fe288 mode 2
Event: 2.875 Thread 0x00000202c72be500 Uncommon trap: trap_request=0xffffff45 fr.pc=0x00000202dcc35b50 relative=0x00000000000000b0
Event: 2.875 Thread 0x00000202c72be500 Uncommon trap: reason=unstable_if action=reinterpret pc=0x00000202dcc35b50 method=java.lang.ref.SoftReference.get()Ljava/lang/Object; @ 17 c2
Event: 2.875 Thread 0x00000202c72be500 DEOPT PACKING pc=0x00000202dcc35b50 sp=0x00000009788fc3d0
Event: 2.875 Thread 0x00000202c72be500 DEOPT UNPACKING pc=0x00000202dc493d02 sp=0x00000009788fc360 mode 2
Event: 2.928 Thread 0x00000202c72be500 DEOPT PACKING pc=0x00000202d515ea99 sp=0x00000009788fc3c0
Event: 2.928 Thread 0x00000202c72be500 DEOPT UNPACKING pc=0x00000202dc494422 sp=0x00000009788fb848 mode 0
Event: 2.970 Thread 0x00000202c72be500 Uncommon trap: trap_request=0xffffff45 fr.pc=0x00000202dcbc3324 relative=0x0000000000000104
Event: 2.971 Thread 0x00000202c72be500 Uncommon trap: reason=unstable_if action=reinterpret pc=0x00000202dcbc3324 method=jdk.internal.org.objectweb.asm.ByteVector.putShort(I)Ljdk/internal/org/objectweb/asm/ByteVector; @ 13 c2
Event: 2.971 Thread 0x00000202c72be500 DEOPT PACKING pc=0x00000202dcbc3324 sp=0x00000009788fae70
Event: 2.971 Thread 0x00000202c72be500 DEOPT UNPACKING pc=0x00000202dc493d02 sp=0x00000009788fae18 mode 2
Event: 3.022 Thread 0x00000202c72be500 Uncommon trap: trap_request=0xffffff45 fr.pc=0x00000202dcc1ae10 relative=0x00000000000006b0
Event: 3.022 Thread 0x00000202c72be500 Uncommon trap: reason=unstable_if action=reinterpret pc=0x00000202dcc1ae10 method=java.util.HashMap.hash(Ljava/lang/Object;)I @ 1 c2
Event: 3.022 Thread 0x00000202c72be500 DEOPT PACKING pc=0x00000202dcc1ae10 sp=0x00000009788fbf70
Event: 3.022 Thread 0x00000202c72be500 DEOPT UNPACKING pc=0x00000202dc493d02 sp=0x00000009788fbed0 mode 2
Event: 3.023 Thread 0x00000202c72be500 Uncommon trap: trap_request=0xffffff45 fr.pc=0x00000202dcbfabc8 relative=0x0000000000000c88
Event: 3.024 Thread 0x00000202c72be500 Uncommon trap: reason=unstable_if action=reinterpret pc=0x00000202dcbfabc8 method=java.util.concurrent.ConcurrentHashMap.putVal(Ljava/lang/Object;Ljava/lang/Object;Z)Ljava/lang/Object; @ 256 c2
Event: 3.024 Thread 0x00000202c72be500 DEOPT PACKING pc=0x00000202dcbfabc8 sp=0x00000009788fd8a0
Event: 3.024 Thread 0x00000202c72be500 DEOPT UNPACKING pc=0x00000202dc493d02 sp=0x00000009788fd808 mode 2
Event: 3.236 Thread 0x00000202c8deb510 Uncommon trap: trap_request=0xffffff45 fr.pc=0x00000202dcbf44cc relative=0x000000000000012c
Event: 3.236 Thread 0x00000202c8deb510 Uncommon trap: reason=unstable_if action=reinterpret pc=0x00000202dcbf44cc method=jdk.internal.org.objectweb.asm.ByteVector.putInt(I)Ljdk/internal/org/objectweb/asm/ByteVector; @ 13 c2
Event: 3.236 Thread 0x00000202c8deb510 DEOPT PACKING pc=0x00000202dcbf44cc sp=0x00000009796fd810
Event: 3.236 Thread 0x00000202c8deb510 DEOPT UNPACKING pc=0x00000202dc493d02 sp=0x00000009796fd7a8 mode 2
Event: 3.247 Thread 0x00000202c8deb510 Uncommon trap: trap_request=0xffffff45 fr.pc=0x00000202dcc03d14 relative=0x0000000000000c34
Event: 3.248 Thread 0x00000202c8deb510 Uncommon trap: reason=unstable_if action=reinterpret pc=0x00000202dcc03d14 method=java.util.concurrent.ConcurrentHashMap.transfer([Ljava/util/concurrent/ConcurrentHashMap$Node;[Ljava/util/concurrent/ConcurrentHashMap$Node;)V @ 26 c2
Event: 3.248 Thread 0x00000202c8deb510 DEOPT PACKING pc=0x00000202dcc03d14 sp=0x00000009796fdc90
Event: 3.248 Thread 0x00000202c8deb510 DEOPT UNPACKING pc=0x00000202dc493d02 sp=0x00000009796fdbe0 mode 2
Event: 3.278 Thread 0x00000202c8debba0 Uncommon trap: trap_request=0xffffff45 fr.pc=0x00000202dcbfec64 relative=0x0000000000000e04
Event: 3.278 Thread 0x00000202c8debba0 Uncommon trap: reason=unstable_if action=reinterpret pc=0x00000202dcbfec64 method=java.lang.String.<init>(Ljava/nio/charset/Charset;[BII)V @ 56 c2
Event: 3.278 Thread 0x00000202c8debba0 DEOPT PACKING pc=0x00000202dcbfec64 sp=0x0000000979afea20
Event: 3.278 Thread 0x00000202c8debba0 DEOPT UNPACKING pc=0x00000202dc493d02 sp=0x0000000979afe9b0 mode 2
Event: 3.477 Thread 0x00000202c8debba0 Uncommon trap: trap_request=0xffffff45 fr.pc=0x00000202dcc0096c relative=0x00000000000004ac
Event: 3.477 Thread 0x00000202c8debba0 Uncommon trap: reason=unstable_if action=reinterpret pc=0x00000202dcc0096c method=java.lang.StringBuilder.toString()Ljava/lang/String; @ 4 c2
Event: 3.477 Thread 0x00000202c8debba0 DEOPT PACKING pc=0x00000202dcc0096c sp=0x0000000979afdfc0
Event: 3.477 Thread 0x00000202c8debba0 DEOPT UNPACKING pc=0x00000202dc493d02 sp=0x0000000979afdfa0 mode 2
Event: 3.593 Thread 0x00000202c72be500 DEOPT PACKING pc=0x00000202d5234a71 sp=0x00000009788f9c10
Event: 3.593 Thread 0x00000202c72be500 DEOPT UNPACKING pc=0x00000202dc494422 sp=0x00000009788f9088 mode 0
Event: 3.593 Thread 0x00000202c72be500 DEOPT PACKING pc=0x00000202d5234a71 sp=0x00000009788f9c10
Event: 3.593 Thread 0x00000202c72be500 DEOPT UNPACKING pc=0x00000202dc494422 sp=0x00000009788f9088 mode 0
Event: 3.593 Thread 0x00000202c72be500 DEOPT PACKING pc=0x00000202d5234a71 sp=0x00000009788f9c10
Event: 3.593 Thread 0x00000202c72be500 DEOPT UNPACKING pc=0x00000202dc494422 sp=0x00000009788f9088 mode 0
Event: 3.596 Thread 0x00000202c72be500 Uncommon trap: trap_request=0xffffff45 fr.pc=0x00000202dcbfc58c relative=0x000000000000062c
Event: 3.596 Thread 0x00000202c72be500 Uncommon trap: reason=unstable_if action=reinterpret pc=0x00000202dcbfc58c method=java.util.jar.Manifest$FastInputStream.readLine([BII)I @ 130 c2
Event: 3.596 Thread 0x00000202c72be500 DEOPT PACKING pc=0x00000202dcbfc58c sp=0x00000009788f9a10
Event: 3.596 Thread 0x00000202c72be500 DEOPT UNPACKING pc=0x00000202dc493d02 sp=0x00000009788f9948 mode 2
Event: 3.599 Thread 0x00000202c72be500 Uncommon trap: trap_request=0xffffff45 fr.pc=0x00000202dcbf10b4 relative=0x0000000000000af4
Event: 3.599 Thread 0x00000202c72be500 Uncommon trap: reason=unstable_if action=reinterpret pc=0x00000202dcbf10b4 method=sun.security.provider.SHA.implCompress0([BI)V @ 4 c2
Event: 3.599 Thread 0x00000202c72be500 DEOPT PACKING pc=0x00000202dcbf10b4 sp=0x00000009788f9640
Event: 3.599 Thread 0x00000202c72be500 DEOPT UNPACKING pc=0x00000202dc493d02 sp=0x00000009788f95b0 mode 2
Event: 3.599 Thread 0x00000202c72be500 Uncommon trap: trap_request=0xffffffde fr.pc=0x00000202dcc1ba9c relative=0x000000000000063c
Event: 3.599 Thread 0x00000202c72be500 Uncommon trap: reason=class_check action=maybe_recompile pc=0x00000202dcc1ba9c method=java.util.HashMap.putVal(ILjava/lang/Object;Ljava/lang/Object;ZZ)Ljava/lang/Object; @ 91 c2
Event: 3.599 Thread 0x00000202c72be500 DEOPT PACKING pc=0x00000202dcc1ba9c sp=0x00000009788f9900
Event: 3.599 Thread 0x00000202c72be500 DEOPT UNPACKING pc=0x00000202dc493d02 sp=0x00000009788f9870 mode 2
Event: 3.599 Thread 0x00000202c72be500 Uncommon trap: trap_request=0xffffffde fr.pc=0x00000202dcc1ba9c relative=0x000000000000063c
Event: 3.599 Thread 0x00000202c72be500 Uncommon trap: reason=class_check action=maybe_recompile pc=0x00000202dcc1ba9c method=java.util.HashMap.putVal(ILjava/lang/Object;Ljava/lang/Object;ZZ)Ljava/lang/Object; @ 91 c2
Event: 3.599 Thread 0x00000202c72be500 DEOPT PACKING pc=0x00000202dcc1ba9c sp=0x00000009788f9900
Event: 3.599 Thread 0x00000202c72be500 DEOPT UNPACKING pc=0x00000202dc493d02 sp=0x00000009788f9870 mode 2
Event: 3.778 Thread 0x00000202c72be500 Uncommon trap: trap_request=0xffffffde fr.pc=0x00000202dcc9021c relative=0x00000000000000fc
Event: 3.778 Thread 0x00000202c72be500 Uncommon trap: reason=class_check action=maybe_recompile pc=0x00000202dcc9021c method=jdk.internal.misc.Unsafe.allocateUninitializedArray(Ljava/lang/Class;I)Ljava/lang/Object; @ 51 c2
Event: 3.778 Thread 0x00000202c72be500 DEOPT PACKING pc=0x00000202dcc9021c sp=0x00000009788fd7d0
Event: 3.778 Thread 0x00000202c72be500 DEOPT UNPACKING pc=0x00000202dc493d02 sp=0x00000009788fd748 mode 2
Event: 3.778 Thread 0x00000202c72be500 Uncommon trap: trap_request=0xffffffde fr.pc=0x00000202dcc9021c relative=0x00000000000000fc
Event: 3.778 Thread 0x00000202c72be500 Uncommon trap: reason=class_check action=maybe_recompile pc=0x00000202dcc9021c method=jdk.internal.misc.Unsafe.allocateUninitializedArray(Ljava/lang/Class;I)Ljava/lang/Object; @ 51 c2
Event: 3.778 Thread 0x00000202c72be500 DEOPT PACKING pc=0x00000202dcc9021c sp=0x00000009788fd380
Event: 3.778 Thread 0x00000202c72be500 DEOPT UNPACKING pc=0x00000202dc493d02 sp=0x00000009788fd2f8 mode 2
Event: 3.781 Thread 0x00000202c72be500 Uncommon trap: trap_request=0xffffffde fr.pc=0x00000202dcc9021c relative=0x00000000000000fc
Event: 3.781 Thread 0x00000202c72be500 Uncommon trap: reason=class_check action=maybe_recompile pc=0x00000202dcc9021c method=jdk.internal.misc.Unsafe.allocateUninitializedArray(Ljava/lang/Class;I)Ljava/lang/Object; @ 51 c2
Event: 3.781 Thread 0x00000202c72be500 DEOPT PACKING pc=0x00000202dcc9021c sp=0x00000009788fe0a0
Event: 3.781 Thread 0x00000202c72be500 DEOPT UNPACKING pc=0x00000202dc493d02 sp=0x00000009788fe018 mode 2
Event: 3.781 Thread 0x00000202c72be500 Uncommon trap: trap_request=0xffffff45 fr.pc=0x00000202dcc3cb50 relative=0x0000000000000130
Event: 3.781 Thread 0x00000202c72be500 Uncommon trap: reason=unstable_if action=reinterpret pc=0x00000202dcc3cb50 method=java.lang.StringConcatHelper.prepend(J[BLjava/lang/String;)J @ 13 c2
Event: 3.781 Thread 0x00000202c72be500 DEOPT PACKING pc=0x00000202dcc3cb50 sp=0x00000009788fe070
Event: 3.781 Thread 0x00000202c72be500 DEOPT UNPACKING pc=0x00000202dc493d02 sp=0x00000009788fe020 mode 2
Event: 3.781 Thread 0x00000202c72be500 Uncommon trap: trap_request=0xffffff45 fr.pc=0x00000202dcba0f88 relative=0x00000000000000e8
Event: 3.781 Thread 0x00000202c72be500 Uncommon trap: reason=unstable_if action=reinterpret pc=0x00000202dcba0f88 method=java.lang.String.getBytes([BIB)V @ 5 c2
Event: 3.781 Thread 0x00000202c72be500 DEOPT PACKING pc=0x00000202dcba0f88 sp=0x00000009788fdfd0
Event: 3.781 Thread 0x00000202c72be500 DEOPT UNPACKING pc=0x00000202dc493d02 sp=0x00000009788fdf98 mode 2
Event: 3.782 Thread 0x00000202c72be500 Uncommon trap: trap_request=0xffffffde fr.pc=0x00000202dcc9021c relative=0x00000000000000fc
Event: 3.782 Thread 0x00000202c72be500 Uncommon trap: reason=class_check action=maybe_recompile pc=0x00000202dcc9021c method=jdk.internal.misc.Unsafe.allocateUninitializedArray(Ljava/lang/Class;I)Ljava/lang/Object; @ 51 c2
Event: 3.782 Thread 0x00000202c72be500 DEOPT PACKING pc=0x00000202dcc9021c sp=0x00000009788fdff0
Event: 3.782 Thread 0x00000202c72be500 DEOPT UNPACKING pc=0x00000202dc493d02 sp=0x00000009788fdf68 mode 2
Event: 3.789 Thread 0x00000202c72be500 Uncommon trap: trap_request=0xffffff45 fr.pc=0x00000202dcb9e864 relative=0x0000000000000404
Event: 3.789 Thread 0x00000202c72be500 Uncommon trap: reason=unstable_if action=reinterpret pc=0x00000202dcb9e864 method=java.lang.StringLatin1.canEncode(C)Z @ 4 c2
Event: 3.789 Thread 0x00000202c72be500 DEOPT PACKING pc=0x00000202dcb9e864 sp=0x00000009788fdfd0
Event: 3.789 Thread 0x00000202c72be500 DEOPT UNPACKING pc=0x00000202dc493d02 sp=0x00000009788fdf00 mode 2
Event: 3.789 Thread 0x00000202c72be500 Uncommon trap: trap_request=0xffffff45 fr.pc=0x00000202dcb9f440 relative=0x00000000000003e0
Event: 3.789 Thread 0x00000202c72be500 Uncommon trap: reason=unstable_if action=reinterpret pc=0x00000202dcb9f440 method=java.lang.AbstractStringBuilder.isLatin1()Z @ 10 c2
Event: 3.789 Thread 0x00000202c72be500 DEOPT PACKING pc=0x00000202dcb9f440 sp=0x00000009788fdfe0
Event: 3.789 Thread 0x00000202c72be500 DEOPT UNPACKING pc=0x00000202dc493d02 sp=0x00000009788fdf70 mode 2
Event: 3.790 Thread 0x00000202c72be500 Uncommon trap: trap_request=0xffffff45 fr.pc=0x00000202dcc04754 relative=0x0000000000000054
Event: 3.790 Thread 0x00000202c72be500 Uncommon trap: reason=unstable_if action=reinterpret pc=0x00000202dcc04754 method=java.lang.CharacterData.of(I)Ljava/lang/CharacterData; @ 4 c2
Event: 3.790 Thread 0x00000202c72be500 DEOPT PACKING pc=0x00000202dcc04754 sp=0x00000009788fdbe0
Event: 3.790 Thread 0x00000202c72be500 DEOPT UNPACKING pc=0x00000202dc493d02 sp=0x00000009788fdb80 mode 2
Event: 3.968 Thread 0x00000202c72be500 DEOPT PACKING pc=0x00000202d4ffd53f sp=0x00000009788fe6f0
Event: 3.968 Thread 0x00000202c72be500 DEOPT UNPACKING pc=0x00000202dc494422 sp=0x00000009788fdb90 mode 0
Event: 4.024 Thread 0x00000202c72be500 Uncommon trap: trap_request=0xffffff45 fr.pc=0x00000202dcc540ac relative=0x0000000000000c6c
Event: 4.024 Thread 0x00000202c72be500 Uncommon trap: reason=unstable_if action=reinterpret pc=0x00000202dcc540ac method=java.util.jar.JarFile.getVersionedEntry(Ljava/lang/String;Ljava/util/jar/JarEntry;)Ljava/util/jar/JarEntry; @ 26 c2
Event: 4.024 Thread 0x00000202c72be500 DEOPT PACKING pc=0x00000202dcc540ac sp=0x00000009788fc8a0
Event: 4.024 Thread 0x00000202c72be500 DEOPT UNPACKING pc=0x00000202dc493d02 sp=0x00000009788fc860 mode 2
Event: 4.031 Thread 0x00000202c72be500 DEOPT PACKING pc=0x00000202d50b4efa sp=0x00000009788fc680
Event: 4.031 Thread 0x00000202c72be500 DEOPT UNPACKING pc=0x00000202dc494422 sp=0x00000009788fbb80 mode 0
Event: 4.031 Thread 0x00000202c72be500 Uncommon trap: trap_request=0xffffff45 fr.pc=0x00000202dcc5c668 relative=0x0000000000001e48
Event: 4.031 Thread 0x00000202c72be500 Uncommon trap: reason=unstable_if action=reinterpret pc=0x00000202dcc5c668 method=java.util.zip.InflaterInputStream.read([BII)I @ 74 c2
Event: 4.031 Thread 0x00000202c72be500 DEOPT PACKING pc=0x00000202dcc5c668 sp=0x00000009788fc910
Event: 4.031 Thread 0x00000202c72be500 DEOPT UNPACKING pc=0x00000202dc493d02 sp=0x00000009788fc940 mode 2
Event: 4.031 Thread 0x00000202c72be500 Uncommon trap: trap_request=0xffffff45 fr.pc=0x00000202dcc5e894 relative=0x0000000000000334
Event: 4.031 Thread 0x00000202c72be500 Uncommon trap: reason=unstable_if action=reinterpret pc=0x00000202dcc5e894 method=java.util.zip.Inflater.inflate([BII)I @ 31 c2
Event: 4.031 Thread 0x00000202c72be500 DEOPT PACKING pc=0x00000202dcc5e894 sp=0x00000009788fc8e0
Event: 4.031 Thread 0x00000202c72be500 DEOPT UNPACKING pc=0x00000202dc493d02 sp=0x00000009788fc860 mode 2
Event: 4.035 Thread 0x00000202c72be500 Uncommon trap: trap_request=0xffffff45 fr.pc=0x00000202dcb88fac relative=0x000000000000012c
Event: 4.035 Thread 0x00000202c72be500 Uncommon trap: reason=unstable_if action=reinterpret pc=0x00000202dcb88fac method=java.lang.StringCoding.countPositives([BII)I @ 17 c2
Event: 4.035 Thread 0x00000202c72be500 DEOPT PACKING pc=0x00000202dcb88fac sp=0x00000009788fcbc0
Event: 4.035 Thread 0x00000202c72be500 DEOPT UNPACKING pc=0x00000202dc493d02 sp=0x00000009788fcb48 mode 2
Event: 4.038 Thread 0x00000202c72be500 Uncommon trap: trap_request=0xffffff45 fr.pc=0x00000202dcc94a88 relative=0x0000000000000448
Event: 4.038 Thread 0x00000202c72be500 Uncommon trap: reason=unstable_if action=reinterpret pc=0x00000202dcc94a88 method=java.lang.String.<init>(Ljava/lang/AbstractStringBuilder;Ljava/lang/Void;)V @ 19 c2
Event: 4.038 Thread 0x00000202c72be500 DEOPT PACKING pc=0x00000202dcc94a88 sp=0x00000009788fcb90
Event: 4.038 Thread 0x00000202c72be500 DEOPT UNPACKING pc=0x00000202dc493d02 sp=0x00000009788fcb58 mode 2
Event: 4.040 Thread 0x00000202c72be500 Uncommon trap: trap_request=0xffffff45 fr.pc=0x00000202dcba01ec relative=0x000000000000014c
Event: 4.040 Thread 0x00000202c72be500 Uncommon trap: reason=unstable_if action=reinterpret pc=0x00000202dcba01ec method=java.lang.String.indexOf(I)I @ 4 c2
Event: 4.040 Thread 0x00000202c72be500 DEOPT PACKING pc=0x00000202dcba01ec sp=0x00000009788fcce0
Event: 4.040 Thread 0x00000202c72be500 DEOPT UNPACKING pc=0x00000202dc493d02 sp=0x00000009788fcc90 mode 2
Event: 4.040 Thread 0x00000202c72be500 Uncommon trap: trap_request=0xffffff45 fr.pc=0x00000202dcbc7120 relative=0x00000000000005c0
Event: 4.040 Thread 0x00000202c72be500 Uncommon trap: reason=unstable_if action=reinterpret pc=0x00000202dcbc7120 method=java.lang.String.substring(II)Ljava/lang/String; @ 31 c2
Event: 4.040 Thread 0x00000202c72be500 DEOPT PACKING pc=0x00000202dcbc7120 sp=0x00000009788fcca0
Event: 4.040 Thread 0x00000202c72be500 DEOPT UNPACKING pc=0x00000202dc493d02 sp=0x00000009788fcc70 mode 2
Event: 4.041 Thread 0x00000202c72be500 Uncommon trap: trap_request=0xffffff45 fr.pc=0x00000202dcc12b80 relative=0x00000000000001e0
Event: 4.041 Thread 0x00000202c72be500 Uncommon trap: reason=unstable_if action=reinterpret pc=0x00000202dcc12b80 method=java.lang.String.startsWith(Ljava/lang/String;I)Z @ 50 c2
Event: 4.041 Thread 0x00000202c72be500 DEOPT PACKING pc=0x00000202dcc12b80 sp=0x00000009788fcd50
Event: 4.041 Thread 0x00000202c72be500 DEOPT UNPACKING pc=0x00000202dc493d02 sp=0x00000009788fcc80 mode 2
Event: 4.041 Thread 0x00000202c72be500 Uncommon trap: trap_request=0xffffff45 fr.pc=0x00000202dcc24d2c relative=0x000000000000020c
Event: 4.041 Thread 0x00000202c72be500 Uncommon trap: reason=unstable_if action=reinterpret pc=0x00000202dcc24d2c method=java.lang.String.startsWith(Ljava/lang/String;I)Z @ 50 c2
Event: 4.041 Thread 0x00000202c72be500 DEOPT PACKING pc=0x00000202dcc24d2c sp=0x00000009788fcce0
Event: 4.041 Thread 0x00000202c72be500 DEOPT UNPACKING pc=0x00000202dc493d02 sp=0x00000009788fcc80 mode 2
Event: 4.063 Thread 0x00000202c72be500 Uncommon trap: trap_request=0xffffff45 fr.pc=0x00000202dcc6d0bc relative=0x0000000000000a1c
Event: 4.063 Thread 0x00000202c72be500 Uncommon trap: reason=unstable_if action=reinterpret pc=0x00000202dcc6d0bc method=jdk.internal.loader.URLClassPath.getResource(Ljava/lang/String;Z)Ljdk/internal/loader/Resource; @ 47 c2
Event: 4.063 Thread 0x00000202c72be500 DEOPT PACKING pc=0x00000202dcc6d0bc sp=0x00000009788fc7d0
Event: 4.063 Thread 0x00000202c72be500 DEOPT UNPACKING pc=0x00000202dc493d02 sp=0x00000009788fc7f0 mode 2
Event: 4.063 Thread 0x00000202c72be500 Uncommon trap: trap_request=0xffffff45 fr.pc=0x00000202dcc086e0 relative=0x0000000000000320
Event: 4.063 Thread 0x00000202c72be500 Uncommon trap: reason=unstable_if action=reinterpret pc=0x00000202dcc086e0 method=java.lang.CharacterDataLatin1.equalsIgnoreCase(BB)Z @ 54 c2
Event: 4.063 Thread 0x00000202c72be500 DEOPT PACKING pc=0x00000202dcc086e0 sp=0x00000009788fdeb0
Event: 4.063 Thread 0x00000202c72be500 DEOPT UNPACKING pc=0x00000202dc493d02 sp=0x00000009788fdd18 mode 2
Event: 4.063 Thread 0x00000202c72be500 Uncommon trap: trap_request=0xffffff45 fr.pc=0x00000202dcbefd00 relative=0x0000000000000080
Event: 4.063 Thread 0x00000202c72be500 Uncommon trap: reason=unstable_if action=reinterpret pc=0x00000202dcbefd00 method=java.lang.CharacterDataLatin1.equalsIgnoreCase(BB)Z @ 54 c2
Event: 4.063 Thread 0x00000202c72be500 DEOPT PACKING pc=0x00000202dcbefd00 sp=0x00000009788fdd80
Event: 4.063 Thread 0x00000202c72be500 DEOPT UNPACKING pc=0x00000202dc493d02 sp=0x00000009788fdd10 mode 2
Event: 4.130 Thread 0x00000202c72be500 Uncommon trap: trap_request=0xffffff45 fr.pc=0x00000202dcca2050 relative=0x0000000000000b10
Event: 4.130 Thread 0x00000202c72be500 Uncommon trap: reason=unstable_if action=reinterpret pc=0x00000202dcca2050 method=java.util.concurrent.ConcurrentHashMap.putVal(Ljava/lang/Object;Ljava/lang/Object;Z)Ljava/lang/Object; @ 148 c2
Event: 4.130 Thread 0x00000202c72be500 DEOPT PACKING pc=0x00000202dcca2050 sp=0x00000009788fd840
Event: 4.130 Thread 0x00000202c72be500 DEOPT UNPACKING pc=0x00000202dc493d02 sp=0x00000009788fd7b0 mode 2
Event: 4.143 Thread 0x00000202c72be500 Uncommon trap: trap_request=0xffffffc6 fr.pc=0x00000202dcc0f45c relative=0x00000000000004fc
Event: 4.143 Thread 0x00000202c72be500 Uncommon trap: reason=bimorphic_or_optimized_type_check action=maybe_recompile pc=0x00000202dcc0f45c method=java.lang.invoke.VarHandleGuards.guard_LI_I(Ljava/lang/invoke/VarHandle;Ljava/lang/Object;ILjava/lang/invoke/VarHandle$AccessDescriptor;)I @ 2 c2
Event: 4.143 Thread 0x00000202c72be500 DEOPT PACKING pc=0x00000202dcc0f45c sp=0x00000009788fd8b0
Event: 4.143 Thread 0x00000202c72be500 DEOPT UNPACKING pc=0x00000202dc493d02 sp=0x00000009788fd858 mode 2
Event: 4.147 Thread 0x00000202c72be500 Uncommon trap: trap_request=0xffffffc6 fr.pc=0x00000202dcc0f45c relative=0x00000000000004fc
Event: 4.147 Thread 0x00000202c72be500 Uncommon trap: reason=bimorphic_or_optimized_type_check action=maybe_recompile pc=0x00000202dcc0f45c method=java.lang.invoke.VarHandleGuards.guard_LI_I(Ljava/lang/invoke/VarHandle;Ljava/lang/Object;ILjava/lang/invoke/VarHandle$AccessDescriptor;)I @ 2 c2
Event: 4.147 Thread 0x00000202c72be500 DEOPT PACKING pc=0x00000202dcc0f45c sp=0x00000009788fd8b0
Event: 4.147 Thread 0x00000202c72be500 DEOPT UNPACKING pc=0x00000202dc493d02 sp=0x00000009788fd858 mode 2
Event: 4.149 Thread 0x00000202c72be500 Uncommon trap: trap_request=0xffffffc6 fr.pc=0x00000202dcc0f45c relative=0x00000000000004fc
Event: 4.150 Thread 0x00000202c72be500 Uncommon trap: reason=bimorphic_or_optimized_type_check action=maybe_recompile pc=0x00000202dcc0f45c method=java.lang.invoke.VarHandleGuards.guard_LI_I(Ljava/lang/invoke/VarHandle;Ljava/lang/Object;ILjava/lang/invoke/VarHandle$AccessDescriptor;)I @ 2 c2
Event: 4.150 Thread 0x00000202c72be500 DEOPT PACKING pc=0x00000202dcc0f45c sp=0x00000009788fd8b0
Event: 4.150 Thread 0x00000202c72be500 DEOPT UNPACKING pc=0x00000202dc493d02 sp=0x00000009788fd858 mode 2
Event: 4.155 Thread 0x00000202c72be500 Uncommon trap: trap_request=0xffffffc6 fr.pc=0x00000202dcc0f45c relative=0x00000000000004fc
Event: 4.155 Thread 0x00000202c72be500 Uncommon trap: reason=bimorphic_or_optimized_type_check action=maybe_recompile pc=0x00000202dcc0f45c method=java.lang.invoke.VarHandleGuards.guard_LI_I(Ljava/lang/invoke/VarHandle;Ljava/lang/Object;ILjava/lang/invoke/VarHandle$AccessDescriptor;)I @ 2 c2
Event: 4.155 Thread 0x00000202c72be500 DEOPT PACKING pc=0x00000202dcc0f45c sp=0x00000009788fd8b0
Event: 4.155 Thread 0x00000202c72be500 DEOPT UNPACKING pc=0x00000202dc493d02 sp=0x00000009788fd858 mode 2
Event: 5.465 Thread 0x00000202c72be500 Uncommon trap: trap_request=0xffffffc6 fr.pc=0x00000202dcc96b44 relative=0x00000000000000a4
Event: 5.465 Thread 0x00000202c72be500 Uncommon trap: reason=bimorphic_or_optimized_type_check action=maybe_recompile pc=0x00000202dcc96b44 method=java.util.Collections$UnmodifiableCollection$1.hasNext()Z @ 4 c2
Event: 5.465 Thread 0x00000202c72be500 DEOPT PACKING pc=0x00000202dcc96b44 sp=0x00000009788fd8c0
Event: 5.465 Thread 0x00000202c72be500 DEOPT UNPACKING pc=0x00000202dc493d02 sp=0x00000009788fd850 mode 2
Event: 5.465 Thread 0x00000202c72be500 Uncommon trap: trap_request=0xffffffc6 fr.pc=0x00000202dcc97870 relative=0x0000000000000190
Event: 5.465 Thread 0x00000202c72be500 Uncommon trap: reason=bimorphic_or_optimized_type_check action=maybe_recompile pc=0x00000202dcc97870 method=java.util.Collections$UnmodifiableCollection$1.next()Ljava/lang/Object; @ 4 c2
Event: 5.465 Thread 0x00000202c72be500 DEOPT PACKING pc=0x00000202dcc97870 sp=0x00000009788fd8b0
Event: 5.465 Thread 0x00000202c72be500 DEOPT UNPACKING pc=0x00000202dc493d02 sp=0x00000009788fd850 mode 2
Event: 5.465 Thread 0x00000202c72be500 Uncommon trap: trap_request=0xffffffc6 fr.pc=0x00000202dcc96b44 relative=0x00000000000000a4
Event: 5.465 Thread 0x00000202c72be500 Uncommon trap: reason=bimorphic_or_optimized_type_check action=maybe_recompile pc=0x00000202dcc96b44 method=java.util.Collections$UnmodifiableCollection$1.hasNext()Z @ 4 c2
Event: 5.465 Thread 0x00000202c72be500 DEOPT PACKING pc=0x00000202dcc96b44 sp=0x00000009788fd8c0
Event: 5.465 Thread 0x00000202c72be500 DEOPT UNPACKING pc=0x00000202dc493d02 sp=0x00000009788fd850 mode 2
Event: 5.465 Thread 0x00000202c72be500 Uncommon trap: trap_request=0xffffffc6 fr.pc=0x00000202dcc97870 relative=0x0000000000000190
Event: 5.465 Thread 0x00000202c72be500 Uncommon trap: reason=bimorphic_or_optimized_type_check action=maybe_recompile pc=0x00000202dcc97870 method=java.util.Collections$UnmodifiableCollection$1.next()Ljava/lang/Object; @ 4 c2
Event: 5.465 Thread 0x00000202c72be500 DEOPT PACKING pc=0x00000202dcc97870 sp=0x00000009788fd8b0
Event: 5.465 Thread 0x00000202c72be500 DEOPT UNPACKING pc=0x00000202dc493d02 sp=0x00000009788fd850 mode 2
Event: 5.465 Thread 0x00000202c72be500 Uncommon trap: trap_request=0xffffffc6 fr.pc=0x00000202dcc96b44 relative=0x00000000000000a4
Event: 5.465 Thread 0x00000202c72be500 Uncommon trap: reason=bimorphic_or_optimized_type_check action=maybe_recompile pc=0x00000202dcc96b44 method=java.util.Collections$UnmodifiableCollection$1.hasNext()Z @ 4 c2
Event: 5.465 Thread 0x00000202c72be500 DEOPT PACKING pc=0x00000202dcc96b44 sp=0x00000009788fd8c0
Event: 5.465 Thread 0x00000202c72be500 DEOPT UNPACKING pc=0x00000202dc493d02 sp=0x00000009788fd850 mode 2
Event: 5.465 Thread 0x00000202c72be500 Uncommon trap: trap_request=0xffffffc6 fr.pc=0x00000202dcc97870 relative=0x0000000000000190
Event: 5.465 Thread 0x00000202c72be500 Uncommon trap: reason=bimorphic_or_optimized_type_check action=maybe_recompile pc=0x00000202dcc97870 method=java.util.Collections$UnmodifiableCollection$1.next()Ljava/lang/Object; @ 4 c2
Event: 5.465 Thread 0x00000202c72be500 DEOPT PACKING pc=0x00000202dcc97870 sp=0x00000009788fd8b0
Event: 5.465 Thread 0x00000202c72be500 DEOPT UNPACKING pc=0x00000202dc493d02 sp=0x00000009788fd850 mode 2
Event: 5.465 Thread 0x00000202c72be500 Uncommon trap: trap_request=0xffffffc6 fr.pc=0x00000202dcc96b44 relative=0x00000000000000a4
Event: 5.465 Thread 0x00000202c72be500 Uncommon trap: reason=bimorphic_or_optimized_type_check action=maybe_recompile pc=0x00000202dcc96b44 method=java.util.Collections$UnmodifiableCollection$1.hasNext()Z @ 4 c2
Event: 5.465 Thread 0x00000202c72be500 DEOPT PACKING pc=0x00000202dcc96b44 sp=0x00000009788fd8c0
Event: 5.465 Thread 0x00000202c72be500 DEOPT UNPACKING pc=0x00000202dc493d02 sp=0x00000009788fd850 mode 2
Event: 5.465 Thread 0x00000202c72be500 Uncommon trap: trap_request=0xffffffc6 fr.pc=0x00000202dcc97870 relative=0x0000000000000190
Event: 5.465 Thread 0x00000202c72be500 Uncommon trap: reason=bimorphic_or_optimized_type_check action=maybe_recompile pc=0x00000202dcc97870 method=java.util.Collections$UnmodifiableCollection$1.next()Ljava/lang/Object; @ 4 c2
Event: 5.465 Thread 0x00000202c72be500 DEOPT PACKING pc=0x00000202dcc97870 sp=0x00000009788fd8b0
Event: 5.465 Thread 0x00000202c72be500 DEOPT UNPACKING pc=0x00000202dc493d02 sp=0x00000009788fd850 mode 2

Classes loaded (250 events):
Event: 3.952 Loading class com/sun/management/internal/PlatformMBeanProviderImpl$4
Event: 3.952 Loading class com/sun/management/internal/PlatformMBeanProviderImpl$4 done
Event: 3.952 Loading class com/sun/management/internal/DiagnosticCommandImpl
Event: 3.952 Loading class com/sun/management/DiagnosticCommandMBean
Event: 3.952 Loading class javax/management/DynamicMBean
Event: 3.952 Loading class javax/management/DynamicMBean done
Event: 3.952 Loading class com/sun/management/DiagnosticCommandMBean done
Event: 3.952 Loading class sun/management/NotificationEmitterSupport
Event: 3.952 Loading class javax/management/NotificationEmitter
Event: 3.952 Loading class javax/management/NotificationBroadcaster
Event: 3.952 Loading class javax/management/NotificationBroadcaster done
Event: 3.952 Loading class javax/management/NotificationEmitter done
Event: 3.952 Loading class sun/management/NotificationEmitterSupport done
Event: 3.952 Loading class com/sun/management/internal/DiagnosticCommandImpl done
Event: 3.952 Loading class sun/management/ManagementFactoryHelper
Event: 3.953 Loading class sun/management/ManagementFactoryHelper done
Event: 3.953 Loading class sun/management/VMManagementImpl
Event: 3.953 Loading class sun/management/VMManagement
Event: 3.953 Loading class sun/management/VMManagement done
Event: 3.953 Loading class sun/management/VMManagementImpl done
Event: 3.954 Loading class com/sun/management/internal/PlatformMBeanProviderImpl$5
Event: 3.954 Loading class com/sun/management/internal/PlatformMBeanProviderImpl$5 done
Event: 3.954 Loading class java/lang/management/DefaultPlatformMBeanProvider
Event: 3.954 Loading class java/lang/management/DefaultPlatformMBeanProvider done
Event: 3.954 Loading class java/lang/management/DefaultPlatformMBeanProvider$1
Event: 3.954 Loading class java/lang/management/DefaultPlatformMBeanProvider$1 done
Event: 3.954 Loading class java/lang/management/DefaultPlatformMBeanProvider$2
Event: 3.954 Loading class java/lang/management/DefaultPlatformMBeanProvider$2 done
Event: 3.954 Loading class java/lang/management/DefaultPlatformMBeanProvider$3
Event: 3.954 Loading class java/lang/management/DefaultPlatformMBeanProvider$3 done
Event: 3.954 Loading class java/lang/management/DefaultPlatformMBeanProvider$4
Event: 3.954 Loading class java/lang/management/DefaultPlatformMBeanProvider$4 done
Event: 3.954 Loading class java/lang/management/DefaultPlatformMBeanProvider$5
Event: 3.954 Loading class java/lang/management/DefaultPlatformMBeanProvider$5 done
Event: 3.954 Loading class java/lang/management/DefaultPlatformMBeanProvider$6
Event: 3.954 Loading class java/lang/management/DefaultPlatformMBeanProvider$6 done
Event: 3.954 Loading class java/lang/management/DefaultPlatformMBeanProvider$7
Event: 3.954 Loading class java/lang/management/DefaultPlatformMBeanProvider$7 done
Event: 3.954 Loading class java/lang/management/DefaultPlatformMBeanProvider$8
Event: 3.954 Loading class java/lang/management/DefaultPlatformMBeanProvider$8 done
Event: 3.954 Loading class sun/management/ManagementFactoryHelper$LoggingMXBeanAccess
Event: 3.955 Loading class sun/management/ManagementFactoryHelper$LoggingMXBeanAccess done
Event: 3.955 Loading class sun/management/ManagementFactoryHelper$LoggingMXBeanAccess$1
Event: 3.955 Loading class sun/management/ManagementFactoryHelper$LoggingMXBeanAccess$1 done
Event: 3.955 Loading class java/lang/management/DefaultPlatformMBeanProvider$9
Event: 3.955 Loading class java/lang/management/DefaultPlatformMBeanProvider$9 done
Event: 3.955 Loading class java/lang/management/DefaultPlatformMBeanProvider$10
Event: 3.955 Loading class java/lang/management/DefaultPlatformMBeanProvider$10 done
Event: 3.955 Loading class java/lang/management/DefaultPlatformMBeanProvider$11
Event: 3.955 Loading class java/lang/management/DefaultPlatformMBeanProvider$11 done
Event: 3.955 Loading class jdk/management/jfr/FlightRecorderMXBean
Event: 3.955 Loading class jdk/management/jfr/FlightRecorderMXBean done
Event: 3.955 Loading class jdk/management/jfr/internal/FlightRecorderMXBeanProvider$SingleMBeanComponent
Event: 3.955 Loading class jdk/management/jfr/internal/FlightRecorderMXBeanProvider$SingleMBeanComponent done
Event: 3.955 Loading class java/util/stream/ReduceOps$2
Event: 3.956 Loading class java/util/stream/ReduceOps$2 done
Event: 3.956 Loading class java/util/stream/ReduceOps$2ReducingSink
Event: 3.956 Loading class java/util/stream/ReduceOps$2ReducingSink done
Event: 3.956 Loading class sun/management/MemoryImpl
Event: 3.956 Loading class sun/management/MemoryImpl done
Event: 3.956 Loading class java/util/Collections$2
Event: 3.956 Loading class java/util/Collections$2 done
Event: 3.957 Loading class java/util/concurrent/ScheduledThreadPoolExecutor$ScheduledFutureTask
Event: 3.957 Loading class java/util/concurrent/ScheduledThreadPoolExecutor$ScheduledFutureTask done
Event: 3.966 Loading class java/util/concurrent/CompletableFuture$UniWhenComplete
Event: 3.966 Loading class java/util/concurrent/CompletableFuture$UniWhenComplete done
Event: 4.016 Loading class java/lang/invoke/VarHandleInts$Array
Event: 4.016 Loading class java/lang/invoke/VarHandleInts$Array done
Event: 4.023 Loading class java/util/zip/ZipInputStream
Event: 4.023 Loading class java/util/zip/ZipInputStream done
Event: 4.023 Loading class java/util/concurrent/RejectedExecutionException
Event: 4.023 Loading class java/util/concurrent/RejectedExecutionException done
Event: 4.024 Loading class java/io/PushbackInputStream
Event: 4.024 Loading class java/io/PushbackInputStream done
Event: 4.062 Loading class java/text/Collator
Event: 4.062 Loading class java/text/Collator done
Event: 4.068 Loading class java/nio/file/FileSystemNotFoundException
Event: 4.068 Loading class java/nio/file/FileSystemNotFoundException done
Event: 4.069 Loading class java/nio/file/DirectoryNotEmptyException
Event: 4.069 Loading class java/nio/file/DirectoryNotEmptyException done
Event: 4.069 Loading class java/nio/file/AccessDeniedException
Event: 4.069 Loading class java/nio/file/AccessDeniedException done
Event: 4.069 Loading class java/nio/file/AtomicMoveNotSupportedException
Event: 4.069 Loading class java/nio/file/AtomicMoveNotSupportedException done
Event: 4.072 Loading class java/nio/channels/NonWritableChannelException
Event: 4.072 Loading class java/nio/channels/NonWritableChannelException done
Event: 4.079 Loading class java/io/SequenceInputStream
Event: 4.079 Loading class java/io/SequenceInputStream done
Event: 4.084 Loading class sun/nio/fs/WindowsFileSystemProvider$1
Event: 4.084 Loading class sun/nio/fs/WindowsFileSystemProvider$1 done
Event: 4.084 Loading class sun/nio/fs/WindowsAclFileAttributeView
Event: 4.084 Loading class sun/nio/fs/AbstractAclFileAttributeView
Event: 4.084 Loading class java/nio/file/attribute/AclFileAttributeView
Event: 4.084 Loading class java/nio/file/attribute/FileOwnerAttributeView
Event: 4.084 Loading class java/nio/file/attribute/FileOwnerAttributeView done
Event: 4.084 Loading class java/nio/file/attribute/AclFileAttributeView done
Event: 4.084 Loading class sun/nio/fs/AbstractAclFileAttributeView done
Event: 4.084 Loading class sun/nio/fs/WindowsAclFileAttributeView done
Event: 4.085 Loading class sun/nio/fs/WindowsSecurity
Event: 4.085 Loading class sun/nio/fs/WindowsSecurity done
Event: 4.085 Loading class sun/nio/fs/WindowsFileStore
Event: 4.085 Loading class java/nio/file/FileStore
Event: 4.085 Loading class java/nio/file/FileStore done
Event: 4.085 Loading class sun/nio/fs/WindowsFileStore done
Event: 4.127 Loading class java/net/UnknownHostException
Event: 4.127 Loading class java/net/UnknownHostException done
Event: 4.127 Loading class java/net/BindException
Event: 4.127 Loading class java/net/BindException done
Event: 4.128 Loading class sun/nio/cs/ISO_8859_1$Decoder
Event: 4.128 Loading class sun/nio/cs/ISO_8859_1$Decoder done
Event: 4.130 Loading class java/util/concurrent/ConcurrentSkipListMap$KeySet
Event: 4.130 Loading class java/util/concurrent/ConcurrentSkipListMap$KeySet done
Event: 4.130 Loading class java/util/concurrent/ConcurrentSkipListMap$KeyIterator
Event: 4.130 Loading class java/util/concurrent/ConcurrentSkipListMap$Iter
Event: 4.130 Loading class java/util/concurrent/ConcurrentSkipListMap$Iter done
Event: 4.130 Loading class java/util/concurrent/ConcurrentSkipListMap$KeyIterator done
Event: 4.130 Loading class java/net/InetAddress$NameServiceAddresses
Event: 4.130 Loading class java/net/InetAddress$Addresses
Event: 4.130 Loading class java/net/InetAddress$Addresses done
Event: 4.130 Loading class java/net/InetAddress$NameServiceAddresses done
Event: 4.130 Loading class java/net/spi/InetAddressResolverProvider
Event: 4.130 Loading class java/net/spi/InetAddressResolverProvider done
Event: 4.136 Loading class sun/net/InetAddressCachePolicy
Event: 4.136 Loading class sun/net/InetAddressCachePolicy done
Event: 4.136 Loading class sun/net/InetAddressCachePolicy$1
Event: 4.136 Loading class sun/net/InetAddressCachePolicy$1 done
Event: 4.136 Loading class java/net/InetAddress$CachedLookup
Event: 4.136 Loading class java/net/InetAddress$CachedLookup done
Event: 4.137 Loading class java/util/concurrent/atomic/Striped64$1
Event: 4.137 Loading class java/util/concurrent/atomic/Striped64$1 done
Event: 4.137 Loading class java/net/Socket
Event: 4.138 Loading class java/net/Socket done
Event: 4.138 Loading class java/net/SocketImpl
Event: 4.138 Loading class java/net/SocketOptions
Event: 4.138 Loading class java/net/SocketOptions done
Event: 4.138 Loading class java/net/SocketImpl done
Event: 4.138 Loading class sun/nio/ch/NioSocketImpl
Event: 4.138 Loading class sun/net/PlatformSocketImpl
Event: 4.138 Loading class sun/net/PlatformSocketImpl done
Event: 4.138 Loading class sun/nio/ch/NioSocketImpl done
Event: 4.138 Loading class sun/nio/ch/SocketDispatcher
Event: 4.139 Loading class sun/nio/ch/SocketDispatcher done
Event: 4.139 Loading class java/net/SocksSocketImpl
Event: 4.139 Loading class java/net/SocksConsts
Event: 4.139 Loading class java/net/SocksConsts done
Event: 4.139 Loading class java/net/DelegatingSocketImpl
Event: 4.139 Loading class java/net/DelegatingSocketImpl done
Event: 4.139 Loading class java/net/SocksSocketImpl done
Event: 4.139 Loading class sun/nio/ch/Net
Event: 4.139 Loading class sun/nio/ch/Net done
Event: 4.139 Loading class sun/nio/ch/Net$1
Event: 4.139 Loading class java/net/ProtocolFamily
Event: 4.139 Loading class java/net/ProtocolFamily done
Event: 4.139 Loading class sun/nio/ch/Net$1 done
Event: 4.139 Loading class sun/net/ext/ExtendedSocketOptions
Event: 4.140 Loading class sun/net/ext/ExtendedSocketOptions done
Event: 4.140 Loading class jdk/net/ExtendedSocketOptions
Event: 4.140 Loading class jdk/net/ExtendedSocketOptions done
Event: 4.140 Loading class jdk/net/ExtendedSocketOptions$ExtSocketOption
Event: 4.140 Loading class java/net/SocketOption
Event: 4.140 Loading class java/net/SocketOption done
Event: 4.140 Loading class jdk/net/ExtendedSocketOptions$ExtSocketOption done
Event: 4.140 Loading class jdk/net/UnixDomainPrincipal
Event: 4.140 Loading class jdk/net/UnixDomainPrincipal done
Event: 4.140 Loading class jdk/net/ExtendedSocketOptions$PlatformSocketOptions
Event: 4.140 Loading class jdk/net/ExtendedSocketOptions$PlatformSocketOptions done
Event: 4.140 Loading class jdk/net/ExtendedSocketOptions$2
Event: 4.140 Loading class jdk/net/ExtendedSocketOptions$2 done
Event: 4.140 Loading class jdk/net/WindowsSocketOptions
Event: 4.140 Loading class jdk/net/WindowsSocketOptions done
Event: 4.142 Loading class jdk/net/ExtendedSocketOptions$1
Event: 4.142 Loading class jdk/net/ExtendedSocketOptions$1 done
Event: 4.142 Loading class java/net/StandardProtocolFamily
Event: 4.142 Loading class java/net/StandardProtocolFamily done
Event: 4.143 Loading class java/net/InetSocketAddress$InetSocketAddressHolder
Event: 4.143 Loading class java/net/InetSocketAddress$InetSocketAddressHolder done
Event: 4.143 Loading class java/net/SocksSocketImpl$3
Event: 4.143 Loading class java/net/SocksSocketImpl$3 done
Event: 4.143 Loading class java/net/ProxySelector
Event: 4.143 Loading class java/net/ProxySelector done
Event: 4.143 Loading class sun/net/spi/DefaultProxySelector
Event: 4.143 Loading class sun/net/spi/DefaultProxySelector done
Event: 4.143 Loading class java/net/Proxy
Event: 4.143 Loading class java/net/Proxy done
Event: 4.143 Loading class java/net/Proxy$Type
Event: 4.143 Loading class java/net/Proxy$Type done
Event: 4.143 Loading class sun/net/spi/DefaultProxySelector$1
Event: 4.143 Loading class sun/net/spi/DefaultProxySelector$1 done
Event: 4.144 Loading class sun/net/NetProperties
Event: 4.144 Loading class sun/net/NetProperties done
Event: 4.144 Loading class sun/net/NetProperties$1
Event: 4.144 Loading class sun/net/NetProperties$1 done
Event: 4.145 Loading class sun/net/spi/DefaultProxySelector$NonProxyInfo
Event: 4.146 Loading class sun/net/spi/DefaultProxySelector$NonProxyInfo done
Event: 4.146 Loading class sun/net/spi/DefaultProxySelector$3
Event: 4.146 Loading class sun/net/spi/DefaultProxySelector$3 done
Event: 4.146 Loading class sun/net/NetHooks
Event: 4.146 Loading class sun/net/NetHooks done
Event: 4.147 Loading class java/io/InterruptedIOException
Event: 4.147 Loading class java/io/InterruptedIOException done
Event: 4.147 Loading class sun/net/util/SocketExceptions
Event: 4.147 Loading class sun/net/util/SocketExceptions done
Event: 4.147 Loading class java/net/SocketTimeoutException
Event: 4.147 Loading class java/net/SocketTimeoutException done
Event: 4.147 Loading class jdk/internal/event/ThreadSleepEvent
Event: 4.147 Loading class jdk/internal/event/ThreadSleepEvent done
Event: 5.458 Loading class sun/security/provider/SecureRandom
Event: 5.459 Loading class sun/security/provider/SecureRandom done
Event: 5.465 Loading class java/util/RegularEnumSet$EnumSetIterator
Event: 5.465 Loading class java/util/RegularEnumSet$EnumSetIterator done
Event: 5.468 Loading class sun/nio/cs/ISO_8859_1$Encoder
Event: 5.468 Loading class sun/nio/cs/ISO_8859_1$Encoder done
Event: 5.469 Loading class sun/util/locale/provider/TimeZoneNameUtility
Event: 5.469 Loading class sun/util/locale/provider/TimeZoneNameUtility done
Event: 5.469 Loading class sun/util/locale/provider/TimeZoneNameUtility$TimeZoneNameGetter
Event: 5.469 Loading class sun/util/locale/provider/TimeZoneNameUtility$TimeZoneNameGetter done
Event: 5.469 Loading class sun/util/cldr/CLDRTimeZoneNameProviderImpl
Event: 5.470 Loading class sun/util/locale/provider/TimeZoneNameProviderImpl
Event: 5.470 Loading class sun/util/locale/provider/TimeZoneNameProviderImpl done
Event: 5.470 Loading class sun/util/cldr/CLDRTimeZoneNameProviderImpl done
Event: 5.471 Loading class sun/util/locale/provider/FallbackLocaleProviderAdapter
Event: 5.471 Loading class sun/util/locale/provider/FallbackLocaleProviderAdapter done
Event: 5.472 Loading class sun/util/locale/provider/BaseLocaleDataMetaInfo
Event: 5.472 Loading class sun/util/locale/provider/BaseLocaleDataMetaInfo done
Event: 5.473 Loading class sun/util/resources/cldr/TimeZoneNames
Event: 5.473 Loading class sun/util/resources/TimeZoneNamesBundle
Event: 5.473 Loading class sun/util/resources/OpenListResourceBundle
Event: 5.473 Loading class sun/util/resources/OpenListResourceBundle done
Event: 5.473 Loading class sun/util/resources/TimeZoneNamesBundle done
Event: 5.473 Loading class sun/util/resources/cldr/TimeZoneNames done
Event: 5.474 Loading class sun/util/resources/cldr/TimeZoneNames_en
Event: 5.474 Loading class sun/util/resources/cldr/TimeZoneNames_en done
Event: 5.475 Loading class sun/util/resources/cldr/TimeZoneNames_en_US
Event: 5.475 Loading class sun/util/resources/cldr/TimeZoneNames_en_US done
Event: 7.528 Loading class java/net/ServerSocket
Event: 7.529 Loading class java/net/ServerSocket done
Event: 7.545 Loading class java/util/concurrent/locks/ReentrantLock$FairSync
Event: 7.546 Loading class java/util/concurrent/locks/ReentrantLock$FairSync done
Event: 7.547 Loading class java/util/LinkedList
Event: 7.548 Loading class java/util/AbstractSequentialList
Event: 7.548 Loading class java/util/AbstractSequentialList done
Event: 7.548 Loading class java/util/LinkedList done
Event: 7.559 Loading class java/util/concurrent/atomic/AtomicLongFieldUpdater
Event: 7.560 Loading class java/util/concurrent/atomic/AtomicLongFieldUpdater done
Event: 7.560 Loading class java/util/concurrent/atomic/AtomicLongFieldUpdater$CASUpdater
Event: 7.560 Loading class java/util/concurrent/atomic/AtomicLongFieldUpdater$CASUpdater done
Event: 7.560 Loading class java/util/concurrent/atomic/AtomicLongFieldUpdater$CASUpdater$1
Event: 7.560 Loading class java/util/concurrent/atomic/AtomicLongFieldUpdater$CASUpdater$1 done
Event: 7.562 Loading class java/util/LinkedList$Node
Event: 7.562 Loading class java/util/LinkedList$Node done

Classes unloaded (0 events):
No events

Classes redefined (0 events):
No events

Internal exceptions (162 events):
Event: 0.384 Thread 0x00000202cc0b5fa0 Exception <a 'java/lang/NoSuchMethodError'{0x0000040002e35050}: 'void java.lang.invoke.DirectMethodHandle$Holder.invokeStatic(java.lang.Object, java.lang.Object, java.lang.Object, java.lang.Object)'> (0x0000040002e35050) 
thrown [s\open\src\hotspot\share\interpreter\linkResolver.cpp, line 796]
Event: 0.607 Thread 0x00000202cc0b5fa0 Exception <a 'java/lang/NoSuchMethodError'{0x00000400034c3640}: 'void java.lang.invoke.Invokers$Holder.invoke_MT(java.lang.Object, java.lang.Object)'> (0x00000400034c3640) 
thrown [s\open\src\hotspot\share\interpreter\linkResolver.cpp, line 796]
Event: 0.875 Thread 0x00000202cc0b5fa0 Exception <a 'java/lang/NoSuchMethodError'{0x0000040003a8b920}: 'int java.lang.invoke.DirectMethodHandle$Holder.invokeStatic(java.lang.Object)'> (0x0000040003a8b920) 
thrown [s\open\src\hotspot\share\interpreter\linkResolver.cpp, line 796]
Event: 0.894 Thread 0x00000202cc0b5fa0 Exception <a 'java/lang/NoSuchMethodError'{0x0000040003aedff0}: 'long java.lang.invoke.DirectMethodHandle$Holder.invokeStatic(java.lang.Object)'> (0x0000040003aedff0) 
thrown [s\open\src\hotspot\share\interpreter\linkResolver.cpp, line 796]
Event: 1.153 Thread 0x00000202cc0b5fa0 Exception <a 'java/lang/NoSuchMethodError'{0x00000400042bdb00}: 'java.lang.Object java.lang.invoke.DirectMethodHandle$Holder.invokeStaticInit(java.lang.Object, java.lang.Object, java.lang.Object)'> (0x00000400042bdb00) 
thrown [s\open\src\hotspot\share\interpreter\linkResolver.cpp, line 796]
Event: 1.171 Thread 0x00000202c72be500 Exception <a 'java/lang/NoSuchMethodError'{0x0000040004425b50}: 'int java.lang.invoke.DirectMethodHandle$Holder.invokeStaticInit(java.lang.Object, int)'> (0x0000040004425b50) 
thrown [s\open\src\hotspot\share\interpreter\linkResolver.cpp, line 796]
Event: 1.172 Thread 0x00000202c72be500 Exception <a 'java/lang/NoSuchMethodError'{0x000004000442a8a8}: 'long java.lang.invoke.DirectMethodHandle$Holder.invokeStatic(java.lang.Object, java.lang.Object)'> (0x000004000442a8a8) 
thrown [s\open\src\hotspot\share\interpreter\linkResolver.cpp, line 796]
Event: 1.173 Thread 0x00000202c72be500 Exception <a 'java/lang/NoSuchMethodError'{0x000004000442eda8}: 'long java.lang.invoke.DirectMethodHandle$Holder.invokeStaticInit(java.lang.Object, java.lang.Object)'> (0x000004000442eda8) 
thrown [s\open\src\hotspot\share\interpreter\linkResolver.cpp, line 796]
Event: 1.174 Thread 0x00000202c72be500 Exception <a 'java/lang/NoSuchMethodError'{0x0000040004437898}: 'java.lang.Object java.lang.invoke.DirectMethodHandle$Holder.invokeStaticInit(java.lang.Object, long, long, long)'> (0x0000040004437898) 
thrown [s\open\src\hotspot\share\interpreter\linkResolver.cpp, line 796]
Event: 1.177 Thread 0x00000202c72be500 Exception <a 'java/lang/NoSuchMethodError'{0x000004000443e090}: 'java.lang.Object java.lang.invoke.DirectMethodHandle$Holder.invokeStatic(java.lang.Object, long, java.lang.Object)'> (0x000004000443e090) 
thrown [s\open\src\hotspot\share\interpreter\linkResolver.cpp, line 796]
Event: 1.178 Thread 0x00000202c72be500 Exception <a 'java/lang/NoSuchMethodError'{0x0000040004445fe0}: 'java.lang.Object java.lang.invoke.DirectMethodHandle$Holder.newInvokeSpecial(java.lang.Object, long, java.lang.Object)'> (0x0000040004445fe0) 
thrown [s\open\src\hotspot\share\interpreter\linkResolver.cpp, line 796]
Event: 1.181 Thread 0x00000202c72be500 Exception <a 'java/lang/NoSuchMethodError'{0x0000040004453488}: 'java.lang.Object java.lang.invoke.DirectMethodHandle$Holder.invokeInterface(java.lang.Object, java.lang.Object, java.lang.Object)'> (0x0000040004453488) 
thrown [s\open\src\hotspot\share\interpreter\linkResolver.cpp, line 796]
Event: 1.181 Thread 0x00000202c72be500 Exception <a 'java/lang/IncompatibleClassChangeError'{0x00000400044573d8}: Found class java.lang.Object, but interface was expected> (0x00000400044573d8) 
thrown [s\open\src\hotspot\share\interpreter\linkResolver.cpp, line 863]
Event: 1.181 Thread 0x00000202c72be500 Exception <a 'java/lang/NoSuchMethodError'{0x0000040004458048}: 'void java.lang.invoke.DirectMethodHandle$Holder.invokeStatic(java.lang.Object, java.lang.Object)'> (0x0000040004458048) 
thrown [s\open\src\hotspot\share\interpreter\linkResolver.cpp, line 796]
Event: 1.182 Thread 0x00000202c72be500 Exception <a 'java/lang/NoSuchMethodError'{0x000004000445c358}: 'void java.lang.invoke.DirectMethodHandle$Holder.invokeStaticInit(java.lang.Object, java.lang.Object)'> (0x000004000445c358) 
thrown [s\open\src\hotspot\share\interpreter\linkResolver.cpp, line 796]
Event: 1.182 Thread 0x00000202c72be500 Exception <a 'java/lang/NoSuchMethodError'{0x0000040004461300}: 'java.lang.Object java.lang.invoke.DirectMethodHandle$Holder.invokeStatic(java.lang.Object, long, long)'> (0x0000040004461300) 
thrown [s\open\src\hotspot\share\interpreter\linkResolver.cpp, line 796]
Event: 1.183 Thread 0x00000202c72be500 Exception <a 'java/lang/NoSuchMethodError'{0x0000040004465518}: 'java.lang.Object java.lang.invoke.DirectMethodHandle$Holder.invokeStaticInit(java.lang.Object, long, long)'> (0x0000040004465518) 
thrown [s\open\src\hotspot\share\interpreter\linkResolver.cpp, line 796]
Event: 1.197 Thread 0x00000202c72be500 Exception <a 'java/lang/NoSuchMethodError'{0x000004000448fe30}: 'java.lang.Object java.lang.invoke.DirectMethodHandle$Holder.invokeStaticInit(java.lang.Object, java.lang.Object, java.lang.Object, java.lang.Object)'> (0x000004000448fe30) 
thrown [s\open\src\hotspot\share\interpreter\linkResolver.cpp, line 796]
Event: 1.198 Thread 0x00000202c72be500 Exception <a 'java/lang/NoSuchMethodError'{0x00000400044982c0}: 'java.lang.Object java.lang.invoke.DirectMethodHandle$Holder.invokeSpecialIFC(java.lang.Object, java.lang.Object, java.lang.Object, java.lang.Object)'> (0x00000400044982c0) 
thrown [s\open\src\hotspot\share\interpreter\linkResolver.cpp, line 796]
Event: 1.218 Thread 0x00000202c72be500 Exception <a 'java/lang/NoSuchMethodError'{0x00000400044fb620}: 'void java.lang.invoke.DirectMethodHandle$Holder.invokeSpecial(java.lang.Object, java.lang.Object, java.lang.Object)'> (0x00000400044fb620) 
thrown [s\open\src\hotspot\share\interpreter\linkResolver.cpp, line 796]
Event: 1.233 Thread 0x00000202c72be500 Exception <a 'java/lang/NoSuchMethodError'{0x000004000454d278}: 'java.lang.Object java.lang.invoke.DirectMethodHandle$Holder.invokeInterface(java.lang.Object, java.lang.Object)'> (0x000004000454d278) 
thrown [s\open\src\hotspot\share\interpreter\linkResolver.cpp, line 796]
Event: 1.234 Thread 0x00000202c72be500 Exception <a 'java/lang/NoSuchMethodError'{0x0000040004558678}: 'void java.lang.invoke.DirectMethodHandle$Holder.invokeInterface(java.lang.Object, java.lang.Object, java.lang.Object)'> (0x0000040004558678) 
thrown [s\open\src\hotspot\share\interpreter\linkResolver.cpp, line 796]
Event: 1.235 Thread 0x00000202c72be500 Exception <a 'java/lang/IncompatibleClassChangeError'{0x000004000455c478}: Found class java.lang.Object, but interface was expected> (0x000004000455c478) 
thrown [s\open\src\hotspot\share\interpreter\linkResolver.cpp, line 863]
Event: 1.237 Thread 0x00000202c72be500 Exception <a 'java/lang/NoSuchMethodError'{0x00000400045682a0}: 'java.lang.Object java.lang.invoke.DirectMethodHandle$Holder.invokeStaticInit(java.lang.Object, java.lang.Object, java.lang.Object, java.lang.Object, java.lang.Object, java.lang.Object, java.lang.Object)'> (0x00000400045682a0) 
thrown [s\open\src\hotspot\share\interpreter\linkResolver.cpp, line 796]
Event: 1.240 Thread 0x00000202c72be500 Exception <a 'java/lang/NoSuchMethodError'{0x0000040004579ac8}: 'int java.lang.invoke.DirectMethodHandle$Holder.invokeSpecial(java.lang.Object, java.lang.Object, java.lang.Object)'> (0x0000040004579ac8) 
thrown [s\open\src\hotspot\share\interpreter\linkResolver.cpp, line 796]
Event: 1.240 Thread 0x00000202c72be500 Exception <a 'java/lang/NoSuchMethodError'{0x000004000457e3d8}: 'int java.lang.invoke.DirectMethodHandle$Holder.invokeVirtual(java.lang.Object, java.lang.Object, java.lang.Object)'> (0x000004000457e3d8) 
thrown [s\open\src\hotspot\share\interpreter\linkResolver.cpp, line 796]
Event: 1.241 Thread 0x00000202c72be500 Exception <a 'java/lang/NoSuchMethodError'{0x0000040004582c08}: 'int java.lang.invoke.DirectMethodHandle$Holder.invokeVirtual(java.lang.Object, java.lang.Object)'> (0x0000040004582c08) 
thrown [s\open\src\hotspot\share\interpreter\linkResolver.cpp, line 796]
Event: 1.241 Thread 0x00000202c72be500 Exception <a 'java/lang/NoSuchMethodError'{0x0000040004588830}: 'int java.lang.invoke.DirectMethodHandle$Holder.invokeStaticInit(java.lang.Object, java.lang.Object, java.lang.Object)'> (0x0000040004588830) 
thrown [s\open\src\hotspot\share\interpreter\linkResolver.cpp, line 796]
Event: 1.242 Thread 0x00000202c72be500 Exception <a 'java/lang/NoSuchMethodError'{0x000004000458d768}: 'int java.lang.invoke.DirectMethodHandle$Holder.invokeStaticInit(java.lang.Object, int, int)'> (0x000004000458d768) 
thrown [s\open\src\hotspot\share\interpreter\linkResolver.cpp, line 796]
Event: 1.243 Thread 0x00000202c72be500 Exception <a 'java/lang/NoSuchMethodError'{0x0000040004597140}: 'int java.lang.invoke.DirectMethodHandle$Holder.invokeStaticInit(java.lang.Object, long, long)'> (0x0000040004597140) 
thrown [s\open\src\hotspot\share\interpreter\linkResolver.cpp, line 796]
Event: 1.244 Thread 0x00000202c72be500 Exception <a 'java/lang/NoSuchMethodError'{0x000004000459fa80}: 'int java.lang.invoke.DirectMethodHandle$Holder.invokeStaticInit(java.lang.Object, float, float)'> (0x000004000459fa80) 
thrown [s\open\src\hotspot\share\interpreter\linkResolver.cpp, line 796]
Event: 1.244 Thread 0x00000202c72be500 Exception <a 'java/lang/NoSuchMethodError'{0x00000400045a83b8}: 'int java.lang.invoke.DirectMethodHandle$Holder.invokeStaticInit(java.lang.Object, double, double)'> (0x00000400045a83b8) 
thrown [s\open\src\hotspot\share\interpreter\linkResolver.cpp, line 796]
Event: 1.245 Thread 0x00000202c72be500 Exception <a 'java/lang/NoSuchMethodError'{0x00000400045ae018}: 'int java.lang.invoke.DirectMethodHandle$Holder.invokeStatic(java.lang.Object, long)'> (0x00000400045ae018) 
thrown [s\open\src\hotspot\share\interpreter\linkResolver.cpp, line 796]
Event: 1.252 Thread 0x00000202c72be500 Exception <a 'java/lang/NoSuchMethodError'{0x00000400045c9e28}: 'int java.lang.invoke.DirectMethodHandle$Holder.invokeSpecial(java.lang.Object, java.lang.Object, int, int)'> (0x00000400045c9e28) 
thrown [s\open\src\hotspot\share\interpreter\linkResolver.cpp, line 796]
Event: 1.256 Thread 0x00000202c72be500 Exception <a 'java/lang/NoSuchMethodError'{0x00000400045db830}: 'int java.lang.invoke.Invokers$Holder.linkToTargetMethod(java.lang.Object, java.lang.Object)'> (0x00000400045db830) 
thrown [s\open\src\hotspot\share\interpreter\linkResolver.cpp, line 796]
Event: 1.269 Thread 0x00000202c72be500 Exception <a 'java/lang/IncompatibleClassChangeError'{0x00000400046124d0}: Found class java.lang.Object, but interface was expected> (0x00000400046124d0) 
thrown [s\open\src\hotspot\share\interpreter\linkResolver.cpp, line 863]
Event: 1.272 Thread 0x00000202c72be500 Exception <a 'java/lang/NoSuchMethodError'{0x000004000462b198}: 'java.lang.Object java.lang.invoke.DirectMethodHandle$Holder.invokeVirtual(java.lang.Object, java.lang.Object, java.lang.Object, java.lang.Object, java.lang.Object)'> (0x000004000462b198) 
thrown [s\open\src\hotspot\share\interpreter\linkResolver.cpp, line 796]
Event: 1.280 Thread 0x00000202c72be500 Exception <a 'java/lang/NoSuchMethodError'{0x000004000466df38}: 'int java.lang.invoke.DirectMethodHandle$Holder.invokeSpecial(java.lang.Object, java.lang.Object, int)'> (0x000004000466df38) 
thrown [s\open\src\hotspot\share\interpreter\linkResolver.cpp, line 796]
Event: 1.282 Thread 0x00000202c72be500 Exception <a 'java/lang/NoSuchMethodError'{0x000004000467c580}: 'void java.lang.invoke.DirectMethodHandle$Holder.invokeStatic(java.lang.Object, long)'> (0x000004000467c580) 
thrown [s\open\src\hotspot\share\interpreter\linkResolver.cpp, line 796]
Event: 1.283 Thread 0x00000202c72be500 Exception <a 'java/lang/NoSuchMethodError'{0x0000040004683188}: 'java.lang.Object java.lang.invoke.DirectMethodHandle$Holder.newInvokeSpecial(java.lang.Object, long)'> (0x0000040004683188) 
thrown [s\open\src\hotspot\share\interpreter\linkResolver.cpp, line 796]
Event: 1.298 Thread 0x00000202c72be500 Exception <a 'java/lang/NoSuchMethodError'{0x00000400046b8988}: 'void java.lang.invoke.DirectMethodHandle$Holder.invokeStatic(java.lang.Object, int, java.lang.Object)'> (0x00000400046b8988) 
thrown [s\open\src\hotspot\share\interpreter\linkResolver.cpp, line 796]
Event: 1.308 Thread 0x00000202c72be500 Exception <a 'java/lang/NoSuchMethodError'{0x00000400046ee118}: 'int java.lang.invoke.DirectMethodHandle$Holder.invokeStaticInit(java.lang.Object, java.lang.Object, java.lang.Object, java.lang.Object, java.lang.Object)'> (0x00000400046ee118) 
thrown [s\open\src\hotspot\share\interpreter\linkResolver.cpp, line 796]
Event: 1.309 Thread 0x00000202c72be500 Exception <a 'java/lang/NoSuchMethodError'{0x00000400046f7348}: 'int java.lang.invoke.DelegatingMethodHandle$Holder.reinvoke_L(java.lang.Object, java.lang.Object, java.lang.Object, java.lang.Object, java.lang.Object)'> (0x00000400046f7348) 
thrown [s\open\src\hotspot\share\interpreter\linkResolver.cpp, line 796]
Event: 1.311 Thread 0x00000202c72be500 Exception <a 'java/lang/NoSuchMethodError'{0x000004000470dd48}: 'int java.lang.invoke.DirectMethodHandle$Holder.invokeSpecial(java.lang.Object, java.lang.Object, java.lang.Object, java.lang.Object)'> (0x000004000470dd48) 
thrown [s\open\src\hotspot\share\interpreter\linkResolver.cpp, line 796]
Event: 1.312 Thread 0x00000202c72be500 Exception <a 'java/lang/NoSuchMethodError'{0x0000040004711ea8}: 'int java.lang.invoke.Invokers$Holder.invokeExact_MT(java.lang.Object, java.lang.Object, java.lang.Object, java.lang.Object)'> (0x0000040004711ea8) 
thrown [s\open\src\hotspot\share\interpreter\linkResolver.cpp, line 796]
Event: 1.313 Thread 0x00000202c72be500 Exception <a 'java/lang/NoSuchMethodError'{0x0000040004716a60}: 'java.lang.Object java.lang.invoke.Invokers$Holder.invoke_MT(java.lang.Object, java.lang.Object, java.lang.Object, java.lang.Object, java.lang.Object)'> (0x0000040004716a60) 
thrown [s\open\src\hotspot\share\interpreter\linkResolver.cpp, line 796]
Event: 1.320 Thread 0x00000202c72be500 Exception <a 'java/lang/NoSuchMethodError'{0x00000400047479b8}: 'int java.lang.invoke.DirectMethodHandle$Holder.invokeStaticInit(java.lang.Object, java.lang.Object, java.lang.Object, java.lang.Object, int, java.lang.Object, java.lang.Object)'> (0x00000400047479b8) 
thrown [s\open\src\hotspot\share\interpreter\linkResolver.cpp, line 796]
Event: 1.321 Thread 0x00000202c72be500 Exception <a 'java/lang/NoSuchMethodError'{0x0000040004751170}: 'int java.lang.invoke.DelegatingMethodHandle$Holder.reinvoke_L(java.lang.Object, java.lang.Object, java.lang.Object, java.lang.Object, int, java.lang.Object, java.lang.Object)'> (0x0000040004751170) 
thrown [s\open\src\hotspot\share\interpreter\linkResolver.cpp, line 796]
Event: 1.328 Thread 0x00000202c72be500 Exception <a 'java/lang/NoSuchMethodError'{0x000004000477dec8}: 'long java.lang.invoke.DirectMethodHandle$Holder.invokeStaticInit(java.lang.Object, long, long, long, long)'> (0x000004000477dec8) 
thrown [s\open\src\hotspot\share\interpreter\linkResolver.cpp, line 796]
Event: 1.328 Thread 0x00000202c72be500 Exception <a 'java/lang/NoSuchMethodError'{0x0000040004782ae0}: 'java.lang.Object java.lang.invoke.DirectMethodHandle$Holder.invokeInterface(java.lang.Object, java.lang.Object, long, long)'> (0x0000040004782ae0) 
thrown [s\open\src\hotspot\share\interpreter\linkResolver.cpp, line 796]
Event: 1.329 Thread 0x00000202c72be500 Exception <a 'java/lang/NoSuchMethodError'{0x00000400047875c0}: 'java.lang.Object java.lang.invoke.DirectMethodHandle$Holder.invokeInterface(java.lang.Object, java.lang.Object, long, java.lang.Object)'> (0x00000400047875c0) 
thrown [s\open\src\hotspot\share\interpreter\linkResolver.cpp, line 796]
Event: 1.329 Thread 0x00000202c72be500 Exception <a 'java/lang/NoSuchMethodError'{0x000004000478fb80}: 'void java.lang.invoke.DirectMethodHandle$Holder.invokeStaticInit(java.lang.Object, java.lang.Object, long, java.lang.Object)'> (0x000004000478fb80) 
thrown [s\open\src\hotspot\share\interpreter\linkResolver.cpp, line 796]
Event: 1.330 Thread 0x00000202c72be500 Exception <a 'java/lang/NoSuchMethodError'{0x000004000479c2c8}: 'long java.lang.invoke.DirectMethodHandle$Holder.invokeInterface(java.lang.Object, java.lang.Object)'> (0x000004000479c2c8) 
thrown [s\open\src\hotspot\share\interpreter\linkResolver.cpp, line 796]
Event: 1.331 Thread 0x00000202c72be500 Exception <a 'java/lang/NoSuchMethodError'{0x00000400047aaed8}: 'java.lang.Object java.lang.invoke.DelegatingMethodHandle$Holder.reinvoke_L(java.lang.Object, long, long, long)'> (0x00000400047aaed8) 
thrown [s\open\src\hotspot\share\interpreter\linkResolver.cpp, line 796]
Event: 1.333 Thread 0x00000202c72be500 Exception <a 'java/lang/NoSuchMethodError'{0x00000400047c54d8}: 'java.lang.Object java.lang.invoke.DirectMethodHandle$Holder.invokeStatic(java.lang.Object, java.lang.Object, java.lang.Object, java.lang.Object, long, long)'> (0x00000400047c54d8) 
thrown [s\open\src\hotspot\share\interpreter\linkResolver.cpp, line 796]
Event: 1.336 Thread 0x00000202c72be500 Exception <a 'java/lang/NoSuchMethodError'{0x00000400047e3258}: 'java.lang.Object java.lang.invoke.DirectMethodHandle$Holder.invokeStatic(java.lang.Object, java.lang.Object, int)'> (0x00000400047e3258) 
thrown [s\open\src\hotspot\share\interpreter\linkResolver.cpp, line 796]
Event: 1.339 Thread 0x00000202c72be500 Exception <a 'java/lang/NoSuchMethodError'{0x00000400047ff188}: 'void java.lang.invoke.DelegatingMethodHandle$Holder.delegate(java.lang.Object, java.lang.Object, int, java.lang.Object)'> (0x00000400047ff188) 
thrown [s\open\src\hotspot\share\interpreter\linkResolver.cpp, line 796]
Event: 1.349 Thread 0x00000202c72be500 Exception <a 'java/lang/NoSuchMethodError'{0x0000040004833798}: 'java.lang.Object java.lang.invoke.DirectMethodHandle$Holder.newInvokeSpecial(java.lang.Object, int, java.lang.Object)'> (0x0000040004833798) 
thrown [s\open\src\hotspot\share\interpreter\linkResolver.cpp, line 796]
Event: 1.351 Thread 0x00000202c72be500 Exception <a 'java/lang/NoSuchMethodError'{0x000004000483dd48}: 'void java.lang.invoke.DelegatingMethodHandle$Holder.reinvoke_L(java.lang.Object, java.lang.Object, long, java.lang.Object)'> (0x000004000483dd48) 
thrown [s\open\src\hotspot\share\interpreter\linkResolver.cpp, line 796]
Event: 1.352 Thread 0x00000202c72be500 Exception <a 'java/lang/NoSuchMethodError'{0x000004000484f1e8}: 'java.lang.Object java.lang.invoke.DirectMethodHandle$Holder.invokeSpecial(java.lang.Object, java.lang.Object, java.lang.Object, java.lang.Object, long)'> (0x000004000484f1e8) 
thrown [s\open\src\hotspot\share\interpreter\linkResolver.cpp, line 796]
Event: 1.357 Thread 0x00000202c72be500 Exception <a 'java/lang/NoSuchMethodError'{0x000004000487b038}: 'long java.lang.invoke.DelegatingMethodHandle$Holder.reinvoke_L(java.lang.Object, java.lang.Object, java.lang.Object, long)'> (0x000004000487b038) 
thrown [s\open\src\hotspot\share\interpreter\linkResolver.cpp, line 796]
Event: 1.358 Thread 0x00000202c72be500 Exception <a 'java/lang/NoSuchMethodError'{0x0000040004889ef0}: 'void java.lang.invoke.DirectMethodHandle$Holder.invokeSpecial(java.lang.Object, java.lang.Object, java.lang.Object, long)'> (0x0000040004889ef0) 
thrown [s\open\src\hotspot\share\interpreter\linkResolver.cpp, line 796]
Event: 1.361 Thread 0x00000202c72be500 Exception <a 'java/lang/NoSuchMethodError'{0x00000400048a7468}: 'int java.lang.invoke.DelegatingMethodHandle$Holder.reinvoke_L(java.lang.Object, java.lang.Object, java.lang.Object, long)'> (0x00000400048a7468) 
thrown [s\open\src\hotspot\share\interpreter\linkResolver.cpp, line 796]
Event: 1.368 Thread 0x00000202cc0b5fa0 Exception <a 'sun/nio/fs/WindowsException'{0x000004000433e670}> (0x000004000433e670) 
thrown [s\open\src\hotspot\share\prims\jni.cpp, line 520]
Event: 1.409 Thread 0x00000202cc0b5fa0 Exception <a 'java/lang/NoSuchMethodError'{0x0000040004a54a68}: 'java.lang.Object java.lang.invoke.DirectMethodHandle$Holder.newInvokeSpecial(java.lang.Object, java.lang.Object, java.lang.Object, java.lang.Object, java.lang.Object, java.lang.Object, java.lang.Object, java.lang.Object, java.lang.Object, java.lang.Object)'> (0x0000040004a54a68) 
thrown [s\open\src\hotspot\share\interpreter\linkResolver.cpp, line 796]
Event: 1.528 Thread 0x00000202cc0b5fa0 Implicit null exception at 0x00000202dcbe3f17 to 0x00000202dcbe4ebc
Event: 1.538 Thread 0x00000202cc0b5fa0 Exception <a 'java/lang/NoSuchMethodError'{0x0000040004cc5290}: 'long java.lang.invoke.DirectMethodHandle$Holder.invokeStaticInit(java.lang.Object)'> (0x0000040004cc5290) 
thrown [s\open\src\hotspot\share\interpreter\linkResolver.cpp, line 796]
Event: 1.539 Thread 0x00000202cc0b5fa0 Exception <a 'java/lang/NoSuchMethodError'{0x0000040004cccd90}: 'java.lang.Object java.lang.invoke.DirectMethodHandle$Holder.invokeStatic(java.lang.Object, long, java.lang.Object, java.lang.Object)'> (0x0000040004cccd90) 
thrown [s\open\src\hotspot\share\interpreter\linkResolver.cpp, line 796]
Event: 1.578 Thread 0x00000202cc0b5fa0 Exception <a 'sun/nio/fs/WindowsException'{0x0000040004d9d750}> (0x0000040004d9d750) 
thrown [s\open\src\hotspot\share\prims\jni.cpp, line 520]
Event: 1.578 Thread 0x00000202cc0b5fa0 Exception <a 'sun/nio/fs/WindowsException'{0x0000040004d9dcb8}> (0x0000040004d9dcb8) 
thrown [s\open\src\hotspot\share\prims\jni.cpp, line 520]
Event: 1.663 Thread 0x00000202cc0b5fa0 Exception <a 'java/lang/NoSuchMethodError'{0x000004000526ef70}: 'void java.lang.invoke.DirectMethodHandle$Holder.invokeStaticInit(java.lang.Object)'> (0x000004000526ef70) 
thrown [s\open\src\hotspot\share\interpreter\linkResolver.cpp, line 796]
Event: 1.739 Thread 0x00000202cc0b5fa0 Exception <a 'java/lang/NoSuchMethodError'{0x00000400054265d8}: 'int java.lang.invoke.DirectMethodHandle$Holder.invokeStatic(java.lang.Object, int, java.lang.Object)'> (0x00000400054265d8) 
thrown [s\open\src\hotspot\share\interpreter\linkResolver.cpp, line 796]
Event: 1.749 Thread 0x00000202cc0b5fa0 Exception <a 'java/lang/NoSuchMethodError'{0x000004000543bcc0}: 'void java.lang.invoke.DirectMethodHandle$Holder.invokeVirtual(java.lang.Object, java.lang.Object)'> (0x000004000543bcc0) 
thrown [s\open\src\hotspot\share\interpreter\linkResolver.cpp, line 796]
Event: 1.791 Thread 0x00000202cc0b5fa0 Exception <a 'java/lang/NoSuchMethodError'{0x0000040005517188}: 'void java.lang.invoke.DirectMethodHandle$Holder.invokeStaticInit(java.lang.Object, java.lang.Object, java.lang.Object)'> (0x0000040005517188) 
thrown [s\open\src\hotspot\share\interpreter\linkResolver.cpp, line 796]
Event: 1.941 Thread 0x00000202cc0b5fa0 Exception <a 'java/lang/NoSuchMethodError'{0x00000400058f7398}: 'java.lang.Object java.lang.invoke.DirectMethodHandle$Holder.invokeStaticInit(java.lang.Object, java.lang.Object, java.lang.Object, int)'> (0x00000400058f7398) 
thrown [s\open\src\hotspot\share\interpreter\linkResolver.cpp, line 796]
Event: 2.202 Thread 0x00000202cc0b5fa0 Exception <a 'java/lang/NoSuchMethodError'{0x00000400060a76f0}: 'void java.lang.invoke.DirectMethodHandle$Holder.invokeSpecial(java.lang.Object, java.lang.Object, java.lang.Object, java.lang.Object, java.lang.Object, java.lang.Object)'> (0x00000400060a76f0) 
thrown [s\open\src\hotspot\share\interpreter\linkResolver.cpp, line 796]
Event: 2.289 Thread 0x00000202c72be500 Exception <a 'java/lang/NoSuchMethodError'{0x00000400049a0e80}: 'void java.lang.invoke.Invokers$Holder.invokeExact_MT(java.lang.Object, java.lang.Object, java.lang.Object, java.lang.Object)'> (0x00000400049a0e80) 
thrown [s\open\src\hotspot\share\interpreter\linkResolver.cpp, line 796]
Event: 2.309 Thread 0x00000202c72be500 Exception <a 'java/lang/NoSuchMethodError'{0x0000040006225ce0}: 'void java.lang.invoke.DelegatingMethodHandle$Holder.reinvoke_L(java.lang.Object, java.lang.Object, int)'> (0x0000040006225ce0) 
thrown [s\open\src\hotspot\share\interpreter\linkResolver.cpp, line 796]
Event: 2.310 Thread 0x00000202c72be500 Exception <a 'java/lang/NoSuchMethodError'{0x000004000622e6e8}: 'int java.lang.invoke.Invokers$Holder.invokeExact_MT(java.lang.Object, java.lang.Object, java.lang.Object)'> (0x000004000622e6e8) 
thrown [s\open\src\hotspot\share\interpreter\linkResolver.cpp, line 796]
Event: 2.382 Thread 0x00000202c72be500 Exception <a 'java/lang/NoSuchMethodError'{0x00000400064175a8}: 'void java.lang.invoke.Invokers$Holder.invokeExact_MT(java.lang.Object, java.lang.Object, int, java.lang.Object)'> (0x00000400064175a8) 
thrown [s\open\src\hotspot\share\interpreter\linkResolver.cpp, line 796]
Event: 2.453 Thread 0x00000202c72be500 Exception <a 'java/lang/NullPointerException'{0x000004000660e4a0}> (0x000004000660e4a0) 
thrown [s\open\src\hotspot\share\interpreter\linkResolver.cpp, line 1389]
Event: 2.455 Thread 0x00000202c72be500 Exception <a 'java/lang/NullPointerException'{0x00000400066149a8}> (0x00000400066149a8) 
thrown [s\open\src\hotspot\share\interpreter\linkResolver.cpp, line 1389]
Event: 2.456 Thread 0x00000202c72be500 Exception <a 'java/lang/NullPointerException'{0x0000040006618fa8}> (0x0000040006618fa8) 
thrown [s\open\src\hotspot\share\interpreter\linkResolver.cpp, line 1389]
Event: 2.457 Thread 0x00000202c72be500 Exception <a 'java/lang/NullPointerException'{0x000004000661d5b0}> (0x000004000661d5b0) 
thrown [s\open\src\hotspot\share\interpreter\linkResolver.cpp, line 1389]
Event: 2.457 Thread 0x00000202c72be500 Exception <a 'java/lang/NullPointerException'{0x0000040006621bc0}> (0x0000040006621bc0) 
thrown [s\open\src\hotspot\share\interpreter\linkResolver.cpp, line 1389]
Event: 2.458 Thread 0x00000202c72be500 Exception <a 'java/lang/NullPointerException'{0x00000400066261c0}> (0x00000400066261c0) 
thrown [s\open\src\hotspot\share\interpreter\linkResolver.cpp, line 1389]
Event: 2.459 Thread 0x00000202c72be500 Exception <a 'java/lang/NullPointerException'{0x0000040006632cd0}> (0x0000040006632cd0) 
thrown [s\open\src\hotspot\share\interpreter\linkResolver.cpp, line 1389]
Event: 2.464 Thread 0x00000202c72be500 Exception <a 'java/lang/NullPointerException'{0x00000400066482d0}> (0x00000400066482d0) 
thrown [s\open\src\hotspot\share\interpreter\linkResolver.cpp, line 1389]
Event: 2.544 Thread 0x00000202c72be500 Exception <a 'sun/nio/fs/WindowsException'{0x000004000684d828}> (0x000004000684d828) 
thrown [s\open\src\hotspot\share\prims\jni.cpp, line 520]
Event: 2.549 Thread 0x00000202c72be500 Exception <a 'sun/nio/fs/WindowsException'{0x0000040006864008}> (0x0000040006864008) 
thrown [s\open\src\hotspot\share\prims\jni.cpp, line 520]
Event: 2.857 Thread 0x00000202c72be500 Exception <a 'java/lang/NoSuchMethodError'{0x0000040007701260}: 'java.lang.Object java.lang.invoke.DirectMethodHandle$Holder.invokeStatic(java.lang.Object, int, java.lang.Object)'> (0x0000040007701260) 
thrown [s\open\src\hotspot\share\interpreter\linkResolver.cpp, line 796]
Event: 2.859 Thread 0x00000202c72be500 Exception <a 'java/lang/NoSuchMethodError'{0x000004000770f0b8}: 'java.lang.Object java.lang.invoke.DirectMethodHandle$Holder.newInvokeSpecial(java.lang.Object, java.lang.Object, java.lang.Object, int)'> (0x000004000770f0b8) 
thrown [s\open\src\hotspot\share\interpreter\linkResolver.cpp, line 796]
Event: 2.859 Thread 0x00000202c72be500 Exception <a 'java/lang/NoSuchMethodError'{0x00000400077142b0}: 'java.lang.Object java.lang.invoke.DirectMethodHandle$Holder.invokeSpecial(java.lang.Object, java.lang.Object, java.lang.Object, java.lang.Object, int)'> (0x00000400077142b0) 
thrown [s\open\src\hotspot\share\interpreter\linkResolver.cpp, line 796]
Event: 2.859 Thread 0x00000202c72be500 Exception <a 'java/lang/NoSuchMethodError'{0x0000040007718a00}: 'java.lang.Object java.lang.invoke.Invokers$Holder.linkToTargetMethod(java.lang.Object, java.lang.Object, int, java.lang.Object)'> (0x0000040007718a00) 
thrown [s\open\src\hotspot\share\interpreter\linkResolver.cpp, line 796]
Event: 2.910 Thread 0x00000202c72be500 Exception <a 'java/lang/NoSuchMethodError'{0x0000040007bd8a70}: 'java.lang.Object java.lang.invoke.DirectMethodHandle$Holder.invokeStaticInit(java.lang.Object, int, int, int, int)'> (0x0000040007bd8a70) 
thrown [s\open\src\hotspot\share\interpreter\linkResolver.cpp, line 796]
Event: 2.936 Thread 0x00000202c72be500 Exception <a 'java/lang/NoSuchMethodError'{0x0000040004a58720}: 'java.lang.Object java.lang.invoke.DirectMethodHandle$Holder.invokeStaticInit(java.lang.Object, java.lang.Object, int, int, int, int)'> (0x0000040004a58720) 
thrown [s\open\src\hotspot\share\interpreter\linkResolver.cpp, line 796]
Event: 2.968 Thread 0x00000202c72be500 Exception <a 'java/lang/NoSuchMethodError'{0x0000040004ab2100}: 'java.lang.Object java.lang.invoke.DirectMethodHandle$Holder.invokeSpecial(java.lang.Object, java.lang.Object, int, java.lang.Object, java.lang.Object)'> (0x0000040004ab2100) 
thrown [s\open\src\hotspot\share\interpreter\linkResolver.cpp, line 796]
Event: 2.969 Thread 0x00000202c72be500 Exception <a 'java/lang/NoSuchMethodError'{0x0000040004ab6bd8}: 'java.lang.Object java.lang.invoke.DelegatingMethodHandle$Holder.delegate(java.lang.Object, int, java.lang.Object, java.lang.Object)'> (0x0000040004ab6bd8) 
thrown [s\open\src\hotspot\share\interpreter\linkResolver.cpp, line 796]
Event: 2.972 Thread 0x00000202c72be500 Exception <a 'java/lang/NoSuchMethodError'{0x0000040004acaa10}: 'int java.lang.invoke.Invokers$Holder.linkToTargetMethod(java.lang.Object, java.lang.Object, java.lang.Object)'> (0x0000040004acaa10) 
thrown [s\open\src\hotspot\share\interpreter\linkResolver.cpp, line 796]
Event: 2.975 Thread 0x00000202c72be500 Exception <a 'sun/nio/fs/WindowsException'{0x0000040004ad3b68}> (0x0000040004ad3b68) 
thrown [s\open\src\hotspot\share\prims\jni.cpp, line 520]
Event: 2.978 Thread 0x00000202c72be500 Exception <a 'java/lang/IncompatibleClassChangeError'{0x0000040004aeebe8}: Found class java.lang.Object, but interface was expected> (0x0000040004aeebe8) 
thrown [s\open\src\hotspot\share\interpreter\linkResolver.cpp, line 863]
Event: 2.986 Thread 0x00000202c72be500 Exception <a 'sun/nio/fs/WindowsException'{0x0000040004b49208}> (0x0000040004b49208) 
thrown [s\open\src\hotspot\share\prims\jni.cpp, line 520]
Event: 3.022 Thread 0x00000202c72be500 Implicit null exception at 0x00000202dcc1a799 to 0x00000202dcc1adf8
Event: 3.034 Thread 0x00000202c72be500 Exception <a 'java/lang/NoSuchMethodError'{0x0000040003926f80}: 'double java.lang.invoke.DirectMethodHandle$Holder.invokeStatic(java.lang.Object)'> (0x0000040003926f80) 
thrown [s\open\src\hotspot\share\interpreter\linkResolver.cpp, line 796]
Event: 3.089 Thread 0x00000202c72be500 Exception <a 'sun/nio/fs/WindowsException'{0x00000400034114c0}> (0x00000400034114c0) 
thrown [s\open\src\hotspot\share\prims\jni.cpp, line 520]
Event: 3.107 Thread 0x00000202c72be500 Exception <a 'sun/nio/fs/WindowsException'{0x00000400034cab18}> (0x00000400034cab18) 
thrown [s\open\src\hotspot\share\prims\jni.cpp, line 520]
Event: 3.184 Thread 0x00000202c8deae80 Exception <a 'java/lang/NoSuchMethodError'{0x00000400044c7a70}: 'java.lang.Object java.lang.invoke.DirectMethodHandle$Holder.newInvokeSpecial(java.lang.Object, java.lang.Object, java.lang.Object, int, java.lang.Object)'> (0x00000400044c7a70) 
thrown [s\open\src\hotspot\share\interpreter\linkResolver.cpp, line 796]
Event: 3.184 Thread 0x00000202c8deae80 Exception <a 'java/lang/NoSuchMethodError'{0x00000400044d10e0}: 'java.lang.Object java.lang.invoke.Invokers$Holder.linkToTargetMethod(java.lang.Object, java.lang.Object, int, java.lang.Object, java.lang.Object)'> (0x00000400044d10e0) 
thrown [s\open\src\hotspot\share\interpreter\linkResolver.cpp, line 796]
Event: 3.191 Thread 0x00000202c8dec8c0 Exception <a 'java/lang/NoSuchMethodError'{0x0000040004554770}: 'java.lang.Object java.lang.invoke.DirectMethodHandle$Holder.newInvokeSpecial(java.lang.Object, java.lang.Object, java.lang.Object, java.lang.Object, java.lang.Object, java.lang.Object)'> (0x0000040004554770) 
thrown [s\open\src\hotspot\share\interpreter\linkResolver.cpp, line 796]
Event: 3.236 Thread 0x00000202c8deb510 Exception <a 'java/lang/NoSuchMethodError'{0x0000040004cd9358}: 'java.lang.Object java.lang.invoke.DirectMethodHandle$Holder.invokeStatic(java.lang.Object, java.lang.Object, int, java.lang.Object, java.lang.Object)'> (0x0000040004cd9358) 
thrown [s\open\src\hotspot\share\interpreter\linkResolver.cpp, line 796]
Event: 3.237 Thread 0x00000202c8deb510 Exception <a 'java/lang/NoSuchMethodError'{0x0000040004ce2ab0}: 'java.lang.Object java.lang.invoke.DirectMethodHandle$Holder.newInvokeSpecial(java.lang.Object, java.lang.Object, int, java.lang.Object)'> (0x0000040004ce2ab0) 
thrown [s\open\src\hotspot\share\interpreter\linkResolver.cpp, line 796]
Event: 3.237 Thread 0x00000202c8deb510 Exception <a 'java/lang/NoSuchMethodError'{0x0000040004ce7730}: 'java.lang.Object java.lang.invoke.DirectMethodHandle$Holder.invokeSpecial(java.lang.Object, java.lang.Object, java.lang.Object, int, java.lang.Object)'> (0x0000040004ce7730) 
thrown [s\open\src\hotspot\share\interpreter\linkResolver.cpp, line 796]
Event: 3.237 Thread 0x00000202c8deb510 Exception <a 'java/lang/NoSuchMethodError'{0x0000040004cebc80}: 'java.lang.Object java.lang.invoke.Invokers$Holder.linkToTargetMethod(java.lang.Object, int, java.lang.Object, java.lang.Object)'> (0x0000040004cebc80) 
thrown [s\open\src\hotspot\share\interpreter\linkResolver.cpp, line 796]
Event: 3.238 Thread 0x00000202c8deb510 Exception <a 'sun/nio/fs/WindowsException'{0x0000040004cf9b18}> (0x0000040004cf9b18) 
thrown [s\open\src\hotspot\share\prims\jni.cpp, line 520]
Event: 3.395 Thread 0x00000202c8debba0 Exception <a 'java/lang/NoSuchMethodError'{0x0000040003fdb380}: 'java.lang.Object java.lang.invoke.DirectMethodHandle$Holder.newInvokeSpecial(java.lang.Object, java.lang.Object, java.lang.Object, java.lang.Object, java.lang.Object, java.lang.Object, java.lang.Object)'> (0x0000040003fdb380) 
thrown [s\open\src\hotspot\share\interpreter\linkResolver.cpp, line 796]
Event: 3.470 Thread 0x00000202c8debba0 Exception <a 'java/lang/NoSuchMethodError'{0x00000400047b6168}: 'java.lang.Object java.lang.invoke.DirectMethodHandle$Holder.newInvokeSpecial(java.lang.Object, java.lang.Object, java.lang.Object, int, java.lang.Object, java.lang.Object, java.lang.Object)'> (0x00000400047b6168) 
thrown [s\open\src\hotspot\share\interpreter\linkResolver.cpp, line 796]
Event: 3.471 Thread 0x00000202c8debba0 Exception <a 'java/lang/NoSuchMethodError'{0x00000400047cd558}: 'java.lang.Object java.lang.invoke.DirectMethodHandle$Holder.invokeStatic(java.lang.Object, java.lang.Object, int, java.lang.Object)'> (0x00000400047cd558) 
thrown [s\open\src\hotspot\share\interpreter\linkResolver.cpp, line 796]
Event: 3.472 Thread 0x00000202c8debba0 Exception <a 'java/lang/NoSuchMethodError'{0x00000400047d6868}: 'java.lang.Object java.lang.invoke.DirectMethodHandle$Holder.newInvokeSpecial(java.lang.Object, java.lang.Object, int)'> (0x00000400047d6868) 
thrown [s\open\src\hotspot\share\interpreter\linkResolver.cpp, line 796]
Event: 3.478 Thread 0x00000202c8debba0 Exception <a 'java/lang/NoSuchMethodError'{0x000004000483bfd8}: 'java.lang.Object java.lang.invoke.DirectMethodHandle$Holder.invokeStatic(java.lang.Object, java.lang.Object, java.lang.Object, java.lang.Object, int, java.lang.Object)'> (0x000004000483bfd8) 
thrown [s\open\src\hotspot\share\interpreter\linkResolver.cpp, line 796]
Event: 3.478 Thread 0x00000202c8debba0 Exception <a 'java/lang/NoSuchMethodError'{0x00000400048475f0}: 'java.lang.Object java.lang.invoke.DirectMethodHandle$Holder.newInvokeSpecial(java.lang.Object, java.lang.Object, java.lang.Object, java.lang.Object, int, java.lang.Object)'> (0x00000400048475f0) 
thrown [s\open\src\hotspot\share\interpreter\linkResolver.cpp, line 796]
Event: 3.479 Thread 0x00000202c8debba0 Exception <a 'java/lang/NoSuchMethodError'{0x0000040004850d68}: 'java.lang.Object java.lang.invoke.Invokers$Holder.linkToTargetMethod(java.lang.Object, java.lang.Object, java.lang.Object, int, java.lang.Object, java.lang.Object)'> (0x0000040004850d68) 
thrown [s\open\src\hotspot\share\interpreter\linkResolver.cpp, line 796]
Event: 3.480 Thread 0x00000202c8debba0 Exception <a 'java/lang/NoSuchMethodError'{0x00000400048557f8}: 'java.lang.Object java.lang.invoke.DirectMethodHandle$Holder.invokeStatic(java.lang.Object, java.lang.Object, java.lang.Object, java.lang.Object, java.lang.Object, int, java.lang.Object)'> (0x00000400048557f8) 
thrown [s\open\src\hotspot\share\interpreter\linkResolver.cpp, line 796]
Event: 3.482 Thread 0x00000202c8debba0 Exception <a 'java/lang/NoSuchMethodError'{0x0000040004861348}: 'java.lang.Object java.lang.invoke.DirectMethodHandle$Holder.newInvokeSpecial(java.lang.Object, java.lang.Object, java.lang.Object, java.lang.Object, java.lang.Object, int)'> (0x0000040004861348) 
thrown [s\open\src\hotspot\share\interpreter\linkResolver.cpp, line 796]
Event: 3.482 Thread 0x00000202c8debba0 Exception <a 'java/lang/NoSuchMethodError'{0x0000040004866a50}: 'java.lang.Object java.lang.invoke.DirectMethodHandle$Holder.invokeSpecial(java.lang.Object, java.lang.Object, java.lang.Object, java.lang.Object, java.lang.Object, java.lang.Object, int)'> (0x0000040004866a50) 
thrown [s\open\src\hotspot\share\interpreter\linkResolver.cpp, line 796]
Event: 3.483 Thread 0x00000202c8debba0 Exception <a 'java/lang/NoSuchMethodError'{0x000004000486b418}: 'java.lang.Object java.lang.invoke.Invokers$Holder.linkToTargetMethod(java.lang.Object, java.lang.Object, java.lang.Object, java.lang.Object, int, java.lang.Object)'> (0x000004000486b418) 
thrown [s\open\src\hotspot\share\interpreter\linkResolver.cpp, line 796]
Event: 3.599 Thread 0x00000202c72be500 Implicit null exception at 0x00000202dcbf05fe to 0x00000202dcbf1098
Event: 3.705 Thread 0x00000202c72be500 Exception <a 'java/lang/NoSuchMethodError'{0x0000040005c770f8}: 'java.lang.Object java.lang.invoke.DirectMethodHandle$Holder.invokeStatic(java.lang.Object, java.lang.Object, java.lang.Object, java.lang.Object, java.lang.Object, java.lang.Object, java.lang.Object, java.lang.Object, java.lang.Object, java.lang.Object, java.lang.Object, java.lang.Object, java.lang.Object)'> (0x0000040005c770f8) 
thrown [s\open\src\hotspot\share\interpreter\linkResolver.cpp, line 796]
Event: 3.708 Thread 0x00000202c72be500 Exception <a 'java/lang/NoSuchMethodError'{0x0000040005c9d3d8}: 'java.lang.Object java.lang.invoke.DirectMethodHandle$Holder.invokeStatic(java.lang.Object, java.lang.Object, java.lang.Object, java.lang.Object, java.lang.Object, java.lang.Object, java.lang.Object, java.lang.Object, java.lang.Object, java.lang.Object, java.lang.Object, java.lang.Object, java.lang.Object, java.lang.Object)'> (0x0000040005c9d3d8) 
thrown [s\open\src\hotspot\share\interpreter\linkResolver.cpp, line 796]
Event: 3.710 Thread 0x00000202c72be500 Exception <a 'java/lang/NoSuchMethodError'{0x0000040005ccbc30}: 'java.lang.Object java.lang.invoke.DirectMethodHandle$Holder.invokeStatic(java.lang.Object, java.lang.Object, java.lang.Object, java.lang.Object, java.lang.Object, java.lang.Object, java.lang.Object, java.lang.Object, java.lang.Object, java.lang.Object, java.lang.Object, java.lang.Object, java.lang.Object, java.lang.Object, java.lang.Object)'> (0x0000040005ccbc30) 
thrown [s\open\src\hotspot\share\interpreter\linkResolver.cpp, line 796]
Event: 3.712 Thread 0x00000202c72be500 Exception <a 'java/lang/NoSuchMethodError'{0x0000040005cf7a40}: 'java.lang.Object java.lang.invoke.DirectMethodHandle$Holder.invokeStatic(java.lang.Object, java.lang.Object, java.lang.Object, java.lang.Object, java.lang.Object, java.lang.Object, java.lang.Object, java.lang.Object, java.lang.Object, java.lang.Object, java.lang.Object, java.lang.Object, java.lang.Object, java.lang.Object, java.lang.Object, java.lang.Object)'> (0x0000040005cf7a40) 
thrown [s\open\src\hotspot\share\interpreter\linkResolver.cpp
Event: 3.717 Thread 0x00000202c72be500 Exception <a 'java/lang/NoSuchMethodError'{0x0000040005d14278}: 'java.lang.Object java.lang.invoke.Invokers$Holder.linkToTargetMethod(java.lang.Object, java.lang.Object, java.lang.Object, java.lang.Object, java.lang.Object, java.lang.Object, java.lang.Object, java.lang.Object, java.lang.Object, java.lang.Object, java.lang.Object, java.lang.Object, java.lang.Object, java.lang.Object, java.lang.Object, java.lang.Object, java.lang.Object, java.lang.Object, java.lang.Object, java.lang.Object, java.lang.Object)
Event: 3.860 Thread 0x00000202c72be500 Exception <a 'sun/nio/fs/WindowsException'{0x0000040002f2c438}> (0x0000040002f2c438) 
thrown [s\open\src\hotspot\share\prims\jni.cpp, line 520]
Event: 3.860 Thread 0x00000202c72be500 Exception <a 'sun/nio/fs/WindowsException'{0x0000040002f30a38}> (0x0000040002f30a38) 
thrown [s\open\src\hotspot\share\prims\jni.cpp, line 520]
Event: 3.861 Thread 0x00000202c72be500 Exception <a 'sun/nio/fs/WindowsException'{0x0000040002f3e418}> (0x0000040002f3e418) 
thrown [s\open\src\hotspot\share\prims\jni.cpp, line 520]
Event: 3.861 Thread 0x00000202c72be500 Exception <a 'sun/nio/fs/WindowsException'{0x0000040002f3e8a8}> (0x0000040002f3e8a8) 
thrown [s\open\src\hotspot\share\prims\jni.cpp, line 520]
Event: 3.861 Thread 0x00000202c72be500 Exception <a 'sun/nio/fs/WindowsException'{0x0000040002f3eda0}> (0x0000040002f3eda0) 
thrown [s\open\src\hotspot\share\prims\jni.cpp, line 520]
Event: 3.861 Thread 0x00000202c72be500 Exception <a 'sun/nio/fs/WindowsException'{0x0000040002f3f230}> (0x0000040002f3f230) 
thrown [s\open\src\hotspot\share\prims\jni.cpp, line 520]
Event: 3.869 Thread 0x00000202c72be500 Exception <a 'sun/nio/fs/WindowsException'{0x0000040002f65b10}> (0x0000040002f65b10) 
thrown [s\open\src\hotspot\share\prims\jni.cpp, line 520]
Event: 3.878 Thread 0x00000202c72be500 Exception <a 'java/lang/NoSuchMethodError'{0x0000040002fc5ec0}: 'java.lang.Object java.lang.invoke.DirectMethodHandle$Holder.newInvokeSpecial(java.lang.Object, int, java.lang.Object, java.lang.Object)'> (0x0000040002fc5ec0) 
thrown [s\open\src\hotspot\share\interpreter\linkResolver.cpp, line 796]
Event: 3.990 Thread 0x00000202c72be500 Exception <a 'sun/nio/fs/WindowsException'{0x0000040005f03830}> (0x0000040005f03830) 
thrown [s\open\src\hotspot\share\prims\jni.cpp, line 520]
Event: 3.990 Thread 0x00000202c72be500 Exception <a 'sun/nio/fs/WindowsException'{0x0000040005f04080}> (0x0000040005f04080) 
thrown [s\open\src\hotspot\share\prims\jni.cpp, line 520]
Event: 4.146 Thread 0x00000202c72be500 Exception <a 'java/net/ConnectException'{0x0000040006ce96b0}: Connection refused: getsockopt> (0x0000040006ce96b0) 
thrown [s\open\src\hotspot\share\prims\jni.cpp, line 539]
Event: 4.148 Thread 0x00000202c72be500 Exception <a 'java/net/ConnectException'{0x0000040006cea998}: Connection refused: getsockopt> (0x0000040006cea998) 
thrown [s\open\src\hotspot\share\prims\jni.cpp, line 539]
Event: 4.150 Thread 0x00000202c72be500 Exception <a 'java/net/ConnectException'{0x0000040006ceb740}: Connection refused: getsockopt> (0x0000040006ceb740) 
thrown [s\open\src\hotspot\share\prims\jni.cpp, line 539]
Event: 4.175 Thread 0x00000202c72be500 Exception <a 'java/net/ConnectException'{0x0000040006cec4e8}: Connection refused: getsockopt> (0x0000040006cec4e8) 
thrown [s\open\src\hotspot\share\prims\jni.cpp, line 539]
Event: 4.186 Thread 0x00000202c72be500 Exception <a 'java/net/ConnectException'{0x0000040006ced290}: Connection refused: getsockopt> (0x0000040006ced290) 
thrown [s\open\src\hotspot\share\prims\jni.cpp, line 539]
Event: 4.203 Thread 0x00000202c72be500 Exception <a 'java/net/ConnectException'{0x0000040006cee038}: Connection refused: getsockopt> (0x0000040006cee038) 
thrown [s\open\src\hotspot\share\prims\jni.cpp, line 539]
Event: 4.229 Thread 0x00000202c72be500 Exception <a 'java/net/ConnectException'{0x0000040006ceede0}: Connection refused: getsockopt> (0x0000040006ceede0) 
thrown [s\open\src\hotspot\share\prims\jni.cpp, line 539]
Event: 4.268 Thread 0x00000202c72be500 Exception <a 'java/net/ConnectException'{0x0000040006cefb88}: Connection refused: getsockopt> (0x0000040006cefb88) 
thrown [s\open\src\hotspot\share\prims\jni.cpp, line 539]
Event: 4.319 Thread 0x00000202c72be500 Exception <a 'java/net/ConnectException'{0x0000040006cf0930}: Connection refused: getsockopt> (0x0000040006cf0930) 
thrown [s\open\src\hotspot\share\prims\jni.cpp, line 539]
Event: 4.384 Thread 0x00000202c72be500 Exception <a 'java/net/ConnectException'{0x0000040006cf16d8}: Connection refused: getsockopt> (0x0000040006cf16d8) 
thrown [s\open\src\hotspot\share\prims\jni.cpp, line 539]
Event: 4.467 Thread 0x00000202c72be500 Exception <a 'java/net/ConnectException'{0x0000040006cf2480}: Connection refused: getsockopt> (0x0000040006cf2480) 
thrown [s\open\src\hotspot\share\prims\jni.cpp, line 539]
Event: 4.576 Thread 0x00000202c72be500 Exception <a 'java/net/ConnectException'{0x0000040006cf3228}: Connection refused: getsockopt> (0x0000040006cf3228) 
thrown [s\open\src\hotspot\share\prims\jni.cpp, line 539]
Event: 4.717 Thread 0x00000202c72be500 Exception <a 'java/net/ConnectException'{0x0000040006cf3fd0}: Connection refused: getsockopt> (0x0000040006cf3fd0) 
thrown [s\open\src\hotspot\share\prims\jni.cpp, line 539]
Event: 4.862 Thread 0x00000202c72be500 Exception <a 'java/net/ConnectException'{0x0000040006cf4d78}: Connection refused: getsockopt> (0x0000040006cf4d78) 
thrown [s\open\src\hotspot\share\prims\jni.cpp, line 539]
Event: 5.032 Thread 0x00000202c72be500 Exception <a 'java/net/ConnectException'{0x0000040006cf5b20}: Connection refused: getsockopt> (0x0000040006cf5b20) 
thrown [s\open\src\hotspot\share\prims\jni.cpp, line 539]
Event: 5.230 Thread 0x00000202c72be500 Exception <a 'java/net/ConnectException'{0x0000040006cf68c8}: Connection refused: getsockopt> (0x0000040006cf68c8) 
thrown [s\open\src\hotspot\share\prims\jni.cpp, line 539]
Event: 5.456 Thread 0x00000202c72be500 Exception <a 'java/net/ConnectException'{0x0000040006cf7670}: Connection refused: getsockopt> (0x0000040006cf7670) 
thrown [s\open\src\hotspot\share\prims\jni.cpp, line 539]
Event: 5.464 Thread 0x00000202c72be500 Exception <a 'sun/nio/fs/WindowsException'{0x0000040006d08d58}> (0x0000040006d08d58) 
thrown [s\open\src\hotspot\share\prims\jni.cpp, line 520]
Event: 5.467 Thread 0x00000202c72be500 Exception <a 'sun/nio/fs/WindowsException'{0x0000040006d11f60}> (0x0000040006d11f60) 
thrown [s\open\src\hotspot\share\prims\jni.cpp, line 520]
Event: 7.494 Thread 0x00000202c72be500 Exception <a 'sun/nio/fs/WindowsException'{0x0000040006d78248}> (0x0000040006d78248) 
thrown [s\open\src\hotspot\share\prims\jni.cpp, line 520]
Event: 7.566 Thread 0x00000202c72be500 Exception <a 'java/lang/NoSuchMethodError'{0x0000040003c9d960}: 'void java.lang.invoke.DirectMethodHandle$Holder.invokeStaticInit(java.lang.Object, java.lang.Object, java.lang.Object, java.lang.Object, java.lang.Object)'> (0x0000040003c9d960) 
thrown [s\open\src\hotspot\share\interpreter\linkResolver.cpp, line 796]

ZGC Phase Switch (6 events):
Event: 2.835 Young Mark Start         2
Event: 2.835 Old Mark Start           2
Event: 2.856 Young Mark End           2
Event: 2.864 Young Relocate Start     2
Event: 2.875 Old Mark End             2
Event: 2.951 Old Relocate Start       2

VM Operations (79 events):
Event: 0.285 Executing VM operation: HandshakeAllThreads (Deoptimize)
Event: 0.285 Executing VM operation: HandshakeAllThreads (Deoptimize) done
Event: 1.188 Executing VM operation: HandshakeAllThreads (Deoptimize)
Event: 1.188 Executing VM operation: HandshakeAllThreads (Deoptimize) done
Event: 1.338 Executing VM operation: HandshakeAllThreads (Deoptimize)
Event: 1.338 Executing VM operation: HandshakeAllThreads (Deoptimize) done
Event: 1.584 Executing VM operation: HandshakeAllThreads (Deoptimize)
Event: 1.584 Executing VM operation: HandshakeAllThreads (Deoptimize) done
Event: 1.614 Executing VM operation: HandshakeAllThreads (Deoptimize)
Event: 1.614 Executing VM operation: HandshakeAllThreads (Deoptimize) done
Event: 1.732 Executing VM operation: HandshakeAllThreads (Deoptimize)
Event: 1.732 Executing VM operation: HandshakeAllThreads (Deoptimize) done
Event: 1.741 Executing VM operation: HandshakeAllThreads (Deoptimize)
Event: 1.741 Executing VM operation: HandshakeAllThreads (Deoptimize) done
Event: 2.005 Executing VM operation: HandshakeAllThreads (Deoptimize)
Event: 2.005 Executing VM operation: HandshakeAllThreads (Deoptimize) done
Event: 2.210 Executing VM operation: HandshakeAllThreads (Deoptimize)
Event: 2.210 Executing VM operation: HandshakeAllThreads (Deoptimize) done
Event: 2.769 Executing VM operation: HandshakeAllThreads (Deoptimize)
Event: 2.769 Executing VM operation: HandshakeAllThreads (Deoptimize) done
Event: 2.770 Executing VM operation: HandshakeAllThreads (Deoptimize)
Event: 2.770 Executing VM operation: HandshakeAllThreads (Deoptimize) done
Event: 2.835 Executing VM operation: ZMarkStartYoungAndOld (Metadata GC Threshold)
Event: 2.835 Executing VM operation: ZMarkStartYoungAndOld (Metadata GC Threshold) done
Event: 2.855 Executing VM operation: HandshakeAllThreads (ZMarkFlushAndFreeStacks)
Event: 2.855 Executing VM operation: HandshakeAllThreads (ZMarkFlushAndFreeStacks) done
Event: 2.855 Executing VM operation: ZMarkFlushOperation
Event: 2.855 Executing VM operation: ZMarkFlushOperation done
Event: 2.855 Executing VM operation: HandshakeAllThreads (ZMarkFlushAndFreeStacks)
Event: 2.856 Executing VM operation: HandshakeAllThreads (ZMarkFlushAndFreeStacks) done
Event: 2.856 Executing VM operation: ZMarkFlushOperation
Event: 2.856 Executing VM operation: ZMarkFlushOperation done
Event: 2.856 Executing VM operation: HandshakeAllThreads (ZMarkFlushAndFreeStacks)
Event: 2.856 Executing VM operation: HandshakeAllThreads (ZMarkFlushAndFreeStacks) done
Event: 2.856 Executing VM operation: ZMarkFlushOperation
Event: 2.856 Executing VM operation: ZMarkFlushOperation done
Event: 2.856 Executing VM operation: ZMarkEndYoung (Metadata GC Threshold)
Event: 2.856 Executing VM operation: ZMarkEndYoung (Metadata GC Threshold) done
Event: 2.864 Executing VM operation: ZRelocateStartYoung (Metadata GC Threshold)
Event: 2.864 Executing VM operation: ZRelocateStartYoung (Metadata GC Threshold) done
Event: 2.874 Executing VM operation: HandshakeAllThreads (ZMarkFlushAndFreeStacks)
Event: 2.874 Executing VM operation: HandshakeAllThreads (ZMarkFlushAndFreeStacks) done
Event: 2.874 Executing VM operation: ZMarkFlushOperation
Event: 2.874 Executing VM operation: ZMarkFlushOperation done
Event: 2.874 Executing VM operation: HandshakeAllThreads (ZMarkFlushAndFreeStacks)
Event: 2.874 Executing VM operation: HandshakeAllThreads (ZMarkFlushAndFreeStacks) done
Event: 2.875 Executing VM operation: ZMarkFlushOperation
Event: 2.875 Executing VM operation: ZMarkFlushOperation done
Event: 2.875 Executing VM operation: ZMarkEndOld (Metadata GC Threshold)
Event: 2.875 Executing VM operation: ZMarkEndOld (Metadata GC Threshold) done
Event: 2.879 Executing VM operation: HandshakeAllThreads (ZRendezvous)
Event: 2.880 Executing VM operation: HandshakeAllThreads (ZRendezvous) done
Event: 2.880 Executing VM operation: ZRendezvousGCThreads
Event: 2.880 Executing VM operation: ZRendezvousGCThreads done
Event: 2.880 Executing VM operation: CleanClassLoaderDataMetaspaces
Event: 2.881 Executing VM operation: CleanClassLoaderDataMetaspaces done
Event: 2.951 Executing VM operation: ZRelocateStartOld (Metadata GC Threshold)
Event: 2.951 Executing VM operation: ZRelocateStartOld (Metadata GC Threshold) done
Event: 3.323 Executing VM operation: HandshakeAllThreads (Deoptimize)
Event: 3.323 Executing VM operation: HandshakeAllThreads (Deoptimize) done
Event: 3.324 Executing VM operation: HandshakeAllThreads (Deoptimize)
Event: 3.324 Executing VM operation: HandshakeAllThreads (Deoptimize) done
Event: 3.542 Executing VM operation: HandshakeAllThreads (Deoptimize)
Event: 3.542 Executing VM operation: HandshakeAllThreads (Deoptimize) done
Event: 3.770 Executing VM operation: HandshakeAllThreads (Deoptimize)
Event: 3.770 Executing VM operation: HandshakeAllThreads (Deoptimize) done
Event: 3.791 Executing VM operation: HandshakeAllThreads (Deoptimize)
Event: 3.791 Executing VM operation: HandshakeAllThreads (Deoptimize) done
Event: 3.866 Executing VM operation: HandshakeAllThreads (Deoptimize)
Event: 3.866 Executing VM operation: HandshakeAllThreads (Deoptimize) done
Event: 4.074 Executing VM operation: HandshakeAllThreads (Deoptimize)
Event: 4.074 Executing VM operation: HandshakeAllThreads (Deoptimize) done
Event: 4.096 Executing VM operation: HandshakeAllThreads (Deoptimize)
Event: 4.096 Executing VM operation: HandshakeAllThreads (Deoptimize) done
Event: 7.547 Executing VM operation: HandshakeAllThreads (Deoptimize)
Event: 7.547 Executing VM operation: HandshakeAllThreads (Deoptimize) done
Event: 7.548 Executing VM operation: HandshakeAllThreads (Deoptimize)
Event: 7.549 Executing VM operation: HandshakeAllThreads (Deoptimize) done
Event: 7.953 Executing VM operation: ZMarkStartYoungAndOld (Timer)

Memory protections (0 events):
No events

Nmethod flushes (248 events):
Event: 2.880 Thread 0x00000202cc1bc680 flushing  nmethod 0x00000202d52bff88
Event: 2.880 Thread 0x00000202cc1bc680 flushing  nmethod 0x00000202d5201c08
Event: 2.880 Thread 0x00000202cc1bc680 flushing  nmethod 0x00000202d5062188
Event: 2.880 Thread 0x00000202cc1bc680 flushing  nmethod 0x00000202d50cf708
Event: 2.880 Thread 0x00000202cc1bc680 flushing  nmethod 0x00000202d5047f08
Event: 2.880 Thread 0x00000202cc1bc680 flushing  nmethod 0x00000202d5067408
Event: 2.880 Thread 0x00000202cc1bc680 flushing  nmethod 0x00000202d5017588
Event: 2.880 Thread 0x00000202cc1bc680 flushing  nmethod 0x00000202d52c8688
Event: 2.880 Thread 0x00000202cc1bc680 flushing  nmethod 0x00000202d5066d88
Event: 2.880 Thread 0x00000202cc1bc680 flushing  nmethod 0x00000202d5022a08
Event: 2.880 Thread 0x00000202cc1bc680 flushing  nmethod 0x00000202d5038f88
Event: 2.880 Thread 0x00000202cc1bc680 flushing  nmethod 0x00000202d50b9b88
Event: 2.880 Thread 0x00000202cc1bc680 flushing  nmethod 0x00000202d523be88
Event: 2.880 Thread 0x00000202cc1bc680 flushing  nmethod 0x00000202dcb9f788
Event: 2.880 Thread 0x00000202cc1bc680 flushing  nmethod 0x00000202d503bb08
Event: 2.880 Thread 0x00000202cc1bc680 flushing  nmethod 0x00000202d5099a88
Event: 2.880 Thread 0x00000202cc1bc680 flushing  nmethod 0x00000202d5015c88
Event: 2.880 Thread 0x00000202cc1bc680 flushing  nmethod 0x00000202d5264308
Event: 2.880 Thread 0x00000202cc1bc680 flushing  nmethod 0x00000202d500ed88
Event: 2.880 Thread 0x00000202cc1bc680 flushing  nmethod 0x00000202dcbcc308
Event: 2.880 Thread 0x00000202cc1bc680 flushing  nmethod 0x00000202d5016f08
Event: 2.880 Thread 0x00000202cc1bc680 flushing  nmethod 0x00000202d5014f08
Event: 2.880 Thread 0x00000202cc1bc680 flushing  nmethod 0x00000202d4ff0908
Event: 2.880 Thread 0x00000202cc1bc680 flushing  nmethod 0x00000202d5035788
Event: 2.880 Thread 0x00000202cc1bc680 flushing  nmethod 0x00000202d514fd88
Event: 2.880 Thread 0x00000202cc1bc680 flushing  nmethod 0x00000202d50bce88
Event: 2.880 Thread 0x00000202cc1bc680 flushing  nmethod 0x00000202d51f3488
Event: 2.880 Thread 0x00000202cc1bc680 flushing  nmethod 0x00000202d50b0688
Event: 2.880 Thread 0x00000202cc1bc680 flushing  nmethod 0x00000202d5091e88
Event: 2.880 Thread 0x00000202cc1bc680 flushing  nmethod 0x00000202d504a908
Event: 2.880 Thread 0x00000202cc1bc680 flushing  nmethod 0x00000202d4ff5988
Event: 2.880 Thread 0x00000202cc1bc680 flushing  nmethod 0x00000202d50c7708
Event: 2.880 Thread 0x00000202cc1bc680 flushing  nmethod 0x00000202d501a708
Event: 2.880 Thread 0x00000202cc1bc680 flushing  nmethod 0x00000202d515da88
Event: 2.880 Thread 0x00000202cc1bc680 flushing  nmethod 0x00000202d526ca88
Event: 2.880 Thread 0x00000202cc1bc680 flushing  nmethod 0x00000202d4ff2108
Event: 2.880 Thread 0x00000202cc1bc680 flushing  nmethod 0x00000202d503f288
Event: 2.880 Thread 0x00000202cc1bc680 flushing  nmethod 0x00000202d50fea08
Event: 2.880 Thread 0x00000202cc1bc680 flushing  nmethod 0x00000202d516db08
Event: 2.880 Thread 0x00000202cc1bc680 flushing osr nmethod 0x00000202d509b888
Event: 2.880 Thread 0x00000202cc1bc680 flushing  nmethod 0x00000202d5016888
Event: 2.880 Thread 0x00000202cc1bc680 flushing  nmethod 0x00000202d4ff8908
Event: 2.880 Thread 0x00000202cc1bc680 flushing  nmethod 0x00000202d5018d88
Event: 2.880 Thread 0x00000202cc1bc680 flushing  nmethod 0x00000202dcbf0b88
Event: 2.880 Thread 0x00000202cc1bc680 flushing  nmethod 0x00000202d501fe88
Event: 2.880 Thread 0x00000202cc1bc680 flushing  nmethod 0x00000202d5021988
Event: 2.880 Thread 0x00000202cc1bc680 flushing  nmethod 0x00000202d5168988
Event: 2.880 Thread 0x00000202cc1bc680 flushing  nmethod 0x00000202d5045c88
Event: 2.880 Thread 0x00000202cc1bc680 flushing  nmethod 0x00000202d5308f08
Event: 2.880 Thread 0x00000202cc1bc680 flushing  nmethod 0x00000202d4ff9988
Event: 2.880 Thread 0x00000202cc1bc680 flushing  nmethod 0x00000202d5122108
Event: 2.880 Thread 0x00000202cc1bc680 flushing  nmethod 0x00000202d5062f08
Event: 2.880 Thread 0x00000202cc1bc680 flushing  nmethod 0x00000202d508ea08
Event: 2.880 Thread 0x00000202cc1bc680 flushing  nmethod 0x00000202d50bbf88
Event: 2.880 Thread 0x00000202cc1bc680 flushing  nmethod 0x00000202d4ffb388
Event: 2.880 Thread 0x00000202cc1bc680 flushing  nmethod 0x00000202d50a6c88
Event: 2.880 Thread 0x00000202cc1bc680 flushing  nmethod 0x00000202d5057688
Event: 2.880 Thread 0x00000202cc1bc680 flushing  nmethod 0x00000202dcc04c08
Event: 2.880 Thread 0x00000202cc1bc680 flushing  nmethod 0x00000202d500fe88
Event: 2.880 Thread 0x00000202cc1bc680 flushing  nmethod 0x00000202d50b5288
Event: 2.880 Thread 0x00000202cc1bc680 flushing  nmethod 0x00000202d5019088
Event: 2.880 Thread 0x00000202cc1bc680 flushing  nmethod 0x00000202d500f708
Event: 2.880 Thread 0x00000202cc1bc680 flushing  nmethod 0x00000202d50b5a08
Event: 2.880 Thread 0x00000202cc1bc680 flushing  nmethod 0x00000202d4ffcc88
Event: 2.880 Thread 0x00000202cc1bc680 flushing  nmethod 0x00000202d5011208
Event: 2.880 Thread 0x00000202cc1bc680 flushing  nmethod 0x00000202d50b9688
Event: 2.880 Thread 0x00000202cc1bc680 flushing  nmethod 0x00000202d504ae88
Event: 2.880 Thread 0x00000202cc1bc680 flushing  nmethod 0x00000202d50a6588
Event: 2.880 Thread 0x00000202cc1bc680 flushing  nmethod 0x00000202d5267908
Event: 2.880 Thread 0x00000202cc1bc680 flushing  nmethod 0x00000202d5000688
Event: 2.880 Thread 0x00000202cc1bc680 flushing  nmethod 0x00000202d4ffea88
Event: 2.880 Thread 0x00000202cc1bc680 flushing  nmethod 0x00000202d5066108
Event: 2.880 Thread 0x00000202cc1bc680 flushing  nmethod 0x00000202d5133908
Event: 2.880 Thread 0x00000202cc1bc680 flushing  nmethod 0x00000202d5048e08
Event: 2.880 Thread 0x00000202cc1bc680 flushing  nmethod 0x00000202d5038208
Event: 2.880 Thread 0x00000202cc1bc680 flushing  nmethod 0x00000202d5118a88
Event: 2.880 Thread 0x00000202cc1bc680 flushing  nmethod 0x00000202d506f788
Event: 2.880 Thread 0x00000202cc1bc680 flushing  nmethod 0x00000202d50d4308
Event: 2.880 Thread 0x00000202cc1bc680 flushing  nmethod 0x00000202d526a988
Event: 2.880 Thread 0x00000202cc1bc680 flushing  nmethod 0x00000202d5098c88
Event: 2.880 Thread 0x00000202cc1bc680 flushing  nmethod 0x00000202d5037908
Event: 2.880 Thread 0x00000202cc1bc680 flushing  nmethod 0x00000202d5204e88
Event: 2.880 Thread 0x00000202cc1bc680 flushing  nmethod 0x00000202d50c1c08
Event: 2.880 Thread 0x00000202cc1bc680 flushing  nmethod 0x00000202d5084408
Event: 2.880 Thread 0x00000202cc1bc680 flushing  nmethod 0x00000202d4ff7388
Event: 2.880 Thread 0x00000202cc1bc680 flushing  nmethod 0x00000202d51fe208
Event: 2.880 Thread 0x00000202cc1bc680 flushing  nmethod 0x00000202d523bb88
Event: 2.880 Thread 0x00000202cc1bc680 flushing  nmethod 0x00000202d5267d88
Event: 2.880 Thread 0x00000202cc1bc680 flushing  nmethod 0x00000202d4ff0308
Event: 2.880 Thread 0x00000202cc1bc680 flushing  nmethod 0x00000202d5191908
Event: 2.880 Thread 0x00000202cc1bc680 flushing  nmethod 0x00000202d500cd88
Event: 2.880 Thread 0x00000202cc1bc680 flushing  nmethod 0x00000202d50a0d08
Event: 2.880 Thread 0x00000202cc1bc680 flushing  nmethod 0x00000202d5137688
Event: 2.880 Thread 0x00000202cc1bc680 flushing  nmethod 0x00000202d505ef88
Event: 2.880 Thread 0x00000202cc1bc680 flushing  nmethod 0x00000202d5088e08
Event: 2.880 Thread 0x00000202cc1bc680 flushing  nmethod 0x00000202d524dd88
Event: 2.880 Thread 0x00000202cc1bc680 flushing  nmethod 0x00000202d510b808
Event: 2.880 Thread 0x00000202cc1bc680 flushing  nmethod 0x00000202d4ff2508
Event: 2.880 Thread 0x00000202cc1bc680 flushing  nmethod 0x00000202d503ac08
Event: 2.880 Thread 0x00000202cc1bc680 flushing  nmethod 0x00000202d5043888
Event: 2.880 Thread 0x00000202cc1bc680 flushing  nmethod 0x00000202d526b308
Event: 2.880 Thread 0x00000202cc1bc680 flushing  nmethod 0x00000202d5201f88
Event: 2.880 Thread 0x00000202cc1bc680 flushing  nmethod 0x00000202d5098408
Event: 2.880 Thread 0x00000202cc1bc680 flushing  nmethod 0x00000202d5040e08
Event: 2.880 Thread 0x00000202cc1bc680 flushing  nmethod 0x00000202dcbe5d88
Event: 2.880 Thread 0x00000202cc1bc680 flushing  nmethod 0x00000202dcb81b88
Event: 2.880 Thread 0x00000202cc1bc680 flushing  nmethod 0x00000202d504b208
Event: 2.880 Thread 0x00000202cc1bc680 flushing  nmethod 0x00000202d4ff0008
Event: 2.880 Thread 0x00000202cc1bc680 flushing  nmethod 0x00000202d50a0708
Event: 2.880 Thread 0x00000202cc1bc680 flushing  nmethod 0x00000202d5014b88
Event: 2.880 Thread 0x00000202cc1bc680 flushing  nmethod 0x00000202dcb89088
Event: 2.880 Thread 0x00000202cc1bc680 flushing  nmethod 0x00000202d5008c88
Event: 2.880 Thread 0x00000202cc1bc680 flushing  nmethod 0x00000202d5267608
Event: 2.880 Thread 0x00000202cc1bc680 flushing  nmethod 0x00000202d5034808
Event: 2.880 Thread 0x00000202cc1bc680 flushing  nmethod 0x00000202d5012308
Event: 2.880 Thread 0x00000202cc1bc680 flushing  nmethod 0x00000202d501a108
Event: 2.880 Thread 0x00000202cc1bc680 flushing  nmethod 0x00000202d5000388
Event: 2.880 Thread 0x00000202cc1bc680 flushing  nmethod 0x00000202d514fa88
Event: 2.880 Thread 0x00000202cc1bc680 flushing  nmethod 0x00000202d501b088
Event: 2.880 Thread 0x00000202cc1bc680 flushing  nmethod 0x00000202d5022708
Event: 2.880 Thread 0x00000202cc1bc680 flushing  nmethod 0x00000202d5150788
Event: 2.880 Thread 0x00000202cc1bc680 flushing  nmethod 0x00000202d5016c08
Event: 2.880 Thread 0x00000202cc1bc680 flushing  nmethod 0x00000202d5033108
Event: 2.880 Thread 0x00000202cc1bc680 flushing  nmethod 0x00000202d5025a88
Event: 2.880 Thread 0x00000202cc1bc680 flushing  nmethod 0x00000202d4ff8c08
Event: 2.880 Thread 0x00000202cc1bc680 flushing  nmethod 0x00000202d5039f88
Event: 2.880 Thread 0x00000202cc1bc680 flushing  nmethod 0x00000202d50a7888
Event: 2.880 Thread 0x00000202cc1bc680 flushing  nmethod 0x00000202d50c0188
Event: 2.880 Thread 0x00000202cc1bc680 flushing  nmethod 0x00000202d5287c08
Event: 2.880 Thread 0x00000202cc1bc680 flushing  nmethod 0x00000202d5020488
Event: 2.880 Thread 0x00000202cc1bc680 flushing  nmethod 0x00000202d5041388
Event: 2.880 Thread 0x00000202cc1bc680 flushing  nmethod 0x00000202d4ff2908
Event: 2.880 Thread 0x00000202cc1bc680 flushing  nmethod 0x00000202d503f608
Event: 2.880 Thread 0x00000202cc1bc680 flushing  nmethod 0x00000202d5267288
Event: 2.880 Thread 0x00000202cc1bc680 flushing  nmethod 0x00000202dcb8ba08
Event: 2.880 Thread 0x00000202cc1bc680 flushing  nmethod 0x00000202d5041f08
Event: 2.880 Thread 0x00000202cc1bc680 flushing  nmethod 0x00000202dcbf5c08
Event: 2.880 Thread 0x00000202cc1bc680 flushing  nmethod 0x00000202d5133608
Event: 2.880 Thread 0x00000202cc1bc680 flushing  nmethod 0x00000202d50cba08
Event: 2.880 Thread 0x00000202cc1bc680 flushing  nmethod 0x00000202d509c088
Event: 2.880 Thread 0x00000202cc1bc680 flushing  nmethod 0x00000202d5046708
Event: 2.880 Thread 0x00000202cc1bc680 flushing  nmethod 0x00000202d5013008
Event: 2.880 Thread 0x00000202cc1bc680 flushing  nmethod 0x00000202d4ff6408
Event: 2.880 Thread 0x00000202cc1bc680 flushing  nmethod 0x00000202d5063888
Event: 2.880 Thread 0x00000202cc1bc680 flushing  nmethod 0x00000202d51cf508
Event: 2.880 Thread 0x00000202cc1bc680 flushing  nmethod 0x00000202d503c508
Event: 2.880 Thread 0x00000202cc1bc680 flushing  nmethod 0x00000202d4ffb088
Event: 2.880 Thread 0x00000202cc1bc680 flushing  nmethod 0x00000202d5042d88
Event: 2.880 Thread 0x00000202cc1bc680 flushing  nmethod 0x00000202d503e108
Event: 2.880 Thread 0x00000202cc1bc680 flushing  nmethod 0x00000202d5020f88
Event: 2.880 Thread 0x00000202cc1bc680 flushing  nmethod 0x00000202d503fc08
Event: 2.880 Thread 0x00000202cc1bc680 flushing  nmethod 0x00000202d5254a08
Event: 2.880 Thread 0x00000202cc1bc680 flushing  nmethod 0x00000202d52bfb08
Event: 2.880 Thread 0x00000202cc1bc680 flushing  nmethod 0x00000202d5064b08
Event: 2.880 Thread 0x00000202cc1bc680 flushing  nmethod 0x00000202d500fa08
Event: 2.880 Thread 0x00000202cc1bc680 flushing  nmethod 0x00000202dcbef588
Event: 2.880 Thread 0x00000202cc1bc680 flushing  nmethod 0x00000202d501d008
Event: 2.880 Thread 0x00000202cc1bc680 flushing  nmethod 0x00000202dcb9d988
Event: 2.880 Thread 0x00000202cc1bc680 flushing  nmethod 0x00000202d5245c88
Event: 2.880 Thread 0x00000202cc1bc680 flushing  nmethod 0x00000202dcb89488
Event: 2.880 Thread 0x00000202cc1bc680 flushing  nmethod 0x00000202d50a7b88
Event: 2.880 Thread 0x00000202cc1bc680 flushing  nmethod 0x00000202d526bb88
Event: 2.880 Thread 0x00000202cc1bc680 flushing  nmethod 0x00000202d5025d88
Event: 2.880 Thread 0x00000202cc1bc680 flushing  nmethod 0x00000202d5242f08
Event: 2.880 Thread 0x00000202cc1bc680 flushing  nmethod 0x00000202d503b288
Event: 2.880 Thread 0x00000202cc1bc680 flushing  nmethod 0x00000202d5098888
Event: 2.880 Thread 0x00000202cc1bc680 flushing  nmethod 0x00000202dcb83a08
Event: 2.880 Thread 0x00000202cc1bc680 flushing  nmethod 0x00000202d5021c88
Event: 2.880 Thread 0x00000202cc1bc680 flushing  nmethod 0x00000202d4ffd608
Event: 2.880 Thread 0x00000202cc1bc680 flushing  nmethod 0x00000202d507db08
Event: 2.880 Thread 0x00000202cc1bc680 flushing  nmethod 0x00000202dcbe3908
Event: 2.880 Thread 0x00000202cc1bc680 flushing  nmethod 0x00000202d50bc388
Event: 2.880 Thread 0x00000202cc1bc680 flushing  nmethod 0x00000202d4ffb908
Event: 2.880 Thread 0x00000202cc1bc680 flushing  nmethod 0x00000202d5066788
Event: 2.880 Thread 0x00000202cc1bc680 flushing  nmethod 0x00000202d503a908
Event: 2.880 Thread 0x00000202cc1bc680 flushing  nmethod 0x00000202dcc08288
Event: 2.880 Thread 0x00000202cc1bc680 flushing  nmethod 0x00000202d4ffa308
Event: 2.880 Thread 0x00000202cc1bc680 flushing  nmethod 0x00000202d50b7308
Event: 2.880 Thread 0x00000202cc1bc680 flushing  nmethod 0x00000202d5018308
Event: 2.880 Thread 0x00000202cc1bc680 flushing  nmethod 0x00000202d5036688
Event: 2.880 Thread 0x00000202cc1bc680 flushing  nmethod 0x00000202d501ac08
Event: 2.880 Thread 0x00000202cc1bc680 flushing  nmethod 0x00000202d4ff7e88
Event: 2.880 Thread 0x00000202cc1bc680 flushing  nmethod 0x00000202d5019b08
Event: 2.880 Thread 0x00000202cc1bc680 flushing  nmethod 0x00000202d51c2888
Event: 2.880 Thread 0x00000202cc1bc680 flushing  nmethod 0x00000202d5020788
Event: 2.880 Thread 0x00000202cc1bc680 flushing  nmethod 0x00000202d5266188
Event: 2.880 Thread 0x00000202cc1bc680 flushing  nmethod 0x00000202dcc13088
Event: 2.880 Thread 0x00000202cc1bc680 flushing  nmethod 0x00000202d5021288
Event: 2.880 Thread 0x00000202cc1bc680 flushing  nmethod 0x00000202d4ff4188
Event: 2.880 Thread 0x00000202cc1bc680 flushing  nmethod 0x00000202d5042988
Event: 2.880 Thread 0x00000202cc1bc680 flushing  nmethod 0x00000202d5061308
Event: 2.880 Thread 0x00000202cc1bc680 flushing  nmethod 0x00000202d4fff788
Event: 2.880 Thread 0x00000202cc1bc680 flushing  nmethod 0x00000202d500aa88
Event: 2.880 Thread 0x00000202cc1bc680 flushing  nmethod 0x00000202d5133d88
Event: 2.880 Thread 0x00000202cc1bc680 flushing  nmethod 0x00000202d5074f88
Event: 2.880 Thread 0x00000202cc1bc680 flushing  nmethod 0x00000202d50bca88
Event: 2.880 Thread 0x00000202cc1bc680 flushing  nmethod 0x00000202d501cb88
Event: 2.880 Thread 0x00000202cc1bc680 flushing  nmethod 0x00000202d503b588
Event: 2.880 Thread 0x00000202cc1bc680 flushing  nmethod 0x00000202d5017288
Event: 2.880 Thread 0x00000202cc1bc680 flushing  nmethod 0x00000202d5243688
Event: 2.880 Thread 0x00000202cc1bc680 flushing  nmethod 0x00000202d50af988
Event: 2.880 Thread 0x00000202cc1bc680 flushing  nmethod 0x00000202d5017908
Event: 2.880 Thread 0x00000202cc1bc680 flushing  nmethod 0x00000202d52e1188
Event: 2.880 Thread 0x00000202cc1bc680 flushing  nmethod 0x00000202d5026388
Event: 2.880 Thread 0x00000202cc1bc680 flushing  nmethod 0x00000202d5018a88
Event: 2.880 Thread 0x00000202cc1bc680 flushing  nmethod 0x00000202d5000988
Event: 2.880 Thread 0x00000202cc1bc680 flushing  nmethod 0x00000202d501fa08
Event: 2.880 Thread 0x00000202cc1bc680 flushing  nmethod 0x00000202d502c808
Event: 2.880 Thread 0x00000202cc1bc680 flushing  nmethod 0x00000202d5058208
Event: 2.880 Thread 0x00000202cc1bc680 flushing  nmethod 0x00000202d5186b88
Event: 2.880 Thread 0x00000202cc1bc680 flushing  nmethod 0x00000202dcbf9088
Event: 2.880 Thread 0x00000202cc1bc680 flushing  nmethod 0x00000202d4ff3b88
Event: 2.880 Thread 0x00000202cc1bc680 flushing  nmethod 0x00000202d5041b88
Event: 2.880 Thread 0x00000202cc1bc680 flushing  nmethod 0x00000202d51ede88
Event: 2.880 Thread 0x00000202cc1bc680 flushing  nmethod 0x00000202d5015f88
Event: 2.880 Thread 0x00000202cc1bc680 flushing  nmethod 0x00000202d5023f08
Event: 2.880 Thread 0x00000202cc1bc680 flushing  nmethod 0x00000202d5049108
Event: 2.880 Thread 0x00000202cc1bc680 flushing  nmethod 0x00000202d4ff0c88
Event: 2.880 Thread 0x00000202cc1bc680 flushing  nmethod 0x00000202d506a308
Event: 2.880 Thread 0x00000202cc1bc680 flushing  nmethod 0x00000202d5034408
Event: 2.880 Thread 0x00000202cc1bc680 flushing  nmethod 0x00000202d4ff9108
Event: 2.880 Thread 0x00000202cc1bc680 flushing  nmethod 0x00000202d51fc108
Event: 2.880 Thread 0x00000202cc1bc680 flushing  nmethod 0x00000202d4ffa808
Event: 2.880 Thread 0x00000202cc1bc680 flushing  nmethod 0x00000202dcbf3e88
Event: 2.880 Thread 0x00000202cc1bc680 flushing  nmethod 0x00000202d5101988
Event: 2.880 Thread 0x00000202cc1bc680 flushing  nmethod 0x00000202d50a7588
Event: 2.880 Thread 0x00000202cc1bc680 flushing  nmethod 0x00000202d4ff8608
Event: 2.880 Thread 0x00000202cc1bc680 flushing  nmethod 0x00000202d5015988
Event: 2.880 Thread 0x00000202cc1bc680 flushing  nmethod 0x00000202d526b608
Event: 2.880 Thread 0x00000202cc1bc680 flushing  nmethod 0x00000202d50dc988
Event: 2.880 Thread 0x00000202cc1bc680 flushing  nmethod 0x00000202dcba0a88
Event: 2.880 Thread 0x00000202cc1bc680 flushing  nmethod 0x00000202d5383908
Event: 2.880 Thread 0x00000202cc1bc680 flushing  nmethod 0x00000202dcbc8808
Event: 2.880 Thread 0x00000202cc1bc680 flushing  nmethod 0x00000202d5027a08
Event: 2.880 Thread 0x00000202cc1bc680 flushing  nmethod 0x00000202d5024308
Event: 2.880 Thread 0x00000202cc1bc680 flushing  nmethod 0x00000202d5037e88
Event: 2.880 Thread 0x00000202cc1bc680 flushing  nmethod 0x00000202d508e188
Event: 2.880 Thread 0x00000202cc1bc680 flushing  nmethod 0x00000202d5032d08
Event: 2.880 Thread 0x00000202cc1bc680 flushing  nmethod 0x00000202d5070508
Event: 2.880 Thread 0x00000202cc1bc680 flushing  nmethod 0x00000202d5266a88
Event: 2.880 Thread 0x00000202cc1bc680 flushing  nmethod 0x00000202d51c3208
Event: 2.880 Thread 0x00000202cc1bc680 flushing  nmethod 0x00000202dcbf6288
Event: 2.880 Thread 0x00000202cc1bc680 flushing  nmethod 0x00000202d500ad88
Event: 2.880 Thread 0x00000202cc1bc680 flushing  nmethod 0x00000202d50be688
Event: 2.880 Thread 0x00000202cc1bc680 flushing  nmethod 0x00000202d4ff5c88
Event: 2.880 Thread 0x00000202cc1bc680 flushing  nmethod 0x00000202dcb8a788
Event: 2.880 Thread 0x00000202cc1bc680 flushing  nmethod 0x00000202d5064488
Event: 2.880 Thread 0x00000202cc1bc680 flushing  nmethod 0x00000202d50a6988

Events (38 events):
Event: 0.041 Thread 0x00000202cc0b5fa0 Thread added: 0x00000202cc0b5fa0
Event: 0.053 Thread 0x00000202cc0b5fa0 Thread added: 0x00000202c20fef00
Event: 0.053 Thread 0x00000202cc0b5fa0 Thread added: 0x00000202c20ff570
Event: 0.053 Thread 0x00000202cc0b5fa0 Thread added: 0x00000202c213d960
Event: 0.053 Thread 0x00000202cc0b5fa0 Thread added: 0x00000202c213e230
Event: 0.054 Thread 0x00000202cc0b5fa0 Thread added: 0x00000202c2154220
Event: 0.054 Thread 0x00000202cc0b5fa0 Thread added: 0x00000202c21549c0
Event: 0.054 Thread 0x00000202cc0b5fa0 Thread added: 0x00000202c2162720
Event: 0.054 Thread 0x00000202cc0b5fa0 Thread added: 0x00000202c2163de0
Event: 0.059 Thread 0x00000202c2163de0 Thread added: 0x00000202c2250b10
Event: 0.264 Thread 0x00000202cc0b5fa0 Thread added: 0x00000202c24188b0
Event: 0.267 Thread 0x00000202cc0b5fa0 Thread added: 0x00000202c23fe180
Event: 0.278 Thread 0x00000202c2250b10 Thread added: 0x00000202c243c660
Event: 0.279 Thread 0x00000202c2163de0 Thread added: 0x00000202c243cd20
Event: 0.327 Thread 0x00000202c2162720 Thread added: 0x00000202c25e3540
Event: 1.121 Thread 0x00000202c25e3540 Thread exited: 0x00000202c25e3540
Event: 1.159 Thread 0x00000202cc0b5fa0 Thread added: 0x00000202c72be500
Event: 1.540 Thread 0x00000202c243cd20 Thread added: 0x00000202c78d7070
Event: 1.645 Thread 0x00000202c2250b10 Thread added: 0x00000202c79b2b90
Event: 1.925 Thread 0x00000202cc0b5fa0 Thread added: 0x00000202c7badae0
Event: 3.124 Thread 0x00000202c72be500 Thread added: 0x00000202c8eb27f0
Event: 3.125 Thread 0x00000202c8eb27f0 Thread added: 0x00000202c8deb510
Event: 3.127 Thread 0x00000202c8deb510 Thread added: 0x00000202c8debba0
Event: 3.128 Thread 0x00000202c8debba0 Thread added: 0x00000202c8deae80
Event: 3.186 Thread 0x00000202c8deae80 Thread added: 0x00000202c8decf50
Event: 3.186 Thread 0x00000202c8decf50 Thread added: 0x00000202c8dec8c0
Event: 3.810 Thread 0x00000202c72be500 Thread added: 0x00000202c8dec230
Event: 3.905 Thread 0x00000202c8dec230 Thread added: 0x00000202c8dea160
Event: 3.906 Thread 0x00000202c8dec230 Thread added: 0x00000202c8dea7f0
Event: 3.958 Thread 0x00000202c72be500 Thread added: 0x00000206e65c0070
Event: 4.229 Thread 0x00000202c79b2b90 Thread exited: 0x00000202c79b2b90
Event: 5.460 Thread 0x00000202c78d7070 Thread exited: 0x00000202c78d7070
Event: 5.461 Thread 0x00000202c72be500 Thread added: 0x00000206e65c0700
Event: 5.463 Thread 0x00000206e65c0700 Thread exited: 0x00000206e65c0700
Event: 5.479 Thread 0x00000202c2162720 Thread added: 0x00000202c78d7070
Event: 7.490 Thread 0x00000202c243cd20 Thread exited: 0x00000202c243cd20
Event: 7.490 Thread 0x00000202c78d7070 Thread exited: 0x00000202c78d7070
Event: 7.523 Thread 0x00000202c72be500 Thread added: 0x00000206e65c1ab0


Dynamic libraries:
0x00007ff799dd0000 - 0x00007ff799de0000 	C:\Program Files\Java\jdk-23\bin\java.exe
0x00007ff818360000 - 0x00007ff8185c7000 	C:\WINDOWS\SYSTEM32\ntdll.dll
0x00007ff816190000 - 0x00007ff816259000 	C:\WINDOWS\System32\KERNEL32.DLL
0x00007ff814d10000 - 0x00007ff815104000 	C:\WINDOWS\System32\KERNELBASE.dll
0x00007ff815dc0000 - 0x00007ff815f0b000 	C:\WINDOWS\System32\ucrtbase.dll
0x00007ffffd1c0000 - 0x00007ffffd1d7000 	C:\Program Files\Java\jdk-23\bin\jli.dll
0x00007ffffd180000 - 0x00007ffffd19b000 	C:\Program Files\Java\jdk-23\bin\VCRUNTIME140.dll
0x00007ff816b60000 - 0x00007ff816d25000 	C:\WINDOWS\System32\USER32.dll
0x00007ff814c30000 - 0x00007ff814c57000 	C:\WINDOWS\System32\win32u.dll
0x00007ffff8e90000 - 0x00007ffff9123000 	C:\WINDOWS\WinSxS\amd64_microsoft.windows.common-controls_6595b64144ccf1df_6.0.26100.8115_none_3e075c82e3354f9c\COMCTL32.dll
0x00007ff8182a0000 - 0x00007ff8182cb000 	C:\WINDOWS\System32\GDI32.dll
0x00007ff815fc0000 - 0x00007ff8160eb000 	C:\WINDOWS\System32\gdi32full.dll
0x00007ff818150000 - 0x00007ff8181f9000 	C:\WINDOWS\System32\msvcrt.dll
0x00007ff815f10000 - 0x00007ff815fb3000 	C:\WINDOWS\System32\msvcp_win.dll
0x00007ff8182e0000 - 0x00007ff818312000 	C:\WINDOWS\System32\IMM32.DLL
0x00007ff811c90000 - 0x00007ff811c9c000 	C:\Program Files\Java\jdk-23\bin\vcruntime140_1.dll
0x00007ffff9ba0000 - 0x00007ffff9c2e000 	C:\Program Files\Java\jdk-23\bin\msvcp140.dll
0x00007fff4f2a0000 - 0x00007fff4fff0000 	C:\Program Files\Java\jdk-23\bin\server\jvm.dll
0x00007ff816a40000 - 0x00007ff816af6000 	C:\WINDOWS\System32\ADVAPI32.dll
0x00007ff816fb0000 - 0x00007ff817057000 	C:\WINDOWS\System32\sechost.dll
0x00007ff816db0000 - 0x00007ff816ec8000 	C:\WINDOWS\System32\RPCRT4.dll
0x00007ff818200000 - 0x00007ff818280000 	C:\WINDOWS\System32\WS2_32.dll
0x00007ff814a90000 - 0x00007ff814aee000 	C:\WINDOWS\SYSTEM32\POWRPROF.dll
0x00007ff811e60000 - 0x00007ff811e96000 	C:\WINDOWS\SYSTEM32\WINMM.dll
0x00007ffff9510000 - 0x00007ffff951b000 	C:\WINDOWS\SYSTEM32\VERSION.dll
0x00007ff814a70000 - 0x00007ff814a84000 	C:\WINDOWS\SYSTEM32\UMPDC.dll
0x00007ff8139c0000 - 0x00007ff8139db000 	C:\WINDOWS\SYSTEM32\kernel.appcore.dll
0x00007ff80e5f0000 - 0x00007ff80e5fa000 	C:\Program Files\Java\jdk-23\bin\jimage.dll
0x00007ff8125e0000 - 0x00007ff812822000 	C:\WINDOWS\SYSTEM32\DBGHELP.DLL
0x00007ff8171c0000 - 0x00007ff817542000 	C:\WINDOWS\System32\combase.dll
0x00007ff816ed0000 - 0x00007ff816fa8000 	C:\WINDOWS\System32\OLEAUT32.dll
0x00007ff811e20000 - 0x00007ff811e5b000 	C:\WINDOWS\SYSTEM32\dbgcore.DLL
0x00007ff814c60000 - 0x00007ff814d05000 	C:\WINDOWS\System32\bcryptPrimitives.dll
0x00007ffffc400000 - 0x00007ffffc41e000 	C:\Program Files\Java\jdk-23\bin\java.dll
0x00007ff816410000 - 0x00007ff8165a7000 	C:\WINDOWS\System32\ole32.dll
0x00007ff817800000 - 0x00007ff817f67000 	C:\WINDOWS\System32\SHELL32.dll
0x00007ff815260000 - 0x00007ff8153ca000 	C:\WINDOWS\System32\wintypes.dll
0x00007ff815550000 - 0x00007ff815db8000 	C:\WINDOWS\System32\windows.storage.dll
0x00007ff817600000 - 0x00007ff8176f8000 	C:\WINDOWS\System32\SHCORE.dll
0x00007ff8160f0000 - 0x00007ff816156000 	C:\WINDOWS\System32\shlwapi.dll
0x00007ff814b50000 - 0x00007ff814b79000 	C:\WINDOWS\SYSTEM32\profapi.dll
0x00007ffff5f40000 - 0x00007ffff6017000 	C:\Program Files\Java\jdk-23\bin\jsvml.dll
0x00007ff80e530000 - 0x00007ff80e540000 	C:\Program Files\Java\jdk-23\bin\net.dll
0x00007ff813f30000 - 0x00007ff813f9c000 	C:\WINDOWS\system32\mswsock.dll
0x00007ffffc1e0000 - 0x00007ffffc1f6000 	C:\Program Files\Java\jdk-23\bin\nio.dll
0x00007ffffbae0000 - 0x00007ffffbaf7000 	C:\Program Files\Java\jdk-23\bin\zip.dll
0x00007ff80a500000 - 0x00007ff80a509000 	C:\Program Files\Java\jdk-23\bin\syslookup.dll
0x00007ff814210000 - 0x00007ff81422b000 	C:\WINDOWS\SYSTEM32\CRYPTSP.dll
0x00007ff813920000 - 0x00007ff813959000 	C:\WINDOWS\system32\rsaenh.dll
0x00007ff813fe0000 - 0x00007ff814013000 	C:\WINDOWS\SYSTEM32\USERENV.dll
0x00007ff814b20000 - 0x00007ff814b4a000 	C:\WINDOWS\SYSTEM32\bcrypt.dll
0x00007ff814230000 - 0x00007ff81423c000 	C:\WINDOWS\SYSTEM32\CRYPTBASE.dll
0x00007ff813430000 - 0x00007ff813462000 	C:\WINDOWS\SYSTEM32\IPHLPAPI.DLL
0x00007ff8182d0000 - 0x00007ff8182da000 	C:\WINDOWS\System32\NSI.dll
0x00007ffffb220000 - 0x00007ffffb246000 	C:\Users\weron\AppData\Local\Temp\csjniutils-0.3.37798622384762494259.dll
0x00007ff800080000 - 0x00007ff80008a000 	C:\Program Files\Java\jdk-23\bin\management.dll
0x00007fffffb10000 - 0x00007fffffb1b000 	C:\Program Files\Java\jdk-23\bin\management_ext.dll
0x00007ff818290000 - 0x00007ff818298000 	C:\WINDOWS\System32\PSAPI.DLL
0x00007ff813470000 - 0x00007ff8135a2000 	C:\WINDOWS\SYSTEM32\DNSAPI.dll
0x00007ff8087b0000 - 0x00007ff8087bb000 	C:\Windows\System32\rasadhlp.dll
0x00007ff80b8d0000 - 0x00007ff80b956000 	C:\WINDOWS\System32\fwpuclnt.dll
0x00007fffff5c0000 - 0x00007fffff5c9000 	C:\Program Files\Java\jdk-23\bin\extnet.dll

dbghelp: loaded successfully - version: 4.0.5 - missing functions: none
symbol engine: initialized successfully - sym options: 0x614 - pdb path: .;C:\Program Files\Java\jdk-23\bin;C:\WINDOWS\SYSTEM32;C:\WINDOWS\WinSxS\amd64_microsoft.windows.common-controls_6595b64144ccf1df_6.0.26100.8115_none_3e075c82e3354f9c;C:\Program Files\Java\jdk-23\bin\server;C:\Users\weron\AppData\Local\Temp

VM Arguments:
jvm_args: -Xss4m -Xms100m -Dmetals.client=vscode -Xmx2G -XX:+UseZGC -XX:ZUncommitDelay=30 -XX:ZCollectionInterval=5 -XX:+IgnoreUnrecognizedVMOptions 
java_command: scala.meta.metals.Main
java_class_path (initial): C:\Users\weron\AppData\Local\Coursier\cache\v1\https\repo1.maven.org\maven2\org\scalameta\metals_2.13\1.6.7\metals_2.13-1.6.7.jar;C:\Users\weron\AppData\Local\Coursier\cache\v1\https\repo1.maven.org\maven2\org\scala-lang\scala-library\2.13.18\scala-library-2.13.18.jar;C:\Users\weron\AppData\Local\Coursier\cache\v1\https\repo1.maven.org\maven2\org\scalameta\mtags_2.13.18\1.6.7\mtags_2.13.18-1.6.7.jar;C:\Users\weron\AppData\Local\Coursier\cache\v1\https\repo1.maven.org\maven2\org\scalameta\mtags-java_2.13\1.6.7\mtags-java_2.13-1.6.7.jar;C:\Users\weron\AppData\Local\Coursier\cache\v1\https\repo1.maven.org\maven2\org\eclipse\jdt\org.eclipse.jdt.core\3.25.0\org.eclipse.jdt.core-3.25.0.jar;C:\Users\weron\AppData\Local\Coursier\cache\v1\https\repo1.maven.org\maven2\org\eclipse\platform\org.eclipse.ant.core\3.5.500\org.eclipse.ant.core-3.5.500.jar;C:\Users\weron\AppData\Local\Coursier\cache\v1\https\repo1.maven.org\maven2\org\eclipse\platform\org.eclipse.compare.core\3.6.600\org.eclipse.compare.core-3.6.600.jar;C:\Users\weron\AppData\Local\Coursier\cache\v1\https\repo1.maven.org\maven2\org\eclipse\platform\org.eclipse.core.commands\3.9.500\org.eclipse.core.commands-3.9.500.jar;C:\Users\weron\AppData\Local\Coursier\cache\v1\https\repo1.maven.org\maven2\org\eclipse\platform\org.eclipse.core.contenttype\3.7.500\org.eclipse.core.contenttype-3.7.500.jar;C:\Users\weron\AppData\Local\Coursier\cache\v1\https\repo1.maven.org\maven2\org\eclipse\platform\org.eclipse.core.expressions\3.6.500\org.eclipse.core.expressions-3.6.500.jar;C:\Users\weron\AppData\Local\Coursier\cache\v1\https\repo1.maven.org\maven2\org\eclipse\platform\org.eclipse.core.filesystem\1.7.500\org.eclipse.core.filesystem-1.7.500.jar;C:\Users\weron\AppData\Local\Coursier\cache\v1\https\repo1.maven.org\maven2\org\eclipse\platform\org.eclipse.core.jobs\3.10.500\org.eclipse.core.jobs-3.10.500.jar;C:\Users\weron\AppData\Local\Coursier\cache\v1\https\repo1.maven.org\maven2\org\eclipse\platform\org.eclipse.core.resources\3.13.500\org.eclipse.core.resources-3.13.500.jar;C:\Users\weron\AppData\Local\Coursier\cache\v1\https\repo1.maven.org\maven2\org\eclipse\platform\org.eclipse.core.runtime\3.16.0\org.eclipse.core.runtime-3.16.0.jar;C:\Users\weron\AppData\Local\Coursier\cache\v1\https\repo1.maven.org\maven2\org\eclipse\platform\org.eclipse.core.variables\3.4.600\org.eclipse.core.variables-3.4.600.jar;C:\Users\weron\AppData\Local\Coursier\cache\v1\https\repo1.maven.org\maven2\org\eclipse\platform\org.eclipse.equinox.app\1.4.300\org.eclipse.equinox.app-1.4.300.jar;C:\Users\weron\AppData\Local\Coursier\cache\v1\https\repo1.maven.org\maven2\org\eclipse\platform\org.eclipse.equinox.common\3.10.600\org.eclipse.equinox.common-3.10.600.jar;C:\Users\weron\AppData\Local\Coursier\cache\v1\https\repo1.maven.org\maven2\org\eclipse\platform\org.eclipse.equinox.preferences\3.7.600\org.eclipse.equinox.preferences-3.7.600.jar;C:\Users\weron\AppData\Local\Coursier\cache\v1\https\repo1.maven.org\maven2\org\eclipse\platform\org.eclipse.equinox.registry\3.8.600\org.eclipse.equinox.registry-3.8.600.jar;C:\Users\weron\AppData\Local\Coursier\cache\v1\https\repo1.maven.org\maven2\org\eclipse\platform\org.eclipse.osgi\3.15.0\org.eclipse.osgi-3.15.0.jar;C:\Users\weron\AppData\Local\Coursier\cache\v1\https\repo1.maven.org\maven2\org\eclipse\platform\org.eclipse.team.core\3.8.700\org.eclipse.team.core-3.8.700.jar;C:\Users\weron\AppData\Local\Coursier\cache\v1\https\repo1.maven.org\maven2\org\eclipse\platform\org.eclipse.text\3.9.0\org.eclipse.text-3.9.0.jar;C:\Users\weron\AppData\Local\Coursier\cache\v1\https\repo1.maven.org\maven2\com\google\guava\guava\33.5.0-jre\guava-33.5.0-jre.jar;C:\Users\weron\AppData\Local\Coursier\cache\v1\https\repo1.maven.org\maven2\com\google\code\findbugs\jsr305\3.0.2\jsr305-3.0.2.jar;C:\Users\weron\AppData\Local\Coursier\cache\v1\https\repo1.maven.org\maven2\org\scalameta\metaconfig-core_2.13\0.18.2\metaconfig-core_2.13-0.18.2.jar;C:\Users\weron\AppData\Local\Coursier\cache\v1\https\repo1.maven.org\maven2\org\openjdk\jol\jol-core\0.17\jol-core-0.17.jar;C:\Users\weron\AppData\Local\Coursier\cache\v1\https\repo1.maven.org\maven2\com\swoval\file-tree-views\2.1.12\file-tree-views-2.1.12.jar;C:\Users\weron\AppData\Local\Coursier\cache\v1\https\repo1.maven.org\maven2\io\undertow\undertow-core\2.3.12.Final\undertow-core-2.3.12.Final.jar;C:\Users\weron\AppData\Local\Coursier\cache\v1\https\repo1.maven.org\maven2\org\jboss\xnio\xnio-nio\3.8.17.Final\xnio-nio-3.8.17.Final.jar;C:\Users\weron\AppData\Local\Coursier\cache\v1\https\repo1.maven.org\maven2\org\flywaydb\flyway-core\12.0.3\flyway-core-12.0.3.jar;C:\Users\weron\AppData\Local\Coursier\cache\v1\https\repo1.maven.org\maven2\com\h2database\h2\2.4.240\h2-2.4.240.jar;C:\Users\weron\AppData\Local\Coursier\cache\v1\https\repo1.maven.org\maven2\org\scala-sbt\ipcsocket\ipcsocket\1.6.3\ipcsocket-1.6.3.jar;C:\Users\weron\AppData\Local\Coursier\cache\v1\https\repo1.maven.org\maven2\ch\epfl\scala\bsp4j\2.2.0-M2\bsp4j-2.2.0-M2.jar;C:\Users\weron\AppData\Local\Coursier\cache\v1\https\repo1.maven.org\maven2\ch\epfl\scala\bloop-rifle_2.13\2.0.19\bloop-rifle_2.13-2.0.19.jar;C:\Users\weron\AppData\Local\Coursier\cache\v1\https\repo1.maven.org\maven2\org\eclipse\lsp4j\org.eclipse.lsp4j\1.0.0\org.eclipse.lsp4j-1.0.0.jar;C:\Users\weron\AppData\Local\Coursier\cache\v1\https\repo1.maven.org\maven2\org\eclipse\lsp4j\org.eclipse.lsp4j.debug\1.0.0\org.eclipse.lsp4j.debug-1.0.0.jar;C:\Users\weron\AppData\Local\Coursier\cache\v1\https\repo1.maven.org\maven2\ch\epfl\scala\scala-debug-adapter_2.13\4.2.8\scala-debug-adapter_2.13-4.2.8.jar;C:\Users\weron\AppData\Local\Coursier\cache\v1\https\repo1.maven.org\maven2\io\get-coursier\util\directories\0.1.4\directories-0.1.4.jar;C:\Users\weron\AppData\Local\Coursier\cache\v1\https\repo1.maven.org\maven2\io\get-coursier\util\directories-jni\0.1.4\directories-jni-0.1.4.jar;C:\Users\weron\AppData\Local\Coursier\cache\v1\https\repo1.maven.org\maven2\org\scalameta\mdoc-interfaces\2.8.2\mdoc-interfaces-2.8.2.jar;C:\Users\weron\AppData\Local\Coursier\cache\v1\https\repo1.maven.org\maven2\org\scalameta\scalafmt-dynamic_2.13\3.10.7\scalafmt-dynamic_2.13-3.10.7.jar;C:\Users\weron\AppData\Local\Coursier\cache\v1\https\repo1.maven.org\maven2\ch\epfl\scala\scalafix-interfaces\0.14.6\scalafix-interfaces-0.14.6.jar;C:\Users\weron\AppData\Local\Coursier\cache\v1\https\repo1.maven.org\maven2\io\get-coursier\interface\1.0.29-M2\interface-1.0.29-M2.jar;C:\Users\weron\AppData\Local\Coursier\cache\v1\https\repo1.maven.org\maven2\io\get-coursier\coursier_2.13\2.1.25-M23\coursier_2.13-2.1.25-M23.jar;C:\Users\weron\AppData\Local\Coursier\cache\v1\https\repo1.maven.org\maven2\io\get-coursier\coursier-sbt-maven-repository_2.13\2.1.25-M23\coursier-sbt-maven-repository_2.13-2.1.25-M23.jar;C:\Users\weron\AppData\Local\Coursier\cache\v1\https\repo1.maven.org\maven2\com\outr\scribe_2.13\3.18.0\scribe_2.13-3.18.0.jar;C:\Users\weron\AppData\Local\Coursier\cache\v1\https\repo1.maven.org\maven2\com\outr\scribe-file_2.13\3.18.0\scribe-file_2.13-3.18.0.jar;C:\Users\weron\AppData\Local\Coursier\cache\v1\https\repo1.maven.org\maven2\com\outr\scribe-slf4j2_2.13\3.18.0\scribe-slf4j2_2.13-3.18.0.jar;C:\Users\weron\AppData\Local\Coursier\cache\v1\https\repo1.maven.org\maven2\com\lihaoyi\ujson_2.13\4.4.3\ujson_2.13-4.4.3.jar;C:\Users\weron\AppData\Local\Coursier\cache\v1\https\repo1.maven.org\maven2\com\lihaoyi\requests_2.13\0.9.3\requests_2.13-0.9.3.jar;C:\Users\weron\AppData\Local\Coursier\cache\v1\https\repo1.maven.org\maven2\org\scalameta\scalameta_2.13\4.15.2\scalameta_2.13-4.15.2.jar;C:\Users\weron\AppData\Local\Coursier\cache\v1\https\repo1.maven.org\maven2\org\scalameta\semanticdb-metap_2.13.18\4.15.2\semanticdb-metap_2.13.18-4.15.2.jar;C:\Users\weron\AppData\Local\Coursier\cache\v1\https\repo1.maven.org\maven2\org\scalameta\semanticdb-shared_2.13\4.15.2\semanticdb-shared_2.13-4.15.2.jar;C:\Users\weron\AppData\Local\Coursier\cache\v1\https\repo1.maven.org\maven2\org\scala-lang\modules\scala-xml_2.13\2.4.0\scala-xml_2.13-2.4.0.jar;C:\Users\weron\AppData\Local\Coursier\cache\v1\https\repo1.maven.org\maven2\org\virtuslab\scala-cli\scala-cli-bsp\1.12.4\scala-cli-bsp-1.12.4.jar;C:\Users\weron\AppData\Local\Coursier\cache\v1\https\repo1.maven.org\maven2\ch\epfl\scala\bloop-config_2.13\2.3.3\bloop-config_2.13-2.3.3.jar;C:\Users\weron\AppData\Local\Coursier\cache\v1\https\repo1.maven.org\maven2\io\modelcontextprotocol\sdk\mcp\1.0.0\mcp-1.0.0.jar;C:\Users\weron\AppData\Local\Coursier\cache\v1\https\repo1.maven.org\maven2\io\modelcontextprotocol\sdk\mcp-json-jackson2\1.0.0\mcp-json-jackson2-1.0.0.jar;C:\Users\weron\AppData\Local\Coursier\cache\v1\https\repo1.maven.org\maven2\com\fasterxml\jackson\core\jackson-databind\2.21.1\jackson-databind-2.21.1.jar;C:\Users\weron\AppData\Local\Coursier\cache\v1\https\repo1.maven.org\maven2\io\undertow\undertow-servlet\2.3.12.Final\undertow-servlet-2.3.12.Final.jar;C:\Users\weron\AppData\Local\Coursier\cache\v1\https\repo1.maven.org\maven2\org\playframework\twirl\twirl-compiler_2.13\2.0.9\twirl-compiler_2.13-2.0.9.jar;C:\Users\weron\AppData\Local\Coursier\cache\v1\https\repo1.maven.org\maven2\org\scalameta\mtags-shared_2.13.18\1.6.7\mtags-shared_2.13.18-1.6.7.jar;C:\Users\weron\AppData\Local\Coursier\cache\v1\https\repo1.maven.org\maven2\com\lihaoyi\geny_2.13\1.1.1\geny_2.13-1.1.1.jar;C:\Users\weron\AppData\Local\Coursier\cache\v1\https\repo1.maven.org\maven2\com\thoughtworks\qdox\qdox\2.2.0\qdox-2.2.0.jar;C:\Users\weron\AppData\Local\Coursier\cache\v1\https\repo1.maven.org\maven2\org\scala-lang\modules\scala-java8-compat_2.13\1.0.2\scala-java8-compat_2.13-1.0.2.jar;C:\Users\weron\AppData\Local\Coursier\cache\v1\https\repo1.maven.org\maven2\org\jsoup\jsoup\1.22.1\jsoup-1.22.1.jar;C:\Users\weron\AppData\Local\Coursier\cache\v1\https\repo1.maven.org\maven2\com\googlecode\java-diff-utils\diffutils\1.3.0\diffutils-1.3.0.jar;C:\Users\weron\AppData\Local\Coursier\cache\v1\https\repo1.maven.org\maven2\org\scalameta\semanticdb-scalac-core_2.13.18\4.15.2\semanticdb-scalac-core_2.13.18-4.15.2.jar;C:\Users\weron\AppData\Local\Coursier\cache\v1\https\repo1.maven.org\maven2\org\scalameta\mtags-interfaces\1.6.7\mtags-interfaces-1.6.7.jar;C:\Users\weron\AppData\Local\Coursier\cache\v1\https\repo1.maven.org\maven2\com\google\guava\failureaccess\1.0.3\failureaccess-1.0.3.jar;C:\Users\weron\AppData\Local\Coursier\cache\v1\https\repo1.maven.org\maven2\com\google\guava\listenablefuture\9999.0-empty-to-avoid-conflict-with-guava\listenablefuture-9999.0-empty-to-avoid-conflict-with-guava.jar;C:\Users\weron\AppData\Local\Coursier\cache\v1\https\repo1.maven.org\maven2\org\jspecify\jspecify\1.0.0\jspecify-1.0.0.jar;C:\Users\weron\AppData\Local\Coursier\cache\v1\https\repo1.maven.org\maven2\com\google\errorprone\error_prone_annotations\2.41.0\error_prone_annotations-2.41.0.jar;C:\Users\weron\AppData\Local\Coursier\cache\v1\https\repo1.maven.org\maven2\com\google\j2objc\j2objc-annotations\3.1\j2objc-annotations-3.1.jar;C:\Users\weron\AppData\Local\Coursier\cache\v1\https\repo1.maven.org\maven2\org\scalameta\metaconfig-pprint_2.13\0.18.2\metaconfig-pprint_2.13-0.18.2.jar;C:\Users\weron\AppData\Local\Coursier\cache\v1\https\repo1.maven.org\maven2\org\typelevel\paiges-core_2.13\0.4.4\paiges-core_2.13-0.4.4.jar;C:\Users\weron\AppData\Local\Coursier\cache\v1\https\repo1.maven.org\maven2\org\scala-lang\modules\scala-collection-compat_2.13\2.14.0\scala-collection-compat_2.13-2.14.0.jar;C:\Users\weron\AppData\Local\Coursier\cache\v1\https\repo1.maven.org\maven2\org\scala-lang\scala-reflect\2.13.18\scala-reflect-2.13.18.jar;C:\Users\weron\AppData\Local\Coursier\cache\v1\https\repo1.maven.org\maven2\org\jboss\logging\jboss-logging\3.4.3.Final\jboss-logging-3.4.3.Final.jar;C:\Users\weron\AppData\Local\Coursier\cache\v1\https\repo1.maven.org\maven2\org\jboss\xnio\xnio-api\3.8.17.Final\xnio-api-3.8.17.Final.jar;C:\Users\weron\AppData\Local\Coursier\cache\v1\https\repo1.maven.org\maven2\org\jboss\threads\jboss-threads\3.5.0.Final\jboss-threads-3.5.0.Final.jar;C:\Users\weron\AppData\Local\Coursier\cache\v1\https\repo1.maven.org\maven2\tools\jackson\core\jackson-databind\3.0.4\jackson-databind-3.0.4.jar;C:\Users\weron\AppData\Local\Coursier\cache\v1\https\repo1.maven.org\maven2\net\java\dev\jna\jna\5.12.0\jna-5.12.0.jar;C:\Users\weron\AppData\Local\Coursier\cache\v1\https\repo1.maven.org\maven2\net\java\dev\jna\jna-platform\5.12.0\jna-platform-5.12.0.jar;C:\Users\weron\AppData\Local\Coursier\cache\v1\https\repo1.maven.org\maven2\org\eclipse\lsp4j\org.eclipse.lsp4j.generator\0.20.1\org.eclipse.lsp4j.generator-0.20.1.jar;C:\Users\weron\AppData\Local\Coursier\cache\v1\https\repo1.maven.org\maven2\org\eclipse\lsp4j\org.eclipse.lsp4j.jsonrpc\1.0.0\org.eclipse.lsp4j.jsonrpc-1.0.0.jar;C:\Users\weron\AppData\Local\Coursier\cache\v1\https\repo1.maven.org\maven2\ch\epfl\scala\libdaemon_2.13\0.0.12\libdaemon_2.13-0.0.12.jar;C:\Users\weron\AppData\Local\Coursier\cache\v1\https\repo1.maven.org\maven2\io\github\alexarchambault\scala-cli\snailgun\snailgun-core_2.13\0.4.1-sc2\snailgun-core_2.13-0.4.1-sc2.jar;C:\Users\weron\AppData\Local\Coursier\cache\v1\https\repo1.maven.org\maven2\org\eclipse\lsp4j\org.eclipse.lsp4j.jsonrpc.debug\1.0.0\org.eclipse.lsp4j.jsonrpc.debug-1.0.0.jar;C:\Users\weron\AppData\Local\Coursier\cache\v1\https\repo1.maven.org\maven2\ch\epfl\scala\com-microsoft-java-debug-core\0.34.0%2B39\com-microsoft-java-debug-core-0.34.0%2B39.jar;C:\Users\weron\AppData\Local\Coursier\cache\v1\https\repo1.maven.org\maven2\org\ow2\asm\asm\9.8\asm-9.8.jar;C:\Users\weron\AppData\Local\Coursier\cache\v1\https\repo1.maven.org\maven2\org\ow2\asm\asm-util\9.8\asm-util-9.8.jar;C:\Users\weron\AppData\Local\Coursier\cache\v1\https\repo1.maven.org\maven2\org\scala-sbt\test-agent\1.11.2\test-agent-1.11.2.jar;C:\Users\weron\AppData\Local\Coursier\cache\v1\https\repo1.maven.org\maven2\org\scalameta\parsers_2.13\4.15.2\parsers_2.13-4.15.2.jar;C:\Users\weron\AppData\Local\Coursier\cache\v1\https\repo1.maven.org\maven2\org\scala-lang\modules\scala-parallel-collections_2.13\1.2.0\scala-parallel-collections_2.13-1.2.0.jar;C:\Users\weron\AppData\Local\Coursier\cache\v1\https\repo1.maven.org\maven2\io\get-coursier\jniutils\windows-jni-utils\0.3.3\windows-jni-utils-0.3.3.jar;C:\Users\weron\AppData\Local\Coursier\cache\v1\https\repo1.maven.org\maven2\org\scalameta\scalafmt-interfaces\3.10.7\scalafmt-interfaces-3.10.7.jar;C:\Users\weron\AppData\Local\Coursier\cache\v1\https\repo1.maven.org\maven2\org\scalameta\scalafmt-sysops_2.13\3.10.7\scalafmt-sysops_2.13-3.10.7.jar;C:\Users\weron\AppData\Local\Coursier\cache\v1\https\repo1.maven.org\maven2\com\typesafe\config\1.4.5\config-1.4.5.jar;C:\Users\weron\AppData\Local\Coursier\cache\v1\https\repo1.maven.org\maven2\org\slf4j\slf4j-api\2.0.17\slf4j-api-2.0.17.jar;C:\Users\weron\AppData\Local\Coursier\cache\v1\https\repo1.maven.org\maven2\io\get-coursier\dependency_2.13\0.3.2\dependency_2.13-0.3.2.jar;C:\Users\weron\AppData\Local\Coursier\cache\v1\https\repo1.maven.org\maven2\com\github\plokhotnyuk\jsoniter-scala\jsoniter-scala-core_2.13\2.13.5.2\jsoniter-scala-core_2.13-2.13.5.2.jar;C:\Users\weron\AppData\Local\Coursier\cache\v1\https\repo1.maven.org\maven2\io\get-coursier\coursier-core_2.13\2.1.25-M23\coursier-core_2.13-2.1.25-M23.jar;C:\Users\weron\AppData\Local\Coursier\cache\v1\https\repo1.maven.org\maven2\io\get-coursier\coursier-cache_2.13\2.1.25-M23\coursier-cache_2.13-2.1.25-M23.jar;C:\Users\weron\AppData\Local\Coursier\cache\v1\https\repo1.maven.org\maven2\io\get-coursier\coursier-proxy-setup\2.1.25-M23\coursier-proxy-setup-2.1.25-M23.jar;C:\Users\weron\AppData\Local\Coursier\cache\v1\https\repo1.maven.org\maven2\com\outr\perfolation_2.13\1.3.0\perfolation_2.13-1.3.0.jar;C:\Users\weron\AppData\Local\Coursier\cache\v1\https\repo1.maven.org\maven2\com\lihaoyi\sourcecode_2.13\0.4.4\sourcecode_2.13-0.4.4.jar;C:\Users\weron\AppData\Local\Coursier\cache\v1\https\repo1.maven.org\maven2\com\outr\moduload_2.13\1.1.7\moduload_2.13-1.1.7.jar;C:\Users\weron\AppData\Local\Coursier\cache\v1\https\repo1.maven.org\maven2\com\lihaoyi\upickle-core_2.13\4.4.3\upickle-core_2.13-4.4.3.jar;C:\Users\weron\AppData\Local\Coursier\cache\v1\https\repo1.maven.org\maven2\org\scala-lang\scalap\2.13.15\scalap-2.13.15.jar;C:\Users\weron\AppData\Local\Coursier\cache\v1\https\repo1.maven.org\maven2\com\thesamet\scalapb\scalapb-runtime_2.13\0.11.17\scalapb-runtime_2.13-0.11.17.jar;C:\Users\weron\AppData\Local\Coursier\cache\v1\https\repo1.maven.org\maven2\com\lihaoyi\unroll-annotation_2.13\0.1.12\unroll-annotation_2.13-0.1.12.jar;C:\Users\weron\AppData\Local\Coursier\cache\v1\https\repo1.maven.org\maven2\io\modelcontextprotocol\sdk\mcp-json-jackson3\1.0.0\mcp-json-jackson3-1.0.0.jar;C:\Users\weron\AppData\Local\Coursier\cache\v1\https\repo1.maven.org\maven2\io\modelcontextprotocol\sdk\mcp-core\1.0.0\mcp-core-1.0.0.jar;C:\Users\weron\AppData\Local\Coursier\cache\v1\https\repo1.maven.org\maven2\com\networknt\json-schema-validator\3.0.0\json-schema-validator-3.0.0.jar;C:\Users\weron\AppData\Local\Coursier\cache\v1\https\repo1.maven.org\maven2\com\fasterxml\jackson\core\jackson-annotations\2.21\jackson-annotations-2.21.jar;C:\Users\weron\AppData\Local\Coursier\cache\v1\https\repo1.maven.org\maven2\com\fasterxml\jackson\core\jackson-core\2.21.1\jackson-core-2.21.1.jar;C:\Users\weron\AppData\Local\Coursier\cache\v1\https\repo1.maven.org\maven2\jakarta\servlet\jakarta.servlet-api\6.0.0\jakarta.servlet-api-6.0.0.jar;C:\Users\weron\AppData\Local\Coursier\cache\v1\https\repo1.maven.org\maven2\jakarta\annotation\jakarta.annotation-api\2.1.1\jakarta.annotation-api-2.1.1.jar;C:\Users\weron\AppData\Local\Coursier\cache\v1\https\repo1.maven.org\maven2\org\playframework\twirl\twirl-parser_2.13\2.0.9\twirl-parser_2.13-2.0.9.jar;C:\Users\weron\AppData\Local\Coursier\cache\v1\https\repo1.maven.org\maven2\org\scala-lang\modules\scala-parser-combinators_2.13\1.1.2\scala-parser-combinators_2.13-1.1.2.jar;C:\Users\weron\AppData\Local\Coursier\cache\v1\https\repo1.maven.org\maven2\com\google\protobuf\protobuf-java\4.34.0\protobuf-java-4.34.0.jar;C:\Users\weron\AppData\Local\Coursier\cache\v1\https\repo1.maven.org\maven2\at\yawk\lz4\lz4-java\1.8.1\lz4-java-1.8.1.jar;C:\Users\weron\AppData\Local\Coursier\cache\v1\https\repo1.maven.org\maven2\org\scala-lang\scala-compiler\2.13.18\scala-compiler-2.13.18.jar;C:\Users\weron\AppData\Local\Coursier\cache\v1\https\repo1.maven.org\maven2\org\scalameta\io_2.13\4.15.2\io_2.13-4.15.2.jar;C:\Users\weron\AppData\Local\Coursier\cache\v1\https\repo1.maven.org\maven2\com\lihaoyi\fansi_2.13\0.5.1\fansi_2.13-0.5.1.jar;C:\Users\weron\AppData\Local\Coursier\cache\v1\https\repo1.maven.org\maven2\org\wildfly\common\wildfly-common\1.5.4.Final\wildfly-common-1.5.4.Final.jar;C:\Users\weron\AppData\Local\Coursier\cache\v1\https\repo1.maven.org\maven2\org\wildfly\client\wildfly-client-config\1.0.1.Final\wildfly-client-config-1.0.1.Final.jar;C:\Users\weron\AppData\Local\Coursier\cache\v1\https\repo1.maven.org\maven2\tools\jackson\core\jackson-core\3.0.4\jackson-core-3.0.4.jar;C:\Users\weron\AppData\Local\Coursier\cache\v1\https\repo1.maven.org\maven2\org\eclipse\xtend\org.eclipse.xtend.lib\2.28.0\org.eclipse.xtend.lib-2.28.0.jar;C:\Users\weron\AppData\Local\Coursier\cache\v1\https\repo1.maven.org\maven2\com\google\code\gson\gson\2.13.1\gson-2.13.1.jar;C:\Users\weron\AppData\Local\Coursier\cache\v1\https\repo1.maven.org\maven2\org\apache\commons\commons-lang3\3.17.0\commons-lang3-3.17.0.jar;C:\Users\weron\AppData\Local\Coursier\cache\v1\https\repo1.maven.org\maven2\io\reactivex\rxjava2\rxjava\2.2.21\rxjava-2.2.21.jar;C:\Users\weron\AppData\Local\Coursier\cache\v1\https\repo1.maven.org\maven2\org\reactivestreams\reactive-streams\1.0.4\reactive-streams-1.0.4.jar;C:\Users\weron\AppData\Local\Coursier\cache\v1\https\repo1.maven.org\maven2\commons-io\commons-io\2.19.0\commons-io-2.19.0.jar;C:\Users\weron\AppData\Local\Coursier\cache\v1\https\repo1.maven.org\maven2\org\ow2\asm\asm-tree\9.8\asm-tree-9.8.jar;C:\Users\weron\AppData\Local\Coursier\cache\v1\https\repo1.maven.org\maven2\org\ow2\asm\asm-analysis\9.8\asm-analysis-9.8.jar;C:\Users\weron\AppData\Local\Coursier\cache\v1\https\repo1.maven.org\maven2\org\scala-sbt\test-interface\1.0\test-interface-1.0.jar;C:\Users\weron\AppData\Local\Coursier\cache\v1\https\repo1.maven.org\maven2\org\scalameta\trees_2.13\4.15.2\trees_2.13-4.15.2.jar;C:\Users\weron\AppData\Local\Coursier\cache\v1\https\repo1.maven.org\maven2\io\get-coursier\versions_2.13\0.5.1\versions_2.13-0.5.1.jar;C:\Users\weron\AppData\Local\Coursier\cache\v1\https\repo1.maven.org\maven2\io\github\alexarchambault\concurrent-reference-hash-map\1.1.0\concurrent-reference-hash-map-1.1.0.jar;C:\Users\weron\AppData\Local\Coursier\cache\v1\https\repo1.maven.org\maven2\io\get-coursier\coursier-util_2.13\2.1.25-M23\coursier-util_2.13-2.1.25-M23.jar;C:\Users\weron\AppData\Local\Coursier\cache\v1\https\repo1.maven.org\maven2\org\virtuslab\scala-cli\config_3\1.9.1\config_3-1.9.1.jar;C:\Users\weron\AppData\Local\Coursier\cache\v1\https\repo1.maven.org\maven2\io\github\alexarchambault\windows-ansi\windows-ansi\0.0.6\windows-ansi-0.0.6.jar;C:\Users\weron\AppData\Local\Coursier\cache\v1\https\repo1.maven.org\maven2\io\get-coursier\cache-util\2.1.25-M23\cache-util-2.1.25-M23.jar;C:\Users\weron\AppData\Local\Coursier\cache\v1\https\repo1.maven.org\maven2\io\get-coursier\coursier-paths\2.1.25-M23\coursier-paths-2.1.25-M23.jar;C:\Users\weron\AppData\Local\Coursier\cache\v1\https\repo1.maven.org\maven2\io\github\cquiroz\scala-java-time_2.13\2.6.0\scala-java-time_2.13-2.6.0.jar;C:\Users\weron\AppData\Local\Coursier\cache\v1\https\repo1.maven.org\maven2\io\github\cquiroz\scala-java-time-tzdb_2.13\2.6.0\scala-java-time-tzdb_2.13-2.6.0.jar;C:\Users\weron\AppData\Local\Coursier\cache\v1\https\repo1.maven.org\maven2\com\thesamet\scalapb\lenses_2.13\0.11.17\lenses_2.13-0.11.17.jar;C:\Users\weron\AppData\Local\Coursier\cache\v1\https\repo1.maven.org\maven2\io\projectreactor\reactor-core\3.7.0\reactor-core-3.7.0.jar;C:\Users\weron\AppData\Local\Coursier\cache\v1\https\repo1.maven.org\maven2\com\ethlo\time\itu\1.14.0\itu-1.14.0.jar;C:\Users\weron\AppData\Local\Coursier\cache\v1\https\repo1.maven.org\maven2\tools\jackson\dataformat\jackson-dataformat-yaml\3.0.3\jackson-dataformat-yaml-3.0.3.jar;C:\Users\weron\AppData\Local\Coursier\cache\v1\https\repo1.maven.org\maven2\io\github\java-diff-utils\java-diff-utils\4.16\java-diff-utils-4.16.jar;C:\Users\weron\AppData\Local\Coursier\cache\v1\https\repo1.maven.org\maven2\org\jline\jline\3.29.0\jline-3.29.0-jdk8.jar;C:\Users\weron\AppData\Local\Coursier\cache\v1\https\repo1.maven.org\maven2\org\eclipse\xtext\org.eclipse.xtext.xbase.lib\2.28.0\org.eclipse.xtext.xbase.lib-2.28.0.jar;C:\Users\weron\AppData\Local\Coursier\cache\v1\https\repo1.maven.org\maven2\org\eclipse\xtend\org.eclipse.xtend.lib.macro\2.28.0\org.eclipse.xtend.lib.macro-2.28.0.jar;C:\Users\weron\AppData\Local\Coursier\cache\v1\https\repo1.maven.org\maven2\org\scalameta\common_2.13\4.15.2\common_2.13-4.15.2.jar;C:\Users\weron\AppData\Local\Coursier\cache\v1\https\repo1.maven.org\maven2\org\scala-lang\scala3-library_3\3.3.6\scala3-library_3-3.3.6.jar;C:\Users\weron\AppData\Local\Coursier\cache\v1\https\repo1.maven.org\maven2\org\virtuslab\scala-cli\specification-level_3\1.9.1\specification-level_3-1.9.1.jar;C:\Users\weron\AppData\Local\Coursier\cache\v1\https\repo1.maven.org\maven2\org\fusesource\jansi\jansi\2.4.1\jansi-2.4.1.jar;C:\Users\weron\AppData\Local\Coursier\cache\v1\https\repo1.maven.org\maven2\io\github\alexarchambault\is-terminal\0.1.2\is-terminal-0.1.2.jar;C:\Users\weron\AppData\Local\Coursier\cache\v1\https\repo1.maven.org\maven2\org\portable-scala\portable-scala-reflect_2.13\1.1.3\portable-scala-reflect_2.13-1.1.3.jar;C:\Users\weron\AppData\Local\Coursier\cache\v1\https\repo1.maven.org\maven2\org\snakeyaml\snakeyaml-engine\2.10\snakeyaml-engine-2.10.jar
Launcher Type: SUN_STANDARD

[Global flags]
     intx CICompilerCount                          = 12                                        {product} {ergonomic}
     bool IgnoreUnrecognizedVMOptions              = true                                      {product} {command line}
   size_t InitialHeapSize                          = 104857600                                 {product} {command line}
   size_t MaxHeapSize                              = 2147483648                                {product} {command line}
   size_t MinHeapDeltaBytes                        = 2097152                                   {product} {ergonomic}
   size_t MinHeapSize                              = 104857600                                 {product} {command line}
    uintx NonNMethodCodeHeapSize                   = 7602176                                {pd product} {ergonomic}
    uintx NonProfiledCodeHeapSize                  = 122093568                              {pd product} {ergonomic}
    uintx ProfiledCodeHeapSize                     = 121962496                              {pd product} {ergonomic}
    uintx ReservedCodeCacheSize                    = 251658240                              {pd product} {ergonomic}
     bool SegmentedCodeCache                       = true                                      {product} {ergonomic}
   size_t SoftMaxHeapSize                          = 2147483648                             {manageable} {ergonomic}
     intx ThreadStackSize                          = 4096                                   {pd product} {command line}
     bool UseCompressedOops                        = false                          {product lp64_product} {ergonomic}
     bool UseLargePagesIndividualAllocation        = false                                  {pd product} {ergonomic}
     bool UseZGC                                   = true                                      {product} {command line}
   double ZCollectionInterval                      = 5.000000                                  {product} {command line}
   double ZCollectionIntervalMajor                 = 5.000000                                  {product} {ergonomic}
    uintx ZUncommitDelay                           = 30                                        {product} {command line}

Logging:
Log output configuration:
 #0: stdout all=warning uptime,level,tags foldmultilines=false
 #1: stderr all=off uptime,level,tags foldmultilines=false

Environment Variables:
JAVA_HOME=C:\Program Files (x86)\jdk-23_windows-x64_bin.exe
PATH=C:\Program Files\Common Files\Oracle\Java\javapath;C:\Users\weron\AppData\Local\Programs\Python\Python313\Scripts\;C:\Users\weron\AppData\Local\Programs\Python\Python313\;C:\WINDOWS\system32;C:\WINDOWS;C:\WINDOWS\System32\Wbem;C:\WINDOWS\System32\WindowsPowerShell\v1.0\;C:\WINDOWS\System32\OpenSSH\;C:\Program Files\dotnet\;C:\Program Files\PuTTY\;C:\Program Files\nodejs\;C:\ProgramData\chocolatey\bin;C:\Program Files\Git\cmd;C:\Users\weron\AppData\Local\Programs\Microsoft VS Code\Code.exe;C:\Program Files (x86)\sbt\bin;C:\Program Files (x86)\jdk-23_windows-x64_bin.exe;C:\Program Files\Go\bin;C:\Users\weron\AppData\Local\Microsoft\WindowsApps;;C:\Users\weron\PyCharm Community Edition 2024.3\bin;;C:\Users\weron\AppData\Local\Programs\Microsoft VS Code\bin;C:\Users\weron\AppData\Roaming\npm;C:\Users\weron\AppData\Local\Coursier\data\bin;C:\Users\weron\go\bin
USERNAME=weron
OS=Windows_NT
PROCESSOR_IDENTIFIER=Intel64 Family 6 Model 154 Stepping 3, GenuineIntel
TMP=C:\Users\weron\AppData\Local\Temp
TEMP=C:\Users\weron\AppData\Local\Temp




Periodic native trim disabled

---------------  S Y S T E M  ---------------

OS:
 Windows 11 , 64 bit Build 26100 (10.0.26100.8246)
OS uptime: 32 days 5:31 hours
Hyper-V role detected

CPU: total 20 (initial active 20) (10 cores per cpu, 2 threads per core) family 6 model 154 stepping 3 microcode 0x435, cx8, cmov, fxsr, ht, mmx, 3dnowpref, sse, sse2, sse3, ssse3, sse4.1, sse4.2, popcnt, lzcnt, tsc, tscinvbit, avx, avx2, aes, erms, clmul, bmi1, bmi2, adx, sha, fma, vzeroupper, clflush, clflushopt, clwb, hv, serialize, rdtscp, rdpid, fsrm, gfni, f16c, cet_ibt, cet_ss
Processor Information for processor 0
  Max Mhz: 2300, Current Mhz: 2300, Mhz Limit: 2300
Processor Information for processor 1
  Max Mhz: 2300, Current Mhz: 2300, Mhz Limit: 2300
Processor Information for processor 2
  Max Mhz: 2300, Current Mhz: 2300, Mhz Limit: 2300
Processor Information for processor 3
  Max Mhz: 2300, Current Mhz: 2300, Mhz Limit: 2300
Processor Information for processor 4
  Max Mhz: 2300, Current Mhz: 2300, Mhz Limit: 2300
Processor Information for processor 5
  Max Mhz: 2300, Current Mhz: 2300, Mhz Limit: 2300
Processor Information for processor 6
  Max Mhz: 2300, Current Mhz: 2300, Mhz Limit: 2300
Processor Information for processor 7
  Max Mhz: 2300, Current Mhz: 2300, Mhz Limit: 2300
Processor Information for processor 8
  Max Mhz: 2300, Current Mhz: 2300, Mhz Limit: 2300
Processor Information for processor 9
  Max Mhz: 2300, Current Mhz: 2300, Mhz Limit: 2300
Processor Information for processor 10
  Max Mhz: 2300, Current Mhz: 2300, Mhz Limit: 2300
Processor Information for processor 11
  Max Mhz: 2300, Current Mhz: 2300, Mhz Limit: 2300
Processor Information for processor 12
  Max Mhz: 2300, Current Mhz: 1700, Mhz Limit: 1679
Processor Information for processor 13
  Max Mhz: 2300, Current Mhz: 1700, Mhz Limit: 1679
Processor Information for processor 14
  Max Mhz: 2300, Current Mhz: 1700, Mhz Limit: 1679
Processor Information for processor 15
  Max Mhz: 2300, Current Mhz: 1700, Mhz Limit: 1679
Processor Information for processor 16
  Max Mhz: 2300, Current Mhz: 1700, Mhz Limit: 1679
Processor Information for processor 17
  Max Mhz: 2300, Current Mhz: 1700, Mhz Limit: 1679
Processor Information for processor 18
  Max Mhz: 2300, Current Mhz: 1700, Mhz Limit: 1679
Processor Information for processor 19
  Max Mhz: 2300, Current Mhz: 1700, Mhz Limit: 1679

Memory: 4k page, system-wide physical 16068M (829M free)
TotalPageFile size 65220M (AvailPageFile size 312M)
current process WorkingSet (physical memory assigned to process): 230M, peak: 239M
current process commit charge ("private bytes"): 207M, peak: 224M

vm_info: Java HotSpot(TM) 64-Bit Server VM (23.0.2+7-58) for windows-amd64 JRE (23.0.2+7-58), built on 2024-11-29T09:34:55Z with MS VC++ 17.6 (VS2022)

END.
