#
# There is insufficient memory for the Java Runtime Environment to continue.
# Native memory allocation (malloc) failed to allocate 3538960 bytes. Error detail: Chunk::new
# Possible reasons:
#   The system is out of physical RAM or swap space
# Possible solutions:
#   Reduce memory load on the system
#   Increase physical memory or swap space
#   Check if swap backing store is full
#   Decrease Java heap size (-Xmx/-Xms)
#   Decrease number of Java threads
#   Decrease Java thread stack sizes (-Xss)
#   Set larger code cache with -XX:ReservedCodeCacheSize=
# This output file may be truncated or incomplete.
#
#  Out of Memory Error (arena.cpp:149), pid=39408, tid=7364
#
# JRE version: Java(TM) SE Runtime Environment (23.0.2+7) (build 23.0.2+7-58)
# Java VM: Java HotSpot(TM) 64-Bit Server VM (23.0.2+7-58, mixed mode, sharing, tiered, compressed class ptrs, z gc, windows-amd64)
# No core dump will be written. Minidumps are not enabled by default on client versions of Windows
#

---------------  S U M M A R Y ------------

Command Line: -Xss4m -Xms100m -Dmetals.client=vscode -Xmx2G -XX:+UseZGC -XX:ZUncommitDelay=30 -XX:ZCollectionInterval=5 -XX:+IgnoreUnrecognizedVMOptions scala.meta.metals.Main

Host: 12th Gen Intel(R) Core(TM) i7-12700H, 20 cores, 15G,  Windows 11 , 64 bit Build 26100 (10.0.26100.8246)
Time: Thu May 28 14:24:17 2026  Windows 11 , 64 bit Build 26100 (10.0.26100.8246) elapsed time: 12.309903 seconds (0d 0h 0m 12s)

---------------  T H R E A D  ---------------

Current thread (0x0000013b8a5f6690):  JavaThread "C2 CompilerThread6" daemon [_thread_in_native, id=7364, stack(0x00000003fca00000,0x00000003fcb00000) (1024K)]


Current CompileTask:
C2:12310 5433   !   4       java.nio.file.FileTreeWalker::visit (204 bytes)

Stack: [0x00000003fca00000,0x00000003fcb00000]
Native frames: (J=compiled Java code, j=interpreted, Vv=VM code, C=native code)
V  [jvm.dll+0x6e0b99]  (no source info available)
V  [jvm.dll+0x87e2b3]  (no source info available)
V  [jvm.dll+0x88073e]  (no source info available)
V  [jvm.dll+0x880e13]  (no source info available)
V  [jvm.dll+0x27b006]  (no source info available)
V  [jvm.dll+0xbc06f]  (no source info available)
V  [jvm.dll+0xbc2cb]  (no source info available)
V  [jvm.dll+0x132e23]  (no source info available)
V  [jvm.dll+0x8e7412]  (no source info available)
V  [jvm.dll+0x6e624a]  (no source info available)
V  [jvm.dll+0x244f9a]  (no source info available)
V  [jvm.dll+0x243eff]  (no source info available)
V  [jvm.dll+0x1c34b0]  (no source info available)
V  [jvm.dll+0x253df1]  (no source info available)
V  [jvm.dll+0x2520aa]  (no source info available)
V  [jvm.dll+0x3ee226]  (no source info available)
V  [jvm.dll+0x8254cb]  (no source info available)
V  [jvm.dll+0x6df345]  (no source info available)
C  [ucrtbase.dll+0x37b0]  (no source info available)
C  [KERNEL32.DLL+0x2e8d7]  (no source info available)
C  [ntdll.dll+0x8c3fc]  (no source info available)

Lock stack of current Java thread (top to bottom):


---------------  P R O C E S S  ---------------

Threads class SMR info:
_java_thread_list=0x0000013b81ad36b0, length=78, elements={
0x0000013ba0f36280, 0x0000013b8110f010, 0x0000013b8110f680, 0x0000013b81115d10,
0x0000013b811165e0, 0x0000013b81162fe0, 0x0000013b81164330, 0x0000013b811960f0,
0x0000013b81196860, 0x0000013b811ff0f0, 0x0000013b8143d000, 0x0000013b8143fcc0,
0x0000013b86316c30, 0x0000013b86e42b70, 0x0000013b8800f410, 0x0000013b8800e060,
0x0000013b8800e6f0, 0x0000013b8800ccb0, 0x0000013b8800faa0, 0x0000013b8800d9d0,
0x0000013b8800d340, 0x0000013b88453040, 0x0000013b884557a0, 0x0000013b88455e30,
0x0000013b817aa080, 0x0000013b860139c0, 0x0000013b884536d0, 0x0000013b88453d60,
0x0000013b87e573f0, 0x0000013b87e57ab0, 0x0000013b884543f0, 0x0000013b88454a80,
0x0000013b88455110, 0x0000013b814bc500, 0x0000013b814bcb90, 0x0000013b814bd220,
0x0000013b814bdf40, 0x0000013b814baac0, 0x0000013b814bb7e0, 0x0000013b8a334a90,
0x0000013b89e54e90, 0x0000013b8a7aae20, 0x0000013b814bb150, 0x0000013b814bbe70,
0x0000013b8ab1f960, 0x0000013b8ab20d10, 0x0000013b8ab213a0, 0x0000013b8ab21a30,
0x0000013b8ab220c0, 0x0000013b8ab1fff0, 0x0000013b8ab22750, 0x0000013b8ab1f2d0,
0x0000013b8ab22de0, 0x0000013b8a5f6690, 0x0000013b8ab23470, 0x0000013b8ab23b00,
0x0000013b8ab20680, 0x0000013b8ab25540, 0x0000013b88ff3560, 0x0000013b8ab24820,
0x0000013b8ab26260, 0x0000013b8ab24eb0, 0x0000013b8ab25bd0, 0x0000013b8ab268f0,
0x0000013b8ab24190, 0x0000013b8a232c60, 0x0000013b8a2325d0, 0x0000013b8a234010,
0x0000013b8a2332f0, 0x0000013b8a233980, 0x0000013b8a2346a0, 0x0000013b8a234d30,
0x0000013b8a2318b0, 0x0000013b8a2353c0, 0x0000013b8a231f40, 0x0000013b8a238840,
0x0000013b8a2360e0, 0x0000013b8a237b20
}

Java Threads: ( => current thread )
  0x0000013ba0f36280 JavaThread "main"                              [_thread_blocked, id=43644, stack(0x00000003ef900000,0x00000003efd00000) (4096K)]
  0x0000013b8110f010 JavaThread "Reference Handler"          daemon [_thread_blocked, id=25028, stack(0x00000003f1b00000,0x00000003f1f00000) (4096K)]
  0x0000013b8110f680 JavaThread "Finalizer"                  daemon [_thread_blocked, id=39728, stack(0x00000003f1f00000,0x00000003f2300000) (4096K)]
  0x0000013b81115d10 JavaThread "Signal Dispatcher"          daemon [_thread_blocked, id=39076, stack(0x00000003f2300000,0x00000003f2700000) (4096K)]
  0x0000013b811165e0 JavaThread "Attach Listener"            daemon [_thread_blocked, id=51956, stack(0x00000003f2700000,0x00000003f2b00000) (4096K)]
  0x0000013b81162fe0 JavaThread "Service Thread"             daemon [_thread_blocked, id=53284, stack(0x00000003f2b00000,0x00000003f2f00000) (4096K)]
  0x0000013b81164330 JavaThread "Monitor Deflation Thread"   daemon [_thread_blocked, id=21240, stack(0x00000003f2f00000,0x00000003f3300000) (4096K)]
  0x0000013b811960f0 JavaThread "C2 CompilerThread0"         daemon [_thread_in_native, id=51448, stack(0x00000003f3300000,0x00000003f3400000) (1024K)]
  0x0000013b81196860 JavaThread "C1 CompilerThread0"         daemon [_thread_in_native, id=19304, stack(0x00000003f3400000,0x00000003f3500000) (1024K)]
  0x0000013b811ff0f0 JavaThread "C1 CompilerThread1"         daemon [_thread_blocked, id=33152, stack(0x00000003f3500000,0x00000003f3600000) (1024K)]
  0x0000013b8143d000 JavaThread "Notification Thread"        daemon [_thread_blocked, id=46360, stack(0x00000003f3600000,0x00000003f3a00000) (4096K)]
  0x0000013b8143fcc0 JavaThread "Common-Cleaner"             daemon [_thread_blocked, id=33412, stack(0x00000003f3a00000,0x00000003f3e00000) (4096K)]
  0x0000013b86316c30 JavaThread "pool-1-thread-1"                   [_thread_in_native, id=7748, stack(0x00000003f4000000,0x00000003f4400000) (4096K)]
  0x0000013b86e42b70 JavaThread "scala-execution-context-global-54" daemon [_thread_blocked, id=38432, stack(0x00000003f4600000,0x00000003f4a00000) (4096K)]
  0x0000013b8800f410 JavaThread "coursier-pool-1-thread-1"   daemon [_thread_blocked, id=30596, stack(0x00000003f4a00000,0x00000003f4e00000) (4096K)]
  0x0000013b8800e060 JavaThread "coursier-pool-1-thread-2"   daemon [_thread_blocked, id=6704, stack(0x00000003f4e00000,0x00000003f5200000) (4096K)]
  0x0000013b8800e6f0 JavaThread "coursier-pool-1-thread-3"   daemon [_thread_blocked, id=33276, stack(0x00000003f5200000,0x00000003f5600000) (4096K)]
  0x0000013b8800ccb0 JavaThread "coursier-pool-1-thread-4"   daemon [_thread_blocked, id=41540, stack(0x00000003f5600000,0x00000003f5a00000) (4096K)]
  0x0000013b8800faa0 JavaThread "coursier-pool-1-thread-5"   daemon [_thread_blocked, id=32868, stack(0x00000003f5a00000,0x00000003f5e00000) (4096K)]
  0x0000013b8800d9d0 JavaThread "coursier-pool-1-thread-6"   daemon [_thread_blocked, id=24836, stack(0x00000003f5e00000,0x00000003f6200000) (4096K)]
  0x0000013b8800d340 JavaThread "pool-1-thread-2"                   [_thread_blocked, id=46188, stack(0x00000003f6200000,0x00000003f6600000) (4096K)]
  0x0000013b88453040 JavaThread "pool-1-thread-3"                   [_thread_blocked, id=34484, stack(0x00000003f6600000,0x00000003f6a00000) (4096K)]
  0x0000013b884557a0 JavaThread "ForkJoinPool.commonPool-worker-1" daemon [_thread_blocked, id=42632, stack(0x00000003f6a00000,0x00000003f6e00000) (4096K)]
  0x0000013b88455e30 JavaThread "pool-2-thread-1"                   [_thread_blocked, id=17992, stack(0x00000003f6e00000,0x00000003f7200000) (4096K)]
  0x0000013b817aa080 JavaThread "C2 CompilerThread1"         daemon [_thread_in_native, id=23220, stack(0x00000003f3e00000,0x00000003f3f00000) (1024K)]
  0x0000013b860139c0 JavaThread "C2 CompilerThread2"         daemon [_thread_in_native, id=16824, stack(0x00000003f3f00000,0x00000003f4000000) (1024K)]
  0x0000013b884536d0 JavaThread "H2 File Lock Watchdog C:/Users/weron/OneDrive/Dokumenty/java/zad3/.metals/metals.lock.db" daemon [_thread_blocked, id=14620, stack(0x00000003f7300000,0x00000003f7700000) (4096K)]
  0x0000013b88453d60 JavaThread "H2 TCP Server (tcp://localhost:64091)" daemon [_thread_in_native, id=45420, stack(0x00000003f7700000,0x00000003f7b00000) (4096K)]
  0x0000013b87e573f0 JavaThread "C1 CompilerThread2"         daemon [_thread_blocked, id=54800, stack(0x00000003f4400000,0x00000003f4500000) (1024K)]
  0x0000013b87e57ab0 JavaThread "C1 CompilerThread3"         daemon [_thread_blocked, id=40620, stack(0x00000003f4500000,0x00000003f4600000) (1024K)]
  0x0000013b884543f0 JavaThread "MVStore background writer C:/Users/weron/OneDrive/Dokumenty/java/zad3/.metals/metals.mv.db" daemon [_thread_blocked, id=9188, stack(0x00000003f7b00000,0x00000003f7f00000) (4096K)]
  0x0000013b88454a80 JavaThread "pool-1-thread-4"                   [_thread_in_native, id=14124, stack(0x00000003f7f00000,0x00000003f8300000) (4096K)]
  0x0000013b88455110 JavaThread "pool-1-thread-5"                   [_thread_in_vm, id=19920, stack(0x00000003f8300000,0x00000003f8700000) (4096K)]
  0x0000013b814bc500 JavaThread "pool-1-thread-6"                   [_thread_in_vm, id=15512, stack(0x00000003f8700000,0x00000003f8b00000) (4096K)]
  0x0000013b814bcb90 JavaThread "pool-1-thread-7"                   [_thread_blocked, id=48064, stack(0x00000003f8b00000,0x00000003f8f00000) (4096K)]
  0x0000013b814bd220 JavaThread "pool-1-thread-8"                   [_thread_blocked, id=19784, stack(0x00000003f8f00000,0x00000003f9300000) (4096K)]
  0x0000013b814bdf40 JavaThread "pool-1-thread-9"                   [_thread_in_vm, id=34268, stack(0x00000003f9300000,0x00000003f9700000) (4096K)]
  0x0000013b814baac0 JavaThread "pool-1-thread-10"                  [_thread_blocked, id=46972, stack(0x00000003f9700000,0x00000003f9b00000) (4096K)]
  0x0000013b814bb7e0 JavaThread "pool-1-thread-11"                  [_thread_blocked, id=35648, stack(0x00000003f9b00000,0x00000003f9f00000) (4096K)]
  0x0000013b8a334a90 JavaThread "C2 CompilerThread3"         daemon [_thread_in_native, id=23796, stack(0x00000003f9f00000,0x00000003fa000000) (1024K)]
  0x0000013b89e54e90 JavaThread "C2 CompilerThread4"         daemon [_thread_in_native, id=6492, stack(0x00000003fa000000,0x00000003fa100000) (1024K)]
  0x0000013b8a7aae20 JavaThread "C2 CompilerThread5"         daemon [_thread_in_native, id=20436, stack(0x00000003fa100000,0x00000003fa200000) (1024K)]
  0x0000013b814bb150 JavaThread "pool-1-thread-12"                  [_thread_blocked, id=49460, stack(0x00000003fa200000,0x00000003fa600000) (4096K)]
  0x0000013b814bbe70 JavaThread "pool-1-thread-13"                  [_thread_blocked, id=10296, stack(0x00000003fa600000,0x00000003faa00000) (4096K)]
  0x0000013b8ab1f960 JavaThread "pool-1-thread-14"                  [_thread_blocked, id=25596, stack(0x00000003faa00000,0x00000003fae00000) (4096K)]
  0x0000013b8ab20d10 JavaThread "pool-1-thread-15"                  [_thread_blocked, id=35244, stack(0x00000003fae00000,0x00000003fb200000) (4096K)]
  0x0000013b8ab213a0 JavaThread "pool-1-thread-16"                  [_thread_blocked, id=3048, stack(0x00000003fb200000,0x00000003fb600000) (4096K)]
  0x0000013b8ab21a30 JavaThread "pool-1-thread-17"                  [_thread_blocked, id=19960, stack(0x00000003fb600000,0x00000003fba00000) (4096K)]
  0x0000013b8ab220c0 JavaThread "pool-1-thread-18"                  [_thread_blocked, id=29320, stack(0x00000003fba00000,0x00000003fbe00000) (4096K)]
  0x0000013b8ab1fff0 JavaThread "pool-1-thread-19"                  [_thread_blocked, id=43852, stack(0x00000003fbe00000,0x00000003fc200000) (4096K)]
  0x0000013b8ab22750 JavaThread "pool-1-thread-20"                  [_thread_blocked, id=55756, stack(0x00000003fc200000,0x00000003fc600000) (4096K)]
  0x0000013b8ab1f2d0 JavaThread "pool-1-thread-21"                  [_thread_blocked, id=49936, stack(0x00000003fc600000,0x00000003fca00000) (4096K)]
  0x0000013b8ab22de0 JavaThread "pool-1-thread-22"                  [_thread_blocked, id=16368, stack(0x00000003fcb00000,0x00000003fcf00000) (4096K)]
=>0x0000013b8a5f6690 JavaThread "C2 CompilerThread6"         daemon [_thread_in_native, id=7364, stack(0x00000003fca00000,0x00000003fcb00000) (1024K)]
  0x0000013b8ab23470 JavaThread "pool-1-thread-23"                  [_thread_blocked, id=28832, stack(0x00000003fcf00000,0x00000003fd300000) (4096K)]
  0x0000013b8ab23b00 JavaThread "pool-1-thread-24"                  [_thread_blocked, id=6100, stack(0x00000003fd300000,0x00000003fd700000) (4096K)]
  0x0000013b8ab20680 JavaThread "pool-1-thread-25"                  [_thread_blocked, id=23592, stack(0x00000003fd700000,0x00000003fdb00000) (4096K)]
  0x0000013b8ab25540 JavaThread "pool-1-thread-26"                  [_thread_blocked, id=50828, stack(0x00000003fdb00000,0x00000003fdf00000) (4096K)]
  0x0000013b88ff3560 JavaThread "C2 CompilerThread7"         daemon [_thread_blocked, id=41656, stack(0x00000003fdf00000,0x00000003fe000000) (1024K)]
  0x0000013b8ab24820 JavaThread "H2-serialization"           daemon [_thread_blocked, id=2644, stack(0x00000003fe000000,0x00000003fe400000) (4096K)]
  0x0000013b8ab26260 JavaThread "H2-save"                    daemon [_thread_blocked, id=25460, stack(0x00000003fe400000,0x00000003fe800000) (4096K)]
  0x0000013b8ab24eb0 JavaThread "pool-1-thread-28"                  [_thread_blocked, id=17304, stack(0x00000003fe800000,0x00000003fec00000) (4096K)]
  0x0000013b8ab25bd0 JavaThread "pool-1-thread-27"                  [_thread_blocked, id=20284, stack(0x00000003fec00000,0x00000003ff000000) (4096K)]
  0x0000013b8ab268f0 JavaThread "pool-1-thread-29"                  [_thread_blocked, id=53052, stack(0x00000003ff000000,0x00000003ff400000) (4096K)]
  0x0000013b8ab24190 JavaThread "pool-1-thread-30"                  [_thread_blocked, id=43264, stack(0x00000003ff400000,0x00000003ff800000) (4096K)]
  0x0000013b8a232c60 JavaThread "pool-1-thread-31"                  [_thread_blocked, id=48944, stack(0x00000003ff800000,0x00000003ffc00000) (4096K)]
  0x0000013b8a2325d0 JavaThread "pool-1-thread-32"                  [_thread_blocked, id=23920, stack(0x00000003ffc00000,0x0000000400000000) (4096K)]
  0x0000013b8a234010 JavaThread "pool-1-thread-34"                  [_thread_blocked, id=16328, stack(0x0000000380000000,0x0000000380400000) (4096K)]
  0x0000013b8a2332f0 JavaThread "pool-1-thread-33"                  [_thread_blocked, id=56192, stack(0x0000000380400000,0x0000000380800000) (4096K)]
  0x0000013b8a233980 JavaThread "pool-1-thread-35"                  [_thread_blocked, id=5204, stack(0x0000000380800000,0x0000000380c00000) (4096K)]
  0x0000013b8a2346a0 JavaThread "pool-1-thread-36"                  [_thread_blocked, id=42584, stack(0x0000000380c00000,0x0000000381000000) (4096K)]
  0x0000013b8a234d30 JavaThread "pool-1-thread-37"                  [_thread_blocked, id=53032, stack(0x0000000381000000,0x0000000381400000) (4096K)]
  0x0000013b8a2318b0 JavaThread "pool-1-thread-38"                  [_thread_blocked, id=10060, stack(0x0000000381400000,0x0000000381800000) (4096K)]
  0x0000013b8a2353c0 JavaThread "pool-1-thread-39"                  [_thread_blocked, id=20724, stack(0x0000000381800000,0x0000000381c00000) (4096K)]
  0x0000013b8a231f40 JavaThread "pool-1-thread-40"                  [_thread_blocked, id=27512, stack(0x0000000381c00000,0x0000000382000000) (4096K)]
  0x0000013b8a238840 JavaThread "pool-1-thread-41"                  [_thread_blocked, id=5596, stack(0x0000000382000000,0x0000000382400000) (4096K)]
  0x0000013b8a2360e0 JavaThread "pool-1-thread-42"                  [_thread_blocked, id=32420, stack(0x0000000382400000,0x0000000382800000) (4096K)]
  0x0000013b8a237b20 JavaThread "pool-1-thread-43"                  [_thread_blocked, id=26076, stack(0x0000000382800000,0x0000000382c00000) (4096K)]
Total: 78

Other Threads:
  0x0000013ba10547e0 VMThread "VM Thread"                           [id=54228, stack(0x00000003f1a00000,0x00000003f1b00000) (1024K)] _threads_hazard_ptr=0x0000013b81ad36b0
  0x0000013ba10d5b70 WatcherThread "VM Periodic Task Thread"        [id=39436, stack(0x00000003f1900000,0x00000003f1a00000) (1024K)]
  0x0000013ba103f790 ConcurrentGCThread "ZDirector"                 [id=22496, stack(0x00000003f0b00000,0x00000003f0c00000) (1024K)]
  0x0000013ba103ec30 ConcurrentGCThread "ZDriverMajor"              [id=46292, stack(0x00000003f0a00000,0x00000003f0b00000) (1024K)]
  0x0000013ba103e0d0 ConcurrentGCThread "ZDriverMinor"              [id=26192, stack(0x00000003f0900000,0x00000003f0a00000) (1024K)]
  0x0000013ba103ffb0 ConcurrentGCThread "ZStat"                     [id=38608, stack(0x00000003f0c00000,0x00000003f0d00000) (1024K)]
  0x0000013b96baca70 ConcurrentGCThread "ZUnmapper"                 [id=34632, stack(0x00000003efd00000,0x00000003efe00000) (1024K)]
  0x0000013b96bad330 ConcurrentGCThread "ZUncommitter"              [id=33620, stack(0x00000003efe00000,0x00000003eff00000) (1024K)]
  0x0000013ba0fb1de0 WorkerThread "ZWorkerYoung#0"                  [id=13736, stack(0x00000003f0400000,0x00000003f0500000) (1024K)]
  0x0000013ba0fb0410 WorkerThread "ZWorkerYoung#1"                  [id=20184, stack(0x00000003f0500000,0x00000003f0600000) (1024K)]
  0x0000013ba0fb0b70 WorkerThread "ZWorkerYoung#2"                  [id=9528, stack(0x00000003f0600000,0x00000003f0700000) (1024K)]
  0x0000013ba0fb07c0 WorkerThread "ZWorkerYoung#3"                  [id=40224, stack(0x00000003f0700000,0x00000003f0800000) (1024K)]
  0x0000013ba0fb0f20 WorkerThread "ZWorkerYoung#4"                  [id=44280, stack(0x00000003f0800000,0x00000003f0900000) (1024K)]
  0x0000013b96bae780 WorkerThread "ZWorkerOld#0"                    [id=18340, stack(0x00000003eff00000,0x00000003f0000000) (1024K)]
  0x0000013b96f2d7a0 WorkerThread "ZWorkerOld#1"                    [id=20956, stack(0x00000003f0000000,0x00000003f0100000) (1024K)]
  0x0000013ba0f94e90 WorkerThread "ZWorkerOld#2"                    [id=50832, stack(0x00000003f0100000,0x00000003f0200000) (1024K)]
  0x0000013ba0f96a60 WorkerThread "ZWorkerOld#3"                    [id=324, stack(0x00000003f0200000,0x00000003f0300000) (1024K)]
  0x0000013ba0f9a7e0 WorkerThread "ZWorkerOld#4"                    [id=54372, stack(0x00000003f0300000,0x00000003f0400000) (1024K)]
  0x0000013ba0fb1680 WorkerThread "RuntimeWorker#0"                 [id=14748, stack(0x00000003f0d00000,0x00000003f0e00000) (1024K)]
  0x0000013ba0fb12d0 WorkerThread "RuntimeWorker#1"                 [id=53476, stack(0x00000003f0e00000,0x00000003f0f00000) (1024K)]
  0x0000013ba0fb1a30 WorkerThread "RuntimeWorker#2"                 [id=34732, stack(0x00000003f0f00000,0x00000003f1000000) (1024K)]
  0x0000013ba1052e10 WorkerThread "RuntimeWorker#3"                 [id=32940, stack(0x00000003f1000000,0x00000003f1100000) (1024K)]
  0x0000013ba10531c0 WorkerThread "RuntimeWorker#4"                 [id=43700, stack(0x00000003f1100000,0x00000003f1200000) (1024K)]
  0x0000013ba1053570 WorkerThread "RuntimeWorker#5"                 [id=18932, stack(0x00000003f1200000,0x00000003f1300000) (1024K)]
  0x0000013ba1054f40 WorkerThread "RuntimeWorker#6"                 [id=29236, stack(0x00000003f1300000,0x00000003f1400000) (1024K)]
  0x0000013ba1054080 WorkerThread "RuntimeWorker#7"                 [id=45444, stack(0x00000003f1400000,0x00000003f1500000) (1024K)]
  0x0000013ba1054430 WorkerThread "RuntimeWorker#8"                 [id=10848, stack(0x00000003f1500000,0x00000003f1600000) (1024K)]
  0x0000013ba10526b0 WorkerThread "RuntimeWorker#9"                 [id=39080, stack(0x00000003f1600000,0x00000003f1700000) (1024K)]
  0x0000013ba1052300 WorkerThread "RuntimeWorker#10"                [id=12032, stack(0x00000003f1700000,0x00000003f1800000) (1024K)]
  0x0000013ba1052a60 WorkerThread "RuntimeWorker#11"                [id=26384, stack(0x00000003f1800000,0x00000003f1900000) (1024K)]
Total: 30

Threads with active compile tasks:
C2 CompilerThread0  13370 5605 % !   4       java.nio.file.Files::walkFileTree @ 19 (297 bytes)
C2 CompilerThread1  13370 5808   !   4       java.nio.file.FileTreeWalker::next (144 bytes)
C2 CompilerThread2  13370 5748       4       java.util.concurrent.locks.AbstractQueuedSynchronizer::acquireShared (20 bytes)
C2 CompilerThread3  13370 5824       4       jdk.nio.zipfs.ZipPath::getResolvedPath (42 bytes)
C2 CompilerThread4  13370 5837       4       jdk.nio.zipfs.ZipPath::isAbsolute (25 bytes)
C2 CompilerThread5  13370 5763       4       java.time.zone.ZoneRules::getOffsetInfo (278 bytes)
C2 CompilerThread6  13370 5433   !   4       java.nio.file.FileTreeWalker::visit (204 bytes)
C2 CompilerThread7  13370 5841       4       java.util.concurrent.ConcurrentHashMap::spread (10 bytes)
Total: 8

VM state: not at safepoint (normal execution)

VM Mutex/Monitor currently owned by a thread: None

CDS archive(s) mapped at: [0x0000013fb3000000-0x0000013fb3d70000-0x0000013fb3d70000), size 14090240, SharedBaseAddress: 0x0000013fb3000000, ArchiveRelocationMode: 1.
Compressed class space mapped at: 0x0000013fb4000000-0x0000013ff4000000, reserved size: 1073741824
Narrow klass base: 0x0000013fb3000000, Narrow klass shift: 0, Narrow klass range: 0x41000000

GC Precious Log:
 NUMA Support: Disabled
 CPUs: 20 total, 20 available
 Memory: 16068M
 Large Page Support: Disabled
 Address Space Type: Contiguous/Unrestricted/Complete
 Address Space Size: 32768M
 Min Capacity: 100M
 Initial Capacity: 100M
 Max Capacity: 2048M
 Soft Max Capacity: 2048M
 Medium Page Size: 32M
 Pre-touch: Disabled
 Uncommit: Enabled
 Uncommit Delay: 30s
 GC Workers for Old Generation: 5 (dynamic)
 GC Workers for Young Generation: 5 (dynamic)
 GC Workers Max: 5 (dynamic)
 Runtime Workers: 12
 Forced to lower max Java heap size from 2048M(100%) to 714M(35%)
 Forced to lower max Java heap size from 714M(35%) to 682M(33%)
 Forced to lower max Java heap size from 682M(33%) to 650M(32%)

ZGC Globals:
 Young Collection:   Mark/7
 Old Collection:     Mark/6
 Offset Max:         4096G (0x0000040000000000)
 Page Size Small:    2M
 Page Size Medium:   32M

ZGC Metadata Bits:
 LoadGood:           0x0000000000002000
 LoadBad:            0x000000000000d000
 MarkGood:           0x0000000000002900
 MarkBad:            0x000000000000d6c0
 StoreGood:          0x0000000000002910
 StoreBad:           0x000000000000d6e0
 ------------------- 
 Remapped:           0x0000000000002000
 RemappedYoung:      0x000000000000a000
 RemappedOld:        0x0000000000003000
 MarkedYoung:        0x0000000000000100
 MarkedOld:          0x0000000000000800
 Remembered:         0x0000000000000010

Heap:
 ZHeap           used 362M, capacity 650M, max capacity 2048M
 Metaspace       used 62763K, committed 63552K, reserved 1114112K
  class space    used 8005K, committed 8384K, reserved 1048576K

ZGC Page Table:
 Small   0x0000000001400000 0x00000000014017b8 0x0000000001600000 Y/6     Relocatable
 Small   0x0000000001800000 0x00000000019ffff8 0x0000000001a00000 Y/6     Relocatable
 Small   0x0000000002200000 0x00000000022000e8 0x0000000002400000 Y/6     Relocatable
 Small   0x0000000002c00000 0x0000000002c404b0 0x0000000002e00000 Y/6     Relocatable
 Small   0x0000000003200000 0x0000000003349280 0x0000000003400000 Y/6     Relocatable
 Small   0x0000000003600000 0x00000000037fc7b0 0x0000000003800000 O/5     Relocatable
 Small   0x0000000003a00000 0x0000000003a04860 0x0000000003c00000 Y/6     Relocatable
 Small   0x0000000003c00000 0x0000000003df0db8 0x0000000003e00000 O/5     Relocatable
 Small   0x0000000004000000 0x0000000004200000 0x0000000004200000 Y/6     Relocatable
 Small   0x0000000004600000 0x00000000047fd350 0x0000000004800000 Y/6     Relocatable
 Small   0x0000000004800000 0x00000000049fffe0 0x0000000004a00000 Y/6     Relocatable
 Small   0x0000000004c00000 0x0000000004d766d8 0x0000000004e00000 O/5     Relocatable
 Small   0x0000000005000000 0x0000000005200000 0x0000000005200000 Y/6     Relocatable
 Small   0x0000000005200000 0x000000000538c1e0 0x0000000005400000 O/5     Relocatable
 Small   0x0000000006200000 0x00000000063ffff8 0x0000000006400000 O/5     Relocatable
 Small   0x0000000006400000 0x00000000065ffff8 0x0000000006600000 Y/6     Relocatable
 Small   0x0000000006c00000 0x0000000006dc2408 0x0000000006e00000 Y/6     Relocatable
 Small   0x0000000007200000 0x0000000007201010 0x0000000007400000 Y/6     Relocatable
 Small   0x0000000007800000 0x00000000079607b8 0x0000000007a00000 Y/6     Relocatable
 Small   0x0000000007a00000 0x0000000007bfffa8 0x0000000007c00000 O/5     Relocatable
 Small   0x0000000007e00000 0x0000000007f22b78 0x0000000008000000 O/5     Relocatable
 Small   0x0000000008a00000 0x0000000008a80000 0x0000000008c00000 Y/6     Relocatable
 Small   0x000000000a800000 0x000000000a9ffff8 0x000000000aa00000 Y/6     Relocatable
 Small   0x000000000b200000 0x000000000b2000d0 0x000000000b400000 Y/6     Relocatable
 Small   0x000000000e600000 0x000000000e800000 0x000000000e800000 Y/6     Relocatable
 Small   0x000000000f000000 0x000000000f200000 0x000000000f200000 Y/6     Relocatable
 Small   0x000000000f200000 0x000000000f2b2758 0x000000000f400000 Y/6     Relocatable
 Small   0x000000000f400000 0x000000000f400048 0x000000000f600000 Y/6     Relocatable
 Small   0x000000000fa00000 0x000000000fa000b0 0x000000000fc00000 O/5     Relocatable
 Small   0x000000000fc00000 0x000000000fc00960 0x000000000fe00000 O/5     Relocatable
 Small   0x000000000fe00000 0x000000000fe000c0 0x0000000010000000 Y/6     Relocatable
 Small   0x0000000010000000 0x000000001000c3f0 0x0000000010200000 Y/6     Relocatable
 Small   0x0000000010200000 0x0000000010200bc0 0x0000000010400000 O/5     Relocatable
 Small   0x0000000010400000 0x0000000010400208 0x0000000010600000 O/5     Relocatable
 Small   0x0000000010c00000 0x0000000010c04940 0x0000000010e00000 O/5     Relocatable
 Small   0x0000000011400000 0x0000000011400020 0x0000000011600000 Y/6     Relocatable
 Small   0x0000000011a00000 0x0000000011a25ff8 0x0000000011c00000 O/5     Relocatable
 Small   0x0000000011e00000 0x0000000011e000b8 0x0000000012000000 Y/6     Relocatable
 Small   0x0000000013600000 0x0000000013600230 0x0000000013800000 Y/6     Relocatable
 Small   0x0000000014400000 0x0000000014440000 0x0000000014600000 Y/6     Relocatable
 Small   0x0000000015200000 0x0000000015400000 0x0000000015400000 Y/6     Relocatable
 Small   0x0000000015e00000 0x0000000016000000 0x0000000016000000 Y/6     Relocatable
 Small   0x0000000017000000 0x0000000017040000 0x0000000017200000 Y/6     Relocatable
 Small   0x0000000018200000 0x0000000018400000 0x0000000018400000 Y/6     Relocatable
 Small   0x0000000018800000 0x0000000018940000 0x0000000018a00000 Y/6     Relocatable
 Small   0x0000000019000000 0x0000000019000050 0x0000000019200000 Y/6     Relocatable
 Small   0x0000000019800000 0x00000000199e69d8 0x0000000019a00000 Y/6     Relocatable
 Small   0x0000000019a00000 0x0000000019c00000 0x0000000019c00000 Y/6     Relocatable
 Small   0x0000000019c00000 0x0000000019c004e8 0x0000000019e00000 Y/6     Relocatable
 Small   0x000000001a400000 0x000000001a4b4668 0x000000001a600000 Y/6     Relocatable
 Small   0x000000001a800000 0x000000001a8202b0 0x000000001aa00000 Y/6     Relocatable
 Small   0x000000001ac00000 0x000000001ac00180 0x000000001ae00000 Y/6     Relocatable
 Small   0x000000001b000000 0x000000001b07a340 0x000000001b200000 Y/6     Relocatable
 Small   0x000000001b200000 0x000000001b200038 0x000000001b400000 Y/6     Relocatable
 Small   0x000000001b400000 0x000000001b4000f8 0x000000001b600000 Y/6     Relocatable
 Small   0x000000001b600000 0x000000001b640000 0x000000001b800000 Y/6     Relocatable
 Small   0x000000001ba00000 0x000000001ba00120 0x000000001bc00000 Y/6     Relocatable
 Small   0x000000001be00000 0x000000001be00048 0x000000001c000000 Y/6     Relocatable
 Small   0x000000001c200000 0x000000001c200910 0x000000001c400000 Y/6     Relocatable
 Small   0x000000001c800000 0x000000001c840000 0x000000001ca00000 Y/6     Relocatable
 Small   0x000000001ca00000 0x000000001ca80000 0x000000001cc00000 Y/6     Relocatable
 Small   0x000000001cc00000 0x000000001cd00000 0x000000001ce00000 Y/6     Relocatable
 Small   0x000000001ce00000 0x000000001d000000 0x000000001d000000 Y/6     Relocatable
 Small   0x000000001d000000 0x000000001d080000 0x000000001d200000 Y/6     Relocatable
 Small   0x000000001d200000 0x000000001d280000 0x000000001d400000 Y/6     Relocatable
 Small   0x000000001d400000 0x000000001d4c0000 0x000000001d600000 Y/6     Relocatable
 Small   0x000000001d600000 0x000000001d800000 0x000000001d800000 Y/6     Relocatable
 Small   0x000000001d800000 0x000000001d840000 0x000000001da00000 Y/6     Relocatable
 Small   0x000000001da00000 0x000000001dc00000 0x000000001dc00000 Y/6     Relocatable
 Medium  0x00000007ec000000 0x00000007ec509000 0x00000007ee000000 Y/6     Relocatable
 Medium  0x00000007ee000000 0x00000007ee047000 0x00000007f0000000 Y/6     Relocatable
 Medium  0x00000007f4000000 0x00000007f4180000 0x00000007f6000000 O/5     Relocatable
 Medium  0x00000007f6000000 0x00000007f6000000 0x00000007f8000000 Y/6     Relocatable
 Medium  0x00000007fa000000 0x00000007fa102000 0x00000007fc000000 Y/6     Relocatable
 Medium  0x00000007fc000000 0x00000007fc183000 0x00000007fe000000 Y/6     Relocatable
 Medium  0x00000007fe000000 0x00000007fe000000 0x0000000800000000 Y/6     Relocatable

ZBarrierSet

Polling page: 0x0000013b96aa0000

Metaspace:

Usage:
  Non-class:     53.48 MB used.
      Class:      7.82 MB used.
       Both:     61.29 MB used.

Virtual space:
  Non-class space:       64.00 MB reserved,      53.88 MB ( 84%) committed,  1 nodes.
      Class space:        1.00 GB reserved,       8.19 MB ( <1%) committed,  1 nodes.
             Both:        1.06 GB reserved,      62.06 MB (  6%) committed. 

Chunk freelists:
   Non-Class:  10.00 MB
       Class:  7.84 MB
        Both:  17.84 MB

MaxMetaspaceSize: unlimited
CompressedClassSpaceSize: 1.00 GB
Initial GC threshold: 21.00 MB
Current GC threshold: 98.88 MB
CDS: on
 - commit_granule_bytes: 65536.
 - commit_granule_words: 8192.
 - virtual_space_node_default_size: 8388608.
 - enlarge_chunks_in_place: 1.
 - use_allocation_guard: 0.


Internal statistics:

num_allocs_failed_limit: 9.
num_arena_births: 1056.
num_arena_deaths: 0.
num_vsnodes_births: 2.
num_vsnodes_deaths: 0.
num_space_committed: 992.
num_space_uncommitted: 0.
num_chunks_returned_to_freelist: 9.
num_chunks_taken_from_freelist: 3272.
num_chunk_merges: 8.
num_chunk_splits: 2337.
num_chunks_enlarged: 1689.
num_inconsistent_stats: 0.

CodeHeap 'non-profiled nmethods': size=119232Kb used=2549Kb max_used=2549Kb free=116682Kb
 bounds [0x0000013ba8c80000, 0x0000013ba8f00000, 0x0000013bb00f0000]
CodeHeap 'profiled nmethods': size=119104Kb used=7213Kb max_used=7213Kb free=111891Kb
 bounds [0x0000013ba10f0000, 0x0000013ba1800000, 0x0000013ba8540000]
CodeHeap 'non-nmethods': size=7424Kb used=3414Kb max_used=3521Kb free=4009Kb
 bounds [0x0000013ba8540000, 0x0000013ba8910000, 0x0000013ba8c80000]
CodeCache: size=245760Kb, used=13176Kb, max_used=13283Kb, free=232582Kb
 total_blobs=5968, nmethods=5063, adapters=802, full_count=0
Compilation: enabled, stopped_count=0, restarted_count=0

Compilation events (250 events):
Event: 10.228 Thread 0x0000013b87e57ab0 5646       3       java.util.stream.MatchOps$MatchOp::<init> (20 bytes)
Event: 10.228 Thread 0x0000013b81196860 nmethod 5643 0x0000013ba1796288 code [0x0000013ba17963c0, 0x0000013ba1796558]
Event: 10.228 Thread 0x0000013b87e573f0 nmethod 5645 0x0000013ba1796588 code [0x0000013ba17966c0, 0x0000013ba1796918]
Event: 10.229 Thread 0x0000013b87e57ab0 nmethod 5646 0x0000013ba1796988 code [0x0000013ba1796ac0, 0x0000013ba1796d88]
Event: 10.229 Thread 0x0000013b81196860 5647       3       java.util.stream.MatchOps$MatchOp::getOpFlags (8 bytes)
Event: 10.229 Thread 0x0000013b8a334a90 nmethod 5559 0x0000013ba8ee8088 code [0x0000013ba8ee8180, 0x0000013ba8ee8260]
Event: 10.229 Thread 0x0000013b87e573f0 5648       3       java.util.stream.MatchOps$MatchOp::evaluateSequential (7 bytes)
Event: 10.229 Thread 0x0000013b87e57ab0 5655       3       java.util.stream.ReferencePipeline::forEachWithCancel (23 bytes)
Event: 10.230 Thread 0x0000013b81196860 nmethod 5647 0x0000013ba1796e08 code [0x0000013ba1796f20, 0x0000013ba1797030]
Event: 10.230 Thread 0x0000013b860139c0 nmethod 5570 0x0000013ba8ee8388 code [0x0000013ba8ee84c0, 0x0000013ba8ee8ab8]
Event: 10.230 Thread 0x0000013b811ff0f0 nmethod 5644 0x0000013ba1797108 code [0x0000013ba17972e0, 0x0000013ba1797e48]
Event: 10.230 Thread 0x0000013b81196860 5658   !   2       java.util.zip.InflaterInputStream::read (129 bytes)
Event: 10.230 Thread 0x0000013b8a334a90 5653   !   4       java.lang.String::<init> (880 bytes)
Event: 10.231 Thread 0x0000013b87e57ab0 nmethod 5655 0x0000013ba1797f08 code [0x0000013ba1798040, 0x0000013ba17983d0]
Event: 10.231 Thread 0x0000013b87e573f0 nmethod 5648 0x0000013ba1798408 code [0x0000013ba1798580, 0x0000013ba1798be0]
Event: 10.231 Thread 0x0000013b817aa080 nmethod 5560 0x0000013ba8ee8b08 code [0x0000013ba8ee8c00, 0x0000013ba8ee8ce0]
Event: 10.231 Thread 0x0000013b87e57ab0 5656       3       java.util.RegularEnumSet$EnumSetIterator::next (5 bytes)
Event: 10.231 Thread 0x0000013b87e573f0 5650       3       java.util.stream.ReferencePipeline::anyMatch (18 bytes)
Event: 10.231 Thread 0x0000013b811ff0f0 5649       3       java.util.stream.MatchOps$MatchOp::evaluateSequential (27 bytes)
Event: 10.232 Thread 0x0000013b87e57ab0 nmethod 5656 0x0000013ba1798c88 code [0x0000013ba1798da0, 0x0000013ba1798ef8]
Event: 10.232 Thread 0x0000013b87e573f0 nmethod 5650 0x0000013ba1798f88 code [0x0000013ba17990c0, 0x0000013ba1799340]
Event: 10.232 Thread 0x0000013b81196860 nmethod 5658 0x0000013ba1799388 code [0x0000013ba17995a0, 0x0000013ba179a0b8]
Event: 10.232 Thread 0x0000013b87e57ab0 5660       3       jdk.nio.zipfs.ZipCoder$UTF8::toString (49 bytes)
Event: 10.232 Thread 0x0000013b811ff0f0 nmethod 5649 0x0000013ba179a108 code [0x0000013ba179a260, 0x0000013ba179a860]
Event: 10.233 Thread 0x0000013b817aa080 5624       4       jdk.nio.zipfs.ZipConstants::CENOFF (9 bytes)
Event: 10.233 Thread 0x0000013b87e573f0 5651       3       java.util.List::spliterator (23 bytes)
Event: 10.233 Thread 0x0000013b89e54e90 nmethod 5561 0x0000013ba8ee8e08 code [0x0000013ba8ee8f00, 0x0000013ba8ee9010]
Event: 10.233 Thread 0x0000013b811ff0f0 5665   !   3       jdk.nio.zipfs.ZipFileSystem::iteratorOf (150 bytes)
Event: 10.233 Thread 0x0000013b87e57ab0 nmethod 5660 0x0000013ba179a888 code [0x0000013ba179a9e0, 0x0000013ba179acd8]
Event: 10.234 Thread 0x0000013b87e573f0 nmethod 5651 0x0000013ba179ad08 code [0x0000013ba179ae60, 0x0000013ba179b3c8]
Event: 10.234 Thread 0x0000013b81196860 5652       3       com.sun.tools.javac.code.Symtab::lookupPackage (8 bytes)
Event: 10.234 Thread 0x0000013b87e57ab0 5666       3       com.sun.tools.javac.util.Convert::shortName (23 bytes)
Event: 10.234 Thread 0x0000013b87e573f0 5661       3       jdk.nio.zipfs.ZipPath::toString (12 bytes)
Event: 10.234 Thread 0x0000013b860139c0 5549       4       jdk.nio.zipfs.ZipConstants::CENDSK (9 bytes)
Event: 10.234 Thread 0x0000013b81196860 nmethod 5652 0x0000013ba179b408 code [0x0000013ba179b520, 0x0000013ba179b660]
Event: 10.235 Thread 0x0000013b89e54e90 5654       4       com.sun.tools.javac.util.Assert::checkNonNull (10 bytes)
Event: 10.235 Thread 0x0000013b81196860 5662       3       com.sun.tools.javac.code.Scope$ScopeImpl::lookup (71 bytes)
Event: 10.235 Thread 0x0000013b87e573f0 nmethod 5661 0x0000013ba179b708 code [0x0000013ba179b840, 0x0000013ba179bb20]
Event: 10.236 Thread 0x0000013b87e573f0 5668       3       com.sun.tools.javac.code.Symtab$$Lambda/0x0000013fb4815fc0::apply (8 bytes)
Event: 10.237 Thread 0x0000013b81196860 nmethod 5662 0x0000013ba179bb88 code [0x0000013ba179bd00, 0x0000013ba179c308]
Event: 10.237 Thread 0x0000013b87e573f0 nmethod 5668 0x0000013ba179c388 code [0x0000013ba179c4a0, 0x0000013ba179c6d0]
Event: 10.237 Thread 0x0000013b87e57ab0 nmethod 5666 0x0000013ba179c708 code [0x0000013ba179c920, 0x0000013ba179d6e0]
Event: 10.238 Thread 0x0000013b87e573f0 5676       3       java.util.RegularEnumSet$EnumSetIterator::next (60 bytes)
Event: 10.238 Thread 0x0000013b81196860 5669       3       com.sun.tools.javac.code.Symtab$$Lambda/0x0000013fb4816200::test (12 bytes)
Event: 10.239 Thread 0x0000013b811ff0f0 nmethod 5665 0x0000013ba179d808 code [0x0000013ba179dbc0, 0x0000013ba179f8d0]
Event: 10.239 Thread 0x0000013b87e573f0 nmethod 5676 0x0000013ba179fa08 code [0x0000013ba179fb60, 0x0000013ba179fe90]
Event: 10.239 Thread 0x0000013b87e57ab0 5670       3       com.sun.tools.javac.code.Symtab::lambda$lookupPackage$2 (14 bytes)
Event: 10.239 Thread 0x0000013b81196860 nmethod 5669 0x0000013ba179ff08 code [0x0000013ba17a0040, 0x0000013ba17a0348]
Event: 10.240 Thread 0x0000013b87e573f0 5681       3       com.sun.tools.javac.util.List::length (24 bytes)
Event: 10.240 Thread 0x0000013b87e57ab0 nmethod 5670 0x0000013ba17a0388 code [0x0000013ba17a04a0, 0x0000013ba17a0638]
Event: 10.240 Thread 0x0000013b81196860 5671       3       java.util.stream.MatchOps$$Lambda/0x800000050::get (12 bytes)
Event: 10.240 Thread 0x0000013b87e57ab0 5672       3       java.util.stream.MatchOps::lambda$makeRef$0 (10 bytes)
Event: 10.241 Thread 0x0000013b87e573f0 nmethod 5681 0x0000013ba17a0688 code [0x0000013ba17a07a0, 0x0000013ba17a0988]
Event: 10.241 Thread 0x0000013b89e54e90 nmethod 5654 0x0000013ba8ee9108 code [0x0000013ba8ee9200, 0x0000013ba8ee9288]
Event: 10.241 Thread 0x0000013b81196860 nmethod 5671 0x0000013ba17a0a08 code [0x0000013ba17a0b60, 0x0000013ba17a0ff8]
Event: 10.241 Thread 0x0000013b87e573f0 5673       3       java.util.stream.MatchOps$1MatchSink::<init> (16 bytes)
Event: 10.241 Thread 0x0000013b87e57ab0 nmethod 5672 0x0000013ba17a1088 code [0x0000013ba17a11c0, 0x0000013ba17a1570]
Event: 10.241 Thread 0x0000013b811ff0f0 5674       3       java.util.stream.MatchOps$BooleanTerminalSink::<init> (21 bytes)
Event: 10.242 Thread 0x0000013b81196860 5678       3       java.util.Spliterators$IteratorSpliterator::estimateSize (41 bytes)
Event: 10.242 Thread 0x0000013b811ff0f0 nmethod 5674 0x0000013ba17a1608 code [0x0000013ba17a1720, 0x0000013ba17a18e8]
Event: 10.242 Thread 0x0000013b87e573f0 nmethod 5673 0x0000013ba17a1908 code [0x0000013ba17a1a40, 0x0000013ba17a1d50]
Event: 10.242 Thread 0x0000013b87e57ab0 5680       3       com.sun.tools.javac.util.List::size (5 bytes)
Event: 10.242 Thread 0x0000013b89e54e90 5586       4       java.lang.invoke.Invokers$Holder::linkToTargetMethod (8 bytes)
Event: 10.243 Thread 0x0000013b81196860 nmethod 5678 0x0000013ba17a1d88 code [0x0000013ba17a1ee0, 0x0000013ba17a2308]
Event: 10.243 Thread 0x0000013b817aa080 nmethod 5624 0x0000013ba8ee9408 code [0x0000013ba8ee9500, 0x0000013ba8ee9610]
Event: 10.243 Thread 0x0000013b811ff0f0 5688       3       java.util.Spliterators$IteratorSpliterator::<init> (39 bytes)
Event: 10.243 Thread 0x0000013b87e573f0 5689       3       com.sun.tools.javac.code.Symtab::lookupPackage (259 bytes)
Event: 10.243 Thread 0x0000013b860139c0 nmethod 5549 0x0000013ba8ee9708 code [0x0000013ba8ee9800, 0x0000013ba8ee98e0]
Event: 10.243 Thread 0x0000013b81196860 5691       3       java.util.EnumSet::copyOf (84 bytes)
Event: 10.243 Thread 0x0000013b87e57ab0 nmethod 5680 0x0000013ba17a2388 code [0x0000013ba17a24c0, 0x0000013ba17a2780]
Event: 10.244 Thread 0x0000013b811ff0f0 nmethod 5688 0x0000013ba17a2808 code [0x0000013ba17a2940, 0x0000013ba17a2bf0]
Event: 10.244 Thread 0x0000013b87e57ab0 5663       3       com.sun.tools.javac.code.Scope::findFirst (9 bytes)
Event: 10.245 Thread 0x0000013b811ff0f0 5664       3       com.sun.tools.javac.code.Scope$ScopeImpl::findFirst (10 bytes)
Event: 10.245 Thread 0x0000013b860139c0 5588       4       java.lang.invoke.LambdaForm$MH/0x0000013fb4008000::invoke (8 bytes)
Event: 10.245 Thread 0x0000013b817aa080 5677       4       java.util.concurrent.TimeUnit::toMillis (69 bytes)
Event: 10.245 Thread 0x0000013b87e57ab0 nmethod 5663 0x0000013ba17a2c88 code [0x0000013ba17a2da0, 0x0000013ba17a2f78]
Event: 10.245 Thread 0x0000013b81196860 nmethod 5691 0x0000013ba17a3008 code [0x0000013ba17a3240, 0x0000013ba17a40b8]
Event: 10.245 Thread 0x0000013b87e57ab0 5693   !   3       java.util.EnumSet::clone (18 bytes)
Event: 10.245 Thread 0x0000013b811ff0f0 nmethod 5664 0x0000013ba17a4108 code [0x0000013ba17a4240, 0x0000013ba17a4438]
Event: 10.246 Thread 0x0000013b81196860 5694       3       com.sun.tools.javac.code.Scope$ErrorScope::<init> (6 bytes)
Event: 10.246 Thread 0x0000013b811ff0f0 5695       3       java.util.RegularEnumSet::remove (74 bytes)
Event: 10.246 Thread 0x0000013b87e57ab0 nmethod 5693 0x0000013ba17a4488 code [0x0000013ba17a45c0, 0x0000013ba17a48c8]
Event: 10.246 Thread 0x0000013b87e57ab0 5696       3       com.sun.tools.javac.code.ClassFinder$$Lambda/0x0000013fb46c07d8::complete (9 bytes)
Event: 10.246 Thread 0x0000013b81196860 nmethod 5694 0x0000013ba17a4908 code [0x0000013ba17a4a40, 0x0000013ba17a4c80]
Event: 10.247 Thread 0x0000013b811ff0f0 nmethod 5695 0x0000013ba17a4d08 code [0x0000013ba17a4e60, 0x0000013ba17a52c8]
Event: 10.247 Thread 0x0000013b81196860 5697   !   3       com.sun.tools.javac.code.ClassFinder::complete (178 bytes)
Event: 10.247 Thread 0x0000013b87e57ab0 nmethod 5696 0x0000013ba17a5308 code [0x0000013ba17a5440, 0x0000013ba17a55b8]
Event: 10.248 Thread 0x0000013b87e57ab0 5698       3       java.util.RegularEnumSet::isEmpty (15 bytes)
Event: 10.248 Thread 0x0000013b811ff0f0 5679       3       java.nio.file.spi.FileSystemProvider::followLinks (66 bytes)
Event: 10.248 Thread 0x0000013b8a7aae20 nmethod 5631 0x0000013ba8ee9a08 code [0x0000013ba8ee9b20, 0x0000013ba8ee9e10]
Event: 10.248 Thread 0x0000013b87e57ab0 nmethod 5698 0x0000013ba17a5608 code [0x0000013ba17a5720, 0x0000013ba17a5880]
Event: 10.249 Thread 0x0000013b811ff0f0 nmethod 5679 0x0000013ba17a5908 code [0x0000013ba17a5a60, 0x0000013ba17a5e68]
Event: 10.249 Thread 0x0000013b89e54e90 nmethod 5586 0x0000013ba8ee9e88 code [0x0000013ba8ee9fa0, 0x0000013ba8eea078]
Event: 10.249 Thread 0x0000013b87e57ab0 5692       3       com.sun.tools.javac.file.RelativePath::hashCode (8 bytes)
Event: 10.249 Thread 0x0000013b811ff0f0 5700       3       com.sun.tools.javac.file.RelativePath$RelativeDirectory::<init> (44 bytes)
Event: 10.250 Thread 0x0000013b87e57ab0 nmethod 5692 0x0000013ba17a5e88 code [0x0000013ba17a5fc0, 0x0000013ba17a6138]
Event: 10.250 Thread 0x0000013b87e573f0 nmethod 5689 0x0000013ba17a6188 code [0x0000013ba17a66c0, 0x0000013ba17a9ca8]
Event: 10.250 Thread 0x0000013b89e54e90 5701       4       jdk.internal.jrtfs.JrtFileSystem::checkNode (40 bytes)
Event: 10.250 Thread 0x0000013b81196860 nmethod 5697 0x0000013ba17a9e88 code [0x0000013ba17aa140, 0x0000013ba17ab4f0]
Event: 10.250 Thread 0x0000013b87e57ab0 5682       3       java.nio.file.Files::exists (10 bytes)
Event: 10.251 Thread 0x0000013b860139c0 nmethod 5588 0x0000013ba8eea188 code [0x0000013ba8eea280, 0x0000013ba8eea360]
Event: 10.251 Thread 0x0000013b87e57ab0 nmethod 5682 0x0000013ba17ab588 code [0x0000013ba17ab6e0, 0x0000013ba17aba98]
Event: 10.251 Thread 0x0000013b817aa080 nmethod 5677 0x0000013ba8eea488 code [0x0000013ba8eea5a0, 0x0000013ba8eea708]
Event: 10.251 Thread 0x0000013b8a7aae20 5629       4       jdk.nio.zipfs.ZipCoder::isUTF8 (16 bytes)
Event: 10.252 Thread 0x0000013b87e57ab0 5683   !   3       java.nio.file.spi.FileSystemProvider::exists (42 bytes)
Event: 10.252 Thread 0x0000013b811ff0f0 nmethod 5700 0x0000013ba17abb08 code [0x0000013ba17abd20, 0x0000013ba17ac7d8]
Event: 10.252 Thread 0x0000013b81196860 5702       3       java.lang.invoke.Invokers$Holder::linkToTargetMethod (13 bytes)
Event: 10.252 Thread 0x0000013b860139c0 5638       4       jdk.nio.zipfs.ZipFileSystem::makeParentDirs (133 bytes)
Event: 10.253 Thread 0x0000013b87e57ab0 nmethod 5683 0x0000013ba17ac888 code [0x0000013ba17aca00, 0x0000013ba17ad030]
Event: 10.253 Thread 0x0000013b817aa080 5630       4       jdk.nio.zipfs.ZipFileSystem$IndexNode::<init> (113 bytes)
Event: 10.253 Thread 0x0000013b81196860 nmethod 5702 0x0000013ba17ad088 code [0x0000013ba17ad1c0, 0x0000013ba17ad5f8]
Event: 10.254 Thread 0x0000013b811ff0f0 5657       3       java.util.LinkedHashMap$LinkedKeyIterator::<init> (7 bytes)
Event: 10.254 Thread 0x0000013b87e57ab0 5659       1       jdk.nio.zipfs.ZipFileSystem$Entry::fileKey (2 bytes)
Event: 10.254 Thread 0x0000013b81196860 5704       3       java.nio.channels.spi.AbstractInterruptibleChannel::begin (38 bytes)
Event: 10.254 Thread 0x0000013b87e573f0 5705       3       java.nio.channels.spi.AbstractInterruptibleChannel::end (68 bytes)
Event: 10.254 Thread 0x0000013b811ff0f0 nmethod 5657 0x0000013ba17ad608 code [0x0000013ba17ad720, 0x0000013ba17ad858]
Event: 10.254 Thread 0x0000013b87e57ab0 nmethod 5659 0x0000013ba8eea788 code [0x0000013ba8eea8a0, 0x0000013ba8eea970]
Event: 10.255 Thread 0x0000013b87e57ab0 5699       1       com.sun.tools.javac.file.JavacFileManager$DirectoryContainer::maintainsDirectoryIndex (2 bytes)
Event: 10.255 Thread 0x0000013b811ff0f0 5690       1       java.util.Collections$SingletonList::size (2 bytes)
Event: 10.255 Thread 0x0000013b87e57ab0 nmethod 5699 0x0000013ba8eeaa88 code [0x0000013ba8eeaba0, 0x0000013ba8eeac68]
Event: 10.256 Thread 0x0000013b811ff0f0 nmethod 5690 0x0000013ba8eead88 code [0x0000013ba8eeaea0, 0x0000013ba8eeaf68]
Event: 10.256 Thread 0x0000013b81196860 nmethod 5704 0x0000013ba17ad908 code [0x0000013ba17adae0, 0x0000013ba17ae568]
Event: 10.256 Thread 0x0000013b87e573f0 nmethod 5705 0x0000013ba17ae608 code [0x0000013ba17ae7e0, 0x0000013ba17af348]
Event: 10.257 Thread 0x0000013b8a7aae20 nmethod 5629 0x0000013ba8eeb088 code [0x0000013ba8eeb180, 0x0000013ba8eeb268]
Event: 10.258 Thread 0x0000013b8a7aae20 5533       4       java.util.concurrent.locks.ReentrantReadWriteLock$Sync::exclusiveCount (5 bytes)
Event: 10.258 Thread 0x0000013b81196860 5706       3       java.util.HashSet::remove (20 bytes)
Event: 10.258 Thread 0x0000013b87e57ab0 5707   !   3       com.sun.tools.javac.code.Symbol$ClassSymbol::complete (52 bytes)
Event: 10.259 Thread 0x0000013b81196860 nmethod 5706 0x0000013ba17af408 code [0x0000013ba17af540, 0x0000013ba17af7a8]
Event: 10.259 Thread 0x0000013b87e573f0 5708       3       com.sun.tools.javac.code.Type$ErrorType::<init> (31 bytes)
Event: 10.259 Thread 0x0000013b811ff0f0 5709       3       com.sun.tools.javac.code.Type$ErrorType::<init> (37 bytes)
Event: 10.259 Thread 0x0000013b81196860 5713       3       com.sun.tools.javac.util.Convert::enclosingCandidates (33 bytes)
Event: 10.260 Thread 0x0000013b87e573f0 nmethod 5708 0x0000013ba17af808 code [0x0000013ba17af980, 0x0000013ba17afe70]
Event: 10.260 Thread 0x0000013b811ff0f0 nmethod 5709 0x0000013ba17aff08 code [0x0000013ba17b0060, 0x0000013ba17b03e8]
Event: 10.260 Thread 0x0000013b87e57ab0 nmethod 5707 0x0000013ba17b0488 code [0x0000013ba17b0660, 0x0000013ba17b1100]
Event: 10.260 Thread 0x0000013b87e573f0 5712       3       com.sun.tools.javac.code.Symtab::enterClass (71 bytes)
Event: 10.261 Thread 0x0000013b811ff0f0 5710   !   3       com.sun.tools.javac.code.ClassFinder::loadClass (127 bytes)
Event: 10.261 Thread 0x0000013b87e57ab0 5717       3       com.sun.tools.javac.code.ClassFinder::completeEnclosing (104 bytes)
Event: 10.262 Thread 0x0000013b8a7aae20 nmethod 5533 0x0000013ba8eeb388 code [0x0000013ba8eeb480, 0x0000013ba8eeb4e8]
Event: 10.262 Thread 0x0000013b81196860 nmethod 5713 0x0000013ba17b1188 code [0x0000013ba17b13c0, 0x0000013ba17b23f0]
Event: 10.263 Thread 0x0000013b8a7aae20 5639       4       jdk.nio.zipfs.ZipFileSystem$ParentLookup::equals (34 bytes)
Event: 10.264 Thread 0x0000013b81196860 5726       3       com.sun.tools.javac.code.Symbol::packge (25 bytes)
Event: 10.265 Thread 0x0000013b81196860 nmethod 5726 0x0000013ba17b2508 code [0x0000013ba17b2640, 0x0000013ba17b2928]
Event: 10.265 Thread 0x0000013b81196860 5727       3       com.sun.tools.javac.file.PathFileObject::forDirectoryPath (12 bytes)
Event: 10.266 Thread 0x0000013b87e57ab0 nmethod 5717 0x0000013ba17b2988 code [0x0000013ba17b2ce0, 0x0000013ba17b4a00]
Event: 10.266 Thread 0x0000013b811ff0f0 nmethod 5710 0x0000013ba17b4b88 code [0x0000013ba17b4f60, 0x0000013ba17b70f8]
Event: 10.266 Thread 0x0000013b87e573f0 nmethod 5712 0x0000013ba17b7288 code [0x0000013ba17b76c0, 0x0000013ba17b9c48]
Event: 10.266 Thread 0x0000013b81196860 nmethod 5727 0x0000013ba17b9e08 code [0x0000013ba17b9f60, 0x0000013ba17ba4b0]
Event: 10.267 Thread 0x0000013b81196860 5728       3       com.sun.tools.javac.file.PathFileObject$DirectoryFileObject::<init> (24 bytes)
Event: 10.268 Thread 0x0000013b81196860 nmethod 5728 0x0000013ba17ba508 code [0x0000013ba17ba660, 0x0000013ba17baae8]
Event: 10.268 Thread 0x0000013b87e57ab0 5731       3       com.sun.tools.javac.code.Scope$Entry::<init> (35 bytes)
Event: 10.269 Thread 0x0000013b81196860 5736       3       com.sun.tools.javac.code.Symtab$$Lambda/0x0000013fb479f8d8::apply (8 bytes)
Event: 10.269 Thread 0x0000013b811ff0f0 5737       3       com.sun.tools.javac.code.Symtab::lambda$doEnterClass$5 (8 bytes)
Event: 10.270 Thread 0x0000013b87e57ab0 nmethod 5731 0x0000013ba17bab88 code [0x0000013ba17bacc0, 0x0000013ba17bb0a0]
Event: 10.270 Thread 0x0000013b87e573f0 5732       3       com.sun.tools.javac.code.Scope$ScopeListenerList::walkReferences (101 bytes)
Event: 10.270 Thread 0x0000013b81196860 nmethod 5736 0x0000013ba17bb108 code [0x0000013ba17bb240, 0x0000013ba17bb608]
Event: 10.270 Thread 0x0000013b87e57ab0 5733       3       com.sun.tools.javac.code.Scope$ScopeImpl::enter (108 bytes)
Event: 10.270 Thread 0x0000013b811ff0f0 nmethod 5737 0x0000013ba17bb688 code [0x0000013ba17bb7c0, 0x0000013ba17bba38]
Event: 10.271 Thread 0x0000013b81196860 5743       3       com.sun.tools.javac.code.ClassFinder::includeClassFile (307 bytes)
Event: 10.271 Thread 0x0000013b811ff0f0 5741       3       com.sun.tools.javac.code.ClassFinder$1::next (5 bytes)
Event: 10.272 Thread 0x0000013b811ff0f0 nmethod 5741 0x0000013ba17bba88 code [0x0000013ba17bbbe0, 0x0000013ba17bbf38]
Event: 10.272 Thread 0x0000013b87e57ab0 nmethod 5733 0x0000013ba17bbf88 code [0x0000013ba17bc180, 0x0000013ba17bcdb8]
Event: 10.272 Thread 0x0000013b811ff0f0 5734       3       com.sun.tools.javac.code.Scope$ScopeListenerList::symbolAdded (8 bytes)
Event: 10.272 Thread 0x0000013b87e573f0 nmethod 5732 0x0000013ba17bce88 code [0x0000013ba17bd100, 0x0000013ba17be4a0]
Event: 10.273 Thread 0x0000013b87e57ab0 5738       3       com.sun.tools.javac.code.Symtab::enterClass (138 bytes)
Event: 10.273 Thread 0x0000013b811ff0f0 nmethod 5734 0x0000013ba17be588 code [0x0000013ba17be6a0, 0x0000013ba17be7e0]
Event: 10.274 Thread 0x0000013b811ff0f0 5742       3       com.sun.tools.javac.code.ClassFinder$1::next (27 bytes)
Event: 10.274 Thread 0x0000013b87e573f0 5718   !   3       com.sun.tools.javac.code.ClassFinder::fillIn (323 bytes)
Event: 10.274 Thread 0x0000013b811ff0f0 nmethod 5742 0x0000013ba17be888 code [0x0000013ba17be9e0, 0x0000013ba17bece0]
Event: 10.275 Thread 0x0000013b811ff0f0 5725       3       com.sun.tools.javac.code.Symbol$PackageSymbol::members (9 bytes)
Event: 10.275 Thread 0x0000013b87e57ab0 nmethod 5738 0x0000013ba17bed08 code [0x0000013ba17bef40, 0x0000013ba17bfd30]
Event: 10.276 Thread 0x0000013b81196860 nmethod 5743 0x0000013ba17bfe08 code [0x0000013ba17c0120, 0x0000013ba17c1b50]
Event: 10.276 Thread 0x0000013b811ff0f0 nmethod 5725 0x0000013ba17c1c88 code [0x0000013ba17c1dc0, 0x0000013ba17c21b0]
Event: 10.277 Thread 0x0000013b87e57ab0 5711       3       com.sun.tools.javac.code.ClassFinder$$Lambda/0x0000013fb4814c10::<init> (15 bytes)
Event: 10.277 Thread 0x0000013b811ff0f0 5716       3       java.util.HashMap::afterNodeRemoval (1 bytes)
Event: 10.277 Thread 0x0000013b87e57ab0 nmethod 5711 0x0000013ba17c2208 code [0x0000013ba17c2340, 0x0000013ba17c2598]
Event: 10.278 Thread 0x0000013b811ff0f0 nmethod 5716 0x0000013ba17c2608 code [0x0000013ba17c2720, 0x0000013ba17c2828]
Event: 10.278 Thread 0x0000013b87e57ab0 5714       3       com.sun.tools.javac.code.ClassFinder::classFileNotFound (13 bytes)
Event: 10.278 Thread 0x0000013b811ff0f0 5715       3       com.sun.tools.javac.code.ClassFinder$$Lambda/0x0000013fb4815220::<init> (15 bytes)
Event: 10.278 Thread 0x0000013b81196860 5719       3       com.sun.tools.javac.code.ClassFinder::newCompletionFailure (38 bytes)
Event: 10.279 Thread 0x0000013b811ff0f0 nmethod 5715 0x0000013ba17c2908 code [0x0000013ba17c2a40, 0x0000013ba17c2c98]
Event: 10.279 Thread 0x0000013b81196860 nmethod 5719 0x0000013ba17c2d08 code [0x0000013ba17c2e60, 0x0000013ba17c3328]
Event: 10.279 Thread 0x0000013b87e57ab0 nmethod 5714 0x0000013ba17c3388 code [0x0000013ba17c3500, 0x0000013ba17c3ae0]
Event: 10.280 Thread 0x0000013b811ff0f0 5720       3       com.sun.tools.javac.code.Symbol$CompletionFailure::resetDiagnostic (11 bytes)
Event: 10.280 Thread 0x0000013b81196860 5721       3       com.sun.tools.javac.code.DeferredCompletionFailureHandler$3::classSymbolCompleteFailed (1 bytes)
Event: 10.280 Thread 0x0000013b811ff0f0 nmethod 5720 0x0000013ba17c3b88 code [0x0000013ba17c3ca0, 0x0000013ba17c3ea0]
Event: 10.281 Thread 0x0000013b87e57ab0 5722       3       com.sun.tools.javac.code.Symtab::removeClass (24 bytes)
Event: 10.281 Thread 0x0000013b81196860 nmethod 5721 0x0000013ba17c3f08 code [0x0000013ba17c4020, 0x0000013ba17c4128]
Event: 10.281 Thread 0x0000013b811ff0f0 5723       3       com.sun.tools.javac.code.DeferredCompletionFailureHandler::classSymbolRemoved (11 bytes)
Event: 10.281 Thread 0x0000013b81196860 5724       3       com.sun.tools.javac.code.DeferredCompletionFailureHandler$3::classSymbolRemoved (1 bytes)
Event: 10.281 Thread 0x0000013b87e57ab0 nmethod 5722 0x0000013ba17c4208 code [0x0000013ba17c4360, 0x0000013ba17c4748]
Event: 10.282 Thread 0x0000013b811ff0f0 nmethod 5723 0x0000013ba17c4788 code [0x0000013ba17c48c0, 0x0000013ba17c4ad0]
Event: 10.282 Thread 0x0000013b81196860 nmethod 5724 0x0000013ba17c4b08 code [0x0000013ba17c4c20, 0x0000013ba17c4d28]
Event: 10.283 Thread 0x0000013b89e54e90 nmethod 5701 0x0000013ba8eeb988 code [0x0000013ba8eebb20, 0x0000013ba8eec228]
Event: 10.283 Thread 0x0000013b81196860 5752       3       java.util.concurrent.atomic.AtomicReferenceFieldUpdater$AtomicReferenceFieldUpdaterImpl::set (23 bytes)
Event: 10.283 Thread 0x0000013b87e573f0 nmethod 5718 0x0000013ba17c4e08 code [0x0000013ba17c54a0, 0x0000013ba17c91f0]
Event: 10.283 Thread 0x0000013b87e57ab0 5753       3       scala.runtime.BoxesRunTime::boxToInteger (5 bytes)
Event: 10.284 Thread 0x0000013b81196860 nmethod 5752 0x0000013ba17c9408 code [0x0000013ba17c9580, 0x0000013ba17c9ab0]
Event: 10.284 Thread 0x0000013b87e57ab0 nmethod 5753 0x0000013ba17c9b08 code [0x0000013ba17c9c40, 0x0000013ba17c9fc8]
Event: 10.287 Thread 0x0000013b89e54e90 5740       4       java.lang.StringLatin1::lastIndexOf (125 bytes)
Event: 10.288 Thread 0x0000013b87e573f0 5754       3       jdk.nio.zipfs.ZipFileSystem::endWrite (15 bytes)
Event: 10.288 Thread 0x0000013b87e57ab0 5755       3       java.util.concurrent.locks.ReentrantReadWriteLock$WriteLock::unlock (10 bytes)
Event: 10.288 Thread 0x0000013b81196860 5756       3       java.util.concurrent.locks.ReentrantReadWriteLock$Sync::tryRelease (51 bytes)
Event: 10.289 Thread 0x0000013b87e57ab0 nmethod 5755 0x0000013ba17ca008 code [0x0000013ba17ca160, 0x0000013ba17ca498]
Event: 10.289 Thread 0x0000013b811ff0f0 5757       3       jdk.nio.zipfs.ZipPath::relativize (314 bytes)
Event: 10.289 Thread 0x0000013b87e573f0 nmethod 5754 0x0000013ba17ca508 code [0x0000013ba17ca680, 0x0000013ba17cab48]
Event: 10.289 Thread 0x0000013b81196860 nmethod 5756 0x0000013ba17cac08 code [0x0000013ba17cad60, 0x0000013ba17cb240]
Event: 10.290 Thread 0x0000013b87e57ab0 5758       3       jdk.nio.zipfs.ZipPath::equals (38 bytes)
Event: 10.290 Thread 0x0000013b87e573f0 5759       3       jdk.nio.zipfs.ZipPath::compareTo (18 bytes)
Event: 10.290 Thread 0x0000013b81196860 5761       3       java.time.LocalDate::compareTo0 (40 bytes)
Event: 10.291 Thread 0x0000013b8a7aae20 nmethod 5639 0x0000013ba8eec308 code [0x0000013ba8eec440, 0x0000013ba8eec798]
Event: 10.291 Thread 0x0000013b81196860 nmethod 5761 0x0000013ba17cb288 code [0x0000013ba17cb3a0, 0x0000013ba17cb528]
Event: 10.291 Thread 0x0000013b87e573f0 nmethod 5759 0x0000013ba17cb588 code [0x0000013ba17cb700, 0x0000013ba17cbd38]
Event: 10.292 Thread 0x0000013b87e57ab0 nmethod 5758 0x0000013ba17cbd88 code [0x0000013ba17cbf40, 0x0000013ba17cc988]
Event: 10.292 Thread 0x0000013b81196860 5760       3       java.util.Arrays::compareUnsigned (58 bytes)
Event: 10.292 Thread 0x0000013b87e573f0 5762       3       com.sun.tools.javac.code.Type::hasTag (14 bytes)
Event: 10.293 Thread 0x0000013b87e573f0 nmethod 5762 0x0000013ba17cca08 code [0x0000013ba17ccb40, 0x0000013ba17ccd60]
Event: 10.293 Thread 0x0000013b81196860 nmethod 5760 0x0000013ba17ccd88 code [0x0000013ba17ccf00, 0x0000013ba17cd418]
Event: 10.294 Thread 0x0000013b811ff0f0 nmethod 5757 0x0000013ba17cd488 code [0x0000013ba17cd7a0, 0x0000013ba17cef98]
Event: 10.294 Thread 0x0000013b8a7aae20 5763       4       java.time.zone.ZoneRules::getOffsetInfo (278 bytes)
Event: 10.296 Thread 0x0000013b81196860 5765       1       com.sun.tools.javac.code.Type$MethodType::getParameterTypes (5 bytes)
Event: 10.296 Thread 0x0000013b811ff0f0 5766   !   3       com.sun.tools.javac.jvm.ClassReader::readName (68 bytes)
Event: 10.296 Thread 0x0000013b87e573f0 5767       3       com.sun.tools.javac.jvm.ClassReader::sigToType (881 bytes)
Event: 10.297 Thread 0x0000013b81196860 nmethod 5765 0x0000013ba8eecb88 code [0x0000013ba8eecca0, 0x0000013ba8eecd98]
Event: 10.297 Thread 0x0000013b87e57ab0 5768   !   3       com.sun.tools.javac.jvm.ClassReader::classSigToType (530 bytes)
Event: 10.297 Thread 0x0000013b81196860 5772       3       com.sun.tools.javac.util.List::reverse (55 bytes)
Event: 10.298 Thread 0x0000013b811ff0f0 nmethod 5766 0x0000013ba17cf008 code [0x0000013ba17cf1e0, 0x0000013ba17cf850]
Event: 10.298 Thread 0x0000013b89e54e90 nmethod 5740 0x0000013ba8eece88 code [0x0000013ba8eecfa0, 0x0000013ba8eed170]
Event: 10.299 Thread 0x0000013b811ff0f0 5769       3       sun.nio.ch.IOUtil::read (14 bytes)
Event: 10.299 Thread 0x0000013b81196860 nmethod 5772 0x0000013ba17cf908 code [0x0000013ba17cfaa0, 0x0000013ba17d0338]
Event: 10.299 Thread 0x0000013b811ff0f0 nmethod 5769 0x0000013ba17d0388 code [0x0000013ba17d04a0, 0x0000013ba17d05c8]
Event: 10.300 Thread 0x0000013b81196860 5770   !   3       sun.nio.ch.IOUtil::read (133 bytes)
Event: 10.300 Thread 0x0000013b811ff0f0 5771   !   3       sun.nio.ch.IOUtil::readIntoNativeBuffer (169 bytes)
Event: 10.301 Thread 0x0000013b89e54e90 5735       4       java.util.regex.Pattern::next (33 bytes)
Event: 10.302 Thread 0x0000013b87e57ab0 nmethod 5768 0x0000013ba17d0688 code [0x0000013ba17d0a40, 0x0000013ba17d2848]
Event: 10.302 Thread 0x0000013b81196860 nmethod 5770 0x0000013ba17d2908 code [0x0000013ba17d2b00, 0x0000013ba17d3400]
Event: 10.303 Thread 0x0000013b81196860 5773       3       java.util.ImmutableCollections$List12::<init> (20 bytes)
Event: 10.304 Thread 0x0000013b811ff0f0 nmethod 5771 0x0000013ba17d3488 code [0x0000013ba17d3740, 0x0000013ba17d4b38]
Event: 10.304 Thread 0x0000013b81196860 nmethod 5773 0x0000013ba17d4c08 code [0x0000013ba17d4d60, 0x0000013ba17d5228]
Event: 10.304 Thread 0x0000013b87e573f0 nmethod 5767 0x0000013ba17d5288 code [0x0000013ba17d5940, 0x0000013ba17d9b20]
Event: 10.304 Thread 0x0000013b87e57ab0 5774       3       java.io.FileCleanable::register (49 bytes)
Event: 10.305 Thread 0x0000013b81196860 5778       1       com.sun.tools.javac.code.Symbol$ClassSymbol::flatName (5 bytes)
Event: 11.306 Thread 0x0000013b81196860 nmethod 5778 0x0000013ba8eed188 code [0x0000013ba8eed2a0, 0x0000013ba8eed398]
Event: 11.307 Thread 0x0000013b87e57ab0 nmethod 5774 0x0000013ba17d9c88 code [0x0000013ba17d9e20, 0x0000013ba17da710]
Event: 11.307 Thread 0x0000013b817aa080 nmethod 5630 0x0000013ba8eed488 code [0x0000013ba8eed600, 0x0000013ba8eedf78]
Event: 11.307 Thread 0x0000013b89e54e90 nmethod 5735 0x0000013ba8eee008 code [0x0000013ba8eee120, 0x0000013ba8eee270]
Event: 11.308 Thread 0x0000013b811ff0f0 5779   !   3       java.util.concurrent.ThreadPoolExecutor::getTask (177 bytes)
Event: 11.308 Thread 0x0000013b87e57ab0 5780       3       sun.nio.cs.UTF_8$Decoder::decodeLoop (28 bytes)
Event: 11.308 Thread 0x0000013b87e573f0 5781       3       sun.nio.cs.UTF_8$Decoder::decodeArrayLoop (688 bytes)
Event: 11.308 Thread 0x0000013b81196860 5782       3       java.lang.System$2::decodeASCII (11 bytes)
Event: 11.309 Thread 0x0000013b89e54e90 5739       4       java.util.regex.Pattern::append (43 bytes)

GC Heap History (17 events):
Event: 2.508 GC heap before
{Heap before GC invocations=0 (full 0):
 ZHeap           used 116M, capacity 116M, max capacity 2048M
 Metaspace       used 21134K, committed 21568K, reserved 1114112K
  class space    used 2437K, committed 2624K, reserved 1048576K
}
Event: 2.545 GC heap after
{Heap after GC invocations=1 (full 1):
 ZHeap           used 66M, capacity 124M, max capacity 2048M
 Metaspace       used 21568K, committed 21952K, reserved 1114112K
  class space    used 2478K, committed 2688K, reserved 1048576K
}
Event: 2.545 GC heap before
{Heap before GC invocations=1 (full 1):
 ZHeap           used 66M, capacity 124M, max capacity 2048M
 Metaspace       used 21568K, committed 21952K, reserved 1114112K
  class space    used 2478K, committed 2688K, reserved 1048576K
}
Event: 2.619 GC heap after
{Heap after GC invocations=1 (full 1):
 ZHeap           used 70M, capacity 124M, max capacity 2048M
 Metaspace       used 21993K, committed 22464K, reserved 1114112K
  class space    used 2530K, committed 2752K, reserved 1048576K
}
Event: 7.331 GC heap before
{Heap before GC invocations=1 (full 1):
 ZHeap           used 162M, capacity 162M, max capacity 2048M
 Metaspace       used 36934K, committed 37504K, reserved 1114112K
  class space    used 4483K, committed 4736K, reserved 1048576K
}
Event: 7.379 GC heap after
{Heap after GC invocations=2 (full 2):
 ZHeap           used 126M, capacity 230M, max capacity 2048M
 Metaspace       used 37989K, committed 38528K, reserved 1114112K
  class space    used 4623K, committed 4864K, reserved 1048576K
}
Event: 7.379 GC heap before
{Heap before GC invocations=2 (full 2):
 ZHeap           used 126M, capacity 230M, max capacity 2048M
 Metaspace       used 37989K, committed 38528K, reserved 1114112K
  class space    used 4623K, committed 4864K, reserved 1048576K
}
Event: 7.453 GC heap after
{Heap after GC invocations=2 (full 2):
 ZHeap           used 164M, capacity 230M, max capacity 2048M
 Metaspace       used 38554K, committed 39104K, reserved 1114112K
  class space    used 4693K, committed 4928K, reserved 1048576K
}
Event: 8.398 GC heap before
{Heap before GC invocations=2 (full 2):
 ZHeap           used 206M, capacity 230M, max capacity 2048M
 Metaspace       used 46804K, committed 47488K, reserved 1114112K
  class space    used 5707K, committed 6016K, reserved 1048576K
}
Event: 8.425 GC heap after
{Heap after GC invocations=3 (full 3):
 ZHeap           used 172M, capacity 294M, max capacity 2048M
 Metaspace       used 46828K, committed 47488K, reserved 1114112K
  class space    used 5711K, committed 6016K, reserved 1048576K
}
Event: 8.425 GC heap before
{Heap before GC invocations=3 (full 3):
 ZHeap           used 172M, capacity 294M, max capacity 2048M
 Metaspace       used 46828K, committed 47488K, reserved 1114112K
  class space    used 5711K, committed 6016K, reserved 1048576K
}
Event: 8.465 GC heap after
{Heap after GC invocations=3 (full 3):
 ZHeap           used 174M, capacity 294M, max capacity 2048M
 Metaspace       used 47076K, committed 47808K, reserved 1114112K
  class space    used 5740K, committed 6080K, reserved 1048576K
}
Event: 9.516 GC heap before
{Heap before GC invocations=3 (full 3):
 ZHeap           used 412M, capacity 412M, max capacity 2048M
 Metaspace       used 59316K, committed 59968K, reserved 1114112K
  class space    used 7537K, committed 7808K, reserved 1048576K
}
Event: 9.611 GC heap after
{Heap after GC invocations=4 (full 4):
 ZHeap           used 246M, capacity 536M, max capacity 2048M
 Metaspace       used 59780K, committed 60480K, reserved 1114112K
  class space    used 7626K, committed 7936K, reserved 1048576K
}
Event: 9.611 GC heap before
{Heap before GC invocations=4 (full 4):
 ZHeap           used 246M, capacity 536M, max capacity 2048M
 Metaspace       used 59780K, committed 60480K, reserved 1114112K
  class space    used 7626K, committed 7936K, reserved 1048576K
}
Event: 9.675 GC heap after
{Heap after GC invocations=4 (full 4):
 ZHeap           used 274M, capacity 536M, max capacity 2048M
 Metaspace       used 60016K, committed 60736K, reserved 1114112K
  class space    used 7680K, committed 8000K, reserved 1048576K
}
Event: 10.305 GC heap before
{Heap before GC invocations=4 (full 4):
 ZHeap           used 616M, capacity 616M, max capacity 2048M
 Metaspace       used 62591K, committed 63488K, reserved 1114112K
  class space    used 7981K, committed 8384K, reserved 1048576K
}

Dll operation events (15 events):
Event: 0.012 Loaded shared library C:\Program Files\Java\jdk-23\bin\java.dll
Event: 0.014 Loaded shared library KernelBase
Event: 0.052 Loaded shared library C:\Program Files\Java\jdk-23\bin\jsvml.dll
Event: 0.296 Loaded shared library C:\Program Files\Java\jdk-23\bin\net.dll
Event: 0.298 Loaded shared library C:\Program Files\Java\jdk-23\bin\nio.dll
Event: 0.308 Loaded shared library C:\Program Files\Java\jdk-23\bin\zip.dll
Event: 1.045 Loaded shared library C:\Windows\System32\ole32.dll
Event: 1.045 Loaded shared library C:\Windows\System32\shell32.dll
Event: 1.070 Loaded shared library C:\Windows\System32\ucrtbase.dll
Event: 1.071 Loaded shared library C:\Program Files\Java\jdk-23\bin\syslookup.dll
Event: 1.288 Loaded shared library C:\Program Files\Java\jdk-23\bin\jimage.dll
Event: 2.636 Loaded shared library C:\Users\weron\AppData\Local\Temp\csjniutils-0.3.34267742000910806708.dll
Event: 3.472 Loaded shared library C:\Program Files\Java\jdk-23\bin\management.dll
Event: 3.475 Loaded shared library C:\Program Files\Java\jdk-23\bin\management_ext.dll
Event: 3.645 Loaded shared library C:\Program Files\Java\jdk-23\bin\extnet.dll

Deoptimization events (250 events):
Event: 10.091 Thread 0x0000013b88454a80 DEOPT PACKING pc=0x0000013ba135fae7 sp=0x00000003f82fdd80
Event: 10.091 Thread 0x0000013b88454a80 DEOPT UNPACKING pc=0x0000013ba8594422 sp=0x00000003f82fd1f8 mode 0
Event: 10.097 Thread 0x0000013b814bc500 Uncommon trap: trap_request=0xffffffde fr.pc=0x0000013ba8df279c relative=0x00000000000018fc
Event: 10.097 Thread 0x0000013b88454a80 Uncommon trap: trap_request=0xffffffde fr.pc=0x0000013ba8df279c relative=0x00000000000018fc
Event: 10.097 Thread 0x0000013b814bc500 Uncommon trap: reason=class_check action=maybe_recompile pc=0x0000013ba8df279c method=java.util.zip.InflaterInputStream.read([BII)I @ 78 c2
Event: 10.097 Thread 0x0000013b88454a80 Uncommon trap: reason=class_check action=maybe_recompile pc=0x0000013ba8df279c method=java.util.zip.InflaterInputStream.read([BII)I @ 78 c2
Event: 10.097 Thread 0x0000013b814bc500 DEOPT PACKING pc=0x0000013ba8df279c sp=0x00000003f8afcf20
Event: 10.097 Thread 0x0000013b88454a80 DEOPT PACKING pc=0x0000013ba8df279c sp=0x00000003f82fdb10
Event: 10.097 Thread 0x0000013b814bc500 DEOPT UNPACKING pc=0x0000013ba8593d02 sp=0x00000003f8afcf50 mode 2
Event: 10.097 Thread 0x0000013b88454a80 DEOPT UNPACKING pc=0x0000013ba8593d02 sp=0x00000003f82fdb40 mode 2
Event: 10.102 Thread 0x0000013b814bc500 Uncommon trap: trap_request=0xffffffde fr.pc=0x0000013ba8eb0d5c relative=0x0000000000002ddc
Event: 10.102 Thread 0x0000013b88454a80 Uncommon trap: trap_request=0xffffffde fr.pc=0x0000013ba8eb0d5c relative=0x0000000000002ddc
Event: 10.103 Thread 0x0000013b814bc500 Uncommon trap: reason=class_check action=maybe_recompile pc=0x0000013ba8eb0d5c method=java.nio.file.Files.walkFileTree(Ljava/nio/file/Path;Ljava/util/Set;ILjava/nio/file/FileVisitor;)Ljava/nio/file/Path; @ 136 c2
Event: 10.103 Thread 0x0000013b88454a80 Uncommon trap: reason=class_check action=maybe_recompile pc=0x0000013ba8eb0d5c method=java.nio.file.Files.walkFileTree(Ljava/nio/file/Path;Ljava/util/Set;ILjava/nio/file/FileVisitor;)Ljava/nio/file/Path; @ 136 c2
Event: 10.103 Thread 0x0000013b814bc500 DEOPT PACKING pc=0x0000013ba8eb0d5c sp=0x00000003f8afd540
Event: 10.103 Thread 0x0000013b88454a80 DEOPT PACKING pc=0x0000013ba8eb0d5c sp=0x00000003f82fe130
Event: 10.103 Thread 0x0000013b88454a80 DEOPT UNPACKING pc=0x0000013ba8593d02 sp=0x00000003f82fe150 mode 2
Event: 10.103 Thread 0x0000013b814bc500 DEOPT UNPACKING pc=0x0000013ba8593d02 sp=0x00000003f8afd560 mode 2
Event: 10.103 Thread 0x0000013b814bc500 Uncommon trap: trap_request=0xffffff45 fr.pc=0x0000013ba8e3bcb8 relative=0x0000000000001458
Event: 10.103 Thread 0x0000013b88454a80 Uncommon trap: trap_request=0xffffff45 fr.pc=0x0000013ba8e3bcb8 relative=0x0000000000001458
Event: 10.103 Thread 0x0000013b814bc500 Uncommon trap: reason=unstable_if action=reinterpret pc=0x0000013ba8e3bcb8 method=java.lang.String.<init>(Ljava/nio/charset/Charset;[BII)V @ 6 c2
Event: 10.103 Thread 0x0000013b88454a80 Uncommon trap: reason=unstable_if action=reinterpret pc=0x0000013ba8e3bcb8 method=java.lang.String.<init>(Ljava/nio/charset/Charset;[BII)V @ 6 c2
Event: 10.103 Thread 0x0000013b814bc500 DEOPT PACKING pc=0x0000013ba8e3bcb8 sp=0x00000003f8afd270
Event: 10.103 Thread 0x0000013b814bc500 DEOPT UNPACKING pc=0x0000013ba8593d02 sp=0x00000003f8afd218 mode 2
Event: 10.103 Thread 0x0000013b88454a80 DEOPT PACKING pc=0x0000013ba8e3bcb8 sp=0x00000003f82fde60
Event: 10.103 Thread 0x0000013b88454a80 DEOPT UNPACKING pc=0x0000013ba8593d02 sp=0x00000003f82fde08 mode 2
Event: 10.103 Thread 0x0000013b88454a80 Uncommon trap: trap_request=0xffffffde fr.pc=0x0000013ba8e6bf14 relative=0x0000000000001534
Event: 10.103 Thread 0x0000013b814bc500 Uncommon trap: trap_request=0xffffffde fr.pc=0x0000013ba8e6bf14 relative=0x0000000000001534
Event: 10.103 Thread 0x0000013b88454a80 Uncommon trap: reason=class_check action=maybe_recompile pc=0x0000013ba8e6bf14 method=java.nio.file.FileTreeWalker.next()Ljava/nio/file/FileTreeWalker$Event; @ 37 c2
Event: 10.104 Thread 0x0000013b814bc500 Uncommon trap: reason=class_check action=maybe_recompile pc=0x0000013ba8e6bf14 method=java.nio.file.FileTreeWalker.next()Ljava/nio/file/FileTreeWalker$Event; @ 37 c2
Event: 10.104 Thread 0x0000013b88454a80 DEOPT PACKING pc=0x0000013ba8e6bf14 sp=0x00000003f82fe0e0
Event: 10.104 Thread 0x0000013b88454a80 DEOPT UNPACKING pc=0x0000013ba8593d02 sp=0x00000003f82fe0d0 mode 2
Event: 10.104 Thread 0x0000013b814bc500 DEOPT PACKING pc=0x0000013ba8e6bf14 sp=0x00000003f8afd4f0
Event: 10.104 Thread 0x0000013b814bc500 DEOPT UNPACKING pc=0x0000013ba8593d02 sp=0x00000003f8afd4e0 mode 2
Event: 10.104 Thread 0x0000013b88454a80 Uncommon trap: trap_request=0xffffffde fr.pc=0x0000013ba8e6bf14 relative=0x0000000000001534
Event: 10.104 Thread 0x0000013b814bc500 Uncommon trap: trap_request=0xffffffde fr.pc=0x0000013ba8e6bf14 relative=0x0000000000001534
Event: 10.104 Thread 0x0000013b88454a80 Uncommon trap: reason=class_check action=maybe_recompile pc=0x0000013ba8e6bf14 method=java.nio.file.FileTreeWalker.next()Ljava/nio/file/FileTreeWalker$Event; @ 37 c2
Event: 10.104 Thread 0x0000013b814bc500 Uncommon trap: reason=class_check action=maybe_recompile pc=0x0000013ba8e6bf14 method=java.nio.file.FileTreeWalker.next()Ljava/nio/file/FileTreeWalker$Event; @ 37 c2
Event: 10.104 Thread 0x0000013b88454a80 DEOPT PACKING pc=0x0000013ba8e6bf14 sp=0x00000003f82fe0e0
Event: 10.104 Thread 0x0000013b88454a80 DEOPT UNPACKING pc=0x0000013ba8593d02 sp=0x00000003f82fe0d0 mode 2
Event: 10.104 Thread 0x0000013b814bc500 DEOPT PACKING pc=0x0000013ba8e6bf14 sp=0x00000003f8afd4f0
Event: 10.104 Thread 0x0000013b814bc500 DEOPT UNPACKING pc=0x0000013ba8593d02 sp=0x00000003f8afd4e0 mode 2
Event: 10.115 Thread 0x0000013b88454a80 Uncommon trap: trap_request=0xffffffbe fr.pc=0x0000013ba8e8ec24 relative=0x0000000000000984
Event: 10.115 Thread 0x0000013b88454a80 Uncommon trap: reason=profile_predicate action=maybe_recompile pc=0x0000013ba8e8ec24 method=java.nio.file.Files.walkFileTree(Ljava/nio/file/Path;Ljava/util/Set;ILjava/nio/file/FileVisitor;)Ljava/nio/file/Path; @ 19 c2
Event: 10.115 Thread 0x0000013b88454a80 DEOPT PACKING pc=0x0000013ba8e8ec24 sp=0x00000003f82fe190
Event: 10.115 Thread 0x0000013b88454a80 DEOPT UNPACKING pc=0x0000013ba8593d02 sp=0x00000003f82fe168 mode 2
Event: 10.125 Thread 0x0000013b88454a80 Uncommon trap: trap_request=0xffffffbe fr.pc=0x0000013ba8e8ec24 relative=0x0000000000000984
Event: 10.125 Thread 0x0000013b88454a80 Uncommon trap: reason=profile_predicate action=maybe_recompile pc=0x0000013ba8e8ec24 method=java.nio.file.Files.walkFileTree(Ljava/nio/file/Path;Ljava/util/Set;ILjava/nio/file/FileVisitor;)Ljava/nio/file/Path; @ 19 c2
Event: 10.125 Thread 0x0000013b88454a80 DEOPT PACKING pc=0x0000013ba8e8ec24 sp=0x00000003f82fe190
Event: 10.125 Thread 0x0000013b88454a80 DEOPT UNPACKING pc=0x0000013ba8593d02 sp=0x00000003f82fe168 mode 2
Event: 10.136 Thread 0x0000013b88454a80 Uncommon trap: trap_request=0xffffffbe fr.pc=0x0000013ba8e8ec24 relative=0x0000000000000984
Event: 10.136 Thread 0x0000013b88454a80 Uncommon trap: reason=profile_predicate action=maybe_recompile pc=0x0000013ba8e8ec24 method=java.nio.file.Files.walkFileTree(Ljava/nio/file/Path;Ljava/util/Set;ILjava/nio/file/FileVisitor;)Ljava/nio/file/Path; @ 19 c2
Event: 10.136 Thread 0x0000013b88454a80 DEOPT PACKING pc=0x0000013ba8e8ec24 sp=0x00000003f82fe190
Event: 10.136 Thread 0x0000013b88454a80 DEOPT UNPACKING pc=0x0000013ba8593d02 sp=0x00000003f82fe168 mode 2
Event: 10.147 Thread 0x0000013b88454a80 DEOPT PACKING pc=0x0000013ba17402d8 sp=0x00000003f82fdf30
Event: 10.147 Thread 0x0000013b88454a80 DEOPT UNPACKING pc=0x0000013ba8594422 sp=0x00000003f82fd3d8 mode 0
Event: 10.147 Thread 0x0000013b88454a80 DEOPT PACKING pc=0x0000013ba174091c sp=0x00000003f82fdf40
Event: 10.147 Thread 0x0000013b88454a80 DEOPT UNPACKING pc=0x0000013ba8594422 sp=0x00000003f82fd3d0 mode 0
Event: 10.148 Thread 0x0000013b88454a80 DEOPT PACKING pc=0x0000013ba1742517 sp=0x00000003f82fde80
Event: 10.148 Thread 0x0000013b88454a80 DEOPT UNPACKING pc=0x0000013ba8594422 sp=0x00000003f82fd2f8 mode 0
Event: 10.148 Thread 0x0000013b88454a80 DEOPT PACKING pc=0x0000013ba17402d8 sp=0x00000003f82fdf30
Event: 10.148 Thread 0x0000013b88454a80 DEOPT UNPACKING pc=0x0000013ba8594422 sp=0x00000003f82fd3d8 mode 0
Event: 10.149 Thread 0x0000013b88454a80 DEOPT PACKING pc=0x0000013ba174091c sp=0x00000003f82fdf40
Event: 10.149 Thread 0x0000013b88454a80 DEOPT UNPACKING pc=0x0000013ba8594422 sp=0x00000003f82fd3d0 mode 0
Event: 10.149 Thread 0x0000013b88454a80 DEOPT PACKING pc=0x0000013ba1742517 sp=0x00000003f82fde80
Event: 10.149 Thread 0x0000013b88454a80 DEOPT UNPACKING pc=0x0000013ba8594422 sp=0x00000003f82fd2f8 mode 0
Event: 10.150 Thread 0x0000013b88454a80 DEOPT PACKING pc=0x0000013ba17402d8 sp=0x00000003f82fdf30
Event: 10.150 Thread 0x0000013b88454a80 DEOPT UNPACKING pc=0x0000013ba8594422 sp=0x00000003f82fd3d8 mode 0
Event: 10.150 Thread 0x0000013b88454a80 DEOPT PACKING pc=0x0000013ba174091c sp=0x00000003f82fdf40
Event: 10.150 Thread 0x0000013b88454a80 DEOPT UNPACKING pc=0x0000013ba8594422 sp=0x00000003f82fd3d0 mode 0
Event: 10.151 Thread 0x0000013b88454a80 DEOPT PACKING pc=0x0000013ba1742517 sp=0x00000003f82fde80
Event: 10.151 Thread 0x0000013b88454a80 DEOPT UNPACKING pc=0x0000013ba8594422 sp=0x00000003f82fd2f8 mode 0
Event: 10.151 Thread 0x0000013b88454a80 DEOPT PACKING pc=0x0000013ba17402d8 sp=0x00000003f82fdf30
Event: 10.151 Thread 0x0000013b88454a80 DEOPT UNPACKING pc=0x0000013ba8594422 sp=0x00000003f82fd3d8 mode 0
Event: 10.152 Thread 0x0000013b88454a80 DEOPT PACKING pc=0x0000013ba1742517 sp=0x00000003f82fde80
Event: 10.152 Thread 0x0000013b88454a80 DEOPT UNPACKING pc=0x0000013ba8594422 sp=0x00000003f82fd2f8 mode 0
Event: 10.152 Thread 0x0000013b88454a80 DEOPT PACKING pc=0x0000013ba17402d8 sp=0x00000003f82fdf30
Event: 10.152 Thread 0x0000013b88454a80 DEOPT UNPACKING pc=0x0000013ba8594422 sp=0x00000003f82fd3d8 mode 0
Event: 10.153 Thread 0x0000013b88454a80 DEOPT PACKING pc=0x0000013ba174091c sp=0x00000003f82fdf40
Event: 10.153 Thread 0x0000013b88454a80 DEOPT UNPACKING pc=0x0000013ba8594422 sp=0x00000003f82fd3d0 mode 0
Event: 10.153 Thread 0x0000013b88454a80 DEOPT PACKING pc=0x0000013ba1742517 sp=0x00000003f82fde80
Event: 10.153 Thread 0x0000013b88454a80 DEOPT UNPACKING pc=0x0000013ba8594422 sp=0x00000003f82fd2f8 mode 0
Event: 10.154 Thread 0x0000013b88454a80 DEOPT PACKING pc=0x0000013ba17402d8 sp=0x00000003f82fdf30
Event: 10.154 Thread 0x0000013b88454a80 DEOPT UNPACKING pc=0x0000013ba8594422 sp=0x00000003f82fd3d8 mode 0
Event: 10.154 Thread 0x0000013b88454a80 DEOPT PACKING pc=0x0000013ba174091c sp=0x00000003f82fdf40
Event: 10.154 Thread 0x0000013b88454a80 DEOPT UNPACKING pc=0x0000013ba8594422 sp=0x00000003f82fd3d0 mode 0
Event: 10.155 Thread 0x0000013b88454a80 DEOPT PACKING pc=0x0000013ba1742517 sp=0x00000003f82fde80
Event: 10.155 Thread 0x0000013b88454a80 DEOPT UNPACKING pc=0x0000013ba8594422 sp=0x00000003f82fd2f8 mode 0
Event: 10.155 Thread 0x0000013b88454a80 DEOPT PACKING pc=0x0000013ba17402d8 sp=0x00000003f82fdf30
Event: 10.155 Thread 0x0000013b88454a80 DEOPT UNPACKING pc=0x0000013ba8594422 sp=0x00000003f82fd3d8 mode 0
Event: 10.156 Thread 0x0000013b88454a80 DEOPT PACKING pc=0x0000013ba174091c sp=0x00000003f82fdf40
Event: 10.156 Thread 0x0000013b88454a80 DEOPT UNPACKING pc=0x0000013ba8594422 sp=0x00000003f82fd3d0 mode 0
Event: 10.156 Thread 0x0000013b88454a80 DEOPT PACKING pc=0x0000013ba1742517 sp=0x00000003f82fde80
Event: 10.156 Thread 0x0000013b88454a80 DEOPT UNPACKING pc=0x0000013ba8594422 sp=0x00000003f82fd2f8 mode 0
Event: 10.157 Thread 0x0000013b88454a80 DEOPT PACKING pc=0x0000013ba17402d8 sp=0x00000003f82fdf30
Event: 10.157 Thread 0x0000013b88454a80 DEOPT UNPACKING pc=0x0000013ba8594422 sp=0x00000003f82fd3d8 mode 0
Event: 10.157 Thread 0x0000013b88454a80 DEOPT PACKING pc=0x0000013ba1742517 sp=0x00000003f82fde80
Event: 10.157 Thread 0x0000013b88454a80 DEOPT UNPACKING pc=0x0000013ba8594422 sp=0x00000003f82fd2f8 mode 0
Event: 10.158 Thread 0x0000013b88454a80 DEOPT PACKING pc=0x0000013ba17402d8 sp=0x00000003f82fdf30
Event: 10.158 Thread 0x0000013b88454a80 DEOPT UNPACKING pc=0x0000013ba8594422 sp=0x00000003f82fd3d8 mode 0
Event: 10.158 Thread 0x0000013b88454a80 DEOPT PACKING pc=0x0000013ba174091c sp=0x00000003f82fdf40
Event: 10.158 Thread 0x0000013b88454a80 DEOPT UNPACKING pc=0x0000013ba8594422 sp=0x00000003f82fd3d0 mode 0
Event: 10.158 Thread 0x0000013b88454a80 DEOPT PACKING pc=0x0000013ba1742517 sp=0x00000003f82fde80
Event: 10.158 Thread 0x0000013b88454a80 DEOPT UNPACKING pc=0x0000013ba8594422 sp=0x00000003f82fd2f8 mode 0
Event: 10.159 Thread 0x0000013b88454a80 DEOPT PACKING pc=0x0000013ba17402d8 sp=0x00000003f82fdf30
Event: 10.159 Thread 0x0000013b88454a80 DEOPT UNPACKING pc=0x0000013ba8594422 sp=0x00000003f82fd3d8 mode 0
Event: 10.160 Thread 0x0000013b88454a80 DEOPT PACKING pc=0x0000013ba174091c sp=0x00000003f82fdf40
Event: 10.160 Thread 0x0000013b88454a80 DEOPT UNPACKING pc=0x0000013ba8594422 sp=0x00000003f82fd3d0 mode 0
Event: 10.160 Thread 0x0000013b88454a80 DEOPT PACKING pc=0x0000013ba1742517 sp=0x00000003f82fde80
Event: 10.160 Thread 0x0000013b88454a80 DEOPT UNPACKING pc=0x0000013ba8594422 sp=0x00000003f82fd2f8 mode 0
Event: 10.160 Thread 0x0000013b88454a80 DEOPT PACKING pc=0x0000013ba17402d8 sp=0x00000003f82fdf30
Event: 10.160 Thread 0x0000013b88454a80 DEOPT UNPACKING pc=0x0000013ba8594422 sp=0x00000003f82fd3d8 mode 0
Event: 10.161 Thread 0x0000013b88454a80 DEOPT PACKING pc=0x0000013ba174091c sp=0x00000003f82fdf40
Event: 10.161 Thread 0x0000013b88454a80 DEOPT UNPACKING pc=0x0000013ba8594422 sp=0x00000003f82fd3d0 mode 0
Event: 10.161 Thread 0x0000013b88454a80 DEOPT PACKING pc=0x0000013ba1742517 sp=0x00000003f82fde80
Event: 10.161 Thread 0x0000013b88454a80 DEOPT UNPACKING pc=0x0000013ba8594422 sp=0x00000003f82fd2f8 mode 0
Event: 10.161 Thread 0x0000013b88454a80 DEOPT PACKING pc=0x0000013ba17402d8 sp=0x00000003f82fdf30
Event: 10.161 Thread 0x0000013b88454a80 DEOPT UNPACKING pc=0x0000013ba8594422 sp=0x00000003f82fd3d8 mode 0
Event: 10.162 Thread 0x0000013b88454a80 DEOPT PACKING pc=0x0000013ba174091c sp=0x00000003f82fdf40
Event: 10.162 Thread 0x0000013b88454a80 DEOPT UNPACKING pc=0x0000013ba8594422 sp=0x00000003f82fd3d0 mode 0
Event: 10.162 Thread 0x0000013b88454a80 DEOPT PACKING pc=0x0000013ba1742517 sp=0x00000003f82fde80
Event: 10.162 Thread 0x0000013b88454a80 DEOPT UNPACKING pc=0x0000013ba8594422 sp=0x00000003f82fd2f8 mode 0
Event: 10.163 Thread 0x0000013b88454a80 DEOPT PACKING pc=0x0000013ba17402d8 sp=0x00000003f82fdf30
Event: 10.163 Thread 0x0000013b88454a80 DEOPT UNPACKING pc=0x0000013ba8594422 sp=0x00000003f82fd3d8 mode 0
Event: 10.163 Thread 0x0000013b88454a80 DEOPT PACKING pc=0x0000013ba174091c sp=0x00000003f82fdf40
Event: 10.163 Thread 0x0000013b88454a80 DEOPT UNPACKING pc=0x0000013ba8594422 sp=0x00000003f82fd3d0 mode 0
Event: 10.163 Thread 0x0000013b88454a80 DEOPT PACKING pc=0x0000013ba1742517 sp=0x00000003f82fde80
Event: 10.163 Thread 0x0000013b88454a80 DEOPT UNPACKING pc=0x0000013ba8594422 sp=0x00000003f82fd2f8 mode 0
Event: 10.164 Thread 0x0000013b88454a80 DEOPT PACKING pc=0x0000013ba17402d8 sp=0x00000003f82fdf30
Event: 10.164 Thread 0x0000013b88454a80 DEOPT UNPACKING pc=0x0000013ba8594422 sp=0x00000003f82fd3d8 mode 0
Event: 10.164 Thread 0x0000013b88454a80 DEOPT PACKING pc=0x0000013ba1742517 sp=0x00000003f82fde80
Event: 10.164 Thread 0x0000013b88454a80 DEOPT UNPACKING pc=0x0000013ba8594422 sp=0x00000003f82fd2f8 mode 0
Event: 10.165 Thread 0x0000013b88454a80 DEOPT PACKING pc=0x0000013ba17402d8 sp=0x00000003f82fdf30
Event: 10.165 Thread 0x0000013b88454a80 DEOPT UNPACKING pc=0x0000013ba8594422 sp=0x00000003f82fd3d8 mode 0
Event: 10.165 Thread 0x0000013b88454a80 DEOPT PACKING pc=0x0000013ba1742517 sp=0x00000003f82fde80
Event: 10.165 Thread 0x0000013b88454a80 DEOPT UNPACKING pc=0x0000013ba8594422 sp=0x00000003f82fd2f8 mode 0
Event: 10.165 Thread 0x0000013b88454a80 DEOPT PACKING pc=0x0000013ba17402d8 sp=0x00000003f82fdf30
Event: 10.165 Thread 0x0000013b88454a80 DEOPT UNPACKING pc=0x0000013ba8594422 sp=0x00000003f82fd3d8 mode 0
Event: 10.166 Thread 0x0000013b88454a80 DEOPT PACKING pc=0x0000013ba174091c sp=0x00000003f82fdf40
Event: 10.166 Thread 0x0000013b88454a80 DEOPT UNPACKING pc=0x0000013ba8594422 sp=0x00000003f82fd3d0 mode 0
Event: 10.166 Thread 0x0000013b88454a80 DEOPT PACKING pc=0x0000013ba1742517 sp=0x00000003f82fde80
Event: 10.166 Thread 0x0000013b88454a80 DEOPT UNPACKING pc=0x0000013ba8594422 sp=0x00000003f82fd2f8 mode 0
Event: 10.167 Thread 0x0000013b88454a80 Uncommon trap: trap_request=0xffffffde fr.pc=0x0000013ba8df279c relative=0x00000000000018fc
Event: 10.167 Thread 0x0000013b88454a80 Uncommon trap: reason=class_check action=maybe_recompile pc=0x0000013ba8df279c method=java.util.zip.InflaterInputStream.read([BII)I @ 78 c2
Event: 10.167 Thread 0x0000013b88454a80 DEOPT PACKING pc=0x0000013ba8df279c sp=0x00000003f82fdb10
Event: 10.167 Thread 0x0000013b88454a80 DEOPT UNPACKING pc=0x0000013ba8593d02 sp=0x00000003f82fdb40 mode 2
Event: 10.169 Thread 0x0000013b88454a80 Uncommon trap: trap_request=0xffffffde fr.pc=0x0000013ba8df279c relative=0x00000000000018fc
Event: 10.169 Thread 0x0000013b88454a80 Uncommon trap: reason=class_check action=maybe_recompile pc=0x0000013ba8df279c method=java.util.zip.InflaterInputStream.read([BII)I @ 78 c2
Event: 10.170 Thread 0x0000013b88454a80 DEOPT PACKING pc=0x0000013ba8df279c sp=0x00000003f82fdb60
Event: 10.170 Thread 0x0000013b88454a80 DEOPT UNPACKING pc=0x0000013ba8593d02 sp=0x00000003f82fdb90 mode 2
Event: 10.171 Thread 0x0000013b88454a80 Uncommon trap: trap_request=0xffffffde fr.pc=0x0000013ba8eb0d5c relative=0x0000000000002ddc
Event: 10.171 Thread 0x0000013b88454a80 Uncommon trap: reason=class_check action=maybe_recompile pc=0x0000013ba8eb0d5c method=java.nio.file.Files.walkFileTree(Ljava/nio/file/Path;Ljava/util/Set;ILjava/nio/file/FileVisitor;)Ljava/nio/file/Path; @ 136 c2
Event: 10.172 Thread 0x0000013b88454a80 DEOPT PACKING pc=0x0000013ba8eb0d5c sp=0x00000003f82fe130
Event: 10.172 Thread 0x0000013b88454a80 DEOPT UNPACKING pc=0x0000013ba8593d02 sp=0x00000003f82fe150 mode 2
Event: 10.172 Thread 0x0000013b88454a80 Uncommon trap: trap_request=0xffffff45 fr.pc=0x0000013ba8ee0138 relative=0x00000000000004f8
Event: 10.172 Thread 0x0000013b88454a80 Uncommon trap: reason=unstable_if action=reinterpret pc=0x0000013ba8ee0138 method=jdk.nio.zipfs.ZipPath.getFileName()Ljdk/nio/zipfs/ZipPath; @ 12 c2
Event: 10.172 Thread 0x0000013b88454a80 DEOPT PACKING pc=0x0000013ba8ee0138 sp=0x00000003f82fdfd0
Event: 10.172 Thread 0x0000013b88454a80 DEOPT UNPACKING pc=0x0000013ba8593d02 sp=0x00000003f82fdf98 mode 2
Event: 10.175 Thread 0x0000013b88454a80 DEOPT PACKING pc=0x0000013ba174bd8d sp=0x00000003f82fde60
Event: 10.175 Thread 0x0000013b88454a80 DEOPT UNPACKING pc=0x0000013ba8594422 sp=0x00000003f82fd2f8 mode 0
Event: 10.177 Thread 0x0000013b88454a80 DEOPT PACKING pc=0x0000013ba174bd8d sp=0x00000003f82fde60
Event: 10.177 Thread 0x0000013b88454a80 DEOPT UNPACKING pc=0x0000013ba8594422 sp=0x00000003f82fd2f8 mode 0
Event: 10.178 Thread 0x0000013b88454a80 DEOPT PACKING pc=0x0000013ba174bd8d sp=0x00000003f82fde60
Event: 10.178 Thread 0x0000013b88454a80 DEOPT UNPACKING pc=0x0000013ba8594422 sp=0x00000003f82fd2f8 mode 0
Event: 10.179 Thread 0x0000013b88454a80 Uncommon trap: trap_request=0xffffffbe fr.pc=0x0000013ba8e8ec24 relative=0x0000000000000984
Event: 10.179 Thread 0x0000013b88454a80 Uncommon trap: reason=profile_predicate action=maybe_recompile pc=0x0000013ba8e8ec24 method=java.nio.file.Files.walkFileTree(Ljava/nio/file/Path;Ljava/util/Set;ILjava/nio/file/FileVisitor;)Ljava/nio/file/Path; @ 19 c2
Event: 10.179 Thread 0x0000013b88454a80 DEOPT PACKING pc=0x0000013ba8e8ec24 sp=0x00000003f82fe190
Event: 10.179 Thread 0x0000013b88454a80 DEOPT UNPACKING pc=0x0000013ba8593d02 sp=0x00000003f82fe168 mode 2
Event: 10.180 Thread 0x0000013b88454a80 DEOPT PACKING pc=0x0000013ba174bd8d sp=0x00000003f82fde60
Event: 10.180 Thread 0x0000013b88454a80 DEOPT UNPACKING pc=0x0000013ba8594422 sp=0x00000003f82fd2f8 mode 0
Event: 10.182 Thread 0x0000013b88454a80 DEOPT PACKING pc=0x0000013ba174bd8d sp=0x00000003f82fde60
Event: 10.182 Thread 0x0000013b88454a80 DEOPT UNPACKING pc=0x0000013ba8594422 sp=0x00000003f82fd2f8 mode 0
Event: 10.183 Thread 0x0000013b88454a80 DEOPT PACKING pc=0x0000013ba174bd8d sp=0x00000003f82fde60
Event: 10.183 Thread 0x0000013b88454a80 DEOPT UNPACKING pc=0x0000013ba8594422 sp=0x00000003f82fd2f8 mode 0
Event: 10.184 Thread 0x0000013b88454a80 DEOPT PACKING pc=0x0000013ba174bd8d sp=0x00000003f82fde60
Event: 10.184 Thread 0x0000013b88454a80 DEOPT UNPACKING pc=0x0000013ba8594422 sp=0x00000003f82fd2f8 mode 0
Event: 10.186 Thread 0x0000013b88454a80 DEOPT PACKING pc=0x0000013ba174bd8d sp=0x00000003f82fde60
Event: 10.186 Thread 0x0000013b88454a80 DEOPT UNPACKING pc=0x0000013ba8594422 sp=0x00000003f82fd2f8 mode 0
Event: 10.187 Thread 0x0000013b88454a80 DEOPT PACKING pc=0x0000013ba174bd8d sp=0x00000003f82fde60
Event: 10.187 Thread 0x0000013b88454a80 DEOPT UNPACKING pc=0x0000013ba8594422 sp=0x00000003f82fd2f8 mode 0
Event: 10.189 Thread 0x0000013b88454a80 DEOPT PACKING pc=0x0000013ba174bd8d sp=0x00000003f82fde60
Event: 10.189 Thread 0x0000013b88454a80 DEOPT UNPACKING pc=0x0000013ba8594422 sp=0x00000003f82fd2f8 mode 0
Event: 10.190 Thread 0x0000013b88454a80 DEOPT PACKING pc=0x0000013ba174bd8d sp=0x00000003f82fde60
Event: 10.190 Thread 0x0000013b88454a80 DEOPT UNPACKING pc=0x0000013ba8594422 sp=0x00000003f82fd2f8 mode 0
Event: 10.191 Thread 0x0000013b88454a80 DEOPT PACKING pc=0x0000013ba174bd8d sp=0x00000003f82fde60
Event: 10.191 Thread 0x0000013b88454a80 DEOPT UNPACKING pc=0x0000013ba8594422 sp=0x00000003f82fd2f8 mode 0
Event: 10.192 Thread 0x0000013b88454a80 DEOPT PACKING pc=0x0000013ba174bd8d sp=0x00000003f82fde60
Event: 10.192 Thread 0x0000013b88454a80 DEOPT UNPACKING pc=0x0000013ba8594422 sp=0x00000003f82fd2f8 mode 0
Event: 10.193 Thread 0x0000013b88454a80 DEOPT PACKING pc=0x0000013ba174bd8d sp=0x00000003f82fde60
Event: 10.193 Thread 0x0000013b88454a80 DEOPT UNPACKING pc=0x0000013ba8594422 sp=0x00000003f82fd2f8 mode 0
Event: 10.195 Thread 0x0000013b88454a80 DEOPT PACKING pc=0x0000013ba174bd8d sp=0x00000003f82fde60
Event: 10.195 Thread 0x0000013b88454a80 DEOPT UNPACKING pc=0x0000013ba8594422 sp=0x00000003f82fd2f8 mode 0
Event: 10.196 Thread 0x0000013b88454a80 DEOPT PACKING pc=0x0000013ba174bd8d sp=0x00000003f82fde60
Event: 10.197 Thread 0x0000013b88454a80 DEOPT UNPACKING pc=0x0000013ba8594422 sp=0x00000003f82fd2f8 mode 0
Event: 10.197 Thread 0x0000013b814bc500 Uncommon trap: trap_request=0xffffffde fr.pc=0x0000013ba8e570a0 relative=0x0000000000000b00
Event: 10.197 Thread 0x0000013b814bc500 Uncommon trap: reason=class_check action=maybe_recompile pc=0x0000013ba8e570a0 method=java.util.HashMap.computeIfAbsent(Ljava/lang/Object;Ljava/util/function/Function;)Ljava/lang/Object; @ 142 c2
Event: 10.198 Thread 0x0000013b814bc500 DEOPT PACKING pc=0x0000013ba8e570a0 sp=0x00000003f8afd830
Event: 10.198 Thread 0x0000013b814bc500 DEOPT UNPACKING pc=0x0000013ba8593d02 sp=0x00000003f8afd7e8 mode 2
Event: 10.201 Thread 0x0000013b814bc500 Uncommon trap: trap_request=0x00000023 fr.pc=0x0000013ba8eae1dc relative=0x000000000000025c
Event: 10.201 Thread 0x0000013b814bc500 Uncommon trap: reason=unloaded action=reinterpret pc=0x0000013ba8eae1dc method=java.nio.file.FileTreeWalker.<init>(Ljava/util/Collection;I)V @ 47 c2
Event: 10.201 Thread 0x0000013b814bc500 DEOPT PACKING pc=0x0000013ba8eae1dc sp=0x00000003f8afd7d0
Event: 10.201 Thread 0x0000013b814bc500 DEOPT UNPACKING pc=0x0000013ba8593d02 sp=0x00000003f8afd778 mode 2
Event: 10.204 Thread 0x0000013b88454a80 DEOPT PACKING pc=0x0000013ba174bd8d sp=0x00000003f82fde60
Event: 10.204 Thread 0x0000013b88454a80 DEOPT UNPACKING pc=0x0000013ba8594422 sp=0x00000003f82fd2f8 mode 0
Event: 10.205 Thread 0x0000013b88454a80 DEOPT PACKING pc=0x0000013ba174bd8d sp=0x00000003f82fde60
Event: 10.205 Thread 0x0000013b88454a80 DEOPT UNPACKING pc=0x0000013ba8594422 sp=0x00000003f82fd2f8 mode 0
Event: 10.206 Thread 0x0000013b88454a80 DEOPT PACKING pc=0x0000013ba174bd8d sp=0x00000003f82fde60
Event: 10.206 Thread 0x0000013b88454a80 DEOPT UNPACKING pc=0x0000013ba8594422 sp=0x00000003f82fd2f8 mode 0
Event: 10.207 Thread 0x0000013b88454a80 DEOPT PACKING pc=0x0000013ba174bd8d sp=0x00000003f82fde60
Event: 10.207 Thread 0x0000013b88454a80 DEOPT UNPACKING pc=0x0000013ba8594422 sp=0x00000003f82fd2f8 mode 0
Event: 10.217 Thread 0x0000013b88454a80 Uncommon trap: trap_request=0xffffff45 fr.pc=0x0000013ba8ee3798 relative=0x00000000000001f8
Event: 10.217 Thread 0x0000013b88454a80 Uncommon trap: reason=unstable_if action=reinterpret pc=0x0000013ba8ee3798 method=jdk.nio.zipfs.ZipFileSystem$IndexNode.pathHasDotOrDotDot()Z @ 83 c2
Event: 10.217 Thread 0x0000013b88454a80 DEOPT PACKING pc=0x0000013ba8ee3798 sp=0x00000003f82fdf40
Event: 10.217 Thread 0x0000013b88454a80 DEOPT UNPACKING pc=0x0000013ba8593d02 sp=0x00000003f82fded0 mode 2
Event: 10.219 Thread 0x0000013b88454a80 DEOPT PACKING pc=0x0000013ba179331c sp=0x00000003f82fdf40
Event: 10.219 Thread 0x0000013b88454a80 DEOPT UNPACKING pc=0x0000013ba8594422 sp=0x00000003f82fd3d0 mode 0
Event: 10.220 Thread 0x0000013b88454a80 DEOPT PACKING pc=0x0000013ba179331c sp=0x00000003f82fdf40
Event: 10.220 Thread 0x0000013b88454a80 DEOPT UNPACKING pc=0x0000013ba8594422 sp=0x00000003f82fd3d0 mode 0
Event: 10.220 Thread 0x0000013b88454a80 DEOPT PACKING pc=0x0000013ba179331c sp=0x00000003f82fdf40
Event: 10.220 Thread 0x0000013b88454a80 DEOPT UNPACKING pc=0x0000013ba8594422 sp=0x00000003f82fd3d0 mode 0
Event: 10.220 Thread 0x0000013b88454a80 DEOPT PACKING pc=0x0000013ba179331c sp=0x00000003f82fdf40
Event: 10.220 Thread 0x0000013b88454a80 DEOPT UNPACKING pc=0x0000013ba8594422 sp=0x00000003f82fd3d0 mode 0
Event: 10.221 Thread 0x0000013b88454a80 DEOPT PACKING pc=0x0000013ba179331c sp=0x00000003f82fdf40
Event: 10.221 Thread 0x0000013b88454a80 DEOPT UNPACKING pc=0x0000013ba8594422 sp=0x00000003f82fd3d0 mode 0
Event: 10.221 Thread 0x0000013b88454a80 DEOPT PACKING pc=0x0000013ba179331c sp=0x00000003f82fdf40
Event: 10.221 Thread 0x0000013b88454a80 DEOPT UNPACKING pc=0x0000013ba8594422 sp=0x00000003f82fd3d0 mode 0
Event: 10.222 Thread 0x0000013b88454a80 DEOPT PACKING pc=0x0000013ba179331c sp=0x00000003f82fdf40
Event: 10.222 Thread 0x0000013b88454a80 DEOPT UNPACKING pc=0x0000013ba8594422 sp=0x00000003f82fd3d0 mode 0
Event: 10.222 Thread 0x0000013b88454a80 DEOPT PACKING pc=0x0000013ba179331c sp=0x00000003f82fdf40
Event: 10.222 Thread 0x0000013b88454a80 DEOPT UNPACKING pc=0x0000013ba8594422 sp=0x00000003f82fd3d0 mode 0
Event: 10.222 Thread 0x0000013b88454a80 DEOPT PACKING pc=0x0000013ba179331c sp=0x00000003f82fdf40
Event: 10.222 Thread 0x0000013b88454a80 DEOPT UNPACKING pc=0x0000013ba8594422 sp=0x00000003f82fd3d0 mode 0
Event: 10.223 Thread 0x0000013b814bc500 Uncommon trap: trap_request=0xffffff45 fr.pc=0x0000013ba8e5ff8c relative=0x0000000000000bac
Event: 10.223 Thread 0x0000013b814bc500 Uncommon trap: reason=unstable_if action=reinterpret pc=0x0000013ba8e5ff8c method=jdk.internal.jrtfs.JrtFileSystem.checkNode(Ljdk/internal/jrtfs/JrtPath;)Ljdk/internal/jimage/ImageReader$Node; @ 16 c2
Event: 10.223 Thread 0x0000013b88454a80 DEOPT PACKING pc=0x0000013ba179331c sp=0x00000003f82fdf40
Event: 10.223 Thread 0x0000013b88454a80 DEOPT UNPACKING pc=0x0000013ba8594422 sp=0x00000003f82fd3d0 mode 0
Event: 10.223 Thread 0x0000013b814bc500 DEOPT PACKING pc=0x0000013ba8e5ff8c sp=0x00000003f8afcae0
Event: 10.223 Thread 0x0000013b814bc500 DEOPT UNPACKING pc=0x0000013ba8593d02 sp=0x00000003f8afcaf0 mode 2
Event: 10.223 Thread 0x0000013b88454a80 DEOPT PACKING pc=0x0000013ba179331c sp=0x00000003f82fdf40
Event: 10.223 Thread 0x0000013b88454a80 DEOPT UNPACKING pc=0x0000013ba8594422 sp=0x00000003f82fd3d0 mode 0
Event: 10.224 Thread 0x0000013b88454a80 DEOPT PACKING pc=0x0000013ba179331c sp=0x00000003f82fdf40
Event: 10.224 Thread 0x0000013b88454a80 DEOPT UNPACKING pc=0x0000013ba8594422 sp=0x00000003f82fd3d0 mode 0
Event: 10.225 Thread 0x0000013b88454a80 DEOPT PACKING pc=0x0000013ba179331c sp=0x00000003f82fdf40
Event: 10.225 Thread 0x0000013b88454a80 DEOPT UNPACKING pc=0x0000013ba8594422 sp=0x00000003f82fd3d0 mode 0
Event: 10.248 Thread 0x0000013b88454a80 DEOPT PACKING pc=0x0000013ba179331c sp=0x00000003f82fdf40
Event: 10.248 Thread 0x0000013b88454a80 DEOPT UNPACKING pc=0x0000013ba8594422 sp=0x00000003f82fd3d0 mode 0
Event: 10.289 Thread 0x0000013b88454a80 Uncommon trap: trap_request=0xffffff45 fr.pc=0x0000013ba8ee39e0 relative=0x0000000000000060
Event: 10.289 Thread 0x0000013b88454a80 Uncommon trap: reason=unstable_if action=reinterpret pc=0x0000013ba8ee39e0 method=java.time.LocalDate.compareTo0(Ljava/time/LocalDate;)I @ 25 c2
Event: 10.290 Thread 0x0000013b88454a80 DEOPT PACKING pc=0x0000013ba8ee39e0 sp=0x00000003f82fd9c0
Event: 10.290 Thread 0x0000013b88454a80 DEOPT UNPACKING pc=0x0000013ba8593d02 sp=0x00000003f82fd948 mode 2

Classes loaded (250 events):
Event: 7.568 Loading class java/util/stream/SortedOps$AbstractRefSortingSink done
Event: 7.568 Loading class java/util/stream/SortedOps$RefSortingSink done
Event: 7.572 Loading class java/util/stream/SortedOps$SizedRefSortingSink
Event: 7.572 Loading class java/util/stream/SortedOps$SizedRefSortingSink done
Event: 7.643 Loading class java/lang/reflect/MalformedParametersException
Event: 7.643 Loading class java/lang/reflect/MalformedParametersException done
Event: 7.646 Loading class java/lang/IllegalAccessError
Event: 7.646 Loading class java/lang/IllegalAccessError done
Event: 7.647 Loading class java/beans/Transient
Event: 7.647 Loading class java/beans/Transient done
Event: 7.647 Loading class java/beans/ConstructorProperties
Event: 7.647 Loading class java/beans/ConstructorProperties done
Event: 7.651 Loading class java/lang/invoke/VarHandleLongs$Array
Event: 7.651 Loading class java/lang/invoke/VarHandleLongs$Array done
Event: 7.657 Loading class sun/text/resources/cldr/FormatData_en
Event: 7.657 Loading class sun/text/resources/cldr/FormatData_en done
Event: 7.657 Loading class sun/text/resources/cldr/FormatData_en_US
Event: 7.657 Loading class sun/text/resources/cldr/FormatData_en_US done
Event: 7.779 Loading class java/time/DateTimeException
Event: 7.779 Loading class java/time/DateTimeException done
Event: 7.781 Loading class java/time/OffsetDateTime
Event: 7.781 Loading class java/time/OffsetDateTime done
Event: 7.784 Loading class java/time/MonthDay
Event: 7.785 Loading class java/time/MonthDay done
Event: 7.785 Loading class java/time/OffsetTime
Event: 7.785 Loading class java/time/OffsetTime done
Event: 7.786 Loading class java/time/YearMonth
Event: 7.786 Loading class java/time/YearMonth done
Event: 7.871 Loading class java/util/OptionalInt
Event: 7.871 Loading class java/util/OptionalInt done
Event: 7.871 Loading class java/util/OptionalLong
Event: 7.871 Loading class java/util/OptionalLong done
Event: 7.871 Loading class java/util/OptionalDouble
Event: 7.871 Loading class java/util/OptionalDouble done
Event: 7.877 Loading class java/util/stream/LongStream
Event: 7.877 Loading class java/util/stream/LongStream done
Event: 7.877 Loading class java/util/stream/DoubleStream
Event: 7.878 Loading class java/util/stream/DoubleStream done
Event: 7.880 Loading class org/w3c/dom/Node
Event: 7.880 Loading class org/w3c/dom/Node done
Event: 7.880 Loading class org/w3c/dom/Document
Event: 7.880 Loading class org/w3c/dom/Document done
Event: 7.889 Loading class java/lang/annotation/ElementType
Event: 7.889 Loading class java/lang/annotation/ElementType done
Event: 7.929 Loading class java/util/regex/PatternSyntaxException
Event: 7.929 Loading class java/util/regex/PatternSyntaxException done
Event: 7.947 Loading class sun/reflect/generics/tree/VoidDescriptor
Event: 7.947 Loading class sun/reflect/generics/tree/VoidDescriptor done
Event: 7.965 Loading class java/lang/invoke/BoundMethodHandle$Species_LI
Event: 7.965 Loading class java/lang/invoke/BoundMethodHandle$Species_LI done
Event: 7.994 Loading class java/util/stream/Streams$ConcatSpliterator$OfRef
Event: 7.995 Loading class java/util/stream/Streams$ConcatSpliterator$OfRef done
Event: 8.007 Loading class java/util/ServiceConfigurationError
Event: 8.007 Loading class java/util/ServiceConfigurationError done
Event: 8.019 Loading class java/io/FileReader
Event: 8.019 Loading class java/io/FileReader done
Event: 8.089 Loading class java/util/Collections$ReverseComparator
Event: 8.089 Loading class java/util/Collections$ReverseComparator done
Event: 8.089 Loading class java/util/Collections$ReverseComparator2
Event: 8.089 Loading class java/util/Collections$ReverseComparator2 done
Event: 8.133 Loading class java/util/zip/ZipFile$ZipEntryIterator
Event: 8.134 Loading class java/util/zip/ZipFile$ZipEntryIterator done
Event: 8.178 Loading class jdk/internal/math/FormattedFPDecimal
Event: 8.178 Loading class jdk/internal/math/FormattedFPDecimal done
Event: 8.218 Loading class java/io/FilterReader
Event: 8.218 Loading class java/io/FilterReader done
Event: 8.225 Loading class java/io/UnsupportedEncodingException
Event: 8.225 Loading class java/io/UnsupportedEncodingException done
Event: 8.225 Loading class java/net/URLDecoder
Event: 8.225 Loading class java/net/URLDecoder done
Event: 8.254 Loading class java/util/LinkedList$ListItr
Event: 8.254 Loading class java/util/LinkedList$ListItr done
Event: 8.296 Loading class java/util/stream/ReferencePipeline$5
Event: 8.296 Loading class java/util/stream/LongPipeline$StatelessOp
Event: 8.296 Loading class java/util/stream/LongPipeline
Event: 8.296 Loading class java/util/stream/LongPipeline done
Event: 8.296 Loading class java/util/stream/LongPipeline$StatelessOp done
Event: 8.296 Loading class java/util/stream/ReferencePipeline$5 done
Event: 8.296 Loading class java/util/function/LongBinaryOperator
Event: 8.297 Loading class java/util/function/LongBinaryOperator done
Event: 8.297 Loading class java/util/stream/ReduceOps$10
Event: 8.297 Loading class java/util/stream/ReduceOps$10 done
Event: 8.297 Loading class java/util/stream/ReduceOps$8ReducingSink
Event: 8.297 Loading class java/util/stream/Sink$OfLong
Event: 8.297 Loading class java/util/stream/Sink$OfLong done
Event: 8.297 Loading class java/util/stream/ReduceOps$8ReducingSink done
Event: 8.297 Loading class java/util/stream/ReferencePipeline$5$1
Event: 8.297 Loading class java/util/stream/ReferencePipeline$5$1 done
Event: 8.488 Loading class sun/security/provider/MD5
Event: 8.489 Loading class sun/security/provider/MD5 done
Event: 8.489 Loading class sun/security/provider/ByteArrayAccess$LE
Event: 8.489 Loading class sun/security/provider/ByteArrayAccess$LE done
Event: 8.612 Loading class java/nio/charset/IllegalCharsetNameException
Event: 8.612 Loading class java/nio/charset/IllegalCharsetNameException done
Event: 8.612 Loading class java/nio/charset/UnsupportedCharsetException
Event: 8.612 Loading class java/nio/charset/UnsupportedCharsetException done
Event: 8.613 Loading class java/nio/file/InvalidPathException
Event: 8.613 Loading class java/nio/file/InvalidPathException done
Event: 8.613 Loading class java/nio/file/ProviderNotFoundException
Event: 8.613 Loading class java/nio/file/ProviderNotFoundException done
Event: 8.640 Loading class java/util/JumboEnumSet
Event: 8.640 Loading class java/util/JumboEnumSet done
Event: 8.640 Loading class java/nio/file/FileVisitOption
Event: 8.640 Loading class java/nio/file/FileVisitOption done
Event: 8.667 Loading class java/util/JumboEnumSet$EnumSetIterator
Event: 8.667 Loading class java/util/JumboEnumSet$EnumSetIterator done
Event: 8.669 Loading class java/util/UUID$Holder
Event: 8.669 Loading class java/util/UUID$Holder done
Event: 8.671 Loading class java/util/MissingResourceException
Event: 8.671 Loading class java/util/MissingResourceException done
Event: 8.677 Loading class java/util/ResourceBundle$CacheKey
Event: 8.677 Loading class java/util/ResourceBundle$CacheKey done
Event: 8.677 Loading class java/util/ResourceBundle$KeyElementReference
Event: 8.677 Loading class java/util/ResourceBundle$CacheKeyReference
Event: 8.677 Loading class java/util/ResourceBundle$CacheKeyReference done
Event: 8.677 Loading class java/util/ResourceBundle$KeyElementReference done
Event: 8.678 Loading class java/util/ResourceBundle$3
Event: 8.678 Loading class java/util/ResourceBundle$3 done
Event: 8.682 Loading class java/util/ResourceBundle$BundleReference
Event: 8.682 Loading class java/util/ResourceBundle$BundleReference done
Event: 8.779 Loading class java/nio/file/ReadOnlyFileSystemException
Event: 8.779 Loading class java/nio/file/ReadOnlyFileSystemException done
Event: 8.797 Loading class java/nio/file/spi/FileSystemProvider$1
Event: 8.798 Loading class java/nio/file/spi/FileSystemProvider$1 done
Event: 8.800 Loading class java/nio/file/ClosedFileSystemException
Event: 8.800 Loading class java/nio/file/ClosedFileSystemException done
Event: 8.806 Loading class java/nio/channels/AsynchronousFileChannel
Event: 8.806 Loading class java/nio/channels/AsynchronousChannel
Event: 8.806 Loading class java/nio/channels/AsynchronousChannel done
Event: 8.806 Loading class java/nio/channels/AsynchronousFileChannel done
Event: 8.806 Loading class jdk/internal/jrtfs/JrtFileSystemProvider
Event: 8.806 Loading class jdk/internal/jrtfs/JrtFileSystemProvider done
Event: 8.808 Loading class jdk/internal/jrtfs/JrtFileSystem
Event: 8.808 Loading class jdk/internal/jrtfs/JrtFileSystem done
Event: 8.809 Loading class jdk/internal/jrtfs/JrtPath
Event: 8.817 Loading class jdk/internal/jrtfs/JrtPath done
Event: 8.819 Loading class jdk/internal/jrtfs/SystemImage
Event: 8.819 Loading class jdk/internal/jrtfs/SystemImage done
Event: 8.820 Loading class java/security/AllPermissionCollection
Event: 8.820 Loading class java/security/AllPermissionCollection done
Event: 8.821 Loading class jdk/internal/jrtfs/SystemImage$2
Event: 8.822 Loading class jdk/internal/jrtfs/SystemImage$2 done
Event: 8.822 Loading class jdk/internal/jimage/ImageReader$Directory
Event: 8.822 Loading class jdk/internal/jimage/ImageReader$Node
Event: 8.822 Loading class jdk/internal/jimage/ImageReader$Node done
Event: 8.823 Loading class jdk/internal/jimage/ImageReader$Directory done
Event: 8.823 Loading class jdk/internal/jrtfs/SystemImage$1
Event: 8.823 Loading class jdk/internal/jrtfs/SystemImage$1 done
Event: 8.824 Loading class jdk/internal/jrtfs/JrtDirectoryStream
Event: 8.824 Loading class jdk/internal/jrtfs/JrtDirectoryStream done
Event: 8.824 Loading class jdk/internal/jimage/ImageReader$SharedImageReader$LocationVisitor
Event: 8.824 Loading class jdk/internal/jimage/ImageReader$SharedImageReader$LocationVisitor done
Event: 8.825 Loading class java/nio/ByteBufferAsIntBufferL
Event: 8.825 Loading class java/nio/ByteBufferAsIntBufferL done
Event: 8.827 Loading class jdk/internal/jimage/ImageReader$Resource
Event: 8.827 Loading class jdk/internal/jimage/ImageReader$Resource done
Event: 8.827 Loading class jdk/internal/jimage/ImageReader$LinkNode
Event: 8.827 Loading class jdk/internal/jimage/ImageReader$LinkNode done
Event: 8.851 Loading class java/util/stream/StreamSpliterators$WrappingSpliterator
Event: 8.851 Loading class java/util/stream/StreamSpliterators$AbstractWrappingSpliterator
Event: 8.851 Loading class java/util/stream/StreamSpliterators$AbstractWrappingSpliterator done
Event: 8.851 Loading class java/util/stream/StreamSpliterators$WrappingSpliterator done
Event: 8.852 Loading class jdk/internal/jrtfs/JrtDirectoryStream$1
Event: 8.852 Loading class jdk/internal/jrtfs/JrtDirectoryStream$1 done
Event: 8.855 Loading class java/util/stream/StreamSpliterators
Event: 8.855 Loading class java/util/stream/StreamSpliterators done
Event: 8.855 Loading class java/util/function/BooleanSupplier
Event: 8.856 Loading class java/util/function/BooleanSupplier done
Event: 8.859 Loading class jdk/internal/jrtfs/JrtFileAttributes
Event: 8.859 Loading class jdk/internal/jrtfs/JrtFileAttributes done
Event: 8.862 Loading class java/nio/file/SimpleFileVisitor
Event: 8.862 Loading class java/nio/file/SimpleFileVisitor done
Event: 8.863 Loading class java/nio/file/FileTreeWalker
Event: 8.864 Loading class java/nio/file/FileTreeWalker done
Event: 8.864 Loading class java/nio/file/FileTreeWalker$DirectoryNode
Event: 8.864 Loading class java/nio/file/FileTreeWalker$DirectoryNode done
Event: 8.864 Loading class java/nio/file/FileTreeWalker$Event
Event: 8.864 Loading class java/nio/file/FileTreeWalker$Event done
Event: 8.865 Loading class java/nio/file/FileTreeWalker$EventType
Event: 8.865 Loading class java/nio/file/FileTreeWalker$EventType done
Event: 8.865 Loading class java/nio/file/Files$3
Event: 8.865 Loading class java/nio/file/Files$3 done
Event: 8.865 Loading class jdk/internal/jrtfs/JrtPath$1
Event: 8.865 Loading class jdk/internal/jrtfs/JrtPath$1 done
Event: 8.866 Loading class java/util/concurrent/ConcurrentLinkedQueue$Itr
Event: 8.867 Loading class java/nio/file/FileVisitResult
Event: 8.867 Loading class java/nio/file/FileVisitResult done
Event: 8.867 Loading class java/util/concurrent/ConcurrentLinkedQueue$Itr done
Event: 8.961 Loading class java/util/regex/Pattern$Loop
Event: 8.961 Loading class java/util/regex/Pattern$Loop done
Event: 8.962 Loading class java/util/regex/Pattern$Prolog
Event: 8.962 Loading class java/util/regex/Pattern$Prolog done
Event: 8.965 Loading class java/nio/file/TempFileHelper
Event: 8.965 Loading class java/nio/file/TempFileHelper done
Event: 8.993 Loading class java/util/ServiceLoader$ProviderSpliterator
Event: 8.993 Loading class java/util/ServiceLoader$ProviderSpliterator done
Event: 9.085 Loading class java/util/concurrent/CompletableFuture$UniHandle
Event: 9.085 Loading class java/util/concurrent/CompletableFuture$UniHandle done
Event: 9.693 Loading class java/net/URLClassLoader$3
Event: 9.693 Loading class java/net/URLClassLoader$3 done
Event: 9.693 Loading class java/net/URLClassLoader$3$1
Event: 9.694 Loading class java/net/URLClassLoader$3$1 done
Event: 9.697 Loading class java/net/URLClassLoader$1
Event: 9.697 Loading class java/net/URLClassLoader$1 done
Event: 9.698 Loading class java/io/FilePermissionCollection
Event: 9.698 Loading class java/io/FilePermissionCollection done
Event: 9.704 Loading class java/text/BreakIterator
Event: 9.705 Loading class java/text/BreakIterator done
Event: 9.750 Loading class java/lang/UnsupportedClassVersionError
Event: 9.750 Loading class java/lang/ClassFormatError
Event: 9.750 Loading class java/lang/ClassFormatError done
Event: 9.750 Loading class java/lang/UnsupportedClassVersionError done
Event: 9.848 Loading class java/util/regex/Pattern$Bound
Event: 9.848 Loading class java/util/regex/Pattern$Bound done
Event: 10.009 Loading class java/nio/file/NotDirectoryException
Event: 10.009 Loading class java/nio/file/NotDirectoryException done
Event: 10.018 Loading class java/util/EnumMap$Values
Event: 10.018 Loading class java/util/EnumMap$Values done
Event: 10.019 Loading class java/util/EnumMap$ValueIterator
Event: 10.019 Loading class java/util/EnumMap$EnumMapIterator
Event: 10.019 Loading class java/util/EnumMap$EnumMapIterator done
Event: 10.019 Loading class java/util/EnumMap$ValueIterator done
Event: 10.019 Loading class java/nio/file/attribute/PosixFileAttributes
Event: 10.020 Loading class java/nio/file/attribute/PosixFileAttributes done
Event: 10.023 Loading class java/util/concurrent/locks/ReadWriteLock
Event: 10.023 Loading class java/util/concurrent/locks/ReadWriteLock done
Event: 10.033 Loading class java/nio/file/attribute/PosixFilePermissions
Event: 10.034 Loading class java/nio/file/attribute/PosixFilePermissions done
Event: 10.034 Loading class java/nio/file/attribute/PosixFilePermission
Event: 10.034 Loading class java/nio/file/attribute/PosixFilePermission done
Event: 10.036 Loading class java/util/concurrent/locks/ReentrantReadWriteLock
Event: 10.037 Loading class java/util/concurrent/locks/ReentrantReadWriteLock done
Event: 10.037 Loading class java/util/concurrent/locks/ReentrantReadWriteLock$NonfairSync
Event: 10.037 Loading class java/util/concurrent/locks/ReentrantReadWriteLock$Sync
Event: 10.038 Loading class java/util/concurrent/locks/ReentrantReadWriteLock$Sync done
Event: 10.038 Loading class java/util/concurrent/locks/ReentrantReadWriteLock$NonfairSync done
Event: 10.038 Loading class java/util/concurrent/locks/ReentrantReadWriteLock$Sync$ThreadLocalHoldCounter
Event: 10.039 Loading class java/util/concurrent/locks/ReentrantReadWriteLock$Sync$ThreadLocalHoldCounter done
Event: 10.039 Loading class java/util/concurrent/locks/ReentrantReadWriteLock$ReadLock
Event: 10.039 Loading class java/util/concurrent/locks/ReentrantReadWriteLock$ReadLock done
Event: 10.040 Loading class java/util/concurrent/locks/ReentrantReadWriteLock$WriteLock
Event: 10.040 Loading class java/util/concurrent/locks/ReentrantReadWriteLock$WriteLock done
Event: 10.070 Loading class java/nio/file/attribute/PosixFileAttributeView
Event: 10.070 Loading class java/nio/file/attribute/PosixFileAttributeView done
Event: 10.100 Loading class java/nio/file/ClosedDirectoryStreamException
Event: 10.100 Loading class java/nio/file/ClosedDirectoryStreamException done
Event: 10.100 Loading class java/nio/file/DirectoryIteratorException
Event: 10.100 Loading class java/nio/file/DirectoryIteratorException done
Event: 10.201 Loading class java/nio/file/FileTreeWalker$1
Event: 10.201 Loading class java/nio/file/FileTreeWalker$1 done

Classes unloaded (0 events):
No events

Classes redefined (0 events):
No events

Internal exceptions (250 events):
Event: 8.081 Thread 0x0000013b86316c30 Exception <a 'sun/nio/fs/WindowsException'{0x0000040007cb1e20}> (0x0000040007cb1e20) 
thrown [s\open\src\hotspot\share\prims\jni.cpp, line 520]
Event: 8.084 Thread 0x0000013b86316c30 Exception <a 'sun/nio/fs/WindowsException'{0x0000040007cba918}> (0x0000040007cba918) 
thrown [s\open\src\hotspot\share\prims\jni.cpp, line 520]
Event: 8.084 Thread 0x0000013b86316c30 Exception <a 'sun/nio/fs/WindowsException'{0x0000040007cbc280}> (0x0000040007cbc280) 
thrown [s\open\src\hotspot\share\prims\jni.cpp, line 520]
Event: 8.084 Thread 0x0000013b86316c30 Exception <a 'sun/nio/fs/WindowsException'{0x0000040007cbcd08}> (0x0000040007cbcd08) 
thrown [s\open\src\hotspot\share\prims\jni.cpp, line 520]
Event: 8.114 Thread 0x0000013b86316c30 Exception <a 'java/lang/NoSuchMethodError'{0x0000040007db3be8}: 'java.lang.Object java.lang.invoke.DirectMethodHandle$Holder.invokeSpecial(java.lang.Object, java.lang.Object, java.lang.Object, int, int)'> (0x0000040007db3be8) 
thrown [s\open\src\hotspot\share\interpreter\linkResolver.cpp, line 796]
Event: 8.129 Thread 0x0000013b86316c30 Exception <a 'java/lang/NoSuchMethodError'{0x0000040007e18ac0}: 'int java.lang.invoke.DirectMethodHandle$Holder.invokeSpecial(java.lang.Object, java.lang.Object, java.lang.Object, java.lang.Object, java.lang.Object)'> (0x0000040007e18ac0) 
thrown [s\open\src\hotspot\share\interpreter\linkResolver.cpp, line 796]
Event: 8.152 Thread 0x0000013b86316c30 Exception <a 'java/lang/NoSuchMethodError'{0x0000040007f4dd28}: 'java.lang.Object java.lang.invoke.DirectMethodHandle$Holder.invokeStatic(java.lang.Object, java.lang.Object, java.lang.Object, java.lang.Object, java.lang.Object, java.lang.Object, int, int, int)'> (0x0000040007f4dd28) 
thrown [s\open\src\hotspot\share\interpreter\linkResolver.cpp, line 796]
Event: 8.243 Thread 0x0000013b86316c30 Exception <a 'java/lang/NoSuchMethodError'{0x0000040006cb9b20}: 'java.lang.Object java.lang.invoke.DirectMethodHandle$Holder.invokeSpecial(java.lang.Object, java.lang.Object, java.lang.Object, java.lang.Object, java.lang.Object, java.lang.Object, java.lang.Object, java.lang.Object, java.lang.Object, java.lang.Object, java.lang.Object, java.lang.Object, java.lang.Object, java.lang.Object, java.lang.Object, java.lang.Object)'> (0x0000040006cb9b20) 
thrown [s\open\src\hotspot\share\interpreter\linkResolver.cp
Event: 8.243 Thread 0x0000013b86316c30 Exception <a 'java/lang/NoSuchMethodError'{0x0000040006cbef58}: 'java.lang.Object java.lang.invoke.Invokers$Holder.linkToTargetMethod(java.lang.Object, java.lang.Object, java.lang.Object, java.lang.Object, java.lang.Object, java.lang.Object, java.lang.Object, java.lang.Object, java.lang.Object, java.lang.Object, java.lang.Object, java.lang.Object, java.lang.Object, java.lang.Object, java.lang.Object)'> (0x0000040006cbef58) 
thrown [s\open\src\hotspot\share\interpreter\linkResolver.cpp, line 796]
Event: 8.300 Thread 0x0000013b88454a80 Exception <a 'java/io/IOException'{0x0000040000700fe8}> (0x0000040000700fe8) 
thrown [s\open\src\hotspot\share\prims\jni.cpp, line 520]
Event: 8.337 Thread 0x0000013b884536d0 Exception <a 'java/lang/InterruptedException'{0x0000040004201120}: sleep interrupted> (0x0000040004201120) 
thrown [s\open\src\hotspot\share\prims\jvm.cpp, line 3093]
Event: 8.344 Thread 0x0000013b86316c30 Exception <a 'sun/nio/fs/WindowsException'{0x0000040003e52f60}> (0x0000040003e52f60) 
thrown [s\open\src\hotspot\share\prims\jni.cpp, line 520]
Event: 8.345 Thread 0x0000013b86316c30 Exception <a 'sun/nio/fs/WindowsException'{0x0000040003e54ae0}> (0x0000040003e54ae0) 
thrown [s\open\src\hotspot\share\prims\jni.cpp, line 520]
Event: 8.381 Thread 0x0000013b86316c30 Exception <a 'sun/nio/fs/WindowsException'{0x0000040003e7d1a0}> (0x0000040003e7d1a0) 
thrown [s\open\src\hotspot\share\prims\jni.cpp, line 520]
Event: 8.383 Thread 0x0000013b86316c30 Exception <a 'sun/nio/fs/WindowsException'{0x0000040003e87be0}> (0x0000040003e87be0) 
thrown [s\open\src\hotspot\share\prims\jni.cpp, line 520]
Event: 8.384 Thread 0x0000013b86316c30 Exception <a 'sun/nio/fs/WindowsException'{0x0000040003e89548}> (0x0000040003e89548) 
thrown [s\open\src\hotspot\share\prims\jni.cpp, line 520]
Event: 8.384 Thread 0x0000013b86316c30 Exception <a 'sun/nio/fs/WindowsException'{0x0000040003e89fd0}> (0x0000040003e89fd0) 
thrown [s\open\src\hotspot\share\prims\jni.cpp, line 520]
Event: 8.676 Thread 0x0000013b814bc500 Exception <a 'sun/nio/fs/WindowsException'{0x0000040007daf020}> (0x0000040007daf020) 
thrown [s\open\src\hotspot\share\prims\jni.cpp, line 520]
Event: 8.687 Thread 0x0000013b814bcb90 Exception <a 'java/lang/NullPointerException'{0x0000040006ab7e38}> (0x0000040006ab7e38) 
thrown [s\open\src\hotspot\share\interpreter\linkResolver.cpp, line 1389]
Event: 8.710 Thread 0x0000013b814bc500 Exception <a 'sun/nio/fs/WindowsException'{0x0000040004a57bd0}> (0x0000040004a57bd0) 
thrown [s\open\src\hotspot\share\prims\jni.cpp, line 520]
Event: 8.710 Thread 0x0000013b814bc500 Exception <a 'sun/nio/fs/WindowsException'{0x0000040004a58720}> (0x0000040004a58720) 
thrown [s\open\src\hotspot\share\prims\jni.cpp, line 520]
Event: 8.713 Thread 0x0000013b814bc500 Exception <a 'sun/nio/fs/WindowsException'{0x0000040004a60fe8}> (0x0000040004a60fe8) 
thrown [s\open\src\hotspot\share\prims\jni.cpp, line 520]
Event: 8.713 Thread 0x0000013b814bc500 Exception <a 'sun/nio/fs/WindowsException'{0x0000040004a614d8}> (0x0000040004a614d8) 
thrown [s\open\src\hotspot\share\prims\jni.cpp, line 520]
Event: 8.713 Thread 0x0000013b814bc500 Exception <a 'sun/nio/fs/WindowsException'{0x0000040004a61ca8}> (0x0000040004a61ca8) 
thrown [s\open\src\hotspot\share\prims\jni.cpp, line 520]
Event: 8.714 Thread 0x0000013b814bc500 Exception <a 'sun/nio/fs/WindowsException'{0x0000040004a621e0}> (0x0000040004a621e0) 
thrown [s\open\src\hotspot\share\prims\jni.cpp, line 520]
Event: 8.714 Thread 0x0000013b814bc500 Exception <a 'sun/nio/fs/WindowsException'{0x0000040004a626d0}> (0x0000040004a626d0) 
thrown [s\open\src\hotspot\share\prims\jni.cpp, line 520]
Event: 8.714 Thread 0x0000013b814bc500 Exception <a 'sun/nio/fs/WindowsException'{0x0000040004a66d80}> (0x0000040004a66d80) 
thrown [s\open\src\hotspot\share\prims\jni.cpp, line 520]
Event: 8.714 Thread 0x0000013b814bc500 Exception <a 'sun/nio/fs/WindowsException'{0x0000040004a677e0}> (0x0000040004a677e0) 
thrown [s\open\src\hotspot\share\prims\jni.cpp, line 520]
Event: 8.715 Thread 0x0000013b814bc500 Exception <a 'sun/nio/fs/WindowsException'{0x0000040004a6ca38}> (0x0000040004a6ca38) 
thrown [s\open\src\hotspot\share\prims\jni.cpp, line 520]
Event: 8.715 Thread 0x0000013b814bc500 Exception <a 'sun/nio/fs/WindowsException'{0x0000040004a6d7b8}> (0x0000040004a6d7b8) 
thrown [s\open\src\hotspot\share\prims\jni.cpp, line 520]
Event: 8.719 Thread 0x0000013b814bc500 Exception <a 'sun/nio/fs/WindowsException'{0x0000040004a7bc38}> (0x0000040004a7bc38) 
thrown [s\open\src\hotspot\share\prims\jni.cpp, line 520]
Event: 8.719 Thread 0x0000013b814bc500 Exception <a 'sun/nio/fs/WindowsException'{0x0000040004a7c398}> (0x0000040004a7c398) 
thrown [s\open\src\hotspot\share\prims\jni.cpp, line 520]
Event: 8.719 Thread 0x0000013b814bc500 Exception <a 'sun/nio/fs/WindowsException'{0x0000040004a7cad0}> (0x0000040004a7cad0) 
thrown [s\open\src\hotspot\share\prims\jni.cpp, line 520]
Event: 8.719 Thread 0x0000013b814bc500 Exception <a 'sun/nio/fs/WindowsException'{0x0000040004a7d218}> (0x0000040004a7d218) 
thrown [s\open\src\hotspot\share\prims\jni.cpp, line 520]
Event: 8.720 Thread 0x0000013b814bc500 Exception <a 'sun/nio/fs/WindowsException'{0x0000040004a82708}> (0x0000040004a82708) 
thrown [s\open\src\hotspot\share\prims\jni.cpp, line 520]
Event: 8.720 Thread 0x0000013b814bc500 Exception <a 'sun/nio/fs/WindowsException'{0x0000040004a831c8}> (0x0000040004a831c8) 
thrown [s\open\src\hotspot\share\prims\jni.cpp, line 520]
Event: 8.720 Thread 0x0000013b814bc500 Exception <a 'sun/nio/fs/WindowsException'{0x0000040004a83c60}> (0x0000040004a83c60) 
thrown [s\open\src\hotspot\share\prims\jni.cpp, line 520]
Event: 8.721 Thread 0x0000013b814bc500 Exception <a 'sun/nio/fs/WindowsException'{0x0000040004a84700}> (0x0000040004a84700) 
thrown [s\open\src\hotspot\share\prims\jni.cpp, line 520]
Event: 8.722 Thread 0x0000013b814bc500 Exception <a 'sun/nio/fs/WindowsException'{0x0000040004a8d7b0}> (0x0000040004a8d7b0) 
thrown [s\open\src\hotspot\share\prims\jni.cpp, line 520]
Event: 8.723 Thread 0x0000013b814bc500 Exception <a 'sun/nio/fs/WindowsException'{0x0000040004a929e8}> (0x0000040004a929e8) 
thrown [s\open\src\hotspot\share\prims\jni.cpp, line 520]
Event: 8.725 Thread 0x0000013b814bc500 Exception <a 'sun/nio/fs/WindowsException'{0x0000040004a9bab8}> (0x0000040004a9bab8) 
thrown [s\open\src\hotspot\share\prims\jni.cpp, line 520]
Event: 8.725 Thread 0x0000013b814bc500 Exception <a 'sun/nio/fs/WindowsException'{0x0000040004a9c240}> (0x0000040004a9c240) 
thrown [s\open\src\hotspot\share\prims\jni.cpp, line 520]
Event: 8.725 Thread 0x0000013b814bc500 Exception <a 'sun/nio/fs/WindowsException'{0x0000040004a9c9c8}> (0x0000040004a9c9c8) 
thrown [s\open\src\hotspot\share\prims\jni.cpp, line 520]
Event: 8.725 Thread 0x0000013b814bc500 Exception <a 'sun/nio/fs/WindowsException'{0x0000040004a9d0e8}> (0x0000040004a9d0e8) 
thrown [s\open\src\hotspot\share\prims\jni.cpp, line 520]
Event: 8.725 Thread 0x0000013b814bc500 Exception <a 'sun/nio/fs/WindowsException'{0x0000040004a9d830}> (0x0000040004a9d830) 
thrown [s\open\src\hotspot\share\prims\jni.cpp, line 520]
Event: 8.725 Thread 0x0000013b814bc500 Exception <a 'sun/nio/fs/WindowsException'{0x0000040004a9df88}> (0x0000040004a9df88) 
thrown [s\open\src\hotspot\share\prims\jni.cpp, line 520]
Event: 8.726 Thread 0x0000013b814bc500 Exception <a 'sun/nio/fs/WindowsException'{0x0000040004aa31e0}> (0x0000040004aa31e0) 
thrown [s\open\src\hotspot\share\prims\jni.cpp, line 520]
Event: 8.726 Thread 0x0000013b814bc500 Exception <a 'sun/nio/fs/WindowsException'{0x0000040004aa3c80}> (0x0000040004aa3c80) 
thrown [s\open\src\hotspot\share\prims\jni.cpp, line 520]
Event: 8.726 Thread 0x0000013b814bc500 Exception <a 'sun/nio/fs/WindowsException'{0x0000040004aa4720}> (0x0000040004aa4720) 
thrown [s\open\src\hotspot\share\prims\jni.cpp, line 520]
Event: 8.726 Thread 0x0000013b814bc500 Exception <a 'sun/nio/fs/WindowsException'{0x0000040004aa5198}> (0x0000040004aa5198) 
thrown [s\open\src\hotspot\share\prims\jni.cpp, line 520]
Event: 8.726 Thread 0x0000013b814bc500 Exception <a 'sun/nio/fs/WindowsException'{0x0000040004aa5c08}> (0x0000040004aa5c08) 
thrown [s\open\src\hotspot\share\prims\jni.cpp, line 520]
Event: 8.726 Thread 0x0000013b814bc500 Exception <a 'sun/nio/fs/WindowsException'{0x0000040004aa6680}> (0x0000040004aa6680) 
thrown [s\open\src\hotspot\share\prims\jni.cpp, line 520]
Event: 8.728 Thread 0x0000013b814bc500 Exception <a 'sun/nio/fs/WindowsException'{0x0000040004aaf770}> (0x0000040004aaf770) 
thrown [s\open\src\hotspot\share\prims\jni.cpp, line 520]
Event: 8.729 Thread 0x0000013b814bc500 Exception <a 'sun/nio/fs/WindowsException'{0x0000040004ab49d0}> (0x0000040004ab49d0) 
thrown [s\open\src\hotspot\share\prims\jni.cpp, line 520]
Event: 8.748 Thread 0x0000013b814bc500 Exception <a 'sun/nio/fs/WindowsException'{0x0000040004aea8d8}> (0x0000040004aea8d8) 
thrown [s\open\src\hotspot\share\prims\jni.cpp, line 520]
Event: 8.750 Thread 0x0000013b814bc500 Exception <a 'sun/nio/fs/WindowsException'{0x0000040004af3638}> (0x0000040004af3638) 
thrown [s\open\src\hotspot\share\prims\jni.cpp, line 520]
Event: 8.761 Thread 0x0000013b814bc500 Exception <a 'sun/nio/fs/WindowsException'{0x0000040004b2b4c8}> (0x0000040004b2b4c8) 
thrown [s\open\src\hotspot\share\prims\jni.cpp, line 520]
Event: 8.761 Thread 0x0000013b814bc500 Exception <a 'sun/nio/fs/WindowsException'{0x0000040004b2b940}> (0x0000040004b2b940) 
thrown [s\open\src\hotspot\share\prims\jni.cpp, line 520]
Event: 8.761 Thread 0x0000013b814bc500 Exception <a 'sun/nio/fs/WindowsException'{0x0000040004b2bdb8}> (0x0000040004b2bdb8) 
thrown [s\open\src\hotspot\share\prims\jni.cpp, line 520]
Event: 8.775 Thread 0x0000013b814bcb90 Exception <a 'sun/nio/fs/WindowsException'{0x0000040006bc5110}> (0x0000040006bc5110) 
thrown [s\open\src\hotspot\share\prims\jni.cpp, line 520]
Event: 8.775 Thread 0x0000013b814bcb90 Exception <a 'sun/nio/fs/WindowsException'{0x0000040006bc5b30}> (0x0000040006bc5b30) 
thrown [s\open\src\hotspot\share\prims\jni.cpp, line 520]
Event: 8.776 Thread 0x0000013b814bcb90 Exception <a 'sun/nio/fs/WindowsException'{0x0000040006bcae18}> (0x0000040006bcae18) 
thrown [s\open\src\hotspot\share\prims\jni.cpp, line 520]
Event: 8.776 Thread 0x0000013b814bcb90 Exception <a 'sun/nio/fs/WindowsException'{0x0000040006bcbb98}> (0x0000040006bcbb98) 
thrown [s\open\src\hotspot\share\prims\jni.cpp, line 520]
Event: 8.777 Thread 0x0000013b814bcb90 Exception <a 'sun/nio/fs/WindowsException'{0x0000040006bcc710}> (0x0000040006bcc710) 
thrown [s\open\src\hotspot\share\prims\jni.cpp, line 520]
Event: 8.777 Thread 0x0000013b814bcb90 Exception <a 'sun/nio/fs/WindowsException'{0x0000040006bcce70}> (0x0000040006bcce70) 
thrown [s\open\src\hotspot\share\prims\jni.cpp, line 520]
Event: 8.777 Thread 0x0000013b814bcb90 Exception <a 'sun/nio/fs/WindowsException'{0x0000040006bcd5a8}> (0x0000040006bcd5a8) 
thrown [s\open\src\hotspot\share\prims\jni.cpp, line 520]
Event: 8.777 Thread 0x0000013b814bcb90 Exception <a 'sun/nio/fs/WindowsException'{0x0000040006bcdcf0}> (0x0000040006bcdcf0) 
thrown [s\open\src\hotspot\share\prims\jni.cpp, line 520]
Event: 8.778 Thread 0x0000013b814bcb90 Exception <a 'sun/nio/fs/WindowsException'{0x0000040006bd2f68}> (0x0000040006bd2f68) 
thrown [s\open\src\hotspot\share\prims\jni.cpp, line 520]
Event: 8.778 Thread 0x0000013b814bcb90 Exception <a 'sun/nio/fs/WindowsException'{0x0000040006bd3a28}> (0x0000040006bd3a28) 
thrown [s\open\src\hotspot\share\prims\jni.cpp, line 520]
Event: 8.778 Thread 0x0000013b814baac0 Exception <a 'sun/nio/fs/WindowsException'{0x0000040007533f80}> (0x0000040007533f80) 
thrown [s\open\src\hotspot\share\prims\jni.cpp, line 520]
Event: 8.778 Thread 0x0000013b814bcb90 Exception <a 'sun/nio/fs/WindowsException'{0x0000040006bd44c0}> (0x0000040006bd44c0) 
thrown [s\open\src\hotspot\share\prims\jni.cpp, line 520]
Event: 8.778 Thread 0x0000013b814baac0 Exception <a 'sun/nio/fs/WindowsException'{0x0000040007534438}> (0x0000040007534438) 
thrown [s\open\src\hotspot\share\prims\jni.cpp, line 520]
Event: 8.778 Thread 0x0000013b814baac0 Exception <a 'sun/nio/fs/WindowsException'{0x00000400075348e8}> (0x00000400075348e8) 
thrown [s\open\src\hotspot\share\prims\jni.cpp, line 520]
Event: 8.778 Thread 0x0000013b814bcb90 Exception <a 'sun/nio/fs/WindowsException'{0x0000040006bd4f60}> (0x0000040006bd4f60) 
thrown [s\open\src\hotspot\share\prims\jni.cpp, line 520]
Event: 8.778 Thread 0x0000013b814bcb90 Exception <a 'sun/nio/fs/WindowsException'{0x0000040006bd5a00}> (0x0000040006bd5a00) 
thrown [s\open\src\hotspot\share\prims\jni.cpp, line 520]
Event: 8.779 Thread 0x0000013b814bcb90 Exception <a 'sun/nio/fs/WindowsException'{0x0000040006bdac38}> (0x0000040006bdac38) 
thrown [s\open\src\hotspot\share\prims\jni.cpp, line 520]
Event: 8.779 Thread 0x0000013b814bcb90 Exception <a 'sun/nio/fs/WindowsException'{0x0000040006bdb6f0}> (0x0000040006bdb6f0) 
thrown [s\open\src\hotspot\share\prims\jni.cpp, line 520]
Event: 8.780 Thread 0x0000013b814bcb90 Exception <a 'sun/nio/fs/WindowsException'{0x0000040006bdbe38}> (0x0000040006bdbe38) 
thrown [s\open\src\hotspot\share\prims\jni.cpp, line 520]
Event: 8.780 Thread 0x0000013b814bcb90 Exception <a 'sun/nio/fs/WindowsException'{0x0000040006bdc580}> (0x0000040006bdc580) 
thrown [s\open\src\hotspot\share\prims\jni.cpp, line 520]
Event: 8.780 Thread 0x0000013b814bcb90 Exception <a 'sun/nio/fs/WindowsException'{0x0000040006bdcca0}> (0x0000040006bdcca0) 
thrown [s\open\src\hotspot\share\prims\jni.cpp, line 520]
Event: 8.780 Thread 0x0000013b814bcb90 Exception <a 'sun/nio/fs/WindowsException'{0x0000040006bdd3b0}> (0x0000040006bdd3b0) 
thrown [s\open\src\hotspot\share\prims\jni.cpp, line 520]
Event: 8.780 Thread 0x0000013b814bcb90 Exception <a 'sun/nio/fs/WindowsException'{0x0000040006bddad0}> (0x0000040006bddad0) 
thrown [s\open\src\hotspot\share\prims\jni.cpp, line 520]
Event: 8.780 Thread 0x0000013b814bcb90 Exception <a 'sun/nio/fs/WindowsException'{0x0000040006be2d28}> (0x0000040006be2d28) 
thrown [s\open\src\hotspot\share\prims\jni.cpp, line 520]
Event: 8.781 Thread 0x0000013b814bcb90 Exception <a 'sun/nio/fs/WindowsException'{0x0000040006be37c8}> (0x0000040006be37c8) 
thrown [s\open\src\hotspot\share\prims\jni.cpp, line 520]
Event: 8.781 Thread 0x0000013b814bcb90 Exception <a 'sun/nio/fs/WindowsException'{0x0000040006be4268}> (0x0000040006be4268) 
thrown [s\open\src\hotspot\share\prims\jni.cpp, line 520]
Event: 8.781 Thread 0x0000013b814bcb90 Exception <a 'sun/nio/fs/WindowsException'{0x0000040006be4ce0}> (0x0000040006be4ce0) 
thrown [s\open\src\hotspot\share\prims\jni.cpp, line 520]
Event: 8.781 Thread 0x0000013b814bcb90 Exception <a 'sun/nio/fs/WindowsException'{0x0000040006be5750}> (0x0000040006be5750) 
thrown [s\open\src\hotspot\share\prims\jni.cpp, line 520]
Event: 8.781 Thread 0x0000013b814bcb90 Exception <a 'sun/nio/fs/WindowsException'{0x0000040006be61c8}> (0x0000040006be61c8) 
thrown [s\open\src\hotspot\share\prims\jni.cpp, line 520]
Event: 8.781 Thread 0x0000013b814bcb90 Exception <a 'sun/nio/fs/WindowsException'{0x0000040006be6c90}> (0x0000040006be6c90) 
thrown [s\open\src\hotspot\share\prims\jni.cpp, line 520]
Event: 8.782 Thread 0x0000013b814bcb90 Exception <a 'sun/nio/fs/WindowsException'{0x0000040006bebef0}> (0x0000040006bebef0) 
thrown [s\open\src\hotspot\share\prims\jni.cpp, line 520]
Event: 8.782 Thread 0x0000013b814bcb90 Exception <a 'sun/nio/fs/WindowsException'{0x0000040006bed3a8}> (0x0000040006bed3a8) 
thrown [s\open\src\hotspot\share\prims\jni.cpp, line 520]
Event: 8.782 Thread 0x0000013b814bcb90 Exception <a 'sun/nio/fs/WindowsException'{0x0000040006bed880}> (0x0000040006bed880) 
thrown [s\open\src\hotspot\share\prims\jni.cpp, line 520]
Event: 8.784 Thread 0x0000013b814bcb90 Exception <a 'sun/nio/fs/WindowsException'{0x0000040006bf8658}> (0x0000040006bf8658) 
thrown [s\open\src\hotspot\share\prims\jni.cpp, line 520]
Event: 8.784 Thread 0x0000013b814bcb90 Exception <a 'sun/nio/fs/WindowsException'{0x0000040006bf8ad0}> (0x0000040006bf8ad0) 
thrown [s\open\src\hotspot\share\prims\jni.cpp, line 520]
Event: 8.784 Thread 0x0000013b814bcb90 Exception <a 'sun/nio/fs/WindowsException'{0x0000040006bf8f48}> (0x0000040006bf8f48) 
thrown [s\open\src\hotspot\share\prims\jni.cpp, line 520]
Event: 8.793 Thread 0x0000013b814bcb90 Exception <a 'sun/nio/fs/WindowsException'{0x0000040006e1a6b8}> (0x0000040006e1a6b8) 
thrown [s\open\src\hotspot\share\prims\jni.cpp, line 520]
Event: 8.794 Thread 0x0000013b814bcb90 Exception <a 'sun/nio/fs/WindowsException'{0x0000040006e1f980}> (0x0000040006e1f980) 
thrown [s\open\src\hotspot\share\prims\jni.cpp, line 520]
Event: 8.794 Thread 0x0000013b814bcb90 Exception <a 'sun/nio/fs/WindowsException'{0x0000040006e204d8}> (0x0000040006e204d8) 
thrown [s\open\src\hotspot\share\prims\jni.cpp, line 520]
Event: 8.795 Thread 0x0000013b814bcb90 Exception <a 'sun/nio/fs/WindowsException'{0x0000040006e257a0}> (0x0000040006e257a0) 
thrown [s\open\src\hotspot\share\prims\jni.cpp, line 520]
Event: 8.795 Thread 0x0000013b814bcb90 Exception <a 'sun/nio/fs/WindowsException'{0x0000040006e262b8}> (0x0000040006e262b8) 
thrown [s\open\src\hotspot\share\prims\jni.cpp, line 520]
Event: 8.796 Thread 0x0000013b814bcb90 Exception <a 'sun/nio/fs/WindowsException'{0x0000040006e267f0}> (0x0000040006e267f0) 
thrown [s\open\src\hotspot\share\prims\jni.cpp, line 520]
Event: 8.796 Thread 0x0000013b814bcb90 Exception <a 'sun/nio/fs/WindowsException'{0x0000040006e26ce0}> (0x0000040006e26ce0) 
thrown [s\open\src\hotspot\share\prims\jni.cpp, line 520]
Event: 8.796 Thread 0x0000013b814bcb90 Exception <a 'sun/nio/fs/WindowsException'{0x0000040006e274b0}> (0x0000040006e274b0) 
thrown [s\open\src\hotspot\share\prims\jni.cpp, line 520]
Event: 8.796 Thread 0x0000013b814bcb90 Exception <a 'sun/nio/fs/WindowsException'{0x0000040006e279e8}> (0x0000040006e279e8) 
thrown [s\open\src\hotspot\share\prims\jni.cpp, line 520]
Event: 8.796 Thread 0x0000013b814bcb90 Exception <a 'sun/nio/fs/WindowsException'{0x0000040006e27ed8}> (0x0000040006e27ed8) 
thrown [s\open\src\hotspot\share\prims\jni.cpp, line 520]
Event: 8.801 Thread 0x0000013b814bcb90 Exception <a 'sun/nio/fs/WindowsException'{0x0000040006e41f60}> (0x0000040006e41f60) 
thrown [s\open\src\hotspot\share\prims\jni.cpp, line 520]
Event: 8.801 Thread 0x0000013b814bcb90 Exception <a 'sun/nio/fs/WindowsException'{0x0000040006e42980}> (0x0000040006e42980) 
thrown [s\open\src\hotspot\share\prims\jni.cpp, line 520]
Event: 8.803 Thread 0x0000013b814bcb90 Exception <a 'sun/nio/fs/WindowsException'{0x0000040006e47bd8}> (0x0000040006e47bd8) 
thrown [s\open\src\hotspot\share\prims\jni.cpp, line 520]
Event: 8.803 Thread 0x0000013b814bcb90 Exception <a 'sun/nio/fs/WindowsException'{0x0000040006e48958}> (0x0000040006e48958) 
thrown [s\open\src\hotspot\share\prims\jni.cpp, line 520]
Event: 8.803 Thread 0x0000013b814bcb90 Exception <a 'sun/nio/fs/WindowsException'{0x0000040006e494d0}> (0x0000040006e494d0) 
thrown [s\open\src\hotspot\share\prims\jni.cpp, line 520]
Event: 8.803 Thread 0x0000013b814bcb90 Exception <a 'sun/nio/fs/WindowsException'{0x0000040006e49c30}> (0x0000040006e49c30) 
thrown [s\open\src\hotspot\share\prims\jni.cpp, line 520]
Event: 8.803 Thread 0x0000013b814bcb90 Exception <a 'sun/nio/fs/WindowsException'{0x0000040006e4a368}> (0x0000040006e4a368) 
thrown [s\open\src\hotspot\share\prims\jni.cpp, line 520]
Event: 8.803 Thread 0x0000013b814bcb90 Exception <a 'sun/nio/fs/WindowsException'{0x0000040006e4aab0}> (0x0000040006e4aab0) 
thrown [s\open\src\hotspot\share\prims\jni.cpp, line 520]
Event: 8.804 Thread 0x0000013b814bcb90 Exception <a 'sun/nio/fs/WindowsException'{0x0000040006e4fd28}> (0x0000040006e4fd28) 
thrown [s\open\src\hotspot\share\prims\jni.cpp, line 520]
Event: 8.804 Thread 0x0000013b814bcb90 Exception <a 'sun/nio/fs/WindowsException'{0x0000040006e507e8}> (0x0000040006e507e8) 
thrown [s\open\src\hotspot\share\prims\jni.cpp, line 520]
Event: 8.804 Thread 0x0000013b814bcb90 Exception <a 'sun/nio/fs/WindowsException'{0x0000040006e51280}> (0x0000040006e51280) 
thrown [s\open\src\hotspot\share\prims\jni.cpp, line 520]
Event: 8.804 Thread 0x0000013b814bcb90 Exception <a 'sun/nio/fs/WindowsException'{0x0000040006e51d20}> (0x0000040006e51d20) 
thrown [s\open\src\hotspot\share\prims\jni.cpp, line 520]
Event: 8.805 Thread 0x0000013b814bcb90 Exception <a 'sun/nio/fs/WindowsException'{0x0000040006e527c0}> (0x0000040006e527c0) 
thrown [s\open\src\hotspot\share\prims\jni.cpp, line 520]
Event: 8.806 Thread 0x0000013b814bcb90 Exception <a 'sun/nio/fs/WindowsException'{0x0000040006e579f8}> (0x0000040006e579f8) 
thrown [s\open\src\hotspot\share\prims\jni.cpp, line 520]
Event: 8.806 Thread 0x0000013b814bcb90 Exception <a 'sun/nio/fs/WindowsException'{0x0000040006e584b0}> (0x0000040006e584b0) 
thrown [s\open\src\hotspot\share\prims\jni.cpp, line 520]
Event: 8.806 Thread 0x0000013b814bcb90 Exception <a 'sun/nio/fs/WindowsException'{0x0000040006e58bf8}> (0x0000040006e58bf8) 
thrown [s\open\src\hotspot\share\prims\jni.cpp, line 520]
Event: 8.806 Thread 0x0000013b814bcb90 Exception <a 'sun/nio/fs/WindowsException'{0x0000040006e59340}> (0x0000040006e59340) 
thrown [s\open\src\hotspot\share\prims\jni.cpp, line 520]
Event: 8.806 Thread 0x0000013b814bcb90 Exception <a 'sun/nio/fs/WindowsException'{0x0000040006e59a60}> (0x0000040006e59a60) 
thrown [s\open\src\hotspot\share\prims\jni.cpp, line 520]
Event: 8.806 Thread 0x0000013b814bcb90 Exception <a 'sun/nio/fs/WindowsException'{0x0000040006e5a170}> (0x0000040006e5a170) 
thrown [s\open\src\hotspot\share\prims\jni.cpp, line 520]
Event: 8.806 Thread 0x0000013b814bcb90 Exception <a 'sun/nio/fs/WindowsException'{0x0000040006e5a890}> (0x0000040006e5a890) 
thrown [s\open\src\hotspot\share\prims\jni.cpp, line 520]
Event: 8.807 Thread 0x0000013b814bcb90 Exception <a 'sun/nio/fs/WindowsException'{0x0000040006e5fae8}> (0x0000040006e5fae8) 
thrown [s\open\src\hotspot\share\prims\jni.cpp, line 520]
Event: 8.807 Thread 0x0000013b814bcb90 Exception <a 'sun/nio/fs/WindowsException'{0x0000040006e60588}> (0x0000040006e60588) 
thrown [s\open\src\hotspot\share\prims\jni.cpp, line 520]
Event: 8.807 Thread 0x0000013b814bcb90 Exception <a 'sun/nio/fs/WindowsException'{0x0000040006e61028}> (0x0000040006e61028) 
thrown [s\open\src\hotspot\share\prims\jni.cpp, line 520]
Event: 8.807 Thread 0x0000013b814bcb90 Exception <a 'sun/nio/fs/WindowsException'{0x0000040006e61aa0}> (0x0000040006e61aa0) 
thrown [s\open\src\hotspot\share\prims\jni.cpp, line 520]
Event: 8.807 Thread 0x0000013b814bcb90 Exception <a 'sun/nio/fs/WindowsException'{0x0000040006e62510}> (0x0000040006e62510) 
thrown [s\open\src\hotspot\share\prims\jni.cpp, line 520]
Event: 8.807 Thread 0x0000013b814bcb90 Exception <a 'sun/nio/fs/WindowsException'{0x0000040006e62f88}> (0x0000040006e62f88) 
thrown [s\open\src\hotspot\share\prims\jni.cpp, line 520]
Event: 8.808 Thread 0x0000013b814bcb90 Exception <a 'sun/nio/fs/WindowsException'{0x0000040006e63a50}> (0x0000040006e63a50) 
thrown [s\open\src\hotspot\share\prims\jni.cpp, line 520]
Event: 8.808 Thread 0x0000013b814bcb90 Exception <a 'sun/nio/fs/WindowsException'{0x0000040006e68cb0}> (0x0000040006e68cb0) 
thrown [s\open\src\hotspot\share\prims\jni.cpp, line 520]
Event: 8.809 Thread 0x0000013b814bcb90 Exception <a 'sun/nio/fs/WindowsException'{0x0000040006e6a168}> (0x0000040006e6a168) 
thrown [s\open\src\hotspot\share\prims\jni.cpp, line 520]
Event: 8.809 Thread 0x0000013b814bcb90 Exception <a 'sun/nio/fs/WindowsException'{0x0000040006e6a640}> (0x0000040006e6a640) 
thrown [s\open\src\hotspot\share\prims\jni.cpp, line 520]
Event: 8.811 Thread 0x0000013b814bcb90 Exception <a 'sun/nio/fs/WindowsException'{0x0000040006e75418}> (0x0000040006e75418) 
thrown [s\open\src\hotspot\share\prims\jni.cpp, line 520]
Event: 8.811 Thread 0x0000013b814bcb90 Exception <a 'sun/nio/fs/WindowsException'{0x0000040006e75890}> (0x0000040006e75890) 
thrown [s\open\src\hotspot\share\prims\jni.cpp, line 520]
Event: 8.811 Thread 0x0000013b814bcb90 Exception <a 'sun/nio/fs/WindowsException'{0x0000040006e75d08}> (0x0000040006e75d08) 
thrown [s\open\src\hotspot\share\prims\jni.cpp, line 520]
Event: 8.811 Thread 0x0000013b814bcb90 Exception <a 'sun/nio/fs/WindowsException'{0x0000040006e764a8}> (0x0000040006e764a8) 
thrown [s\open\src\hotspot\share\prims\jni.cpp, line 520]
Event: 8.812 Thread 0x0000013b814bcb90 Exception <a 'sun/nio/fs/WindowsException'{0x0000040006e7b770}> (0x0000040006e7b770) 
thrown [s\open\src\hotspot\share\prims\jni.cpp, line 520]
Event: 8.812 Thread 0x0000013b814bcb90 Exception <a 'sun/nio/fs/WindowsException'{0x0000040006e7c288}> (0x0000040006e7c288) 
thrown [s\open\src\hotspot\share\prims\jni.cpp, line 520]
Event: 8.812 Thread 0x0000013b814bcb90 Exception <a 'sun/nio/fs/WindowsException'{0x0000040006e7c7c0}> (0x0000040006e7c7c0) 
thrown [s\open\src\hotspot\share\prims\jni.cpp, line 520]
Event: 8.812 Thread 0x0000013b814bcb90 Exception <a 'sun/nio/fs/WindowsException'{0x0000040006e7ccb0}> (0x0000040006e7ccb0) 
thrown [s\open\src\hotspot\share\prims\jni.cpp, line 520]
Event: 8.812 Thread 0x0000013b814bcb90 Exception <a 'sun/nio/fs/WindowsException'{0x0000040006e7d480}> (0x0000040006e7d480) 
thrown [s\open\src\hotspot\share\prims\jni.cpp, line 520]
Event: 8.812 Thread 0x0000013b814bcb90 Exception <a 'sun/nio/fs/WindowsException'{0x0000040006e7d9b8}> (0x0000040006e7d9b8) 
thrown [s\open\src\hotspot\share\prims\jni.cpp, line 520]
Event: 8.813 Thread 0x0000013b814bcb90 Exception <a 'sun/nio/fs/WindowsException'{0x0000040006e7dea8}> (0x0000040006e7dea8) 
thrown [s\open\src\hotspot\share\prims\jni.cpp, line 520]
Event: 8.813 Thread 0x0000013b814bcb90 Exception <a 'sun/nio/fs/WindowsException'{0x0000040006e7e6b0}> (0x0000040006e7e6b0) 
thrown [s\open\src\hotspot\share\prims\jni.cpp, line 520]
Event: 8.813 Thread 0x0000013b814bcb90 Exception <a 'sun/nio/fs/WindowsException'{0x0000040006e83bb8}> (0x0000040006e83bb8) 
thrown [s\open\src\hotspot\share\prims\jni.cpp, line 520]
Event: 8.813 Thread 0x0000013b814bcb90 Exception <a 'sun/nio/fs/WindowsException'{0x0000040006e846c0}> (0x0000040006e846c0) 
thrown [s\open\src\hotspot\share\prims\jni.cpp, line 520]
Event: 8.813 Thread 0x0000013b814bcb90 Exception <a 'sun/nio/fs/WindowsException'{0x0000040006e850e0}> (0x0000040006e850e0) 
thrown [s\open\src\hotspot\share\prims\jni.cpp, line 520]
Event: 8.814 Thread 0x0000013b814bcb90 Exception <a 'sun/nio/fs/WindowsException'{0x0000040006e8a338}> (0x0000040006e8a338) 
thrown [s\open\src\hotspot\share\prims\jni.cpp, line 520]
Event: 8.814 Thread 0x0000013b814bcb90 Exception <a 'sun/nio/fs/WindowsException'{0x0000040006e8b0b8}> (0x0000040006e8b0b8) 
thrown [s\open\src\hotspot\share\prims\jni.cpp, line 520]
Event: 8.814 Thread 0x0000013b814bcb90 Exception <a 'sun/nio/fs/WindowsException'{0x0000040006e8bb50}> (0x0000040006e8bb50) 
thrown [s\open\src\hotspot\share\prims\jni.cpp, line 520]
Event: 8.815 Thread 0x0000013b814bcb90 Exception <a 'sun/nio/fs/WindowsException'{0x0000040006e8c298}> (0x0000040006e8c298) 
thrown [s\open\src\hotspot\share\prims\jni.cpp, line 520]
Event: 8.815 Thread 0x0000013b814bcb90 Exception <a 'sun/nio/fs/WindowsException'{0x0000040006e8c9e0}> (0x0000040006e8c9e0) 
thrown [s\open\src\hotspot\share\prims\jni.cpp, line 520]
Event: 8.815 Thread 0x0000013b814bcb90 Exception <a 'sun/nio/fs/WindowsException'{0x0000040006e8d100}> (0x0000040006e8d100) 
thrown [s\open\src\hotspot\share\prims\jni.cpp, line 520]
Event: 8.815 Thread 0x0000013b814bcb90 Exception <a 'sun/nio/fs/WindowsException'{0x0000040006e8d810}> (0x0000040006e8d810) 
thrown [s\open\src\hotspot\share\prims\jni.cpp, line 520]
Event: 8.815 Thread 0x0000013b814bcb90 Exception <a 'sun/nio/fs/WindowsException'{0x0000040006e8df30}> (0x0000040006e8df30) 
thrown [s\open\src\hotspot\share\prims\jni.cpp, line 520]
Event: 8.815 Thread 0x0000013b814bcb90 Exception <a 'sun/nio/fs/WindowsException'{0x0000040006e93188}> (0x0000040006e93188) 
thrown [s\open\src\hotspot\share\prims\jni.cpp, line 520]
Event: 8.815 Thread 0x0000013b814bcb90 Exception <a 'sun/nio/fs/WindowsException'{0x0000040006e93c28}> (0x0000040006e93c28) 
thrown [s\open\src\hotspot\share\prims\jni.cpp, line 520]
Event: 8.815 Thread 0x0000013b814bcb90 Exception <a 'sun/nio/fs/WindowsException'{0x0000040006e946c8}> (0x0000040006e946c8) 
thrown [s\open\src\hotspot\share\prims\jni.cpp, line 520]
Event: 8.816 Thread 0x0000013b814bcb90 Exception <a 'sun/nio/fs/WindowsException'{0x0000040006e95140}> (0x0000040006e95140) 
thrown [s\open\src\hotspot\share\prims\jni.cpp, line 520]
Event: 8.816 Thread 0x0000013b814bcb90 Exception <a 'sun/nio/fs/WindowsException'{0x0000040006e95bb0}> (0x0000040006e95bb0) 
thrown [s\open\src\hotspot\share\prims\jni.cpp, line 520]
Event: 8.816 Thread 0x0000013b814bcb90 Exception <a 'sun/nio/fs/WindowsException'{0x0000040006e96628}> (0x0000040006e96628) 
thrown [s\open\src\hotspot\share\prims\jni.cpp, line 520]
Event: 8.816 Thread 0x0000013b814bcb90 Exception <a 'sun/nio/fs/WindowsException'{0x0000040006e97180}> (0x0000040006e97180) 
thrown [s\open\src\hotspot\share\prims\jni.cpp, line 520]
Event: 8.816 Thread 0x0000013b814bcb90 Exception <a 'sun/nio/fs/WindowsException'{0x0000040006e978e0}> (0x0000040006e978e0) 
thrown [s\open\src\hotspot\share\prims\jni.cpp, line 520]
Event: 8.816 Thread 0x0000013b814bcb90 Exception <a 'sun/nio/fs/WindowsException'{0x0000040006e98018}> (0x0000040006e98018) 
thrown [s\open\src\hotspot\share\prims\jni.cpp, line 520]
Event: 8.816 Thread 0x0000013b814bcb90 Exception <a 'sun/nio/fs/WindowsException'{0x0000040006e98760}> (0x0000040006e98760) 
thrown [s\open\src\hotspot\share\prims\jni.cpp, line 520]
Event: 8.816 Thread 0x0000013b814bcb90 Exception <a 'sun/nio/fs/WindowsException'{0x0000040006e9d9d8}> (0x0000040006e9d9d8) 
thrown [s\open\src\hotspot\share\prims\jni.cpp, line 520]
Event: 8.817 Thread 0x0000013b814bcb90 Exception <a 'sun/nio/fs/WindowsException'{0x0000040006e9e498}> (0x0000040006e9e498) 
thrown [s\open\src\hotspot\share\prims\jni.cpp, line 520]
Event: 8.817 Thread 0x0000013b814bcb90 Exception <a 'sun/nio/fs/WindowsException'{0x0000040006e9ef30}> (0x0000040006e9ef30) 
thrown [s\open\src\hotspot\share\prims\jni.cpp, line 520]
Event: 8.817 Thread 0x0000013b814bcb90 Exception <a 'sun/nio/fs/WindowsException'{0x0000040006e9f9d0}> (0x0000040006e9f9d0) 
thrown [s\open\src\hotspot\share\prims\jni.cpp, line 520]
Event: 8.817 Thread 0x0000013b814bcb90 Exception <a 'sun/nio/fs/WindowsException'{0x0000040006ea0450}> (0x0000040006ea0450) 
thrown [s\open\src\hotspot\share\prims\jni.cpp, line 520]
Event: 8.818 Thread 0x0000013b814bcb90 Exception <a 'sun/nio/fs/WindowsException'{0x0000040006ea5688}> (0x0000040006ea5688) 
thrown [s\open\src\hotspot\share\prims\jni.cpp, line 520]
Event: 8.873 Thread 0x0000013b814bc500 Exception <a 'sun/nio/fs/WindowsException'{0x0000040004b768b0}> (0x0000040004b768b0) 
thrown [s\open\src\hotspot\share\prims\jni.cpp, line 520]
Event: 8.874 Thread 0x0000013b814bc500 Exception <a 'sun/nio/fs/WindowsException'{0x0000040004b7bb78}> (0x0000040004b7bb78) 
thrown [s\open\src\hotspot\share\prims\jni.cpp, line 520]
Event: 8.874 Thread 0x0000013b814bc500 Exception <a 'sun/nio/fs/WindowsException'{0x0000040004b7c6d0}> (0x0000040004b7c6d0) 
thrown [s\open\src\hotspot\share\prims\jni.cpp, line 520]
Event: 8.875 Thread 0x0000013b814bc500 Exception <a 'sun/nio/fs/WindowsException'{0x0000040004b81c40}> (0x0000040004b81c40) 
thrown [s\open\src\hotspot\share\prims\jni.cpp, line 520]
Event: 8.875 Thread 0x0000013b814bc500 Exception <a 'sun/nio/fs/WindowsException'{0x0000040004b82758}> (0x0000040004b82758) 
thrown [s\open\src\hotspot\share\prims\jni.cpp, line 520]
Event: 8.875 Thread 0x0000013b814bc500 Exception <a 'sun/nio/fs/WindowsException'{0x0000040004b82c90}> (0x0000040004b82c90) 
thrown [s\open\src\hotspot\share\prims\jni.cpp, line 520]
Event: 8.875 Thread 0x0000013b814bc500 Exception <a 'sun/nio/fs/WindowsException'{0x0000040004b83180}> (0x0000040004b83180) 
thrown [s\open\src\hotspot\share\prims\jni.cpp, line 520]
Event: 8.875 Thread 0x0000013b814bc500 Exception <a 'sun/nio/fs/WindowsException'{0x0000040004b83950}> (0x0000040004b83950) 
thrown [s\open\src\hotspot\share\prims\jni.cpp, line 520]
Event: 8.876 Thread 0x0000013b814bc500 Exception <a 'sun/nio/fs/WindowsException'{0x0000040004b83e88}> (0x0000040004b83e88) 
thrown [s\open\src\hotspot\share\prims\jni.cpp, line 520]
Event: 8.876 Thread 0x0000013b814bc500 Exception <a 'sun/nio/fs/WindowsException'{0x0000040004b84378}> (0x0000040004b84378) 
thrown [s\open\src\hotspot\share\prims\jni.cpp, line 520]
Event: 8.960 Thread 0x0000013b88454a80 Exception <a 'java/lang/NoSuchMethodError'{0x0000040007f2c710}: 'int java.lang.invoke.DirectMethodHandle$Holder.invokeStaticInit(java.lang.Object, java.lang.Object)'> (0x0000040007f2c710) 
thrown [s\open\src\hotspot\share\interpreter\linkResolver.cpp, line 796]
Event: 9.002 Thread 0x0000013b88453040 Exception <a 'java/lang/NoSuchMethodError'{0x0000040007866c40}: 'java.lang.Object java.lang.invoke.DirectMethodHandle$Holder.invokeStatic(java.lang.Object, java.lang.Object, int, java.lang.Object, java.lang.Object, java.lang.Object)'> (0x0000040007866c40) 
thrown [s\open\src\hotspot\share\interpreter\linkResolver.cpp, line 796]
Event: 9.002 Thread 0x0000013b8ab20680 Exception <a 'java/lang/NoSuchMethodError'{0x00000400075fa1f0}: 'java.lang.Object java.lang.invoke.DirectMethodHandle$Holder.invokeStatic(java.lang.Object, java.lang.Object, int, java.lang.Object, java.lang.Object, java.lang.Object)'> (0x00000400075fa1f0) 
thrown [s\open\src\hotspot\share\interpreter\linkResolver.cpp, line 796]
Event: 9.002 Thread 0x0000013b8ab1f960 Exception <a 'java/lang/NoSuchMethodError'{0x0000040004bf9628}: 'java.lang.Object java.lang.invoke.DirectMethodHandle$Holder.invokeStatic(java.lang.Object, java.lang.Object, int, java.lang.Object, java.lang.Object, java.lang.Object)'> (0x0000040004bf9628) 
thrown [s\open\src\hotspot\share\interpreter\linkResolver.cpp, line 796]
Event: 9.002 Thread 0x0000013b8ab22de0 Exception <a 'java/lang/NoSuchMethodError'{0x00000400083d4f70}: 'java.lang.Object java.lang.invoke.DirectMethodHandle$Holder.invokeStatic(java.lang.Object, java.lang.Object, int, java.lang.Object, java.lang.Object, java.lang.Object)'> (0x00000400083d4f70) 
thrown [s\open\src\hotspot\share\interpreter\linkResolver.cpp, line 796]
Event: 9.002 Thread 0x0000013b814baac0 Exception <a 'java/lang/NoSuchMethodError'{0x0000040002a35868}: 'java.lang.Object java.lang.invoke.DirectMethodHandle$Holder.invokeStatic(java.lang.Object, java.lang.Object, int, java.lang.Object, java.lang.Object, java.lang.Object)'> (0x0000040002a35868) 
thrown [s\open\src\hotspot\share\interpreter\linkResolver.cpp, line 796]
Event: 9.002 Thread 0x0000013b814bb150 Exception <a 'java/lang/NoSuchMethodError'{0x00000400072bb210}: 'java.lang.Object java.lang.invoke.DirectMethodHandle$Holder.invokeStatic(java.lang.Object, java.lang.Object, int, java.lang.Object, java.lang.Object, java.lang.Object)'> (0x00000400072bb210) 
thrown [s\open\src\hotspot\share\interpreter\linkResolver.cpp, line 796]
Event: 9.002 Thread 0x0000013b8ab25540 Exception <a 'java/lang/NoSuchMethodError'{0x00000400038f4d28}: 'java.lang.Object java.lang.invoke.DirectMethodHandle$Holder.invokeStatic(java.lang.Object, java.lang.Object, int, java.lang.Object, java.lang.Object, java.lang.Object)'> (0x00000400038f4d28) 
thrown [s\open\src\hotspot\share\interpreter\linkResolver.cpp, line 796]
Event: 9.003 Thread 0x0000013b8ab220c0 Exception <a 'java/lang/NoSuchMethodError'{0x0000040002838258}: 'java.lang.Object java.lang.invoke.DirectMethodHandle$Holder.invokeStatic(java.lang.Object, java.lang.Object, int, java.lang.Object, java.lang.Object, java.lang.Object)'> (0x0000040002838258) 
thrown [s\open\src\hotspot\share\interpreter\linkResolver.cpp, line 796]
Event: 9.008 Thread 0x0000013b8ab20680 Exception <a 'java/lang/NoSuchMethodError'{0x0000040009c044b8}: 'java.lang.Object java.lang.invoke.DirectMethodHandle$Holder.newInvokeSpecial(java.lang.Object, java.lang.Object, int, java.lang.Object, java.lang.Object)'> (0x0000040009c044b8) 
thrown [s\open\src\hotspot\share\interpreter\linkResolver.cpp, line 796]
Event: 9.008 Thread 0x0000013b814baac0 Exception <a 'java/lang/NoSuchMethodError'{0x0000040002a3f3b8}: 'java.lang.Object java.lang.invoke.DirectMethodHandle$Holder.newInvokeSpecial(java.lang.Object, java.lang.Object, int, java.lang.Object, java.lang.Object)'> (0x0000040002a3f3b8) 
thrown [s\open\src\hotspot\share\interpreter\linkResolver.cpp, line 796]
Event: 9.008 Thread 0x0000013b8ab1f960 Exception <a 'java/lang/NoSuchMethodError'{0x00000400044a6278}: 'java.lang.Object java.lang.invoke.DirectMethodHandle$Holder.newInvokeSpecial(java.lang.Object, java.lang.Object, int, java.lang.Object, java.lang.Object)'> (0x00000400044a6278) 
thrown [s\open\src\hotspot\share\interpreter\linkResolver.cpp, line 796]
Event: 9.008 Thread 0x0000013b88453040 Exception <a 'java/lang/NoSuchMethodError'{0x0000040007870528}: 'java.lang.Object java.lang.invoke.DirectMethodHandle$Holder.newInvokeSpecial(java.lang.Object, java.lang.Object, int, java.lang.Object, java.lang.Object)'> (0x0000040007870528) 
thrown [s\open\src\hotspot\share\interpreter\linkResolver.cpp, line 796]
Event: 9.008 Thread 0x0000013b8ab25540 Exception <a 'java/lang/NoSuchMethodError'{0x00000400038fe350}: 'java.lang.Object java.lang.invoke.DirectMethodHandle$Holder.newInvokeSpecial(java.lang.Object, java.lang.Object, int, java.lang.Object, java.lang.Object)'> (0x00000400038fe350) 
thrown [s\open\src\hotspot\share\interpreter\linkResolver.cpp, line 796]
Event: 9.009 Thread 0x0000013b8ab22de0 Exception <a 'java/lang/NoSuchMethodError'{0x00000400083de598}: 'java.lang.Object java.lang.invoke.DirectMethodHandle$Holder.newInvokeSpecial(java.lang.Object, java.lang.Object, int, java.lang.Object, java.lang.Object)'> (0x00000400083de598) 
thrown [s\open\src\hotspot\share\interpreter\linkResolver.cpp, line 796]
Event: 9.009 Thread 0x0000013b814bb150 Exception <a 'java/lang/NoSuchMethodError'{0x0000040002a84a98}: 'java.lang.Object java.lang.invoke.DirectMethodHandle$Holder.newInvokeSpecial(java.lang.Object, java.lang.Object, int, java.lang.Object, java.lang.Object)'> (0x0000040002a84a98) 
thrown [s\open\src\hotspot\share\interpreter\linkResolver.cpp, line 796]
Event: 9.009 Thread 0x0000013b8ab220c0 Exception <a 'java/lang/NoSuchMethodError'{0x0000040002ac1b00}: 'java.lang.Object java.lang.invoke.DirectMethodHandle$Holder.newInvokeSpecial(java.lang.Object, java.lang.Object, int, java.lang.Object, java.lang.Object)'> (0x0000040002ac1b00) 
thrown [s\open\src\hotspot\share\interpreter\linkResolver.cpp, line 796]
Event: 9.010 Thread 0x0000013b814baac0 Exception <a 'java/lang/NoSuchMethodError'{0x00000400044e7038}: 'java.lang.Object java.lang.invoke.DirectMethodHandle$Holder.invokeSpecial(java.lang.Object, java.lang.Object, java.lang.Object, int, java.lang.Object, java.lang.Object)'> (0x00000400044e7038) 
thrown [s\open\src\hotspot\share\interpreter\linkResolver.cpp, line 796]
Event: 9.010 Thread 0x0000013b8ab1f960 Exception <a 'java/lang/NoSuchMethodError'{0x00000400044aaf00}: 'java.lang.Object java.lang.invoke.DirectMethodHandle$Holder.invokeSpecial(java.lang.Object, java.lang.Object, java.lang.Object, int, java.lang.Object, java.lang.Object)'> (0x00000400044aaf00) 
thrown [s\open\src\hotspot\share\interpreter\linkResolver.cpp, line 796]
Event: 9.010 Thread 0x0000013b8ab20680 Exception <a 'java/lang/NoSuchMethodError'{0x0000040009c09140}: 'java.lang.Object java.lang.invoke.DirectMethodHandle$Holder.invokeSpecial(java.lang.Object, java.lang.Object, java.lang.Object, int, java.lang.Object, java.lang.Object)'> (0x0000040009c09140) 
thrown [s\open\src\hotspot\share\interpreter\linkResolver.cpp, line 796]
Event: 9.010 Thread 0x0000013b88453040 Exception <a 'java/lang/NoSuchMethodError'{0x0000040007875248}: 'java.lang.Object java.lang.invoke.DirectMethodHandle$Holder.invokeSpecial(java.lang.Object, java.lang.Object, java.lang.Object, int, java.lang.Object, java.lang.Object)'> (0x0000040007875248) 
thrown [s\open\src\hotspot\share\interpreter\linkResolver.cpp, line 796]
Event: 9.010 Thread 0x0000013b8ab25540 Exception <a 'java/lang/NoSuchMethodError'{0x0000040009c42fe8}: 'java.lang.Object java.lang.invoke.DirectMethodHandle$Holder.invokeSpecial(java.lang.Object, java.lang.Object, java.lang.Object, int, java.lang.Object, java.lang.Object)'> (0x0000040009c42fe8) 
thrown [s\open\src\hotspot\share\interpreter\linkResolver.cpp, line 796]
Event: 9.010 Thread 0x0000013b814bb150 Exception <a 'java/lang/NoSuchMethodError'{0x0000040002a894e8}: 'java.lang.Object java.lang.invoke.DirectMethodHandle$Holder.invokeSpecial(java.lang.Object, java.lang.Object, java.lang.Object, int, java.lang.Object, java.lang.Object)'> (0x0000040002a894e8) 
thrown [s\open\src\hotspot\share\interpreter\linkResolver.cpp, line 796]
Event: 9.010 Thread 0x0000013b8ab22de0 Exception <a 'java/lang/NoSuchMethodError'{0x00000400083e2fe8}: 'java.lang.Object java.lang.invoke.DirectMethodHandle$Holder.invokeSpecial(java.lang.Object, java.lang.Object, java.lang.Object, int, java.lang.Object, java.lang.Object)'> (0x00000400083e2fe8) 
thrown [s\open\src\hotspot\share\interpreter\linkResolver.cpp, line 796]
Event: 9.010 Thread 0x0000013b8ab220c0 Exception <a 'java/lang/NoSuchMethodError'{0x0000040002ac6550}: 'java.lang.Object java.lang.invoke.DirectMethodHandle$Holder.invokeSpecial(java.lang.Object, java.lang.Object, java.lang.Object, int, java.lang.Object, java.lang.Object)'> (0x0000040002ac6550) 
thrown [s\open\src\hotspot\share\interpreter\linkResolver.cpp, line 796]
Event: 9.011 Thread 0x0000013b814baac0 Exception <a 'java/lang/NoSuchMethodError'{0x00000400044eb068}: 'java.lang.Object java.lang.invoke.Invokers$Holder.linkToTargetMethod(java.lang.Object, int, java.lang.Object, java.lang.Object, java.lang.Object)'> (0x00000400044eb068) 
thrown [s\open\src\hotspot\share\interpreter\linkResolver.cpp, line 796]
Event: 9.011 Thread 0x0000013b8ab20680 Exception <a 'java/lang/NoSuchMethodError'{0x0000040009c0d100}: 'java.lang.Object java.lang.invoke.Invokers$Holder.linkToTargetMethod(java.lang.Object, int, java.lang.Object, java.lang.Object, java.lang.Object)'> (0x0000040009c0d100) 
thrown [s\open\src\hotspot\share\interpreter\linkResolver.cpp, line 796]
Event: 9.011 Thread 0x0000013b8ab1f960 Exception <a 'java/lang/NoSuchMethodError'{0x00000400044aeec0}: 'java.lang.Object java.lang.invoke.Invokers$Holder.linkToTargetMethod(java.lang.Object, int, java.lang.Object, java.lang.Object, java.lang.Object)'> (0x00000400044aeec0) 
thrown [s\open\src\hotspot\share\interpreter\linkResolver.cpp, line 796]
Event: 9.011 Thread 0x0000013b88453040 Exception <a 'java/lang/NoSuchMethodError'{0x0000040007879208}: 'java.lang.Object java.lang.invoke.Invokers$Holder.linkToTargetMethod(java.lang.Object, int, java.lang.Object, java.lang.Object, java.lang.Object)'> (0x0000040007879208) 
thrown [s\open\src\hotspot\share\interpreter\linkResolver.cpp, line 796]
Event: 9.011 Thread 0x0000013b8ab25540 Exception <a 'java/lang/NoSuchMethodError'{0x0000040009c46fa8}: 'java.lang.Object java.lang.invoke.Invokers$Holder.linkToTargetMethod(java.lang.Object, int, java.lang.Object, java.lang.Object, java.lang.Object)'> (0x0000040009c46fa8) 
thrown [s\open\src\hotspot\share\interpreter\linkResolver.cpp, line 796]
Event: 9.011 Thread 0x0000013b814bb150 Exception <a 'java/lang/NoSuchMethodError'{0x0000040002a8d4a8}: 'java.lang.Object java.lang.invoke.Invokers$Holder.linkToTargetMethod(java.lang.Object, int, java.lang.Object, java.lang.Object, java.lang.Object)'> (0x0000040002a8d4a8) 
thrown [s\open\src\hotspot\share\interpreter\linkResolver.cpp, line 796]
Event: 9.011 Thread 0x0000013b8ab22de0 Exception <a 'java/lang/NoSuchMethodError'{0x00000400083e6fa8}: 'java.lang.Object java.lang.invoke.Invokers$Holder.linkToTargetMethod(java.lang.Object, int, java.lang.Object, java.lang.Object, java.lang.Object)'> (0x00000400083e6fa8) 
thrown [s\open\src\hotspot\share\interpreter\linkResolver.cpp, line 796]
Event: 9.012 Thread 0x0000013b8ab220c0 Exception <a 'java/lang/NoSuchMethodError'{0x0000040002aca510}: 'java.lang.Object java.lang.invoke.Invokers$Holder.linkToTargetMethod(java.lang.Object, int, java.lang.Object, java.lang.Object, java.lang.Object)'> (0x0000040002aca510) 
thrown [s\open\src\hotspot\share\interpreter\linkResolver.cpp, line 796]
Event: 9.100 Thread 0x0000013b814bc500 Exception <a 'java/lang/NoSuchMethodError'{0x0000040005b3dae0}: 'int java.lang.invoke.DirectMethodHandle$Holder.invokeInterface(java.lang.Object, java.lang.Object)'> (0x0000040005b3dae0) 
thrown [s\open\src\hotspot\share\interpreter\linkResolver.cpp, line 796]
Event: 9.118 Thread 0x0000013b814bc500 Exception <a 'sun/nio/fs/WindowsException'{0x000004000a832db8}> (0x000004000a832db8) 
thrown [s\open\src\hotspot\share\prims\jni.cpp, line 520]
Event: 9.526 Thread 0x0000013b88454a80 Exception <a 'sun/nio/fs/WindowsException'{0x0000040012042ca0}> (0x0000040012042ca0) 
thrown [s\open\src\hotspot\share\prims\jni.cpp, line 520]
Event: 9.526 Thread 0x0000013b814bc500 Exception <a 'sun/nio/fs/WindowsException'{0x0000040011e02000}> (0x0000040011e02000) 
thrown [s\open\src\hotspot\share\prims\jni.cpp, line 520]
Event: 9.550 Thread 0x0000013b88455110 Exception <a 'java/lang/NoSuchMethodError'{0x000004001202c7c0}: 'java.lang.Object java.lang.invoke.DirectMethodHandle$Holder.invokeStatic(java.lang.Object, java.lang.Object, java.lang.Object, int, int, java.lang.Object, java.lang.Object)'> (0x000004001202c7c0) 
thrown [s\open\src\hotspot\share\interpreter\linkResolver.cpp, line 796]
Event: 9.552 Thread 0x0000013b8800d340 Exception <a 'java/lang/NoSuchMethodError'{0x0000040012235a68}: 'java.lang.Object java.lang.invoke.DirectMethodHandle$Holder.newInvokeSpecial(java.lang.Object, java.lang.Object, java.lang.Object, int, int, java.lang.Object)'> (0x0000040012235a68) 
thrown [s\open\src\hotspot\share\interpreter\linkResolver.cpp, line 796]
Event: 9.552 Thread 0x0000013b88455110 Exception <a 'java/lang/NoSuchMethodError'{0x00000400120367a0}: 'java.lang.Object java.lang.invoke.DirectMethodHandle$Holder.newInvokeSpecial(java.lang.Object, java.lang.Object, java.lang.Object, int, int, java.lang.Object)'> (0x00000400120367a0) 
thrown [s\open\src\hotspot\share\interpreter\linkResolver.cpp, line 796]
Event: 9.573 Thread 0x0000013b8800d340 Exception <a 'java/lang/NoSuchMethodError'{0x000004001226d7c8}: 'java.lang.Object java.lang.invoke.DirectMethodHandle$Holder.invokeSpecial(java.lang.Object, java.lang.Object, java.lang.Object, int, int, java.lang.Object, int, int, int, java.lang.Object, java.lang.Object, java.lang.Object, java.lang.Object, int, java.lang.Object, java.lang.Object)'> (0x000004001226d7c8) 
thrown [s\open\src\hotspot\share\interpreter\linkResolver.cpp, line 796]
Event: 9.574 Thread 0x0000013b8800d340 Exception <a 'java/lang/NoSuchMethodError'{0x0000040012272480}: 'java.lang.Object java.lang.invoke.Invokers$Holder.linkToTargetMethod(java.lang.Object, int, int, java.lang.Object, int, int, int, java.lang.Object, java.lang.Object, java.lang.Object, java.lang.Object, int, java.lang.Object, java.lang.Object, java.lang.Object)'> (0x0000040012272480) 
thrown [s\open\src\hotspot\share\interpreter\linkResolver.cpp, line 796]
Event: 9.575 Thread 0x0000013b8800d340 Exception <a 'java/lang/NoSuchMethodError'{0x0000040012277560}: 'java.lang.Object java.lang.invoke.DirectMethodHandle$Holder.invokeStatic(java.lang.Object, java.lang.Object, int, java.lang.Object, java.lang.Object, int, java.lang.Object, java.lang.Object, java.lang.Object, int, int, int, int, java.lang.Object, java.lang.Object)'> (0x0000040012277560) 
thrown [s\open\src\hotspot\share\interpreter\linkResolver.cpp, line 796]
Event: 9.578 Thread 0x0000013b8800d340 Exception <a 'java/lang/NoSuchMethodError'{0x0000040012284170}: 'java.lang.Object java.lang.invoke.DirectMethodHandle$Holder.newInvokeSpecial(java.lang.Object, java.lang.Object, int, java.lang.Object, java.lang.Object, int, java.lang.Object, java.lang.Object, java.lang.Object, int, int, int, int, java.lang.Object)'> (0x0000040012284170) 
thrown [s\open\src\hotspot\share\interpreter\linkResolver.cpp, line 796]
Event: 9.579 Thread 0x0000013b8800d340 Exception <a 'java/lang/NoSuchMethodError'{0x00000400122897a8}: 'java.lang.Object java.lang.invoke.DirectMethodHandle$Holder.invokeSpecial(java.lang.Object, java.lang.Object, java.lang.Object, int, java.lang.Object, java.lang.Object, int, java.lang.Object, java.lang.Object, java.lang.Object, int, int, int, int, java.lang.Object)'> (0x00000400122897a8) 
thrown [s\open\src\hotspot\share\interpreter\linkResolver.cpp, line 796]
Event: 9.580 Thread 0x0000013b8800d340 Exception <a 'java/lang/NoSuchMethodError'{0x000004001228e2c0}: 'java.lang.Object java.lang.invoke.Invokers$Holder.linkToTargetMethod(java.lang.Object, int, java.lang.Object, java.lang.Object, int, java.lang.Object, java.lang.Object, java.lang.Object, int, int, int, int, java.lang.Object, java.lang.Object)'> (0x000004001228e2c0) 
thrown [s\open\src\hotspot\share\interpreter\linkResolver.cpp, line 796]
Event: 9.617 Thread 0x0000013b88455110 Exception <a 'java/lang/NoSuchMethodError'{0x00000400134602a0}: 'java.lang.Object java.lang.invoke.DirectMethodHandle$Holder.newInvokeSpecial(java.lang.Object, java.lang.Object, java.lang.Object, java.lang.Object, int)'> (0x00000400134602a0) 
thrown [s\open\src\hotspot\share\interpreter\linkResolver.cpp, line 796]
Event: 9.617 Thread 0x0000013b8800d340 Exception <a 'java/lang/NoSuchMethodError'{0x000004000f824fc8}: 'java.lang.Object java.lang.invoke.DirectMethodHandle$Holder.newInvokeSpecial(java.lang.Object, java.lang.Object, java.lang.Object, java.lang.Object, int)'> (0x000004000f824fc8) 
thrown [s\open\src\hotspot\share\interpreter\linkResolver.cpp, line 796]
Event: 9.618 Thread 0x0000013b8800d340 Exception <a 'java/lang/NoSuchMethodError'{0x000004000f82a0f8}: 'java.lang.Object java.lang.invoke.DirectMethodHandle$Holder.invokeSpecial(java.lang.Object, java.lang.Object, java.lang.Object, java.lang.Object, java.lang.Object, int)'> (0x000004000f82a0f8) 
thrown [s\open\src\hotspot\share\interpreter\linkResolver.cpp, line 796]
Event: 9.618 Thread 0x0000013b88455110 Exception <a 'java/lang/NoSuchMethodError'{0x00000400134652e8}: 'java.lang.Object java.lang.invoke.DirectMethodHandle$Holder.invokeSpecial(java.lang.Object, java.lang.Object, java.lang.Object, java.lang.Object, java.lang.Object, int)'> (0x00000400134652e8) 
thrown [s\open\src\hotspot\share\interpreter\linkResolver.cpp, line 796]
Event: 9.619 Thread 0x0000013b8800d340 Exception <a 'java/lang/NoSuchMethodError'{0x000004000f82ea78}: 'java.lang.Object java.lang.invoke.Invokers$Holder.linkToTargetMethod(java.lang.Object, java.lang.Object, java.lang.Object, int, java.lang.Object)'> (0x000004000f82ea78) 
thrown [s\open\src\hotspot\share\interpreter\linkResolver.cpp, line 796]
Event: 9.619 Thread 0x0000013b88455110 Exception <a 'java/lang/NoSuchMethodError'{0x0000040013469938}: 'java.lang.Object java.lang.invoke.Invokers$Holder.linkToTargetMethod(java.lang.Object, java.lang.Object, java.lang.Object, int, java.lang.Object)'> (0x0000040013469938) 
thrown [s\open\src\hotspot\share\interpreter\linkResolver.cpp, line 796]
Event: 9.633 Thread 0x0000013b88455110 Exception <a 'java/lang/NoSuchMethodError'{0x000004001348b318}: 'java.lang.Object java.lang.invoke.DirectMethodHandle$Holder.newInvokeSpecial(java.lang.Object, java.lang.Object, java.lang.Object, java.lang.Object, java.lang.Object, java.lang.Object, int, java.lang.Object, java.lang.Object, int, int, java.lang.Object)'> (0x000004001348b318) 
thrown [s\open\src\hotspot\share\interpreter\linkResolver.cpp, line 796]
Event: 9.633 Thread 0x0000013b8800d340 Exception <a 'java/lang/NoSuchMethodError'{0x000004000f850eb0}: 'java.lang.Object java.lang.invoke.DirectMethodHandle$Holder.newInvokeSpecial(java.lang.Object, java.lang.Object, java.lang.Object, java.lang.Object, java.lang.Object, java.lang.Object, int, java.lang.Object, java.lang.Object, int, int, java.lang.Object)'> (0x000004000f850eb0) 
thrown [s\open\src\hotspot\share\interpreter\linkResolver.cpp, line 796]
Event: 9.805 Thread 0x0000013b88455110 Exception <a 'java/lang/NoSuchMethodError'{0x0000040013508de0}: 'java.lang.Object java.lang.invoke.DirectMethodHandle$Holder.newInvokeSpecial(java.lang.Object, java.lang.Object, java.lang.Object, java.lang.Object, java.lang.Object, java.lang.Object, int)'> (0x0000040013508de0) 
thrown [s\open\src\hotspot\share\interpreter\linkResolver.cpp, line 796]
Event: 9.805 Thread 0x0000013b8800d340 Exception <a 'java/lang/NoSuchMethodError'{0x0000040010e273e0}: 'java.lang.Object java.lang.invoke.DirectMethodHandle$Holder.newInvokeSpecial(java.lang.Object, java.lang.Object, java.lang.Object, java.lang.Object, java.lang.Object, java.lang.Object, int)'> (0x0000040010e273e0) 
thrown [s\open\src\hotspot\share\interpreter\linkResolver.cpp, line 796]
Event: 9.806 Thread 0x0000013b8800d340 Exception <a 'java/lang/NoSuchMethodError'{0x0000040010e2ca80}: 'java.lang.Object java.lang.invoke.DirectMethodHandle$Holder.invokeSpecial(java.lang.Object, java.lang.Object, java.lang.Object, java.lang.Object, java.lang.Object, java.lang.Object, java.lang.Object, int)'> (0x0000040010e2ca80) 
thrown [s\open\src\hotspot\share\interpreter\linkResolver.cpp, line 796]
Event: 9.806 Thread 0x0000013b88455110 Exception <a 'java/lang/NoSuchMethodError'{0x000004001350e100}: 'java.lang.Object java.lang.invoke.DirectMethodHandle$Holder.invokeSpecial(java.lang.Object, java.lang.Object, java.lang.Object, java.lang.Object, java.lang.Object, java.lang.Object, java.lang.Object, int)'> (0x000004001350e100) 
thrown [s\open\src\hotspot\share\interpreter\linkResolver.cpp, line 796]
Event: 9.807 Thread 0x0000013b8800d340 Exception <a 'java/lang/NoSuchMethodError'{0x0000040010e31ad8}: 'java.lang.Object java.lang.invoke.Invokers$Holder.linkToTargetMethod(java.lang.Object, java.lang.Object, java.lang.Object, java.lang.Object, java.lang.Object, int, java.lang.Object)'> (0x0000040010e31ad8) 
thrown [s\open\src\hotspot\share\interpreter\linkResolver.cpp, line 796]
Event: 9.807 Thread 0x0000013b88455110 Exception <a 'java/lang/NoSuchMethodError'{0x0000040013512970}: 'java.lang.Object java.lang.invoke.Invokers$Holder.linkToTargetMethod(java.lang.Object, java.lang.Object, java.lang.Object, java.lang.Object, java.lang.Object, int, java.lang.Object)'> (0x0000040013512970) 
thrown [s\open\src\hotspot\share\interpreter\linkResolver.cpp, line 796]
Event: 9.838 Thread 0x0000013b814bc500 Exception <a 'sun/nio/fs/WindowsException'{0x0000040011effec0}> (0x0000040011effec0) 
thrown [s\open\src\hotspot\share\prims\jni.cpp, line 520]
Event: 9.884 Thread 0x0000013b814bc500 Exception <a 'java/lang/NoSuchMethodError'{0x0000040011f986c0}: 'java.lang.Object java.lang.invoke.DirectMethodHandle$Holder.invokeVirtual(java.lang.Object, java.lang.Object, int)'> (0x0000040011f986c0) 
thrown [s\open\src\hotspot\share\interpreter\linkResolver.cpp, line 796]
Event: 9.901 Thread 0x0000013b88454a80 Exception <a 'sun/nio/fs/WindowsException'{0x000004000b2a0db8}> (0x000004000b2a0db8) 
thrown [s\open\src\hotspot\share\prims\jni.cpp, line 520]
Event: 9.901 Thread 0x0000013b88454a80 Exception <a 'sun/nio/fs/WindowsException'{0x000004000b2a16b8}> (0x000004000b2a16b8) 
thrown [s\open\src\hotspot\share\prims\jni.cpp, line 520]
Event: 9.976 Thread 0x0000013b814bc500 Exception <a 'sun/nio/fs/WindowsException'{0x00000400015cc670}> (0x00000400015cc670) 
thrown [s\open\src\hotspot\share\prims\jni.cpp, line 520]
Event: 10.276 Thread 0x0000013b814bc500 Exception <a 'java/lang/NoSuchMethodError'{0x000004001b891010}: 'java.lang.Object java.lang.invoke.DirectMethodHandle$Holder.invokeVirtual(java.lang.Object, java.lang.Object, java.lang.Object, int, int)'> (0x000004001b891010) 
thrown [s\open\src\hotspot\share\interpreter\linkResolver.cpp, line 796]

ZGC Phase Switch (26 events):
Event: 2.508 Young Mark Start         2
Event: 2.508 Old Mark Start           2
Event: 2.529 Young Mark End           2
Event: 2.535 Young Relocate Start     2
Event: 2.546 Old Mark End             2
Event: 2.618 Old Relocate Start       2
Event: 7.331 Young Mark Start         3
Event: 7.331 Old Mark Start           3
Event: 7.367 Young Mark End           3
Event: 7.371 Young Relocate Start     3
Event: 7.381 Old Mark End             3
Event: 7.453 Old Relocate Start       3
Event: 8.399 Young Mark Start         4
Event: 8.399 Old Mark Start           4
Event: 8.418 Young Mark End           4
Event: 8.421 Young Relocate Start     4
Event: 8.426 Old Mark End             4
Event: 8.464 Old Relocate Start       4
Event: 9.519 Young Mark Start         5
Event: 9.519 Old Mark Start           5
Event: 9.582 Young Mark End           5
Event: 9.599 Young Relocate Start     5
Event: 9.614 Old Mark End             5
Event: 9.675 Old Relocate Start       5
Event: 10.305 Young Mark Start         6
Event: 10.305 Old Mark Start           6

VM Operations (206 events):
Event: 0.309 Executing VM operation: HandshakeAllThreads (Deoptimize)
Event: 0.309 Executing VM operation: HandshakeAllThreads (Deoptimize) done
Event: 1.066 Executing VM operation: HandshakeAllThreads (Deoptimize)
Event: 1.066 Executing VM operation: HandshakeAllThreads (Deoptimize) done
Event: 1.207 Executing VM operation: HandshakeAllThreads (Deoptimize)
Event: 1.207 Executing VM operation: HandshakeAllThreads (Deoptimize) done
Event: 1.426 Executing VM operation: HandshakeAllThreads (Deoptimize)
Event: 1.426 Executing VM operation: HandshakeAllThreads (Deoptimize) done
Event: 1.456 Executing VM operation: HandshakeAllThreads (Deoptimize)
Event: 1.456 Executing VM operation: HandshakeAllThreads (Deoptimize) done
Event: 1.567 Executing VM operation: HandshakeAllThreads (Deoptimize)
Event: 1.567 Executing VM operation: HandshakeAllThreads (Deoptimize) done
Event: 1.577 Executing VM operation: HandshakeAllThreads (Deoptimize)
Event: 1.577 Executing VM operation: HandshakeAllThreads (Deoptimize) done
Event: 1.962 Executing VM operation: HandshakeAllThreads (Deoptimize)
Event: 1.962 Executing VM operation: HandshakeAllThreads (Deoptimize) done
Event: 2.435 Executing VM operation: HandshakeAllThreads (Deoptimize)
Event: 2.435 Executing VM operation: HandshakeAllThreads (Deoptimize) done
Event: 2.435 Executing VM operation: HandshakeAllThreads (Deoptimize)
Event: 2.435 Executing VM operation: HandshakeAllThreads (Deoptimize) done
Event: 2.508 Executing VM operation: ZMarkStartYoungAndOld (Metadata GC Threshold)
Event: 2.508 Executing VM operation: ZMarkStartYoungAndOld (Metadata GC Threshold) done
Event: 2.528 Executing VM operation: HandshakeAllThreads (ZMarkFlushAndFreeStacks)
Event: 2.528 Executing VM operation: HandshakeAllThreads (ZMarkFlushAndFreeStacks) done
Event: 2.528 Executing VM operation: ZMarkFlushOperation
Event: 2.528 Executing VM operation: ZMarkFlushOperation done
Event: 2.528 Executing VM operation: HandshakeAllThreads (ZMarkFlushAndFreeStacks)
Event: 2.528 Executing VM operation: HandshakeAllThreads (ZMarkFlushAndFreeStacks) done
Event: 2.529 Executing VM operation: ZMarkFlushOperation
Event: 2.529 Executing VM operation: ZMarkFlushOperation done
Event: 2.529 Executing VM operation: HandshakeAllThreads (ZMarkFlushAndFreeStacks)
Event: 2.529 Executing VM operation: HandshakeAllThreads (ZMarkFlushAndFreeStacks) done
Event: 2.529 Executing VM operation: ZMarkFlushOperation
Event: 2.529 Executing VM operation: ZMarkFlushOperation done
Event: 2.529 Executing VM operation: ZMarkEndYoung (Metadata GC Threshold)
Event: 2.529 Executing VM operation: ZMarkEndYoung (Metadata GC Threshold) done
Event: 2.535 Executing VM operation: ZRelocateStartYoung (Metadata GC Threshold)
Event: 2.535 Executing VM operation: ZRelocateStartYoung (Metadata GC Threshold) done
Event: 2.546 Executing VM operation: HandshakeAllThreads (ZMarkFlushAndFreeStacks)
Event: 2.546 Executing VM operation: HandshakeAllThreads (ZMarkFlushAndFreeStacks) done
Event: 2.546 Executing VM operation: ZMarkFlushOperation
Event: 2.546 Executing VM operation: ZMarkFlushOperation done
Event: 2.546 Executing VM operation: HandshakeAllThreads (ZMarkFlushAndFreeStacks)
Event: 2.546 Executing VM operation: HandshakeAllThreads (ZMarkFlushAndFreeStacks) done
Event: 2.546 Executing VM operation: ZMarkFlushOperation
Event: 2.546 Executing VM operation: ZMarkFlushOperation done
Event: 2.546 Executing VM operation: ZMarkEndOld (Metadata GC Threshold)
Event: 2.546 Executing VM operation: ZMarkEndOld (Metadata GC Threshold) done
Event: 2.551 Executing VM operation: HandshakeAllThreads (ZRendezvous)
Event: 2.551 Executing VM operation: HandshakeAllThreads (ZRendezvous) done
Event: 2.551 Executing VM operation: ZRendezvousGCThreads
Event: 2.551 Executing VM operation: ZRendezvousGCThreads done
Event: 2.551 Executing VM operation: CleanClassLoaderDataMetaspaces
Event: 2.552 Executing VM operation: CleanClassLoaderDataMetaspaces done
Event: 2.618 Executing VM operation: ZRelocateStartOld (Metadata GC Threshold)
Event: 2.618 Executing VM operation: ZRelocateStartOld (Metadata GC Threshold) done
Event: 2.953 Executing VM operation: HandshakeAllThreads (Deoptimize)
Event: 2.953 Executing VM operation: HandshakeAllThreads (Deoptimize) done
Event: 2.953 Executing VM operation: HandshakeAllThreads (Deoptimize)
Event: 2.953 Executing VM operation: HandshakeAllThreads (Deoptimize) done
Event: 3.133 Executing VM operation: HandshakeAllThreads (Deoptimize)
Event: 3.133 Executing VM operation: HandshakeAllThreads (Deoptimize) done
Event: 3.326 Executing VM operation: HandshakeAllThreads (Deoptimize)
Event: 3.326 Executing VM operation: HandshakeAllThreads (Deoptimize) done
Event: 3.342 Executing VM operation: HandshakeAllThreads (Deoptimize)
Event: 3.342 Executing VM operation: HandshakeAllThreads (Deoptimize) done
Event: 3.400 Executing VM operation: HandshakeAllThreads (Deoptimize)
Event: 3.400 Executing VM operation: HandshakeAllThreads (Deoptimize) done
Event: 3.584 Executing VM operation: HandshakeAllThreads (Deoptimize)
Event: 3.584 Executing VM operation: HandshakeAllThreads (Deoptimize) done
Event: 3.600 Executing VM operation: HandshakeAllThreads (Deoptimize)
Event: 3.600 Executing VM operation: HandshakeAllThreads (Deoptimize) done
Event: 7.225 Executing VM operation: HandshakeAllThreads (Deoptimize)
Event: 7.225 Executing VM operation: HandshakeAllThreads (Deoptimize) done
Event: 7.226 Executing VM operation: HandshakeAllThreads (Deoptimize)
Event: 7.226 Executing VM operation: HandshakeAllThreads (Deoptimize) done
Event: 7.331 Executing VM operation: ZMarkStartYoungAndOld (Metadata GC Threshold)
Event: 7.331 Executing VM operation: ZMarkStartYoungAndOld (Metadata GC Threshold) done
Event: 7.366 Executing VM operation: HandshakeAllThreads (ZMarkFlushAndFreeStacks)
Event: 7.366 Executing VM operation: HandshakeAllThreads (ZMarkFlushAndFreeStacks) done
Event: 7.366 Executing VM operation: ZMarkFlushOperation
Event: 7.366 Executing VM operation: ZMarkFlushOperation done
Event: 7.366 Executing VM operation: HandshakeAllThreads (ZMarkFlushAndFreeStacks)
Event: 7.366 Executing VM operation: HandshakeAllThreads (ZMarkFlushAndFreeStacks) done
Event: 7.367 Executing VM operation: ZMarkFlushOperation
Event: 7.367 Executing VM operation: ZMarkFlushOperation done
Event: 7.367 Executing VM operation: HandshakeAllThreads (ZMarkFlushAndFreeStacks)
Event: 7.367 Executing VM operation: HandshakeAllThreads (ZMarkFlushAndFreeStacks) done
Event: 7.367 Executing VM operation: ZMarkFlushOperation
Event: 7.367 Executing VM operation: ZMarkFlushOperation done
Event: 7.367 Executing VM operation: ZMarkEndYoung (Metadata GC Threshold)
Event: 7.367 Executing VM operation: ZMarkEndYoung (Metadata GC Threshold) done
Event: 7.371 Executing VM operation: ZRelocateStartYoung (Metadata GC Threshold)
Event: 7.371 Executing VM operation: ZRelocateStartYoung (Metadata GC Threshold) done
Event: 7.380 Executing VM operation: HandshakeAllThreads (ZMarkFlushAndFreeStacks)
Event: 7.380 Executing VM operation: HandshakeAllThreads (ZMarkFlushAndFreeStacks) done
Event: 7.380 Executing VM operation: ZMarkFlushOperation
Event: 7.380 Executing VM operation: ZMarkFlushOperation done
Event: 7.380 Executing VM operation: HandshakeAllThreads (ZMarkFlushAndFreeStacks)
Event: 7.381 Executing VM operation: HandshakeAllThreads (ZMarkFlushAndFreeStacks) done
Event: 7.381 Executing VM operation: ZMarkFlushOperation
Event: 7.381 Executing VM operation: ZMarkFlushOperation done
Event: 7.381 Executing VM operation: ZMarkEndOld (Metadata GC Threshold)
Event: 7.381 Executing VM operation: ZMarkEndOld (Metadata GC Threshold) done
Event: 7.387 Executing VM operation: HandshakeAllThreads (ZRendezvous)
Event: 7.387 Executing VM operation: HandshakeAllThreads (ZRendezvous) done
Event: 7.388 Executing VM operation: ZRendezvousGCThreads
Event: 7.388 Executing VM operation: ZRendezvousGCThreads done
Event: 7.388 Executing VM operation: CleanClassLoaderDataMetaspaces
Event: 7.389 Executing VM operation: CleanClassLoaderDataMetaspaces done
Event: 7.453 Executing VM operation: ZRelocateStartOld (Metadata GC Threshold)
Event: 7.453 Executing VM operation: ZRelocateStartOld (Metadata GC Threshold) done
Event: 7.488 Executing VM operation: HandshakeAllThreads (Deoptimize)
Event: 7.488 Executing VM operation: HandshakeAllThreads (Deoptimize) done
Event: 8.398 Executing VM operation: ZMarkStartYoungAndOld (Warmup)
Event: 8.399 Executing VM operation: ZMarkStartYoungAndOld (Warmup) done
Event: 8.410 Executing VM operation: HandshakeAllThreads (ZMarkFlushAndFreeStacks)
Event: 8.414 Executing VM operation: HandshakeAllThreads (ZMarkFlushAndFreeStacks) done
Event: 8.414 Executing VM operation: ZMarkFlushOperation
Event: 8.414 Executing VM operation: ZMarkFlushOperation done
Event: 8.414 Executing VM operation: HandshakeAllThreads (ZMarkFlushAndFreeStacks)
Event: 8.417 Executing VM operation: HandshakeAllThreads (ZMarkFlushAndFreeStacks) done
Event: 8.417 Executing VM operation: ZMarkFlushOperation
Event: 8.417 Executing VM operation: ZMarkFlushOperation done
Event: 8.417 Executing VM operation: HandshakeAllThreads (ZMarkFlushAndFreeStacks)
Event: 8.418 Executing VM operation: HandshakeAllThreads (ZMarkFlushAndFreeStacks) done
Event: 8.418 Executing VM operation: ZMarkFlushOperation
Event: 8.418 Executing VM operation: ZMarkFlushOperation done
Event: 8.418 Executing VM operation: ZMarkEndYoung (Warmup)
Event: 8.418 Executing VM operation: ZMarkEndYoung (Warmup) done
Event: 8.421 Executing VM operation: ZRelocateStartYoung (Warmup)
Event: 8.421 Executing VM operation: ZRelocateStartYoung (Warmup) done
Event: 8.425 Executing VM operation: HandshakeAllThreads (ZMarkFlushAndFreeStacks)
Event: 8.426 Executing VM operation: HandshakeAllThreads (ZMarkFlushAndFreeStacks) done
Event: 8.426 Executing VM operation: ZMarkFlushOperation
Event: 8.426 Executing VM operation: ZMarkFlushOperation done
Event: 8.426 Executing VM operation: HandshakeAllThreads (ZMarkFlushAndFreeStacks)
Event: 8.426 Executing VM operation: HandshakeAllThreads (ZMarkFlushAndFreeStacks) done
Event: 8.426 Executing VM operation: ZMarkFlushOperation
Event: 8.426 Executing VM operation: ZMarkFlushOperation done
Event: 8.426 Executing VM operation: ZMarkEndOld (Warmup)
Event: 8.426 Executing VM operation: ZMarkEndOld (Warmup) done
Event: 8.428 Executing VM operation: HandshakeAllThreads (ZRendezvous)
Event: 8.428 Executing VM operation: HandshakeAllThreads (ZRendezvous) done
Event: 8.428 Executing VM operation: ZRendezvousGCThreads
Event: 8.428 Executing VM operation: ZRendezvousGCThreads done
Event: 8.428 Executing VM operation: CleanClassLoaderDataMetaspaces
Event: 8.428 Executing VM operation: CleanClassLoaderDataMetaspaces done
Event: 8.464 Executing VM operation: ZRelocateStartOld (Warmup)
Event: 8.464 Executing VM operation: ZRelocateStartOld (Warmup) done
Event: 8.770 Executing VM operation: HandshakeAllThreads (Deoptimize)
Event: 8.770 Executing VM operation: HandshakeAllThreads (Deoptimize) done
Event: 8.802 Executing VM operation: HandshakeAllThreads (Deoptimize)
Event: 8.805 Executing VM operation: HandshakeAllThreads (Deoptimize) done
Event: 8.809 Executing VM operation: HandshakeAllThreads (Deoptimize)
Event: 8.809 Executing VM operation: HandshakeAllThreads (Deoptimize) done
Event: 8.818 Executing VM operation: HandshakeAllThreads (Deoptimize)
Event: 8.818 Executing VM operation: HandshakeAllThreads (Deoptimize) done
Event: 8.826 Executing VM operation: HandshakeAllThreads (Deoptimize)
Event: 8.826 Executing VM operation: HandshakeAllThreads (Deoptimize) done
Event: 8.859 Executing VM operation: HandshakeAllThreads (Deoptimize)
Event: 8.860 Executing VM operation: HandshakeAllThreads (Deoptimize) done
Event: 9.072 Executing VM operation: HandshakeAllThreads (Deoptimize)
Event: 9.092 Executing VM operation: HandshakeAllThreads (Deoptimize) done
Event: 9.516 Executing VM operation: ZMarkStartYoungAndOld (Warmup)
Event: 9.519 Executing VM operation: ZMarkStartYoungAndOld (Warmup) done
Event: 9.546 Executing VM operation: HandshakeAllThreads (ZMarkFlushAndFreeStacks)
Event: 9.560 Executing VM operation: HandshakeAllThreads (ZMarkFlushAndFreeStacks) done
Event: 9.560 Executing VM operation: ZMarkFlushOperation
Event: 9.560 Executing VM operation: ZMarkFlushOperation done
Event: 9.560 Executing VM operation: HandshakeAllThreads (ZMarkFlushAndFreeStacks)
Event: 9.567 Executing VM operation: HandshakeAllThreads (ZMarkFlushAndFreeStacks) done
Event: 9.567 Executing VM operation: ZMarkFlushOperation
Event: 9.567 Executing VM operation: ZMarkFlushOperation done
Event: 9.567 Executing VM operation: HandshakeAllThreads (ZMarkFlushAndFreeStacks)
Event: 9.582 Executing VM operation: HandshakeAllThreads (ZMarkFlushAndFreeStacks) done
Event: 9.582 Executing VM operation: ZMarkFlushOperation
Event: 9.582 Executing VM operation: ZMarkFlushOperation done
Event: 9.582 Executing VM operation: ZMarkEndYoung (Warmup)
Event: 9.582 Executing VM operation: ZMarkEndYoung (Warmup) done
Event: 9.588 Executing VM operation: ZRelocateStartYoung (Warmup)
Event: 9.599 Executing VM operation: ZRelocateStartYoung (Warmup) done
Event: 9.613 Executing VM operation: HandshakeAllThreads (ZMarkFlushAndFreeStacks)
Event: 9.613 Executing VM operation: HandshakeAllThreads (ZMarkFlushAndFreeStacks) done
Event: 9.613 Executing VM operation: ZMarkFlushOperation
Event: 9.613 Executing VM operation: ZMarkFlushOperation done
Event: 9.613 Executing VM operation: HandshakeAllThreads (ZMarkFlushAndFreeStacks)
Event: 9.614 Executing VM operation: HandshakeAllThreads (ZMarkFlushAndFreeStacks) done
Event: 9.614 Executing VM operation: ZMarkFlushOperation
Event: 9.614 Executing VM operation: ZMarkFlushOperation done
Event: 9.614 Executing VM operation: ZMarkEndOld (Warmup)
Event: 9.614 Executing VM operation: ZMarkEndOld (Warmup) done
Event: 9.627 Executing VM operation: HandshakeAllThreads (ZRendezvous)
Event: 9.628 Executing VM operation: HandshakeAllThreads (ZRendezvous) done
Event: 9.628 Executing VM operation: ZRendezvousGCThreads
Event: 9.628 Executing VM operation: ZRendezvousGCThreads done
Event: 9.629 Executing VM operation: CleanClassLoaderDataMetaspaces
Event: 9.630 Executing VM operation: CleanClassLoaderDataMetaspaces done
Event: 9.674 Executing VM operation: ZRelocateStartOld (Warmup)
Event: 9.675 Executing VM operation: ZRelocateStartOld (Warmup) done
Event: 9.840 Executing VM operation: HandshakeAllThreads (Deoptimize)
Event: 9.840 Executing VM operation: HandshakeAllThreads (Deoptimize) done
Event: 10.070 Executing VM operation: HandshakeAllThreads (Deoptimize)
Event: 10.070 Executing VM operation: HandshakeAllThreads (Deoptimize) done
Event: 10.305 Executing VM operation: ZMarkStartYoungAndOld (Warmup)
Event: 10.305 Executing VM operation: ZMarkStartYoungAndOld (Warmup) done

Memory protections (0 events):
No events

Nmethod flushes (250 events):
Event: 8.428 Thread 0x0000013ba103ec30 flushing  nmethod 0x0000013ba124da88
Event: 8.428 Thread 0x0000013ba103ec30 flushing  nmethod 0x0000013ba8ce0c88
Event: 8.428 Thread 0x0000013ba103ec30 flushing  nmethod 0x0000013ba1521f08
Event: 8.428 Thread 0x0000013ba103ec30 flushing  nmethod 0x0000013ba148d608
Event: 8.428 Thread 0x0000013ba103ec30 flushing  nmethod 0x0000013ba147cb88
Event: 8.428 Thread 0x0000013ba103ec30 flushing  nmethod 0x0000013ba1509c08
Event: 8.428 Thread 0x0000013ba103ec30 flushing  nmethod 0x0000013ba1143e08
Event: 8.428 Thread 0x0000013ba103ec30 flushing  nmethod 0x0000013ba8d6a088
Event: 8.428 Thread 0x0000013ba103ec30 flushing  nmethod 0x0000013ba113b488
Event: 8.428 Thread 0x0000013ba103ec30 flushing  nmethod 0x0000013ba12ec288
Event: 8.428 Thread 0x0000013ba103ec30 flushing  nmethod 0x0000013ba1303f88
Event: 8.428 Thread 0x0000013ba103ec30 flushing  nmethod 0x0000013ba1265f88
Event: 8.428 Thread 0x0000013ba103ec30 flushing  nmethod 0x0000013ba120a588
Event: 8.428 Thread 0x0000013ba103ec30 flushing  nmethod 0x0000013ba1172a08
Event: 8.428 Thread 0x0000013ba103ec30 flushing  nmethod 0x0000013ba11f8c88
Event: 8.428 Thread 0x0000013ba103ec30 flushing  nmethod 0x0000013ba8c9ea88
Event: 8.428 Thread 0x0000013ba103ec30 flushing  nmethod 0x0000013ba1168c08
Event: 8.428 Thread 0x0000013ba103ec30 flushing  nmethod 0x0000013ba13b7508
Event: 8.428 Thread 0x0000013ba103ec30 flushing  nmethod 0x0000013ba115d708
Event: 8.428 Thread 0x0000013ba103ec30 flushing  nmethod 0x0000013ba1478788
Event: 8.428 Thread 0x0000013ba103ec30 flushing  nmethod 0x0000013ba150da88
Event: 8.428 Thread 0x0000013ba103ec30 flushing  nmethod 0x0000013ba8c94608
Event: 8.428 Thread 0x0000013ba103ec30 flushing  nmethod 0x0000013ba11f9388
Event: 8.428 Thread 0x0000013ba103ec30 flushing  nmethod 0x0000013ba1505808
Event: 8.428 Thread 0x0000013ba103ec30 flushing  nmethod 0x0000013ba1509f88
Event: 8.428 Thread 0x0000013ba103ec30 flushing  nmethod 0x0000013ba1228808
Event: 8.428 Thread 0x0000013ba103ec30 flushing  nmethod 0x0000013ba1203808
Event: 8.428 Thread 0x0000013ba103ec30 flushing  nmethod 0x0000013ba11aa208
Event: 8.428 Thread 0x0000013ba103ec30 flushing  nmethod 0x0000013ba1507508
Event: 8.428 Thread 0x0000013ba103ec30 flushing  nmethod 0x0000013ba12cea08
Event: 8.428 Thread 0x0000013ba103ec30 flushing  nmethod 0x0000013ba1360008
Event: 8.428 Thread 0x0000013ba103ec30 flushing  nmethod 0x0000013ba115db08
Event: 8.428 Thread 0x0000013ba103ec30 flushing  nmethod 0x0000013ba1503088
Event: 8.428 Thread 0x0000013ba103ec30 flushing  nmethod 0x0000013ba1157b88
Event: 8.428 Thread 0x0000013ba103ec30 flushing  nmethod 0x0000013ba14c0b08
Event: 8.428 Thread 0x0000013ba103ec30 flushing  nmethod 0x0000013ba1203388
Event: 8.428 Thread 0x0000013ba103ec30 flushing  nmethod 0x0000013ba119ae88
Event: 8.428 Thread 0x0000013ba103ec30 flushing  nmethod 0x0000013ba1120788
Event: 8.428 Thread 0x0000013ba103ec30 flushing  nmethod 0x0000013ba1307e08
Event: 8.428 Thread 0x0000013ba103ec30 flushing  nmethod 0x0000013ba8da5f08
Event: 8.428 Thread 0x0000013ba103ec30 flushing  nmethod 0x0000013ba11dc488
Event: 8.428 Thread 0x0000013ba103ec30 flushing  nmethod 0x0000013ba1229688
Event: 8.428 Thread 0x0000013ba103ec30 flushing  nmethod 0x0000013ba1502788
Event: 8.428 Thread 0x0000013ba103ec30 flushing  nmethod 0x0000013ba8d91e08
Event: 8.428 Thread 0x0000013ba103ec30 flushing  nmethod 0x0000013ba11f8688
Event: 8.428 Thread 0x0000013ba103ec30 flushing  nmethod 0x0000013ba8dd6688
Event: 8.428 Thread 0x0000013ba103ec30 flushing  nmethod 0x0000013ba117d888
Event: 8.428 Thread 0x0000013ba103ec30 flushing  nmethod 0x0000013ba1201e08
Event: 8.428 Thread 0x0000013ba103ec30 flushing  nmethod 0x0000013ba118c088
Event: 8.428 Thread 0x0000013ba103ec30 flushing  nmethod 0x0000013ba12e6888
Event: 8.428 Thread 0x0000013ba103ec30 flushing  nmethod 0x0000013ba8d55688
Event: 8.428 Thread 0x0000013ba103ec30 flushing  nmethod 0x0000013ba1135808
Event: 8.428 Thread 0x0000013ba103ec30 flushing  nmethod 0x0000013ba11e1008
Event: 8.428 Thread 0x0000013ba103ec30 flushing  nmethod 0x0000013ba1222c08
Event: 8.428 Thread 0x0000013ba103ec30 flushing  nmethod 0x0000013ba147b108
Event: 8.428 Thread 0x0000013ba103ec30 flushing  nmethod 0x0000013ba11c0488
Event: 8.428 Thread 0x0000013ba103ec30 flushing  nmethod 0x0000013ba15af308
Event: 8.428 Thread 0x0000013ba103ec30 flushing  nmethod 0x0000013ba1505008
Event: 9.628 Thread 0x0000013ba103ec30 flushing  nmethod 0x0000013ba1234a88
Event: 9.628 Thread 0x0000013ba103ec30 flushing  nmethod 0x0000013ba113ae08
Event: 9.628 Thread 0x0000013ba103ec30 flushing  nmethod 0x0000013ba16a3188
Event: 9.628 Thread 0x0000013ba103ec30 flushing  nmethod 0x0000013ba16d8988
Event: 9.628 Thread 0x0000013ba103ec30 flushing  nmethod 0x0000013ba154b488
Event: 9.628 Thread 0x0000013ba103ec30 flushing  nmethod 0x0000013ba11d5288
Event: 9.628 Thread 0x0000013ba103ec30 flushing  nmethod 0x0000013ba16a0608
Event: 9.628 Thread 0x0000013ba103ec30 flushing  nmethod 0x0000013ba8d0d788
Event: 9.628 Thread 0x0000013ba103ec30 flushing  nmethod 0x0000013ba11b6008
Event: 9.628 Thread 0x0000013ba103ec30 flushing  nmethod 0x0000013ba117ad88
Event: 9.628 Thread 0x0000013ba103ec30 flushing  nmethod 0x0000013ba151a688
Event: 9.628 Thread 0x0000013ba103ec30 flushing  nmethod 0x0000013ba13b7f08
Event: 9.628 Thread 0x0000013ba103ec30 flushing  nmethod 0x0000013ba162f988
Event: 9.628 Thread 0x0000013ba103ec30 flushing  nmethod 0x0000013ba1669a08
Event: 9.628 Thread 0x0000013ba103ec30 flushing  nmethod 0x0000013ba8d44e08
Event: 9.628 Thread 0x0000013ba103ec30 flushing  nmethod 0x0000013ba16ba408
Event: 9.628 Thread 0x0000013ba103ec30 flushing  nmethod 0x0000013ba119c988
Event: 9.628 Thread 0x0000013ba103ec30 flushing  nmethod 0x0000013ba13fe908
Event: 9.628 Thread 0x0000013ba103ec30 flushing  nmethod 0x0000013ba169bf88
Event: 9.628 Thread 0x0000013ba103ec30 flushing  nmethod 0x0000013ba8de4988
Event: 9.628 Thread 0x0000013ba103ec30 flushing  nmethod 0x0000013ba16bbd08
Event: 9.628 Thread 0x0000013ba103ec30 flushing  nmethod 0x0000013ba1247608
Event: 9.628 Thread 0x0000013ba103ec30 flushing  nmethod 0x0000013ba1308108
Event: 9.628 Thread 0x0000013ba103ec30 flushing  nmethod 0x0000013ba166a208
Event: 9.628 Thread 0x0000013ba103ec30 flushing  nmethod 0x0000013ba15c8208
Event: 9.628 Thread 0x0000013ba103ec30 flushing  nmethod 0x0000013ba16a5508
Event: 9.628 Thread 0x0000013ba103ec30 flushing  nmethod 0x0000013ba16a6e88
Event: 9.628 Thread 0x0000013ba103ec30 flushing  nmethod 0x0000013ba16c5408
Event: 9.628 Thread 0x0000013ba103ec30 flushing  nmethod 0x0000013ba130e388
Event: 9.628 Thread 0x0000013ba103ec30 flushing  nmethod 0x0000013ba1137e88
Event: 9.628 Thread 0x0000013ba103ec30 flushing  nmethod 0x0000013ba16b4608
Event: 9.628 Thread 0x0000013ba103ec30 flushing  nmethod 0x0000013ba16b1e88
Event: 9.628 Thread 0x0000013ba103ec30 flushing  nmethod 0x0000013ba1692988
Event: 9.628 Thread 0x0000013ba103ec30 flushing  nmethod 0x0000013ba11bf288
Event: 9.628 Thread 0x0000013ba103ec30 flushing  nmethod 0x0000013ba16a5908
Event: 9.628 Thread 0x0000013ba103ec30 flushing  nmethod 0x0000013ba1649088
Event: 9.628 Thread 0x0000013ba103ec30 flushing  nmethod 0x0000013ba169ba08
Event: 9.628 Thread 0x0000013ba103ec30 flushing  nmethod 0x0000013ba135c808
Event: 9.628 Thread 0x0000013ba103ec30 flushing  nmethod 0x0000013ba1214308
Event: 9.628 Thread 0x0000013ba103ec30 flushing osr nmethod 0x0000013ba16eeb88
Event: 9.628 Thread 0x0000013ba103ec30 flushing  nmethod 0x0000013ba150f088
Event: 9.628 Thread 0x0000013ba103ec30 flushing  nmethod 0x0000013ba135fb88
Event: 9.628 Thread 0x0000013ba103ec30 flushing  nmethod 0x0000013ba8dd0088
Event: 9.628 Thread 0x0000013ba103ec30 flushing  nmethod 0x0000013ba16ab688
Event: 9.628 Thread 0x0000013ba103ec30 flushing  nmethod 0x0000013ba13d3188
Event: 9.628 Thread 0x0000013ba103ec30 flushing  nmethod 0x0000013ba1116288
Event: 9.628 Thread 0x0000013ba103ec30 flushing  nmethod 0x0000013ba16c1f88
Event: 9.628 Thread 0x0000013ba103ec30 flushing  nmethod 0x0000013ba1663188
Event: 9.628 Thread 0x0000013ba103ec30 flushing  nmethod 0x0000013ba8d92c08
Event: 9.628 Thread 0x0000013ba103ec30 flushing  nmethod 0x0000013ba16d8208
Event: 9.628 Thread 0x0000013ba103ec30 flushing  nmethod 0x0000013ba122dd88
Event: 9.628 Thread 0x0000013ba103ec30 flushing  nmethod 0x0000013ba14a3a08
Event: 9.628 Thread 0x0000013ba103ec30 flushing  nmethod 0x0000013ba16ad408
Event: 9.628 Thread 0x0000013ba103ec30 flushing  nmethod 0x0000013ba1219488
Event: 9.628 Thread 0x0000013ba103ec30 flushing  nmethod 0x0000013ba168be08
Event: 9.628 Thread 0x0000013ba103ec30 flushing  nmethod 0x0000013ba16bf208
Event: 9.628 Thread 0x0000013ba103ec30 flushing  nmethod 0x0000013ba16da288
Event: 9.628 Thread 0x0000013ba103ec30 flushing  nmethod 0x0000013ba12d8288
Event: 9.628 Thread 0x0000013ba103ec30 flushing  nmethod 0x0000013ba16be408
Event: 9.628 Thread 0x0000013ba103ec30 flushing  nmethod 0x0000013ba151ea08
Event: 9.628 Thread 0x0000013ba103ec30 flushing  nmethod 0x0000013ba154a008
Event: 9.628 Thread 0x0000013ba103ec30 flushing  nmethod 0x0000013ba169f588
Event: 9.628 Thread 0x0000013ba103ec30 flushing  nmethod 0x0000013ba11f8f88
Event: 9.628 Thread 0x0000013ba103ec30 flushing  nmethod 0x0000013ba1137b08
Event: 9.628 Thread 0x0000013ba103ec30 flushing  nmethod 0x0000013ba14f7488
Event: 9.628 Thread 0x0000013ba103ec30 flushing  nmethod 0x0000013ba15b1288
Event: 9.628 Thread 0x0000013ba103ec30 flushing  nmethod 0x0000013ba110e288
Event: 9.628 Thread 0x0000013ba103ec30 flushing  nmethod 0x0000013ba16a7508
Event: 9.628 Thread 0x0000013ba103ec30 flushing  nmethod 0x0000013ba12a7588
Event: 9.628 Thread 0x0000013ba103ec30 flushing  nmethod 0x0000013ba163c808
Event: 9.628 Thread 0x0000013ba103ec30 flushing  nmethod 0x0000013ba1694408
Event: 9.628 Thread 0x0000013ba103ec30 flushing  nmethod 0x0000013ba122bc08
Event: 9.628 Thread 0x0000013ba103ec30 flushing  nmethod 0x0000013ba12f5188
Event: 9.628 Thread 0x0000013ba103ec30 flushing  nmethod 0x0000013ba16b1788
Event: 9.628 Thread 0x0000013ba103ec30 flushing  nmethod 0x0000013ba119b188
Event: 9.628 Thread 0x0000013ba103ec30 flushing  nmethod 0x0000013ba169dc08
Event: 9.628 Thread 0x0000013ba103ec30 flushing  nmethod 0x0000013ba16a5f88
Event: 9.628 Thread 0x0000013ba103ec30 flushing  nmethod 0x0000013ba8e17988
Event: 9.628 Thread 0x0000013ba103ec30 flushing  nmethod 0x0000013ba16d0288
Event: 9.628 Thread 0x0000013ba103ec30 flushing  nmethod 0x0000013ba163fd88
Event: 9.628 Thread 0x0000013ba103ec30 flushing  nmethod 0x0000013ba168c888
Event: 9.628 Thread 0x0000013ba103ec30 flushing  nmethod 0x0000013ba16bce08
Event: 9.628 Thread 0x0000013ba103ec30 flushing  nmethod 0x0000013ba8d3ab08
Event: 9.628 Thread 0x0000013ba103ec30 flushing  nmethod 0x0000013ba16dda08
Event: 9.628 Thread 0x0000013ba103ec30 flushing  nmethod 0x0000013ba1383a88
Event: 9.628 Thread 0x0000013ba103ec30 flushing  nmethod 0x0000013ba1340488
Event: 9.628 Thread 0x0000013ba103ec30 flushing  nmethod 0x0000013ba1258b88
Event: 9.628 Thread 0x0000013ba103ec30 flushing  nmethod 0x0000013ba16af108
Event: 9.628 Thread 0x0000013ba103ec30 flushing  nmethod 0x0000013ba16de508
Event: 9.628 Thread 0x0000013ba103ec30 flushing  nmethod 0x0000013ba8d0f208
Event: 9.628 Thread 0x0000013ba103ec30 flushing  nmethod 0x0000013ba169d908
Event: 9.628 Thread 0x0000013ba103ec30 flushing  nmethod 0x0000013ba120ae88
Event: 9.628 Thread 0x0000013ba103ec30 flushing  nmethod 0x0000013ba1112888
Event: 9.628 Thread 0x0000013ba103ec30 flushing  nmethod 0x0000013ba148a988
Event: 9.628 Thread 0x0000013ba103ec30 flushing  nmethod 0x0000013ba169b108
Event: 9.628 Thread 0x0000013ba103ec30 flushing  nmethod 0x0000013ba16ba708
Event: 9.628 Thread 0x0000013ba103ec30 flushing  nmethod 0x0000013ba1631088
Event: 9.628 Thread 0x0000013ba103ec30 flushing  nmethod 0x0000013ba15cb308
Event: 9.628 Thread 0x0000013ba103ec30 flushing  nmethod 0x0000013ba16c8788
Event: 9.628 Thread 0x0000013ba103ec30 flushing  nmethod 0x0000013ba11e3808
Event: 9.628 Thread 0x0000013ba103ec30 flushing  nmethod 0x0000013ba1271488
Event: 9.628 Thread 0x0000013ba103ec30 flushing  nmethod 0x0000013ba1656688
Event: 9.628 Thread 0x0000013ba103ec30 flushing  nmethod 0x0000013ba12d2188
Event: 9.628 Thread 0x0000013ba103ec30 flushing  nmethod 0x0000013ba16aa708
Event: 9.628 Thread 0x0000013ba103ec30 flushing  nmethod 0x0000013ba1208b08
Event: 9.628 Thread 0x0000013ba103ec30 flushing  nmethod 0x0000013ba132f688
Event: 9.628 Thread 0x0000013ba103ec30 flushing  nmethod 0x0000013ba8e3c908
Event: 9.628 Thread 0x0000013ba103ec30 flushing  nmethod 0x0000013ba1216888
Event: 9.628 Thread 0x0000013ba103ec30 flushing  nmethod 0x0000013ba1648508
Event: 9.628 Thread 0x0000013ba103ec30 flushing  nmethod 0x0000013ba1646508
Event: 9.628 Thread 0x0000013ba103ec30 flushing  nmethod 0x0000013ba1560a08
Event: 9.628 Thread 0x0000013ba103ec30 flushing  nmethod 0x0000013ba16abf88
Event: 9.629 Thread 0x0000013ba103ec30 flushing  nmethod 0x0000013ba1564888
Event: 9.629 Thread 0x0000013ba103ec30 flushing  nmethod 0x0000013ba1521b88
Event: 9.629 Thread 0x0000013ba103ec30 flushing  nmethod 0x0000013ba16a4008
Event: 9.629 Thread 0x0000013ba103ec30 flushing  nmethod 0x0000013ba1686608
Event: 9.629 Thread 0x0000013ba103ec30 flushing  nmethod 0x0000013ba164d208
Event: 9.629 Thread 0x0000013ba103ec30 flushing  nmethod 0x0000013ba124ff08
Event: 9.629 Thread 0x0000013ba103ec30 flushing  nmethod 0x0000013ba14a3e88
Event: 9.629 Thread 0x0000013ba103ec30 flushing  nmethod 0x0000013ba16c0a88
Event: 9.629 Thread 0x0000013ba103ec30 flushing  nmethod 0x0000013ba16dbc08
Event: 9.629 Thread 0x0000013ba103ec30 flushing  nmethod 0x0000013ba16dc788
Event: 9.629 Thread 0x0000013ba103ec30 flushing  nmethod 0x0000013ba8d0c188
Event: 9.629 Thread 0x0000013ba103ec30 flushing  nmethod 0x0000013ba1576908
Event: 9.629 Thread 0x0000013ba103ec30 flushing  nmethod 0x0000013ba1342e08
Event: 9.629 Thread 0x0000013ba103ec30 flushing  nmethod 0x0000013ba12e7f08
Event: 9.629 Thread 0x0000013ba103ec30 flushing  nmethod 0x0000013ba16a9408
Event: 9.629 Thread 0x0000013ba103ec30 flushing  nmethod 0x0000013ba1565908
Event: 9.629 Thread 0x0000013ba103ec30 flushing  nmethod 0x0000013ba16aee08
Event: 9.629 Thread 0x0000013ba103ec30 flushing  nmethod 0x0000013ba1247108
Event: 9.629 Thread 0x0000013ba103ec30 flushing  nmethod 0x0000013ba16dad08
Event: 9.629 Thread 0x0000013ba103ec30 flushing  nmethod 0x0000013ba14ffa08
Event: 9.629 Thread 0x0000013ba103ec30 flushing  nmethod 0x0000013ba16a2a08
Event: 9.629 Thread 0x0000013ba103ec30 flushing  nmethod 0x0000013ba1108d08
Event: 9.629 Thread 0x0000013ba103ec30 flushing  nmethod 0x0000013ba11ed288
Event: 9.629 Thread 0x0000013ba103ec30 flushing  nmethod 0x0000013ba16ca408
Event: 9.629 Thread 0x0000013ba103ec30 flushing  nmethod 0x0000013ba12fc508
Event: 9.629 Thread 0x0000013ba103ec30 flushing  nmethod 0x0000013ba16cfc88
Event: 9.629 Thread 0x0000013ba103ec30 flushing  nmethod 0x0000013ba16e8588
Event: 9.629 Thread 0x0000013ba103ec30 flushing  nmethod 0x0000013ba1502788
Event: 9.629 Thread 0x0000013ba103ec30 flushing  nmethod 0x0000013ba169cb88
Event: 9.629 Thread 0x0000013ba103ec30 flushing  nmethod 0x0000013ba1565408
Event: 9.629 Thread 0x0000013ba103ec30 flushing  nmethod 0x0000013ba149ff88
Event: 9.629 Thread 0x0000013ba103ec30 flushing  nmethod 0x0000013ba11b6b08
Event: 9.629 Thread 0x0000013ba103ec30 flushing  nmethod 0x0000013ba16aba08
Event: 9.629 Thread 0x0000013ba103ec30 flushing  nmethod 0x0000013ba1645708
Event: 9.629 Thread 0x0000013ba103ec30 flushing  nmethod 0x0000013ba16b4b88
Event: 9.629 Thread 0x0000013ba103ec30 flushing  nmethod 0x0000013ba11bf688
Event: 9.629 Thread 0x0000013ba103ec30 flushing  nmethod 0x0000013ba16c1c08
Event: 9.629 Thread 0x0000013ba103ec30 flushing  nmethod 0x0000013ba16a9b88
Event: 9.629 Thread 0x0000013ba103ec30 flushing  nmethod 0x0000013ba1663608
Event: 9.629 Thread 0x0000013ba103ec30 flushing  nmethod 0x0000013ba16c4d88
Event: 9.629 Thread 0x0000013ba103ec30 flushing  nmethod 0x0000013ba16b0888
Event: 9.629 Thread 0x0000013ba103ec30 flushing  nmethod 0x0000013ba1345608
Event: 9.629 Thread 0x0000013ba103ec30 flushing  nmethod 0x0000013ba163f288
Event: 9.629 Thread 0x0000013ba103ec30 flushing  nmethod 0x0000013ba1693488
Event: 9.629 Thread 0x0000013ba103ec30 flushing  nmethod 0x0000013ba164f488
Event: 9.629 Thread 0x0000013ba103ec30 flushing  nmethod 0x0000013ba1641888
Event: 9.629 Thread 0x0000013ba103ec30 flushing  nmethod 0x0000013ba15b2688
Event: 9.629 Thread 0x0000013ba103ec30 flushing  nmethod 0x0000013ba16cf988
Event: 9.629 Thread 0x0000013ba103ec30 flushing  nmethod 0x0000013ba1163288
Event: 9.629 Thread 0x0000013ba103ec30 flushing  nmethod 0x0000013ba1153588
Event: 9.629 Thread 0x0000013ba103ec30 flushing  nmethod 0x0000013ba1645308
Event: 9.629 Thread 0x0000013ba103ec30 flushing  nmethod 0x0000013ba16b9d08
Event: 9.629 Thread 0x0000013ba103ec30 flushing  nmethod 0x0000013ba1691f88
Event: 9.629 Thread 0x0000013ba103ec30 flushing  nmethod 0x0000013ba16b1a88
Event: 9.629 Thread 0x0000013ba103ec30 flushing  nmethod 0x0000013ba16a1c08
Event: 9.629 Thread 0x0000013ba103ec30 flushing  nmethod 0x0000013ba1641c88
Event: 9.629 Thread 0x0000013ba103ec30 flushing  nmethod 0x0000013ba1690b08
Event: 9.629 Thread 0x0000013ba103ec30 flushing  nmethod 0x0000013ba16a7208
Event: 9.629 Thread 0x0000013ba103ec30 flushing  nmethod 0x0000013ba1662388
Event: 9.629 Thread 0x0000013ba103ec30 flushing  nmethod 0x0000013ba16a6308
Event: 9.629 Thread 0x0000013ba103ec30 flushing  nmethod 0x0000013ba1591308
Event: 9.629 Thread 0x0000013ba103ec30 flushing  nmethod 0x0000013ba11e7808
Event: 9.629 Thread 0x0000013ba103ec30 flushing  nmethod 0x0000013ba12d4d88
Event: 9.629 Thread 0x0000013ba103ec30 flushing  nmethod 0x0000013ba1208e08
Event: 9.629 Thread 0x0000013ba103ec30 flushing  nmethod 0x0000013ba1662b88
Event: 9.629 Thread 0x0000013ba103ec30 flushing  nmethod 0x0000013ba16db008
Event: 9.629 Thread 0x0000013ba103ec30 flushing  nmethod 0x0000013ba1435888
Event: 9.629 Thread 0x0000013ba103ec30 flushing  nmethod 0x0000013ba12b3208
Event: 9.629 Thread 0x0000013ba103ec30 flushing  nmethod 0x0000013ba11e1008
Event: 9.629 Thread 0x0000013ba103ec30 flushing  nmethod 0x0000013ba164cf08
Event: 9.629 Thread 0x0000013ba103ec30 flushing  nmethod 0x0000013ba16afa08
Event: 9.629 Thread 0x0000013ba103ec30 flushing  nmethod 0x0000013ba12cf308
Event: 9.629 Thread 0x0000013ba103ec30 flushing  nmethod 0x0000013ba15c8588
Event: 9.629 Thread 0x0000013ba103ec30 flushing  nmethod 0x0000013ba119b808
Event: 9.629 Thread 0x0000013ba103ec30 flushing  nmethod 0x0000013ba16b4308
Event: 9.629 Thread 0x0000013ba103ec30 flushing  nmethod 0x0000013ba1666508
Event: 9.629 Thread 0x0000013ba103ec30 flushing  nmethod 0x0000013ba1655088
Event: 9.629 Thread 0x0000013ba103ec30 flushing  nmethod 0x0000013ba11f8108
Event: 9.629 Thread 0x0000013ba103ec30 flushing  nmethod 0x0000013ba1650f88
Event: 9.629 Thread 0x0000013ba103ec30 flushing  nmethod 0x0000013ba168d588

Events (122 events):
Event: 0.037 Thread 0x0000013ba0f36280 Thread added: 0x0000013ba0f36280
Event: 0.048 Thread 0x0000013ba0f36280 Thread added: 0x0000013b8110f010
Event: 0.048 Thread 0x0000013ba0f36280 Thread added: 0x0000013b8110f680
Event: 0.049 Thread 0x0000013ba0f36280 Thread added: 0x0000013b81115d10
Event: 0.049 Thread 0x0000013ba0f36280 Thread added: 0x0000013b811165e0
Event: 0.049 Thread 0x0000013ba0f36280 Thread added: 0x0000013b81162fe0
Event: 0.049 Thread 0x0000013ba0f36280 Thread added: 0x0000013b81164330
Event: 0.049 Thread 0x0000013ba0f36280 Thread added: 0x0000013b811960f0
Event: 0.049 Thread 0x0000013ba0f36280 Thread added: 0x0000013b81196860
Event: 0.051 Thread 0x0000013b81196860 Thread added: 0x0000013b811ff0f0
Event: 0.291 Thread 0x0000013ba0f36280 Thread added: 0x0000013b8143d000
Event: 0.293 Thread 0x0000013ba0f36280 Thread added: 0x0000013b8143fcc0
Event: 0.304 Thread 0x0000013b81196860 Thread added: 0x0000013b8144fc50
Event: 0.304 Thread 0x0000013b81196860 Thread added: 0x0000013b81452140
Event: 0.319 Thread 0x0000013b8144fc50 Thread added: 0x0000013b81468fa0
Event: 0.332 Thread 0x0000013b8144fc50 Thread added: 0x0000013b812deca0
Event: 0.624 Thread 0x0000013b812deca0 Thread exited: 0x0000013b812deca0
Event: 0.983 Thread 0x0000013b81468fa0 Thread exited: 0x0000013b81468fa0
Event: 1.040 Thread 0x0000013ba0f36280 Thread added: 0x0000013b86316c30
Event: 1.399 Thread 0x0000013b811960f0 Thread added: 0x0000013b86a8dab0
Event: 1.476 Thread 0x0000013b811960f0 Thread added: 0x0000013b8632f690
Event: 1.736 Thread 0x0000013ba0f36280 Thread added: 0x0000013b86e42b70
Event: 1.819 Thread 0x0000013b8632f690 Thread exited: 0x0000013b8632f690
Event: 2.692 Thread 0x0000013b81452140 Thread added: 0x0000013b873587f0
Event: 2.773 Thread 0x0000013b86316c30 Thread added: 0x0000013b8800f410
Event: 2.775 Thread 0x0000013b8800f410 Thread added: 0x0000013b8800e060
Event: 2.776 Thread 0x0000013b8800e060 Thread added: 0x0000013b8800e6f0
Event: 2.777 Thread 0x0000013b8800e6f0 Thread added: 0x0000013b8800ccb0
Event: 2.831 Thread 0x0000013b8800ccb0 Thread added: 0x0000013b8800faa0
Event: 2.832 Thread 0x0000013b8800faa0 Thread added: 0x0000013b8800d9d0
Event: 3.356 Thread 0x0000013b86316c30 Thread added: 0x0000013b8800d340
Event: 3.403 Thread 0x0000013b873587f0 Thread exited: 0x0000013b873587f0
Event: 3.435 Thread 0x0000013b8800d340 Thread added: 0x0000013b88453040
Event: 3.436 Thread 0x0000013b8800d340 Thread added: 0x0000013b884557a0
Event: 3.482 Thread 0x0000013b86316c30 Thread added: 0x0000013b88455e30
Event: 3.549 Thread 0x0000013b8144fc50 Thread added: 0x0000013b88b5cd10
Event: 3.767 Thread 0x0000013b88b5cd10 Thread exited: 0x0000013b88b5cd10
Event: 3.767 Thread 0x0000013b86a8dab0 Thread exited: 0x0000013b86a8dab0
Event: 5.158 Thread 0x0000013b81452140 Thread exited: 0x0000013b81452140
Event: 5.159 Thread 0x0000013b86316c30 Thread added: 0x0000013b88455110
Event: 5.160 Thread 0x0000013b88455110 Thread exited: 0x0000013b88455110
Event: 5.165 Thread 0x0000013b8144fc50 Thread exited: 0x0000013b8144fc50
Event: 7.212 Thread 0x0000013b86316c30 Thread added: 0x0000013b884536d0
Event: 7.388 Thread 0x0000013b86316c30 Thread added: 0x0000013b884543f0
Event: 7.395 Thread 0x0000013b884543f0 Thread added: 0x0000013b884564c0
Event: 7.400 Thread 0x0000013b81196860 Thread added: 0x0000013b817aa080
Event: 7.400 Thread 0x0000013b81196860 Thread added: 0x0000013b860139c0
Event: 7.401 Thread 0x0000013b884564c0 Thread exited: 0x0000013b884564c0
Event: 7.472 Thread 0x0000013b86316c30 Thread added: 0x0000013b88455110
Event: 7.474 Thread 0x0000013b884543f0 Thread exited: 0x0000013b884543f0
Event: 7.478 Thread 0x0000013b86316c30 Thread added: 0x0000013b88453d60
Event: 7.482 Thread 0x0000013b88453d60 Thread added: 0x0000013b884543f0
Event: 7.483 Thread 0x0000013b88455110 Thread exited: 0x0000013b88455110
Event: 7.484 Thread 0x0000013b88453d60 Thread exited: 0x0000013b88453d60
Event: 7.484 Thread 0x0000013b884543f0 Thread exited: 0x0000013b884543f0
Event: 7.528 Thread 0x0000013b884536d0 Thread exited: 0x0000013b884536d0
Event: 8.060 Thread 0x0000013b86316c30 Thread added: 0x0000013b884536d0
Event: 8.065 Thread 0x0000013b86316c30 Thread added: 0x0000013b88454a80
Event: 8.067 Thread 0x0000013b88454a80 Thread added: 0x0000013b88453d60
Event: 8.082 Thread 0x0000013b88453d60 Thread exited: 0x0000013b88453d60
Event: 8.103 Thread 0x0000013b86316c30 Thread added: 0x0000013b88453d60
Event: 8.300 Thread 0x0000013b88454a80 Thread exited: 0x0000013b88454a80
Event: 8.300 Thread 0x0000013b86316c30 Thread added: 0x0000013b884543f0
Event: 8.302 Thread 0x0000013b884543f0 Thread added: 0x0000013b88454a80
Event: 8.303 Thread 0x0000013b88453d60 Thread exited: 0x0000013b88453d60
Event: 8.303 Thread 0x0000013b884543f0 Thread exited: 0x0000013b884543f0
Event: 8.303 Thread 0x0000013b88454a80 Thread exited: 0x0000013b88454a80
Event: 8.337 Thread 0x0000013b884536d0 Thread exited: 0x0000013b884536d0
Event: 8.373 Thread 0x0000013b86316c30 Thread added: 0x0000013b884536d0
Event: 8.378 Thread 0x0000013b86316c30 Thread added: 0x0000013b88453d60
Event: 8.381 Thread 0x0000013b88453d60 Thread added: 0x0000013b884543f0
Event: 8.382 Thread 0x0000013b884543f0 Thread exited: 0x0000013b884543f0
Event: 8.397 Thread 0x0000013b811ff0f0 Thread added: 0x0000013b87e573f0
Event: 8.398 Thread 0x0000013b811ff0f0 Thread added: 0x0000013b87e57ab0
Event: 8.405 Thread 0x0000013b86316c30 Thread added: 0x0000013b884543f0
Event: 8.557 Thread 0x0000013b86316c30 Thread added: 0x0000013b88454a80
Event: 8.564 Thread 0x0000013b86316c30 Thread added: 0x0000013b88455110
Event: 8.569 Thread 0x0000013b86316c30 Thread added: 0x0000013b814bc500
Event: 8.640 Thread 0x0000013b814bc500 Thread added: 0x0000013b814bcb90
Event: 8.641 Thread 0x0000013b814bc500 Thread added: 0x0000013b814bd220
Event: 8.641 Thread 0x0000013b88453040 Thread added: 0x0000013b814bdf40
Event: 8.641 Thread 0x0000013b814bdf40 Thread added: 0x0000013b814baac0
Event: 8.655 Thread 0x0000013b814bdf40 Thread added: 0x0000013b814bb7e0
Event: 8.845 Thread 0x0000013b81196860 Thread added: 0x0000013b8a334a90
Event: 8.869 Thread 0x0000013b811ff0f0 Thread added: 0x0000013b89e54e90
Event: 8.869 Thread 0x0000013b811ff0f0 Thread added: 0x0000013b8a7aae20
Event: 8.885 Thread 0x0000013b814bcb90 Thread added: 0x0000013b814bb150
Event: 8.886 Thread 0x0000013b814bcb90 Thread added: 0x0000013b814bbe70
Event: 8.887 Thread 0x0000013b814bcb90 Thread added: 0x0000013b8ab1f960
Event: 8.887 Thread 0x0000013b814bcb90 Thread added: 0x0000013b8ab20d10
Event: 8.888 Thread 0x0000013b814bcb90 Thread added: 0x0000013b8ab213a0
Event: 8.888 Thread 0x0000013b814bcb90 Thread added: 0x0000013b8ab21a30
Event: 8.889 Thread 0x0000013b814bcb90 Thread added: 0x0000013b8ab220c0
Event: 8.890 Thread 0x0000013b814bcb90 Thread added: 0x0000013b8ab1fff0
Event: 8.890 Thread 0x0000013b814bcb90 Thread added: 0x0000013b8ab22750
Event: 8.891 Thread 0x0000013b814bcb90 Thread added: 0x0000013b8ab1f2d0
Event: 8.892 Thread 0x0000013b814bcb90 Thread added: 0x0000013b8ab22de0
Event: 8.892 Thread 0x0000013b87e57ab0 Thread added: 0x0000013b8a5f6690
Event: 8.892 Thread 0x0000013b814bcb90 Thread added: 0x0000013b8ab23470
Event: 8.893 Thread 0x0000013b814bcb90 Thread added: 0x0000013b8ab23b00
Event: 8.894 Thread 0x0000013b814bcb90 Thread added: 0x0000013b8ab20680
Event: 8.894 Thread 0x0000013b814bcb90 Thread added: 0x0000013b8ab25540
Event: 8.904 Thread 0x0000013b87e573f0 Thread added: 0x0000013b88ff3560
Event: 8.907 Thread 0x0000013b884543f0 Thread added: 0x0000013b8ab24820
Event: 8.909 Thread 0x0000013b8ab24820 Thread added: 0x0000013b8ab26260
Event: 8.914 Thread 0x0000013b8ab213a0 Thread added: 0x0000013b8ab24eb0
Event: 8.915 Thread 0x0000013b8ab23470 Thread added: 0x0000013b8ab25bd0
Event: 8.995 Thread 0x0000013b8ab20680 Thread added: 0x0000013b8ab268f0
Event: 8.996 Thread 0x0000013b814baac0 Thread added: 0x0000013b8ab24190
Event: 9.000 Thread 0x0000013b8ab25bd0 Thread added: 0x0000013b8a232c60
Event: 9.000 Thread 0x0000013b8ab23470 Thread added: 0x0000013b8a2325d0
Event: 9.001 Thread 0x0000013b8ab213a0 Thread added: 0x0000013b8a234010
Event: 9.001 Thread 0x0000013b814bcb90 Thread added: 0x0000013b8a2332f0
Event: 9.002 Thread 0x0000013b8ab22750 Thread added: 0x0000013b8a233980
Event: 9.003 Thread 0x0000013b8ab24eb0 Thread added: 0x0000013b8a2346a0
Event: 9.003 Thread 0x0000013b8ab268f0 Thread added: 0x0000013b8a234d30
Event: 9.034 Thread 0x0000013b8ab1f960 Thread added: 0x0000013b8a2318b0
Event: 9.036 Thread 0x0000013b88453040 Thread added: 0x0000013b8a2353c0
Event: 9.037 Thread 0x0000013b8ab20680 Thread added: 0x0000013b8a231f40
Event: 9.038 Thread 0x0000013b8ab22de0 Thread added: 0x0000013b8a238840
Event: 9.039 Thread 0x0000013b8ab220c0 Thread added: 0x0000013b8a2360e0
Event: 9.041 Thread 0x0000013b8ab25540 Thread added: 0x0000013b8a237b20


Dynamic libraries:
0x00007ff799dd0000 - 0x00007ff799de0000 	C:\Program Files\Java\jdk-23\bin\java.exe
0x00007ff818360000 - 0x00007ff8185c7000 	C:\WINDOWS\SYSTEM32\ntdll.dll
0x00007ff816190000 - 0x00007ff816259000 	C:\WINDOWS\System32\KERNEL32.DLL
0x00007ff814d10000 - 0x00007ff815104000 	C:\WINDOWS\System32\KERNELBASE.dll
0x00007ff815dc0000 - 0x00007ff815f0b000 	C:\WINDOWS\System32\ucrtbase.dll
0x00007ffffd1c0000 - 0x00007ffffd1d7000 	C:\Program Files\Java\jdk-23\bin\jli.dll
0x00007ffffd180000 - 0x00007ffffd19b000 	C:\Program Files\Java\jdk-23\bin\VCRUNTIME140.dll
0x00007ff816b60000 - 0x00007ff816d25000 	C:\WINDOWS\System32\USER32.dll
0x00007ff814c30000 - 0x00007ff814c57000 	C:\WINDOWS\System32\win32u.dll
0x00007ffff8e90000 - 0x00007ffff9123000 	C:\WINDOWS\WinSxS\amd64_microsoft.windows.common-controls_6595b64144ccf1df_6.0.26100.8115_none_3e075c82e3354f9c\COMCTL32.dll
0x00007ff8182a0000 - 0x00007ff8182cb000 	C:\WINDOWS\System32\GDI32.dll
0x00007ff815fc0000 - 0x00007ff8160eb000 	C:\WINDOWS\System32\gdi32full.dll
0x00007ff818150000 - 0x00007ff8181f9000 	C:\WINDOWS\System32\msvcrt.dll
0x00007ff815f10000 - 0x00007ff815fb3000 	C:\WINDOWS\System32\msvcp_win.dll
0x00007ff8182e0000 - 0x00007ff818312000 	C:\WINDOWS\System32\IMM32.DLL
0x00007ff811c90000 - 0x00007ff811c9c000 	C:\Program Files\Java\jdk-23\bin\vcruntime140_1.dll
0x00007ffff9ba0000 - 0x00007ffff9c2e000 	C:\Program Files\Java\jdk-23\bin\msvcp140.dll
0x00007fff4f2a0000 - 0x00007fff4fff0000 	C:\Program Files\Java\jdk-23\bin\server\jvm.dll
0x00007ff816a40000 - 0x00007ff816af6000 	C:\WINDOWS\System32\ADVAPI32.dll
0x00007ff816fb0000 - 0x00007ff817057000 	C:\WINDOWS\System32\sechost.dll
0x00007ff816db0000 - 0x00007ff816ec8000 	C:\WINDOWS\System32\RPCRT4.dll
0x00007ff818200000 - 0x00007ff818280000 	C:\WINDOWS\System32\WS2_32.dll
0x00007ff814a90000 - 0x00007ff814aee000 	C:\WINDOWS\SYSTEM32\POWRPROF.dll
0x00007ffff9510000 - 0x00007ffff951b000 	C:\WINDOWS\SYSTEM32\VERSION.dll
0x00007ff811e60000 - 0x00007ff811e96000 	C:\WINDOWS\SYSTEM32\WINMM.dll
0x00007ff814a70000 - 0x00007ff814a84000 	C:\WINDOWS\SYSTEM32\UMPDC.dll
0x00007ff8139c0000 - 0x00007ff8139db000 	C:\WINDOWS\SYSTEM32\kernel.appcore.dll
0x00007ff80e5f0000 - 0x00007ff80e5fa000 	C:\Program Files\Java\jdk-23\bin\jimage.dll
0x00007ff8125e0000 - 0x00007ff812822000 	C:\WINDOWS\SYSTEM32\DBGHELP.DLL
0x00007ff8171c0000 - 0x00007ff817542000 	C:\WINDOWS\System32\combase.dll
0x00007ff816ed0000 - 0x00007ff816fa8000 	C:\WINDOWS\System32\OLEAUT32.dll
0x00007ff811e20000 - 0x00007ff811e5b000 	C:\WINDOWS\SYSTEM32\dbgcore.DLL
0x00007ff814c60000 - 0x00007ff814d05000 	C:\WINDOWS\System32\bcryptPrimitives.dll
0x00007ffffc400000 - 0x00007ffffc41e000 	C:\Program Files\Java\jdk-23\bin\java.dll
0x00007ff816410000 - 0x00007ff8165a7000 	C:\WINDOWS\System32\ole32.dll
0x00007ff817800000 - 0x00007ff817f67000 	C:\WINDOWS\System32\SHELL32.dll
0x00007ff815260000 - 0x00007ff8153ca000 	C:\WINDOWS\System32\wintypes.dll
0x00007ff815550000 - 0x00007ff815db8000 	C:\WINDOWS\System32\windows.storage.dll
0x00007ff817600000 - 0x00007ff8176f8000 	C:\WINDOWS\System32\SHCORE.dll
0x00007ff8160f0000 - 0x00007ff816156000 	C:\WINDOWS\System32\shlwapi.dll
0x00007ff814b50000 - 0x00007ff814b79000 	C:\WINDOWS\SYSTEM32\profapi.dll
0x00007ffff5f40000 - 0x00007ffff6017000 	C:\Program Files\Java\jdk-23\bin\jsvml.dll
0x00007ff80e530000 - 0x00007ff80e540000 	C:\Program Files\Java\jdk-23\bin\net.dll
0x00007ff813f30000 - 0x00007ff813f9c000 	C:\WINDOWS\system32\mswsock.dll
0x00007ffffc1e0000 - 0x00007ffffc1f6000 	C:\Program Files\Java\jdk-23\bin\nio.dll
0x00007ffffbae0000 - 0x00007ffffbaf7000 	C:\Program Files\Java\jdk-23\bin\zip.dll
0x00007ff80a500000 - 0x00007ff80a509000 	C:\Program Files\Java\jdk-23\bin\syslookup.dll
0x00007ff814210000 - 0x00007ff81422b000 	C:\WINDOWS\SYSTEM32\CRYPTSP.dll
0x00007ff813920000 - 0x00007ff813959000 	C:\WINDOWS\system32\rsaenh.dll
0x00007ff813fe0000 - 0x00007ff814013000 	C:\WINDOWS\SYSTEM32\USERENV.dll
0x00007ff814b20000 - 0x00007ff814b4a000 	C:\WINDOWS\SYSTEM32\bcrypt.dll
0x00007ff814230000 - 0x00007ff81423c000 	C:\WINDOWS\SYSTEM32\CRYPTBASE.dll
0x00007ff813430000 - 0x00007ff813462000 	C:\WINDOWS\SYSTEM32\IPHLPAPI.DLL
0x00007ff8182d0000 - 0x00007ff8182da000 	C:\WINDOWS\System32\NSI.dll
0x00007ffffb800000 - 0x00007ffffb826000 	C:\Users\weron\AppData\Local\Temp\csjniutils-0.3.34267742000910806708.dll
0x00007ff800080000 - 0x00007ff80008a000 	C:\Program Files\Java\jdk-23\bin\management.dll
0x00007fffffb10000 - 0x00007fffffb1b000 	C:\Program Files\Java\jdk-23\bin\management_ext.dll
0x00007ff818290000 - 0x00007ff818298000 	C:\WINDOWS\System32\PSAPI.DLL
0x00007ff813470000 - 0x00007ff8135a2000 	C:\WINDOWS\SYSTEM32\DNSAPI.dll
0x00007ff8087b0000 - 0x00007ff8087bb000 	C:\Windows\System32\rasadhlp.dll
0x00007ff80b8d0000 - 0x00007ff80b956000 	C:\WINDOWS\System32\fwpuclnt.dll
0x00007fffff5c0000 - 0x00007fffff5c9000 	C:\Program Files\Java\jdk-23\bin\extnet.dll

dbghelp: loaded successfully - version: 4.0.5 - missing functions: none
symbol engine: initialized successfully - sym options: 0x614 - pdb path: .;C:\Program Files\Java\jdk-23\bin;C:\WINDOWS\SYSTEM32;C:\WINDOWS\WinSxS\amd64_microsoft.windows.common-controls_6595b64144ccf1df_6.0.26100.8115_none_3e075c82e3354f9c;C:\Program Files\Java\jdk-23\bin\server;C:\Users\weron\AppData\Local\Temp

VM Arguments:
jvm_args: -Xss4m -Xms100m -Dmetals.client=vscode -Xmx2G -XX:+UseZGC -XX:ZUncommitDelay=30 -XX:ZCollectionInterval=5 -XX:+IgnoreUnrecognizedVMOptions 
java_command: scala.meta.metals.Main
java_class_path (initial): C:\Users\weron\AppData\Local\Coursier\cache\v1\https\repo1.maven.org\maven2\org\scalameta\metals_2.13\1.6.7\metals_2.13-1.6.7.jar;C:\Users\weron\AppData\Local\Coursier\cache\v1\https\repo1.maven.org\maven2\org\scala-lang\scala-library\2.13.18\scala-library-2.13.18.jar;C:\Users\weron\AppData\Local\Coursier\cache\v1\https\repo1.maven.org\maven2\org\scalameta\mtags_2.13.18\1.6.7\mtags_2.13.18-1.6.7.jar;C:\Users\weron\AppData\Local\Coursier\cache\v1\https\repo1.maven.org\maven2\org\scalameta\mtags-java_2.13\1.6.7\mtags-java_2.13-1.6.7.jar;C:\Users\weron\AppData\Local\Coursier\cache\v1\https\repo1.maven.org\maven2\org\eclipse\jdt\org.eclipse.jdt.core\3.25.0\org.eclipse.jdt.core-3.25.0.jar;C:\Users\weron\AppData\Local\Coursier\cache\v1\https\repo1.maven.org\maven2\org\eclipse\platform\org.eclipse.ant.core\3.5.500\org.eclipse.ant.core-3.5.500.jar;C:\Users\weron\AppData\Local\Coursier\cache\v1\https\repo1.maven.org\maven2\org\eclipse\platform\org.eclipse.compare.core\3.6.600\org.eclipse.compare.core-3.6.600.jar;C:\Users\weron\AppData\Local\Coursier\cache\v1\https\repo1.maven.org\maven2\org\eclipse\platform\org.eclipse.core.commands\3.9.500\org.eclipse.core.commands-3.9.500.jar;C:\Users\weron\AppData\Local\Coursier\cache\v1\https\repo1.maven.org\maven2\org\eclipse\platform\org.eclipse.core.contenttype\3.7.500\org.eclipse.core.contenttype-3.7.500.jar;C:\Users\weron\AppData\Local\Coursier\cache\v1\https\repo1.maven.org\maven2\org\eclipse\platform\org.eclipse.core.expressions\3.6.500\org.eclipse.core.expressions-3.6.500.jar;C:\Users\weron\AppData\Local\Coursier\cache\v1\https\repo1.maven.org\maven2\org\eclipse\platform\org.eclipse.core.filesystem\1.7.500\org.eclipse.core.filesystem-1.7.500.jar;C:\Users\weron\AppData\Local\Coursier\cache\v1\https\repo1.maven.org\maven2\org\eclipse\platform\org.eclipse.core.jobs\3.10.500\org.eclipse.core.jobs-3.10.500.jar;C:\Users\weron\AppData\Local\Coursier\cache\v1\https\repo1.maven.org\maven2\org\eclipse\platform\org.eclipse.core.resources\3.13.500\org.eclipse.core.resources-3.13.500.jar;C:\Users\weron\AppData\Local\Coursier\cache\v1\https\repo1.maven.org\maven2\org\eclipse\platform\org.eclipse.core.runtime\3.16.0\org.eclipse.core.runtime-3.16.0.jar;C:\Users\weron\AppData\Local\Coursier\cache\v1\https\repo1.maven.org\maven2\org\eclipse\platform\org.eclipse.core.variables\3.4.600\org.eclipse.core.variables-3.4.600.jar;C:\Users\weron\AppData\Local\Coursier\cache\v1\https\repo1.maven.org\maven2\org\eclipse\platform\org.eclipse.equinox.app\1.4.300\org.eclipse.equinox.app-1.4.300.jar;C:\Users\weron\AppData\Local\Coursier\cache\v1\https\repo1.maven.org\maven2\org\eclipse\platform\org.eclipse.equinox.common\3.10.600\org.eclipse.equinox.common-3.10.600.jar;C:\Users\weron\AppData\Local\Coursier\cache\v1\https\repo1.maven.org\maven2\org\eclipse\platform\org.eclipse.equinox.preferences\3.7.600\org.eclipse.equinox.preferences-3.7.600.jar;C:\Users\weron\AppData\Local\Coursier\cache\v1\https\repo1.maven.org\maven2\org\eclipse\platform\org.eclipse.equinox.registry\3.8.600\org.eclipse.equinox.registry-3.8.600.jar;C:\Users\weron\AppData\Local\Coursier\cache\v1\https\repo1.maven.org\maven2\org\eclipse\platform\org.eclipse.osgi\3.15.0\org.eclipse.osgi-3.15.0.jar;C:\Users\weron\AppData\Local\Coursier\cache\v1\https\repo1.maven.org\maven2\org\eclipse\platform\org.eclipse.team.core\3.8.700\org.eclipse.team.core-3.8.700.jar;C:\Users\weron\AppData\Local\Coursier\cache\v1\https\repo1.maven.org\maven2\org\eclipse\platform\org.eclipse.text\3.9.0\org.eclipse.text-3.9.0.jar;C:\Users\weron\AppData\Local\Coursier\cache\v1\https\repo1.maven.org\maven2\com\google\guava\guava\33.5.0-jre\guava-33.5.0-jre.jar;C:\Users\weron\AppData\Local\Coursier\cache\v1\https\repo1.maven.org\maven2\com\google\code\findbugs\jsr305\3.0.2\jsr305-3.0.2.jar;C:\Users\weron\AppData\Local\Coursier\cache\v1\https\repo1.maven.org\maven2\org\scalameta\metaconfig-core_2.13\0.18.2\metaconfig-core_2.13-0.18.2.jar;C:\Users\weron\AppData\Local\Coursier\cache\v1\https\repo1.maven.org\maven2\org\openjdk\jol\jol-core\0.17\jol-core-0.17.jar;C:\Users\weron\AppData\Local\Coursier\cache\v1\https\repo1.maven.org\maven2\com\swoval\file-tree-views\2.1.12\file-tree-views-2.1.12.jar;C:\Users\weron\AppData\Local\Coursier\cache\v1\https\repo1.maven.org\maven2\io\undertow\undertow-core\2.3.12.Final\undertow-core-2.3.12.Final.jar;C:\Users\weron\AppData\Local\Coursier\cache\v1\https\repo1.maven.org\maven2\org\jboss\xnio\xnio-nio\3.8.17.Final\xnio-nio-3.8.17.Final.jar;C:\Users\weron\AppData\Local\Coursier\cache\v1\https\repo1.maven.org\maven2\org\flywaydb\flyway-core\12.0.3\flyway-core-12.0.3.jar;C:\Users\weron\AppData\Local\Coursier\cache\v1\https\repo1.maven.org\maven2\com\h2database\h2\2.4.240\h2-2.4.240.jar;C:\Users\weron\AppData\Local\Coursier\cache\v1\https\repo1.maven.org\maven2\org\scala-sbt\ipcsocket\ipcsocket\1.6.3\ipcsocket-1.6.3.jar;C:\Users\weron\AppData\Local\Coursier\cache\v1\https\repo1.maven.org\maven2\ch\epfl\scala\bsp4j\2.2.0-M2\bsp4j-2.2.0-M2.jar;C:\Users\weron\AppData\Local\Coursier\cache\v1\https\repo1.maven.org\maven2\ch\epfl\scala\bloop-rifle_2.13\2.0.19\bloop-rifle_2.13-2.0.19.jar;C:\Users\weron\AppData\Local\Coursier\cache\v1\https\repo1.maven.org\maven2\org\eclipse\lsp4j\org.eclipse.lsp4j\1.0.0\org.eclipse.lsp4j-1.0.0.jar;C:\Users\weron\AppData\Local\Coursier\cache\v1\https\repo1.maven.org\maven2\org\eclipse\lsp4j\org.eclipse.lsp4j.debug\1.0.0\org.eclipse.lsp4j.debug-1.0.0.jar;C:\Users\weron\AppData\Local\Coursier\cache\v1\https\repo1.maven.org\maven2\ch\epfl\scala\scala-debug-adapter_2.13\4.2.8\scala-debug-adapter_2.13-4.2.8.jar;C:\Users\weron\AppData\Local\Coursier\cache\v1\https\repo1.maven.org\maven2\io\get-coursier\util\directories\0.1.4\directories-0.1.4.jar;C:\Users\weron\AppData\Local\Coursier\cache\v1\https\repo1.maven.org\maven2\io\get-coursier\util\directories-jni\0.1.4\directories-jni-0.1.4.jar;C:\Users\weron\AppData\Local\Coursier\cache\v1\https\repo1.maven.org\maven2\org\scalameta\mdoc-interfaces\2.8.2\mdoc-interfaces-2.8.2.jar;C:\Users\weron\AppData\Local\Coursier\cache\v1\https\repo1.maven.org\maven2\org\scalameta\scalafmt-dynamic_2.13\3.10.7\scalafmt-dynamic_2.13-3.10.7.jar;C:\Users\weron\AppData\Local\Coursier\cache\v1\https\repo1.maven.org\maven2\ch\epfl\scala\scalafix-interfaces\0.14.6\scalafix-interfaces-0.14.6.jar;C:\Users\weron\AppData\Local\Coursier\cache\v1\https\repo1.maven.org\maven2\io\get-coursier\interface\1.0.29-M2\interface-1.0.29-M2.jar;C:\Users\weron\AppData\Local\Coursier\cache\v1\https\repo1.maven.org\maven2\io\get-coursier\coursier_2.13\2.1.25-M23\coursier_2.13-2.1.25-M23.jar;C:\Users\weron\AppData\Local\Coursier\cache\v1\https\repo1.maven.org\maven2\io\get-coursier\coursier-sbt-maven-repository_2.13\2.1.25-M23\coursier-sbt-maven-repository_2.13-2.1.25-M23.jar;C:\Users\weron\AppData\Local\Coursier\cache\v1\https\repo1.maven.org\maven2\com\outr\scribe_2.13\3.18.0\scribe_2.13-3.18.0.jar;C:\Users\weron\AppData\Local\Coursier\cache\v1\https\repo1.maven.org\maven2\com\outr\scribe-file_2.13\3.18.0\scribe-file_2.13-3.18.0.jar;C:\Users\weron\AppData\Local\Coursier\cache\v1\https\repo1.maven.org\maven2\com\outr\scribe-slf4j2_2.13\3.18.0\scribe-slf4j2_2.13-3.18.0.jar;C:\Users\weron\AppData\Local\Coursier\cache\v1\https\repo1.maven.org\maven2\com\lihaoyi\ujson_2.13\4.4.3\ujson_2.13-4.4.3.jar;C:\Users\weron\AppData\Local\Coursier\cache\v1\https\repo1.maven.org\maven2\com\lihaoyi\requests_2.13\0.9.3\requests_2.13-0.9.3.jar;C:\Users\weron\AppData\Local\Coursier\cache\v1\https\repo1.maven.org\maven2\org\scalameta\scalameta_2.13\4.15.2\scalameta_2.13-4.15.2.jar;C:\Users\weron\AppData\Local\Coursier\cache\v1\https\repo1.maven.org\maven2\org\scalameta\semanticdb-metap_2.13.18\4.15.2\semanticdb-metap_2.13.18-4.15.2.jar;C:\Users\weron\AppData\Local\Coursier\cache\v1\https\repo1.maven.org\maven2\org\scalameta\semanticdb-shared_2.13\4.15.2\semanticdb-shared_2.13-4.15.2.jar;C:\Users\weron\AppData\Local\Coursier\cache\v1\https\repo1.maven.org\maven2\org\scala-lang\modules\scala-xml_2.13\2.4.0\scala-xml_2.13-2.4.0.jar;C:\Users\weron\AppData\Local\Coursier\cache\v1\https\repo1.maven.org\maven2\org\virtuslab\scala-cli\scala-cli-bsp\1.12.4\scala-cli-bsp-1.12.4.jar;C:\Users\weron\AppData\Local\Coursier\cache\v1\https\repo1.maven.org\maven2\ch\epfl\scala\bloop-config_2.13\2.3.3\bloop-config_2.13-2.3.3.jar;C:\Users\weron\AppData\Local\Coursier\cache\v1\https\repo1.maven.org\maven2\io\modelcontextprotocol\sdk\mcp\1.0.0\mcp-1.0.0.jar;C:\Users\weron\AppData\Local\Coursier\cache\v1\https\repo1.maven.org\maven2\io\modelcontextprotocol\sdk\mcp-json-jackson2\1.0.0\mcp-json-jackson2-1.0.0.jar;C:\Users\weron\AppData\Local\Coursier\cache\v1\https\repo1.maven.org\maven2\com\fasterxml\jackson\core\jackson-databind\2.21.1\jackson-databind-2.21.1.jar;C:\Users\weron\AppData\Local\Coursier\cache\v1\https\repo1.maven.org\maven2\io\undertow\undertow-servlet\2.3.12.Final\undertow-servlet-2.3.12.Final.jar;C:\Users\weron\AppData\Local\Coursier\cache\v1\https\repo1.maven.org\maven2\org\playframework\twirl\twirl-compiler_2.13\2.0.9\twirl-compiler_2.13-2.0.9.jar;C:\Users\weron\AppData\Local\Coursier\cache\v1\https\repo1.maven.org\maven2\org\scalameta\mtags-shared_2.13.18\1.6.7\mtags-shared_2.13.18-1.6.7.jar;C:\Users\weron\AppData\Local\Coursier\cache\v1\https\repo1.maven.org\maven2\com\lihaoyi\geny_2.13\1.1.1\geny_2.13-1.1.1.jar;C:\Users\weron\AppData\Local\Coursier\cache\v1\https\repo1.maven.org\maven2\com\thoughtworks\qdox\qdox\2.2.0\qdox-2.2.0.jar;C:\Users\weron\AppData\Local\Coursier\cache\v1\https\repo1.maven.org\maven2\org\scala-lang\modules\scala-java8-compat_2.13\1.0.2\scala-java8-compat_2.13-1.0.2.jar;C:\Users\weron\AppData\Local\Coursier\cache\v1\https\repo1.maven.org\maven2\org\jsoup\jsoup\1.22.1\jsoup-1.22.1.jar;C:\Users\weron\AppData\Local\Coursier\cache\v1\https\repo1.maven.org\maven2\com\googlecode\java-diff-utils\diffutils\1.3.0\diffutils-1.3.0.jar;C:\Users\weron\AppData\Local\Coursier\cache\v1\https\repo1.maven.org\maven2\org\scalameta\semanticdb-scalac-core_2.13.18\4.15.2\semanticdb-scalac-core_2.13.18-4.15.2.jar;C:\Users\weron\AppData\Local\Coursier\cache\v1\https\repo1.maven.org\maven2\org\scalameta\mtags-interfaces\1.6.7\mtags-interfaces-1.6.7.jar;C:\Users\weron\AppData\Local\Coursier\cache\v1\https\repo1.maven.org\maven2\com\google\guava\failureaccess\1.0.3\failureaccess-1.0.3.jar;C:\Users\weron\AppData\Local\Coursier\cache\v1\https\repo1.maven.org\maven2\com\google\guava\listenablefuture\9999.0-empty-to-avoid-conflict-with-guava\listenablefuture-9999.0-empty-to-avoid-conflict-with-guava.jar;C:\Users\weron\AppData\Local\Coursier\cache\v1\https\repo1.maven.org\maven2\org\jspecify\jspecify\1.0.0\jspecify-1.0.0.jar;C:\Users\weron\AppData\Local\Coursier\cache\v1\https\repo1.maven.org\maven2\com\google\errorprone\error_prone_annotations\2.41.0\error_prone_annotations-2.41.0.jar;C:\Users\weron\AppData\Local\Coursier\cache\v1\https\repo1.maven.org\maven2\com\google\j2objc\j2objc-annotations\3.1\j2objc-annotations-3.1.jar;C:\Users\weron\AppData\Local\Coursier\cache\v1\https\repo1.maven.org\maven2\org\scalameta\metaconfig-pprint_2.13\0.18.2\metaconfig-pprint_2.13-0.18.2.jar;C:\Users\weron\AppData\Local\Coursier\cache\v1\https\repo1.maven.org\maven2\org\typelevel\paiges-core_2.13\0.4.4\paiges-core_2.13-0.4.4.jar;C:\Users\weron\AppData\Local\Coursier\cache\v1\https\repo1.maven.org\maven2\org\scala-lang\modules\scala-collection-compat_2.13\2.14.0\scala-collection-compat_2.13-2.14.0.jar;C:\Users\weron\AppData\Local\Coursier\cache\v1\https\repo1.maven.org\maven2\org\scala-lang\scala-reflect\2.13.18\scala-reflect-2.13.18.jar;C:\Users\weron\AppData\Local\Coursier\cache\v1\https\repo1.maven.org\maven2\org\jboss\logging\jboss-logging\3.4.3.Final\jboss-logging-3.4.3.Final.jar;C:\Users\weron\AppData\Local\Coursier\cache\v1\https\repo1.maven.org\maven2\org\jboss\xnio\xnio-api\3.8.17.Final\xnio-api-3.8.17.Final.jar;C:\Users\weron\AppData\Local\Coursier\cache\v1\https\repo1.maven.org\maven2\org\jboss\threads\jboss-threads\3.5.0.Final\jboss-threads-3.5.0.Final.jar;C:\Users\weron\AppData\Local\Coursier\cache\v1\https\repo1.maven.org\maven2\tools\jackson\core\jackson-databind\3.0.4\jackson-databind-3.0.4.jar;C:\Users\weron\AppData\Local\Coursier\cache\v1\https\repo1.maven.org\maven2\net\java\dev\jna\jna\5.12.0\jna-5.12.0.jar;C:\Users\weron\AppData\Local\Coursier\cache\v1\https\repo1.maven.org\maven2\net\java\dev\jna\jna-platform\5.12.0\jna-platform-5.12.0.jar;C:\Users\weron\AppData\Local\Coursier\cache\v1\https\repo1.maven.org\maven2\org\eclipse\lsp4j\org.eclipse.lsp4j.generator\0.20.1\org.eclipse.lsp4j.generator-0.20.1.jar;C:\Users\weron\AppData\Local\Coursier\cache\v1\https\repo1.maven.org\maven2\org\eclipse\lsp4j\org.eclipse.lsp4j.jsonrpc\1.0.0\org.eclipse.lsp4j.jsonrpc-1.0.0.jar;C:\Users\weron\AppData\Local\Coursier\cache\v1\https\repo1.maven.org\maven2\ch\epfl\scala\libdaemon_2.13\0.0.12\libdaemon_2.13-0.0.12.jar;C:\Users\weron\AppData\Local\Coursier\cache\v1\https\repo1.maven.org\maven2\io\github\alexarchambault\scala-cli\snailgun\snailgun-core_2.13\0.4.1-sc2\snailgun-core_2.13-0.4.1-sc2.jar;C:\Users\weron\AppData\Local\Coursier\cache\v1\https\repo1.maven.org\maven2\org\eclipse\lsp4j\org.eclipse.lsp4j.jsonrpc.debug\1.0.0\org.eclipse.lsp4j.jsonrpc.debug-1.0.0.jar;C:\Users\weron\AppData\Local\Coursier\cache\v1\https\repo1.maven.org\maven2\ch\epfl\scala\com-microsoft-java-debug-core\0.34.0%2B39\com-microsoft-java-debug-core-0.34.0%2B39.jar;C:\Users\weron\AppData\Local\Coursier\cache\v1\https\repo1.maven.org\maven2\org\ow2\asm\asm\9.8\asm-9.8.jar;C:\Users\weron\AppData\Local\Coursier\cache\v1\https\repo1.maven.org\maven2\org\ow2\asm\asm-util\9.8\asm-util-9.8.jar;C:\Users\weron\AppData\Local\Coursier\cache\v1\https\repo1.maven.org\maven2\org\scala-sbt\test-agent\1.11.2\test-agent-1.11.2.jar;C:\Users\weron\AppData\Local\Coursier\cache\v1\https\repo1.maven.org\maven2\org\scalameta\parsers_2.13\4.15.2\parsers_2.13-4.15.2.jar;C:\Users\weron\AppData\Local\Coursier\cache\v1\https\repo1.maven.org\maven2\org\scala-lang\modules\scala-parallel-collections_2.13\1.2.0\scala-parallel-collections_2.13-1.2.0.jar;C:\Users\weron\AppData\Local\Coursier\cache\v1\https\repo1.maven.org\maven2\io\get-coursier\jniutils\windows-jni-utils\0.3.3\windows-jni-utils-0.3.3.jar;C:\Users\weron\AppData\Local\Coursier\cache\v1\https\repo1.maven.org\maven2\org\scalameta\scalafmt-interfaces\3.10.7\scalafmt-interfaces-3.10.7.jar;C:\Users\weron\AppData\Local\Coursier\cache\v1\https\repo1.maven.org\maven2\org\scalameta\scalafmt-sysops_2.13\3.10.7\scalafmt-sysops_2.13-3.10.7.jar;C:\Users\weron\AppData\Local\Coursier\cache\v1\https\repo1.maven.org\maven2\com\typesafe\config\1.4.5\config-1.4.5.jar;C:\Users\weron\AppData\Local\Coursier\cache\v1\https\repo1.maven.org\maven2\org\slf4j\slf4j-api\2.0.17\slf4j-api-2.0.17.jar;C:\Users\weron\AppData\Local\Coursier\cache\v1\https\repo1.maven.org\maven2\io\get-coursier\dependency_2.13\0.3.2\dependency_2.13-0.3.2.jar;C:\Users\weron\AppData\Local\Coursier\cache\v1\https\repo1.maven.org\maven2\com\github\plokhotnyuk\jsoniter-scala\jsoniter-scala-core_2.13\2.13.5.2\jsoniter-scala-core_2.13-2.13.5.2.jar;C:\Users\weron\AppData\Local\Coursier\cache\v1\https\repo1.maven.org\maven2\io\get-coursier\coursier-core_2.13\2.1.25-M23\coursier-core_2.13-2.1.25-M23.jar;C:\Users\weron\AppData\Local\Coursier\cache\v1\https\repo1.maven.org\maven2\io\get-coursier\coursier-cache_2.13\2.1.25-M23\coursier-cache_2.13-2.1.25-M23.jar;C:\Users\weron\AppData\Local\Coursier\cache\v1\https\repo1.maven.org\maven2\io\get-coursier\coursier-proxy-setup\2.1.25-M23\coursier-proxy-setup-2.1.25-M23.jar;C:\Users\weron\AppData\Local\Coursier\cache\v1\https\repo1.maven.org\maven2\com\outr\perfolation_2.13\1.3.0\perfolation_2.13-1.3.0.jar;C:\Users\weron\AppData\Local\Coursier\cache\v1\https\repo1.maven.org\maven2\com\lihaoyi\sourcecode_2.13\0.4.4\sourcecode_2.13-0.4.4.jar;C:\Users\weron\AppData\Local\Coursier\cache\v1\https\repo1.maven.org\maven2\com\outr\moduload_2.13\1.1.7\moduload_2.13-1.1.7.jar;C:\Users\weron\AppData\Local\Coursier\cache\v1\https\repo1.maven.org\maven2\com\lihaoyi\upickle-core_2.13\4.4.3\upickle-core_2.13-4.4.3.jar;C:\Users\weron\AppData\Local\Coursier\cache\v1\https\repo1.maven.org\maven2\org\scala-lang\scalap\2.13.15\scalap-2.13.15.jar;C:\Users\weron\AppData\Local\Coursier\cache\v1\https\repo1.maven.org\maven2\com\thesamet\scalapb\scalapb-runtime_2.13\0.11.17\scalapb-runtime_2.13-0.11.17.jar;C:\Users\weron\AppData\Local\Coursier\cache\v1\https\repo1.maven.org\maven2\com\lihaoyi\unroll-annotation_2.13\0.1.12\unroll-annotation_2.13-0.1.12.jar;C:\Users\weron\AppData\Local\Coursier\cache\v1\https\repo1.maven.org\maven2\io\modelcontextprotocol\sdk\mcp-json-jackson3\1.0.0\mcp-json-jackson3-1.0.0.jar;C:\Users\weron\AppData\Local\Coursier\cache\v1\https\repo1.maven.org\maven2\io\modelcontextprotocol\sdk\mcp-core\1.0.0\mcp-core-1.0.0.jar;C:\Users\weron\AppData\Local\Coursier\cache\v1\https\repo1.maven.org\maven2\com\networknt\json-schema-validator\3.0.0\json-schema-validator-3.0.0.jar;C:\Users\weron\AppData\Local\Coursier\cache\v1\https\repo1.maven.org\maven2\com\fasterxml\jackson\core\jackson-annotations\2.21\jackson-annotations-2.21.jar;C:\Users\weron\AppData\Local\Coursier\cache\v1\https\repo1.maven.org\maven2\com\fasterxml\jackson\core\jackson-core\2.21.1\jackson-core-2.21.1.jar;C:\Users\weron\AppData\Local\Coursier\cache\v1\https\repo1.maven.org\maven2\jakarta\servlet\jakarta.servlet-api\6.0.0\jakarta.servlet-api-6.0.0.jar;C:\Users\weron\AppData\Local\Coursier\cache\v1\https\repo1.maven.org\maven2\jakarta\annotation\jakarta.annotation-api\2.1.1\jakarta.annotation-api-2.1.1.jar;C:\Users\weron\AppData\Local\Coursier\cache\v1\https\repo1.maven.org\maven2\org\playframework\twirl\twirl-parser_2.13\2.0.9\twirl-parser_2.13-2.0.9.jar;C:\Users\weron\AppData\Local\Coursier\cache\v1\https\repo1.maven.org\maven2\org\scala-lang\modules\scala-parser-combinators_2.13\1.1.2\scala-parser-combinators_2.13-1.1.2.jar;C:\Users\weron\AppData\Local\Coursier\cache\v1\https\repo1.maven.org\maven2\com\google\protobuf\protobuf-java\4.34.0\protobuf-java-4.34.0.jar;C:\Users\weron\AppData\Local\Coursier\cache\v1\https\repo1.maven.org\maven2\at\yawk\lz4\lz4-java\1.8.1\lz4-java-1.8.1.jar;C:\Users\weron\AppData\Local\Coursier\cache\v1\https\repo1.maven.org\maven2\org\scala-lang\scala-compiler\2.13.18\scala-compiler-2.13.18.jar;C:\Users\weron\AppData\Local\Coursier\cache\v1\https\repo1.maven.org\maven2\org\scalameta\io_2.13\4.15.2\io_2.13-4.15.2.jar;C:\Users\weron\AppData\Local\Coursier\cache\v1\https\repo1.maven.org\maven2\com\lihaoyi\fansi_2.13\0.5.1\fansi_2.13-0.5.1.jar;C:\Users\weron\AppData\Local\Coursier\cache\v1\https\repo1.maven.org\maven2\org\wildfly\common\wildfly-common\1.5.4.Final\wildfly-common-1.5.4.Final.jar;C:\Users\weron\AppData\Local\Coursier\cache\v1\https\repo1.maven.org\maven2\org\wildfly\client\wildfly-client-config\1.0.1.Final\wildfly-client-config-1.0.1.Final.jar;C:\Users\weron\AppData\Local\Coursier\cache\v1\https\repo1.maven.org\maven2\tools\jackson\core\jackson-core\3.0.4\jackson-core-3.0.4.jar;C:\Users\weron\AppData\Local\Coursier\cache\v1\https\repo1.maven.org\maven2\org\eclipse\xtend\org.eclipse.xtend.lib\2.28.0\org.eclipse.xtend.lib-2.28.0.jar;C:\Users\weron\AppData\Local\Coursier\cache\v1\https\repo1.maven.org\maven2\com\google\code\gson\gson\2.13.1\gson-2.13.1.jar;C:\Users\weron\AppData\Local\Coursier\cache\v1\https\repo1.maven.org\maven2\org\apache\commons\commons-lang3\3.17.0\commons-lang3-3.17.0.jar;C:\Users\weron\AppData\Local\Coursier\cache\v1\https\repo1.maven.org\maven2\io\reactivex\rxjava2\rxjava\2.2.21\rxjava-2.2.21.jar;C:\Users\weron\AppData\Local\Coursier\cache\v1\https\repo1.maven.org\maven2\org\reactivestreams\reactive-streams\1.0.4\reactive-streams-1.0.4.jar;C:\Users\weron\AppData\Local\Coursier\cache\v1\https\repo1.maven.org\maven2\commons-io\commons-io\2.19.0\commons-io-2.19.0.jar;C:\Users\weron\AppData\Local\Coursier\cache\v1\https\repo1.maven.org\maven2\org\ow2\asm\asm-tree\9.8\asm-tree-9.8.jar;C:\Users\weron\AppData\Local\Coursier\cache\v1\https\repo1.maven.org\maven2\org\ow2\asm\asm-analysis\9.8\asm-analysis-9.8.jar;C:\Users\weron\AppData\Local\Coursier\cache\v1\https\repo1.maven.org\maven2\org\scala-sbt\test-interface\1.0\test-interface-1.0.jar;C:\Users\weron\AppData\Local\Coursier\cache\v1\https\repo1.maven.org\maven2\org\scalameta\trees_2.13\4.15.2\trees_2.13-4.15.2.jar;C:\Users\weron\AppData\Local\Coursier\cache\v1\https\repo1.maven.org\maven2\io\get-coursier\versions_2.13\0.5.1\versions_2.13-0.5.1.jar;C:\Users\weron\AppData\Local\Coursier\cache\v1\https\repo1.maven.org\maven2\io\github\alexarchambault\concurrent-reference-hash-map\1.1.0\concurrent-reference-hash-map-1.1.0.jar;C:\Users\weron\AppData\Local\Coursier\cache\v1\https\repo1.maven.org\maven2\io\get-coursier\coursier-util_2.13\2.1.25-M23\coursier-util_2.13-2.1.25-M23.jar;C:\Users\weron\AppData\Local\Coursier\cache\v1\https\repo1.maven.org\maven2\org\virtuslab\scala-cli\config_3\1.9.1\config_3-1.9.1.jar;C:\Users\weron\AppData\Local\Coursier\cache\v1\https\repo1.maven.org\maven2\io\github\alexarchambault\windows-ansi\windows-ansi\0.0.6\windows-ansi-0.0.6.jar;C:\Users\weron\AppData\Local\Coursier\cache\v1\https\repo1.maven.org\maven2\io\get-coursier\cache-util\2.1.25-M23\cache-util-2.1.25-M23.jar;C:\Users\weron\AppData\Local\Coursier\cache\v1\https\repo1.maven.org\maven2\io\get-coursier\coursier-paths\2.1.25-M23\coursier-paths-2.1.25-M23.jar;C:\Users\weron\AppData\Local\Coursier\cache\v1\https\repo1.maven.org\maven2\io\github\cquiroz\scala-java-time_2.13\2.6.0\scala-java-time_2.13-2.6.0.jar;C:\Users\weron\AppData\Local\Coursier\cache\v1\https\repo1.maven.org\maven2\io\github\cquiroz\scala-java-time-tzdb_2.13\2.6.0\scala-java-time-tzdb_2.13-2.6.0.jar;C:\Users\weron\AppData\Local\Coursier\cache\v1\https\repo1.maven.org\maven2\com\thesamet\scalapb\lenses_2.13\0.11.17\lenses_2.13-0.11.17.jar;C:\Users\weron\AppData\Local\Coursier\cache\v1\https\repo1.maven.org\maven2\io\projectreactor\reactor-core\3.7.0\reactor-core-3.7.0.jar;C:\Users\weron\AppData\Local\Coursier\cache\v1\https\repo1.maven.org\maven2\com\ethlo\time\itu\1.14.0\itu-1.14.0.jar;C:\Users\weron\AppData\Local\Coursier\cache\v1\https\repo1.maven.org\maven2\tools\jackson\dataformat\jackson-dataformat-yaml\3.0.3\jackson-dataformat-yaml-3.0.3.jar;C:\Users\weron\AppData\Local\Coursier\cache\v1\https\repo1.maven.org\maven2\io\github\java-diff-utils\java-diff-utils\4.16\java-diff-utils-4.16.jar;C:\Users\weron\AppData\Local\Coursier\cache\v1\https\repo1.maven.org\maven2\org\jline\jline\3.29.0\jline-3.29.0-jdk8.jar;C:\Users\weron\AppData\Local\Coursier\cache\v1\https\repo1.maven.org\maven2\org\eclipse\xtext\org.eclipse.xtext.xbase.lib\2.28.0\org.eclipse.xtext.xbase.lib-2.28.0.jar;C:\Users\weron\AppData\Local\Coursier\cache\v1\https\repo1.maven.org\maven2\org\eclipse\xtend\org.eclipse.xtend.lib.macro\2.28.0\org.eclipse.xtend.lib.macro-2.28.0.jar;C:\Users\weron\AppData\Local\Coursier\cache\v1\https\repo1.maven.org\maven2\org\scalameta\common_2.13\4.15.2\common_2.13-4.15.2.jar;C:\Users\weron\AppData\Local\Coursier\cache\v1\https\repo1.maven.org\maven2\org\scala-lang\scala3-library_3\3.3.6\scala3-library_3-3.3.6.jar;C:\Users\weron\AppData\Local\Coursier\cache\v1\https\repo1.maven.org\maven2\org\virtuslab\scala-cli\specification-level_3\1.9.1\specification-level_3-1.9.1.jar;C:\Users\weron\AppData\Local\Coursier\cache\v1\https\repo1.maven.org\maven2\org\fusesource\jansi\jansi\2.4.1\jansi-2.4.1.jar;C:\Users\weron\AppData\Local\Coursier\cache\v1\https\repo1.maven.org\maven2\io\github\alexarchambault\is-terminal\0.1.2\is-terminal-0.1.2.jar;C:\Users\weron\AppData\Local\Coursier\cache\v1\https\repo1.maven.org\maven2\org\portable-scala\portable-scala-reflect_2.13\1.1.3\portable-scala-reflect_2.13-1.1.3.jar;C:\Users\weron\AppData\Local\Coursier\cache\v1\https\repo1.maven.org\maven2\org\snakeyaml\snakeyaml-engine\2.10\snakeyaml-engine-2.10.jar
Launcher Type: SUN_STANDARD

[Global flags]
     intx CICompilerCount                          = 12                                        {product} {ergonomic}
     bool IgnoreUnrecognizedVMOptions              = true                                      {product} {command line}
   size_t InitialHeapSize                          = 104857600                                 {product} {command line}
   size_t MaxHeapSize                              = 2147483648                                {product} {command line}
   size_t MinHeapDeltaBytes                        = 2097152                                   {product} {ergonomic}
   size_t MinHeapSize                              = 104857600                                 {product} {command line}
    uintx NonNMethodCodeHeapSize                   = 7602176                                {pd product} {ergonomic}
    uintx NonProfiledCodeHeapSize                  = 122093568                              {pd product} {ergonomic}
    uintx ProfiledCodeHeapSize                     = 121962496                              {pd product} {ergonomic}
    uintx ReservedCodeCacheSize                    = 251658240                              {pd product} {ergonomic}
     bool SegmentedCodeCache                       = true                                      {product} {ergonomic}
   size_t SoftMaxHeapSize                          = 2147483648                             {manageable} {ergonomic}
     intx ThreadStackSize                          = 4096                                   {pd product} {command line}
     bool UseCompressedOops                        = false                          {product lp64_product} {ergonomic}
     bool UseLargePagesIndividualAllocation        = false                                  {pd product} {ergonomic}
     bool UseZGC                                   = true                                      {product} {command line}
   double ZCollectionInterval                      = 5.000000                                  {product} {command line}
   double ZCollectionIntervalMajor                 = 5.000000                                  {product} {ergonomic}
    uintx ZUncommitDelay                           = 30                                        {product} {command line}

Logging:
Log output configuration:
 #0: stdout all=warning uptime,level,tags foldmultilines=false
 #1: stderr all=off uptime,level,tags foldmultilines=false

Environment Variables:
JAVA_HOME=C:\Program Files (x86)\jdk-23_windows-x64_bin.exe
PATH=C:\Program Files\Common Files\Oracle\Java\javapath;C:\Users\weron\AppData\Local\Programs\Python\Python313\Scripts\;C:\Users\weron\AppData\Local\Programs\Python\Python313\;C:\WINDOWS\system32;C:\WINDOWS;C:\WINDOWS\System32\Wbem;C:\WINDOWS\System32\WindowsPowerShell\v1.0\;C:\WINDOWS\System32\OpenSSH\;C:\Program Files\dotnet\;C:\Program Files\PuTTY\;C:\Program Files\nodejs\;C:\ProgramData\chocolatey\bin;C:\Program Files\Git\cmd;C:\Users\weron\AppData\Local\Programs\Microsoft VS Code\Code.exe;C:\Program Files (x86)\sbt\bin;C:\Program Files (x86)\jdk-23_windows-x64_bin.exe;C:\Program Files\Go\bin;C:\Users\weron\AppData\Local\Microsoft\WindowsApps;;C:\Users\weron\PyCharm Community Edition 2024.3\bin;;C:\Users\weron\AppData\Local\Programs\Microsoft VS Code\bin;C:\Users\weron\AppData\Roaming\npm;C:\Users\weron\AppData\Local\Coursier\data\bin;C:\Users\weron\go\bin
USERNAME=weron
OS=Windows_NT
PROCESSOR_IDENTIFIER=Intel64 Family 6 Model 154 Stepping 3, GenuineIntel
TMP=C:\Users\weron\AppData\Local\Temp
TEMP=C:\Users\weron\AppData\Local\Temp




Periodic native trim disabled

---------------  S Y S T E M  ---------------

OS:
 Windows 11 , 64 bit Build 26100 (10.0.26100.8246)
OS uptime: 32 days 5:31 hours
Hyper-V role detected

CPU: total 20 (initial active 20) (10 cores per cpu, 2 threads per core) family 6 model 154 stepping 3 microcode 0x435, cx8, cmov, fxsr, ht, mmx, 3dnowpref, sse, sse2, sse3, ssse3, sse4.1, sse4.2, popcnt, lzcnt, tsc, tscinvbit, avx, avx2, aes, erms, clmul, bmi1, bmi2, adx, sha, fma, vzeroupper, clflush, clflushopt, clwb, hv, serialize, rdtscp, rdpid, fsrm, gfni, f16c, cet_ibt, cet_ss
Processor Information for processor 0
  Max Mhz: 2300, Current Mhz: 2300, Mhz Limit: 2300
Processor Information for processor 1
  Max Mhz: 2300, Current Mhz: 2300, Mhz Limit: 2300
Processor Information for processor 2
  Max Mhz: 2300, Current Mhz: 2300, Mhz Limit: 2300
Processor Information for processor 3
  Max Mhz: 2300, Current Mhz: 2300, Mhz Limit: 2300
Processor Information for processor 4
  Max Mhz: 2300, Current Mhz: 2300, Mhz Limit: 2300
Processor Information for processor 5
  Max Mhz: 2300, Current Mhz: 2300, Mhz Limit: 2300
Processor Information for processor 6
  Max Mhz: 2300, Current Mhz: 2300, Mhz Limit: 2300
Processor Information for processor 7
  Max Mhz: 2300, Current Mhz: 2300, Mhz Limit: 2300
Processor Information for processor 8
  Max Mhz: 2300, Current Mhz: 2300, Mhz Limit: 2300
Processor Information for processor 9
  Max Mhz: 2300, Current Mhz: 2300, Mhz Limit: 2300
Processor Information for processor 10
  Max Mhz: 2300, Current Mhz: 2300, Mhz Limit: 2300
Processor Information for processor 11
  Max Mhz: 2300, Current Mhz: 2300, Mhz Limit: 2300
Processor Information for processor 12
  Max Mhz: 2300, Current Mhz: 1700, Mhz Limit: 1679
Processor Information for processor 13
  Max Mhz: 2300, Current Mhz: 1700, Mhz Limit: 1679
Processor Information for processor 14
  Max Mhz: 2300, Current Mhz: 1700, Mhz Limit: 1679
Processor Information for processor 15
  Max Mhz: 2300, Current Mhz: 1700, Mhz Limit: 1679
Processor Information for processor 16
  Max Mhz: 2300, Current Mhz: 1700, Mhz Limit: 1679
Processor Information for processor 17
  Max Mhz: 2300, Current Mhz: 1700, Mhz Limit: 1679
Processor Information for processor 18
  Max Mhz: 2300, Current Mhz: 1700, Mhz Limit: 1679
Processor Information for processor 19
  Max Mhz: 2300, Current Mhz: 1700, Mhz Limit: 1679

Memory: 4k page, system-wide physical 16068M (2158M free)
TotalPageFile size 65220M (AvailPageFile size 18M)
current process WorkingSet (physical memory assigned to process): 636M, peak: 715M
current process commit charge ("private bytes"): 332M, peak: 337M

vm_info: Java HotSpot(TM) 64-Bit Server VM (23.0.2+7-58) for windows-amd64 JRE (23.0.2+7-58), built on 2024-11-29T09:34:55Z with MS VC++ 17.6 (VS2022)

END.
