#
# There is insufficient memory for the Java Runtime Environment to continue.
# Native memory allocation (malloc) failed to allocate 2949136 bytes. Error detail: Chunk::new
# Possible reasons:
#   The system is out of physical RAM or swap space
# Possible solutions:
#   Reduce memory load on the system
#   Increase physical memory or swap space
#   Check if swap backing store is full
#   Decrease Java heap size (-Xmx/-Xms)
#   Decrease number of Java threads
#   Decrease Java thread stack sizes (-Xss)
#   Set larger code cache with -XX:ReservedCodeCacheSize=
# This output file may be truncated or incomplete.
#
#  Out of Memory Error (arena.cpp:149), pid=33268, tid=37132
#
# JRE version: Java(TM) SE Runtime Environment (23.0.2+7) (build 23.0.2+7-58)
# Java VM: Java HotSpot(TM) 64-Bit Server VM (23.0.2+7-58, mixed mode, sharing, tiered, compressed class ptrs, z gc, windows-amd64)
# No core dump will be written. Minidumps are not enabled by default on client versions of Windows
#

---------------  S U M M A R Y ------------

Command Line: -Xss4m -Xms100m -Dmetals.client=vscode -Xmx2G -XX:+UseZGC -XX:ZUncommitDelay=30 -XX:ZCollectionInterval=5 -XX:+IgnoreUnrecognizedVMOptions scala.meta.metals.Main

Host: 12th Gen Intel(R) Core(TM) i7-12700H, 20 cores, 15G,  Windows 11 , 64 bit Build 26100 (10.0.26100.8246)
Time: Thu May 28 14:24:01 2026  Windows 11 , 64 bit Build 26100 (10.0.26100.8246) elapsed time: 9.605671 seconds (0d 0h 0m 9s)

---------------  T H R E A D  ---------------

Current thread (0x0000025883dce3e0):  JavaThread "C2 CompilerThread7" daemon [_thread_in_native, id=37132, stack(0x000000cd17300000,0x000000cd17400000) (1024K)]


Current CompileTask:
C2:9606 4792       4       jdk.internal.jrtfs.JrtFileSystem$$Lambda/0x0000025cbb5e8438::apply (16 bytes)

Stack: [0x000000cd17300000,0x000000cd17400000]
Native frames: (J=compiled Java code, j=interpreted, Vv=VM code, C=native code)
V  [jvm.dll+0x6e0b99]  (no source info available)
V  [jvm.dll+0x87e2b3]  (no source info available)
V  [jvm.dll+0x88073e]  (no source info available)
V  [jvm.dll+0x880e13]  (no source info available)
V  [jvm.dll+0x27b006]  (no source info available)
V  [jvm.dll+0xbc06f]  (no source info available)
V  [jvm.dll+0xbc2cb]  (no source info available)
V  [jvm.dll+0x132e23]  (no source info available)
V  [jvm.dll+0x8e7412]  (no source info available)
V  [jvm.dll+0x6e624a]  (no source info available)
V  [jvm.dll+0x244f9a]  (no source info available)
V  [jvm.dll+0x243eff]  (no source info available)
V  [jvm.dll+0x1c34b0]  (no source info available)
V  [jvm.dll+0x253df1]  (no source info available)
V  [jvm.dll+0x2520aa]  (no source info available)
V  [jvm.dll+0x3ee226]  (no source info available)
V  [jvm.dll+0x8254cb]  (no source info available)
V  [jvm.dll+0x6df345]  (no source info available)
C  [ucrtbase.dll+0x37b0]  (no source info available)
C  [KERNEL32.DLL+0x2e8d7]  (no source info available)
C  [ntdll.dll+0x8c3fc]  (no source info available)

Lock stack of current Java thread (top to bottom):


---------------  P R O C E S S  ---------------

Threads class SMR info:
_java_thread_list=0x00000258843fa750, length=76, elements={
0x000002589f326100, 0x000002589f7bdb70, 0x000002589f7be1e0, 0x000002589f8009f0,
0x000002589f801dd0, 0x000002589f803810, 0x000002589f804530, 0x000002589f823290,
0x000002589f8253d0, 0x000002589fa669c0, 0x000002589f8010b0, 0x000002589f803ea0,
0x000002589f802460, 0x0000025cffa9af80, 0x0000025cffa9c330, 0x0000025cffa9c9c0,
0x0000025cffa9a8f0, 0x0000025cffa9d050, 0x0000025cffa99bd0, 0x0000025cffa9d6e0,
0x0000025cffa9f7b0, 0x0000025cffa9fe40, 0x0000025cffa9ea90, 0x0000025cffaa11f0,
0x0000025cffaa04d0, 0x0000025cffa9dd70, 0x0000025cffa9e400, 0x0000025cffa9f120,
0x0000025cff5cc370, 0x0000025cff5cd090, 0x0000025cff5ca930, 0x0000025cff5cd720,
0x0000025cff5cbce0, 0x0000025cff5cafc0, 0x0000025cff5cddb0, 0x00000258815201c0,
0x000002588151dfb0, 0x000002588151f420, 0x0000025cff5cead0, 0x0000025cff5cb650,
0x0000025cff5cf160, 0x0000025cff5cca00, 0x0000025cff5cfe80, 0x0000025cff5d0510,
0x0000025cff5d1230, 0x0000025cff5d0ba0, 0x0000025cff5d18c0, 0x0000025cff5d1f50,
0x0000025cff5cf7f0, 0x000002588438cdf0, 0x000002588438c0d0, 0x000002588438f550,
0x000002588438e830, 0x000002588151faf0, 0x0000025881520890, 0x000002588438d480,
0x0000025883dcc8a0, 0x000002588438db10, 0x000002588438e1a0, 0x000002588438c760,
0x000002588438fbe0, 0x0000025884390270, 0x0000025884391cb0, 0x0000025884390900,
0x0000025884390f90, 0x0000025884391620, 0x0000025884392340, 0x000002588438eec0,
0x0000025883dce3e0, 0x00000258843929d0, 0x0000025884393060, 0x00000258843936f0,
0x000002588457b390, 0x000002588457cdd0, 0x000002588457c0b0, 0x000002588457a670
}

Java Threads: ( => current thread )
  0x000002589f326100 JavaThread "main"                              [_thread_blocked, id=55664, stack(0x000000cd07100000,0x000000cd07500000) (4096K)]
  0x000002589f7bdb70 JavaThread "Reference Handler"          daemon [_thread_blocked, id=9028, stack(0x000000cd09300000,0x000000cd09700000) (4096K)]
  0x000002589f7be1e0 JavaThread "Finalizer"                  daemon [_thread_blocked, id=14380, stack(0x000000cd09700000,0x000000cd09b00000) (4096K)]
  0x000002589f8009f0 JavaThread "Signal Dispatcher"          daemon [_thread_blocked, id=23612, stack(0x000000cd09b00000,0x000000cd09f00000) (4096K)]
  0x000002589f801dd0 JavaThread "Attach Listener"            daemon [_thread_blocked, id=42240, stack(0x000000cd09f00000,0x000000cd0a300000) (4096K)]
  0x000002589f803810 JavaThread "Service Thread"             daemon [_thread_blocked, id=55152, stack(0x000000cd0a300000,0x000000cd0a700000) (4096K)]
  0x000002589f804530 JavaThread "Monitor Deflation Thread"   daemon [_thread_blocked, id=3564, stack(0x000000cd0a700000,0x000000cd0ab00000) (4096K)]
  0x000002589f823290 JavaThread "C2 CompilerThread0"         daemon [_thread_in_native, id=43764, stack(0x000000cd0ab00000,0x000000cd0ac00000) (1024K)]
  0x000002589f8253d0 JavaThread "C1 CompilerThread0"         daemon [_thread_in_native, id=17864, stack(0x000000cd0ac00000,0x000000cd0ad00000) (1024K)]
  0x000002589fa669c0 JavaThread "C1 CompilerThread1"         daemon [_thread_in_native, id=43216, stack(0x000000cd0ad00000,0x000000cd0ae00000) (1024K)]
  0x000002589f8010b0 JavaThread "Notification Thread"        daemon [_thread_blocked, id=53716, stack(0x000000cd0ae00000,0x000000cd0b200000) (4096K)]
  0x000002589f803ea0 JavaThread "Common-Cleaner"             daemon [_thread_blocked, id=35528, stack(0x000000cd0b200000,0x000000cd0b600000) (4096K)]
  0x000002589f802460 JavaThread "pool-1-thread-1"                   [_thread_in_native, id=23528, stack(0x000000cd0b800000,0x000000cd0bc00000) (4096K)]
  0x0000025cffa9af80 JavaThread "scala-execution-context-global-54" daemon [_thread_blocked, id=10268, stack(0x000000cd0be00000,0x000000cd0c200000) (4096K)]
  0x0000025cffa9c330 JavaThread "coursier-pool-1-thread-1"   daemon [_thread_blocked, id=21696, stack(0x000000cd0c200000,0x000000cd0c600000) (4096K)]
  0x0000025cffa9c9c0 JavaThread "coursier-pool-1-thread-2"   daemon [_thread_blocked, id=632, stack(0x000000cd0c600000,0x000000cd0ca00000) (4096K)]
  0x0000025cffa9a8f0 JavaThread "coursier-pool-1-thread-3"   daemon [_thread_blocked, id=42452, stack(0x000000cd0ca00000,0x000000cd0ce00000) (4096K)]
  0x0000025cffa9d050 JavaThread "coursier-pool-1-thread-4"   daemon [_thread_blocked, id=14204, stack(0x000000cd0ce00000,0x000000cd0d200000) (4096K)]
  0x0000025cffa99bd0 JavaThread "coursier-pool-1-thread-5"   daemon [_thread_blocked, id=43992, stack(0x000000cd0d200000,0x000000cd0d600000) (4096K)]
  0x0000025cffa9d6e0 JavaThread "coursier-pool-1-thread-6"   daemon [_thread_blocked, id=21232, stack(0x000000cd0d600000,0x000000cd0da00000) (4096K)]
  0x0000025cffa9f7b0 JavaThread "pool-1-thread-2"                   [_thread_in_vm, id=35284, stack(0x000000cd0da00000,0x000000cd0de00000) (4096K)]
  0x0000025cffa9fe40 JavaThread "pool-1-thread-3"                   [_thread_blocked, id=6124, stack(0x000000cd0de00000,0x000000cd0e200000) (4096K)]
  0x0000025cffa9ea90 JavaThread "ForkJoinPool.commonPool-worker-1" daemon [_thread_blocked, id=12732, stack(0x000000cd0e200000,0x000000cd0e600000) (4096K)]
  0x0000025cffaa11f0 JavaThread "pool-2-thread-1"                   [_thread_blocked, id=6928, stack(0x000000cd0e600000,0x000000cd0ea00000) (4096K)]
  0x0000025cffaa04d0 JavaThread "H2 File Lock Watchdog C:/Users/weron/OneDrive/Dokumenty/java/zad3/.metals/metals.lock.db" daemon [_thread_blocked, id=18728, stack(0x000000cd0ea00000,0x000000cd0ee00000) (4096K)]
  0x0000025cffa9dd70 JavaThread "H2 TCP Server (tcp://localhost:61614)" daemon [_thread_in_native, id=23192, stack(0x000000cd0ee00000,0x000000cd0f200000) (4096K)]
  0x0000025cffa9e400 JavaThread "MVStore background writer C:/Users/weron/OneDrive/Dokumenty/java/zad3/.metals/metals.mv.db" daemon [_thread_blocked, id=35292, stack(0x000000cd0f200000,0x000000cd0f600000) (4096K)]
  0x0000025cffa9f120 JavaThread "pool-1-thread-4"                   [_thread_in_vm, id=30852, stack(0x000000cd0f600000,0x000000cd0fa00000) (4096K)]
  0x0000025cff5cc370 JavaThread "pool-1-thread-5"                   [_thread_blocked, id=27636, stack(0x000000cd0fa00000,0x000000cd0fe00000) (4096K)]
  0x0000025cff5cd090 JavaThread "pool-1-thread-6"                   [_thread_blocked, id=55320, stack(0x000000cd0fe00000,0x000000cd10200000) (4096K)]
  0x0000025cff5ca930 JavaThread "pool-1-thread-7"                   [_thread_blocked, id=8524, stack(0x000000cd10200000,0x000000cd10600000) (4096K)]
  0x0000025cff5cd720 JavaThread "pool-1-thread-8"                   [_thread_blocked, id=22008, stack(0x000000cd10600000,0x000000cd10a00000) (4096K)]
  0x0000025cff5cbce0 JavaThread "pool-1-thread-9"                   [_thread_blocked, id=20588, stack(0x000000cd10a00000,0x000000cd10e00000) (4096K)]
  0x0000025cff5cafc0 JavaThread "pool-1-thread-10"                  [_thread_blocked, id=44808, stack(0x000000cd10e00000,0x000000cd11200000) (4096K)]
  0x0000025cff5cddb0 JavaThread "pool-1-thread-11"                  [_thread_blocked, id=48736, stack(0x000000cd11200000,0x000000cd11600000) (4096K)]
  0x00000258815201c0 JavaThread "C2 CompilerThread1"         daemon [_thread_in_native, id=29572, stack(0x000000cd0bc00000,0x000000cd0bd00000) (1024K)]
  0x000002588151dfb0 JavaThread "C2 CompilerThread2"         daemon [_thread_in_native, id=41728, stack(0x000000cd11600000,0x000000cd11700000) (1024K)]
  0x000002588151f420 JavaThread "C2 CompilerThread3"         daemon [_thread_in_native, id=50628, stack(0x000000cd11700000,0x000000cd11800000) (1024K)]
  0x0000025cff5cead0 JavaThread "pool-1-thread-12"                  [_thread_blocked, id=5676, stack(0x000000cd11800000,0x000000cd11c00000) (4096K)]
  0x0000025cff5cb650 JavaThread "pool-1-thread-13"                  [_thread_blocked, id=44584, stack(0x000000cd11c00000,0x000000cd12000000) (4096K)]
  0x0000025cff5cf160 JavaThread "pool-1-thread-14"                  [_thread_blocked, id=12764, stack(0x000000cd12000000,0x000000cd12400000) (4096K)]
  0x0000025cff5cca00 JavaThread "pool-1-thread-15"                  [_thread_blocked, id=13728, stack(0x000000cd12400000,0x000000cd12800000) (4096K)]
  0x0000025cff5cfe80 JavaThread "pool-1-thread-16"                  [_thread_blocked, id=37232, stack(0x000000cd12800000,0x000000cd12c00000) (4096K)]
  0x0000025cff5d0510 JavaThread "pool-1-thread-17"                  [_thread_blocked, id=49844, stack(0x000000cd12c00000,0x000000cd13000000) (4096K)]
  0x0000025cff5d1230 JavaThread "pool-1-thread-18"                  [_thread_blocked, id=37600, stack(0x000000cd13000000,0x000000cd13400000) (4096K)]
  0x0000025cff5d0ba0 JavaThread "pool-1-thread-19"                  [_thread_blocked, id=51724, stack(0x000000cd13400000,0x000000cd13800000) (4096K)]
  0x0000025cff5d18c0 JavaThread "pool-1-thread-20"                  [_thread_blocked, id=52092, stack(0x000000cd13800000,0x000000cd13c00000) (4096K)]
  0x0000025cff5d1f50 JavaThread "pool-1-thread-21"                  [_thread_blocked, id=23708, stack(0x000000cd13c00000,0x000000cd14000000) (4096K)]
  0x0000025cff5cf7f0 JavaThread "pool-1-thread-22"                  [_thread_blocked, id=46256, stack(0x000000cd14000000,0x000000cd14400000) (4096K)]
  0x000002588438cdf0 JavaThread "pool-1-thread-23"                  [_thread_blocked, id=30940, stack(0x000000cd14400000,0x000000cd14800000) (4096K)]
  0x000002588438c0d0 JavaThread "pool-1-thread-24"                  [_thread_blocked, id=44964, stack(0x000000cd14800000,0x000000cd14c00000) (4096K)]
  0x000002588438f550 JavaThread "pool-1-thread-25"                  [_thread_blocked, id=52580, stack(0x000000cd14c00000,0x000000cd15000000) (4096K)]
  0x000002588438e830 JavaThread "pool-1-thread-26"                  [_thread_blocked, id=24656, stack(0x000000cd15100000,0x000000cd15500000) (4096K)]
  0x000002588151faf0 JavaThread "C2 CompilerThread4"         daemon [_thread_in_native, id=11680, stack(0x000000cd15000000,0x000000cd15100000) (1024K)]
  0x0000025881520890 JavaThread "C2 CompilerThread5"         daemon [_thread_in_native, id=7328, stack(0x000000cd15500000,0x000000cd15600000) (1024K)]
  0x000002588438d480 JavaThread "pool-1-thread-27"                  [_thread_blocked, id=40424, stack(0x000000cd15600000,0x000000cd15a00000) (4096K)]
  0x0000025883dcc8a0 JavaThread "C2 CompilerThread6"         daemon [_thread_in_native, id=33944, stack(0x000000cd15a00000,0x000000cd15b00000) (1024K)]
  0x000002588438db10 JavaThread "H2-serialization"           daemon [_thread_blocked, id=54276, stack(0x000000cd15b00000,0x000000cd15f00000) (4096K)]
  0x000002588438e1a0 JavaThread "H2-save"                    daemon [_thread_blocked, id=28952, stack(0x000000cd15f00000,0x000000cd16300000) (4096K)]
  0x000002588438c760 JavaThread "pool-1-thread-28"                  [_thread_blocked, id=31236, stack(0x000000cd16300000,0x000000cd16700000) (4096K)]
  0x000002588438fbe0 JavaThread "pool-1-thread-29"                  [_thread_blocked, id=44236, stack(0x000000cd16700000,0x000000cd16b00000) (4096K)]
  0x0000025884390270 JavaThread "pool-1-thread-30"                  [_thread_blocked, id=45612, stack(0x000000cd16b00000,0x000000cd16f00000) (4096K)]
  0x0000025884391cb0 JavaThread "pool-1-thread-31"                  [_thread_blocked, id=18784, stack(0x000000cd16f00000,0x000000cd17300000) (4096K)]
  0x0000025884390900 JavaThread "pool-1-thread-32"                  [_thread_blocked, id=2944, stack(0x000000cd17400000,0x000000cd17800000) (4096K)]
  0x0000025884390f90 JavaThread "pool-1-thread-33"                  [_thread_blocked, id=9308, stack(0x000000cd17800000,0x000000cd17c00000) (4096K)]
  0x0000025884391620 JavaThread "pool-1-thread-34"                  [_thread_blocked, id=50140, stack(0x000000cd17c00000,0x000000cd18000000) (4096K)]
  0x0000025884392340 JavaThread "pool-1-thread-35"                  [_thread_blocked, id=51432, stack(0x000000cd18000000,0x000000cd18400000) (4096K)]
  0x000002588438eec0 JavaThread "pool-1-thread-36"                  [_thread_blocked, id=34924, stack(0x000000cd18400000,0x000000cd18800000) (4096K)]
=>0x0000025883dce3e0 JavaThread "C2 CompilerThread7"         daemon [_thread_in_native, id=37132, stack(0x000000cd17300000,0x000000cd17400000) (1024K)]
  0x00000258843929d0 JavaThread "pool-1-thread-39"                  [_thread_blocked, id=2216, stack(0x000000cd18800000,0x000000cd18c00000) (4096K)]
  0x0000025884393060 JavaThread "pool-1-thread-40"                  [_thread_blocked, id=31264, stack(0x000000cd18c00000,0x000000cd19000000) (4096K)]
  0x00000258843936f0 JavaThread "pool-1-thread-38"                  [_thread_blocked, id=30288, stack(0x000000cd19000000,0x000000cd19400000) (4096K)]
  0x000002588457b390 JavaThread "pool-1-thread-41"                  [_thread_blocked, id=4160, stack(0x000000cd19400000,0x000000cd19800000) (4096K)]
  0x000002588457cdd0 JavaThread "pool-1-thread-37"                  [_thread_blocked, id=56284, stack(0x000000cd19800000,0x000000cd19c00000) (4096K)]
  0x000002588457c0b0 JavaThread "pool-1-thread-42"                  [_thread_blocked, id=39996, stack(0x000000cd19c00000,0x000000cd1a000000) (4096K)]
  0x000002588457a670 JavaThread "pool-1-thread-43"                  [_thread_blocked, id=45416, stack(0x000000cd1a000000,0x000000cd1a400000) (4096K)]
Total: 76

Other Threads:
  0x000002589f4441b0 VMThread "VM Thread"                           [id=44804, stack(0x000000cd09200000,0x000000cd09300000) (1024K)]
  0x000002589f79ca00 WatcherThread "VM Periodic Task Thread"        [id=34628, stack(0x000000cd09100000,0x000000cd09200000) (1024K)]
  0x000002589f4390f0 ConcurrentGCThread "ZDirector"                 [id=49484, stack(0x000000cd08300000,0x000000cd08400000) (1024K)]
  0x000002589f4389d0 ConcurrentGCThread "ZDriverMajor"              [id=4820, stack(0x000000cd08200000,0x000000cd08300000) (1024K)]
  0x000002589f4362a0 ConcurrentGCThread "ZDriverMinor"              [id=20900, stack(0x000000cd08100000,0x000000cd08200000) (1024K)]
  0x000002589f43b4e0 ConcurrentGCThread "ZStat"                     [id=43988, stack(0x000000cd08400000,0x000000cd08500000) (1024K)]
  0x000002589fbda620 ConcurrentGCThread "ZUnmapper"                 [id=16396, stack(0x000000cd07500000,0x000000cd07600000) (1024K)]
  0x000002589fbdaa30 ConcurrentGCThread "ZUncommitter"              [id=45104, stack(0x000000cd07600000,0x000000cd07700000) (1024K)]
  0x000002589f391980 WorkerThread "ZWorkerYoung#0"                  [id=25080, stack(0x000000cd07c00000,0x000000cd07d00000) (1024K)]
  0x000002589f3950a0 WorkerThread "ZWorkerYoung#1"                  [id=5824, stack(0x000000cd07d00000,0x000000cd07e00000) (1024K)]
  0x000002589f395800 WorkerThread "ZWorkerYoung#2"                  [id=39860, stack(0x000000cd07e00000,0x000000cd07f00000) (1024K)]
  0x000002589f394cf0 WorkerThread "ZWorkerYoung#3"                  [id=2372, stack(0x000000cd07f00000,0x000000cd08000000) (1024K)]
  0x000002589f395450 WorkerThread "ZWorkerYoung#4"                  [id=1600, stack(0x000000cd08000000,0x000000cd08100000) (1024K)]
  0x000002589fbde1a0 WorkerThread "ZWorkerOld#0"                    [id=27712, stack(0x000000cd07700000,0x000000cd07800000) (1024K)]
  0x000002589f387720 WorkerThread "ZWorkerOld#1"                    [id=24680, stack(0x000000cd07800000,0x000000cd07900000) (1024K)]
  0x000002589f389e00 WorkerThread "ZWorkerOld#2"                    [id=12876, stack(0x000000cd07900000,0x000000cd07a00000) (1024K)]
  0x000002589f38ab50 WorkerThread "ZWorkerOld#3"                    [id=31052, stack(0x000000cd07a00000,0x000000cd07b00000) (1024K)]
  0x000002589f38d510 WorkerThread "ZWorkerOld#4"                    [id=3964, stack(0x000000cd07b00000,0x000000cd07c00000) (1024K)]
  0x000002589f3941e0 WorkerThread "RuntimeWorker#0"                 [id=22964, stack(0x000000cd08500000,0x000000cd08600000) (1024K)]
  0x000002589f394590 WorkerThread "RuntimeWorker#1"                 [id=17808, stack(0x000000cd08600000,0x000000cd08700000) (1024K)]
  0x000002589f395bb0 WorkerThread "RuntimeWorker#2"                 [id=6876, stack(0x000000cd08700000,0x000000cd08800000) (1024K)]
  0x000002589f394940 WorkerThread "RuntimeWorker#3"                 [id=46524, stack(0x000000cd08800000,0x000000cd08900000) (1024K)]
  0x000002589f442430 WorkerThread "RuntimeWorker#4"                 [id=26208, stack(0x000000cd08900000,0x000000cd08a00000) (1024K)]
  0x000002589f443a50 WorkerThread "RuntimeWorker#5"                 [id=31516, stack(0x000000cd08a00000,0x000000cd08b00000) (1024K)]
  0x000002589f4427e0 WorkerThread "RuntimeWorker#6"                 [id=32048, stack(0x000000cd08b00000,0x000000cd08c00000) (1024K)]
  0x000002589f4432f0 WorkerThread "RuntimeWorker#7"                 [id=33044, stack(0x000000cd08c00000,0x000000cd08d00000) (1024K)]
  0x000002589f444560 WorkerThread "RuntimeWorker#8"                 [id=32496, stack(0x000000cd08d00000,0x000000cd08e00000) (1024K)]
  0x000002589f441920 WorkerThread "RuntimeWorker#9"                 [id=35316, stack(0x000000cd08e00000,0x000000cd08f00000) (1024K)]
  0x000002589f441cd0 WorkerThread "RuntimeWorker#10"                [id=42348, stack(0x000000cd08f00000,0x000000cd09000000) (1024K)]
  0x000002589f443e00 WorkerThread "RuntimeWorker#11"                [id=49796, stack(0x000000cd09000000,0x000000cd09100000) (1024K)]
Total: 30

Threads with active compile tasks:
C2 CompilerThread0  10689 4738       4       java.util.ArrayList$ArrayListSpliterator::tryAdvance (79 bytes)
C1 CompilerThread0  10689 4916       3       jdk.internal.jrtfs.JrtPath::relativize (375 bytes)
C1 CompilerThread1  10690 4915       3       scala.meta.internal.metals.PackageIndex$$anon$3::preVisitDirectory (69 bytes)
C2 CompilerThread1  10690 4817   !   4       java.nio.file.FileTreeWalker::visit (204 bytes)
C2 CompilerThread2  10690 4663       4       java.lang.invoke.DirectMethodHandle$Holder::newInvokeSpecial (21 bytes)
C2 CompilerThread3  10690 4888       4       scala.meta.internal.metals.ExcludedPackagesHandler$$Lambda/0x0000025cbb6dc4f8::apply (12 bytes)
C2 CompilerThread4  10690 4665       4       jdk.internal.jimage.ImageLocation::getFullName (109 bytes)
C2 CompilerThread5  10690 4904       4       scala.collection.immutable.List::exists (40 bytes)
C2 CompilerThread6  10690 4704       4       jdk.internal.jimage.ImageReader$Directory::addChild (63 bytes)
C2 CompilerThread7  10690 4792       4       jdk.internal.jrtfs.JrtFileSystem$$Lambda/0x0000025cbb5e8438::apply (16 bytes)
Total: 10

VM state: not at safepoint (normal execution)

VM Mutex/Monitor currently owned by a thread: None

CDS archive(s) mapped at: [0x0000025cba000000-0x0000025cbad70000-0x0000025cbad70000), size 14090240, SharedBaseAddress: 0x0000025cba000000, ArchiveRelocationMode: 1.
Compressed class space mapped at: 0x0000025cbb000000-0x0000025cfb000000, reserved size: 1073741824
Narrow klass base: 0x0000025cba000000, Narrow klass shift: 0, Narrow klass range: 0x41000000

GC Precious Log:
 NUMA Support: Disabled
 CPUs: 20 total, 20 available
 Memory: 16068M
 Large Page Support: Disabled
 Address Space Type: Contiguous/Unrestricted/Complete
 Address Space Size: 32768M
 Min Capacity: 100M
 Initial Capacity: 100M
 Max Capacity: 2048M
 Soft Max Capacity: 2048M
 Medium Page Size: 32M
 Pre-touch: Disabled
 Uncommit: Enabled
 Uncommit Delay: 30s
 GC Workers for Old Generation: 5 (dynamic)
 GC Workers for Young Generation: 5 (dynamic)
 GC Workers Max: 5 (dynamic)
 Runtime Workers: 12
 Forced to lower max Java heap size from 2048M(100%) to 324M(16%)

ZGC Globals:
 Young Collection:   MarkComplete/5
 Old Collection:     Relocate/4
 Offset Max:         4096G (0x0000040000000000)
 Page Size Small:    2M
 Page Size Medium:   32M

ZGC Metadata Bits:
 LoadGood:           0x0000000000008000
 LoadBad:            0x0000000000007000
 MarkGood:           0x0000000000008900
 MarkBad:            0x00000000000076c0
 StoreGood:          0x0000000000008910
 StoreBad:           0x00000000000076e0
 ------------------- 
 Remapped:           0x0000000000008000
 RemappedYoung:      0x000000000000a000
 RemappedOld:        0x000000000000c000
 MarkedYoung:        0x0000000000000100
 MarkedOld:          0x0000000000000800
 Remembered:         0x0000000000000010

Heap:
 ZHeap           used 324M, capacity 324M, max capacity 2048M
 Metaspace       used 58230K, committed 58880K, reserved 1114112K
  class space    used 7404K, committed 7680K, reserved 1048576K

ZGC Page Table:
 Small   0x0000000000000000 0x0000000000200000 0x0000000000200000 Y/4     Relocatable
 Small   0x0000000000200000 0x0000000000234698 0x0000000000400000 Y/4     Relocatable
 Small   0x0000000000400000 0x00000000004005a0 0x0000000000600000 Y/4     Relocatable
 Small   0x0000000000600000 0x00000000007fffe8 0x0000000000800000 Y/4     Relocatable
 Small   0x0000000000800000 0x00000000009fd8c8 0x0000000000a00000 Y/4     Relocatable
 Small   0x0000000000a00000 0x0000000000a80000 0x0000000000c00000 Y/4     Relocatable
 Small   0x0000000000c00000 0x0000000000c80000 0x0000000000e00000 Y/4     Relocatable
 Small   0x0000000000e00000 0x0000000001000000 0x0000000001000000 Y/4     Relocatable
 Small   0x0000000001000000 0x0000000001200000 0x0000000001200000 Y/4     Relocatable
 Small   0x0000000001200000 0x00000000012c0000 0x0000000001400000 Y/4     Relocatable
 Small   0x0000000001400000 0x0000000001600000 0x0000000001600000 Y/4     Relocatable
 Small   0x0000000001600000 0x0000000001800000 0x0000000001800000 Y/4     Relocatable
 Small   0x0000000001800000 0x00000000018c0000 0x0000000001a00000 Y/4     Relocatable
 Small   0x0000000001a00000 0x0000000001c00000 0x0000000001c00000 Y/4     Relocatable
 Small   0x0000000001c00000 0x0000000001e00000 0x0000000001e00000 Y/4     Relocatable
 Small   0x0000000001e00000 0x0000000002000000 0x0000000002000000 Y/4     Relocatable
 Small   0x0000000002000000 0x0000000002200000 0x0000000002200000 Y/4     Relocatable
 Small   0x0000000002200000 0x0000000002400000 0x0000000002400000 Y/4     Relocatable
 Small   0x0000000002400000 0x0000000002600000 0x0000000002600000 Y/4     Relocatable
 Small   0x0000000002600000 0x0000000002800000 0x0000000002800000 Y/4     Relocatable
 Small   0x0000000002800000 0x0000000002980000 0x0000000002a00000 Y/4     Relocatable
 Small   0x0000000002a00000 0x0000000002c00000 0x0000000002c00000 Y/4     Relocatable
 Small   0x0000000002c00000 0x0000000002e00000 0x0000000002e00000 Y/4     Relocatable
 Small   0x0000000002e00000 0x0000000003000000 0x0000000003000000 Y/4     Relocatable
 Small   0x0000000003000000 0x00000000030017a0 0x0000000003200000 Y/4     Relocatable
 Small   0x0000000003200000 0x0000000003400000 0x0000000003400000 Y/5     Allocating 
 Small   0x0000000003400000 0x0000000003480000 0x0000000003600000 Y/4     Relocatable
 Small   0x0000000003600000 0x0000000003800000 0x0000000003800000 Y/4     Relocatable
 Small   0x0000000003800000 0x00000000039ff488 0x0000000003a00000 Y/4     Relocatable
 Small   0x0000000003a00000 0x0000000003c00000 0x0000000003c00000 Y/4     Relocatable
 Small   0x0000000003c00000 0x0000000003e00000 0x0000000003e00000 Y/4     Relocatable
 Small   0x0000000003e00000 0x0000000004000000 0x0000000004000000 Y/4     Relocatable
 Small   0x0000000004000000 0x0000000004000d38 0x0000000004200000 Y/4     Relocatable
 Small   0x0000000004200000 0x00000000042a64c0 0x0000000004400000 Y/4     Relocatable
 Small   0x0000000004400000 0x0000000004600000 0x0000000004600000 Y/4     Relocatable
 Small   0x0000000004600000 0x0000000004800000 0x0000000004800000 Y/4     Relocatable
 Small   0x0000000004800000 0x0000000004800080 0x0000000004a00000 Y/4     Relocatable
 Small   0x0000000004a00000 0x0000000004bfffe8 0x0000000004c00000 Y/4     Relocatable
 Small   0x0000000004c00000 0x0000000004e00000 0x0000000004e00000 Y/4     Relocatable
 Small   0x0000000004e00000 0x0000000004fffff8 0x0000000005000000 Y/4     Relocatable
 Small   0x0000000005000000 0x0000000005200000 0x0000000005200000 Y/4     Relocatable
 Small   0x0000000005200000 0x0000000005400000 0x0000000005400000 Y/4     Relocatable
 Small   0x0000000005400000 0x0000000005600000 0x0000000005600000 Y/4     Relocatable
 Small   0x0000000005600000 0x0000000005800000 0x0000000005800000 Y/4     Relocatable
 Small   0x0000000005800000 0x00000000059fffe8 0x0000000005a00000 Y/4     Relocatable
 Small   0x0000000005a00000 0x0000000005a10bb0 0x0000000005c00000 Y/4     Relocatable
 Small   0x0000000005c00000 0x0000000005e00000 0x0000000005e00000 Y/4     Relocatable
 Small   0x0000000005e00000 0x0000000005ffbe40 0x0000000006000000 Y/4     Relocatable
 Small   0x0000000006000000 0x0000000006000298 0x0000000006200000 Y/4     Relocatable
 Small   0x0000000006200000 0x0000000006400000 0x0000000006400000 Y/4     Relocatable
 Small   0x0000000006400000 0x0000000006600000 0x0000000006600000 Y/4     Relocatable
 Small   0x0000000006600000 0x0000000006741968 0x0000000006800000 Y/4     Relocatable
 Small   0x0000000006800000 0x0000000006835238 0x0000000006a00000 Y/4     Relocatable
 Small   0x0000000006a00000 0x0000000006a1c9a0 0x0000000006c00000 Y/4     Relocatable
 Small   0x0000000006c00000 0x0000000006c004e8 0x0000000006e00000 Y/4     Relocatable
 Small   0x0000000006e00000 0x0000000006e003f8 0x0000000007000000 Y/4     Relocatable
 Small   0x0000000007000000 0x00000000071ff3b0 0x0000000007200000 Y/4     Relocatable
 Small   0x0000000007200000 0x0000000007205550 0x0000000007400000 Y/4     Relocatable
 Small   0x0000000007400000 0x0000000007600000 0x0000000007600000 Y/4     Relocatable
 Small   0x0000000007600000 0x0000000007800000 0x0000000007800000 Y/4     Relocatable
 Small   0x0000000007800000 0x0000000007a00000 0x0000000007a00000 Y/4     Relocatable
 Small   0x0000000007a00000 0x0000000007bfffe0 0x0000000007c00000 Y/4     Relocatable
 Small   0x0000000007c00000 0x0000000007e00000 0x0000000007e00000 Y/4     Relocatable
 Small   0x0000000007e00000 0x0000000007e383d0 0x0000000008000000 Y/4     Relocatable
 Small   0x0000000008000000 0x0000000008200000 0x0000000008200000 Y/4     Relocatable
 Small   0x0000000008200000 0x0000000008400000 0x0000000008400000 Y/4     Relocatable
 Small   0x0000000008400000 0x0000000008600000 0x0000000008600000 Y/4     Relocatable
 Small   0x0000000008600000 0x0000000008800000 0x0000000008800000 Y/4     Relocatable
 Small   0x0000000008800000 0x000000000891f070 0x0000000008a00000 Y/4     Relocatable
 Small   0x0000000008a00000 0x0000000008b00000 0x0000000008c00000 Y/4     Relocatable
 Small   0x0000000008c00000 0x0000000008c40000 0x0000000008e00000 Y/4     Relocatable
 Small   0x0000000008e00000 0x0000000008fc0000 0x0000000009000000 Y/4     Relocatable
 Small   0x0000000009000000 0x0000000009200000 0x0000000009200000 Y/4     Relocatable
 Small   0x0000000009200000 0x0000000009380000 0x0000000009400000 Y/4     Relocatable
 Small   0x0000000009400000 0x0000000009440000 0x0000000009600000 Y/4     Relocatable
 Small   0x0000000009600000 0x0000000009800000 0x0000000009800000 Y/4     Relocatable
 Small   0x0000000009800000 0x0000000009a00000 0x0000000009a00000 Y/5     Allocating 
 Small   0x0000000009a00000 0x0000000009c00000 0x0000000009c00000 Y/4     Relocatable
 Small   0x0000000009c00000 0x0000000009e00000 0x0000000009e00000 Y/5     Allocating 
 Small   0x0000000009e00000 0x000000000a000000 0x000000000a000000 Y/5     Allocating 
 Small   0x000000000a000000 0x000000000a200000 0x000000000a200000 Y/4     Relocatable
 Small   0x000000000a200000 0x000000000a400000 0x000000000a400000 Y/5     Allocating 
 Small   0x000000000a400000 0x000000000a600000 0x000000000a600000 Y/5     Allocating 
 Small   0x000000000a600000 0x000000000a800000 0x000000000a800000 Y/5     Allocating 
 Small   0x000000000a800000 0x000000000aa00000 0x000000000aa00000 Y/5     Allocating 
 Small   0x000000000aa00000 0x000000000aa80000 0x000000000ac00000 Y/4     Relocatable
 Small   0x000000000ac00000 0x000000000ae00000 0x000000000ae00000 Y/5     Allocating 
 Small   0x000000000ae00000 0x000000000b000000 0x000000000b000000 Y/4     Relocatable
 Small   0x000000000b000000 0x000000000b200000 0x000000000b200000 Y/5     Allocating 
 Small   0x000000000b200000 0x000000000b400000 0x000000000b400000 Y/5     Allocating 
 Small   0x000000000b400000 0x000000000b440000 0x000000000b600000 Y/5     Allocating 
 Small   0x000000000b600000 0x000000000b800000 0x000000000b800000 Y/5     Allocating 
 Small   0x000000000b800000 0x000000000b880000 0x000000000ba00000 Y/5     Allocating 
 Small   0x000000000ba00000 0x000000000ba40000 0x000000000bc00000 Y/5     Allocating 
 Small   0x000000000bc00000 0x000000000bc40000 0x000000000be00000 Y/5     Allocating 
 Small   0x000000000be00000 0x000000000be40000 0x000000000c000000 Y/5     Allocating 
 Small   0x000000000c000000 0x000000000c200000 0x000000000c200000 Y/5     Allocating 
 Small   0x000000000c200000 0x000000000c400000 0x000000000c400000 Y/4     Relocatable
 Medium  0x00000007f4000000 0x00000007f4180000 0x00000007f6000000 Y/4     Relocatable
 Medium  0x00000007f6000000 0x00000007f6102000 0x00000007f8000000 Y/4     Relocatable
 Medium  0x00000007f8000000 0x00000007f86fe000 0x00000007fa000000 Y/4     Relocatable
 Medium  0x00000007fc000000 0x00000007fc305000 0x00000007fe000000 Y/4     Relocatable

ZBarrierSet

Polling page: 0x000002589d5e0000

Metaspace:

Usage:
  Non-class:     49.64 MB used.
      Class:      7.23 MB used.
       Both:     56.87 MB used.

Virtual space:
  Non-class space:       64.00 MB reserved,      50.00 MB ( 78%) committed,  1 nodes.
      Class space:        1.00 GB reserved,       7.50 MB ( <1%) committed,  1 nodes.
             Both:        1.06 GB reserved,      57.50 MB (  5%) committed. 

Chunk freelists:
   Non-Class:  13.38 MB
       Class:  8.45 MB
        Both:  21.83 MB

MaxMetaspaceSize: unlimited
CompressedClassSpaceSize: 1.00 GB
Initial GC threshold: 21.00 MB
Current GC threshold: 74.94 MB
CDS: on
 - commit_granule_bytes: 65536.
 - commit_granule_words: 8192.
 - virtual_space_node_default_size: 8388608.
 - enlarge_chunks_in_place: 1.
 - use_allocation_guard: 0.


Internal statistics:

num_allocs_failed_limit: 9.
num_arena_births: 938.
num_arena_deaths: 0.
num_vsnodes_births: 2.
num_vsnodes_deaths: 0.
num_space_committed: 919.
num_space_uncommitted: 0.
num_chunks_returned_to_freelist: 9.
num_chunks_taken_from_freelist: 2926.
num_chunk_merges: 8.
num_chunk_splits: 2132.
num_chunks_enlarged: 1567.
num_inconsistent_stats: 0.

CodeHeap 'non-profiled nmethods': size=119232Kb used=1952Kb max_used=1952Kb free=117280Kb
 bounds [0x00000258afdf0000, 0x00000258b0060000, 0x00000258b7260000]
CodeHeap 'profiled nmethods': size=119104Kb used=6248Kb max_used=6248Kb free=112856Kb
 bounds [0x00000258a8260000, 0x00000258a8880000, 0x00000258af6b0000]
CodeHeap 'non-nmethods': size=7424Kb used=2280Kb max_used=3450Kb free=5144Kb
 bounds [0x00000258af6b0000, 0x00000258afa20000, 0x00000258afdf0000]
CodeCache: size=245760Kb, used=10480Kb, max_used=11650Kb, free=235280Kb
 total_blobs=5259, nmethods=4373, adapters=782, full_count=0
Compilation: enabled, stopped_count=0, restarted_count=0

Compilation events (250 events):
Event: 8.366 Thread 0x000002589fa669c0 nmethod 4795 0x00000258a884c808 code [0x00000258a884caa0, 0x00000258a884deb8]
Event: 8.367 Thread 0x0000025cb92b90a0 nmethod 4796 0x00000258a884df88 code [0x00000258a884e0e0, 0x00000258a884e548]
Event: 8.367 Thread 0x000002589f8253d0 4781       3       scala.collection.convert.AsScalaExtensions::IteratorHasAsScala$ (6 bytes)
Event: 8.368 Thread 0x0000025cb92b90a0 4760       3       java.util.ArrayDeque::removeFirst (19 bytes)
Event: 8.369 Thread 0x000002588151f420 nmethod 4549 0x00000258affaf308 code [0x00000258affaf5e0, 0x00000258affb15c8]
Event: 8.369 Thread 0x000002589f8253d0 nmethod 4781 0x00000258a884e588 code [0x00000258a884e6e0, 0x00000258a884ead8]
Event: 8.370 Thread 0x0000025cb92b90a0 nmethod 4760 0x00000258a884eb08 code [0x00000258a884ec40, 0x00000258a884ee80]
Event: 8.370 Thread 0x000002589fa669c0 4813  s    3       jdk.internal.jrtfs.JrtDirectoryStream::close (6 bytes)
Event: 8.370 Thread 0x000002589f8253d0 4782       3       scala.collection.convert.AsScalaExtensions::IteratorHasAsScala (10 bytes)
Event: 8.371 Thread 0x0000025cb92b90a0 4762       3       java.util.ArrayDeque::addFirst (51 bytes)
Event: 8.371 Thread 0x000002589fa669c0 nmethod 4813 0x00000258a884ef08 code [0x00000258a884f020, 0x00000258a884f290]
Event: 8.371 Thread 0x000002589f8253d0 nmethod 4782 0x00000258a884f308 code [0x00000258a884f440, 0x00000258a884f768]
Event: 8.372 Thread 0x000002589fa669c0 4800       3       java.lang.invoke.MemberName::equals (26 bytes)
Event: 8.372 Thread 0x000002589f8253d0 4748       3       java.util.concurrent.TimeUnit::toNanos (45 bytes)
Event: 8.372 Thread 0x0000025cb92b90a0 nmethod 4762 0x00000258a884f808 code [0x00000258a884f960, 0x00000258a884fe30]
Event: 8.373 Thread 0x000002589fa669c0 nmethod 4800 0x00000258a884fe88 code [0x00000258a884ffc0, 0x00000258a8850320]
Event: 8.373 Thread 0x000002589f8253d0 nmethod 4748 0x00000258a8850388 code [0x00000258a88504c0, 0x00000258a8850708]
Event: 8.374 Thread 0x0000025cb92b90a0 4799       3       scala.collection.AbstractIterator::knownSize (5 bytes)
Event: 8.374 Thread 0x000002589fa669c0 4807       3       jdk.internal.jrtfs.JrtFileSystemProvider::newDirectoryStream (9 bytes)
Event: 8.374 Thread 0x000002589f8253d0 4808       3       jdk.internal.jrtfs.JrtPath::newDirectoryStream (10 bytes)
Event: 8.375 Thread 0x0000025cb92b90a0 nmethod 4799 0x00000258a8850788 code [0x00000258a88508a0, 0x00000258a8850a68]
Event: 8.375 Thread 0x000002589f8253d0 nmethod 4808 0x00000258a8850b08 code [0x00000258a8850c20, 0x00000258a8850dd8]
Event: 8.375 Thread 0x0000025cb92b90a0 4809       3       jdk.internal.jrtfs.JrtDirectoryStream::<init> (39 bytes)
Event: 8.376 Thread 0x000002589fa669c0 nmethod 4807 0x00000258a8850e08 code [0x00000258a8850f80, 0x00000258a8851610]
Event: 8.376 Thread 0x000002589f8253d0 4810       3       jdk.internal.jrtfs.JrtFileSystem::isDirectory (33 bytes)
Event: 8.377 Thread 0x000002589fa669c0 4823       2       java.util.concurrent.SynchronousQueue$Transferer::xferLifo (258 bytes)
Event: 8.377 Thread 0x0000025cb92b90a0 nmethod 4809 0x00000258a8851688 code [0x00000258a8851840, 0x00000258a8852018]
Event: 8.377 Thread 0x000002589f8253d0 nmethod 4810 0x00000258a8852088 code [0x00000258a8852200, 0x00000258a88526e0]
Event: 8.379 Thread 0x000002589f8253d0 4811  s!   3       jdk.internal.jrtfs.JrtDirectoryStream::iterator (76 bytes)
Event: 8.379 Thread 0x0000025cb92b90a0 4812       3       jdk.internal.jrtfs.JrtFileSystem::iteratorOf (98 bytes)
Event: 8.381 Thread 0x000002589f8253d0 nmethod 4811 0x00000258a8852708 code [0x00000258a88528c0, 0x00000258a8853150]
Event: 8.381 Thread 0x0000025883dce3e0 nmethod 4702 0x00000258affb1688 code [0x00000258affb17e0, 0x00000258affb1d10]
Event: 8.382 Thread 0x0000025cb9283790 nmethod 4801% 0x00000258a8853188 code [0x00000258a8853840, 0x00000258a8857908]
Event: 8.382 Thread 0x000002589f8253d0 4820       3       java.util.stream.SpinedBuffer::<init> (18 bytes)
Event: 8.383 Thread 0x000002589f8253d0 nmethod 4820 0x00000258a8857a88 code [0x00000258a8857bc0, 0x00000258a8857ea0]
Event: 8.384 Thread 0x0000025cb92b90a0 nmethod 4812 0x00000258a8857f08 code [0x00000258a88582a0, 0x00000258a885a110]
Event: 8.384 Thread 0x000002589f8253d0 4839       2       scala.collection.IterableOnceOps::addString (115 bytes)
Event: 8.385 Thread 0x0000025883dce3e0 4788       4       java.util.stream.SpinedBuffer::clear (88 bytes)
Event: 8.388 Thread 0x000002589f8253d0 nmethod 4839 0x00000258a885a208 code [0x00000258a885a400, 0x00000258a885a9a8]
Event: 8.388 Thread 0x0000025cb92b90a0 4843       2       jdk.internal.jimage.ImageReader$Directory::getChildren (8 bytes)
Event: 8.389 Thread 0x0000025cb92b90a0 nmethod 4843 0x00000258a885aa08 code [0x00000258a885ab20, 0x00000258a885ac70]
Event: 8.390 Thread 0x0000025cb92b90a0 4841       2       java.util.Collections$UnmodifiableCollection::stream (10 bytes)
Event: 8.390 Thread 0x000002589f8253d0 4836       2       scala.collection.IterableOnceOps::mkString$ (8 bytes)
Event: 8.390 Thread 0x000002589fa669c0 nmethod 4823 0x00000258a885ad08 code [0x00000258a885b140, 0x00000258a885d0d8]
Event: 8.390 Thread 0x0000025cb92b90a0 nmethod 4841 0x00000258a885d208 code [0x00000258a885d320, 0x00000258a885d480]
Event: 8.391 Thread 0x000002589f8253d0 nmethod 4836 0x00000258a885d508 code [0x00000258a885d620, 0x00000258a885d790]
Event: 8.391 Thread 0x0000025cb92b90a0 4837       2       scala.collection.IterableOnceOps::mkString (55 bytes)
Event: 8.391 Thread 0x000002589f8253d0 4838       2       scala.collection.IterableOnceOps::addString$ (10 bytes)
Event: 8.392 Thread 0x000002588151f420 4814       4       java.lang.String::endsWith (15 bytes)
Event: 8.392 Thread 0x000002589f8253d0 nmethod 4838 0x00000258a885d808 code [0x00000258a885d920, 0x00000258a885da90]
Event: 8.393 Thread 0x0000025cb9283790 4744       1       com.google.gson.stream.JsonWriter::setSerializeNulls (6 bytes)
Event: 8.393 Thread 0x000002589f8253d0 4746       1       com.google.gson.stream.JsonWriter::setHtmlSafe (6 bytes)
Event: 8.394 Thread 0x0000025cb92b90a0 nmethod 4837 0x00000258a885db08 code [0x00000258a885dcc0, 0x00000258a885e318]
Event: 8.394 Thread 0x0000025cb9283790 nmethod 4744 0x00000258affb1d88 code [0x00000258affb1ea0, 0x00000258affb1f70]
Event: 8.394 Thread 0x000002589f8253d0 nmethod 4746 0x00000258affb2088 code [0x00000258affb21a0, 0x00000258affb2270]
Event: 8.395 Thread 0x0000025cb9283790 4844       2       java.util.stream.ReferencePipeline::wrap (11 bytes)
Event: 8.395 Thread 0x000002589f8253d0 4845       2       java.util.stream.StreamSpliterators$WrappingSpliterator::<init> (8 bytes)
Event: 8.395 Thread 0x0000025cb92b90a0 4846       2       java.util.stream.StreamSpliterators$AbstractWrappingSpliterator::<init> (25 bytes)
Event: 8.396 Thread 0x0000025cb9283790 nmethod 4844 0x00000258a885e408 code [0x00000258a885e520, 0x00000258a885e790]
Event: 8.396 Thread 0x000002589f8253d0 nmethod 4845 0x00000258a885e808 code [0x00000258a885e940, 0x00000258a885ebb8]
Event: 8.397 Thread 0x0000025cb92b90a0 nmethod 4846 0x00000258a885ec08 code [0x00000258a885ed40, 0x00000258a885efb8]
Event: 8.397 Thread 0x0000025cb9283790 4842       1       jdk.internal.jimage.ImageReader$LinkNode::isLink (2 bytes)
Event: 8.397 Thread 0x000002589f8253d0 4834       2       java.nio.file.SimpleFileVisitor::postVisitDirectory (15 bytes)
Event: 8.397 Thread 0x0000025cb9283790 nmethod 4842 0x00000258affb2388 code [0x00000258affb24a0, 0x00000258affb2568]
Event: 8.397 Thread 0x0000025cb92b90a0 4840       2       java.nio.file.FileTreeWalker$Event::<init> (9 bytes)
Event: 8.398 Thread 0x0000025cb9283790 4847       2       scala.collection.AbstractIterator::addString (10 bytes)
Event: 8.398 Thread 0x000002589f8253d0 nmethod 4834 0x00000258a885f008 code [0x00000258a885f140, 0x00000258a885f328]
Event: 8.398 Thread 0x000002589fa669c0 4824       2       java.util.concurrent.SynchronousQueue::xfer (31 bytes)
Event: 8.398 Thread 0x0000025cb92b90a0 nmethod 4840 0x00000258a885f388 code [0x00000258a885f4c0, 0x00000258a885f7a8]
Event: 8.398 Thread 0x0000025cb9283790 nmethod 4847 0x00000258a885f808 code [0x00000258a885f920, 0x00000258a885fa40]
Event: 8.398 Thread 0x000002589f8253d0 4848       2       jdk.internal.jrtfs.JrtFileAttributes::fileKey (9 bytes)
Event: 8.399 Thread 0x0000025cb92b90a0 4849       2       scala.meta.internal.metals.PackageIndex$$anon$3::preVisitDirectory (10 bytes)
Event: 8.399 Thread 0x0000025cb9283790 4815       3       sun.nio.fs.WindowsPath::equals (26 bytes)
Event: 8.399 Thread 0x000002589fa669c0 nmethod 4824 0x00000258a885fb08 code [0x00000258a885fc40, 0x00000258a885fe00]
Event: 8.399 Thread 0x000002589f8253d0 nmethod 4848 0x00000258a885fe88 code [0x00000258a885ffa0, 0x00000258a8860108]
Event: 8.399 Thread 0x0000025cb92b90a0 nmethod 4849 0x00000258a8860188 code [0x00000258a88602a0, 0x00000258a8860418]
Event: 8.400 Thread 0x000002589fa669c0 4850       2       scala.meta.internal.metals.PackageIndex$$anon$3::preVisitDirectory (69 bytes)
Event: 8.400 Thread 0x000002589f8253d0 4851       2       jdk.internal.jrtfs.JrtPath::relativize (6 bytes)
Event: 8.400 Thread 0x0000025cb9283790 nmethod 4815 0x00000258a8860488 code [0x00000258a88605c0, 0x00000258a88609a8]
Event: 8.400 Thread 0x0000025cb92b90a0 4852       2       jdk.internal.jrtfs.JrtPath::relativize (375 bytes)
Event: 8.401 Thread 0x000002589f8253d0 nmethod 4851 0x00000258a8860a08 code [0x00000258a8860b20, 0x00000258a8860c40]
Event: 8.401 Thread 0x0000025cb9283790 4853       2       jdk.internal.jrtfs.JrtPath::equals (30 bytes)
Event: 8.401 Thread 0x000002589f8253d0 4854       1       jdk.internal.jimage.ImageReader$LinkNode::isCompleted (2 bytes)
Event: 8.402 Thread 0x000002589fa669c0 nmethod 4850 0x00000258a8860d08 code [0x00000258a8860ec0, 0x00000258a8861498]
Event: 8.402 Thread 0x0000025cb9283790 nmethod 4853 0x00000258a8861588 code [0x00000258a88616c0, 0x00000258a88618f8]
Event: 8.402 Thread 0x000002589f8253d0 nmethod 4854 0x00000258affb2988 code [0x00000258affb2aa0, 0x00000258affb2b68]
Event: 8.403 Thread 0x000002589f8253d0 4821       3       java.util.stream.AbstractSpinedBuffer::<init> (10 bytes)
Event: 8.403 Thread 0x0000025cb9283790 4829       2       java.util.stream.AbstractPipeline$$Lambda/0x0000025cbb5e88d8::get (8 bytes)
Event: 8.403 Thread 0x000002589fa669c0 4830       2       java.util.stream.AbstractPipeline::lambda$spliterator$0 (6 bytes)
Event: 8.403 Thread 0x000002589f8253d0 nmethod 4821 0x00000258a8861908 code [0x00000258a8861a20, 0x00000258a8861b90]
Event: 8.404 Thread 0x0000025cb9283790 nmethod 4829 0x00000258a8861c08 code [0x00000258a8861d20, 0x00000258a8861e90]
Event: 8.404 Thread 0x000002589fa669c0 nmethod 4830 0x00000258a8861f08 code [0x00000258a8862020, 0x00000258a8862150]
Event: 8.404 Thread 0x000002589f8253d0 4831       2       java.util.stream.StreamSpliterators$WrappingSpliterator::initPartialTraversalState (46 bytes)
Event: 8.404 Thread 0x0000025cb9283790 4832       2       java.util.stream.StreamSpliterators$WrappingSpliterator$$Lambda/0x0000025cbb5e94a0::<init> (10 bytes)
Event: 8.405 Thread 0x000002589fa669c0 4833       2       java.util.stream.StreamSpliterators$WrappingSpliterator$$Lambda/0x0000025cbb5e9950::<init> (10 bytes)
Event: 8.405 Thread 0x0000025cb9283790 nmethod 4832 0x00000258a8862208 code [0x00000258a8862320, 0x00000258a8862498]
Event: 8.405 Thread 0x000002589fa669c0 nmethod 4833 0x00000258a8862508 code [0x00000258a8862620, 0x00000258a8862798]
Event: 8.406 Thread 0x0000025cb9283790 4858       2       scribe.LoggerId::<init> (14 bytes)
Event: 8.406 Thread 0x000002589f8253d0 nmethod 4831 0x00000258a8862808 code [0x00000258a8862980, 0x00000258a8862f68]
Event: 8.406 Thread 0x000002589fa669c0 4825       1       scala.meta.internal.metals.MetalsLspService::executionContext (5 bytes)
Event: 8.407 Thread 0x0000025cb9283790 nmethod 4858 0x00000258a8863008 code [0x00000258a8863120, 0x00000258a8863228]
Event: 8.407 Thread 0x000002589fa669c0 nmethod 4825 0x00000258affb2c88 code [0x00000258affb2da0, 0x00000258affb2ea0]
Event: 8.407 Thread 0x000002589f8253d0 4797       1       scala.meta.io.AbsolutePath::productArity (2 bytes)
Event: 8.408 Thread 0x0000025cb9283790 4798       1       scala.meta.io.AbsolutePath::productPrefix (3 bytes)
Event: 8.408 Thread 0x000002589fa669c0 4856       1       org.h2.jdbc.JdbcConnection::setExecutingStatement (6 bytes)
Event: 8.408 Thread 0x000002589f8253d0 nmethod 4797 0x00000258affb2f88 code [0x00000258affb30a0, 0x00000258affb3168]
Event: 8.408 Thread 0x0000025cb9283790 nmethod 4798 0x00000258affb3288 code [0x00000258affb33a0, 0x00000258affb3470]
Event: 8.408 Thread 0x000002589fa669c0 nmethod 4856 0x00000258affb3588 code [0x00000258affb36a0, 0x00000258affb37d8]
Event: 8.409 Thread 0x000002588151dfb0 nmethod 4691 0x00000258affb3888 code [0x00000258affb3a20, 0x00000258affb4658]
Event: 8.409 Thread 0x0000025883dce3e0 nmethod 4788 0x00000258affb4788 code [0x00000258affb48a0, 0x00000258affb4b10]
Event: 8.410 Thread 0x0000025cb92b90a0 nmethod 4852 0x00000258a8863308 code [0x00000258a88636c0, 0x00000258a8865420]
Event: 8.411 Thread 0x00000258815201c0 nmethod 4707 0x00000258affb4b88 code [0x00000258affb4d40, 0x00000258affb5968]
Event: 8.412 Thread 0x0000025883dce3e0 4855   !   4       scala.reflect.NameTransformer$::decode (382 bytes)
Event: 8.412 Thread 0x000002589fa669c0 4860       2       java.util.JumboEnumSet$EnumSetIterator::next (5 bytes)
Event: 8.412 Thread 0x000002589f8253d0 4861       2       java.util.JumboEnumSet$EnumSetIterator::next (74 bytes)
Event: 8.412 Thread 0x0000025cb9283790 4862       2       com.sun.tools.javac.main.Option::matches (209 bytes)
Event: 8.413 Thread 0x000002589fa669c0 nmethod 4860 0x00000258a8865588 code [0x00000258a88656a0, 0x00000258a88657c8]
Event: 8.413 Thread 0x000002589f8253d0 nmethod 4861 0x00000258a8865888 code [0x00000258a88659e0, 0x00000258a8865cf8]
Event: 8.415 Thread 0x000002589f8253d0 4864       2       jdk.internal.jrtfs.JrtPath::iterator (9 bytes)
Event: 8.415 Thread 0x000002589fa669c0 4865       2       jdk.internal.jrtfs.JrtPath$1::<init> (15 bytes)
Event: 8.416 Thread 0x0000025cb92b90a0 4866       2       scala.meta.internal.metals.ClasspathSearch$Indexer$$$Lambda/0x0000025cbb6bc7a0::apply (12 bytes)
Event: 8.416 Thread 0x000002589fa669c0 nmethod 4865 0x00000258a8865d88 code [0x00000258a8865ea0, 0x00000258a8866020]
Event: 8.416 Thread 0x000002589f8253d0 nmethod 4864 0x00000258a8866088 code [0x00000258a88661a0, 0x00000258a8866378]
Event: 8.416 Thread 0x0000025cb9283790 nmethod 4862 0x00000258a8866408 code [0x00000258a8866660, 0x00000258a8867060]
Event: 8.417 Thread 0x000002589fa669c0 4867       2       scala.meta.internal.metals.ClasspathSearch$Indexer$::$anonfun$default$2$adapted (9 bytes)
Event: 8.417 Thread 0x000002589f8253d0 4868       2       scala.meta.internal.metals.ClasspathSearch$Indexer$::$anonfun$default$2 (6 bytes)
Event: 8.417 Thread 0x000002588151dfb0 4859       4       jdk.internal.jrtfs.JrtPath::isAbsolute (29 bytes)
Event: 8.418 Thread 0x0000025cb92b90a0 nmethod 4866 0x00000258a8867108 code [0x00000258a8867260, 0x00000258a8867530]
Event: 8.418 Thread 0x00000258815201c0 4724       4       java.nio.file.Files::provider (10 bytes)
Event: 8.418 Thread 0x000002589f8253d0 nmethod 4868 0x00000258a8867608 code [0x00000258a8867740, 0x00000258a8867968]
Event: 8.419 Thread 0x000002589fa669c0 nmethod 4867 0x00000258a8867a08 code [0x00000258a8867b40, 0x00000258a8867d80]
Event: 8.419 Thread 0x0000025cb92b90a0 4872       2       com.sun.tools.javac.util.StringNameTable::fromString (18 bytes)
Event: 8.419 Thread 0x0000025cb9283790 4873       2       com.sun.tools.javac.util.StringNameTable$$Lambda/0x0000025cbb6c0cf8::<init> (10 bytes)
Event: 8.419 Thread 0x000002589f8253d0 4874       2       com.sun.tools.javac.util.StringNameTable$$Lambda/0x0000025cbb6c0cf8::apply (12 bytes)
Event: 8.420 Thread 0x000002589fa669c0 4871       2       com.sun.tools.javac.util.Context::checkState (13 bytes)
Event: 8.420 Thread 0x0000025cb9283790 nmethod 4873 0x00000258a8867e08 code [0x00000258a8867f20, 0x00000258a8868098]
Event: 8.421 Thread 0x000002589fa669c0 nmethod 4871 0x00000258a8868108 code [0x00000258a8868220, 0x00000258a88683d8]
Event: 8.421 Thread 0x0000025cb92b90a0 nmethod 4872 0x00000258a8868408 code [0x00000258a8868540, 0x00000258a88687c8]
Event: 8.421 Thread 0x000002589f8253d0 nmethod 4874 0x00000258a8868888 code [0x00000258a88689c0, 0x00000258a8868ce8]
Event: 8.421 Thread 0x0000025cb9283790 4869       2       scala.meta.internal.metals.ExcludedPackagesHandler::isExcludedPackage (14 bytes)
Event: 8.421 Thread 0x000002589fa669c0 4870       2       scala.meta.internal.metals.ExcludedPackagesHandler$$Lambda/0x0000025cbb6dc4f8::<init> (10 bytes)
Event: 8.422 Thread 0x000002589fa669c0 nmethod 4870 0x00000258a8868d88 code [0x00000258a8868ea0, 0x00000258a8869018]
Event: 8.422 Thread 0x0000025cb9283790 nmethod 4869 0x00000258a8869088 code [0x00000258a88691c0, 0x00000258a88693f0]
Event: 8.424 Thread 0x0000025881520890 nmethod 4786 0x00000258affb5a08 code [0x00000258affb5c00, 0x00000258affb6660]
Event: 8.427 Thread 0x00000258815201c0 nmethod 4724 0x00000258affb6708 code [0x00000258affb6820, 0x00000258affb6978]
Event: 8.427 Thread 0x000002588151dfb0 nmethod 4859 0x00000258affb6a08 code [0x00000258affb6b20, 0x00000258affb6cd0]
Event: 8.428 Thread 0x00000258815201c0 4717       4       java.util.stream.ReferencePipeline$2$1::accept (27 bytes)
Event: 8.428 Thread 0x0000025881520890 4756       4       jdk.internal.jrtfs.JrtFileSystem::checkNode (40 bytes)
Event: 8.428 Thread 0x000002588151dfb0 4767       4       jdk.internal.jrtfs.JrtPath::getResolvedPath (39 bytes)
Event: 8.433 Thread 0x00000258815201c0 nmethod 4717 0x00000258affb6d88 code [0x00000258affb6ea0, 0x00000258affb7058]
Event: 8.434 Thread 0x000002588151f420 nmethod 4814 0x00000258affb7088 code [0x00000258affb71c0, 0x00000258affb7610]
Event: 8.434 Thread 0x00000258815201c0 4768   !   4       jdk.internal.jrtfs.JrtFileSystem::lookup (23 bytes)
Event: 8.436 Thread 0x0000025cb9283790 4876       3       java.lang.invoke.VarHandleReferences$FieldInstanceReadWrite::getAndSet (35 bytes)
Event: 8.436 Thread 0x0000025cb92b90a0 4875       3       java.lang.invoke.VarHandleGuards::guard_LL_L (89 bytes)
Event: 8.437 Thread 0x0000025883dcc8a0 nmethod 4698 0x00000258affb7688 code [0x00000258affb7960, 0x00000258affb9538]
Event: 8.437 Thread 0x000002588151f420 4769       4       jdk.internal.jrtfs.SystemImage$1::findNode (9 bytes)
Event: 8.438 Thread 0x000002589f8253d0 4877       3       scala.meta.internal.metals.MetalsEnrichments$::XtensionNIOPath (6 bytes)
Event: 8.438 Thread 0x000002589fa669c0 4878       3       scala.meta.internal.mtags.CommonMtagsEnrichments::XtensionNIOPath$ (6 bytes)
Event: 8.438 Thread 0x0000025cb9283790 nmethod 4876 0x00000258a8869488 code [0x00000258a8869640, 0x00000258a8869e48]
Event: 8.439 Thread 0x000002589f8253d0 nmethod 4877 0x00000258a8869e88 code [0x00000258a8869fe0, 0x00000258a886a3c8]
Event: 8.439 Thread 0x000002589fa669c0 nmethod 4878 0x00000258a886a408 code [0x00000258a886a560, 0x00000258a886a958]
Event: 8.439 Thread 0x000002589f8253d0 4879       3       scala.meta.internal.mtags.CommonMtagsEnrichments::XtensionNIOPath (10 bytes)
Event: 8.439 Thread 0x000002589fa669c0 4880       3       scala.meta.internal.mtags.CommonMtagsEnrichments$XtensionNIOPath::<init> (21 bytes)
Event: 8.439 Thread 0x0000025cb9283790 4881       3       scala.meta.internal.mtags.CommonMtagsEnrichments$XtensionNIOPath::filename (13 bytes)
Event: 8.440 Thread 0x0000025cb92b90a0 nmethod 4875 0x00000258a886a988 code [0x00000258a886ac40, 0x00000258a886c1e8]
Event: 8.440 Thread 0x000002589f8253d0 nmethod 4879 0x00000258a886c288 code [0x00000258a886c3c0, 0x00000258a886c6e8]
Event: 8.440 Thread 0x000002589fa669c0 nmethod 4880 0x00000258a886c788 code [0x00000258a886c8c0, 0x00000258a886cb58]
Event: 8.440 Thread 0x0000025cb9283790 nmethod 4881 0x00000258a886cb88 code [0x00000258a886ccc0, 0x00000258a886cf90]
Event: 8.440 Thread 0x000002589f8253d0 4882       3       java.util.concurrent.SynchronousQueue::offer (20 bytes)
Event: 8.441 Thread 0x000002589fa669c0 4884       3       java.lang.Integer::toString (55 bytes)
Event: 8.441 Thread 0x0000025cb9283790 4883       3       com.google.gson.stream.JsonWriter::value (24 bytes)
Event: 8.441 Thread 0x000002589f8253d0 nmethod 4882 0x00000258a886d008 code [0x00000258a886d160, 0x00000258a886d450]
Event: 8.442 Thread 0x000002589fa669c0 nmethod 4884 0x00000258a886d488 code [0x00000258a886d5e0, 0x00000258a886d980]
Event: 8.442 Thread 0x0000025cb9283790 nmethod 4883 0x00000258a886da08 code [0x00000258a886db80, 0x00000258a886e008]
Event: 8.442 Thread 0x00000258815201c0 nmethod 4768 0x00000258affb9688 code [0x00000258affb97c0, 0x00000258affb9a08]
Event: 8.443 Thread 0x00000258815201c0 4740       4       java.util.Spliterators$1Adapter::hasNext (23 bytes)
Event: 8.444 Thread 0x000002589f823290 nmethod 4773 0x00000258affb9a88 code [0x00000258affb9d20, 0x00000258affbb950]
Event: 8.444 Thread 0x000002588151f420 nmethod 4769 0x00000258affbba08 code [0x00000258affbbb20, 0x00000258affbbcb8]
Event: 8.445 Thread 0x000002588151f420 4774       4       jdk.internal.jrtfs.JrtPath::getFileSystem (5 bytes)
Event: 8.446 Thread 0x000002588151dfb0 nmethod 4767 0x00000258affbbd08 code [0x00000258affbbe60, 0x00000258affbc390]
Event: 8.446 Thread 0x0000025883dcc8a0 4778       4       jdk.internal.jrtfs.JrtPath::checkPath (49 bytes)
Event: 8.448 Thread 0x000002588151dfb0 4783   !   4       jdk.internal.jrtfs.JrtDirectoryStream$1::hasNext (41 bytes)
Event: 8.448 Thread 0x000002588151f420 nmethod 4774 0x00000258affbc488 code [0x00000258affbc580, 0x00000258affbc638]
Event: 8.449 Thread 0x000002589f823290 4784       4       java.util.stream.StreamSpliterators$WrappingSpliterator::tryAdvance (36 bytes)
Event: 8.449 Thread 0x000002588151f420 4785       4       java.util.stream.StreamSpliterators$AbstractWrappingSpliterator::doAdvance (106 bytes)
Event: 8.449 Thread 0x0000025cb9283790 4886       3       com.sun.tools.javac.util.Context::uncheckedCast (2 bytes)
Event: 8.449 Thread 0x0000025cb9283790 nmethod 4886 0x00000258a886e088 code [0x00000258a886e1a0, 0x00000258a886e290]
Event: 8.450 Thread 0x0000025883dcc8a0 nmethod 4778 0x00000258affbc788 code [0x00000258affbc880, 0x00000258affbc938]
Event: 8.451 Thread 0x0000025881520890 nmethod 4756 0x00000258affbca88 code [0x00000258affbcc20, 0x00000258affbd400]
Event: 8.451 Thread 0x0000025883dcc8a0 4787   !   4       java.nio.file.FileTreeWalker::next (144 bytes)
Event: 8.453 Thread 0x0000025881520890 4649       4       java.util.Spliterators$1Adapter::accept (11 bytes)
Event: 8.455 Thread 0x0000025cb9283790 4887       3       java.util.ArrayDeque::<init> (14 bytes)
Event: 8.456 Thread 0x0000025cb9283790 nmethod 4887 0x00000258a886e388 code [0x00000258a886e4c0, 0x00000258a886e798]
Event: 8.456 Thread 0x0000025881520890 nmethod 4649 0x00000258affbd508 code [0x00000258affbd600, 0x00000258affbd710]
Event: 8.457 Thread 0x0000025881520890 4771       4       java.util.Spliterators$1Adapter::next (39 bytes)
Event: 8.457 Thread 0x0000025883dce3e0 nmethod 4855 0x00000258affbd808 code [0x00000258affbd980, 0x00000258affbe038]
Event: 8.460 Thread 0x0000025881520890 nmethod 4771 0x00000258affbe108 code [0x00000258affbe200, 0x00000258affbe368]
Event: 8.461 Thread 0x0000025881520890 4790       4       jdk.internal.jrtfs.JrtFileSystemProvider::readAttributes (25 bytes)
Event: 8.462 Thread 0x0000025883dce3e0 4791       4       jdk.internal.jrtfs.JrtFileSystem::getFileAttributes (42 bytes)
Event: 8.486 Thread 0x0000025883dce3e0 nmethod 4791 0x00000258affbe408 code [0x00000258affbe5c0, 0x00000258affbeea8]
Event: 8.488 Thread 0x0000025881520890 nmethod 4790 0x00000258affbf008 code [0x00000258affbf1e0, 0x00000258affbfc18]
Event: 8.489 Thread 0x0000025883dce3e0 4792       4       jdk.internal.jrtfs.JrtFileSystem$$Lambda/0x0000025cbb5e8438::apply (16 bytes)
Event: 8.491 Thread 0x0000025881520890 4793       4       jdk.internal.jrtfs.JrtFileSystem::lambda$iteratorOf$2 (20 bytes)
Event: 8.494 Thread 0x000002588151f420 nmethod 4785 0x00000258affbfd88 code [0x00000258affc0020, 0x00000258affc1238]
Event: 8.496 Thread 0x00000258815201c0 nmethod 4740 0x00000258affc1388 code [0x00000258affc1660, 0x00000258affc2ca8]
Event: 8.499 Thread 0x000002588151f420 4802       4       jdk.internal.jrtfs.JrtPath::resolve (125 bytes)
Event: 8.500 Thread 0x000002589f823290 nmethod 4784 0x00000258affc2e08 code [0x00000258affc30c0, 0x00000258affc46e8]
Event: 8.500 Thread 0x000002589f8253d0 4889       1       java.nio.file.FileTreeWalker$DirectoryNode::stream (5 bytes)
Event: 8.500 Thread 0x000002589f8253d0 nmethod 4889 0x00000258affc4808 code [0x00000258affc4920, 0x00000258affc4a18]
Event: 8.502 Thread 0x00000258815201c0 4803       4       jdk.internal.jrtfs.JrtFileSystem$$Lambda/0x0000025cbb5e8680::test (12 bytes)
Event: 8.506 Thread 0x000002589f823290 4804       4       java.util.stream.StreamSpliterators$WrappingSpliterator$$Lambda/0x0000025cbb5e94a0::accept (9 bytes)
Event: 8.507 Thread 0x00000258815201c0 nmethod 4803 0x00000258affc4b08 code [0x00000258affc4c20, 0x00000258affc4d68]
Event: 8.508 Thread 0x00000258815201c0 4806       4       jdk.internal.jrtfs.JrtDirectoryStream$1::next (5 bytes)
Event: 8.509 Thread 0x000002588151dfb0 nmethod 4783 0x00000258affc4e08 code [0x00000258affc5100, 0x00000258affc6b48]
Event: 8.516 Thread 0x00000258815201c0 nmethod 4806 0x00000258affc6c88 code [0x00000258affc6dc0, 0x00000258affc7278]
Event: 8.516 Thread 0x000002589f823290 nmethod 4804 0x00000258affc7308 code [0x00000258affc7480, 0x00000258affc79d8]
Event: 8.516 Thread 0x000002588151dfb0 4890       4       jdk.internal.jrtfs.JrtPath::initOffsets (146 bytes)
Event: 8.517 Thread 0x00000258815201c0 4817   !   4       java.nio.file.FileTreeWalker::visit (204 bytes)
Event: 8.518 Thread 0x000002589f823290 4818   !   4       java.nio.file.FileTreeWalker::getAttributes (94 bytes)
Event: 8.532 Thread 0x0000025cb92b90a0 4892       3       com.sun.tools.javac.util.List::nil (4 bytes)
Event: 8.532 Thread 0x0000025cb92b90a0 nmethod 4892 0x00000258a886e808 code [0x00000258a886e920, 0x00000258a886ea18]
Event: 8.542 Thread 0x0000025cb9283790 4894       3       com.sun.tools.javac.util.Context::get (82 bytes)
Event: 8.543 Thread 0x0000025cb9283790 nmethod 4894 0x00000258a886eb08 code [0x00000258a886ed20, 0x00000258a886f928]
Event: 8.554 Thread 0x0000025cb92b90a0 4896 % !   3       java.nio.file.Files::walkFileTree @ 19 (297 bytes)
Event: 8.554 Thread 0x000002588151dfb0 nmethod 4890 0x00000258affc7a08 code [0x00000258affc7ba0, 0x00000258affc8810]
Event: 8.557 Thread 0x000002589f823290 nmethod 4818 0x00000258affc8888 code [0x00000258affc8ac0, 0x00000258affc98e8]
Event: 8.558 Thread 0x000002588151dfb0 4819       4       jdk.internal.jrtfs.JrtFileAttributes::isDirectory (8 bytes)
Event: 8.559 Thread 0x0000025cb92b90a0 nmethod 4896% 0x00000258a886fa08 code [0x00000258a886fe60, 0x00000258a8872468]
Event: 8.562 Thread 0x000002588151dfb0 nmethod 4819 0x00000258affc9b08 code [0x00000258affc9c20, 0x00000258affc9d20]
Event: 8.562 Thread 0x000002589f823290 4822       4       java.nio.file.FileTreeWalker$Event::<init> (9 bytes)
Event: 8.562 Thread 0x0000025cb92b90a0 4898   !   3       java.nio.file.Files::walkFileTree (297 bytes)
Event: 8.563 Thread 0x000002588151dfb0 4826       4       scala.meta.internal.metals.PackageIndex$$anon$3::visitFile (10 bytes)
Event: 8.565 Thread 0x000002589f823290 nmethod 4822 0x00000258affc9e08 code [0x00000258affc9f20, 0x00000258affca228]
Event: 8.566 Thread 0x000002589f823290 4827       4       scala.meta.internal.metals.PackageIndex$$anon$3::visitFile (38 bytes)
Event: 8.567 Thread 0x0000025cb92b90a0 nmethod 4898 0x00000258a8872588 code [0x00000258a88729a0, 0x00000258a8874af8]
Event: 8.585 Thread 0x000002588151dfb0 nmethod 4826 0x00000258affca288 code [0x00000258affca400, 0x00000258affcaa10]
Event: 8.586 Thread 0x0000025883dcc8a0 nmethod 4787 0x00000258affcab08 code [0x00000258affcb060, 0x00000258affcf350]
Event: 8.588 Thread 0x000002588151dfb0 4828       4       jdk.internal.jrtfs.JrtPath::getFileName (5 bytes)
Event: 8.591 Thread 0x000002588151dfb0 nmethod 4828 0x00000258affcf708 code [0x00000258affcf820, 0x00000258affcf8c0]
Event: 8.592 Thread 0x000002588151dfb0 4835       4       scala.meta.internal.metals.PackageIndex::addMember (41 bytes)
Event: 8.593 Thread 0x000002589f823290 nmethod 4827 0x00000258affcfa08 code [0x00000258affcfb80, 0x00000258affd0190]
Event: 8.596 Thread 0x0000025cb92b90a0 4899       3       java.lang.Enum::compareTo (44 bytes)
Event: 8.596 Thread 0x000002589f823290 4816   !   4       jdk.internal.jrtfs.JrtDirectoryStream$1::next (48 bytes)
Event: 8.597 Thread 0x0000025cb92b90a0 nmethod 4899 0x00000258a8874c08 code [0x00000258a8874d80, 0x00000258a8875300]
Event: 8.598 Thread 0x000002588151f420 nmethod 4802 0x00000258affd0288 code [0x00000258affd05a0, 0x00000258affd2bd0]
Event: 8.598 Thread 0x0000025883dcc8a0 4805       4       java.util.stream.SpinedBuffer::get (123 bytes)
Event: 8.599 Thread 0x0000025cb92b90a0 4900       3       jdk.internal.reflect.Reflection::filter (165 bytes)
Event: 8.600 Thread 0x0000025cb92b90a0 nmethod 4900 0x00000258a8875388 code [0x00000258a88755a0, 0x00000258a88763c0]
Event: 8.602 Thread 0x000002588151dfb0 nmethod 4835 0x00000258affd2d88 code [0x00000258affd2ee0, 0x00000258affd3268]
Event: 9.469 Thread 0x000002589fa669c0 4901       3       org.h2.mvstore.Chunk::isLive (13 bytes)

GC Heap History (12 events):
Event: 2.885 GC heap before
{Heap before GC invocations=0 (full 0):
 ZHeap           used 116M, capacity 116M, max capacity 2048M
 Metaspace       used 21150K, committed 21568K, reserved 1114112K
  class space    used 2437K, committed 2624K, reserved 1048576K
}
Event: 2.927 GC heap after
{Heap after GC invocations=1 (full 1):
 ZHeap           used 62M, capacity 126M, max capacity 2048M
 Metaspace       used 21526K, committed 21952K, reserved 1114112K
  class space    used 2475K, committed 2688K, reserved 1048576K
}
Event: 2.927 GC heap before
{Heap before GC invocations=1 (full 1):
 ZHeap           used 62M, capacity 126M, max capacity 2048M
 Metaspace       used 21526K, committed 21952K, reserved 1114112K
  class space    used 2475K, committed 2688K, reserved 1048576K
}
Event: 3.006 GC heap after
{Heap after GC invocations=1 (full 1):
 ZHeap           used 66M, capacity 126M, max capacity 2048M
 Metaspace       used 21983K, committed 22464K, reserved 1114112K
  class space    used 2534K, committed 2752K, reserved 1048576K
}
Event: 6.651 GC heap before
{Heap before GC invocations=1 (full 1):
 ZHeap           used 154M, capacity 158M, max capacity 2048M
 Metaspace       used 36941K, committed 37504K, reserved 1114112K
  class space    used 4484K, committed 4736K, reserved 1048576K
}
Event: 6.734 GC heap after
{Heap after GC invocations=2 (full 2):
 ZHeap           used 128M, capacity 226M, max capacity 2048M
 Metaspace       used 37833K, committed 38336K, reserved 1114112K
  class space    used 4604K, committed 4800K, reserved 1048576K
}
Event: 6.734 GC heap before
{Heap before GC invocations=2 (full 2):
 ZHeap           used 128M, capacity 226M, max capacity 2048M
 Metaspace       used 37833K, committed 38336K, reserved 1114112K
  class space    used 4604K, committed 4800K, reserved 1048576K
}
Event: 6.818 GC heap after
{Heap after GC invocations=2 (full 2):
 ZHeap           used 166M, capacity 258M, max capacity 2048M
 Metaspace       used 38550K, committed 39104K, reserved 1114112K
  class space    used 4692K, committed 4928K, reserved 1048576K
}
Event: 7.458 GC heap before
{Heap before GC invocations=2 (full 2):
 ZHeap           used 206M, capacity 258M, max capacity 2048M
 Metaspace       used 45317K, committed 45952K, reserved 1114112K
  class space    used 5521K, committed 5760K, reserved 1048576K
}
Event: 7.477 GC heap after
{Heap after GC invocations=3 (full 3):
 ZHeap           used 150M, capacity 322M, max capacity 2048M
 Metaspace       used 45317K, committed 45952K, reserved 1114112K
  class space    used 5521K, committed 5760K, reserved 1048576K
}
Event: 7.477 GC heap before
{Heap before GC invocations=3 (full 3):
 ZHeap           used 150M, capacity 322M, max capacity 2048M
 Metaspace       used 45317K, committed 45952K, reserved 1114112K
  class space    used 5521K, committed 5760K, reserved 1048576K
}
Event: 7.514 GC heap after
{Heap after GC invocations=3 (full 3):
 ZHeap           used 182M, capacity 322M, max capacity 2048M
 Metaspace       used 45434K, committed 46016K, reserved 1114112K
  class space    used 5532K, committed 5760K, reserved 1048576K
}

Dll operation events (15 events):
Event: 0.010 Loaded shared library C:\Program Files\Java\jdk-23\bin\java.dll
Event: 0.011 Loaded shared library KernelBase
Event: 0.053 Loaded shared library C:\Program Files\Java\jdk-23\bin\jsvml.dll
Event: 0.356 Loaded shared library C:\Program Files\Java\jdk-23\bin\net.dll
Event: 0.360 Loaded shared library C:\Program Files\Java\jdk-23\bin\nio.dll
Event: 0.379 Loaded shared library C:\Program Files\Java\jdk-23\bin\zip.dll
Event: 1.297 Loaded shared library C:\Windows\System32\ole32.dll
Event: 1.298 Loaded shared library C:\Windows\System32\shell32.dll
Event: 1.340 Loaded shared library C:\Windows\System32\ucrtbase.dll
Event: 1.342 Loaded shared library C:\Program Files\Java\jdk-23\bin\syslookup.dll
Event: 1.618 Loaded shared library C:\Program Files\Java\jdk-23\bin\jimage.dll
Event: 3.013 Loaded shared library C:\Users\weron\AppData\Local\Temp\csjniutils-0.3.311485245391035483060.dll
Event: 4.071 Loaded shared library C:\Program Files\Java\jdk-23\bin\management.dll
Event: 4.083 Loaded shared library C:\Program Files\Java\jdk-23\bin\management_ext.dll
Event: 6.413 Loaded shared library C:\Program Files\Java\jdk-23\bin\extnet.dll

Deoptimization events (250 events):
Event: 4.205 Thread 0x000002589f802460 Uncommon trap: trap_request=0xffffff45 fr.pc=0x00000258aff0af08 relative=0x0000000000000448
Event: 4.205 Thread 0x000002589f802460 Uncommon trap: reason=unstable_if action=reinterpret pc=0x00000258aff0af08 method=java.lang.String.<init>(Ljava/lang/AbstractStringBuilder;Ljava/lang/Void;)V @ 19 c2
Event: 4.205 Thread 0x000002589f802460 DEOPT PACKING pc=0x00000258aff0af08 sp=0x000000cd0bbfcea0
Event: 4.205 Thread 0x000002589f802460 DEOPT UNPACKING pc=0x00000258af703d02 sp=0x000000cd0bbfce68 mode 2
Event: 4.207 Thread 0x000002589f802460 Uncommon trap: trap_request=0xffffff45 fr.pc=0x00000258afe0f9ec relative=0x000000000000014c
Event: 4.207 Thread 0x000002589f802460 Uncommon trap: reason=unstable_if action=reinterpret pc=0x00000258afe0f9ec method=java.lang.String.indexOf(I)I @ 4 c2
Event: 4.208 Thread 0x000002589f802460 DEOPT PACKING pc=0x00000258afe0f9ec sp=0x000000cd0bbfcff0
Event: 4.208 Thread 0x000002589f802460 DEOPT UNPACKING pc=0x00000258af703d02 sp=0x000000cd0bbfcfa0 mode 2
Event: 4.208 Thread 0x000002589f802460 Uncommon trap: trap_request=0xffffff45 fr.pc=0x00000258afe35d20 relative=0x00000000000005c0
Event: 4.208 Thread 0x000002589f802460 Uncommon trap: reason=unstable_if action=reinterpret pc=0x00000258afe35d20 method=java.lang.String.substring(II)Ljava/lang/String; @ 31 c2
Event: 4.209 Thread 0x000002589f802460 DEOPT PACKING pc=0x00000258afe35d20 sp=0x000000cd0bbfcfb0
Event: 4.209 Thread 0x000002589f802460 DEOPT UNPACKING pc=0x00000258af703d02 sp=0x000000cd0bbfcf80 mode 2
Event: 4.209 Thread 0x000002589f802460 Uncommon trap: trap_request=0xffffff45 fr.pc=0x00000258afe82800 relative=0x00000000000001e0
Event: 4.210 Thread 0x000002589f802460 Uncommon trap: reason=unstable_if action=reinterpret pc=0x00000258afe82800 method=java.lang.String.startsWith(Ljava/lang/String;I)Z @ 50 c2
Event: 4.210 Thread 0x000002589f802460 DEOPT PACKING pc=0x00000258afe82800 sp=0x000000cd0bbfd060
Event: 4.210 Thread 0x000002589f802460 DEOPT UNPACKING pc=0x00000258af703d02 sp=0x000000cd0bbfcf90 mode 2
Event: 4.210 Thread 0x000002589f802460 Uncommon trap: trap_request=0xffffff45 fr.pc=0x00000258afe82d34 relative=0x0000000000000214
Event: 4.211 Thread 0x000002589f802460 Uncommon trap: reason=unstable_if action=reinterpret pc=0x00000258afe82d34 method=java.lang.String.startsWith(Ljava/lang/String;I)Z @ 50 c2
Event: 4.211 Thread 0x000002589f802460 DEOPT PACKING pc=0x00000258afe82d34 sp=0x000000cd0bbfcff0
Event: 4.211 Thread 0x000002589f802460 DEOPT UNPACKING pc=0x00000258af703d02 sp=0x000000cd0bbfcf90 mode 2
Event: 4.238 Thread 0x000002589f802460 Uncommon trap: trap_request=0xffffff45 fr.pc=0x00000258afee1fbc relative=0x0000000000000a1c
Event: 4.238 Thread 0x000002589f802460 Uncommon trap: reason=unstable_if action=reinterpret pc=0x00000258afee1fbc method=jdk.internal.loader.URLClassPath.getResource(Ljava/lang/String;Z)Ljdk/internal/loader/Resource; @ 47 c2
Event: 4.238 Thread 0x000002589f802460 DEOPT PACKING pc=0x00000258afee1fbc sp=0x000000cd0bbfcae0
Event: 4.238 Thread 0x000002589f802460 DEOPT UNPACKING pc=0x00000258af703d02 sp=0x000000cd0bbfcb00 mode 2
Event: 4.238 Thread 0x000002589f802460 Uncommon trap: trap_request=0xffffff45 fr.pc=0x00000258afe756e0 relative=0x0000000000000320
Event: 4.238 Thread 0x000002589f802460 Uncommon trap: reason=unstable_if action=reinterpret pc=0x00000258afe756e0 method=java.lang.CharacterDataLatin1.equalsIgnoreCase(BB)Z @ 54 c2
Event: 4.238 Thread 0x000002589f802460 DEOPT PACKING pc=0x00000258afe756e0 sp=0x000000cd0bbfe1c0
Event: 4.238 Thread 0x000002589f802460 DEOPT UNPACKING pc=0x00000258af703d02 sp=0x000000cd0bbfe028 mode 2
Event: 4.238 Thread 0x000002589f802460 Uncommon trap: trap_request=0xffffff45 fr.pc=0x00000258afe53b00 relative=0x0000000000000080
Event: 4.238 Thread 0x000002589f802460 Uncommon trap: reason=unstable_if action=reinterpret pc=0x00000258afe53b00 method=java.lang.CharacterDataLatin1.equalsIgnoreCase(BB)Z @ 54 c2
Event: 4.238 Thread 0x000002589f802460 DEOPT PACKING pc=0x00000258afe53b00 sp=0x000000cd0bbfe090
Event: 4.238 Thread 0x000002589f802460 DEOPT UNPACKING pc=0x00000258af703d02 sp=0x000000cd0bbfe020 mode 2
Event: 4.248 Thread 0x000002589f802460 DEOPT PACKING pc=0x00000258a867ddc1 sp=0x000000cd0bbfc4e0
Event: 4.248 Thread 0x000002589f802460 DEOPT UNPACKING pc=0x00000258af704422 sp=0x000000cd0bbfb950 mode 0
Event: 4.309 Thread 0x000002589f802460 Uncommon trap: trap_request=0xffffffc6 fr.pc=0x00000258aff0dd44 relative=0x00000000000000a4
Event: 4.309 Thread 0x000002589f802460 Uncommon trap: reason=bimorphic_or_optimized_type_check action=maybe_recompile pc=0x00000258aff0dd44 method=java.util.Collections$UnmodifiableCollection$1.hasNext()Z @ 4 c2
Event: 4.309 Thread 0x000002589f802460 DEOPT PACKING pc=0x00000258aff0dd44 sp=0x000000cd0bbfdbd0
Event: 4.309 Thread 0x000002589f802460 DEOPT UNPACKING pc=0x00000258af703d02 sp=0x000000cd0bbfdb60 mode 2
Event: 4.309 Thread 0x000002589f802460 Uncommon trap: trap_request=0xffffffc6 fr.pc=0x00000258aff0ed70 relative=0x0000000000000190
Event: 4.309 Thread 0x000002589f802460 Uncommon trap: reason=bimorphic_or_optimized_type_check action=maybe_recompile pc=0x00000258aff0ed70 method=java.util.Collections$UnmodifiableCollection$1.next()Ljava/lang/Object; @ 4 c2
Event: 4.309 Thread 0x000002589f802460 DEOPT PACKING pc=0x00000258aff0ed70 sp=0x000000cd0bbfdbc0
Event: 4.309 Thread 0x000002589f802460 DEOPT UNPACKING pc=0x00000258af703d02 sp=0x000000cd0bbfdb60 mode 2
Event: 4.309 Thread 0x000002589f802460 Uncommon trap: trap_request=0xffffffc6 fr.pc=0x00000258aff0dd44 relative=0x00000000000000a4
Event: 4.309 Thread 0x000002589f802460 Uncommon trap: reason=bimorphic_or_optimized_type_check action=maybe_recompile pc=0x00000258aff0dd44 method=java.util.Collections$UnmodifiableCollection$1.hasNext()Z @ 4 c2
Event: 4.309 Thread 0x000002589f802460 DEOPT PACKING pc=0x00000258aff0dd44 sp=0x000000cd0bbfdbd0
Event: 4.309 Thread 0x000002589f802460 DEOPT UNPACKING pc=0x00000258af703d02 sp=0x000000cd0bbfdb60 mode 2
Event: 4.309 Thread 0x000002589f802460 Uncommon trap: trap_request=0xffffffc6 fr.pc=0x00000258aff0ed70 relative=0x0000000000000190
Event: 4.309 Thread 0x000002589f802460 Uncommon trap: reason=bimorphic_or_optimized_type_check action=maybe_recompile pc=0x00000258aff0ed70 method=java.util.Collections$UnmodifiableCollection$1.next()Ljava/lang/Object; @ 4 c2
Event: 4.309 Thread 0x000002589f802460 DEOPT PACKING pc=0x00000258aff0ed70 sp=0x000000cd0bbfdbc0
Event: 4.309 Thread 0x000002589f802460 DEOPT UNPACKING pc=0x00000258af703d02 sp=0x000000cd0bbfdb60 mode 2
Event: 4.309 Thread 0x000002589f802460 Uncommon trap: trap_request=0xffffffc6 fr.pc=0x00000258aff0dd44 relative=0x00000000000000a4
Event: 4.309 Thread 0x000002589f802460 Uncommon trap: reason=bimorphic_or_optimized_type_check action=maybe_recompile pc=0x00000258aff0dd44 method=java.util.Collections$UnmodifiableCollection$1.hasNext()Z @ 4 c2
Event: 4.309 Thread 0x000002589f802460 DEOPT PACKING pc=0x00000258aff0dd44 sp=0x000000cd0bbfdbd0
Event: 4.309 Thread 0x000002589f802460 DEOPT UNPACKING pc=0x00000258af703d02 sp=0x000000cd0bbfdb60 mode 2
Event: 4.309 Thread 0x000002589f802460 Uncommon trap: trap_request=0xffffffc6 fr.pc=0x00000258aff0ed70 relative=0x0000000000000190
Event: 4.309 Thread 0x000002589f802460 Uncommon trap: reason=bimorphic_or_optimized_type_check action=maybe_recompile pc=0x00000258aff0ed70 method=java.util.Collections$UnmodifiableCollection$1.next()Ljava/lang/Object; @ 4 c2
Event: 4.309 Thread 0x000002589f802460 DEOPT PACKING pc=0x00000258aff0ed70 sp=0x000000cd0bbfdbc0
Event: 4.309 Thread 0x000002589f802460 DEOPT UNPACKING pc=0x00000258af703d02 sp=0x000000cd0bbfdb60 mode 2
Event: 4.309 Thread 0x000002589f802460 Uncommon trap: trap_request=0xffffffc6 fr.pc=0x00000258aff0dd44 relative=0x00000000000000a4
Event: 4.309 Thread 0x000002589f802460 Uncommon trap: reason=bimorphic_or_optimized_type_check action=maybe_recompile pc=0x00000258aff0dd44 method=java.util.Collections$UnmodifiableCollection$1.hasNext()Z @ 4 c2
Event: 4.309 Thread 0x000002589f802460 DEOPT PACKING pc=0x00000258aff0dd44 sp=0x000000cd0bbfdbd0
Event: 4.309 Thread 0x000002589f802460 DEOPT UNPACKING pc=0x00000258af703d02 sp=0x000000cd0bbfdb60 mode 2
Event: 4.309 Thread 0x000002589f802460 Uncommon trap: trap_request=0xffffffc6 fr.pc=0x00000258aff0ed70 relative=0x0000000000000190
Event: 4.309 Thread 0x000002589f802460 Uncommon trap: reason=bimorphic_or_optimized_type_check action=maybe_recompile pc=0x00000258aff0ed70 method=java.util.Collections$UnmodifiableCollection$1.next()Ljava/lang/Object; @ 4 c2
Event: 4.309 Thread 0x000002589f802460 DEOPT PACKING pc=0x00000258aff0ed70 sp=0x000000cd0bbfdbc0
Event: 4.309 Thread 0x000002589f802460 DEOPT UNPACKING pc=0x00000258af703d02 sp=0x000000cd0bbfdb60 mode 2
Event: 4.314 Thread 0x000002589f802460 Uncommon trap: trap_request=0xffffff45 fr.pc=0x00000258aff165d0 relative=0x0000000000000b10
Event: 4.314 Thread 0x000002589f802460 Uncommon trap: reason=unstable_if action=reinterpret pc=0x00000258aff165d0 method=java.util.concurrent.ConcurrentHashMap.putVal(Ljava/lang/Object;Ljava/lang/Object;Z)Ljava/lang/Object; @ 148 c2
Event: 4.314 Thread 0x000002589f802460 DEOPT PACKING pc=0x00000258aff165d0 sp=0x000000cd0bbfcea0
Event: 4.314 Thread 0x000002589f802460 DEOPT UNPACKING pc=0x00000258af703d02 sp=0x000000cd0bbfce10 mode 2
Event: 6.531 Thread 0x000002589f802460 Uncommon trap: trap_request=0xffffff45 fr.pc=0x00000258afe92a88 relative=0x00000000000004a8
Event: 6.531 Thread 0x000002589f802460 Uncommon trap: reason=unstable_if action=reinterpret pc=0x00000258afe92a88 method=java.util.ArrayList.grow(I)[Ljava/lang/Object; @ 17 c2
Event: 6.531 Thread 0x000002589f802460 DEOPT PACKING pc=0x00000258afe92a88 sp=0x000000cd0bbfd800
Event: 6.531 Thread 0x000002589f802460 DEOPT UNPACKING pc=0x00000258af703d02 sp=0x000000cd0bbfd698 mode 2
Event: 6.533 Thread 0x000002589f802460 DEOPT PACKING pc=0x00000258a867ddc1 sp=0x000000cd0bbfc990
Event: 6.533 Thread 0x000002589f802460 DEOPT UNPACKING pc=0x00000258af704422 sp=0x000000cd0bbfbe00 mode 0
Event: 6.695 Thread 0x000002589f802460 DEOPT PACKING pc=0x00000258a867ddc1 sp=0x000000cd0bbf9500
Event: 6.695 Thread 0x000002589f802460 DEOPT UNPACKING pc=0x00000258af704422 sp=0x000000cd0bbf8970 mode 0
Event: 6.735 Thread 0x000002589f802460 Uncommon trap: trap_request=0xffffffde fr.pc=0x00000258aff1b294 relative=0x0000000000000074
Event: 6.735 Thread 0x000002589f802460 Uncommon trap: reason=class_check action=maybe_recompile pc=0x00000258aff1b294 method=java.util.LinkedHashMap.afterNodeInsertion(Z)V @ 15 c2
Event: 6.735 Thread 0x000002589f802460 DEOPT PACKING pc=0x00000258aff1b294 sp=0x000000cd0bbfdb50
Event: 6.735 Thread 0x000002589f802460 DEOPT UNPACKING pc=0x00000258af703d02 sp=0x000000cd0bbfdac8 mode 2
Event: 6.746 Thread 0x000002589f802460 Uncommon trap: trap_request=0xffffffde fr.pc=0x00000258aff1b294 relative=0x0000000000000074
Event: 6.746 Thread 0x000002589f802460 Uncommon trap: reason=class_check action=maybe_recompile pc=0x00000258aff1b294 method=java.util.LinkedHashMap.afterNodeInsertion(Z)V @ 15 c2
Event: 6.746 Thread 0x000002589f802460 DEOPT PACKING pc=0x00000258aff1b294 sp=0x000000cd0bbfdb50
Event: 6.746 Thread 0x000002589f802460 DEOPT UNPACKING pc=0x00000258af703d02 sp=0x000000cd0bbfdac8 mode 2
Event: 6.760 Thread 0x000002589f802460 Uncommon trap: trap_request=0xffffffc6 fr.pc=0x00000258afe7fb5c relative=0x00000000000004fc
Event: 6.760 Thread 0x000002589f802460 Uncommon trap: reason=bimorphic_or_optimized_type_check action=maybe_recompile pc=0x00000258afe7fb5c method=java.lang.invoke.VarHandleGuards.guard_LI_I(Ljava/lang/invoke/VarHandle;Ljava/lang/Object;ILjava/lang/invoke/VarHandle$AccessDescriptor;)I @ 2 c2
Event: 6.760 Thread 0x000002589f802460 DEOPT PACKING pc=0x00000258afe7fb5c sp=0x000000cd0bbfda60
Event: 6.760 Thread 0x000002589f802460 DEOPT UNPACKING pc=0x00000258af703d02 sp=0x000000cd0bbfda08 mode 2
Event: 6.765 Thread 0x000002589f802460 Uncommon trap: trap_request=0xffffffc6 fr.pc=0x00000258afe7fb5c relative=0x00000000000004fc
Event: 6.765 Thread 0x000002589f802460 Uncommon trap: reason=bimorphic_or_optimized_type_check action=maybe_recompile pc=0x00000258afe7fb5c method=java.lang.invoke.VarHandleGuards.guard_LI_I(Ljava/lang/invoke/VarHandle;Ljava/lang/Object;ILjava/lang/invoke/VarHandle$AccessDescriptor;)I @ 2 c2
Event: 6.765 Thread 0x000002589f802460 DEOPT PACKING pc=0x00000258afe7fb5c sp=0x000000cd0bbfdab0
Event: 6.765 Thread 0x000002589f802460 DEOPT UNPACKING pc=0x00000258af703d02 sp=0x000000cd0bbfda58 mode 2
Event: 6.765 Thread 0x000002589f802460 Uncommon trap: trap_request=0xffffffc6 fr.pc=0x00000258afe7fb5c relative=0x00000000000004fc
Event: 6.765 Thread 0x000002589f802460 Uncommon trap: reason=bimorphic_or_optimized_type_check action=maybe_recompile pc=0x00000258afe7fb5c method=java.lang.invoke.VarHandleGuards.guard_LI_I(Ljava/lang/invoke/VarHandle;Ljava/lang/Object;ILjava/lang/invoke/VarHandle$AccessDescriptor;)I @ 2 c2
Event: 6.765 Thread 0x000002589f802460 DEOPT PACKING pc=0x00000258afe7fb5c sp=0x000000cd0bbfdd00
Event: 6.765 Thread 0x000002589f802460 DEOPT UNPACKING pc=0x00000258af703d02 sp=0x000000cd0bbfdca8 mode 2
Event: 6.773 Thread 0x0000025cffaa0b60 Uncommon trap: trap_request=0xffffff45 fr.pc=0x00000258afe76a68 relative=0x0000000000000888
Event: 6.773 Thread 0x0000025cffaa0b60 Uncommon trap: reason=unstable_if action=reinterpret pc=0x00000258afe76a68 method=java.io.BufferedInputStream.implRead([BII)I @ 55 c2
Event: 6.773 Thread 0x0000025cffaa0b60 DEOPT PACKING pc=0x00000258afe76a68 sp=0x000000cd0f5fef00
Event: 6.773 Thread 0x0000025cffaa0b60 DEOPT UNPACKING pc=0x00000258af703d02 sp=0x000000cd0f5feed8 mode 2
Event: 6.776 Thread 0x0000025cffaa0b60 Uncommon trap: trap_request=0xffffff45 fr.pc=0x00000258aff1ea00 relative=0x0000000000000520
Event: 6.776 Thread 0x0000025cffaa0b60 Uncommon trap: reason=unstable_if action=reinterpret pc=0x00000258aff1ea00 method=java.lang.String.<init>(Ljava/lang/AbstractStringBuilder;Ljava/lang/Void;)V @ 51 c2
Event: 6.776 Thread 0x0000025cffaa0b60 DEOPT PACKING pc=0x00000258aff1ea00 sp=0x000000cd0f5fec40
Event: 6.776 Thread 0x0000025cffaa0b60 DEOPT UNPACKING pc=0x00000258af703d02 sp=0x000000cd0f5feba8 mode 2
Event: 6.776 Thread 0x0000025cffaa0b60 Uncommon trap: trap_request=0xffffff45 fr.pc=0x00000258afe1570c relative=0x00000000000004ac
Event: 6.776 Thread 0x0000025cffaa0b60 Uncommon trap: reason=unstable_if action=reinterpret pc=0x00000258afe1570c method=java.lang.AbstractStringBuilder.inflateIfNeededFor(Ljava/lang/String;)V @ 14 c2
Event: 6.776 Thread 0x0000025cffaa0b60 DEOPT PACKING pc=0x00000258afe1570c sp=0x000000cd0f5fec10
Event: 6.777 Thread 0x0000025cffaa0b60 DEOPT UNPACKING pc=0x00000258af703d02 sp=0x000000cd0f5feb08 mode 2
Event: 6.777 Thread 0x0000025cffaa0b60 Uncommon trap: trap_request=0xffffff45 fr.pc=0x00000258afe1c410 relative=0x00000000000004b0
Event: 6.777 Thread 0x0000025cffaa0b60 Uncommon trap: reason=unstable_if action=reinterpret pc=0x00000258afe1c410 method=java.lang.AbstractStringBuilder.inflateIfNeededFor(Ljava/lang/String;)V @ 14 c2
Event: 6.777 Thread 0x0000025cffaa0b60 DEOPT PACKING pc=0x00000258afe1c410 sp=0x000000cd0f5fece0
Event: 6.777 Thread 0x0000025cffaa0b60 DEOPT UNPACKING pc=0x00000258af703d02 sp=0x000000cd0f5feb90 mode 2
Event: 6.777 Thread 0x0000025cffaa0b60 Uncommon trap: trap_request=0xffffff45 fr.pc=0x00000258aff02c74 relative=0x00000000000005f4
Event: 6.777 Thread 0x0000025cffaa0b60 Uncommon trap: reason=unstable_if action=reinterpret pc=0x00000258aff02c74 method=java.lang.AbstractStringBuilder.isLatin1()Z @ 10 c2
Event: 6.777 Thread 0x0000025cffaa0b60 DEOPT PACKING pc=0x00000258aff02c74 sp=0x000000cd0f5fecd0
Event: 6.777 Thread 0x0000025cffaa0b60 DEOPT UNPACKING pc=0x00000258af703d02 sp=0x000000cd0f5fec08 mode 2
Event: 6.777 Thread 0x0000025cffaa0b60 Uncommon trap: trap_request=0xffffff45 fr.pc=0x00000258afe9dc14 relative=0x0000000000000614
Event: 6.777 Thread 0x0000025cffaa0b60 Uncommon trap: reason=unstable_if action=reinterpret pc=0x00000258afe9dc14 method=java.lang.AbstractStringBuilder.isLatin1()Z @ 10 c2
Event: 6.777 Thread 0x0000025cffaa0b60 DEOPT PACKING pc=0x00000258afe9dc14 sp=0x000000cd0f5fec80
Event: 6.777 Thread 0x0000025cffaa0b60 DEOPT UNPACKING pc=0x00000258af703d02 sp=0x000000cd0f5fec10 mode 2
Event: 6.782 Thread 0x0000025cffaa0b60 Uncommon trap: trap_request=0xffffffc6 fr.pc=0x00000258afe7fb5c relative=0x00000000000004fc
Event: 6.782 Thread 0x0000025cffaa0b60 Uncommon trap: reason=bimorphic_or_optimized_type_check action=maybe_recompile pc=0x00000258afe7fb5c method=java.lang.invoke.VarHandleGuards.guard_LI_I(Ljava/lang/invoke/VarHandle;Ljava/lang/Object;ILjava/lang/invoke/VarHandle$AccessDescriptor;)I @ 2 c2
Event: 6.782 Thread 0x0000025cffaa0b60 DEOPT PACKING pc=0x00000258afe7fb5c sp=0x000000cd0f5fef10
Event: 6.782 Thread 0x0000025cffaa0b60 DEOPT UNPACKING pc=0x00000258af703d02 sp=0x000000cd0f5feeb8 mode 2
Event: 6.910 Thread 0x000002589f802460 Uncommon trap: trap_request=0xffffff45 fr.pc=0x00000258afe0f2e0 relative=0x0000000000000060
Event: 6.910 Thread 0x000002589f802460 Uncommon trap: reason=unstable_if action=reinterpret pc=0x00000258afe0f2e0 method=java.io.WinNTFileSystem.isSlash(C)Z @ 9 c2
Event: 6.910 Thread 0x000002589f802460 DEOPT PACKING pc=0x00000258afe0f2e0 sp=0x000000cd0bbfdc10
Event: 6.910 Thread 0x000002589f802460 DEOPT UNPACKING pc=0x00000258af703d02 sp=0x000000cd0bbfdb88 mode 2
Event: 6.911 Thread 0x000002589f802460 DEOPT PACKING pc=0x00000258a867ddc1 sp=0x000000cd0bbfd8f0
Event: 6.911 Thread 0x000002589f802460 DEOPT UNPACKING pc=0x00000258af704422 sp=0x000000cd0bbfcd78 mode 0
Event: 7.280 Thread 0x000002589f802460 Uncommon trap: trap_request=0xffffff45 fr.pc=0x00000258aff38304 relative=0x0000000000000224
Event: 7.280 Thread 0x000002589f802460 Uncommon trap: reason=unstable_if action=reinterpret pc=0x00000258aff38304 method=java.util.HashMap.getNode(Ljava/lang/Object;)Ljava/util/HashMap$Node; @ 66 c2
Event: 7.280 Thread 0x000002589f802460 DEOPT PACKING pc=0x00000258aff38304 sp=0x000000cd0bbfd5b0
Event: 7.280 Thread 0x000002589f802460 DEOPT UNPACKING pc=0x00000258af703d02 sp=0x000000cd0bbfd4d0 mode 2
Event: 7.280 Thread 0x000002589f802460 Uncommon trap: trap_request=0xffffffc6 fr.pc=0x00000258aff1f40c relative=0x00000000000005ac
Event: 7.280 Thread 0x000002589f802460 Uncommon trap: reason=bimorphic_or_optimized_type_check action=maybe_recompile pc=0x00000258aff1f40c method=java.util.HashMap.putVal(ILjava/lang/Object;Ljava/lang/Object;ZZ)Ljava/lang/Object; @ 91 c2
Event: 7.280 Thread 0x000002589f802460 DEOPT PACKING pc=0x00000258aff1f40c sp=0x000000cd0bbfd5a0
Event: 7.280 Thread 0x000002589f802460 DEOPT UNPACKING pc=0x00000258af703d02 sp=0x000000cd0bbfd4a8 mode 2
Event: 7.281 Thread 0x000002589f802460 Uncommon trap: trap_request=0xffffffc6 fr.pc=0x00000258aff1f40c relative=0x00000000000005ac
Event: 7.281 Thread 0x000002589f802460 Uncommon trap: reason=bimorphic_or_optimized_type_check action=maybe_recompile pc=0x00000258aff1f40c method=java.util.HashMap.putVal(ILjava/lang/Object;Ljava/lang/Object;ZZ)Ljava/lang/Object; @ 91 c2
Event: 7.281 Thread 0x000002589f802460 DEOPT PACKING pc=0x00000258aff1f40c sp=0x000000cd0bbfd650
Event: 7.281 Thread 0x000002589f802460 DEOPT UNPACKING pc=0x00000258af703d02 sp=0x000000cd0bbfd558 mode 2
Event: 7.314 Thread 0x000002589f802460 Uncommon trap: trap_request=0xffffffc6 fr.pc=0x00000258aff1f40c relative=0x00000000000005ac
Event: 7.314 Thread 0x000002589f802460 Uncommon trap: reason=bimorphic_or_optimized_type_check action=maybe_recompile pc=0x00000258aff1f40c method=java.util.HashMap.putVal(ILjava/lang/Object;Ljava/lang/Object;ZZ)Ljava/lang/Object; @ 91 c2
Event: 7.314 Thread 0x000002589f802460 DEOPT PACKING pc=0x00000258aff1f40c sp=0x000000cd0bbfd310
Event: 7.314 Thread 0x000002589f802460 DEOPT UNPACKING pc=0x00000258af703d02 sp=0x000000cd0bbfd218 mode 2
Event: 7.314 Thread 0x000002589f802460 Uncommon trap: trap_request=0xffffffc6 fr.pc=0x00000258aff1f40c relative=0x00000000000005ac
Event: 7.314 Thread 0x000002589f802460 Uncommon trap: reason=bimorphic_or_optimized_type_check action=maybe_recompile pc=0x00000258aff1f40c method=java.util.HashMap.putVal(ILjava/lang/Object;Ljava/lang/Object;ZZ)Ljava/lang/Object; @ 91 c2
Event: 7.314 Thread 0x000002589f802460 DEOPT PACKING pc=0x00000258aff1f40c sp=0x000000cd0bbfd3c0
Event: 7.314 Thread 0x000002589f802460 DEOPT UNPACKING pc=0x00000258af703d02 sp=0x000000cd0bbfd2c8 mode 2
Event: 7.345 Thread 0x000002589f802460 Uncommon trap: trap_request=0xffffffc6 fr.pc=0x00000258afefbd14 relative=0x0000000000000554
Event: 7.345 Thread 0x000002589f802460 Uncommon trap: reason=bimorphic_or_optimized_type_check action=maybe_recompile pc=0x00000258afefbd14 method=java.util.HashMap.putVal(ILjava/lang/Object;Ljava/lang/Object;ZZ)Ljava/lang/Object; @ 91 c2
Event: 7.345 Thread 0x000002589f802460 DEOPT PACKING pc=0x00000258afefbd14 sp=0x000000cd0bbfd510
Event: 7.345 Thread 0x000002589f802460 DEOPT UNPACKING pc=0x00000258af703d02 sp=0x000000cd0bbfd470 mode 2
Event: 7.355 Thread 0x000002589f802460 Uncommon trap: trap_request=0xfffffff4 fr.pc=0x00000258aff07978 relative=0x0000000000000338
Event: 7.355 Thread 0x000002589f802460 Uncommon trap: reason=null_check action=make_not_entrant pc=0x00000258aff07978 method=sun.invoke.util.VerifyType.isNullConversion(Ljava/lang/Class;Ljava/lang/Class;Z)Z @ 67 c2
Event: 7.355 Thread 0x000002589f802460 DEOPT PACKING pc=0x00000258aff07978 sp=0x000000cd0bbfd5e0
Event: 7.355 Thread 0x000002589f802460 DEOPT UNPACKING pc=0x00000258af703d02 sp=0x000000cd0bbfd560 mode 2
Event: 7.454 Thread 0x000002589f802460 Uncommon trap: trap_request=0xffffffde fr.pc=0x00000258aff1b294 relative=0x0000000000000074
Event: 7.454 Thread 0x000002589f802460 Uncommon trap: reason=class_check action=maybe_recompile pc=0x00000258aff1b294 method=java.util.LinkedHashMap.afterNodeInsertion(Z)V @ 15 c2
Event: 7.454 Thread 0x000002589f802460 DEOPT PACKING pc=0x00000258aff1b294 sp=0x000000cd0bbfd7e0
Event: 7.454 Thread 0x000002589f802460 DEOPT UNPACKING pc=0x00000258af703d02 sp=0x000000cd0bbfd758 mode 2
Event: 7.454 Thread 0x000002589f802460 Uncommon trap: trap_request=0xffffffde fr.pc=0x00000258aff1b294 relative=0x0000000000000074
Event: 7.454 Thread 0x000002589f802460 Uncommon trap: reason=class_check action=maybe_recompile pc=0x00000258aff1b294 method=java.util.LinkedHashMap.afterNodeInsertion(Z)V @ 15 c2
Event: 7.454 Thread 0x000002589f802460 DEOPT PACKING pc=0x00000258aff1b294 sp=0x000000cd0bbfd7e0
Event: 7.454 Thread 0x000002589f802460 DEOPT UNPACKING pc=0x00000258af703d02 sp=0x000000cd0bbfd758 mode 2
Event: 7.523 Thread 0x000002589f802460 Uncommon trap: trap_request=0xffffffcc fr.pc=0x00000258afe9dc7c relative=0x000000000000033c
Event: 7.523 Thread 0x000002589f802460 Uncommon trap: reason=intrinsic_or_type_checked_inlining action=make_not_entrant pc=0x00000258afe9dc7c method=java.util.Arrays.copyOf([Ljava/lang/Object;ILjava/lang/Class;)[Ljava/lang/Object; @ 35 c2
Event: 7.523 Thread 0x000002589f802460 DEOPT PACKING pc=0x00000258afe9dc7c sp=0x000000cd0bbfe200
Event: 7.523 Thread 0x000002589f802460 DEOPT UNPACKING pc=0x00000258af703d02 sp=0x000000cd0bbfe190 mode 2
Event: 7.534 Thread 0x000002589f802460 Uncommon trap: trap_request=0xffffff45 fr.pc=0x00000258afe5bf80 relative=0x0000000000000980
Event: 7.534 Thread 0x000002589f802460 Uncommon trap: reason=unstable_if action=reinterpret pc=0x00000258afe5bf80 method=java.util.zip.ZipFile$Source.getEntryPos(Ljava/lang/String;Z)I @ 105 c2
Event: 7.534 Thread 0x000002589f802460 DEOPT PACKING pc=0x00000258afe5bf80 sp=0x000000cd0bbfd8a0
Event: 7.534 Thread 0x000002589f802460 DEOPT UNPACKING pc=0x00000258af703d02 sp=0x000000cd0bbfd7c8 mode 2
Event: 7.536 Thread 0x000002589f802460 Uncommon trap: trap_request=0xffffff45 fr.pc=0x00000258afe4ffd4 relative=0x0000000000000774
Event: 7.536 Thread 0x000002589f802460 Uncommon trap: reason=unstable_if action=reinterpret pc=0x00000258afe4ffd4 method=java.util.zip.ZipFile$Source.getEntryPos(Ljava/lang/String;Z)I @ 105 c2
Event: 7.536 Thread 0x000002589f802460 DEOPT PACKING pc=0x00000258afe4ffd4 sp=0x000000cd0bbfd900
Event: 7.536 Thread 0x000002589f802460 DEOPT UNPACKING pc=0x00000258af703d02 sp=0x000000cd0bbfd880 mode 2
Event: 7.546 Thread 0x000002589f802460 Uncommon trap: trap_request=0xffffff6e fr.pc=0x00000258aff1bb04 relative=0x0000000000000584
Event: 7.546 Thread 0x000002589f802460 Uncommon trap: reason=loop_limit_check action=maybe_recompile pc=0x00000258aff1bb04 method=java.util.regex.Pattern$Start.match(Ljava/util/regex/Matcher;ILjava/lang/CharSequence;)Z @ 34 c2
Event: 7.546 Thread 0x000002589f802460 DEOPT PACKING pc=0x00000258aff1bb04 sp=0x000000cd0bbfdee0
Event: 7.546 Thread 0x000002589f802460 DEOPT UNPACKING pc=0x00000258af703d02 sp=0x000000cd0bbfdea0 mode 2
Event: 7.546 Thread 0x000002589f802460 Uncommon trap: trap_request=0xffffff6e fr.pc=0x00000258afe04320 relative=0x0000000000000180
Event: 7.546 Thread 0x000002589f802460 Uncommon trap: reason=loop_limit_check action=maybe_recompile pc=0x00000258afe04320 method=java.lang.StringLatin1.lastIndexOf([BII)I @ 19 c2
Event: 7.546 Thread 0x000002589f802460 DEOPT PACKING pc=0x00000258afe04320 sp=0x000000cd0bbfde80
Event: 7.546 Thread 0x000002589f802460 DEOPT UNPACKING pc=0x00000258af703d02 sp=0x000000cd0bbfde00 mode 2
Event: 7.604 Thread 0x000002589f802460 Uncommon trap: trap_request=0xffffff45 fr.pc=0x00000258afedea30 relative=0x0000000000000110
Event: 7.604 Thread 0x000002589f802460 Uncommon trap: reason=unstable_if action=reinterpret pc=0x00000258afedea30 method=java.util.Arrays.equals([Ljava/lang/Object;[Ljava/lang/Object;)Z @ 44 c2
Event: 7.604 Thread 0x000002589f802460 DEOPT PACKING pc=0x00000258afedea30 sp=0x000000cd0bbfe210
Event: 7.604 Thread 0x000002589f802460 DEOPT UNPACKING pc=0x00000258af703d02 sp=0x000000cd0bbfe1b0 mode 2
Event: 7.623 Thread 0x000002589f802460 Uncommon trap: trap_request=0xffffff45 fr.pc=0x00000258afecaf9c relative=0x000000000000017c
Event: 7.623 Thread 0x000002589f802460 Uncommon trap: reason=unstable_if action=reinterpret pc=0x00000258afecaf9c method=java.util.zip.CRC32.updateBytesCheck([BII)V @ 1 c2
Event: 7.623 Thread 0x000002589f802460 DEOPT PACKING pc=0x00000258afecaf9c sp=0x000000cd0bbfd5c0
Event: 7.623 Thread 0x000002589f802460 DEOPT UNPACKING pc=0x00000258af703d02 sp=0x000000cd0bbfd490 mode 2
Event: 7.663 Thread 0x000002589f802460 Uncommon trap: trap_request=0xffffff45 fr.pc=0x00000258afecc604 relative=0x0000000000000084
Event: 7.663 Thread 0x000002589f802460 Uncommon trap: reason=unstable_if action=reinterpret pc=0x00000258afecc604 method=java.lang.Integer.stringSize(I)I @ 19 c2
Event: 7.663 Thread 0x000002589f802460 DEOPT PACKING pc=0x00000258afecc604 sp=0x000000cd0bbfdef0
Event: 7.663 Thread 0x000002589f802460 DEOPT UNPACKING pc=0x00000258af703d02 sp=0x000000cd0bbfde70 mode 2
Event: 7.835 Thread 0x000002589f802460 Uncommon trap: trap_request=0xffffffde fr.pc=0x00000258aff49978 relative=0x0000000000000bb8
Event: 7.835 Thread 0x000002589f802460 Uncommon trap: reason=class_check action=maybe_recompile pc=0x00000258aff49978 method=java.util.concurrent.ConcurrentHashMap.putVal(Ljava/lang/Object;Ljava/lang/Object;Z)Ljava/lang/Object; @ 242 c2
Event: 7.835 Thread 0x000002589f802460 DEOPT PACKING pc=0x00000258aff49978 sp=0x000000cd0bbfe350
Event: 7.835 Thread 0x000002589f802460 DEOPT UNPACKING pc=0x00000258af703d02 sp=0x000000cd0bbfe2d0 mode 2
Event: 7.864 Thread 0x000002589f802460 Uncommon trap: trap_request=0xffffff45 fr.pc=0x00000258afe804e0 relative=0x00000000000000c0
Event: 7.864 Thread 0x000002589f802460 Uncommon trap: reason=unstable_if action=reinterpret pc=0x00000258afe804e0 method=jdk.internal.misc.Unsafe.convEndian(ZI)I @ 4 c2
Event: 7.864 Thread 0x000002589f802460 DEOPT PACKING pc=0x00000258afe804e0 sp=0x000000cd0bbfe5a0
Event: 7.864 Thread 0x000002589f802460 DEOPT UNPACKING pc=0x00000258af703d02 sp=0x000000cd0bbfe450 mode 2
Event: 7.864 Thread 0x000002589f802460 Uncommon trap: trap_request=0xffffff45 fr.pc=0x00000258afe7e9fc relative=0x000000000000007c
Event: 7.864 Thread 0x000002589f802460 Uncommon trap: reason=unstable_if action=reinterpret pc=0x00000258afe7e9fc method=jdk.internal.misc.Unsafe.convEndian(ZI)I @ 4 c2
Event: 7.864 Thread 0x000002589f802460 DEOPT PACKING pc=0x00000258afe7e9fc sp=0x000000cd0bbfe520
Event: 7.864 Thread 0x000002589f802460 DEOPT UNPACKING pc=0x00000258af703d02 sp=0x000000cd0bbfe450 mode 2
Event: 7.964 Thread 0x0000025cff5cc370 Uncommon trap: trap_request=0xffffffde fr.pc=0x00000258aff49978 relative=0x0000000000000bb8
Event: 7.964 Thread 0x0000025cff5cc370 Uncommon trap: reason=class_check action=maybe_recompile pc=0x00000258aff49978 method=java.util.concurrent.ConcurrentHashMap.putVal(Ljava/lang/Object;Ljava/lang/Object;Z)Ljava/lang/Object; @ 242 c2
Event: 7.964 Thread 0x0000025cff5cc370 DEOPT PACKING pc=0x00000258aff49978 sp=0x000000cd0fdfdfd0
Event: 7.965 Thread 0x0000025cff5cc370 DEOPT UNPACKING pc=0x00000258af703d02 sp=0x000000cd0fdfdf30 mode 2
Event: 7.968 Thread 0x0000025cff5cc370 Uncommon trap: trap_request=0xffffff45 fr.pc=0x00000258aff497a8 relative=0x00000000000009e8
Event: 7.968 Thread 0x0000025cff5cc370 Uncommon trap: reason=unstable_if action=reinterpret pc=0x00000258aff497a8 method=java.util.concurrent.ConcurrentHashMap.putVal(Ljava/lang/Object;Ljava/lang/Object;Z)Ljava/lang/Object; @ 97 c2
Event: 7.968 Thread 0x0000025cff5cc370 DEOPT PACKING pc=0x00000258aff497a8 sp=0x000000cd0fdfdd30
Event: 7.968 Thread 0x0000025cff5cc370 DEOPT UNPACKING pc=0x00000258af703d02 sp=0x000000cd0fdfdca8 mode 2
Event: 7.992 Thread 0x0000025cffa9fe40 Uncommon trap: trap_request=0xffffff54 fr.pc=0x00000258afebc3dc relative=0x000000000000427c
Event: 7.992 Thread 0x0000025cffa9fe40 Uncommon trap: reason=speculate_null_assert action=make_not_entrant pc=0x00000258afebc3dc method=jdk.internal.util.ReferencedKeyMap.internKey(Ljdk/internal/util/ReferencedKeyMap;Ljava/lang/Object;)Ljava/lang/Object; @ 28 c2
Event: 7.992 Thread 0x0000025cffa9fe40 DEOPT PACKING pc=0x00000258afebc3dc sp=0x000000cd0e1fd860
Event: 7.992 Thread 0x0000025cffa9fe40 DEOPT UNPACKING pc=0x00000258af703d02 sp=0x000000cd0e1fd690 mode 2
Event: 8.022 Thread 0x0000025cff5cd090 Uncommon trap: trap_request=0xffffffde fr.pc=0x00000258afeb3868 relative=0x0000000000004f88
Event: 8.022 Thread 0x0000025cff5cd090 Uncommon trap: reason=class_check action=maybe_recompile pc=0x00000258afeb3868 method=jdk.internal.util.ReferencedKeyMap.existingKey(Ljdk/internal/util/ReferencedKeyMap;Ljava/lang/Object;)Ljava/lang/Object; @ 13 c2
Event: 8.022 Thread 0x0000025cff5cd090 DEOPT PACKING pc=0x00000258afeb3868 sp=0x000000cd101fdc60
Event: 8.022 Thread 0x0000025cff5cd090 DEOPT UNPACKING pc=0x00000258af703d02 sp=0x000000cd101fdb20 mode 2
Event: 8.045 Thread 0x0000025cff5cddb0 DEOPT PACKING pc=0x00000258a84dd911 sp=0x000000cd115fd650
Event: 8.045 Thread 0x0000025cff5cddb0 DEOPT UNPACKING pc=0x00000258af704422 sp=0x000000cd115fcb60 mode 0
Event: 8.045 Thread 0x0000025cff5cc370 Uncommon trap: trap_request=0xffffff45 fr.pc=0x00000258afeb2d88 relative=0x00000000000044a8
Event: 8.045 Thread 0x0000025cff5cc370 Uncommon trap: reason=unstable_if action=reinterpret pc=0x00000258afeb2d88 method=java.util.concurrent.ConcurrentHashMap.get(Ljava/lang/Object;)Ljava/lang/Object; @ 86 c2
Event: 8.045 Thread 0x0000025cff5cc370 DEOPT PACKING pc=0x00000258afeb2d88 sp=0x000000cd0fdfdd20
Event: 8.045 Thread 0x0000025cff5cc370 DEOPT UNPACKING pc=0x00000258af703d02 sp=0x000000cd0fdfdb48 mode 2
Event: 8.045 Thread 0x0000025cff5cc370 Uncommon trap: trap_request=0xffffff45 fr.pc=0x00000258afea763c relative=0x000000000000025c
Event: 8.045 Thread 0x0000025cff5cc370 Uncommon trap: reason=unstable_if action=reinterpret pc=0x00000258afea763c method=java.util.concurrent.ConcurrentHashMap.get(Ljava/lang/Object;)Ljava/lang/Object; @ 86 c2
Event: 8.045 Thread 0x0000025cff5cc370 DEOPT PACKING pc=0x00000258afea763c sp=0x000000cd0fdfdb60
Event: 8.045 Thread 0x0000025cff5cc370 DEOPT UNPACKING pc=0x00000258af703d02 sp=0x000000cd0fdfdac8 mode 2
Event: 8.046 Thread 0x0000025cff5cc370 Uncommon trap: trap_request=0xffffff45 fr.pc=0x00000258afe75e94 relative=0x00000000000001d4
Event: 8.046 Thread 0x0000025cff5cc370 Uncommon trap: reason=unstable_if action=reinterpret pc=0x00000258afe75e94 method=java.util.concurrent.ConcurrentHashMap.addCount(JI)V @ 171 c2
Event: 8.046 Thread 0x0000025cff5cc370 DEOPT PACKING pc=0x00000258afe75e94 sp=0x000000cd0fdfda40
Event: 8.046 Thread 0x0000025cff5cc370 DEOPT UNPACKING pc=0x00000258af703d02 sp=0x000000cd0fdfd980 mode 2
Event: 8.361 Thread 0x0000025cff5cbce0 Uncommon trap: trap_request=0xffffff45 fr.pc=0x00000258affaa9ac relative=0x000000000000016c
Event: 8.362 Thread 0x0000025cff5cbce0 Uncommon trap: reason=unstable_if action=reinterpret pc=0x00000258affaa9ac method=scala.reflect.NameTransformer$.decode(Ljava/lang/String;)Ljava/lang/String; @ 105 c2
Event: 8.362 Thread 0x0000025cff5cbce0 DEOPT PACKING pc=0x00000258affaa9ac sp=0x000000cd10dfe5d0
Event: 8.362 Thread 0x0000025cff5cbce0 DEOPT UNPACKING pc=0x00000258af703d02 sp=0x000000cd10dfe518 mode 2
Event: 8.395 Thread 0x0000025cff5d1f50 Uncommon trap: trap_request=0xffffff45 fr.pc=0x00000258aff54158 relative=0x0000000000000118
Event: 8.395 Thread 0x0000025cff5d1f50 Uncommon trap: reason=unstable_if action=reinterpret pc=0x00000258aff54158 method=java.lang.reflect.Modifier.isProtected(I)Z @ 3 c2
Event: 8.395 Thread 0x0000025cff5d1f50 DEOPT PACKING pc=0x00000258aff54158 sp=0x000000cd13ffcee0
Event: 8.395 Thread 0x0000025cff5d1f50 DEOPT UNPACKING pc=0x00000258af703d02 sp=0x000000cd13ffcda0 mode 2

Classes loaded (250 events):
Event: 6.778 Loading class java/lang/Throwable$PrintStreamOrWriter done
Event: 6.778 Loading class java/lang/Throwable$WrappedPrintWriter done
Event: 6.778 Loading class java/lang/StackTraceElement$HashedModules
Event: 6.779 Loading class java/lang/StackTraceElement$HashedModules done
Event: 6.781 Loading class jdk/internal/event/SocketWriteEvent
Event: 6.781 Loading class jdk/internal/event/SocketWriteEvent done
Event: 6.786 Loading class java/util/zip/ZipOutputStream
Event: 6.786 Loading class java/util/zip/ZipOutputStream done
Event: 6.787 Loading class java/util/concurrent/PriorityBlockingQueue
Event: 6.787 Loading class java/util/concurrent/PriorityBlockingQueue done
Event: 6.787 Loading class java/util/concurrent/ArrayBlockingQueue
Event: 6.788 Loading class java/util/concurrent/ArrayBlockingQueue done
Event: 6.788 Loading class java/util/concurrent/ConcurrentLinkedDeque
Event: 6.789 Loading class java/util/concurrent/ConcurrentLinkedDeque done
Event: 6.789 Loading class java/util/concurrent/ConcurrentLinkedDeque$Node
Event: 6.789 Loading class java/util/concurrent/ConcurrentLinkedDeque$Node done
Event: 6.794 Loading class sun/nio/ch/FileLockImpl
Event: 6.794 Loading class java/nio/channels/FileLock
Event: 6.794 Loading class java/nio/channels/FileLock done
Event: 6.794 Loading class sun/nio/ch/FileLockImpl done
Event: 6.794 Loading class sun/nio/ch/FileLockTable
Event: 6.794 Loading class sun/nio/ch/FileLockTable done
Event: 6.795 Loading class sun/nio/ch/FileKey
Event: 6.795 Loading class sun/nio/ch/FileKey done
Event: 6.795 Loading class sun/nio/ch/FileLockTable$FileLockReference
Event: 6.795 Loading class sun/nio/ch/FileLockTable$FileLockReference done
Event: 6.800 Loading class java/util/function/IntSupplier
Event: 6.800 Loading class java/util/function/IntSupplier done
Event: 6.838 Loading class java/net/SocketTimeoutException
Event: 6.838 Loading class java/io/InterruptedIOException
Event: 6.838 Loading class java/io/InterruptedIOException done
Event: 6.838 Loading class java/net/SocketTimeoutException done
Event: 6.848 Loading class java/util/PriorityQueue
Event: 6.848 Loading class java/util/PriorityQueue done
Event: 6.849 Loading class java/util/PriorityQueue$Itr
Event: 6.849 Loading class java/util/PriorityQueue$Itr done
Event: 6.849 Loading class java/nio/ByteBufferAsLongBufferB
Event: 6.850 Loading class java/nio/ByteBufferAsLongBufferB done
Event: 6.851 Loading class jdk/internal/event/FileForceEvent
Event: 6.851 Loading class jdk/internal/event/FileForceEvent done
Event: 6.894 Loading class java/util/Collections$SynchronizedRandomAccessList
Event: 6.894 Loading class java/util/Collections$SynchronizedList
Event: 6.894 Loading class java/util/Collections$SynchronizedList done
Event: 6.894 Loading class java/util/Collections$SynchronizedRandomAccessList done
Event: 6.942 Loading class java/util/stream/SortedOps
Event: 6.942 Loading class java/util/stream/SortedOps done
Event: 6.942 Loading class java/util/stream/SortedOps$OfRef
Event: 6.942 Loading class java/util/stream/SortedOps$OfRef done
Event: 6.942 Loading class java/util/Comparators$NaturalOrderComparator
Event: 6.942 Loading class java/util/Comparators$NaturalOrderComparator done
Event: 6.942 Loading class java/util/stream/SortedOps$RefSortingSink
Event: 6.942 Loading class java/util/stream/SortedOps$AbstractRefSortingSink
Event: 6.942 Loading class java/util/stream/SortedOps$AbstractRefSortingSink done
Event: 6.942 Loading class java/util/stream/SortedOps$RefSortingSink done
Event: 6.947 Loading class java/util/stream/SortedOps$SizedRefSortingSink
Event: 6.947 Loading class java/util/stream/SortedOps$SizedRefSortingSink done
Event: 7.034 Loading class java/lang/reflect/MalformedParametersException
Event: 7.034 Loading class java/lang/reflect/MalformedParametersException done
Event: 7.037 Loading class java/lang/IllegalAccessError
Event: 7.037 Loading class java/lang/IllegalAccessError done
Event: 7.038 Loading class java/beans/Transient
Event: 7.038 Loading class java/beans/Transient done
Event: 7.038 Loading class java/beans/ConstructorProperties
Event: 7.039 Loading class java/beans/ConstructorProperties done
Event: 7.044 Loading class java/lang/invoke/VarHandleLongs$Array
Event: 7.044 Loading class java/lang/invoke/VarHandleLongs$Array done
Event: 7.051 Loading class sun/text/resources/cldr/FormatData_en
Event: 7.051 Loading class sun/text/resources/cldr/FormatData_en done
Event: 7.052 Loading class sun/text/resources/cldr/FormatData_en_US
Event: 7.052 Loading class sun/text/resources/cldr/FormatData_en_US done
Event: 7.138 Loading class java/time/DateTimeException
Event: 7.138 Loading class java/time/DateTimeException done
Event: 7.140 Loading class java/time/OffsetDateTime
Event: 7.141 Loading class java/time/OffsetDateTime done
Event: 7.143 Loading class java/time/MonthDay
Event: 7.144 Loading class java/time/MonthDay done
Event: 7.144 Loading class java/time/OffsetTime
Event: 7.145 Loading class java/time/OffsetTime done
Event: 7.146 Loading class java/time/YearMonth
Event: 7.147 Loading class java/time/YearMonth done
Event: 7.233 Loading class java/util/OptionalInt
Event: 7.233 Loading class java/util/OptionalInt done
Event: 7.233 Loading class java/util/OptionalLong
Event: 7.233 Loading class java/util/OptionalLong done
Event: 7.233 Loading class java/util/OptionalDouble
Event: 7.233 Loading class java/util/OptionalDouble done
Event: 7.241 Loading class java/util/stream/LongStream
Event: 7.241 Loading class java/util/stream/LongStream done
Event: 7.241 Loading class java/util/stream/DoubleStream
Event: 7.242 Loading class java/util/stream/DoubleStream done
Event: 7.245 Loading class org/w3c/dom/Node
Event: 7.246 Loading class org/w3c/dom/Node done
Event: 7.246 Loading class org/w3c/dom/Document
Event: 7.246 Loading class org/w3c/dom/Document done
Event: 7.257 Loading class java/lang/annotation/ElementType
Event: 7.257 Loading class java/lang/annotation/ElementType done
Event: 7.310 Loading class java/util/regex/PatternSyntaxException
Event: 7.310 Loading class java/util/regex/PatternSyntaxException done
Event: 7.332 Loading class sun/reflect/generics/tree/VoidDescriptor
Event: 7.333 Loading class sun/reflect/generics/tree/VoidDescriptor done
Event: 7.355 Loading class java/lang/invoke/BoundMethodHandle$Species_LI
Event: 7.355 Loading class java/lang/invoke/BoundMethodHandle$Species_LI done
Event: 7.387 Loading class java/util/stream/Streams$ConcatSpliterator$OfRef
Event: 7.387 Loading class java/util/stream/Streams$ConcatSpliterator$OfRef done
Event: 7.399 Loading class java/util/ServiceConfigurationError
Event: 7.399 Loading class java/util/ServiceConfigurationError done
Event: 7.410 Loading class java/io/FileReader
Event: 7.411 Loading class java/io/FileReader done
Event: 7.483 Loading class java/util/Collections$ReverseComparator
Event: 7.484 Loading class java/util/Collections$ReverseComparator done
Event: 7.484 Loading class java/util/Collections$ReverseComparator2
Event: 7.484 Loading class java/util/Collections$ReverseComparator2 done
Event: 7.536 Loading class java/util/zip/ZipFile$ZipEntryIterator
Event: 7.536 Loading class java/util/zip/ZipFile$ZipEntryIterator done
Event: 7.573 Loading class jdk/internal/math/FormattedFPDecimal
Event: 7.574 Loading class jdk/internal/math/FormattedFPDecimal done
Event: 7.615 Loading class java/io/FilterReader
Event: 7.615 Loading class java/io/FilterReader done
Event: 7.621 Loading class java/io/UnsupportedEncodingException
Event: 7.621 Loading class java/io/UnsupportedEncodingException done
Event: 7.621 Loading class java/net/URLDecoder
Event: 7.621 Loading class java/net/URLDecoder done
Event: 7.642 Loading class java/util/LinkedList$ListItr
Event: 7.642 Loading class java/util/LinkedList$ListItr done
Event: 7.671 Loading class java/util/stream/ReferencePipeline$5
Event: 7.672 Loading class java/util/stream/LongPipeline$StatelessOp
Event: 7.672 Loading class java/util/stream/LongPipeline
Event: 7.673 Loading class java/util/stream/LongPipeline done
Event: 7.673 Loading class java/util/stream/LongPipeline$StatelessOp done
Event: 7.673 Loading class java/util/stream/ReferencePipeline$5 done
Event: 7.673 Loading class java/util/function/LongBinaryOperator
Event: 7.674 Loading class java/util/function/LongBinaryOperator done
Event: 7.674 Loading class java/util/stream/ReduceOps$10
Event: 7.674 Loading class java/util/stream/ReduceOps$10 done
Event: 7.674 Loading class java/util/stream/ReduceOps$8ReducingSink
Event: 7.675 Loading class java/util/stream/Sink$OfLong
Event: 7.675 Loading class java/util/stream/Sink$OfLong done
Event: 7.675 Loading class java/util/stream/ReduceOps$8ReducingSink done
Event: 7.675 Loading class java/util/stream/ReferencePipeline$5$1
Event: 7.675 Loading class java/util/stream/ReferencePipeline$5$1 done
Event: 7.863 Loading class sun/security/provider/MD5
Event: 7.863 Loading class sun/security/provider/MD5 done
Event: 7.864 Loading class sun/security/provider/ByteArrayAccess$LE
Event: 7.864 Loading class sun/security/provider/ByteArrayAccess$LE done
Event: 8.001 Loading class java/nio/charset/IllegalCharsetNameException
Event: 8.001 Loading class java/nio/charset/IllegalCharsetNameException done
Event: 8.001 Loading class java/nio/charset/UnsupportedCharsetException
Event: 8.001 Loading class java/nio/charset/UnsupportedCharsetException done
Event: 8.003 Loading class java/nio/file/InvalidPathException
Event: 8.003 Loading class java/nio/file/InvalidPathException done
Event: 8.004 Loading class java/nio/file/ProviderNotFoundException
Event: 8.004 Loading class java/nio/file/ProviderNotFoundException done
Event: 8.032 Loading class java/util/JumboEnumSet
Event: 8.032 Loading class java/util/JumboEnumSet done
Event: 8.034 Loading class java/nio/file/FileVisitOption
Event: 8.034 Loading class java/nio/file/FileVisitOption done
Event: 8.043 Loading class java/util/UUID$Holder
Event: 8.043 Loading class java/util/UUID$Holder done
Event: 8.043 Loading class java/util/JumboEnumSet$EnumSetIterator
Event: 8.043 Loading class java/util/JumboEnumSet$EnumSetIterator done
Event: 8.046 Loading class java/util/MissingResourceException
Event: 8.046 Loading class java/util/MissingResourceException done
Event: 8.049 Loading class java/util/ResourceBundle$CacheKey
Event: 8.050 Loading class java/util/ResourceBundle$CacheKey done
Event: 8.050 Loading class java/util/ResourceBundle$KeyElementReference
Event: 8.050 Loading class java/util/ResourceBundle$CacheKeyReference
Event: 8.050 Loading class java/util/ResourceBundle$CacheKeyReference done
Event: 8.050 Loading class java/util/ResourceBundle$KeyElementReference done
Event: 8.050 Loading class java/util/ResourceBundle$3
Event: 8.050 Loading class java/util/ResourceBundle$3 done
Event: 8.057 Loading class java/util/ResourceBundle$BundleReference
Event: 8.057 Loading class java/util/ResourceBundle$BundleReference done
Event: 8.149 Loading class java/nio/file/ReadOnlyFileSystemException
Event: 8.149 Loading class java/nio/file/ReadOnlyFileSystemException done
Event: 8.149 Loading class java/nio/file/spi/FileSystemProvider$1
Event: 8.150 Loading class java/nio/file/spi/FileSystemProvider$1 done
Event: 8.154 Loading class java/nio/channels/AsynchronousFileChannel
Event: 8.154 Loading class java/nio/channels/AsynchronousChannel
Event: 8.154 Loading class java/nio/channels/AsynchronousChannel done
Event: 8.154 Loading class java/nio/channels/AsynchronousFileChannel done
Event: 8.154 Loading class jdk/internal/jrtfs/JrtFileSystemProvider
Event: 8.155 Loading class jdk/internal/jrtfs/JrtFileSystemProvider done
Event: 8.156 Loading class jdk/internal/jrtfs/JrtFileSystem
Event: 8.156 Loading class jdk/internal/jrtfs/JrtFileSystem done
Event: 8.157 Loading class jdk/internal/jrtfs/JrtPath
Event: 8.159 Loading class jdk/internal/jrtfs/JrtPath done
Event: 8.160 Loading class jdk/internal/jrtfs/SystemImage
Event: 8.160 Loading class jdk/internal/jrtfs/SystemImage done
Event: 8.160 Loading class java/security/AllPermissionCollection
Event: 8.160 Loading class java/security/AllPermissionCollection done
Event: 8.161 Loading class jdk/internal/jrtfs/SystemImage$2
Event: 8.161 Loading class jdk/internal/jrtfs/SystemImage$2 done
Event: 8.161 Loading class jdk/internal/jimage/ImageReader$Directory
Event: 8.161 Loading class jdk/internal/jimage/ImageReader$Node
Event: 8.161 Loading class jdk/internal/jimage/ImageReader$Node done
Event: 8.161 Loading class jdk/internal/jimage/ImageReader$Directory done
Event: 8.162 Loading class jdk/internal/jrtfs/SystemImage$1
Event: 8.162 Loading class jdk/internal/jrtfs/SystemImage$1 done
Event: 8.162 Loading class jdk/internal/jrtfs/JrtDirectoryStream
Event: 8.162 Loading class jdk/internal/jrtfs/JrtDirectoryStream done
Event: 8.162 Loading class jdk/internal/jimage/ImageReader$SharedImageReader$LocationVisitor
Event: 8.162 Loading class jdk/internal/jimage/ImageReader$SharedImageReader$LocationVisitor done
Event: 8.163 Loading class java/nio/file/ClosedFileSystemException
Event: 8.163 Loading class java/nio/file/ClosedFileSystemException done
Event: 8.163 Loading class java/nio/ByteBufferAsIntBufferL
Event: 8.163 Loading class java/nio/ByteBufferAsIntBufferL done
Event: 8.164 Loading class jdk/internal/jimage/ImageReader$Resource
Event: 8.164 Loading class jdk/internal/jimage/ImageReader$Resource done
Event: 8.164 Loading class jdk/internal/jimage/ImageReader$LinkNode
Event: 8.164 Loading class jdk/internal/jimage/ImageReader$LinkNode done
Event: 8.190 Loading class java/util/stream/StreamSpliterators$WrappingSpliterator
Event: 8.190 Loading class java/util/stream/StreamSpliterators$AbstractWrappingSpliterator
Event: 8.191 Loading class java/util/stream/StreamSpliterators$AbstractWrappingSpliterator done
Event: 8.191 Loading class java/util/stream/StreamSpliterators$WrappingSpliterator done
Event: 8.191 Loading class jdk/internal/jrtfs/JrtDirectoryStream$1
Event: 8.191 Loading class jdk/internal/jrtfs/JrtDirectoryStream$1 done
Event: 8.193 Loading class java/util/stream/StreamSpliterators
Event: 8.193 Loading class java/util/stream/StreamSpliterators done
Event: 8.193 Loading class java/util/function/BooleanSupplier
Event: 8.193 Loading class java/util/function/BooleanSupplier done
Event: 8.195 Loading class jdk/internal/jrtfs/JrtFileAttributes
Event: 8.195 Loading class jdk/internal/jrtfs/JrtFileAttributes done
Event: 8.199 Loading class java/nio/file/SimpleFileVisitor
Event: 8.199 Loading class java/nio/file/SimpleFileVisitor done
Event: 8.200 Loading class java/nio/file/FileTreeWalker
Event: 8.200 Loading class java/nio/file/FileTreeWalker done
Event: 8.201 Loading class java/nio/file/FileTreeWalker$DirectoryNode
Event: 8.201 Loading class java/nio/file/FileTreeWalker$DirectoryNode done
Event: 8.201 Loading class java/nio/file/FileTreeWalker$Event
Event: 8.201 Loading class java/nio/file/FileTreeWalker$Event done
Event: 8.202 Loading class java/nio/file/FileTreeWalker$EventType
Event: 8.202 Loading class java/nio/file/FileTreeWalker$EventType done
Event: 8.202 Loading class java/nio/file/Files$3
Event: 8.202 Loading class java/nio/file/Files$3 done
Event: 8.202 Loading class jdk/internal/jrtfs/JrtPath$1
Event: 8.202 Loading class jdk/internal/jrtfs/JrtPath$1 done
Event: 8.204 Loading class java/nio/file/FileVisitResult
Event: 8.204 Loading class java/nio/file/FileVisitResult done
Event: 8.208 Loading class java/util/concurrent/ConcurrentLinkedQueue$Itr
Event: 8.208 Loading class java/util/concurrent/ConcurrentLinkedQueue$Itr done
Event: 8.297 Loading class java/util/regex/Pattern$Loop
Event: 8.298 Loading class java/util/regex/Pattern$Loop done
Event: 8.298 Loading class java/util/regex/Pattern$Prolog
Event: 8.299 Loading class java/util/regex/Pattern$Prolog done
Event: 8.302 Loading class java/nio/file/TempFileHelper
Event: 8.303 Loading class java/nio/file/TempFileHelper done
Event: 8.328 Loading class java/util/ServiceLoader$ProviderSpliterator
Event: 8.329 Loading class java/util/ServiceLoader$ProviderSpliterator done
Event: 8.393 Loading class java/util/concurrent/CompletableFuture$UniHandle
Event: 8.393 Loading class java/util/concurrent/CompletableFuture$UniHandle done

Classes unloaded (0 events):
No events

Classes redefined (0 events):
No events

Internal exceptions (250 events):
Event: 3.929 Thread 0x000002589f802460 Exception <a 'sun/nio/fs/WindowsException'{0x00000400071513e8}> (0x00000400071513e8) 
thrown [s\open\src\hotspot\share\prims\jni.cpp, line 520]
Event: 3.929 Thread 0x000002589f802460 Exception <a 'sun/nio/fs/WindowsException'{0x00000400071518e0}> (0x00000400071518e0) 
thrown [s\open\src\hotspot\share\prims\jni.cpp, line 520]
Event: 3.929 Thread 0x000002589f802460 Exception <a 'sun/nio/fs/WindowsException'{0x0000040007151d70}> (0x0000040007151d70) 
thrown [s\open\src\hotspot\share\prims\jni.cpp, line 520]
Event: 3.941 Thread 0x000002589f802460 Exception <a 'sun/nio/fs/WindowsException'{0x0000040007178708}> (0x0000040007178708) 
thrown [s\open\src\hotspot\share\prims\jni.cpp, line 520]
Event: 3.951 Thread 0x000002589f802460 Exception <a 'java/lang/NoSuchMethodError'{0x00000400071d8b58}: 'java.lang.Object java.lang.invoke.DirectMethodHandle$Holder.newInvokeSpecial(java.lang.Object, int, java.lang.Object, java.lang.Object)'> (0x00000400071d8b58) 
thrown [s\open\src\hotspot\share\interpreter\linkResolver.cpp, line 796]
Event: 4.146 Thread 0x000002589f802460 Exception <a 'sun/nio/fs/WindowsException'{0x00000400073201c8}> (0x00000400073201c8) 
thrown [s\open\src\hotspot\share\prims\jni.cpp, line 520]
Event: 4.147 Thread 0x000002589f802460 Exception <a 'sun/nio/fs/WindowsException'{0x0000040007320a18}> (0x0000040007320a18) 
thrown [s\open\src\hotspot\share\prims\jni.cpp, line 520]
Event: 4.308 Thread 0x000002589f802460 Exception <a 'sun/nio/fs/WindowsException'{0x0000040006f0d5e8}> (0x0000040006f0d5e8) 
thrown [s\open\src\hotspot\share\prims\jni.cpp, line 520]
Event: 4.310 Thread 0x000002589f802460 Exception <a 'sun/nio/fs/WindowsException'{0x0000040006f166b0}> (0x0000040006f166b0) 
thrown [s\open\src\hotspot\share\prims\jni.cpp, line 520]
Event: 6.340 Thread 0x000002589f802460 Exception <a 'sun/nio/fs/WindowsException'{0x0000040006f80078}> (0x0000040006f80078) 
thrown [s\open\src\hotspot\share\prims\jni.cpp, line 520]
Event: 6.435 Thread 0x000002589f802460 Exception <a 'java/lang/NoSuchMethodError'{0x0000040003ca8980}: 'void java.lang.invoke.DirectMethodHandle$Holder.invokeStaticInit(java.lang.Object, java.lang.Object, java.lang.Object, java.lang.Object, java.lang.Object)'> (0x0000040003ca8980) 
thrown [s\open\src\hotspot\share\interpreter\linkResolver.cpp, line 796]
Event: 6.739 Thread 0x000002589f802460 Exception <a 'java/lang/NoSuchMethodError'{0x0000040000281108}: 'int java.lang.invoke.DirectMethodHandle$Holder.invokeStatic(java.lang.Object, java.lang.Object, java.lang.Object, java.lang.Object)'> (0x0000040000281108) 
thrown [s\open\src\hotspot\share\interpreter\linkResolver.cpp, line 796]
Event: 6.769 Thread 0x000002589f802460 Exception <a 'sun/nio/fs/WindowsException'{0x000004000031deb8}> (0x000004000031deb8) 
thrown [s\open\src\hotspot\share\prims\jni.cpp, line 520]
Event: 6.776 Thread 0x000002589f802460 Exception <a 'sun/nio/fs/WindowsException'{0x0000040000332528}> (0x0000040000332528) 
thrown [s\open\src\hotspot\share\prims\jni.cpp, line 520]
Event: 6.780 Thread 0x000002589f802460 Exception <a 'sun/nio/fs/WindowsException'{0x0000040000350c90}> (0x0000040000350c90) 
thrown [s\open\src\hotspot\share\prims\jni.cpp, line 520]
Event: 6.780 Thread 0x000002589f802460 Exception <a 'sun/nio/fs/WindowsException'{0x0000040000351a58}> (0x0000040000351a58) 
thrown [s\open\src\hotspot\share\prims\jni.cpp, line 520]
Event: 6.834 Thread 0x000002589f802460 Exception <a 'java/lang/NoSuchMethodError'{0x000004000384a488}: 'void java.lang.invoke.DirectMethodHandle$Holder.invokeSpecial(java.lang.Object, java.lang.Object, long)'> (0x000004000384a488) 
thrown [s\open\src\hotspot\share\interpreter\linkResolver.cpp, line 796]
Event: 6.838 Thread 0x0000025cffa9f120 Exception <a 'java/io/IOException'{0x000004000342f3d0}> (0x000004000342f3d0) 
thrown [s\open\src\hotspot\share\prims\jni.cpp, line 520]
Event: 6.840 Thread 0x000002589f802460 Exception <a 'java/lang/NoSuchMethodError'{0x00000400038681a0}: 'java.lang.Object java.lang.invoke.DirectMethodHandle$Holder.newInvokeSpecial(java.lang.Object, java.lang.Object, int, java.lang.Object, long)'> (0x00000400038681a0) 
thrown [s\open\src\hotspot\share\interpreter\linkResolver.cpp, line 796]
Event: 6.853 Thread 0x000002589f802460 Exception <a 'java/lang/NoSuchMethodError'{0x0000040003885b88}: 'java.lang.Object java.lang.invoke.DirectMethodHandle$Holder.newInvokeSpecial(java.lang.Object, java.lang.Object, int, long)'> (0x0000040003885b88) 
thrown [s\open\src\hotspot\share\interpreter\linkResolver.cpp, line 796]
Event: 6.886 Thread 0x0000025cffaa04d0 Exception <a 'java/lang/InterruptedException'{0x0000040005600048}: sleep interrupted> (0x0000040005600048) 
thrown [s\open\src\hotspot\share\prims\jvm.cpp, line 3093]
Event: 6.950 Thread 0x000002589f802460 Exception <a 'java/lang/NoSuchMethodError'{0x000004000432b188}: 'java.lang.Object java.lang.invoke.DirectMethodHandle$Holder.invokeVirtual(java.lang.Object, java.lang.Object, java.lang.Object)'> (0x000004000432b188) 
thrown [s\open\src\hotspot\share\interpreter\linkResolver.cpp, line 796]
Event: 6.952 Thread 0x000002589f802460 Exception <a 'java/lang/IncompatibleClassChangeError'{0x0000040004354300}: Found class java.lang.Object, but interface was expected> (0x0000040004354300) 
thrown [s\open\src\hotspot\share\interpreter\linkResolver.cpp, line 863]
Event: 7.180 Thread 0x000002589f802460 Exception <a 'java/lang/NoSuchMethodError'{0x0000040003c645e8}: 'long java.lang.invoke.DirectMethodHandle$Holder.invokeSpecial(java.lang.Object, java.lang.Object)'> (0x0000040003c645e8) 
thrown [s\open\src\hotspot\share\interpreter\linkResolver.cpp, line 796]
Event: 7.182 Thread 0x000002589f802460 Exception <a 'java/lang/IncompatibleClassChangeError'{0x0000040003c7c4f0}: Found class java.lang.Object, but interface was expected> (0x0000040003c7c4f0) 
thrown [s\open\src\hotspot\share\interpreter\linkResolver.cpp, line 863]
Event: 7.227 Thread 0x000002589f802460 Exception <a 'java/lang/NoSuchMethodError'{0x0000040002ccc258}: 'void java.lang.invoke.DirectMethodHandle$Holder.invokeSpecial(java.lang.Object, java.lang.Object, java.lang.Object, java.lang.Object, java.lang.Object)'> (0x0000040002ccc258) 
thrown [s\open\src\hotspot\share\interpreter\linkResolver.cpp, line 796]
Event: 7.354 Thread 0x000002589f802460 Exception <a 'java/lang/NoSuchMethodError'{0x0000040005d6ccb0}: 'void java.lang.invoke.DirectMethodHandle$Holder.invokeVirtual(java.lang.Object, java.lang.Object, int)'> (0x0000040005d6ccb0) 
thrown [s\open\src\hotspot\share\interpreter\linkResolver.cpp, line 796]
Event: 7.355 Thread 0x000002589f802460 Implicit null exception at 0x00000258aff076ff to 0x00000258aff07964
Event: 7.356 Thread 0x000002589f802460 Exception <a 'java/lang/NoSuchMethodError'{0x0000040005d7f5d0}: 'java.lang.Object java.lang.invoke.DirectMethodHandle$Holder.invokeStatic(java.lang.Object, java.lang.Object, java.lang.Object, java.lang.Object, int)'> (0x0000040005d7f5d0) 
thrown [s\open\src\hotspot\share\interpreter\linkResolver.cpp, line 796]
Event: 7.420 Thread 0x000002589f802460 Exception <a 'sun/nio/fs/WindowsException'{0x00000400051ef880}> (0x00000400051ef880) 
thrown [s\open\src\hotspot\share\prims\jni.cpp, line 520]
Event: 7.421 Thread 0x000002589f802460 Exception <a 'sun/nio/fs/WindowsException'{0x00000400051f1400}> (0x00000400051f1400) 
thrown [s\open\src\hotspot\share\prims\jni.cpp, line 520]
Event: 7.473 Thread 0x000002589f802460 Exception <a 'sun/nio/fs/WindowsException'{0x0000040003e00000}> (0x0000040003e00000) 
thrown [s\open\src\hotspot\share\prims\jni.cpp, line 520]
Event: 7.477 Thread 0x000002589f802460 Exception <a 'sun/nio/fs/WindowsException'{0x0000040003e08af8}> (0x0000040003e08af8) 
thrown [s\open\src\hotspot\share\prims\jni.cpp, line 520]
Event: 7.478 Thread 0x000002589f802460 Exception <a 'sun/nio/fs/WindowsException'{0x0000040003e0a460}> (0x0000040003e0a460) 
thrown [s\open\src\hotspot\share\prims\jni.cpp, line 520]
Event: 7.478 Thread 0x000002589f802460 Exception <a 'sun/nio/fs/WindowsException'{0x0000040003e0aee8}> (0x0000040003e0aee8) 
thrown [s\open\src\hotspot\share\prims\jni.cpp, line 520]
Event: 7.512 Thread 0x000002589f802460 Exception <a 'java/lang/NoSuchMethodError'{0x0000040003f03470}: 'java.lang.Object java.lang.invoke.DirectMethodHandle$Holder.invokeSpecial(java.lang.Object, java.lang.Object, java.lang.Object, int, int)'> (0x0000040003f03470) 
thrown [s\open\src\hotspot\share\interpreter\linkResolver.cpp, line 796]
Event: 7.527 Thread 0x000002589f802460 Exception <a 'java/lang/NoSuchMethodError'{0x0000040003f68270}: 'int java.lang.invoke.DirectMethodHandle$Holder.invokeSpecial(java.lang.Object, java.lang.Object, java.lang.Object, java.lang.Object, java.lang.Object)'> (0x0000040003f68270) 
thrown [s\open\src\hotspot\share\interpreter\linkResolver.cpp, line 796]
Event: 7.549 Thread 0x000002589f802460 Exception <a 'java/lang/NoSuchMethodError'{0x0000040007c9cf80}: 'java.lang.Object java.lang.invoke.DirectMethodHandle$Holder.invokeStatic(java.lang.Object, java.lang.Object, java.lang.Object, java.lang.Object, java.lang.Object, java.lang.Object, int, int, int)'> (0x0000040007c9cf80) 
thrown [s\open\src\hotspot\share\interpreter\linkResolver.cpp, line 796]
Event: 7.632 Thread 0x000002589f802460 Exception <a 'java/lang/NoSuchMethodError'{0x0000040007404760}: 'java.lang.Object java.lang.invoke.DirectMethodHandle$Holder.invokeSpecial(java.lang.Object, java.lang.Object, java.lang.Object, java.lang.Object, java.lang.Object, java.lang.Object, java.lang.Object, java.lang.Object, java.lang.Object, java.lang.Object, java.lang.Object, java.lang.Object, java.lang.Object, java.lang.Object, java.lang.Object, java.lang.Object)'> (0x0000040007404760) 
thrown [s\open\src\hotspot\share\interpreter\linkResolver.cp
Event: 7.633 Thread 0x000002589f802460 Exception <a 'java/lang/NoSuchMethodError'{0x0000040007409b98}: 'java.lang.Object java.lang.invoke.Invokers$Holder.linkToTargetMethod(java.lang.Object, java.lang.Object, java.lang.Object, java.lang.Object, java.lang.Object, java.lang.Object, java.lang.Object, java.lang.Object, java.lang.Object, java.lang.Object, java.lang.Object, java.lang.Object, java.lang.Object, java.lang.Object, java.lang.Object)'> (0x0000040007409b98) 
thrown [s\open\src\hotspot\share\interpreter\linkResolver.cpp, line 796]
Event: 7.678 Thread 0x0000025cffa9e400 Exception <a 'java/io/IOException'{0x00000400054400d8}> (0x00000400054400d8) 
thrown [s\open\src\hotspot\share\prims\jni.cpp, line 520]
Event: 7.723 Thread 0x0000025cffaa04d0 Exception <a 'java/lang/InterruptedException'{0x0000040005c00048}: sleep interrupted> (0x0000040005c00048) 
thrown [s\open\src\hotspot\share\prims\jvm.cpp, line 3093]
Event: 7.729 Thread 0x000002589f802460 Exception <a 'sun/nio/fs/WindowsException'{0x000004000759c168}> (0x000004000759c168) 
thrown [s\open\src\hotspot\share\prims\jni.cpp, line 520]
Event: 7.730 Thread 0x000002589f802460 Exception <a 'sun/nio/fs/WindowsException'{0x000004000759dce8}> (0x000004000759dce8) 
thrown [s\open\src\hotspot\share\prims\jni.cpp, line 520]
Event: 7.781 Thread 0x000002589f802460 Exception <a 'sun/nio/fs/WindowsException'{0x00000400075c66a8}> (0x00000400075c66a8) 
thrown [s\open\src\hotspot\share\prims\jni.cpp, line 520]
Event: 7.784 Thread 0x000002589f802460 Exception <a 'sun/nio/fs/WindowsException'{0x00000400075cf1a0}> (0x00000400075cf1a0) 
thrown [s\open\src\hotspot\share\prims\jni.cpp, line 520]
Event: 7.784 Thread 0x000002589f802460 Exception <a 'sun/nio/fs/WindowsException'{0x00000400075d0b08}> (0x00000400075d0b08) 
thrown [s\open\src\hotspot\share\prims\jni.cpp, line 520]
Event: 7.784 Thread 0x000002589f802460 Exception <a 'sun/nio/fs/WindowsException'{0x00000400075d1590}> (0x00000400075d1590) 
thrown [s\open\src\hotspot\share\prims\jni.cpp, line 520]
Event: 8.047 Thread 0x0000025cff5cddb0 Exception <a 'sun/nio/fs/WindowsException'{0x0000040007035bc0}> (0x0000040007035bc0) 
thrown [s\open\src\hotspot\share\prims\jni.cpp, line 520]
Event: 8.054 Thread 0x0000025cff5ca930 Exception <a 'java/lang/NullPointerException'{0x0000040005137e38}> (0x0000040005137e38) 
thrown [s\open\src\hotspot\share\interpreter\linkResolver.cpp, line 1389]
Event: 8.082 Thread 0x0000025cff5cddb0 Exception <a 'sun/nio/fs/WindowsException'{0x00000400070fe410}> (0x00000400070fe410) 
thrown [s\open\src\hotspot\share\prims\jni.cpp, line 520]
Event: 8.082 Thread 0x0000025cff5cddb0 Exception <a 'sun/nio/fs/WindowsException'{0x00000400070fef60}> (0x00000400070fef60) 
thrown [s\open\src\hotspot\share\prims\jni.cpp, line 520]
Event: 8.085 Thread 0x0000025cff5cddb0 Exception <a 'sun/nio/fs/WindowsException'{0x0000040007107828}> (0x0000040007107828) 
thrown [s\open\src\hotspot\share\prims\jni.cpp, line 520]
Event: 8.086 Thread 0x0000025cff5cddb0 Exception <a 'sun/nio/fs/WindowsException'{0x0000040007107d18}> (0x0000040007107d18) 
thrown [s\open\src\hotspot\share\prims\jni.cpp, line 520]
Event: 8.086 Thread 0x0000025cff5cddb0 Exception <a 'sun/nio/fs/WindowsException'{0x00000400071084e8}> (0x00000400071084e8) 
thrown [s\open\src\hotspot\share\prims\jni.cpp, line 520]
Event: 8.086 Thread 0x0000025cff5cddb0 Exception <a 'sun/nio/fs/WindowsException'{0x0000040007108a20}> (0x0000040007108a20) 
thrown [s\open\src\hotspot\share\prims\jni.cpp, line 520]
Event: 8.086 Thread 0x0000025cff5cddb0 Exception <a 'sun/nio/fs/WindowsException'{0x0000040007108f10}> (0x0000040007108f10) 
thrown [s\open\src\hotspot\share\prims\jni.cpp, line 520]
Event: 8.087 Thread 0x0000025cff5cddb0 Exception <a 'sun/nio/fs/WindowsException'{0x000004000710d5c0}> (0x000004000710d5c0) 
thrown [s\open\src\hotspot\share\prims\jni.cpp, line 520]
Event: 8.087 Thread 0x0000025cff5cddb0 Exception <a 'sun/nio/fs/WindowsException'{0x000004000710e020}> (0x000004000710e020) 
thrown [s\open\src\hotspot\share\prims\jni.cpp, line 520]
Event: 8.088 Thread 0x0000025cff5cddb0 Exception <a 'sun/nio/fs/WindowsException'{0x00000400071126b8}> (0x00000400071126b8) 
thrown [s\open\src\hotspot\share\prims\jni.cpp, line 520]
Event: 8.088 Thread 0x0000025cff5cddb0 Exception <a 'sun/nio/fs/WindowsException'{0x0000040007113438}> (0x0000040007113438) 
thrown [s\open\src\hotspot\share\prims\jni.cpp, line 520]
Event: 8.090 Thread 0x0000025cff5cddb0 Exception <a 'sun/nio/fs/WindowsException'{0x00000400071218b8}> (0x00000400071218b8) 
thrown [s\open\src\hotspot\share\prims\jni.cpp, line 520]
Event: 8.091 Thread 0x0000025cff5cddb0 Exception <a 'sun/nio/fs/WindowsException'{0x0000040007122018}> (0x0000040007122018) 
thrown [s\open\src\hotspot\share\prims\jni.cpp, line 520]
Event: 8.091 Thread 0x0000025cff5cddb0 Exception <a 'sun/nio/fs/WindowsException'{0x0000040007122750}> (0x0000040007122750) 
thrown [s\open\src\hotspot\share\prims\jni.cpp, line 520]
Event: 8.091 Thread 0x0000025cff5cddb0 Exception <a 'sun/nio/fs/WindowsException'{0x0000040007122e98}> (0x0000040007122e98) 
thrown [s\open\src\hotspot\share\prims\jni.cpp, line 520]
Event: 8.092 Thread 0x0000025cff5cddb0 Exception <a 'sun/nio/fs/WindowsException'{0x0000040007127550}> (0x0000040007127550) 
thrown [s\open\src\hotspot\share\prims\jni.cpp, line 520]
Event: 8.092 Thread 0x0000025cff5cddb0 Exception <a 'sun/nio/fs/WindowsException'{0x0000040007128010}> (0x0000040007128010) 
thrown [s\open\src\hotspot\share\prims\jni.cpp, line 520]
Event: 8.092 Thread 0x0000025cff5cddb0 Exception <a 'sun/nio/fs/WindowsException'{0x0000040007128cf8}> (0x0000040007128cf8) 
thrown [s\open\src\hotspot\share\prims\jni.cpp, line 520]
Event: 8.092 Thread 0x0000025cff5cddb0 Exception <a 'sun/nio/fs/WindowsException'{0x0000040007129798}> (0x0000040007129798) 
thrown [s\open\src\hotspot\share\prims\jni.cpp, line 520]
Event: 8.095 Thread 0x0000025cff5cddb0 Exception <a 'sun/nio/fs/WindowsException'{0x0000040007132848}> (0x0000040007132848) 
thrown [s\open\src\hotspot\share\prims\jni.cpp, line 520]
Event: 8.096 Thread 0x0000025cff5cddb0 Exception <a 'sun/nio/fs/WindowsException'{0x0000040007136ec0}> (0x0000040007136ec0) 
thrown [s\open\src\hotspot\share\prims\jni.cpp, line 520]
Event: 8.099 Thread 0x0000025cff5cddb0 Exception <a 'sun/nio/fs/WindowsException'{0x000004000713ff90}> (0x000004000713ff90) 
thrown [s\open\src\hotspot\share\prims\jni.cpp, line 520]
Event: 8.099 Thread 0x0000025cff5cddb0 Exception <a 'sun/nio/fs/WindowsException'{0x0000040007140718}> (0x0000040007140718) 
thrown [s\open\src\hotspot\share\prims\jni.cpp, line 520]
Event: 8.100 Thread 0x0000025cff5cddb0 Exception <a 'sun/nio/fs/WindowsException'{0x0000040007140ea0}> (0x0000040007140ea0) 
thrown [s\open\src\hotspot\share\prims\jni.cpp, line 520]
Event: 8.100 Thread 0x0000025cff5cddb0 Exception <a 'sun/nio/fs/WindowsException'{0x00000400071415c0}> (0x00000400071415c0) 
thrown [s\open\src\hotspot\share\prims\jni.cpp, line 520]
Event: 8.100 Thread 0x0000025cff5cddb0 Exception <a 'sun/nio/fs/WindowsException'{0x0000040007141d08}> (0x0000040007141d08) 
thrown [s\open\src\hotspot\share\prims\jni.cpp, line 520]
Event: 8.100 Thread 0x0000025cff5cddb0 Exception <a 'sun/nio/fs/WindowsException'{0x0000040007142460}> (0x0000040007142460) 
thrown [s\open\src\hotspot\share\prims\jni.cpp, line 520]
Event: 8.101 Thread 0x0000025cff5cddb0 Exception <a 'sun/nio/fs/WindowsException'{0x0000040007146af8}> (0x0000040007146af8) 
thrown [s\open\src\hotspot\share\prims\jni.cpp, line 520]
Event: 8.101 Thread 0x0000025cff5cddb0 Exception <a 'sun/nio/fs/WindowsException'{0x0000040007147598}> (0x0000040007147598) 
thrown [s\open\src\hotspot\share\prims\jni.cpp, line 520]
Event: 8.101 Thread 0x0000025cff5cddb0 Exception <a 'sun/nio/fs/WindowsException'{0x0000040007148038}> (0x0000040007148038) 
thrown [s\open\src\hotspot\share\prims\jni.cpp, line 520]
Event: 8.101 Thread 0x0000025cff5cddb0 Exception <a 'sun/nio/fs/WindowsException'{0x0000040007148ab0}> (0x0000040007148ab0) 
thrown [s\open\src\hotspot\share\prims\jni.cpp, line 520]
Event: 8.101 Thread 0x0000025cff5cddb0 Exception <a 'sun/nio/fs/WindowsException'{0x0000040007149520}> (0x0000040007149520) 
thrown [s\open\src\hotspot\share\prims\jni.cpp, line 520]
Event: 8.101 Thread 0x0000025cff5cddb0 Exception <a 'sun/nio/fs/WindowsException'{0x0000040007149f98}> (0x0000040007149f98) 
thrown [s\open\src\hotspot\share\prims\jni.cpp, line 520]
Event: 8.104 Thread 0x0000025cff5cddb0 Exception <a 'sun/nio/fs/WindowsException'{0x0000040007153088}> (0x0000040007153088) 
thrown [s\open\src\hotspot\share\prims\jni.cpp, line 520]
Event: 8.105 Thread 0x0000025cff5cddb0 Exception <a 'sun/nio/fs/WindowsException'{0x0000040007157728}> (0x0000040007157728) 
thrown [s\open\src\hotspot\share\prims\jni.cpp, line 520]
Event: 8.118 Thread 0x0000025cff5cddb0 Exception <a 'sun/nio/fs/WindowsException'{0x000004000718d380}> (0x000004000718d380) 
thrown [s\open\src\hotspot\share\prims\jni.cpp, line 520]
Event: 8.120 Thread 0x0000025cff5cddb0 Exception <a 'sun/nio/fs/WindowsException'{0x00000400071960e0}> (0x00000400071960e0) 
thrown [s\open\src\hotspot\share\prims\jni.cpp, line 520]
Event: 8.128 Thread 0x0000025cff5cddb0 Exception <a 'sun/nio/fs/WindowsException'{0x00000400071cc3b8}> (0x00000400071cc3b8) 
thrown [s\open\src\hotspot\share\prims\jni.cpp, line 520]
Event: 8.128 Thread 0x0000025cff5cddb0 Exception <a 'sun/nio/fs/WindowsException'{0x00000400071cc830}> (0x00000400071cc830) 
thrown [s\open\src\hotspot\share\prims\jni.cpp, line 520]
Event: 8.128 Thread 0x0000025cff5cddb0 Exception <a 'sun/nio/fs/WindowsException'{0x00000400071ccca8}> (0x00000400071ccca8) 
thrown [s\open\src\hotspot\share\prims\jni.cpp, line 520]
Event: 8.141 Thread 0x0000025cff5ca930 Exception <a 'sun/nio/fs/WindowsException'{0x0000040005645110}> (0x0000040005645110) 
thrown [s\open\src\hotspot\share\prims\jni.cpp, line 520]
Event: 8.141 Thread 0x0000025cff5ca930 Exception <a 'sun/nio/fs/WindowsException'{0x0000040005645b30}> (0x0000040005645b30) 
thrown [s\open\src\hotspot\share\prims\jni.cpp, line 520]
Event: 8.142 Thread 0x0000025cff5ca930 Exception <a 'sun/nio/fs/WindowsException'{0x000004000564a258}> (0x000004000564a258) 
thrown [s\open\src\hotspot\share\prims\jni.cpp, line 520]
Event: 8.142 Thread 0x0000025cff5ca930 Exception <a 'sun/nio/fs/WindowsException'{0x000004000564afd8}> (0x000004000564afd8) 
thrown [s\open\src\hotspot\share\prims\jni.cpp, line 520]
Event: 8.142 Thread 0x0000025cff5ca930 Exception <a 'sun/nio/fs/WindowsException'{0x000004000564bb50}> (0x000004000564bb50) 
thrown [s\open\src\hotspot\share\prims\jni.cpp, line 520]
Event: 8.142 Thread 0x0000025cff5ca930 Exception <a 'sun/nio/fs/WindowsException'{0x000004000564c2b0}> (0x000004000564c2b0) 
thrown [s\open\src\hotspot\share\prims\jni.cpp, line 520]
Event: 8.142 Thread 0x0000025cff5ca930 Exception <a 'sun/nio/fs/WindowsException'{0x000004000564c9e8}> (0x000004000564c9e8) 
thrown [s\open\src\hotspot\share\prims\jni.cpp, line 520]
Event: 8.142 Thread 0x0000025cff5ca930 Exception <a 'sun/nio/fs/WindowsException'{0x000004000564d130}> (0x000004000564d130) 
thrown [s\open\src\hotspot\share\prims\jni.cpp, line 520]
Event: 8.142 Thread 0x0000025cffa9fe40 Exception <a 'sun/nio/fs/WindowsException'{0x0000040004655400}> (0x0000040004655400) 
thrown [s\open\src\hotspot\share\prims\jni.cpp, line 520]
Event: 8.142 Thread 0x0000025cffa9fe40 Exception <a 'sun/nio/fs/WindowsException'{0x00000400046558b8}> (0x00000400046558b8) 
thrown [s\open\src\hotspot\share\prims\jni.cpp, line 520]
Event: 8.142 Thread 0x0000025cffa9fe40 Exception <a 'sun/nio/fs/WindowsException'{0x0000040004655d68}> (0x0000040004655d68) 
thrown [s\open\src\hotspot\share\prims\jni.cpp, line 520]
Event: 8.143 Thread 0x0000025cff5ca930 Exception <a 'sun/nio/fs/WindowsException'{0x00000400056517e8}> (0x00000400056517e8) 
thrown [s\open\src\hotspot\share\prims\jni.cpp, line 520]
Event: 8.143 Thread 0x0000025cff5ca930 Exception <a 'sun/nio/fs/WindowsException'{0x00000400056522a8}> (0x00000400056522a8) 
thrown [s\open\src\hotspot\share\prims\jni.cpp, line 520]
Event: 8.143 Thread 0x0000025cff5ca930 Exception <a 'sun/nio/fs/WindowsException'{0x0000040005652d40}> (0x0000040005652d40) 
thrown [s\open\src\hotspot\share\prims\jni.cpp, line 520]
Event: 8.143 Thread 0x0000025cff5ca930 Exception <a 'sun/nio/fs/WindowsException'{0x00000400056537e0}> (0x00000400056537e0) 
thrown [s\open\src\hotspot\share\prims\jni.cpp, line 520]
Event: 8.143 Thread 0x0000025cff5ca930 Exception <a 'sun/nio/fs/WindowsException'{0x0000040005654280}> (0x0000040005654280) 
thrown [s\open\src\hotspot\share\prims\jni.cpp, line 520]
Event: 8.144 Thread 0x0000025cff5ca930 Exception <a 'sun/nio/fs/WindowsException'{0x00000400056588f8}> (0x00000400056588f8) 
thrown [s\open\src\hotspot\share\prims\jni.cpp, line 520]
Event: 8.144 Thread 0x0000025cff5ca930 Exception <a 'sun/nio/fs/WindowsException'{0x00000400056593b0}> (0x00000400056593b0) 
thrown [s\open\src\hotspot\share\prims\jni.cpp, line 520]
Event: 8.144 Thread 0x0000025cff5ca930 Exception <a 'sun/nio/fs/WindowsException'{0x0000040005659af8}> (0x0000040005659af8) 
thrown [s\open\src\hotspot\share\prims\jni.cpp, line 520]
Event: 8.144 Thread 0x0000025cff5ca930 Exception <a 'sun/nio/fs/WindowsException'{0x000004000565a240}> (0x000004000565a240) 
thrown [s\open\src\hotspot\share\prims\jni.cpp, line 520]
Event: 8.144 Thread 0x0000025cff5ca930 Exception <a 'sun/nio/fs/WindowsException'{0x000004000565a960}> (0x000004000565a960) 
thrown [s\open\src\hotspot\share\prims\jni.cpp, line 520]
Event: 8.144 Thread 0x0000025cff5ca930 Exception <a 'sun/nio/fs/WindowsException'{0x000004000565b070}> (0x000004000565b070) 
thrown [s\open\src\hotspot\share\prims\jni.cpp, line 520]
Event: 8.144 Thread 0x0000025cff5ca930 Exception <a 'sun/nio/fs/WindowsException'{0x000004000565b790}> (0x000004000565b790) 
thrown [s\open\src\hotspot\share\prims\jni.cpp, line 520]
Event: 8.145 Thread 0x0000025cff5ca930 Exception <a 'sun/nio/fs/WindowsException'{0x000004000565fe28}> (0x000004000565fe28) 
thrown [s\open\src\hotspot\share\prims\jni.cpp, line 520]
Event: 8.145 Thread 0x0000025cff5ca930 Exception <a 'sun/nio/fs/WindowsException'{0x00000400056608c8}> (0x00000400056608c8) 
thrown [s\open\src\hotspot\share\prims\jni.cpp, line 520]
Event: 8.145 Thread 0x0000025cff5ca930 Exception <a 'sun/nio/fs/WindowsException'{0x0000040005661368}> (0x0000040005661368) 
thrown [s\open\src\hotspot\share\prims\jni.cpp, line 520]
Event: 8.146 Thread 0x0000025cff5ca930 Exception <a 'sun/nio/fs/WindowsException'{0x0000040005661de0}> (0x0000040005661de0) 
thrown [s\open\src\hotspot\share\prims\jni.cpp, line 520]
Event: 8.146 Thread 0x0000025cff5ca930 Exception <a 'sun/nio/fs/WindowsException'{0x0000040005662850}> (0x0000040005662850) 
thrown [s\open\src\hotspot\share\prims\jni.cpp, line 520]
Event: 8.146 Thread 0x0000025cff5ca930 Exception <a 'sun/nio/fs/WindowsException'{0x00000400056632c8}> (0x00000400056632c8) 
thrown [s\open\src\hotspot\share\prims\jni.cpp, line 520]
Event: 8.146 Thread 0x0000025cff5ca930 Exception <a 'sun/nio/fs/WindowsException'{0x0000040005663d90}> (0x0000040005663d90) 
thrown [s\open\src\hotspot\share\prims\jni.cpp, line 520]
Event: 8.147 Thread 0x0000025cff5ca930 Exception <a 'sun/nio/fs/WindowsException'{0x0000040005668430}> (0x0000040005668430) 
thrown [s\open\src\hotspot\share\prims\jni.cpp, line 520]
Event: 8.147 Thread 0x0000025cff5ca930 Exception <a 'sun/nio/fs/WindowsException'{0x00000400056698e8}> (0x00000400056698e8) 
thrown [s\open\src\hotspot\share\prims\jni.cpp, line 520]
Event: 8.147 Thread 0x0000025cff5ca930 Exception <a 'sun/nio/fs/WindowsException'{0x0000040005669dc0}> (0x0000040005669dc0) 
thrown [s\open\src\hotspot\share\prims\jni.cpp, line 520]
Event: 8.149 Thread 0x0000025cff5ca930 Exception <a 'sun/nio/fs/WindowsException'{0x0000040005673478}> (0x0000040005673478) 
thrown [s\open\src\hotspot\share\prims\jni.cpp, line 520]
Event: 8.149 Thread 0x0000025cff5ca930 Exception <a 'sun/nio/fs/WindowsException'{0x00000400056738f0}> (0x00000400056738f0) 
thrown [s\open\src\hotspot\share\prims\jni.cpp, line 520]
Event: 8.149 Thread 0x0000025cff5ca930 Exception <a 'sun/nio/fs/WindowsException'{0x0000040005673d68}> (0x0000040005673d68) 
thrown [s\open\src\hotspot\share\prims\jni.cpp, line 520]
Event: 8.153 Thread 0x0000025cff5ca930 Exception <a 'sun/nio/fs/WindowsException'{0x0000040005695b90}> (0x0000040005695b90) 
thrown [s\open\src\hotspot\share\prims\jni.cpp, line 520]
Event: 8.155 Thread 0x0000025cff5ca930 Exception <a 'sun/nio/fs/WindowsException'{0x000004000569a298}> (0x000004000569a298) 
thrown [s\open\src\hotspot\share\prims\jni.cpp, line 520]
Event: 8.155 Thread 0x0000025cff5ca930 Exception <a 'sun/nio/fs/WindowsException'{0x000004000569adf0}> (0x000004000569adf0) 
thrown [s\open\src\hotspot\share\prims\jni.cpp, line 520]
Event: 8.156 Thread 0x0000025cff5ca930 Exception <a 'sun/nio/fs/WindowsException'{0x000004000569f4f8}> (0x000004000569f4f8) 
thrown [s\open\src\hotspot\share\prims\jni.cpp, line 520]
Event: 8.156 Thread 0x0000025cff5ca930 Exception <a 'sun/nio/fs/WindowsException'{0x00000400056a0010}> (0x00000400056a0010) 
thrown [s\open\src\hotspot\share\prims\jni.cpp, line 520]
Event: 8.156 Thread 0x0000025cff5ca930 Exception <a 'sun/nio/fs/WindowsException'{0x00000400056a0548}> (0x00000400056a0548) 
thrown [s\open\src\hotspot\share\prims\jni.cpp, line 520]
Event: 8.156 Thread 0x0000025cff5ca930 Exception <a 'sun/nio/fs/WindowsException'{0x00000400056a0a38}> (0x00000400056a0a38) 
thrown [s\open\src\hotspot\share\prims\jni.cpp, line 520]
Event: 8.156 Thread 0x0000025cff5ca930 Exception <a 'sun/nio/fs/WindowsException'{0x00000400056a1208}> (0x00000400056a1208) 
thrown [s\open\src\hotspot\share\prims\jni.cpp, line 520]
Event: 8.156 Thread 0x0000025cff5ca930 Exception <a 'sun/nio/fs/WindowsException'{0x00000400056a1740}> (0x00000400056a1740) 
thrown [s\open\src\hotspot\share\prims\jni.cpp, line 520]
Event: 8.156 Thread 0x0000025cff5ca930 Exception <a 'sun/nio/fs/WindowsException'{0x00000400056a1c30}> (0x00000400056a1c30) 
thrown [s\open\src\hotspot\share\prims\jni.cpp, line 520]
Event: 8.160 Thread 0x0000025cff5ca930 Exception <a 'sun/nio/fs/WindowsException'{0x00000400056bbdf0}> (0x00000400056bbdf0) 
thrown [s\open\src\hotspot\share\prims\jni.cpp, line 520]
Event: 8.160 Thread 0x0000025cff5ca930 Exception <a 'sun/nio/fs/WindowsException'{0x00000400056bc810}> (0x00000400056bc810) 
thrown [s\open\src\hotspot\share\prims\jni.cpp, line 520]
Event: 8.161 Thread 0x0000025cff5ca930 Exception <a 'sun/nio/fs/WindowsException'{0x00000400056c10f0}> (0x00000400056c10f0) 
thrown [s\open\src\hotspot\share\prims\jni.cpp, line 520]
Event: 8.161 Thread 0x0000025cff5ca930 Exception <a 'sun/nio/fs/WindowsException'{0x00000400056c1e70}> (0x00000400056c1e70) 
thrown [s\open\src\hotspot\share\prims\jni.cpp, line 520]
Event: 8.161 Thread 0x0000025cff5ca930 Exception <a 'sun/nio/fs/WindowsException'{0x00000400056c29e8}> (0x00000400056c29e8) 
thrown [s\open\src\hotspot\share\prims\jni.cpp, line 520]
Event: 8.161 Thread 0x0000025cff5ca930 Exception <a 'sun/nio/fs/WindowsException'{0x00000400056c3148}> (0x00000400056c3148) 
thrown [s\open\src\hotspot\share\prims\jni.cpp, line 520]
Event: 8.161 Thread 0x0000025cff5ca930 Exception <a 'sun/nio/fs/WindowsException'{0x00000400056c3880}> (0x00000400056c3880) 
thrown [s\open\src\hotspot\share\prims\jni.cpp, line 520]
Event: 8.161 Thread 0x0000025cff5ca930 Exception <a 'sun/nio/fs/WindowsException'{0x00000400056c3fc8}> (0x00000400056c3fc8) 
thrown [s\open\src\hotspot\share\prims\jni.cpp, line 520]
Event: 8.162 Thread 0x0000025cff5ca930 Exception <a 'sun/nio/fs/WindowsException'{0x00000400056c8680}> (0x00000400056c8680) 
thrown [s\open\src\hotspot\share\prims\jni.cpp, line 520]
Event: 8.162 Thread 0x0000025cff5ca930 Exception <a 'sun/nio/fs/WindowsException'{0x00000400056c9140}> (0x00000400056c9140) 
thrown [s\open\src\hotspot\share\prims\jni.cpp, line 520]
Event: 8.162 Thread 0x0000025cff5ca930 Exception <a 'sun/nio/fs/WindowsException'{0x00000400056c9bd8}> (0x00000400056c9bd8) 
thrown [s\open\src\hotspot\share\prims\jni.cpp, line 520]
Event: 8.162 Thread 0x0000025cff5ca930 Exception <a 'sun/nio/fs/WindowsException'{0x00000400056ca678}> (0x00000400056ca678) 
thrown [s\open\src\hotspot\share\prims\jni.cpp, line 520]
Event: 8.162 Thread 0x0000025cff5ca930 Exception <a 'sun/nio/fs/WindowsException'{0x00000400056cb118}> (0x00000400056cb118) 
thrown [s\open\src\hotspot\share\prims\jni.cpp, line 520]
Event: 8.163 Thread 0x0000025cff5ca930 Exception <a 'sun/nio/fs/WindowsException'{0x00000400056cf790}> (0x00000400056cf790) 
thrown [s\open\src\hotspot\share\prims\jni.cpp, line 520]
Event: 8.164 Thread 0x0000025cff5ca930 Exception <a 'sun/nio/fs/WindowsException'{0x00000400056d0248}> (0x00000400056d0248) 
thrown [s\open\src\hotspot\share\prims\jni.cpp, line 520]
Event: 8.164 Thread 0x0000025cff5ca930 Exception <a 'sun/nio/fs/WindowsException'{0x00000400056d0990}> (0x00000400056d0990) 
thrown [s\open\src\hotspot\share\prims\jni.cpp, line 520]
Event: 8.164 Thread 0x0000025cff5ca930 Exception <a 'sun/nio/fs/WindowsException'{0x00000400056d10d8}> (0x00000400056d10d8) 
thrown [s\open\src\hotspot\share\prims\jni.cpp, line 520]
Event: 8.164 Thread 0x0000025cff5ca930 Exception <a 'sun/nio/fs/WindowsException'{0x00000400056d17f8}> (0x00000400056d17f8) 
thrown [s\open\src\hotspot\share\prims\jni.cpp, line 520]
Event: 8.164 Thread 0x0000025cff5ca930 Exception <a 'sun/nio/fs/WindowsException'{0x00000400056d1f08}> (0x00000400056d1f08) 
thrown [s\open\src\hotspot\share\prims\jni.cpp, line 520]
Event: 8.164 Thread 0x0000025cff5ca930 Exception <a 'sun/nio/fs/WindowsException'{0x00000400056d2628}> (0x00000400056d2628) 
thrown [s\open\src\hotspot\share\prims\jni.cpp, line 520]
Event: 8.164 Thread 0x0000025cff5ca930 Exception <a 'sun/nio/fs/WindowsException'{0x00000400056d6cc0}> (0x00000400056d6cc0) 
thrown [s\open\src\hotspot\share\prims\jni.cpp, line 520]
Event: 8.165 Thread 0x0000025cff5ca930 Exception <a 'sun/nio/fs/WindowsException'{0x00000400056d7760}> (0x00000400056d7760) 
thrown [s\open\src\hotspot\share\prims\jni.cpp, line 520]
Event: 8.165 Thread 0x0000025cff5ca930 Exception <a 'sun/nio/fs/WindowsException'{0x00000400056d8200}> (0x00000400056d8200) 
thrown [s\open\src\hotspot\share\prims\jni.cpp, line 520]
Event: 8.165 Thread 0x0000025cff5ca930 Exception <a 'sun/nio/fs/WindowsException'{0x00000400056d8c78}> (0x00000400056d8c78) 
thrown [s\open\src\hotspot\share\prims\jni.cpp, line 520]
Event: 8.165 Thread 0x0000025cff5ca930 Exception <a 'sun/nio/fs/WindowsException'{0x00000400056d96e8}> (0x00000400056d96e8) 
thrown [s\open\src\hotspot\share\prims\jni.cpp, line 520]
Event: 8.165 Thread 0x0000025cff5ca930 Exception <a 'sun/nio/fs/WindowsException'{0x00000400056da160}> (0x00000400056da160) 
thrown [s\open\src\hotspot\share\prims\jni.cpp, line 520]
Event: 8.165 Thread 0x0000025cff5ca930 Exception <a 'sun/nio/fs/WindowsException'{0x00000400056dac28}> (0x00000400056dac28) 
thrown [s\open\src\hotspot\share\prims\jni.cpp, line 520]
Event: 8.166 Thread 0x0000025cff5ca930 Exception <a 'sun/nio/fs/WindowsException'{0x00000400056df2c8}> (0x00000400056df2c8) 
thrown [s\open\src\hotspot\share\prims\jni.cpp, line 520]
Event: 8.166 Thread 0x0000025cff5ca930 Exception <a 'sun/nio/fs/WindowsException'{0x00000400056e0780}> (0x00000400056e0780) 
thrown [s\open\src\hotspot\share\prims\jni.cpp, line 520]
Event: 8.166 Thread 0x0000025cff5ca930 Exception <a 'sun/nio/fs/WindowsException'{0x00000400056e0c58}> (0x00000400056e0c58) 
thrown [s\open\src\hotspot\share\prims\jni.cpp, line 520]
Event: 8.169 Thread 0x0000025cff5ca930 Exception <a 'sun/nio/fs/WindowsException'{0x00000400056ea310}> (0x00000400056ea310) 
thrown [s\open\src\hotspot\share\prims\jni.cpp, line 520]
Event: 8.169 Thread 0x0000025cff5ca930 Exception <a 'sun/nio/fs/WindowsException'{0x00000400056ea788}> (0x00000400056ea788) 
thrown [s\open\src\hotspot\share\prims\jni.cpp, line 520]
Event: 8.170 Thread 0x0000025cff5ca930 Exception <a 'sun/nio/fs/WindowsException'{0x00000400056eac00}> (0x00000400056eac00) 
thrown [s\open\src\hotspot\share\prims\jni.cpp, line 520]
Event: 8.170 Thread 0x0000025cff5ca930 Exception <a 'sun/nio/fs/WindowsException'{0x00000400056eb3a0}> (0x00000400056eb3a0) 
thrown [s\open\src\hotspot\share\prims\jni.cpp, line 520]
Event: 8.171 Thread 0x0000025cff5ca930 Exception <a 'sun/nio/fs/WindowsException'{0x00000400056efaa8}> (0x00000400056efaa8) 
thrown [s\open\src\hotspot\share\prims\jni.cpp, line 520]
Event: 8.172 Thread 0x0000025cff5ca930 Exception <a 'sun/nio/fs/WindowsException'{0x00000400056f05c0}> (0x00000400056f05c0) 
thrown [s\open\src\hotspot\share\prims\jni.cpp, line 520]
Event: 8.172 Thread 0x0000025cff5ca930 Exception <a 'sun/nio/fs/WindowsException'{0x00000400056f0af8}> (0x00000400056f0af8) 
thrown [s\open\src\hotspot\share\prims\jni.cpp, line 520]
Event: 8.172 Thread 0x0000025cff5ca930 Exception <a 'sun/nio/fs/WindowsException'{0x00000400056f0fe8}> (0x00000400056f0fe8) 
thrown [s\open\src\hotspot\share\prims\jni.cpp, line 520]
Event: 8.172 Thread 0x0000025cff5ca930 Exception <a 'sun/nio/fs/WindowsException'{0x00000400056f17b8}> (0x00000400056f17b8) 
thrown [s\open\src\hotspot\share\prims\jni.cpp, line 520]
Event: 8.172 Thread 0x0000025cff5ca930 Exception <a 'sun/nio/fs/WindowsException'{0x00000400056f1cf0}> (0x00000400056f1cf0) 
thrown [s\open\src\hotspot\share\prims\jni.cpp, line 520]
Event: 8.173 Thread 0x0000025cff5ca930 Exception <a 'sun/nio/fs/WindowsException'{0x00000400056f21e0}> (0x00000400056f21e0) 
thrown [s\open\src\hotspot\share\prims\jni.cpp, line 520]
Event: 8.173 Thread 0x0000025cff5ca930 Exception <a 'sun/nio/fs/WindowsException'{0x00000400056f29e8}> (0x00000400056f29e8) 
thrown [s\open\src\hotspot\share\prims\jni.cpp, line 520]
Event: 8.174 Thread 0x0000025cff5ca930 Exception <a 'sun/nio/fs/WindowsException'{0x00000400056f70f0}> (0x00000400056f70f0) 
thrown [s\open\src\hotspot\share\prims\jni.cpp, line 520]
Event: 8.174 Thread 0x0000025cff5ca930 Exception <a 'sun/nio/fs/WindowsException'{0x00000400056f7bf8}> (0x00000400056f7bf8) 
thrown [s\open\src\hotspot\share\prims\jni.cpp, line 520]
Event: 8.174 Thread 0x0000025cff5ca930 Exception <a 'sun/nio/fs/WindowsException'{0x00000400056f8618}> (0x00000400056f8618) 
thrown [s\open\src\hotspot\share\prims\jni.cpp, line 520]
Event: 8.175 Thread 0x0000025cff5ca930 Exception <a 'sun/nio/fs/WindowsException'{0x00000400056fccb0}> (0x00000400056fccb0) 
thrown [s\open\src\hotspot\share\prims\jni.cpp, line 520]
Event: 8.175 Thread 0x0000025cff5ca930 Exception <a 'sun/nio/fs/WindowsException'{0x00000400056fda30}> (0x00000400056fda30) 
thrown [s\open\src\hotspot\share\prims\jni.cpp, line 520]
Event: 8.176 Thread 0x0000025cff5ca930 Exception <a 'sun/nio/fs/WindowsException'{0x00000400056fe4c8}> (0x00000400056fe4c8) 
thrown [s\open\src\hotspot\share\prims\jni.cpp, line 520]
Event: 8.176 Thread 0x0000025cff5ca930 Exception <a 'sun/nio/fs/WindowsException'{0x00000400056fec10}> (0x00000400056fec10) 
thrown [s\open\src\hotspot\share\prims\jni.cpp, line 520]
Event: 8.176 Thread 0x0000025cff5ca930 Exception <a 'sun/nio/fs/WindowsException'{0x00000400056ff358}> (0x00000400056ff358) 
thrown [s\open\src\hotspot\share\prims\jni.cpp, line 520]
Event: 8.176 Thread 0x0000025cff5ca930 Exception <a 'sun/nio/fs/WindowsException'{0x00000400056ffa78}> (0x00000400056ffa78) 
thrown [s\open\src\hotspot\share\prims\jni.cpp, line 520]
Event: 8.176 Thread 0x0000025cff5ca930 Exception <a 'sun/nio/fs/WindowsException'{0x0000040005700448}> (0x0000040005700448) 
thrown [s\open\src\hotspot\share\prims\jni.cpp, line 520]
Event: 8.176 Thread 0x0000025cff5ca930 Exception <a 'sun/nio/fs/WindowsException'{0x0000040005700b68}> (0x0000040005700b68) 
thrown [s\open\src\hotspot\share\prims\jni.cpp, line 520]
Event: 8.177 Thread 0x0000025cff5ca930 Exception <a 'sun/nio/fs/WindowsException'{0x0000040005705200}> (0x0000040005705200) 
thrown [s\open\src\hotspot\share\prims\jni.cpp, line 520]
Event: 8.177 Thread 0x0000025cff5ca930 Exception <a 'sun/nio/fs/WindowsException'{0x0000040005705ca0}> (0x0000040005705ca0) 
thrown [s\open\src\hotspot\share\prims\jni.cpp, line 520]
Event: 8.177 Thread 0x0000025cff5ca930 Exception <a 'sun/nio/fs/WindowsException'{0x0000040005706740}> (0x0000040005706740) 
thrown [s\open\src\hotspot\share\prims\jni.cpp, line 520]
Event: 8.177 Thread 0x0000025cff5ca930 Exception <a 'sun/nio/fs/WindowsException'{0x00000400057071b8}> (0x00000400057071b8) 
thrown [s\open\src\hotspot\share\prims\jni.cpp, line 520]
Event: 8.177 Thread 0x0000025cff5ca930 Exception <a 'sun/nio/fs/WindowsException'{0x0000040005707c28}> (0x0000040005707c28) 
thrown [s\open\src\hotspot\share\prims\jni.cpp, line 520]
Event: 8.177 Thread 0x0000025cff5ca930 Exception <a 'sun/nio/fs/WindowsException'{0x00000400057086a0}> (0x00000400057086a0) 
thrown [s\open\src\hotspot\share\prims\jni.cpp, line 520]
Event: 8.177 Thread 0x0000025cff5ca930 Exception <a 'sun/nio/fs/WindowsException'{0x00000400057091f8}> (0x00000400057091f8) 
thrown [s\open\src\hotspot\share\prims\jni.cpp, line 520]
Event: 8.177 Thread 0x0000025cff5ca930 Exception <a 'sun/nio/fs/WindowsException'{0x0000040005709958}> (0x0000040005709958) 
thrown [s\open\src\hotspot\share\prims\jni.cpp, line 520]
Event: 8.177 Thread 0x0000025cff5ca930 Exception <a 'sun/nio/fs/WindowsException'{0x000004000570a090}> (0x000004000570a090) 
thrown [s\open\src\hotspot\share\prims\jni.cpp, line 520]
Event: 8.177 Thread 0x0000025cff5ca930 Exception <a 'sun/nio/fs/WindowsException'{0x000004000570a7d8}> (0x000004000570a7d8) 
thrown [s\open\src\hotspot\share\prims\jni.cpp, line 520]
Event: 8.178 Thread 0x0000025cff5ca930 Exception <a 'sun/nio/fs/WindowsException'{0x000004000570ee90}> (0x000004000570ee90) 
thrown [s\open\src\hotspot\share\prims\jni.cpp, line 520]
Event: 8.178 Thread 0x0000025cff5ca930 Exception <a 'sun/nio/fs/WindowsException'{0x000004000570f950}> (0x000004000570f950) 
thrown [s\open\src\hotspot\share\prims\jni.cpp, line 520]
Event: 8.179 Thread 0x0000025cff5ca930 Exception <a 'sun/nio/fs/WindowsException'{0x00000400057103e8}> (0x00000400057103e8) 
thrown [s\open\src\hotspot\share\prims\jni.cpp, line 520]
Event: 8.179 Thread 0x0000025cff5ca930 Exception <a 'sun/nio/fs/WindowsException'{0x0000040005710e88}> (0x0000040005710e88) 
thrown [s\open\src\hotspot\share\prims\jni.cpp, line 520]
Event: 8.179 Thread 0x0000025cff5ca930 Exception <a 'sun/nio/fs/WindowsException'{0x0000040005711908}> (0x0000040005711908) 
thrown [s\open\src\hotspot\share\prims\jni.cpp, line 520]
Event: 8.180 Thread 0x0000025cff5ca930 Exception <a 'sun/nio/fs/WindowsException'{0x0000040005715f80}> (0x0000040005715f80) 
thrown [s\open\src\hotspot\share\prims\jni.cpp, line 520]
Event: 8.213 Thread 0x0000025cff5cddb0 Exception <a 'sun/nio/fs/WindowsException'{0x00000400054ee178}> (0x00000400054ee178) 
thrown [s\open\src\hotspot\share\prims\jni.cpp, line 520]
Event: 8.214 Thread 0x0000025cff5cddb0 Exception <a 'sun/nio/fs/WindowsException'{0x00000400054f2880}> (0x00000400054f2880) 
thrown [s\open\src\hotspot\share\prims\jni.cpp, line 520]
Event: 8.214 Thread 0x0000025cff5cddb0 Exception <a 'sun/nio/fs/WindowsException'{0x00000400054f33d8}> (0x00000400054f33d8) 
thrown [s\open\src\hotspot\share\prims\jni.cpp, line 520]
Event: 8.215 Thread 0x0000025cff5cddb0 Exception <a 'sun/nio/fs/WindowsException'{0x00000400054f7ae0}> (0x00000400054f7ae0) 
thrown [s\open\src\hotspot\share\prims\jni.cpp, line 520]
Event: 8.215 Thread 0x0000025cff5cddb0 Exception <a 'sun/nio/fs/WindowsException'{0x00000400054f85f8}> (0x00000400054f85f8) 
thrown [s\open\src\hotspot\share\prims\jni.cpp, line 520]
Event: 8.215 Thread 0x0000025cff5cddb0 Exception <a 'sun/nio/fs/WindowsException'{0x00000400054f8b30}> (0x00000400054f8b30) 
thrown [s\open\src\hotspot\share\prims\jni.cpp, line 520]
Event: 8.215 Thread 0x0000025cff5cddb0 Exception <a 'sun/nio/fs/WindowsException'{0x00000400054f9020}> (0x00000400054f9020) 
thrown [s\open\src\hotspot\share\prims\jni.cpp, line 520]
Event: 8.215 Thread 0x0000025cff5cddb0 Exception <a 'sun/nio/fs/WindowsException'{0x00000400054f97f0}> (0x00000400054f97f0) 
thrown [s\open\src\hotspot\share\prims\jni.cpp, line 520]
Event: 8.215 Thread 0x0000025cff5cddb0 Exception <a 'sun/nio/fs/WindowsException'{0x00000400054f9d28}> (0x00000400054f9d28) 
thrown [s\open\src\hotspot\share\prims\jni.cpp, line 520]
Event: 8.215 Thread 0x0000025cff5cddb0 Exception <a 'sun/nio/fs/WindowsException'{0x00000400054fa218}> (0x00000400054fa218) 
thrown [s\open\src\hotspot\share\prims\jni.cpp, line 520]
Event: 8.317 Thread 0x0000025cffa9f120 Exception <a 'java/lang/NoSuchMethodError'{0x000004000816c000}: 'int java.lang.invoke.DirectMethodHandle$Holder.invokeStaticInit(java.lang.Object, java.lang.Object)'> (0x000004000816c000) 
thrown [s\open\src\hotspot\share\interpreter\linkResolver.cpp, line 796]
Event: 8.332 Thread 0x0000025cff5cf7f0 Exception <a 'java/lang/NoSuchMethodError'{0x00000400047c1fc8}: 'java.lang.Object java.lang.invoke.DirectMethodHandle$Holder.invokeStatic(java.lang.Object, java.lang.Object, int, java.lang.Object, java.lang.Object, java.lang.Object)'> (0x00000400047c1fc8) 
thrown [s\open\src\hotspot\share\interpreter\linkResolver.cpp, line 796]
Event: 8.332 Thread 0x0000025cff5cd090 Exception <a 'java/lang/NoSuchMethodError'{0x00000400028dd588}: 'java.lang.Object java.lang.invoke.DirectMethodHandle$Holder.invokeStatic(java.lang.Object, java.lang.Object, int, java.lang.Object, java.lang.Object, java.lang.Object)'> (0x00000400028dd588) 
thrown [s\open\src\hotspot\share\interpreter\linkResolver.cpp, line 796]
Event: 8.332 Thread 0x0000025cff5cead0 Exception <a 'java/lang/NoSuchMethodError'{0x00000400024c7a08}: 'java.lang.Object java.lang.invoke.DirectMethodHandle$Holder.invokeStatic(java.lang.Object, java.lang.Object, int, java.lang.Object, java.lang.Object, java.lang.Object)'> (0x00000400024c7a08) 
thrown [s\open\src\hotspot\share\interpreter\linkResolver.cpp, line 796]
Event: 8.332 Thread 0x0000025cff5d1230 Exception <a 'java/lang/NoSuchMethodError'{0x00000400081b8968}: 'java.lang.Object java.lang.invoke.DirectMethodHandle$Holder.invokeStatic(java.lang.Object, java.lang.Object, int, java.lang.Object, java.lang.Object, java.lang.Object)'> (0x00000400081b8968) 
thrown [s\open\src\hotspot\share\interpreter\linkResolver.cpp, line 796]
Event: 8.332 Thread 0x0000025cffa9fe40 Exception <a 'java/lang/NoSuchMethodError'{0x000004000290a930}: 'java.lang.Object java.lang.invoke.DirectMethodHandle$Holder.invokeStatic(java.lang.Object, java.lang.Object, int, java.lang.Object, java.lang.Object, java.lang.Object)'> (0x000004000290a930) 
thrown [s\open\src\hotspot\share\interpreter\linkResolver.cpp, line 796]
Event: 8.332 Thread 0x000002588438f550 Exception <a 'java/lang/NoSuchMethodError'{0x0000040008c00648}: 'java.lang.Object java.lang.invoke.DirectMethodHandle$Holder.invokeStatic(java.lang.Object, java.lang.Object, int, java.lang.Object, java.lang.Object, java.lang.Object)'> (0x0000040008c00648) 
thrown [s\open\src\hotspot\share\interpreter\linkResolver.cpp, line 796]
Event: 8.333 Thread 0x000002588438e830 Exception <a 'java/lang/NoSuchMethodError'{0x0000040001826210}: 'java.lang.Object java.lang.invoke.DirectMethodHandle$Holder.invokeStatic(java.lang.Object, java.lang.Object, int, java.lang.Object, java.lang.Object, java.lang.Object)'> (0x0000040001826210) 
thrown [s\open\src\hotspot\share\interpreter\linkResolver.cpp, line 796]
Event: 8.333 Thread 0x0000025cff5cf160 Exception <a 'java/lang/NoSuchMethodError'{0x0000040002878ca0}: 'java.lang.Object java.lang.invoke.DirectMethodHandle$Holder.invokeStatic(java.lang.Object, java.lang.Object, int, java.lang.Object, java.lang.Object, java.lang.Object)'> (0x0000040002878ca0) 
thrown [s\open\src\hotspot\share\interpreter\linkResolver.cpp, line 796]
Event: 8.338 Thread 0x0000025cffa9fe40 Exception <a 'java/lang/NoSuchMethodError'{0x0000040002914030}: 'java.lang.Object java.lang.invoke.DirectMethodHandle$Holder.newInvokeSpecial(java.lang.Object, java.lang.Object, int, java.lang.Object, java.lang.Object)'> (0x0000040002914030) 
thrown [s\open\src\hotspot\share\interpreter\linkResolver.cpp, line 796]
Event: 8.338 Thread 0x0000025cff5cf7f0 Exception <a 'java/lang/NoSuchMethodError'{0x00000400012806a0}: 'java.lang.Object java.lang.invoke.DirectMethodHandle$Holder.newInvokeSpecial(java.lang.Object, java.lang.Object, int, java.lang.Object, java.lang.Object)'> (0x00000400012806a0) 
thrown [s\open\src\hotspot\share\interpreter\linkResolver.cpp, line 796]
Event: 8.338 Thread 0x0000025cff5d1230 Exception <a 'java/lang/NoSuchMethodError'{0x0000040008a42438}: 'java.lang.Object java.lang.invoke.DirectMethodHandle$Holder.newInvokeSpecial(java.lang.Object, java.lang.Object, int, java.lang.Object, java.lang.Object)'> (0x0000040008a42438) 
thrown [s\open\src\hotspot\share\interpreter\linkResolver.cpp, line 796]
Event: 8.338 Thread 0x0000025cff5cd090 Exception <a 'java/lang/NoSuchMethodError'{0x00000400028e7cc8}: 'java.lang.Object java.lang.invoke.DirectMethodHandle$Holder.newInvokeSpecial(java.lang.Object, java.lang.Object, int, java.lang.Object, java.lang.Object)'> (0x00000400028e7cc8) 
thrown [s\open\src\hotspot\share\interpreter\linkResolver.cpp, line 796]
Event: 8.338 Thread 0x0000025cff5cead0 Exception <a 'java/lang/NoSuchMethodError'{0x00000400024d1108}: 'java.lang.Object java.lang.invoke.DirectMethodHandle$Holder.newInvokeSpecial(java.lang.Object, java.lang.Object, int, java.lang.Object, java.lang.Object)'> (0x00000400024d1108) 
thrown [s\open\src\hotspot\share\interpreter\linkResolver.cpp, line 796]
Event: 8.338 Thread 0x000002588438e830 Exception <a 'java/lang/NoSuchMethodError'{0x000004000182f910}: 'java.lang.Object java.lang.invoke.DirectMethodHandle$Holder.newInvokeSpecial(java.lang.Object, java.lang.Object, int, java.lang.Object, java.lang.Object)'> (0x000004000182f910) 
thrown [s\open\src\hotspot\share\interpreter\linkResolver.cpp, line 796]
Event: 8.338 Thread 0x000002588438f550 Exception <a 'java/lang/NoSuchMethodError'{0x0000040008c09d48}: 'java.lang.Object java.lang.invoke.DirectMethodHandle$Holder.newInvokeSpecial(java.lang.Object, java.lang.Object, int, java.lang.Object, java.lang.Object)'> (0x0000040008c09d48) 
thrown [s\open\src\hotspot\share\interpreter\linkResolver.cpp, line 796]
Event: 8.338 Thread 0x0000025cff5cf160 Exception <a 'java/lang/NoSuchMethodError'{0x0000040003ac2708}: 'java.lang.Object java.lang.invoke.DirectMethodHandle$Holder.newInvokeSpecial(java.lang.Object, java.lang.Object, int, java.lang.Object, java.lang.Object)'> (0x0000040003ac2708) 
thrown [s\open\src\hotspot\share\interpreter\linkResolver.cpp, line 796]
Event: 8.339 Thread 0x0000025cffa9fe40 Exception <a 'java/lang/NoSuchMethodError'{0x0000040002919188}: 'java.lang.Object java.lang.invoke.DirectMethodHandle$Holder.invokeSpecial(java.lang.Object, java.lang.Object, java.lang.Object, int, java.lang.Object, java.lang.Object)'> (0x0000040002919188) 
thrown [s\open\src\hotspot\share\interpreter\linkResolver.cpp, line 796]
Event: 8.339 Thread 0x0000025cff5cead0 Exception <a 'java/lang/NoSuchMethodError'{0x00000400024d5be8}: 'java.lang.Object java.lang.invoke.DirectMethodHandle$Holder.invokeSpecial(java.lang.Object, java.lang.Object, java.lang.Object, int, java.lang.Object, java.lang.Object)'> (0x00000400024d5be8) 
thrown [s\open\src\hotspot\share\interpreter\linkResolver.cpp, line 796]
Event: 8.339 Thread 0x0000025cff5cd090 Exception <a 'java/lang/NoSuchMethodError'{0x00000400028ec7c8}: 'java.lang.Object java.lang.invoke.DirectMethodHandle$Holder.invokeSpecial(java.lang.Object, java.lang.Object, java.lang.Object, int, java.lang.Object, java.lang.Object)'> (0x00000400028ec7c8) 
thrown [s\open\src\hotspot\share\interpreter\linkResolver.cpp, line 796]
Event: 8.339 Thread 0x0000025cff5cf7f0 Exception <a 'java/lang/NoSuchMethodError'{0x00000400012851a0}: 'java.lang.Object java.lang.invoke.DirectMethodHandle$Holder.invokeSpecial(java.lang.Object, java.lang.Object, java.lang.Object, int, java.lang.Object, java.lang.Object)'> (0x00000400012851a0) 
thrown [s\open\src\hotspot\share\interpreter\linkResolver.cpp, line 796]
Event: 8.339 Thread 0x0000025cff5d1230 Exception <a 'java/lang/NoSuchMethodError'{0x0000040008a46f38}: 'java.lang.Object java.lang.invoke.DirectMethodHandle$Holder.invokeSpecial(java.lang.Object, java.lang.Object, java.lang.Object, int, java.lang.Object, java.lang.Object)'> (0x0000040008a46f38) 
thrown [s\open\src\hotspot\share\interpreter\linkResolver.cpp, line 796]
Event: 8.339 Thread 0x000002588438e830 Exception <a 'java/lang/NoSuchMethodError'{0x00000400018343f0}: 'java.lang.Object java.lang.invoke.DirectMethodHandle$Holder.invokeSpecial(java.lang.Object, java.lang.Object, java.lang.Object, int, java.lang.Object, java.lang.Object)'> (0x00000400018343f0) 
thrown [s\open\src\hotspot\share\interpreter\linkResolver.cpp, line 796]
Event: 8.339 Thread 0x0000025cff5cf160 Exception <a 'java/lang/NoSuchMethodError'{0x0000040003ac71e8}: 'java.lang.Object java.lang.invoke.DirectMethodHandle$Holder.invokeSpecial(java.lang.Object, java.lang.Object, java.lang.Object, int, java.lang.Object, java.lang.Object)'> (0x0000040003ac71e8) 
thrown [s\open\src\hotspot\share\interpreter\linkResolver.cpp, line 796]
Event: 8.339 Thread 0x000002588438f550 Exception <a 'java/lang/NoSuchMethodError'{0x0000040008c0e828}: 'java.lang.Object java.lang.invoke.DirectMethodHandle$Holder.invokeSpecial(java.lang.Object, java.lang.Object, java.lang.Object, int, java.lang.Object, java.lang.Object)'> (0x0000040008c0e828) 
thrown [s\open\src\hotspot\share\interpreter\linkResolver.cpp, line 796]
Event: 8.340 Thread 0x0000025cffa9fe40 Exception <a 'java/lang/NoSuchMethodError'{0x000004000291d1d0}: 'java.lang.Object java.lang.invoke.Invokers$Holder.linkToTargetMethod(java.lang.Object, int, java.lang.Object, java.lang.Object, java.lang.Object)'> (0x000004000291d1d0) 
thrown [s\open\src\hotspot\share\interpreter\linkResolver.cpp, line 796]
Event: 8.340 Thread 0x0000025cff5cead0 Exception <a 'java/lang/NoSuchMethodError'{0x00000400024d9bc0}: 'java.lang.Object java.lang.invoke.Invokers$Holder.linkToTargetMethod(java.lang.Object, int, java.lang.Object, java.lang.Object, java.lang.Object)'> (0x00000400024d9bc0) 
thrown [s\open\src\hotspot\share\interpreter\linkResolver.cpp, line 796]
Event: 8.340 Thread 0x0000025cff5cd090 Exception <a 'java/lang/NoSuchMethodError'{0x00000400028f07a0}: 'java.lang.Object java.lang.invoke.Invokers$Holder.linkToTargetMethod(java.lang.Object, int, java.lang.Object, java.lang.Object, java.lang.Object)'> (0x00000400028f07a0) 
thrown [s\open\src\hotspot\share\interpreter\linkResolver.cpp, line 796]
Event: 8.340 Thread 0x0000025cff5cf7f0 Exception <a 'java/lang/NoSuchMethodError'{0x0000040001289178}: 'java.lang.Object java.lang.invoke.Invokers$Holder.linkToTargetMethod(java.lang.Object, int, java.lang.Object, java.lang.Object, java.lang.Object)'> (0x0000040001289178) 
thrown [s\open\src\hotspot\share\interpreter\linkResolver.cpp, line 796]
Event: 8.340 Thread 0x0000025cff5d1230 Exception <a 'java/lang/NoSuchMethodError'{0x0000040008a4af10}: 'java.lang.Object java.lang.invoke.Invokers$Holder.linkToTargetMethod(java.lang.Object, int, java.lang.Object, java.lang.Object, java.lang.Object)'> (0x0000040008a4af10) 
thrown [s\open\src\hotspot\share\interpreter\linkResolver.cpp, line 796]
Event: 8.340 Thread 0x000002588438e830 Exception <a 'java/lang/NoSuchMethodError'{0x00000400018383c8}: 'java.lang.Object java.lang.invoke.Invokers$Holder.linkToTargetMethod(java.lang.Object, int, java.lang.Object, java.lang.Object, java.lang.Object)'> (0x00000400018383c8) 
thrown [s\open\src\hotspot\share\interpreter\linkResolver.cpp, line 796]
Event: 8.340 Thread 0x0000025cff5cf160 Exception <a 'java/lang/NoSuchMethodError'{0x0000040003acb1c0}: 'java.lang.Object java.lang.invoke.Invokers$Holder.linkToTargetMethod(java.lang.Object, int, java.lang.Object, java.lang.Object, java.lang.Object)'> (0x0000040003acb1c0) 
thrown [s\open\src\hotspot\share\interpreter\linkResolver.cpp, line 796]
Event: 8.341 Thread 0x000002588438f550 Exception <a 'java/lang/NoSuchMethodError'{0x0000040008c12800}: 'java.lang.Object java.lang.invoke.Invokers$Holder.linkToTargetMethod(java.lang.Object, int, java.lang.Object, java.lang.Object, java.lang.Object)'> (0x0000040008c12800) 
thrown [s\open\src\hotspot\share\interpreter\linkResolver.cpp, line 796]
Event: 8.399 Thread 0x0000025cff5d1f50 Exception <a 'java/lang/NoSuchMethodError'{0x00000400024a1098}: 'int java.lang.invoke.DirectMethodHandle$Holder.invokeInterface(java.lang.Object, java.lang.Object)'> (0x00000400024a1098) 
thrown [s\open\src\hotspot\share\interpreter\linkResolver.cpp, line 796]
Event: 8.417 Thread 0x0000025cff5d1f50 Exception <a 'sun/nio/fs/WindowsException'{0x00000400024b7218}> (0x00000400024b7218) 
thrown [s\open\src\hotspot\share\prims\jni.cpp, line 520]

ZGC Phase Switch (18 events):
Event: 2.885 Young Mark Start         2
Event: 2.885 Old Mark Start           2
Event: 2.907 Young Mark End           2
Event: 2.915 Young Relocate Start     2
Event: 2.928 Old Mark End             2
Event: 3.006 Old Relocate Start       2
Event: 6.651 Young Mark Start         3
Event: 6.651 Old Mark Start           3
Event: 6.723 Young Mark End           3
Event: 6.725 Young Relocate Start     3
Event: 6.735 Old Mark End             3
Event: 6.818 Old Relocate Start       3
Event: 7.458 Young Mark Start         4
Event: 7.458 Old Mark Start           4
Event: 7.471 Young Mark End           4
Event: 7.473 Young Relocate Start     4
Event: 7.478 Old Mark End             4
Event: 7.514 Old Relocate Start       4

VM Operations (200 events):
Event: 0.380 Executing VM operation: HandshakeAllThreads (Deoptimize)
Event: 0.380 Executing VM operation: HandshakeAllThreads (Deoptimize) done
Event: 1.332 Executing VM operation: HandshakeAllThreads (Deoptimize)
Event: 1.332 Executing VM operation: HandshakeAllThreads (Deoptimize) done
Event: 1.516 Executing VM operation: HandshakeAllThreads (Deoptimize)
Event: 1.516 Executing VM operation: HandshakeAllThreads (Deoptimize) done
Event: 1.753 Executing VM operation: HandshakeAllThreads (Deoptimize)
Event: 1.753 Executing VM operation: HandshakeAllThreads (Deoptimize) done
Event: 1.784 Executing VM operation: HandshakeAllThreads (Deoptimize)
Event: 1.784 Executing VM operation: HandshakeAllThreads (Deoptimize) done
Event: 1.894 Executing VM operation: HandshakeAllThreads (Deoptimize)
Event: 1.894 Executing VM operation: HandshakeAllThreads (Deoptimize) done
Event: 1.901 Executing VM operation: HandshakeAllThreads (Deoptimize)
Event: 1.901 Executing VM operation: HandshakeAllThreads (Deoptimize) done
Event: 2.150 Executing VM operation: HandshakeAllThreads (Deoptimize)
Event: 2.150 Executing VM operation: HandshakeAllThreads (Deoptimize) done
Event: 2.315 Executing VM operation: HandshakeAllThreads (Deoptimize)
Event: 2.315 Executing VM operation: HandshakeAllThreads (Deoptimize) done
Event: 2.811 Executing VM operation: HandshakeAllThreads (Deoptimize)
Event: 2.811 Executing VM operation: HandshakeAllThreads (Deoptimize) done
Event: 2.811 Executing VM operation: HandshakeAllThreads (Deoptimize)
Event: 2.811 Executing VM operation: HandshakeAllThreads (Deoptimize) done
Event: 2.885 Executing VM operation: ZMarkStartYoungAndOld (Metadata GC Threshold)
Event: 2.885 Executing VM operation: ZMarkStartYoungAndOld (Metadata GC Threshold) done
Event: 2.906 Executing VM operation: HandshakeAllThreads (ZMarkFlushAndFreeStacks)
Event: 2.907 Executing VM operation: HandshakeAllThreads (ZMarkFlushAndFreeStacks) done
Event: 2.907 Executing VM operation: ZMarkFlushOperation
Event: 2.907 Executing VM operation: ZMarkFlushOperation done
Event: 2.907 Executing VM operation: HandshakeAllThreads (ZMarkFlushAndFreeStacks)
Event: 2.907 Executing VM operation: HandshakeAllThreads (ZMarkFlushAndFreeStacks) done
Event: 2.907 Executing VM operation: ZMarkFlushOperation
Event: 2.907 Executing VM operation: ZMarkFlushOperation done
Event: 2.907 Executing VM operation: HandshakeAllThreads (ZMarkFlushAndFreeStacks)
Event: 2.907 Executing VM operation: HandshakeAllThreads (ZMarkFlushAndFreeStacks) done
Event: 2.907 Executing VM operation: ZMarkFlushOperation
Event: 2.907 Executing VM operation: ZMarkFlushOperation done
Event: 2.907 Executing VM operation: ZMarkEndYoung (Metadata GC Threshold)
Event: 2.907 Executing VM operation: ZMarkEndYoung (Metadata GC Threshold) done
Event: 2.915 Executing VM operation: ZRelocateStartYoung (Metadata GC Threshold)
Event: 2.915 Executing VM operation: ZRelocateStartYoung (Metadata GC Threshold) done
Event: 2.927 Executing VM operation: HandshakeAllThreads (ZMarkFlushAndFreeStacks)
Event: 2.927 Executing VM operation: HandshakeAllThreads (ZMarkFlushAndFreeStacks) done
Event: 2.928 Executing VM operation: ZMarkFlushOperation
Event: 2.928 Executing VM operation: ZMarkFlushOperation done
Event: 2.928 Executing VM operation: HandshakeAllThreads (ZMarkFlushAndFreeStacks)
Event: 2.928 Executing VM operation: HandshakeAllThreads (ZMarkFlushAndFreeStacks) done
Event: 2.928 Executing VM operation: ZMarkFlushOperation
Event: 2.928 Executing VM operation: ZMarkFlushOperation done
Event: 2.928 Executing VM operation: ZMarkEndOld (Metadata GC Threshold)
Event: 2.928 Executing VM operation: ZMarkEndOld (Metadata GC Threshold) done
Event: 2.933 Executing VM operation: HandshakeAllThreads (ZRendezvous)
Event: 2.933 Executing VM operation: HandshakeAllThreads (ZRendezvous) done
Event: 2.934 Executing VM operation: ZRendezvousGCThreads
Event: 2.934 Executing VM operation: ZRendezvousGCThreads done
Event: 2.934 Executing VM operation: CleanClassLoaderDataMetaspaces
Event: 2.935 Executing VM operation: CleanClassLoaderDataMetaspaces done
Event: 3.006 Executing VM operation: ZRelocateStartOld (Metadata GC Threshold)
Event: 3.006 Executing VM operation: ZRelocateStartOld (Metadata GC Threshold) done
Event: 3.368 Executing VM operation: HandshakeAllThreads (Deoptimize)
Event: 3.368 Executing VM operation: HandshakeAllThreads (Deoptimize) done
Event: 3.369 Executing VM operation: HandshakeAllThreads (Deoptimize)
Event: 3.369 Executing VM operation: HandshakeAllThreads (Deoptimize) done
Event: 3.593 Executing VM operation: HandshakeAllThreads (Deoptimize)
Event: 3.593 Executing VM operation: HandshakeAllThreads (Deoptimize) done
Event: 3.838 Executing VM operation: HandshakeAllThreads (Deoptimize)
Event: 3.838 Executing VM operation: HandshakeAllThreads (Deoptimize) done
Event: 3.858 Executing VM operation: HandshakeAllThreads (Deoptimize)
Event: 3.858 Executing VM operation: HandshakeAllThreads (Deoptimize) done
Event: 3.938 Executing VM operation: HandshakeAllThreads (Deoptimize)
Event: 3.938 Executing VM operation: HandshakeAllThreads (Deoptimize) done
Event: 4.247 Executing VM operation: HandshakeAllThreads (Deoptimize)
Event: 4.247 Executing VM operation: HandshakeAllThreads (Deoptimize) done
Event: 4.247 Executing VM operation: HandshakeAllThreads (Deoptimize)
Event: 4.247 Executing VM operation: HandshakeAllThreads (Deoptimize) done
Event: 4.267 Executing VM operation: HandshakeAllThreads (Deoptimize)
Event: 4.267 Executing VM operation: HandshakeAllThreads (Deoptimize) done
Event: 6.424 Executing VM operation: HandshakeAllThreads (Deoptimize)
Event: 6.424 Executing VM operation: HandshakeAllThreads (Deoptimize) done
Event: 6.425 Executing VM operation: HandshakeAllThreads (Deoptimize)
Event: 6.425 Executing VM operation: HandshakeAllThreads (Deoptimize) done
Event: 6.651 Executing VM operation: ZMarkStartYoungAndOld (Metadata GC Threshold)
Event: 6.651 Executing VM operation: ZMarkStartYoungAndOld (Metadata GC Threshold) done
Event: 6.722 Executing VM operation: HandshakeAllThreads (ZMarkFlushAndFreeStacks)
Event: 6.722 Executing VM operation: HandshakeAllThreads (ZMarkFlushAndFreeStacks) done
Event: 6.722 Executing VM operation: ZMarkFlushOperation
Event: 6.722 Executing VM operation: ZMarkFlushOperation done
Event: 6.722 Executing VM operation: HandshakeAllThreads (ZMarkFlushAndFreeStacks)
Event: 6.722 Executing VM operation: HandshakeAllThreads (ZMarkFlushAndFreeStacks) done
Event: 6.722 Executing VM operation: ZMarkFlushOperation
Event: 6.722 Executing VM operation: ZMarkFlushOperation done
Event: 6.722 Executing VM operation: HandshakeAllThreads (ZMarkFlushAndFreeStacks)
Event: 6.723 Executing VM operation: HandshakeAllThreads (ZMarkFlushAndFreeStacks) done
Event: 6.723 Executing VM operation: ZMarkFlushOperation
Event: 6.723 Executing VM operation: ZMarkFlushOperation done
Event: 6.723 Executing VM operation: ZMarkEndYoung (Metadata GC Threshold)
Event: 6.723 Executing VM operation: ZMarkEndYoung (Metadata GC Threshold) done
Event: 6.725 Executing VM operation: ZRelocateStartYoung (Metadata GC Threshold)
Event: 6.725 Executing VM operation: ZRelocateStartYoung (Metadata GC Threshold) done
Event: 6.734 Executing VM operation: HandshakeAllThreads (ZMarkFlushAndFreeStacks)
Event: 6.734 Executing VM operation: HandshakeAllThreads (ZMarkFlushAndFreeStacks) done
Event: 6.734 Executing VM operation: ZMarkFlushOperation
Event: 6.734 Executing VM operation: ZMarkFlushOperation done
Event: 6.734 Executing VM operation: HandshakeAllThreads (ZMarkFlushAndFreeStacks)
Event: 6.734 Executing VM operation: HandshakeAllThreads (ZMarkFlushAndFreeStacks) done
Event: 6.734 Executing VM operation: ZMarkFlushOperation
Event: 6.734 Executing VM operation: ZMarkFlushOperation done
Event: 6.735 Executing VM operation: ZMarkEndOld (Metadata GC Threshold)
Event: 6.735 Executing VM operation: ZMarkEndOld (Metadata GC Threshold) done
Event: 6.740 Executing VM operation: HandshakeAllThreads (ZRendezvous)
Event: 6.740 Executing VM operation: HandshakeAllThreads (ZRendezvous) done
Event: 6.740 Executing VM operation: ZRendezvousGCThreads
Event: 6.740 Executing VM operation: ZRendezvousGCThreads done
Event: 6.741 Executing VM operation: CleanClassLoaderDataMetaspaces
Event: 6.741 Executing VM operation: CleanClassLoaderDataMetaspaces done
Event: 6.818 Executing VM operation: ZRelocateStartOld (Metadata GC Threshold)
Event: 6.818 Executing VM operation: ZRelocateStartOld (Metadata GC Threshold) done
Event: 6.850 Executing VM operation: HandshakeAllThreads (Deoptimize)
Event: 6.850 Executing VM operation: HandshakeAllThreads (Deoptimize) done
Event: 7.458 Executing VM operation: ZMarkStartYoungAndOld (Warmup)
Event: 7.458 Executing VM operation: ZMarkStartYoungAndOld (Warmup) done
Event: 7.468 Executing VM operation: HandshakeAllThreads (ZMarkFlushAndFreeStacks)
Event: 7.468 Executing VM operation: HandshakeAllThreads (ZMarkFlushAndFreeStacks) done
Event: 7.468 Executing VM operation: ZMarkFlushOperation
Event: 7.468 Executing VM operation: ZMarkFlushOperation done
Event: 7.468 Executing VM operation: HandshakeAllThreads (ZMarkFlushAndFreeStacks)
Event: 7.468 Executing VM operation: HandshakeAllThreads (ZMarkFlushAndFreeStacks) done
Event: 7.468 Executing VM operation: ZMarkFlushOperation
Event: 7.468 Executing VM operation: ZMarkFlushOperation done
Event: 7.468 Executing VM operation: HandshakeAllThreads (ZMarkFlushAndFreeStacks)
Event: 7.468 Executing VM operation: HandshakeAllThreads (ZMarkFlushAndFreeStacks) done
Event: 7.468 Executing VM operation: ZMarkFlushOperation
Event: 7.468 Executing VM operation: ZMarkFlushOperation done
Event: 7.469 Executing VM operation: HandshakeAllThreads (ZMarkFlushAndFreeStacks)
Event: 7.469 Executing VM operation: HandshakeAllThreads (ZMarkFlushAndFreeStacks) done
Event: 7.469 Executing VM operation: ZMarkFlushOperation
Event: 7.469 Executing VM operation: ZMarkFlushOperation done
Event: 7.469 Executing VM operation: HandshakeAllThreads (ZMarkFlushAndFreeStacks)
Event: 7.469 Executing VM operation: HandshakeAllThreads (ZMarkFlushAndFreeStacks) done
Event: 7.469 Executing VM operation: ZMarkFlushOperation
Event: 7.469 Executing VM operation: ZMarkFlushOperation done
Event: 7.469 Executing VM operation: HandshakeAllThreads (ZMarkFlushAndFreeStacks)
Event: 7.469 Executing VM operation: HandshakeAllThreads (ZMarkFlushAndFreeStacks) done
Event: 7.469 Executing VM operation: ZMarkFlushOperation
Event: 7.469 Executing VM operation: ZMarkFlushOperation done
Event: 7.469 Executing VM operation: HandshakeAllThreads (ZMarkFlushAndFreeStacks)
Event: 7.469 Executing VM operation: HandshakeAllThreads (ZMarkFlushAndFreeStacks) done
Event: 7.469 Executing VM operation: ZMarkFlushOperation
Event: 7.469 Executing VM operation: ZMarkFlushOperation done
Event: 7.469 Executing VM operation: HandshakeAllThreads (ZMarkFlushAndFreeStacks)
Event: 7.469 Executing VM operation: HandshakeAllThreads (ZMarkFlushAndFreeStacks) done
Event: 7.469 Executing VM operation: ZMarkFlushOperation
Event: 7.469 Executing VM operation: ZMarkFlushOperation done
Event: 7.469 Executing VM operation: HandshakeAllThreads (ZMarkFlushAndFreeStacks)
Event: 7.469 Executing VM operation: HandshakeAllThreads (ZMarkFlushAndFreeStacks) done
Event: 7.469 Executing VM operation: ZMarkFlushOperation
Event: 7.469 Executing VM operation: ZMarkFlushOperation done
Event: 7.469 Executing VM operation: HandshakeAllThreads (ZMarkFlushAndFreeStacks)
Event: 7.469 Executing VM operation: HandshakeAllThreads (ZMarkFlushAndFreeStacks) done
Event: 7.469 Executing VM operation: ZMarkFlushOperation
Event: 7.469 Executing VM operation: ZMarkFlushOperation done
Event: 7.470 Executing VM operation: HandshakeAllThreads (ZMarkFlushAndFreeStacks)
Event: 7.470 Executing VM operation: HandshakeAllThreads (ZMarkFlushAndFreeStacks) done
Event: 7.471 Executing VM operation: ZMarkFlushOperation
Event: 7.471 Executing VM operation: ZMarkFlushOperation done
Event: 7.471 Executing VM operation: ZMarkEndYoung (Warmup)
Event: 7.471 Executing VM operation: ZMarkEndYoung (Warmup) done
Event: 7.473 Executing VM operation: ZRelocateStartYoung (Warmup)
Event: 7.473 Executing VM operation: ZRelocateStartYoung (Warmup) done
Event: 7.477 Executing VM operation: HandshakeAllThreads (ZMarkFlushAndFreeStacks)
Event: 7.477 Executing VM operation: HandshakeAllThreads (ZMarkFlushAndFreeStacks) done
Event: 7.477 Executing VM operation: ZMarkFlushOperation
Event: 7.477 Executing VM operation: ZMarkFlushOperation done
Event: 7.478 Executing VM operation: HandshakeAllThreads (ZMarkFlushAndFreeStacks)
Event: 7.478 Executing VM operation: HandshakeAllThreads (ZMarkFlushAndFreeStacks) done
Event: 7.478 Executing VM operation: ZMarkFlushOperation
Event: 7.478 Executing VM operation: ZMarkFlushOperation done
Event: 7.478 Executing VM operation: ZMarkEndOld (Warmup)
Event: 7.478 Executing VM operation: ZMarkEndOld (Warmup) done
Event: 7.480 Executing VM operation: HandshakeAllThreads (ZRendezvous)
Event: 7.481 Executing VM operation: HandshakeAllThreads (ZRendezvous) done
Event: 7.481 Executing VM operation: ZRendezvousGCThreads
Event: 7.481 Executing VM operation: ZRendezvousGCThreads done
Event: 7.481 Executing VM operation: CleanClassLoaderDataMetaspaces
Event: 7.481 Executing VM operation: CleanClassLoaderDataMetaspaces done
Event: 7.513 Executing VM operation: ZRelocateStartOld (Warmup)
Event: 7.514 Executing VM operation: ZRelocateStartOld (Warmup) done
Event: 8.137 Executing VM operation: HandshakeAllThreads (Deoptimize)
Event: 8.137 Executing VM operation: HandshakeAllThreads (Deoptimize) done
Event: 8.154 Executing VM operation: HandshakeAllThreads (Deoptimize)
Event: 8.154 Executing VM operation: HandshakeAllThreads (Deoptimize) done
Event: 8.157 Executing VM operation: HandshakeAllThreads (Deoptimize)
Event: 8.157 Executing VM operation: HandshakeAllThreads (Deoptimize) done
Event: 8.159 Executing VM operation: HandshakeAllThreads (Deoptimize)
Event: 8.159 Executing VM operation: HandshakeAllThreads (Deoptimize) done
Event: 8.163 Executing VM operation: HandshakeAllThreads (Deoptimize)
Event: 8.164 Executing VM operation: HandshakeAllThreads (Deoptimize) done
Event: 8.196 Executing VM operation: HandshakeAllThreads (Deoptimize)
Event: 8.198 Executing VM operation: HandshakeAllThreads (Deoptimize) done
Event: 8.386 Executing VM operation: HandshakeAllThreads (Deoptimize)
Event: 8.392 Executing VM operation: HandshakeAllThreads (Deoptimize) done

Memory protections (0 events):
No events

Nmethod flushes (250 events):
Event: 6.740 Thread 0x000002589f4389d0 flushing  nmethod 0x00000258a829b088
Event: 6.740 Thread 0x000002589f4389d0 flushing  nmethod 0x00000258a82c9b88
Event: 6.740 Thread 0x000002589f4389d0 flushing  nmethod 0x00000258a8277c88
Event: 6.740 Thread 0x000002589f4389d0 flushing  nmethod 0x00000258a827d088
Event: 6.740 Thread 0x000002589f4389d0 flushing  nmethod 0x00000258a8326a88
Event: 6.740 Thread 0x000002589f4389d0 flushing  nmethod 0x00000258a8462e08
Event: 6.740 Thread 0x000002589f4389d0 flushing  nmethod 0x00000258a8305e88
Event: 6.740 Thread 0x000002589f4389d0 flushing  nmethod 0x00000258a8473188
Event: 6.740 Thread 0x000002589f4389d0 flushing  nmethod 0x00000258afe72108
Event: 6.740 Thread 0x000002589f4389d0 flushing  nmethod 0x00000258afe78d08
Event: 6.740 Thread 0x000002589f4389d0 flushing  nmethod 0x00000258a855c088
Event: 6.740 Thread 0x000002589f4389d0 flushing  nmethod 0x00000258a838ea08
Event: 6.740 Thread 0x000002589f4389d0 flushing  nmethod 0x00000258a836ad08
Event: 6.740 Thread 0x000002589f4389d0 flushing  nmethod 0x00000258afe8e508
Event: 6.740 Thread 0x000002589f4389d0 flushing  nmethod 0x00000258a834c008
Event: 6.740 Thread 0x000002589f4389d0 flushing  nmethod 0x00000258afead308
Event: 6.740 Thread 0x000002589f4389d0 flushing  nmethod 0x00000258a82a7788
Event: 6.740 Thread 0x000002589f4389d0 flushing  nmethod 0x00000258a8331008
Event: 6.740 Thread 0x000002589f4389d0 flushing  nmethod 0x00000258a8604908
Event: 6.740 Thread 0x000002589f4389d0 flushing  nmethod 0x00000258a831de08
Event: 6.740 Thread 0x000002589f4389d0 flushing  nmethod 0x00000258a8461f08
Event: 6.740 Thread 0x000002589f4389d0 flushing  nmethod 0x00000258a8402e88
Event: 6.740 Thread 0x000002589f4389d0 flushing  nmethod 0x00000258afe71308
Event: 6.740 Thread 0x000002589f4389d0 flushing  nmethod 0x00000258a82b5988
Event: 6.740 Thread 0x000002589f4389d0 flushing  nmethod 0x00000258a8346008
Event: 6.740 Thread 0x000002589f4389d0 flushing  nmethod 0x00000258a8351d88
Event: 6.740 Thread 0x000002589f4389d0 flushing  nmethod 0x00000258a84b8908
Event: 6.740 Thread 0x000002589f4389d0 flushing  nmethod 0x00000258a82b2408
Event: 6.740 Thread 0x000002589f4389d0 flushing  nmethod 0x00000258a83a1188
Event: 6.740 Thread 0x000002589f4389d0 flushing  nmethod 0x00000258afe31508
Event: 6.740 Thread 0x000002589f4389d0 flushing  nmethod 0x00000258a859dc88
Event: 6.740 Thread 0x000002589f4389d0 flushing  nmethod 0x00000258a834bb88
Event: 6.740 Thread 0x000002589f4389d0 flushing  nmethod 0x00000258a82b6308
Event: 6.740 Thread 0x000002589f4389d0 flushing  nmethod 0x00000258a8646008
Event: 6.740 Thread 0x000002589f4389d0 flushing  nmethod 0x00000258a8342508
Event: 6.740 Thread 0x000002589f4389d0 flushing  nmethod 0x00000258afe35608
Event: 6.740 Thread 0x000002589f4389d0 flushing  nmethod 0x00000258a8353988
Event: 6.740 Thread 0x000002589f4389d0 flushing  nmethod 0x00000258a8296208
Event: 6.740 Thread 0x000002589f4389d0 flushing  nmethod 0x00000258a832d308
Event: 6.740 Thread 0x000002589f4389d0 flushing  nmethod 0x00000258a85fe808
Event: 6.740 Thread 0x000002589f4389d0 flushing  nmethod 0x00000258a84b4008
Event: 6.741 Thread 0x000002589f4389d0 flushing  nmethod 0x00000258afe82a08
Event: 6.741 Thread 0x000002589f4389d0 flushing  nmethod 0x00000258a833ec88
Event: 6.741 Thread 0x000002589f4389d0 flushing  nmethod 0x00000258a845db88
Event: 6.741 Thread 0x000002589f4389d0 flushing  nmethod 0x00000258a82c9408
Event: 6.741 Thread 0x000002589f4389d0 flushing  nmethod 0x00000258afe92488
Event: 6.741 Thread 0x000002589f4389d0 flushing  nmethod 0x00000258afef5888
Event: 6.741 Thread 0x000002589f4389d0 flushing  nmethod 0x00000258a8463f88
Event: 6.741 Thread 0x000002589f4389d0 flushing  nmethod 0x00000258afecad08
Event: 6.741 Thread 0x000002589f4389d0 flushing  nmethod 0x00000258aff15888
Event: 6.741 Thread 0x000002589f4389d0 flushing  nmethod 0x00000258a84c8608
Event: 6.741 Thread 0x000002589f4389d0 flushing  nmethod 0x00000258aff06b88
Event: 6.741 Thread 0x000002589f4389d0 flushing  nmethod 0x00000258a8341708
Event: 6.741 Thread 0x000002589f4389d0 flushing  nmethod 0x00000258a8681488
Event: 6.741 Thread 0x000002589f4389d0 flushing  nmethod 0x00000258a8356708
Event: 6.741 Thread 0x000002589f4389d0 flushing  nmethod 0x00000258a8377788
Event: 6.741 Thread 0x000002589f4389d0 flushing  nmethod 0x00000258a84df688
Event: 6.741 Thread 0x000002589f4389d0 flushing  nmethod 0x00000258a8333388
Event: 6.741 Thread 0x000002589f4389d0 flushing  nmethod 0x00000258a8357788
Event: 6.741 Thread 0x000002589f4389d0 flushing  nmethod 0x00000258a8356f88
Event: 6.741 Thread 0x000002589f4389d0 flushing  nmethod 0x00000258afec7708
Event: 6.741 Thread 0x000002589f4389d0 flushing  nmethod 0x00000258a834d508
Event: 6.741 Thread 0x000002589f4389d0 flushing  nmethod 0x00000258a82c0b88
Event: 6.741 Thread 0x000002589f4389d0 flushing  nmethod 0x00000258a82a3e08
Event: 6.741 Thread 0x000002589f4389d0 flushing  nmethod 0x00000258a8397308
Event: 6.741 Thread 0x000002589f4389d0 flushing  nmethod 0x00000258a82a3b08
Event: 6.741 Thread 0x000002589f4389d0 flushing  nmethod 0x00000258a82f0688
Event: 6.741 Thread 0x000002589f4389d0 flushing  nmethod 0x00000258a84e4808
Event: 6.741 Thread 0x000002589f4389d0 flushing  nmethod 0x00000258a82b7988
Event: 6.741 Thread 0x000002589f4389d0 flushing  nmethod 0x00000258a836b188
Event: 6.741 Thread 0x000002589f4389d0 flushing  nmethod 0x00000258afe79b08
Event: 6.741 Thread 0x000002589f4389d0 flushing  nmethod 0x00000258afe52d08
Event: 6.741 Thread 0x000002589f4389d0 flushing  nmethod 0x00000258a8455588
Event: 6.741 Thread 0x000002589f4389d0 flushing  nmethod 0x00000258a843b308
Event: 6.741 Thread 0x000002589f4389d0 flushing  nmethod 0x00000258a84d9508
Event: 6.741 Thread 0x000002589f4389d0 flushing  nmethod 0x00000258a84fc888
Event: 6.741 Thread 0x000002589f4389d0 flushing  nmethod 0x00000258a8379808
Event: 6.741 Thread 0x000002589f4389d0 flushing  nmethod 0x00000258a82a8208
Event: 6.741 Thread 0x000002589f4389d0 flushing  nmethod 0x00000258a833d588
Event: 6.741 Thread 0x000002589f4389d0 flushing  nmethod 0x00000258a8372a88
Event: 6.741 Thread 0x000002589f4389d0 flushing  nmethod 0x00000258a8342888
Event: 6.741 Thread 0x000002589f4389d0 flushing  nmethod 0x00000258a862dc08
Event: 6.741 Thread 0x000002589f4389d0 flushing  nmethod 0x00000258a82d0988
Event: 6.741 Thread 0x000002589f4389d0 flushing  nmethod 0x00000258afea6688
Event: 6.741 Thread 0x000002589f4389d0 flushing  nmethod 0x00000258a8372608
Event: 6.741 Thread 0x000002589f4389d0 flushing  nmethod 0x00000258a8433e08
Event: 6.741 Thread 0x000002589f4389d0 flushing  nmethod 0x00000258a83aa488
Event: 6.741 Thread 0x000002589f4389d0 flushing  nmethod 0x00000258afe53988
Event: 6.741 Thread 0x000002589f4389d0 flushing  nmethod 0x00000258afe0fe08
Event: 6.741 Thread 0x000002589f4389d0 flushing  nmethod 0x00000258a8606e88
Event: 6.741 Thread 0x000002589f4389d0 flushing  nmethod 0x00000258a82a5388
Event: 6.741 Thread 0x000002589f4389d0 flushing  nmethod 0x00000258afe5e088
Event: 6.741 Thread 0x000002589f4389d0 flushing  nmethod 0x00000258a8441008
Event: 6.741 Thread 0x000002589f4389d0 flushing osr nmethod 0x00000258a850ab88
Event: 6.741 Thread 0x000002589f4389d0 flushing  nmethod 0x00000258a836cd08
Event: 6.741 Thread 0x000002589f4389d0 flushing  nmethod 0x00000258a826da88
Event: 6.741 Thread 0x000002589f4389d0 flushing  nmethod 0x00000258aff0db88
Event: 6.741 Thread 0x000002589f4389d0 flushing  nmethod 0x00000258a8346f88
Event: 6.741 Thread 0x000002589f4389d0 flushing  nmethod 0x00000258a836a408
Event: 6.741 Thread 0x000002589f4389d0 flushing  nmethod 0x00000258a8460e08
Event: 6.741 Thread 0x000002589f4389d0 flushing  nmethod 0x00000258a8466608
Event: 6.741 Thread 0x000002589f4389d0 flushing  nmethod 0x00000258a826c288
Event: 6.741 Thread 0x000002589f4389d0 flushing  nmethod 0x00000258a836ca08
Event: 6.741 Thread 0x000002589f4389d0 flushing  nmethod 0x00000258a82b5d08
Event: 6.741 Thread 0x000002589f4389d0 flushing  nmethod 0x00000258a8345508
Event: 6.741 Thread 0x000002589f4389d0 flushing  nmethod 0x00000258a8676388
Event: 6.741 Thread 0x000002589f4389d0 flushing  nmethod 0x00000258a8606388
Event: 6.741 Thread 0x000002589f4389d0 flushing  nmethod 0x00000258a84b2988
Event: 6.741 Thread 0x000002589f4389d0 flushing  nmethod 0x00000258afec3c88
Event: 6.741 Thread 0x000002589f4389d0 flushing  nmethod 0x00000258a8461308
Event: 6.741 Thread 0x000002589f4389d0 flushing  nmethod 0x00000258a82cc308
Event: 6.741 Thread 0x000002589f4389d0 flushing  nmethod 0x00000258a85f1f08
Event: 6.741 Thread 0x000002589f4389d0 flushing  nmethod 0x00000258afecec88
Event: 6.741 Thread 0x000002589f4389d0 flushing  nmethod 0x00000258afe67108
Event: 6.741 Thread 0x000002589f4389d0 flushing  nmethod 0x00000258afe7a308
Event: 6.741 Thread 0x000002589f4389d0 flushing  nmethod 0x00000258a85fca08
Event: 6.741 Thread 0x000002589f4389d0 flushing  nmethod 0x00000258a8470b08
Event: 6.741 Thread 0x000002589f4389d0 flushing  nmethod 0x00000258a8297808
Event: 6.741 Thread 0x000002589f4389d0 flushing  nmethod 0x00000258a84e0d08
Event: 6.741 Thread 0x000002589f4389d0 flushing  nmethod 0x00000258a862df08
Event: 6.741 Thread 0x000002589f4389d0 flushing  nmethod 0x00000258a859e008
Event: 6.741 Thread 0x000002589f4389d0 flushing  nmethod 0x00000258a83abb88
Event: 6.741 Thread 0x000002589f4389d0 flushing  nmethod 0x00000258a8357f88
Event: 6.741 Thread 0x000002589f4389d0 flushing  nmethod 0x00000258aff0ea88
Event: 6.741 Thread 0x000002589f4389d0 flushing  nmethod 0x00000258a826f388
Event: 6.741 Thread 0x000002589f4389d0 flushing  nmethod 0x00000258afe0e408
Event: 6.741 Thread 0x000002589f4389d0 flushing  nmethod 0x00000258afdf8d88
Event: 6.741 Thread 0x000002589f4389d0 flushing  nmethod 0x00000258a82d8d88
Event: 6.741 Thread 0x000002589f4389d0 flushing  nmethod 0x00000258a827c508
Event: 6.741 Thread 0x000002589f4389d0 flushing  nmethod 0x00000258a84e4188
Event: 6.741 Thread 0x000002589f4389d0 flushing  nmethod 0x00000258a85eec88
Event: 6.741 Thread 0x000002589f4389d0 flushing  nmethod 0x00000258afe6a488
Event: 6.741 Thread 0x000002589f4389d0 flushing  nmethod 0x00000258afe94b08
Event: 6.741 Thread 0x000002589f4389d0 flushing  nmethod 0x00000258a8347688
Event: 6.741 Thread 0x000002589f4389d0 flushing  nmethod 0x00000258a82ab508
Event: 6.741 Thread 0x000002589f4389d0 flushing  nmethod 0x00000258a82cdd08
Event: 6.741 Thread 0x000002589f4389d0 flushing  nmethod 0x00000258a8325708
Event: 6.741 Thread 0x000002589f4389d0 flushing  nmethod 0x00000258afe74088
Event: 6.741 Thread 0x000002589f4389d0 flushing  nmethod 0x00000258a8451c88
Event: 6.741 Thread 0x000002589f4389d0 flushing  nmethod 0x00000258a8394388
Event: 6.741 Thread 0x000002589f4389d0 flushing  nmethod 0x00000258a834e688
Event: 6.741 Thread 0x000002589f4389d0 flushing  nmethod 0x00000258a856f008
Event: 6.741 Thread 0x000002589f4389d0 flushing  nmethod 0x00000258a834c408
Event: 6.741 Thread 0x000002589f4389d0 flushing  nmethod 0x00000258a82c6e08
Event: 6.741 Thread 0x000002589f4389d0 flushing  nmethod 0x00000258a8351308
Event: 6.741 Thread 0x000002589f4389d0 flushing  nmethod 0x00000258afe0db08
Event: 6.741 Thread 0x000002589f4389d0 flushing  nmethod 0x00000258a85baa08
Event: 6.741 Thread 0x000002589f4389d0 flushing  nmethod 0x00000258a8460388
Event: 6.741 Thread 0x000002589f4389d0 flushing  nmethod 0x00000258a8375f08
Event: 6.741 Thread 0x000002589f4389d0 flushing  nmethod 0x00000258a82c6808
Event: 6.741 Thread 0x000002589f4389d0 flushing  nmethod 0x00000258a836da08
Event: 6.741 Thread 0x000002589f4389d0 flushing  nmethod 0x00000258a830c808
Event: 6.741 Thread 0x000002589f4389d0 flushing  nmethod 0x00000258a8315608
Event: 6.741 Thread 0x000002589f4389d0 flushing  nmethod 0x00000258a82ca888
Event: 6.741 Thread 0x000002589f4389d0 flushing  nmethod 0x00000258afe8a508
Event: 6.741 Thread 0x000002589f4389d0 flushing  nmethod 0x00000258a8352908
Event: 6.741 Thread 0x000002589f4389d0 flushing  nmethod 0x00000258a862c908
Event: 6.741 Thread 0x000002589f4389d0 flushing  nmethod 0x00000258afec5d08
Event: 6.741 Thread 0x000002589f4389d0 flushing  nmethod 0x00000258a82d7608
Event: 6.741 Thread 0x000002589f4389d0 flushing osr nmethod 0x00000258afe6f788
Event: 6.741 Thread 0x000002589f4389d0 flushing  nmethod 0x00000258a8261008
Event: 6.741 Thread 0x000002589f4389d0 flushing  nmethod 0x00000258a839c288
Event: 6.741 Thread 0x000002589f4389d0 flushing  nmethod 0x00000258a8294f08
Event: 6.741 Thread 0x000002589f4389d0 flushing  nmethod 0x00000258afef9888
Event: 6.741 Thread 0x000002589f4389d0 flushing  nmethod 0x00000258a863c308
Event: 6.741 Thread 0x000002589f4389d0 flushing  nmethod 0x00000258afe7c508
Event: 6.741 Thread 0x000002589f4389d0 flushing  nmethod 0x00000258afef9588
Event: 7.481 Thread 0x000002589f4389d0 flushing  nmethod 0x00000258a82e4e88
Event: 7.481 Thread 0x000002589f4389d0 flushing  nmethod 0x00000258a836ea08
Event: 7.481 Thread 0x000002589f4389d0 flushing  nmethod 0x00000258a8678f08
Event: 7.481 Thread 0x000002589f4389d0 flushing  nmethod 0x00000258a8447588
Event: 7.481 Thread 0x000002589f4389d0 flushing  nmethod 0x00000258a8430b88
Event: 7.481 Thread 0x000002589f4389d0 flushing  nmethod 0x00000258a8367908
Event: 7.481 Thread 0x000002589f4389d0 flushing  nmethod 0x00000258a8398188
Event: 7.481 Thread 0x000002589f4389d0 flushing  nmethod 0x00000258a867f088
Event: 7.481 Thread 0x000002589f4389d0 flushing  nmethod 0x00000258a82e1388
Event: 7.481 Thread 0x000002589f4389d0 flushing  nmethod 0x00000258a8633b08
Event: 7.481 Thread 0x000002589f4389d0 flushing  nmethod 0x00000258a82d8408
Event: 7.481 Thread 0x000002589f4389d0 flushing  nmethod 0x00000258a8691e08
Event: 7.481 Thread 0x000002589f4389d0 flushing  nmethod 0x00000258a867db08
Event: 7.481 Thread 0x000002589f4389d0 flushing  nmethod 0x00000258a867a288
Event: 7.481 Thread 0x000002589f4389d0 flushing  nmethod 0x00000258a8378088
Event: 7.481 Thread 0x000002589f4389d0 flushing  nmethod 0x00000258a8685388
Event: 7.481 Thread 0x000002589f4389d0 flushing  nmethod 0x00000258a83d7208
Event: 7.481 Thread 0x000002589f4389d0 flushing  nmethod 0x00000258a82ced08
Event: 7.481 Thread 0x000002589f4389d0 flushing  nmethod 0x00000258a82ec708
Event: 7.481 Thread 0x000002589f4389d0 flushing  nmethod 0x00000258a85f8408
Event: 7.481 Thread 0x000002589f4389d0 flushing  nmethod 0x00000258a84ecb88
Event: 7.481 Thread 0x000002589f4389d0 flushing  nmethod 0x00000258afe15108
Event: 7.481 Thread 0x000002589f4389d0 flushing  nmethod 0x00000258a8461908
Event: 7.481 Thread 0x000002589f4389d0 flushing  nmethod 0x00000258a8367f08
Event: 7.481 Thread 0x000002589f4389d0 flushing  nmethod 0x00000258a830bd08
Event: 7.481 Thread 0x000002589f4389d0 flushing  nmethod 0x00000258a83bec08
Event: 7.481 Thread 0x000002589f4389d0 flushing  nmethod 0x00000258aff1ec88
Event: 7.481 Thread 0x000002589f4389d0 flushing  nmethod 0x00000258a847b708
Event: 7.481 Thread 0x000002589f4389d0 flushing  nmethod 0x00000258a82c9888
Event: 7.481 Thread 0x000002589f4389d0 flushing  nmethod 0x00000258aff07488
Event: 7.481 Thread 0x000002589f4389d0 flushing  nmethod 0x00000258a8394a08
Event: 7.481 Thread 0x000002589f4389d0 flushing  nmethod 0x00000258a862ec08
Event: 7.481 Thread 0x000002589f4389d0 flushing  nmethod 0x00000258a843c788
Event: 7.481 Thread 0x000002589f4389d0 flushing  nmethod 0x00000258afe1be08
Event: 7.481 Thread 0x000002589f4389d0 flushing  nmethod 0x00000258aff1b108
Event: 7.481 Thread 0x000002589f4389d0 flushing  nmethod 0x00000258a83ef688
Event: 7.481 Thread 0x000002589f4389d0 flushing  nmethod 0x00000258aff02508
Event: 7.481 Thread 0x000002589f4389d0 flushing  nmethod 0x00000258a8432888
Event: 7.481 Thread 0x000002589f4389d0 flushing  nmethod 0x00000258a83ee688
Event: 7.481 Thread 0x000002589f4389d0 flushing  nmethod 0x00000258a8294908
Event: 7.481 Thread 0x000002589f4389d0 flushing  nmethod 0x00000258a83c8f88
Event: 7.481 Thread 0x000002589f4389d0 flushing  nmethod 0x00000258a8447a08
Event: 7.481 Thread 0x000002589f4389d0 flushing  nmethod 0x00000258a8433e08
Event: 7.481 Thread 0x000002589f4389d0 flushing  nmethod 0x00000258a8337e08
Event: 7.481 Thread 0x000002589f4389d0 flushing  nmethod 0x00000258a8372188
Event: 7.481 Thread 0x000002589f4389d0 flushing  nmethod 0x00000258a8462588
Event: 7.481 Thread 0x000002589f4389d0 flushing  nmethod 0x00000258a847d708
Event: 7.481 Thread 0x000002589f4389d0 flushing  nmethod 0x00000258a867de88
Event: 7.481 Thread 0x000002589f4389d0 flushing  nmethod 0x00000258afe0f188
Event: 7.481 Thread 0x000002589f4389d0 flushing  nmethod 0x00000258a82caf88
Event: 7.481 Thread 0x000002589f4389d0 flushing  nmethod 0x00000258a8325708
Event: 7.481 Thread 0x000002589f4389d0 flushing  nmethod 0x00000258a8676f88
Event: 7.481 Thread 0x000002589f4389d0 flushing  nmethod 0x00000258afe9d488
Event: 7.481 Thread 0x000002589f4389d0 flushing  nmethod 0x00000258a8327c88
Event: 7.481 Thread 0x000002589f4389d0 flushing  nmethod 0x00000258a82d2c08
Event: 7.481 Thread 0x000002589f4389d0 flushing  nmethod 0x00000258a8261008
Event: 7.481 Thread 0x000002589f4389d0 flushing  nmethod 0x00000258a8692188
Event: 7.481 Thread 0x000002589f4389d0 flushing  nmethod 0x00000258a84e0108
Event: 7.481 Thread 0x000002589f4389d0 flushing  nmethod 0x00000258a8265788
Event: 7.481 Thread 0x000002589f4389d0 flushing  nmethod 0x00000258a82e2208
Event: 7.481 Thread 0x000002589f4389d0 flushing  nmethod 0x00000258a8681988
Event: 7.481 Thread 0x000002589f4389d0 flushing  nmethod 0x00000258afefb608
Event: 7.481 Thread 0x000002589f4389d0 flushing  nmethod 0x00000258a8368f88
Event: 7.481 Thread 0x000002589f4389d0 flushing  nmethod 0x00000258a8350b88
Event: 7.481 Thread 0x000002589f4389d0 flushing  nmethod 0x00000258a845df08
Event: 7.481 Thread 0x000002589f4389d0 flushing  nmethod 0x00000258a830df08
Event: 7.481 Thread 0x000002589f4389d0 flushing  nmethod 0x00000258a82d9208
Event: 7.481 Thread 0x000002589f4389d0 flushing osr nmethod 0x00000258a868ea88
Event: 7.481 Thread 0x000002589f4389d0 flushing  nmethod 0x00000258a83d7b08
Event: 7.481 Thread 0x000002589f4389d0 flushing  nmethod 0x00000258a8681488
Event: 7.481 Thread 0x000002589f4389d0 flushing  nmethod 0x00000258aff37f88
Event: 7.481 Thread 0x000002589f4389d0 flushing  nmethod 0x00000258a83be908
Event: 7.481 Thread 0x000002589f4389d0 flushing  nmethod 0x00000258a8679708
Event: 7.481 Thread 0x000002589f4389d0 flushing  nmethod 0x00000258a8369308
Event: 7.481 Thread 0x000002589f4389d0 flushing  nmethod 0x00000258a867f588
Event: 7.481 Thread 0x000002589f4389d0 flushing  nmethod 0x00000258afe7f488
Event: 7.481 Thread 0x000002589f4389d0 flushing  nmethod 0x00000258a8679f88
Event: 7.481 Thread 0x000002589f4389d0 flushing  nmethod 0x00000258a862f108
Event: 7.481 Thread 0x000002589f4389d0 flushing  nmethod 0x00000258afe76008
Event: 7.481 Thread 0x000002589f4389d0 flushing  nmethod 0x00000258a82ce908
Event: 7.481 Thread 0x000002589f4389d0 flushing  nmethod 0x00000258aff1e388
Event: 7.481 Thread 0x000002589f4389d0 flushing  nmethod 0x00000258a8315608
Event: 7.481 Thread 0x000002589f4389d0 flushing  nmethod 0x00000258a85e5f08

Events (113 events):
Event: 0.036 Thread 0x000002589f326100 Thread added: 0x000002589f326100
Event: 0.049 Thread 0x000002589f326100 Thread added: 0x000002589f7bdb70
Event: 0.049 Thread 0x000002589f326100 Thread added: 0x000002589f7be1e0
Event: 0.050 Thread 0x000002589f326100 Thread added: 0x000002589f8009f0
Event: 0.050 Thread 0x000002589f326100 Thread added: 0x000002589f801dd0
Event: 0.050 Thread 0x000002589f326100 Thread added: 0x000002589f803810
Event: 0.050 Thread 0x000002589f326100 Thread added: 0x000002589f804530
Event: 0.050 Thread 0x000002589f326100 Thread added: 0x000002589f823290
Event: 0.050 Thread 0x000002589f326100 Thread added: 0x000002589f8253d0
Event: 0.342 Thread 0x000002589f8253d0 Thread added: 0x000002589fa669c0
Event: 0.348 Thread 0x000002589f326100 Thread added: 0x000002589f8010b0
Event: 0.352 Thread 0x000002589f326100 Thread added: 0x000002589f803ea0
Event: 0.373 Thread 0x000002589f8253d0 Thread added: 0x0000025cb9283790
Event: 0.403 Thread 0x000002589fa669c0 Thread added: 0x0000025cb92b90a0
Event: 1.289 Thread 0x000002589f326100 Thread added: 0x000002589f802460
Event: 1.723 Thread 0x000002589f823290 Thread added: 0x0000025cff82bd30
Event: 1.814 Thread 0x000002589fa669c0 Thread added: 0x0000025cff9c0280
Event: 2.074 Thread 0x000002589f326100 Thread added: 0x0000025cffa9af80
Event: 3.150 Thread 0x000002589f802460 Thread added: 0x0000025cffa9c330
Event: 3.151 Thread 0x0000025cffa9c330 Thread added: 0x0000025cffa9c9c0
Event: 3.153 Thread 0x0000025cffa9c9c0 Thread added: 0x0000025cffa9a8f0
Event: 3.154 Thread 0x0000025cffa9a8f0 Thread added: 0x0000025cffa9d050
Event: 3.212 Thread 0x0000025cffa9d050 Thread added: 0x0000025cffa99bd0
Event: 3.212 Thread 0x0000025cffa99bd0 Thread added: 0x0000025cffa9d6e0
Event: 3.877 Thread 0x000002589f802460 Thread added: 0x0000025cffa9f7b0
Event: 3.987 Thread 0x0000025cffa9f7b0 Thread added: 0x0000025cffa9fe40
Event: 3.988 Thread 0x0000025cffa9f7b0 Thread added: 0x0000025cffa9ea90
Event: 4.102 Thread 0x000002589f802460 Thread added: 0x0000025cffaa11f0
Event: 4.306 Thread 0x000002589f802460 Thread added: 0x0000025cffaa0b60
Event: 4.308 Thread 0x0000025cffaa0b60 Thread exited: 0x0000025cffaa0b60
Event: 6.337 Thread 0x0000025cff9c0280 Thread exited: 0x0000025cff9c0280
Event: 6.339 Thread 0x0000025cff82bd30 Thread exited: 0x0000025cff82bd30
Event: 6.391 Thread 0x000002589f802460 Thread added: 0x0000025cffaa04d0
Event: 6.717 Thread 0x0000025cb9283790 Thread added: 0x0000025881520f60
Event: 6.749 Thread 0x000002589f802460 Thread added: 0x0000025cffa9f120
Event: 6.771 Thread 0x0000025cffa9f120 Thread added: 0x0000025cffaa0b60
Event: 6.783 Thread 0x0000025cffaa0b60 Thread exited: 0x0000025cffaa0b60
Event: 6.836 Thread 0x000002589f802460 Thread added: 0x0000025cffa9dd70
Event: 6.838 Thread 0x0000025cffa9f120 Thread exited: 0x0000025cffa9f120
Event: 6.841 Thread 0x000002589f802460 Thread added: 0x0000025cffa9e400
Event: 6.845 Thread 0x0000025cffa9e400 Thread added: 0x0000025cffa9f120
Event: 6.846 Thread 0x0000025cffa9dd70 Thread exited: 0x0000025cffa9dd70
Event: 6.846 Thread 0x0000025cffa9e400 Thread exited: 0x0000025cffa9e400
Event: 6.846 Thread 0x0000025cffa9f120 Thread exited: 0x0000025cffa9f120
Event: 6.887 Thread 0x0000025cffaa04d0 Thread exited: 0x0000025cffaa04d0
Event: 7.365 Thread 0x0000025881520f60 Thread exited: 0x0000025881520f60
Event: 7.449 Thread 0x000002589f802460 Thread added: 0x0000025cffaa04d0
Event: 7.454 Thread 0x000002589f802460 Thread added: 0x0000025cffa9e400
Event: 7.457 Thread 0x0000025cffa9e400 Thread added: 0x0000025cffa9dd70
Event: 7.475 Thread 0x0000025cffa9dd70 Thread exited: 0x0000025cffa9dd70
Event: 7.505 Thread 0x000002589f802460 Thread added: 0x0000025cffa9dd70
Event: 7.678 Thread 0x0000025cffa9e400 Thread exited: 0x0000025cffa9e400
Event: 7.679 Thread 0x000002589f802460 Thread added: 0x0000025cffa9e400
Event: 7.680 Thread 0x0000025cffa9e400 Thread added: 0x0000025cffa9f120
Event: 7.681 Thread 0x0000025cffa9dd70 Thread exited: 0x0000025cffa9dd70
Event: 7.681 Thread 0x0000025cffa9e400 Thread exited: 0x0000025cffa9e400
Event: 7.682 Thread 0x0000025cffa9f120 Thread exited: 0x0000025cffa9f120
Event: 7.723 Thread 0x0000025cffaa04d0 Thread exited: 0x0000025cffaa04d0
Event: 7.760 Thread 0x000002589f802460 Thread added: 0x0000025cffaa04d0
Event: 7.764 Thread 0x000002589f802460 Thread added: 0x0000025cffa9dd70
Event: 7.766 Thread 0x0000025cffa9dd70 Thread added: 0x0000025cffa9e400
Event: 7.782 Thread 0x0000025cffa9e400 Thread exited: 0x0000025cffa9e400
Event: 7.803 Thread 0x000002589f802460 Thread added: 0x0000025cffa9e400
Event: 7.935 Thread 0x000002589f802460 Thread added: 0x0000025cffa9f120
Event: 7.947 Thread 0x000002589f802460 Thread added: 0x0000025cff5cc370
Event: 7.956 Thread 0x000002589f802460 Thread added: 0x0000025cff5cd090
Event: 8.024 Thread 0x0000025cffa9fe40 Thread added: 0x0000025cff5ca930
Event: 8.025 Thread 0x0000025cffa9fe40 Thread added: 0x0000025cff5cd720
Event: 8.025 Thread 0x0000025cffa9fe40 Thread added: 0x0000025cff5cbce0
Event: 8.025 Thread 0x0000025cff5cd090 Thread added: 0x0000025cff5cafc0
Event: 8.026 Thread 0x0000025cff5cbce0 Thread added: 0x0000025cff5cddb0
Event: 8.052 Thread 0x0000025cb92b90a0 Thread added: 0x00000258815201c0
Event: 8.052 Thread 0x0000025cb92b90a0 Thread added: 0x000002588151dfb0
Event: 8.205 Thread 0x000002589fa669c0 Thread added: 0x000002588151f420
Event: 8.224 Thread 0x0000025cff5ca930 Thread added: 0x0000025cff5cead0
Event: 8.224 Thread 0x0000025cff5ca930 Thread added: 0x0000025cff5cb650
Event: 8.224 Thread 0x0000025cff5ca930 Thread added: 0x0000025cff5cf160
Event: 8.225 Thread 0x0000025cff5ca930 Thread added: 0x0000025cff5cca00
Event: 8.225 Thread 0x0000025cff5ca930 Thread added: 0x0000025cff5cfe80
Event: 8.226 Thread 0x0000025cff5ca930 Thread added: 0x0000025cff5d0510
Event: 8.226 Thread 0x0000025cff5ca930 Thread added: 0x0000025cff5d1230
Event: 8.227 Thread 0x0000025cff5ca930 Thread added: 0x0000025cff5d0ba0
Event: 8.227 Thread 0x0000025cff5ca930 Thread added: 0x0000025cff5d18c0
Event: 8.228 Thread 0x0000025cff5ca930 Thread added: 0x0000025cff5d1f50
Event: 8.228 Thread 0x0000025cff5ca930 Thread added: 0x0000025cff5cf7f0
Event: 8.229 Thread 0x0000025cff5ca930 Thread added: 0x000002588438cdf0
Event: 8.229 Thread 0x0000025cff5ca930 Thread added: 0x000002588438c0d0
Event: 8.230 Thread 0x0000025cff5ca930 Thread added: 0x000002588438f550
Event: 8.231 Thread 0x0000025cff5ca930 Thread added: 0x000002588438e830
Event: 8.231 Thread 0x000002589f8253d0 Thread added: 0x000002588151faf0
Event: 8.233 Thread 0x0000025cb9283790 Thread added: 0x0000025881520890
Event: 8.248 Thread 0x000002588438cdf0 Thread added: 0x000002588438d480
Event: 8.292 Thread 0x000002588151dfb0 Thread added: 0x0000025883dcc8a0
Event: 8.304 Thread 0x0000025cffa9e400 Thread added: 0x000002588438db10
Event: 8.306 Thread 0x000002588438db10 Thread added: 0x000002588438e1a0
Event: 8.326 Thread 0x0000025cff5cf7f0 Thread added: 0x000002588438c760
Event: 8.326 Thread 0x0000025cffa9fe40 Thread added: 0x000002588438fbe0
Event: 8.327 Thread 0x0000025cff5cf160 Thread added: 0x0000025884390270
Event: 8.330 Thread 0x0000025cff5d18c0 Thread added: 0x0000025884391cb0
Event: 8.330 Thread 0x000002588438d480 Thread added: 0x0000025884390900
Event: 8.331 Thread 0x000002588438cdf0 Thread added: 0x0000025884390f90
Event: 8.331 Thread 0x0000025cff5ca930 Thread added: 0x0000025884391620
Event: 8.332 Thread 0x0000025cff5cfe80 Thread added: 0x0000025884392340
Event: 8.333 Thread 0x000002588438c760 Thread added: 0x000002588438eec0
Event: 8.333 Thread 0x0000025cb92b90a0 Thread added: 0x0000025883dce3e0
Event: 8.358 Thread 0x0000025cffa9fe40 Thread added: 0x00000258843929d0
Event: 8.359 Thread 0x000002588438f550 Thread added: 0x0000025884393060
Event: 8.359 Thread 0x0000025cff5cf7f0 Thread added: 0x00000258843936f0
Event: 8.360 Thread 0x0000025cff5cd090 Thread added: 0x000002588457b390
Event: 8.361 Thread 0x0000025cff5cead0 Thread added: 0x000002588457cdd0
Event: 8.362 Thread 0x000002588438e830 Thread added: 0x000002588457c0b0
Event: 8.362 Thread 0x0000025cff5d1230 Thread added: 0x000002588457a670
Event: 9.469 Thread 0x0000025cb92b90a0 Thread exited: 0x0000025cb92b90a0


Dynamic libraries:
0x00007ff799dd0000 - 0x00007ff799de0000 	C:\Program Files\Java\jdk-23\bin\java.exe
0x00007ff818360000 - 0x00007ff8185c7000 	C:\WINDOWS\SYSTEM32\ntdll.dll
0x00007ff816190000 - 0x00007ff816259000 	C:\WINDOWS\System32\KERNEL32.DLL
0x00007ff814d10000 - 0x00007ff815104000 	C:\WINDOWS\System32\KERNELBASE.dll
0x00007ff815dc0000 - 0x00007ff815f0b000 	C:\WINDOWS\System32\ucrtbase.dll
0x00007ffffd1c0000 - 0x00007ffffd1d7000 	C:\Program Files\Java\jdk-23\bin\jli.dll
0x00007ffffd180000 - 0x00007ffffd19b000 	C:\Program Files\Java\jdk-23\bin\VCRUNTIME140.dll
0x00007ff816b60000 - 0x00007ff816d25000 	C:\WINDOWS\System32\USER32.dll
0x00007ff814c30000 - 0x00007ff814c57000 	C:\WINDOWS\System32\win32u.dll
0x00007ffff8e90000 - 0x00007ffff9123000 	C:\WINDOWS\WinSxS\amd64_microsoft.windows.common-controls_6595b64144ccf1df_6.0.26100.8115_none_3e075c82e3354f9c\COMCTL32.dll
0x00007ff8182a0000 - 0x00007ff8182cb000 	C:\WINDOWS\System32\GDI32.dll
0x00007ff815fc0000 - 0x00007ff8160eb000 	C:\WINDOWS\System32\gdi32full.dll
0x00007ff818150000 - 0x00007ff8181f9000 	C:\WINDOWS\System32\msvcrt.dll
0x00007ff815f10000 - 0x00007ff815fb3000 	C:\WINDOWS\System32\msvcp_win.dll
0x00007ff8182e0000 - 0x00007ff818312000 	C:\WINDOWS\System32\IMM32.DLL
0x00007ff811c90000 - 0x00007ff811c9c000 	C:\Program Files\Java\jdk-23\bin\vcruntime140_1.dll
0x00007ffff9ba0000 - 0x00007ffff9c2e000 	C:\Program Files\Java\jdk-23\bin\msvcp140.dll
0x00007fff4f2a0000 - 0x00007fff4fff0000 	C:\Program Files\Java\jdk-23\bin\server\jvm.dll
0x00007ff816a40000 - 0x00007ff816af6000 	C:\WINDOWS\System32\ADVAPI32.dll
0x00007ff816fb0000 - 0x00007ff817057000 	C:\WINDOWS\System32\sechost.dll
0x00007ff816db0000 - 0x00007ff816ec8000 	C:\WINDOWS\System32\RPCRT4.dll
0x00007ff818200000 - 0x00007ff818280000 	C:\WINDOWS\System32\WS2_32.dll
0x00007ff814a90000 - 0x00007ff814aee000 	C:\WINDOWS\SYSTEM32\POWRPROF.dll
0x00007ff811e60000 - 0x00007ff811e96000 	C:\WINDOWS\SYSTEM32\WINMM.dll
0x00007ffff9510000 - 0x00007ffff951b000 	C:\WINDOWS\SYSTEM32\VERSION.dll
0x00007ff814a70000 - 0x00007ff814a84000 	C:\WINDOWS\SYSTEM32\UMPDC.dll
0x00007ff8139c0000 - 0x00007ff8139db000 	C:\WINDOWS\SYSTEM32\kernel.appcore.dll
0x00007ff80e5f0000 - 0x00007ff80e5fa000 	C:\Program Files\Java\jdk-23\bin\jimage.dll
0x00007ff8125e0000 - 0x00007ff812822000 	C:\WINDOWS\SYSTEM32\DBGHELP.DLL
0x00007ff8171c0000 - 0x00007ff817542000 	C:\WINDOWS\System32\combase.dll
0x00007ff816ed0000 - 0x00007ff816fa8000 	C:\WINDOWS\System32\OLEAUT32.dll
0x00007ff811e20000 - 0x00007ff811e5b000 	C:\WINDOWS\SYSTEM32\dbgcore.DLL
0x00007ff814c60000 - 0x00007ff814d05000 	C:\WINDOWS\System32\bcryptPrimitives.dll
0x00007ffffc400000 - 0x00007ffffc41e000 	C:\Program Files\Java\jdk-23\bin\java.dll
0x00007ff816410000 - 0x00007ff8165a7000 	C:\WINDOWS\System32\ole32.dll
0x00007ff817800000 - 0x00007ff817f67000 	C:\WINDOWS\System32\SHELL32.dll
0x00007ff815260000 - 0x00007ff8153ca000 	C:\WINDOWS\System32\wintypes.dll
0x00007ff815550000 - 0x00007ff815db8000 	C:\WINDOWS\System32\windows.storage.dll
0x00007ff817600000 - 0x00007ff8176f8000 	C:\WINDOWS\System32\SHCORE.dll
0x00007ff8160f0000 - 0x00007ff816156000 	C:\WINDOWS\System32\shlwapi.dll
0x00007ff814b50000 - 0x00007ff814b79000 	C:\WINDOWS\SYSTEM32\profapi.dll
0x00007ffff5f40000 - 0x00007ffff6017000 	C:\Program Files\Java\jdk-23\bin\jsvml.dll
0x00007ff80e530000 - 0x00007ff80e540000 	C:\Program Files\Java\jdk-23\bin\net.dll
0x00007ff813f30000 - 0x00007ff813f9c000 	C:\WINDOWS\system32\mswsock.dll
0x00007ffffc1e0000 - 0x00007ffffc1f6000 	C:\Program Files\Java\jdk-23\bin\nio.dll
0x00007ffffbae0000 - 0x00007ffffbaf7000 	C:\Program Files\Java\jdk-23\bin\zip.dll
0x00007ff80a500000 - 0x00007ff80a509000 	C:\Program Files\Java\jdk-23\bin\syslookup.dll
0x00007ff814210000 - 0x00007ff81422b000 	C:\WINDOWS\SYSTEM32\CRYPTSP.dll
0x00007ff813920000 - 0x00007ff813959000 	C:\WINDOWS\system32\rsaenh.dll
0x00007ff813fe0000 - 0x00007ff814013000 	C:\WINDOWS\SYSTEM32\USERENV.dll
0x00007ff814b20000 - 0x00007ff814b4a000 	C:\WINDOWS\SYSTEM32\bcrypt.dll
0x00007ff814230000 - 0x00007ff81423c000 	C:\WINDOWS\SYSTEM32\CRYPTBASE.dll
0x00007ff813430000 - 0x00007ff813462000 	C:\WINDOWS\SYSTEM32\IPHLPAPI.DLL
0x00007ff8182d0000 - 0x00007ff8182da000 	C:\WINDOWS\System32\NSI.dll
0x00007ffffb800000 - 0x00007ffffb826000 	C:\Users\weron\AppData\Local\Temp\csjniutils-0.3.311485245391035483060.dll
0x00007ff800080000 - 0x00007ff80008a000 	C:\Program Files\Java\jdk-23\bin\management.dll
0x00007fffffb10000 - 0x00007fffffb1b000 	C:\Program Files\Java\jdk-23\bin\management_ext.dll
0x00007ff818290000 - 0x00007ff818298000 	C:\WINDOWS\System32\PSAPI.DLL
0x00007fffff5c0000 - 0x00007fffff5c9000 	C:\Program Files\Java\jdk-23\bin\extnet.dll
0x00007ff813470000 - 0x00007ff8135a2000 	C:\WINDOWS\SYSTEM32\DNSAPI.dll
0x00007ff8087b0000 - 0x00007ff8087bb000 	C:\Windows\System32\rasadhlp.dll
0x00007ff80b8d0000 - 0x00007ff80b956000 	C:\WINDOWS\System32\fwpuclnt.dll

dbghelp: loaded successfully - version: 4.0.5 - missing functions: none
symbol engine: initialized successfully - sym options: 0x614 - pdb path: .;C:\Program Files\Java\jdk-23\bin;C:\WINDOWS\SYSTEM32;C:\WINDOWS\WinSxS\amd64_microsoft.windows.common-controls_6595b64144ccf1df_6.0.26100.8115_none_3e075c82e3354f9c;C:\Program Files\Java\jdk-23\bin\server;C:\Users\weron\AppData\Local\Temp

VM Arguments:
jvm_args: -Xss4m -Xms100m -Dmetals.client=vscode -Xmx2G -XX:+UseZGC -XX:ZUncommitDelay=30 -XX:ZCollectionInterval=5 -XX:+IgnoreUnrecognizedVMOptions 
java_command: scala.meta.metals.Main
java_class_path (initial): C:\Users\weron\AppData\Local\Coursier\cache\v1\https\repo1.maven.org\maven2\org\scalameta\metals_2.13\1.6.7\metals_2.13-1.6.7.jar;C:\Users\weron\AppData\Local\Coursier\cache\v1\https\repo1.maven.org\maven2\org\scala-lang\scala-library\2.13.18\scala-library-2.13.18.jar;C:\Users\weron\AppData\Local\Coursier\cache\v1\https\repo1.maven.org\maven2\org\scalameta\mtags_2.13.18\1.6.7\mtags_2.13.18-1.6.7.jar;C:\Users\weron\AppData\Local\Coursier\cache\v1\https\repo1.maven.org\maven2\org\scalameta\mtags-java_2.13\1.6.7\mtags-java_2.13-1.6.7.jar;C:\Users\weron\AppData\Local\Coursier\cache\v1\https\repo1.maven.org\maven2\org\eclipse\jdt\org.eclipse.jdt.core\3.25.0\org.eclipse.jdt.core-3.25.0.jar;C:\Users\weron\AppData\Local\Coursier\cache\v1\https\repo1.maven.org\maven2\org\eclipse\platform\org.eclipse.ant.core\3.5.500\org.eclipse.ant.core-3.5.500.jar;C:\Users\weron\AppData\Local\Coursier\cache\v1\https\repo1.maven.org\maven2\org\eclipse\platform\org.eclipse.compare.core\3.6.600\org.eclipse.compare.core-3.6.600.jar;C:\Users\weron\AppData\Local\Coursier\cache\v1\https\repo1.maven.org\maven2\org\eclipse\platform\org.eclipse.core.commands\3.9.500\org.eclipse.core.commands-3.9.500.jar;C:\Users\weron\AppData\Local\Coursier\cache\v1\https\repo1.maven.org\maven2\org\eclipse\platform\org.eclipse.core.contenttype\3.7.500\org.eclipse.core.contenttype-3.7.500.jar;C:\Users\weron\AppData\Local\Coursier\cache\v1\https\repo1.maven.org\maven2\org\eclipse\platform\org.eclipse.core.expressions\3.6.500\org.eclipse.core.expressions-3.6.500.jar;C:\Users\weron\AppData\Local\Coursier\cache\v1\https\repo1.maven.org\maven2\org\eclipse\platform\org.eclipse.core.filesystem\1.7.500\org.eclipse.core.filesystem-1.7.500.jar;C:\Users\weron\AppData\Local\Coursier\cache\v1\https\repo1.maven.org\maven2\org\eclipse\platform\org.eclipse.core.jobs\3.10.500\org.eclipse.core.jobs-3.10.500.jar;C:\Users\weron\AppData\Local\Coursier\cache\v1\https\repo1.maven.org\maven2\org\eclipse\platform\org.eclipse.core.resources\3.13.500\org.eclipse.core.resources-3.13.500.jar;C:\Users\weron\AppData\Local\Coursier\cache\v1\https\repo1.maven.org\maven2\org\eclipse\platform\org.eclipse.core.runtime\3.16.0\org.eclipse.core.runtime-3.16.0.jar;C:\Users\weron\AppData\Local\Coursier\cache\v1\https\repo1.maven.org\maven2\org\eclipse\platform\org.eclipse.core.variables\3.4.600\org.eclipse.core.variables-3.4.600.jar;C:\Users\weron\AppData\Local\Coursier\cache\v1\https\repo1.maven.org\maven2\org\eclipse\platform\org.eclipse.equinox.app\1.4.300\org.eclipse.equinox.app-1.4.300.jar;C:\Users\weron\AppData\Local\Coursier\cache\v1\https\repo1.maven.org\maven2\org\eclipse\platform\org.eclipse.equinox.common\3.10.600\org.eclipse.equinox.common-3.10.600.jar;C:\Users\weron\AppData\Local\Coursier\cache\v1\https\repo1.maven.org\maven2\org\eclipse\platform\org.eclipse.equinox.preferences\3.7.600\org.eclipse.equinox.preferences-3.7.600.jar;C:\Users\weron\AppData\Local\Coursier\cache\v1\https\repo1.maven.org\maven2\org\eclipse\platform\org.eclipse.equinox.registry\3.8.600\org.eclipse.equinox.registry-3.8.600.jar;C:\Users\weron\AppData\Local\Coursier\cache\v1\https\repo1.maven.org\maven2\org\eclipse\platform\org.eclipse.osgi\3.15.0\org.eclipse.osgi-3.15.0.jar;C:\Users\weron\AppData\Local\Coursier\cache\v1\https\repo1.maven.org\maven2\org\eclipse\platform\org.eclipse.team.core\3.8.700\org.eclipse.team.core-3.8.700.jar;C:\Users\weron\AppData\Local\Coursier\cache\v1\https\repo1.maven.org\maven2\org\eclipse\platform\org.eclipse.text\3.9.0\org.eclipse.text-3.9.0.jar;C:\Users\weron\AppData\Local\Coursier\cache\v1\https\repo1.maven.org\maven2\com\google\guava\guava\33.5.0-jre\guava-33.5.0-jre.jar;C:\Users\weron\AppData\Local\Coursier\cache\v1\https\repo1.maven.org\maven2\com\google\code\findbugs\jsr305\3.0.2\jsr305-3.0.2.jar;C:\Users\weron\AppData\Local\Coursier\cache\v1\https\repo1.maven.org\maven2\org\scalameta\metaconfig-core_2.13\0.18.2\metaconfig-core_2.13-0.18.2.jar;C:\Users\weron\AppData\Local\Coursier\cache\v1\https\repo1.maven.org\maven2\org\openjdk\jol\jol-core\0.17\jol-core-0.17.jar;C:\Users\weron\AppData\Local\Coursier\cache\v1\https\repo1.maven.org\maven2\com\swoval\file-tree-views\2.1.12\file-tree-views-2.1.12.jar;C:\Users\weron\AppData\Local\Coursier\cache\v1\https\repo1.maven.org\maven2\io\undertow\undertow-core\2.3.12.Final\undertow-core-2.3.12.Final.jar;C:\Users\weron\AppData\Local\Coursier\cache\v1\https\repo1.maven.org\maven2\org\jboss\xnio\xnio-nio\3.8.17.Final\xnio-nio-3.8.17.Final.jar;C:\Users\weron\AppData\Local\Coursier\cache\v1\https\repo1.maven.org\maven2\org\flywaydb\flyway-core\12.0.3\flyway-core-12.0.3.jar;C:\Users\weron\AppData\Local\Coursier\cache\v1\https\repo1.maven.org\maven2\com\h2database\h2\2.4.240\h2-2.4.240.jar;C:\Users\weron\AppData\Local\Coursier\cache\v1\https\repo1.maven.org\maven2\org\scala-sbt\ipcsocket\ipcsocket\1.6.3\ipcsocket-1.6.3.jar;C:\Users\weron\AppData\Local\Coursier\cache\v1\https\repo1.maven.org\maven2\ch\epfl\scala\bsp4j\2.2.0-M2\bsp4j-2.2.0-M2.jar;C:\Users\weron\AppData\Local\Coursier\cache\v1\https\repo1.maven.org\maven2\ch\epfl\scala\bloop-rifle_2.13\2.0.19\bloop-rifle_2.13-2.0.19.jar;C:\Users\weron\AppData\Local\Coursier\cache\v1\https\repo1.maven.org\maven2\org\eclipse\lsp4j\org.eclipse.lsp4j\1.0.0\org.eclipse.lsp4j-1.0.0.jar;C:\Users\weron\AppData\Local\Coursier\cache\v1\https\repo1.maven.org\maven2\org\eclipse\lsp4j\org.eclipse.lsp4j.debug\1.0.0\org.eclipse.lsp4j.debug-1.0.0.jar;C:\Users\weron\AppData\Local\Coursier\cache\v1\https\repo1.maven.org\maven2\ch\epfl\scala\scala-debug-adapter_2.13\4.2.8\scala-debug-adapter_2.13-4.2.8.jar;C:\Users\weron\AppData\Local\Coursier\cache\v1\https\repo1.maven.org\maven2\io\get-coursier\util\directories\0.1.4\directories-0.1.4.jar;C:\Users\weron\AppData\Local\Coursier\cache\v1\https\repo1.maven.org\maven2\io\get-coursier\util\directories-jni\0.1.4\directories-jni-0.1.4.jar;C:\Users\weron\AppData\Local\Coursier\cache\v1\https\repo1.maven.org\maven2\org\scalameta\mdoc-interfaces\2.8.2\mdoc-interfaces-2.8.2.jar;C:\Users\weron\AppData\Local\Coursier\cache\v1\https\repo1.maven.org\maven2\org\scalameta\scalafmt-dynamic_2.13\3.10.7\scalafmt-dynamic_2.13-3.10.7.jar;C:\Users\weron\AppData\Local\Coursier\cache\v1\https\repo1.maven.org\maven2\ch\epfl\scala\scalafix-interfaces\0.14.6\scalafix-interfaces-0.14.6.jar;C:\Users\weron\AppData\Local\Coursier\cache\v1\https\repo1.maven.org\maven2\io\get-coursier\interface\1.0.29-M2\interface-1.0.29-M2.jar;C:\Users\weron\AppData\Local\Coursier\cache\v1\https\repo1.maven.org\maven2\io\get-coursier\coursier_2.13\2.1.25-M23\coursier_2.13-2.1.25-M23.jar;C:\Users\weron\AppData\Local\Coursier\cache\v1\https\repo1.maven.org\maven2\io\get-coursier\coursier-sbt-maven-repository_2.13\2.1.25-M23\coursier-sbt-maven-repository_2.13-2.1.25-M23.jar;C:\Users\weron\AppData\Local\Coursier\cache\v1\https\repo1.maven.org\maven2\com\outr\scribe_2.13\3.18.0\scribe_2.13-3.18.0.jar;C:\Users\weron\AppData\Local\Coursier\cache\v1\https\repo1.maven.org\maven2\com\outr\scribe-file_2.13\3.18.0\scribe-file_2.13-3.18.0.jar;C:\Users\weron\AppData\Local\Coursier\cache\v1\https\repo1.maven.org\maven2\com\outr\scribe-slf4j2_2.13\3.18.0\scribe-slf4j2_2.13-3.18.0.jar;C:\Users\weron\AppData\Local\Coursier\cache\v1\https\repo1.maven.org\maven2\com\lihaoyi\ujson_2.13\4.4.3\ujson_2.13-4.4.3.jar;C:\Users\weron\AppData\Local\Coursier\cache\v1\https\repo1.maven.org\maven2\com\lihaoyi\requests_2.13\0.9.3\requests_2.13-0.9.3.jar;C:\Users\weron\AppData\Local\Coursier\cache\v1\https\repo1.maven.org\maven2\org\scalameta\scalameta_2.13\4.15.2\scalameta_2.13-4.15.2.jar;C:\Users\weron\AppData\Local\Coursier\cache\v1\https\repo1.maven.org\maven2\org\scalameta\semanticdb-metap_2.13.18\4.15.2\semanticdb-metap_2.13.18-4.15.2.jar;C:\Users\weron\AppData\Local\Coursier\cache\v1\https\repo1.maven.org\maven2\org\scalameta\semanticdb-shared_2.13\4.15.2\semanticdb-shared_2.13-4.15.2.jar;C:\Users\weron\AppData\Local\Coursier\cache\v1\https\repo1.maven.org\maven2\org\scala-lang\modules\scala-xml_2.13\2.4.0\scala-xml_2.13-2.4.0.jar;C:\Users\weron\AppData\Local\Coursier\cache\v1\https\repo1.maven.org\maven2\org\virtuslab\scala-cli\scala-cli-bsp\1.12.4\scala-cli-bsp-1.12.4.jar;C:\Users\weron\AppData\Local\Coursier\cache\v1\https\repo1.maven.org\maven2\ch\epfl\scala\bloop-config_2.13\2.3.3\bloop-config_2.13-2.3.3.jar;C:\Users\weron\AppData\Local\Coursier\cache\v1\https\repo1.maven.org\maven2\io\modelcontextprotocol\sdk\mcp\1.0.0\mcp-1.0.0.jar;C:\Users\weron\AppData\Local\Coursier\cache\v1\https\repo1.maven.org\maven2\io\modelcontextprotocol\sdk\mcp-json-jackson2\1.0.0\mcp-json-jackson2-1.0.0.jar;C:\Users\weron\AppData\Local\Coursier\cache\v1\https\repo1.maven.org\maven2\com\fasterxml\jackson\core\jackson-databind\2.21.1\jackson-databind-2.21.1.jar;C:\Users\weron\AppData\Local\Coursier\cache\v1\https\repo1.maven.org\maven2\io\undertow\undertow-servlet\2.3.12.Final\undertow-servlet-2.3.12.Final.jar;C:\Users\weron\AppData\Local\Coursier\cache\v1\https\repo1.maven.org\maven2\org\playframework\twirl\twirl-compiler_2.13\2.0.9\twirl-compiler_2.13-2.0.9.jar;C:\Users\weron\AppData\Local\Coursier\cache\v1\https\repo1.maven.org\maven2\org\scalameta\mtags-shared_2.13.18\1.6.7\mtags-shared_2.13.18-1.6.7.jar;C:\Users\weron\AppData\Local\Coursier\cache\v1\https\repo1.maven.org\maven2\com\lihaoyi\geny_2.13\1.1.1\geny_2.13-1.1.1.jar;C:\Users\weron\AppData\Local\Coursier\cache\v1\https\repo1.maven.org\maven2\com\thoughtworks\qdox\qdox\2.2.0\qdox-2.2.0.jar;C:\Users\weron\AppData\Local\Coursier\cache\v1\https\repo1.maven.org\maven2\org\scala-lang\modules\scala-java8-compat_2.13\1.0.2\scala-java8-compat_2.13-1.0.2.jar;C:\Users\weron\AppData\Local\Coursier\cache\v1\https\repo1.maven.org\maven2\org\jsoup\jsoup\1.22.1\jsoup-1.22.1.jar;C:\Users\weron\AppData\Local\Coursier\cache\v1\https\repo1.maven.org\maven2\com\googlecode\java-diff-utils\diffutils\1.3.0\diffutils-1.3.0.jar;C:\Users\weron\AppData\Local\Coursier\cache\v1\https\repo1.maven.org\maven2\org\scalameta\semanticdb-scalac-core_2.13.18\4.15.2\semanticdb-scalac-core_2.13.18-4.15.2.jar;C:\Users\weron\AppData\Local\Coursier\cache\v1\https\repo1.maven.org\maven2\org\scalameta\mtags-interfaces\1.6.7\mtags-interfaces-1.6.7.jar;C:\Users\weron\AppData\Local\Coursier\cache\v1\https\repo1.maven.org\maven2\com\google\guava\failureaccess\1.0.3\failureaccess-1.0.3.jar;C:\Users\weron\AppData\Local\Coursier\cache\v1\https\repo1.maven.org\maven2\com\google\guava\listenablefuture\9999.0-empty-to-avoid-conflict-with-guava\listenablefuture-9999.0-empty-to-avoid-conflict-with-guava.jar;C:\Users\weron\AppData\Local\Coursier\cache\v1\https\repo1.maven.org\maven2\org\jspecify\jspecify\1.0.0\jspecify-1.0.0.jar;C:\Users\weron\AppData\Local\Coursier\cache\v1\https\repo1.maven.org\maven2\com\google\errorprone\error_prone_annotations\2.41.0\error_prone_annotations-2.41.0.jar;C:\Users\weron\AppData\Local\Coursier\cache\v1\https\repo1.maven.org\maven2\com\google\j2objc\j2objc-annotations\3.1\j2objc-annotations-3.1.jar;C:\Users\weron\AppData\Local\Coursier\cache\v1\https\repo1.maven.org\maven2\org\scalameta\metaconfig-pprint_2.13\0.18.2\metaconfig-pprint_2.13-0.18.2.jar;C:\Users\weron\AppData\Local\Coursier\cache\v1\https\repo1.maven.org\maven2\org\typelevel\paiges-core_2.13\0.4.4\paiges-core_2.13-0.4.4.jar;C:\Users\weron\AppData\Local\Coursier\cache\v1\https\repo1.maven.org\maven2\org\scala-lang\modules\scala-collection-compat_2.13\2.14.0\scala-collection-compat_2.13-2.14.0.jar;C:\Users\weron\AppData\Local\Coursier\cache\v1\https\repo1.maven.org\maven2\org\scala-lang\scala-reflect\2.13.18\scala-reflect-2.13.18.jar;C:\Users\weron\AppData\Local\Coursier\cache\v1\https\repo1.maven.org\maven2\org\jboss\logging\jboss-logging\3.4.3.Final\jboss-logging-3.4.3.Final.jar;C:\Users\weron\AppData\Local\Coursier\cache\v1\https\repo1.maven.org\maven2\org\jboss\xnio\xnio-api\3.8.17.Final\xnio-api-3.8.17.Final.jar;C:\Users\weron\AppData\Local\Coursier\cache\v1\https\repo1.maven.org\maven2\org\jboss\threads\jboss-threads\3.5.0.Final\jboss-threads-3.5.0.Final.jar;C:\Users\weron\AppData\Local\Coursier\cache\v1\https\repo1.maven.org\maven2\tools\jackson\core\jackson-databind\3.0.4\jackson-databind-3.0.4.jar;C:\Users\weron\AppData\Local\Coursier\cache\v1\https\repo1.maven.org\maven2\net\java\dev\jna\jna\5.12.0\jna-5.12.0.jar;C:\Users\weron\AppData\Local\Coursier\cache\v1\https\repo1.maven.org\maven2\net\java\dev\jna\jna-platform\5.12.0\jna-platform-5.12.0.jar;C:\Users\weron\AppData\Local\Coursier\cache\v1\https\repo1.maven.org\maven2\org\eclipse\lsp4j\org.eclipse.lsp4j.generator\0.20.1\org.eclipse.lsp4j.generator-0.20.1.jar;C:\Users\weron\AppData\Local\Coursier\cache\v1\https\repo1.maven.org\maven2\org\eclipse\lsp4j\org.eclipse.lsp4j.jsonrpc\1.0.0\org.eclipse.lsp4j.jsonrpc-1.0.0.jar;C:\Users\weron\AppData\Local\Coursier\cache\v1\https\repo1.maven.org\maven2\ch\epfl\scala\libdaemon_2.13\0.0.12\libdaemon_2.13-0.0.12.jar;C:\Users\weron\AppData\Local\Coursier\cache\v1\https\repo1.maven.org\maven2\io\github\alexarchambault\scala-cli\snailgun\snailgun-core_2.13\0.4.1-sc2\snailgun-core_2.13-0.4.1-sc2.jar;C:\Users\weron\AppData\Local\Coursier\cache\v1\https\repo1.maven.org\maven2\org\eclipse\lsp4j\org.eclipse.lsp4j.jsonrpc.debug\1.0.0\org.eclipse.lsp4j.jsonrpc.debug-1.0.0.jar;C:\Users\weron\AppData\Local\Coursier\cache\v1\https\repo1.maven.org\maven2\ch\epfl\scala\com-microsoft-java-debug-core\0.34.0%2B39\com-microsoft-java-debug-core-0.34.0%2B39.jar;C:\Users\weron\AppData\Local\Coursier\cache\v1\https\repo1.maven.org\maven2\org\ow2\asm\asm\9.8\asm-9.8.jar;C:\Users\weron\AppData\Local\Coursier\cache\v1\https\repo1.maven.org\maven2\org\ow2\asm\asm-util\9.8\asm-util-9.8.jar;C:\Users\weron\AppData\Local\Coursier\cache\v1\https\repo1.maven.org\maven2\org\scala-sbt\test-agent\1.11.2\test-agent-1.11.2.jar;C:\Users\weron\AppData\Local\Coursier\cache\v1\https\repo1.maven.org\maven2\org\scalameta\parsers_2.13\4.15.2\parsers_2.13-4.15.2.jar;C:\Users\weron\AppData\Local\Coursier\cache\v1\https\repo1.maven.org\maven2\org\scala-lang\modules\scala-parallel-collections_2.13\1.2.0\scala-parallel-collections_2.13-1.2.0.jar;C:\Users\weron\AppData\Local\Coursier\cache\v1\https\repo1.maven.org\maven2\io\get-coursier\jniutils\windows-jni-utils\0.3.3\windows-jni-utils-0.3.3.jar;C:\Users\weron\AppData\Local\Coursier\cache\v1\https\repo1.maven.org\maven2\org\scalameta\scalafmt-interfaces\3.10.7\scalafmt-interfaces-3.10.7.jar;C:\Users\weron\AppData\Local\Coursier\cache\v1\https\repo1.maven.org\maven2\org\scalameta\scalafmt-sysops_2.13\3.10.7\scalafmt-sysops_2.13-3.10.7.jar;C:\Users\weron\AppData\Local\Coursier\cache\v1\https\repo1.maven.org\maven2\com\typesafe\config\1.4.5\config-1.4.5.jar;C:\Users\weron\AppData\Local\Coursier\cache\v1\https\repo1.maven.org\maven2\org\slf4j\slf4j-api\2.0.17\slf4j-api-2.0.17.jar;C:\Users\weron\AppData\Local\Coursier\cache\v1\https\repo1.maven.org\maven2\io\get-coursier\dependency_2.13\0.3.2\dependency_2.13-0.3.2.jar;C:\Users\weron\AppData\Local\Coursier\cache\v1\https\repo1.maven.org\maven2\com\github\plokhotnyuk\jsoniter-scala\jsoniter-scala-core_2.13\2.13.5.2\jsoniter-scala-core_2.13-2.13.5.2.jar;C:\Users\weron\AppData\Local\Coursier\cache\v1\https\repo1.maven.org\maven2\io\get-coursier\coursier-core_2.13\2.1.25-M23\coursier-core_2.13-2.1.25-M23.jar;C:\Users\weron\AppData\Local\Coursier\cache\v1\https\repo1.maven.org\maven2\io\get-coursier\coursier-cache_2.13\2.1.25-M23\coursier-cache_2.13-2.1.25-M23.jar;C:\Users\weron\AppData\Local\Coursier\cache\v1\https\repo1.maven.org\maven2\io\get-coursier\coursier-proxy-setup\2.1.25-M23\coursier-proxy-setup-2.1.25-M23.jar;C:\Users\weron\AppData\Local\Coursier\cache\v1\https\repo1.maven.org\maven2\com\outr\perfolation_2.13\1.3.0\perfolation_2.13-1.3.0.jar;C:\Users\weron\AppData\Local\Coursier\cache\v1\https\repo1.maven.org\maven2\com\lihaoyi\sourcecode_2.13\0.4.4\sourcecode_2.13-0.4.4.jar;C:\Users\weron\AppData\Local\Coursier\cache\v1\https\repo1.maven.org\maven2\com\outr\moduload_2.13\1.1.7\moduload_2.13-1.1.7.jar;C:\Users\weron\AppData\Local\Coursier\cache\v1\https\repo1.maven.org\maven2\com\lihaoyi\upickle-core_2.13\4.4.3\upickle-core_2.13-4.4.3.jar;C:\Users\weron\AppData\Local\Coursier\cache\v1\https\repo1.maven.org\maven2\org\scala-lang\scalap\2.13.15\scalap-2.13.15.jar;C:\Users\weron\AppData\Local\Coursier\cache\v1\https\repo1.maven.org\maven2\com\thesamet\scalapb\scalapb-runtime_2.13\0.11.17\scalapb-runtime_2.13-0.11.17.jar;C:\Users\weron\AppData\Local\Coursier\cache\v1\https\repo1.maven.org\maven2\com\lihaoyi\unroll-annotation_2.13\0.1.12\unroll-annotation_2.13-0.1.12.jar;C:\Users\weron\AppData\Local\Coursier\cache\v1\https\repo1.maven.org\maven2\io\modelcontextprotocol\sdk\mcp-json-jackson3\1.0.0\mcp-json-jackson3-1.0.0.jar;C:\Users\weron\AppData\Local\Coursier\cache\v1\https\repo1.maven.org\maven2\io\modelcontextprotocol\sdk\mcp-core\1.0.0\mcp-core-1.0.0.jar;C:\Users\weron\AppData\Local\Coursier\cache\v1\https\repo1.maven.org\maven2\com\networknt\json-schema-validator\3.0.0\json-schema-validator-3.0.0.jar;C:\Users\weron\AppData\Local\Coursier\cache\v1\https\repo1.maven.org\maven2\com\fasterxml\jackson\core\jackson-annotations\2.21\jackson-annotations-2.21.jar;C:\Users\weron\AppData\Local\Coursier\cache\v1\https\repo1.maven.org\maven2\com\fasterxml\jackson\core\jackson-core\2.21.1\jackson-core-2.21.1.jar;C:\Users\weron\AppData\Local\Coursier\cache\v1\https\repo1.maven.org\maven2\jakarta\servlet\jakarta.servlet-api\6.0.0\jakarta.servlet-api-6.0.0.jar;C:\Users\weron\AppData\Local\Coursier\cache\v1\https\repo1.maven.org\maven2\jakarta\annotation\jakarta.annotation-api\2.1.1\jakarta.annotation-api-2.1.1.jar;C:\Users\weron\AppData\Local\Coursier\cache\v1\https\repo1.maven.org\maven2\org\playframework\twirl\twirl-parser_2.13\2.0.9\twirl-parser_2.13-2.0.9.jar;C:\Users\weron\AppData\Local\Coursier\cache\v1\https\repo1.maven.org\maven2\org\scala-lang\modules\scala-parser-combinators_2.13\1.1.2\scala-parser-combinators_2.13-1.1.2.jar;C:\Users\weron\AppData\Local\Coursier\cache\v1\https\repo1.maven.org\maven2\com\google\protobuf\protobuf-java\4.34.0\protobuf-java-4.34.0.jar;C:\Users\weron\AppData\Local\Coursier\cache\v1\https\repo1.maven.org\maven2\at\yawk\lz4\lz4-java\1.8.1\lz4-java-1.8.1.jar;C:\Users\weron\AppData\Local\Coursier\cache\v1\https\repo1.maven.org\maven2\org\scala-lang\scala-compiler\2.13.18\scala-compiler-2.13.18.jar;C:\Users\weron\AppData\Local\Coursier\cache\v1\https\repo1.maven.org\maven2\org\scalameta\io_2.13\4.15.2\io_2.13-4.15.2.jar;C:\Users\weron\AppData\Local\Coursier\cache\v1\https\repo1.maven.org\maven2\com\lihaoyi\fansi_2.13\0.5.1\fansi_2.13-0.5.1.jar;C:\Users\weron\AppData\Local\Coursier\cache\v1\https\repo1.maven.org\maven2\org\wildfly\common\wildfly-common\1.5.4.Final\wildfly-common-1.5.4.Final.jar;C:\Users\weron\AppData\Local\Coursier\cache\v1\https\repo1.maven.org\maven2\org\wildfly\client\wildfly-client-config\1.0.1.Final\wildfly-client-config-1.0.1.Final.jar;C:\Users\weron\AppData\Local\Coursier\cache\v1\https\repo1.maven.org\maven2\tools\jackson\core\jackson-core\3.0.4\jackson-core-3.0.4.jar;C:\Users\weron\AppData\Local\Coursier\cache\v1\https\repo1.maven.org\maven2\org\eclipse\xtend\org.eclipse.xtend.lib\2.28.0\org.eclipse.xtend.lib-2.28.0.jar;C:\Users\weron\AppData\Local\Coursier\cache\v1\https\repo1.maven.org\maven2\com\google\code\gson\gson\2.13.1\gson-2.13.1.jar;C:\Users\weron\AppData\Local\Coursier\cache\v1\https\repo1.maven.org\maven2\org\apache\commons\commons-lang3\3.17.0\commons-lang3-3.17.0.jar;C:\Users\weron\AppData\Local\Coursier\cache\v1\https\repo1.maven.org\maven2\io\reactivex\rxjava2\rxjava\2.2.21\rxjava-2.2.21.jar;C:\Users\weron\AppData\Local\Coursier\cache\v1\https\repo1.maven.org\maven2\org\reactivestreams\reactive-streams\1.0.4\reactive-streams-1.0.4.jar;C:\Users\weron\AppData\Local\Coursier\cache\v1\https\repo1.maven.org\maven2\commons-io\commons-io\2.19.0\commons-io-2.19.0.jar;C:\Users\weron\AppData\Local\Coursier\cache\v1\https\repo1.maven.org\maven2\org\ow2\asm\asm-tree\9.8\asm-tree-9.8.jar;C:\Users\weron\AppData\Local\Coursier\cache\v1\https\repo1.maven.org\maven2\org\ow2\asm\asm-analysis\9.8\asm-analysis-9.8.jar;C:\Users\weron\AppData\Local\Coursier\cache\v1\https\repo1.maven.org\maven2\org\scala-sbt\test-interface\1.0\test-interface-1.0.jar;C:\Users\weron\AppData\Local\Coursier\cache\v1\https\repo1.maven.org\maven2\org\scalameta\trees_2.13\4.15.2\trees_2.13-4.15.2.jar;C:\Users\weron\AppData\Local\Coursier\cache\v1\https\repo1.maven.org\maven2\io\get-coursier\versions_2.13\0.5.1\versions_2.13-0.5.1.jar;C:\Users\weron\AppData\Local\Coursier\cache\v1\https\repo1.maven.org\maven2\io\github\alexarchambault\concurrent-reference-hash-map\1.1.0\concurrent-reference-hash-map-1.1.0.jar;C:\Users\weron\AppData\Local\Coursier\cache\v1\https\repo1.maven.org\maven2\io\get-coursier\coursier-util_2.13\2.1.25-M23\coursier-util_2.13-2.1.25-M23.jar;C:\Users\weron\AppData\Local\Coursier\cache\v1\https\repo1.maven.org\maven2\org\virtuslab\scala-cli\config_3\1.9.1\config_3-1.9.1.jar;C:\Users\weron\AppData\Local\Coursier\cache\v1\https\repo1.maven.org\maven2\io\github\alexarchambault\windows-ansi\windows-ansi\0.0.6\windows-ansi-0.0.6.jar;C:\Users\weron\AppData\Local\Coursier\cache\v1\https\repo1.maven.org\maven2\io\get-coursier\cache-util\2.1.25-M23\cache-util-2.1.25-M23.jar;C:\Users\weron\AppData\Local\Coursier\cache\v1\https\repo1.maven.org\maven2\io\get-coursier\coursier-paths\2.1.25-M23\coursier-paths-2.1.25-M23.jar;C:\Users\weron\AppData\Local\Coursier\cache\v1\https\repo1.maven.org\maven2\io\github\cquiroz\scala-java-time_2.13\2.6.0\scala-java-time_2.13-2.6.0.jar;C:\Users\weron\AppData\Local\Coursier\cache\v1\https\repo1.maven.org\maven2\io\github\cquiroz\scala-java-time-tzdb_2.13\2.6.0\scala-java-time-tzdb_2.13-2.6.0.jar;C:\Users\weron\AppData\Local\Coursier\cache\v1\https\repo1.maven.org\maven2\com\thesamet\scalapb\lenses_2.13\0.11.17\lenses_2.13-0.11.17.jar;C:\Users\weron\AppData\Local\Coursier\cache\v1\https\repo1.maven.org\maven2\io\projectreactor\reactor-core\3.7.0\reactor-core-3.7.0.jar;C:\Users\weron\AppData\Local\Coursier\cache\v1\https\repo1.maven.org\maven2\com\ethlo\time\itu\1.14.0\itu-1.14.0.jar;C:\Users\weron\AppData\Local\Coursier\cache\v1\https\repo1.maven.org\maven2\tools\jackson\dataformat\jackson-dataformat-yaml\3.0.3\jackson-dataformat-yaml-3.0.3.jar;C:\Users\weron\AppData\Local\Coursier\cache\v1\https\repo1.maven.org\maven2\io\github\java-diff-utils\java-diff-utils\4.16\java-diff-utils-4.16.jar;C:\Users\weron\AppData\Local\Coursier\cache\v1\https\repo1.maven.org\maven2\org\jline\jline\3.29.0\jline-3.29.0-jdk8.jar;C:\Users\weron\AppData\Local\Coursier\cache\v1\https\repo1.maven.org\maven2\org\eclipse\xtext\org.eclipse.xtext.xbase.lib\2.28.0\org.eclipse.xtext.xbase.lib-2.28.0.jar;C:\Users\weron\AppData\Local\Coursier\cache\v1\https\repo1.maven.org\maven2\org\eclipse\xtend\org.eclipse.xtend.lib.macro\2.28.0\org.eclipse.xtend.lib.macro-2.28.0.jar;C:\Users\weron\AppData\Local\Coursier\cache\v1\https\repo1.maven.org\maven2\org\scalameta\common_2.13\4.15.2\common_2.13-4.15.2.jar;C:\Users\weron\AppData\Local\Coursier\cache\v1\https\repo1.maven.org\maven2\org\scala-lang\scala3-library_3\3.3.6\scala3-library_3-3.3.6.jar;C:\Users\weron\AppData\Local\Coursier\cache\v1\https\repo1.maven.org\maven2\org\virtuslab\scala-cli\specification-level_3\1.9.1\specification-level_3-1.9.1.jar;C:\Users\weron\AppData\Local\Coursier\cache\v1\https\repo1.maven.org\maven2\org\fusesource\jansi\jansi\2.4.1\jansi-2.4.1.jar;C:\Users\weron\AppData\Local\Coursier\cache\v1\https\repo1.maven.org\maven2\io\github\alexarchambault\is-terminal\0.1.2\is-terminal-0.1.2.jar;C:\Users\weron\AppData\Local\Coursier\cache\v1\https\repo1.maven.org\maven2\org\portable-scala\portable-scala-reflect_2.13\1.1.3\portable-scala-reflect_2.13-1.1.3.jar;C:\Users\weron\AppData\Local\Coursier\cache\v1\https\repo1.maven.org\maven2\org\snakeyaml\snakeyaml-engine\2.10\snakeyaml-engine-2.10.jar
Launcher Type: SUN_STANDARD

[Global flags]
     intx CICompilerCount                          = 12                                        {product} {ergonomic}
     bool IgnoreUnrecognizedVMOptions              = true                                      {product} {command line}
   size_t InitialHeapSize                          = 104857600                                 {product} {command line}
   size_t MaxHeapSize                              = 2147483648                                {product} {command line}
   size_t MinHeapDeltaBytes                        = 2097152                                   {product} {ergonomic}
   size_t MinHeapSize                              = 104857600                                 {product} {command line}
    uintx NonNMethodCodeHeapSize                   = 7602176                                {pd product} {ergonomic}
    uintx NonProfiledCodeHeapSize                  = 122093568                              {pd product} {ergonomic}
    uintx ProfiledCodeHeapSize                     = 121962496                              {pd product} {ergonomic}
    uintx ReservedCodeCacheSize                    = 251658240                              {pd product} {ergonomic}
     bool SegmentedCodeCache                       = true                                      {product} {ergonomic}
   size_t SoftMaxHeapSize                          = 2147483648                             {manageable} {ergonomic}
     intx ThreadStackSize                          = 4096                                   {pd product} {command line}
     bool UseCompressedOops                        = false                          {product lp64_product} {ergonomic}
     bool UseLargePagesIndividualAllocation        = false                                  {pd product} {ergonomic}
     bool UseZGC                                   = true                                      {product} {command line}
   double ZCollectionInterval                      = 5.000000                                  {product} {command line}
   double ZCollectionIntervalMajor                 = 5.000000                                  {product} {ergonomic}
    uintx ZUncommitDelay                           = 30                                        {product} {command line}

Logging:
Log output configuration:
 #0: stdout all=warning uptime,level,tags foldmultilines=false
 #1: stderr all=off uptime,level,tags foldmultilines=false

Environment Variables:
JAVA_HOME=C:\Program Files (x86)\jdk-23_windows-x64_bin.exe
PATH=C:\Program Files\Common Files\Oracle\Java\javapath;C:\Users\weron\AppData\Local\Programs\Python\Python313\Scripts\;C:\Users\weron\AppData\Local\Programs\Python\Python313\;C:\WINDOWS\system32;C:\WINDOWS;C:\WINDOWS\System32\Wbem;C:\WINDOWS\System32\WindowsPowerShell\v1.0\;C:\WINDOWS\System32\OpenSSH\;C:\Program Files\dotnet\;C:\Program Files\PuTTY\;C:\Program Files\nodejs\;C:\ProgramData\chocolatey\bin;C:\Program Files\Git\cmd;C:\Users\weron\AppData\Local\Programs\Microsoft VS Code\Code.exe;C:\Program Files (x86)\sbt\bin;C:\Program Files (x86)\jdk-23_windows-x64_bin.exe;C:\Program Files\Go\bin;C:\Users\weron\AppData\Local\Microsoft\WindowsApps;;C:\Users\weron\PyCharm Community Edition 2024.3\bin;;C:\Users\weron\AppData\Local\Programs\Microsoft VS Code\bin;C:\Users\weron\AppData\Roaming\npm;C:\Users\weron\AppData\Local\Coursier\data\bin;C:\Users\weron\go\bin
USERNAME=weron
OS=Windows_NT
PROCESSOR_IDENTIFIER=Intel64 Family 6 Model 154 Stepping 3, GenuineIntel
TMP=C:\Users\weron\AppData\Local\Temp
TEMP=C:\Users\weron\AppData\Local\Temp




Periodic native trim disabled

---------------  S Y S T E M  ---------------

OS:
 Windows 11 , 64 bit Build 26100 (10.0.26100.8246)
OS uptime: 32 days 5:31 hours
Hyper-V role detected

CPU: total 20 (initial active 20) (10 cores per cpu, 2 threads per core) family 6 model 154 stepping 3 microcode 0x435, cx8, cmov, fxsr, ht, mmx, 3dnowpref, sse, sse2, sse3, ssse3, sse4.1, sse4.2, popcnt, lzcnt, tsc, tscinvbit, avx, avx2, aes, erms, clmul, bmi1, bmi2, adx, sha, fma, vzeroupper, clflush, clflushopt, clwb, hv, serialize, rdtscp, rdpid, fsrm, gfni, f16c, cet_ibt, cet_ss
Processor Information for processor 0
  Max Mhz: 2300, Current Mhz: 2300, Mhz Limit: 2300
Processor Information for processor 1
  Max Mhz: 2300, Current Mhz: 2300, Mhz Limit: 2300
Processor Information for processor 2
  Max Mhz: 2300, Current Mhz: 2300, Mhz Limit: 2300
Processor Information for processor 3
  Max Mhz: 2300, Current Mhz: 2300, Mhz Limit: 2300
Processor Information for processor 4
  Max Mhz: 2300, Current Mhz: 2300, Mhz Limit: 2300
Processor Information for processor 5
  Max Mhz: 2300, Current Mhz: 2300, Mhz Limit: 2300
Processor Information for processor 6
  Max Mhz: 2300, Current Mhz: 2300, Mhz Limit: 2300
Processor Information for processor 7
  Max Mhz: 2300, Current Mhz: 2300, Mhz Limit: 2300
Processor Information for processor 8
  Max Mhz: 2300, Current Mhz: 2300, Mhz Limit: 2300
Processor Information for processor 9
  Max Mhz: 2300, Current Mhz: 2300, Mhz Limit: 2300
Processor Information for processor 10
  Max Mhz: 2300, Current Mhz: 2300, Mhz Limit: 2300
Processor Information for processor 11
  Max Mhz: 2300, Current Mhz: 2300, Mhz Limit: 2300
Processor Information for processor 12
  Max Mhz: 2300, Current Mhz: 1700, Mhz Limit: 1679
Processor Information for processor 13
  Max Mhz: 2300, Current Mhz: 1700, Mhz Limit: 1679
Processor Information for processor 14
  Max Mhz: 2300, Current Mhz: 1700, Mhz Limit: 1679
Processor Information for processor 15
  Max Mhz: 2300, Current Mhz: 1700, Mhz Limit: 1679
Processor Information for processor 16
  Max Mhz: 2300, Current Mhz: 1700, Mhz Limit: 1679
Processor Information for processor 17
  Max Mhz: 2300, Current Mhz: 1700, Mhz Limit: 1679
Processor Information for processor 18
  Max Mhz: 2300, Current Mhz: 1700, Mhz Limit: 1679
Processor Information for processor 19
  Max Mhz: 2300, Current Mhz: 1700, Mhz Limit: 1679

Memory: 4k page, system-wide physical 16068M (1767M free)
TotalPageFile size 65220M (AvailPageFile size 0M)
current process WorkingSet (physical memory assigned to process): 405M, peak: 405M
current process commit charge ("private bytes"): 265M, peak: 271M

vm_info: Java HotSpot(TM) 64-Bit Server VM (23.0.2+7-58) for windows-amd64 JRE (23.0.2+7-58), built on 2024-11-29T09:34:55Z with MS VC++ 17.6 (VS2022)

END.
