version 2
JvmtiExport can_access_local_variables 0
JvmtiExport can_hotswap_or_post_breakpoint 1
JvmtiExport can_post_on_exceptions 0
# 732 ciObject found
instanceKlass jdk/internal/loader/BuiltinClassLoader
ciInstanceKlass java/lang/Cloneable 1 0 7 100 1 100 1 1 1
instanceKlass org/h2/result/ResultInterface
instanceKlass org/h2/util/ParserUtil
instanceKlass org/h2/mvstore/StreamStore
instanceKlass org/h2/mvstore/db/LobStorageMap$BlobReference
instanceKlass org/h2/mvstore/db/NullValueDataType
instanceKlass org/h2/mvstore/db/LobStorageMap$BlobMeta
instanceKlass org/h2/mvstore/db/LobStorageMap
instanceKlass org/h2/index/SingleRowCursor
instanceKlass  @bci org/h2/engine/MetaRecord <clinit> ()V 0 <appendix> argL0 ; # org/h2/engine/MetaRecord$$Lambda+0x000002028247ee98
instanceKlass org/h2/command/Prepared
instanceKlass org/h2/engine/MetaRecord
instanceKlass  @bci org/h2/mvstore/tx/TransactionMap createSnapshot ()Lorg/h2/mvstore/tx/Snapshot; 1 <appendix> argL0 ; # org/h2/mvstore/tx/TransactionMap$$Lambda+0x000002028247d998
instanceKlass org/h2/mvstore/tx/Snapshot
instanceKlass org/h2/mvstore/tx/TransactionMap$2
instanceKlass org/h2/mvstore/db/MVPrimaryIndex$MVStoreCursor
instanceKlass  @bci org/h2/mvstore/tx/TransactionMap <init> (Lorg/h2/mvstore/tx/Transaction;Lorg/h2/mvstore/MVMap;)V 41 <appendix> member <vmtarget> ; # org/h2/mvstore/tx/TransactionMap$$Lambda+0x000002028247ccb8
instanceKlass org/h2/mvstore/tx/TransactionMap$TMIterator
instanceKlass org/h2/mvstore/tx/VersionedValueType$Factory
instanceKlass org/h2/mvstore/tx/Record
instanceKlass org/h2/mvstore/tx/Transaction
instanceKlass org/h2/index/IndexType
instanceKlass org/h2/table/IndexColumn
instanceKlass org/h2/index/Cursor
instanceKlass org/h2/index/SpatialIndex
instanceKlass org/h2/expression/Expression
instanceKlass org/h2/table/ColumnResolver
instanceKlass org/h2/value/ExtTypeInfo
instanceKlass org/h2/table/Column
instanceKlass org/h2/command/ddl/CreateTableData
instanceKlass  @bci org/h2/engine/Database <init> (Lorg/h2/engine/ConnectionInfo;Ljava/lang/String;)V 1332 <appendix> argL0 ; # org/h2/engine/Database$$Lambda+0x0000020282473d88
instanceKlass org/h2/mvstore/Cursor
instanceKlass java/time/LocalDate$1
instanceKlass  @bci java/time/temporal/TemporalAdjusters nextOrSame (Ljava/time/DayOfWeek;)Ljava/time/temporal/TemporalAdjuster; 6 <appendix> member <vmtarget> ; # java/time/temporal/TemporalAdjusters$$Lambda+0x000002028236fd48
instanceKlass java/time/temporal/TemporalAdjusters
instanceKlass org/h2/util/TimeZoneProvider
instanceKlass org/h2/util/DateTimeUtils
instanceKlass org/h2/table/ColumnTemplate
instanceKlass org/h2/mvstore/MVMap$4
instanceKlass org/h2/mvstore/CursorPos
instanceKlass org/h2/mvstore/MVMap$IntValueHolder
instanceKlass org/h2/mvstore/MVMap$BasicBuilder
instanceKlass  @bci org/h2/mvstore/tx/TransactionStore <clinit> ()V 16 <appendix> argL0 ; # org/h2/mvstore/tx/TransactionStore$$Lambda+0x000002028246c230
instanceKlass  @cpi org/h2/mvstore/tx/TransactionStore 521 form vmentry <vmtarget> ; # java/lang/invoke/LambdaForm$DMH+0x0000020282469800
instanceKlass org/h2/mvstore/tx/TransactionStore
instanceKlass java/util/LinkedList$Node
instanceKlass org/h2/mvstore/RootReference
instanceKlass org/h2/mvstore/Page$PageReference
instanceKlass java/util/concurrent/atomic/AtomicLongFieldUpdater$CASUpdater$1
instanceKlass java/util/concurrent/atomic/AtomicLongFieldUpdater
instanceKlass org/h2/mvstore/Page
instanceKlass org/h2/mvstore/MVMap$DecisionMaker
instanceKlass org/h2/mvstore/DataUtils
instanceKlass org/h2/mvstore/MVStore$TxCounter
instanceKlass org/h2/mvstore/MVMap$MapBuilder
instanceKlass org/h2/mvstore/FileStore
instanceKlass org/h2/mvstore/MVStore
instanceKlass org/h2/mvstore/MVStore$Builder
instanceKlass org/h2/mvstore/db/Store
instanceKlass  @bci org/h2/mvstore/tx/TransactionStore getUndoLogName (I)Ljava/lang/String; 5 <appendix> form vmentry <vmtarget> ; # java/lang/invoke/LambdaForm$MH+0x0000020282469400
instanceKlass  @bci org/h2/mvstore/tx/TransactionStore getUndoLogName (I)Ljava/lang/String; 5 <appendix> argL3 form vmentry <vmtarget> ; # java/lang/invoke/LambdaForm$MH+0x0000020282469000
# instanceKlass java/lang/invoke/LambdaForm$MH+0x0000020282468c00
# instanceKlass java/lang/invoke/LambdaForm$MH+0x0000020282468800
instanceKlass  @bci org/h2/mvstore/tx/TransactionStore getUndoLogName (I)Ljava/lang/String; 5 <appendix> argL1 form vmentry <vmtarget> ; # java/lang/invoke/LambdaForm$MH+0x0000020282468400
# instanceKlass java/lang/invoke/LambdaForm$MH+0x0000020282468000
instanceKlass java/net/ServerSocket
instanceKlass org/h2/server/TcpServer
instanceKlass org/h2/server/Service
instanceKlass org/h2/util/Tool
instanceKlass org/h2/server/ShutdownHandler
instanceKlass  @bci java/util/Map$Entry comparingByKey ()Ljava/util/Comparator; 0 <appendix> argL0 ; # java/util/Map$Entry$$Lambda+0x000002028236d3f8
instanceKlass sun/util/resources/provider/NonBaseLocaleDataMetaInfo
instanceKlass  @bci sun/util/locale/provider/JRELocaleProviderAdapter createSupportedLocaleString (Ljava/lang/String;)Ljava/lang/String; 6 <appendix> member <vmtarget> ; # sun/util/locale/provider/JRELocaleProviderAdapter$$Lambda+0x000002028236c810
instanceKlass sun/util/locale/provider/BaseLocaleDataMetaInfo
instanceKlass  @bci sun/util/locale/provider/JRELocaleProviderAdapter getTimeZoneNameProvider ()Ljava/util/spi/TimeZoneNameProvider; 8 <appendix> member <vmtarget> ; # sun/util/locale/provider/JRELocaleProviderAdapter$$Lambda+0x000002028236c390
instanceKlass  @bci sun/util/cldr/CLDRLocaleProviderAdapter getTimeZoneNameProvider ()Ljava/util/spi/TimeZoneNameProvider; 8 <appendix> member <vmtarget> ; # sun/util/cldr/CLDRLocaleProviderAdapter$$Lambda+0x000002028236ba08
instanceKlass sun/util/locale/provider/TimeZoneNameUtility$TimeZoneNameGetter
instanceKlass sun/util/locale/provider/TimeZoneNameUtility
instanceKlass sun/nio/cs/Surrogate
instanceKlass sun/nio/cs/Surrogate$Parser
instanceKlass java/util/RegularEnumSet$EnumSetIterator
instanceKlass  @bci org/h2/util/MathUtils getSecureRandom ()Ljava/security/SecureRandom; 18 <appendix> argL0 ; # org/h2/util/MathUtils$$Lambda+0x0000020282463518
instanceKlass  @bci java/util/stream/Collectors joining (Ljava/lang/CharSequence;Ljava/lang/CharSequence;Ljava/lang/CharSequence;)Ljava/util/stream/Collector; 22 <appendix> argL0 ; # java/util/stream/Collectors$$Lambda+0x800000047
instanceKlass  @bci java/util/stream/Collectors joining (Ljava/lang/CharSequence;Ljava/lang/CharSequence;Ljava/lang/CharSequence;)Ljava/util/stream/Collector; 17 <appendix> argL0 ; # java/util/stream/Collectors$$Lambda+0x800000045
instanceKlass  @bci java/util/stream/Collectors joining (Ljava/lang/CharSequence;Ljava/lang/CharSequence;Ljava/lang/CharSequence;)Ljava/util/stream/Collector; 12 <appendix> argL0 ; # java/util/stream/Collectors$$Lambda+0x800000042
instanceKlass  @bci java/util/stream/Collectors joining (Ljava/lang/CharSequence;Ljava/lang/CharSequence;Ljava/lang/CharSequence;)Ljava/util/stream/Collector; 7 <appendix> member <vmtarget> ; # java/util/stream/Collectors$$Lambda+0x80000004a
instanceKlass  @bci java/lang/Class methodToString (Ljava/lang/String;[Ljava/lang/Class;)Ljava/lang/String; 42 <appendix> argL0 ; # java/lang/Class$$Lambda+0x000002028236aec0
instanceKlass org/h2/store/FileLock$1
instanceKlass sun/net/util/SocketExceptions
instanceKlass sun/net/NetHooks
instanceKlass sun/net/spi/DefaultProxySelector$3
instanceKlass sun/net/spi/DefaultProxySelector$NonProxyInfo
instanceKlass sun/net/NetProperties$1
instanceKlass sun/net/NetProperties
instanceKlass sun/net/spi/DefaultProxySelector$1
instanceKlass java/net/Proxy
instanceKlass java/net/ProxySelector
instanceKlass java/net/SocksSocketImpl$3
instanceKlass java/net/InetSocketAddress$InetSocketAddressHolder
instanceKlass  @bci sun/nio/ch/NioSocketImpl closerFor (Ljava/io/FileDescriptor;Z)Ljava/lang/Runnable; 5 <appendix> member <vmtarget> ; # sun/nio/ch/NioSocketImpl$$Lambda+0x0000020282368398
instanceKlass jdk/net/ExtendedSocketOptions$2
instanceKlass jdk/net/ExtendedSocketOptions$PlatformSocketOptions
instanceKlass jdk/net/ExtendedSocketOptions$ExtSocketOption
instanceKlass java/net/SocketOption
instanceKlass jdk/net/ExtendedSocketOptions
instanceKlass sun/net/ext/ExtendedSocketOptions
instanceKlass sun/nio/ch/Net$1
instanceKlass java/net/ProtocolFamily
instanceKlass sun/nio/ch/Net
instanceKlass java/net/SocksConsts
instanceKlass sun/net/PlatformSocketImpl
instanceKlass java/net/SocketImpl
instanceKlass java/net/SocketOptions
instanceKlass java/net/Socket
instanceKlass java/util/concurrent/atomic/Striped64$1
instanceKlass java/net/InetAddress$CachedLookup
instanceKlass sun/net/InetAddressCachePolicy$1
instanceKlass sun/net/InetAddressCachePolicy
instanceKlass  @bci java/net/InetAddress getAddressesFromNameService (Ljava/lang/String;)[Ljava/net/InetAddress; 94 <appendix> argL0 ; # java/net/InetAddress$$Lambda+0x0000020282363f80
instanceKlass  @bci java/net/InetAddress loadResolver ()Ljava/net/spi/InetAddressResolver; 8 <appendix> argL0 ; # java/net/InetAddress$$Lambda+0x0000020282363d40
instanceKlass java/net/spi/InetAddressResolverProvider
instanceKlass java/net/InetAddress$NameServiceAddresses
instanceKlass java/net/InetAddress$Addresses
instanceKlass java/util/concurrent/ConcurrentSkipListMap$Iter
instanceKlass org/h2/util/NetUtils
instanceKlass  @bci java/util/regex/Pattern union (Ljava/util/regex/Pattern$CharPredicate;Ljava/util/regex/Pattern$CharPredicate;Z)Ljava/util/regex/Pattern$CharPredicate; 6 <appendix> member <vmtarget> ; # java/util/regex/Pattern$$Lambda+0x800000039
instanceKlass org/h2/store/FileLock
instanceKlass org/h2/message/Trace
instanceKlass org/h2/message/TraceSystem
instanceKlass org/h2/message/TraceWriter
instanceKlass org/h2/mvstore/db/ValueDataType$Factory
instanceKlass org/h2/value/lob/LobData
instanceKlass org/h2/mvstore/db/RowDataType$Factory
instanceKlass org/h2/mvstore/type/StatefulDataType$Factory
instanceKlass org/h2/mvstore/type/BasicDataType
instanceKlass org/h2/mvstore/type/DataType
instanceKlass org/h2/mvstore/type/StatefulDataType
instanceKlass org/h2/result/RowFactory$Holder
instanceKlass org/h2/result/RowFactory
instanceKlass org/h2/util/TempFileDeleter
instanceKlass org/h2/api/IntervalQualifier$1
instanceKlass org/h2/value/DataType
instanceKlass org/h2/engine/Mode
instanceKlass org/h2/engine/DbObject
instanceKlass org/h2/engine/Database
instanceKlass java/nio/file/FileStore
instanceKlass sun/nio/fs/WindowsSecurity
instanceKlass sun/nio/fs/AbstractAclFileAttributeView
instanceKlass java/nio/file/attribute/AclFileAttributeView
instanceKlass java/nio/file/attribute/FileOwnerAttributeView
instanceKlass sun/nio/fs/WindowsFileSystemProvider$1
instanceKlass  @bci org/h2/engine/Engine openSession (Lorg/h2/engine/ConnectionInfo;ZZLjava/lang/String;)Lorg/h2/engine/SessionLocal; 48 <appendix> argL0 ; # org/h2/engine/Engine$$Lambda+0x0000020282452430
instanceKlass org/h2/engine/Engine$DatabaseHolder
instanceKlass org/h2/compress/CompressLZF
instanceKlass org/h2/compress/Compressor
instanceKlass org/h2/store/fs/mem/FileMemData
instanceKlass org/h2/store/fs/FilePath
instanceKlass org/h2/store/fs/FileUtils
instanceKlass org/h2/engine/Engine
instanceKlass java/text/Collator
instanceKlass org/h2/value/CompareMode
instanceKlass org/h2/jdbc/meta/DatabaseMeta
instanceKlass org/h2/store/LobStorageInterface
instanceKlass org/h2/command/CommandInterface
instanceKlass org/h2/mvstore/tx/TransactionStore$RollbackListener
instanceKlass org/h2/engine/Session
instanceKlass org/h2/store/DataHandler
instanceKlass org/h2/security/SHA256
instanceKlass org/h2/engine/SettingsBase
instanceKlass org/h2/util/MathUtils
instanceKlass org/h2/engine/SysProperties
instanceKlass org/h2/command/dml/SetTypes
instanceKlass org/h2/engine/ConnectionInfo
instanceKlass org/h2/util/StringUtils
instanceKlass org/h2/util/IOUtils
instanceKlass org/h2/util/Utils
instanceKlass java/sql/Savepoint
instanceKlass java/sql/Array
instanceKlass java/sql/SQLXML
instanceKlass java/sql/NClob
instanceKlass java/sql/DatabaseMetaData
instanceKlass java/sql/CallableStatement
instanceKlass java/sql/PreparedStatement
instanceKlass java/sql/Statement
instanceKlass java/sql/Blob
instanceKlass java/sql/Clob
instanceKlass org/h2/value/VersionedValue
instanceKlass org/h2/value/Typed
instanceKlass org/h2/util/HasSQL
instanceKlass org/h2/message/TraceObject
instanceKlass org/h2/engine/CastDataProvider
instanceKlass java/sql/DriverInfo
instanceKlass org/h2/Driver
instanceKlass java/sql/Driver
instanceKlass java/sql/DriverManager$2
instanceKlass java/sql/DriverManager$1
instanceKlass java/sql/DriverManager
instanceKlass scala/meta/internal/metals/Tables$ConnectionState$InProgress$
instanceKlass scala/meta/internal/metals/JdbcEnrichments$
instanceKlass  @bci scala/meta/internal/metals/BuildTargets inverseSources (Lscala/meta/io/AbsolutePath;)Lscala/Option; 40 <appendix> member <vmtarget> ; # scala/meta/internal/metals/BuildTargets$$Lambda+0x000002028243dfc0
instanceKlass  @bci scala/meta/internal/metals/BuildTargets sbtBuildScalaTarget (Lscala/meta/io/AbsolutePath;)Lscala/Option; 67 <appendix> argL0 ; # scala/meta/internal/metals/BuildTargets$$Lambda+0x000002028243dbf8
instanceKlass  @bci scala/meta/internal/metals/BuildTargets sbtBuildScalaTarget (Lscala/meta/io/AbsolutePath;)Lscala/Option; 57 <appendix> member <vmtarget> ; # scala/meta/internal/metals/BuildTargets$$Lambda+0x000002028243ce68
instanceKlass  @bci scala/meta/internal/metals/BuildTargets sbtBuildScalaTarget (Lscala/meta/io/AbsolutePath;)Lscala/Option; 47 <appendix> argL0 ; # scala/meta/internal/metals/BuildTargets$$Lambda+0x000002028243caa0
instanceKlass scala/meta/internal/mtags/CommonMtagsEnrichments$XtensionNIOPath
instanceKlass  @bci scala/meta/internal/metals/BuildTargets inverseSources (Lscala/meta/io/AbsolutePath;)Lscala/Option; 9 <appendix> member <vmtarget> ; # scala/meta/internal/metals/BuildTargets$$Lambda+0x000002028243c590
instanceKlass  @bci scala/meta/internal/metals/TargetData sourceBuildTargets (Lscala/meta/io/AbsolutePath;)Lscala/Option; 47 <appendix> argL0 ; # scala/meta/internal/metals/TargetData$$Lambda+0x000002028243c1c8
instanceKlass  @bci scala/collection/IterableOnceOps maxByOption (Lscala/Function1;Lscala/math/Ordering;)Lscala/Option; 51 <appendix> argL0 ; # scala/collection/IterableOnceOps$$Lambda+0x000002028243bc20
instanceKlass  @bci scala/collection/IterableOnceOps maxByOption (Lscala/Function1;Lscala/math/Ordering;)Lscala/Option; 43 <appendix> member <vmtarget> ; # scala/collection/IterableOnceOps$$Lambda+0x000002028243b670
instanceKlass  @bci scala/meta/internal/metals/TargetData sourceBuildTargets (Lscala/meta/io/AbsolutePath;)Lscala/Option; 34 <appendix> argL0 ; # scala/meta/internal/metals/TargetData$$Lambda+0x000002028243aca0
instanceKlass scala/collection/concurrent/TrieMapIterator$
instanceKlass scala/collection/concurrent/RDCSS_Descriptor
instanceKlass  @bci scala/meta/internal/metals/BuildTargets$DataSeq fromOptions (Lscala/Function1;)Lscala/Option; 10 <appendix> argL0 ; # scala/meta/internal/metals/BuildTargets$DataSeq$$Lambda+0x0000020282438a60
instanceKlass  @bci scala/meta/internal/metals/BuildTargets$DataSeq fromOptions (Lscala/Function1;)Lscala/Option; 2 <appendix> member <vmtarget> ; # scala/meta/internal/metals/BuildTargets$DataSeq$$Lambda+0x0000020282438690
instanceKlass  @bci scala/meta/internal/metals/BuildTargets sourceBuildTargets (Lscala/meta/io/AbsolutePath;)Lscala/Option; 5 <appendix> member <vmtarget> ; # scala/meta/internal/metals/BuildTargets$$Lambda+0x00000202824382c0
instanceKlass  @bci scala/meta/internal/metals/WorkspaceLspService getServiceFor (Lscala/meta/io/AbsolutePath;)Lscala/meta/internal/metals/MetalsLspService; 6 <appendix> member <vmtarget> ; # scala/meta/internal/metals/WorkspaceLspService$$Lambda+0x0000020282438000
instanceKlass  @bci scala/meta/internal/metals/WorkspaceLspService getServiceForOpt (Lscala/meta/io/AbsolutePath;)Lscala/Option; 11 <appendix> member <vmtarget> ; # scala/meta/internal/metals/WorkspaceLspService$$Lambda+0x0000020282434400
instanceKlass  @bci scala/meta/internal/metals/WorkspaceLspService getFolderForOpt (Lscala/meta/io/AbsolutePath;Lscala/collection/immutable/List;)Lscala/Option; 29 <appendix> argL0 ; # scala/meta/internal/metals/WorkspaceLspService$$Lambda+0x0000020282434bc8
instanceKlass  @bci scala/meta/internal/metals/WorkspaceLspService getFolderForOpt (Lscala/meta/io/AbsolutePath;Lscala/collection/immutable/List;)Lscala/Option; 10 <appendix> argL0 ; # scala/meta/internal/metals/WorkspaceLspService$$Lambda+0x0000020282434800
instanceKlass  @bci scala/meta/internal/metals/WorkspaceLspService getFolderForOpt (Lscala/meta/io/AbsolutePath;Lscala/collection/immutable/List;)Lscala/Option; 2 <appendix> member <vmtarget> ; # scala/meta/internal/metals/WorkspaceLspService$$Lambda+0x00000202824359f0
instanceKlass  @bci scala/meta/internal/metals/WorkspaceLspService setFocusedDocument (Lscala/Option;)V 11 <appendix> member <vmtarget> ; # scala/meta/internal/metals/WorkspaceLspService$$Lambda+0x0000020282435620
instanceKlass  @bci scala/meta/internal/metals/WorkspaceLspService didOpen (Lorg/eclipse/lsp4j/DidOpenTextDocumentParams;)Ljava/util/concurrent/CompletableFuture; 11 <appendix> member <vmtarget> ; # scala/meta/internal/metals/WorkspaceLspService$$Lambda+0x0000020282435250
instanceKlass org/eclipse/lsp4j/TextDocumentItem
instanceKlass  @bci scala/meta/internal/metals/WorkspaceLspService initialized ()Lscala/concurrent/Future; 44 <appendix> member <vmtarget> ; # scala/meta/internal/metals/WorkspaceLspService$$Lambda+0x00000202824376a8
instanceKlass  @bci scala/meta/internal/metals/UserConfigurationSync initSyncUserConfiguration (Lscala/collection/immutable/List;)Lscala/concurrent/Future; 10 <appendix> argL0 ; # scala/meta/internal/metals/UserConfigurationSync$$Lambda+0x00000202824373f0
instanceKlass  @bci scala/meta/internal/metals/UserConfigurationSync $anonfun$optSyncUserConfiguration$1 (Lscala/meta/internal/metals/UserConfigurationSync;Lscala/collection/immutable/List;Lscala/Function1;)Lscala/concurrent/Future; 53 <appendix> member <vmtarget> ; # scala/meta/internal/metals/UserConfigurationSync$$Lambda+0x0000020282437020
instanceKlass scala/meta/internal/metals/MetalsEnrichments$XtensionJavaFuture
instanceKlass org/eclipse/lsp4j/jsonrpc/RemoteEndpoint$PendingRequestInfo
instanceKlass  @bci org/eclipse/lsp4j/jsonrpc/RemoteEndpoint request (Ljava/lang/String;Ljava/lang/Object;)Lorg/eclipse/lsp4j/jsonrpc/JsonRpcRequestFuture; 13 <appendix> member <vmtarget> ; # org/eclipse/lsp4j/jsonrpc/RemoteEndpoint$$Lambda+0x00000202824369d0
instanceKlass  @bci scala/meta/internal/metals/UserConfigurationSync $anonfun$optSyncUserConfiguration$1 (Lscala/meta/internal/metals/UserConfigurationSync;Lscala/collection/immutable/List;Lscala/Function1;)Lscala/concurrent/Future; 2 <appendix> member <vmtarget> ; # scala/meta/internal/metals/UserConfigurationSync$$Lambda+0x0000020282436600
instanceKlass  @bci scala/meta/internal/metals/WorkDoneProgress updateTimers ()V 17 <appendix> member <vmtarget> ; # scala/meta/internal/metals/WorkDoneProgress$$Lambda+0x0000020282436230
instanceKlass org/eclipse/lsp4j/ConfigurationItem
instanceKlass  @bci scala/meta/internal/metals/StatusBar garbageCollect ()V 4 <appendix> argL0 ; # scala/meta/internal/metals/StatusBar$$Lambda+0x0000020282433c10
instanceKlass  @bci scala/meta/internal/metals/UserConfigurationSync optSyncUserConfiguration (Lscala/collection/immutable/List;Lscala/Function1;)Lscala/Option; 10 <appendix> member <vmtarget> ; # scala/meta/internal/metals/UserConfigurationSync$$Lambda+0x0000020282433950
instanceKlass scala/meta/internal/metals/StatusBar$Message
instanceKlass  @bci scala/meta/internal/metals/UserConfigurationSync initSyncUserConfiguration (Lscala/collection/immutable/List;)Lscala/concurrent/Future; 2 <appendix> argL0 ; # scala/meta/internal/metals/UserConfigurationSync$$Lambda+0x0000020282433280
instanceKlass  @bci scala/meta/internal/metals/WorkDoneProgress start (Ljava/util/concurrent/ScheduledExecutorService;JJLjava/util/concurrent/TimeUnit;)V 7 <appendix> member <vmtarget> ; # scala/meta/internal/metals/WorkDoneProgress$$Lambda+0x0000020282433058
instanceKlass  @bci scala/meta/internal/metals/StatusBar start (Ljava/util/concurrent/ScheduledExecutorService;JJLjava/util/concurrent/TimeUnit;)V 7 <appendix> member <vmtarget> ; # scala/meta/internal/metals/StatusBar$$Lambda+0x0000020282432e30
instanceKlass  @bci scala/meta/internal/metals/MemoryMonitor start ()V 42 <appendix> argL0 ; # scala/meta/internal/metals/MemoryMonitor$$Lambda+0x0000020282432b78
instanceKlass  @bci scala/meta/internal/metals/MemoryMonitor start ()V 5 <appendix> member <vmtarget> ; # scala/meta/internal/metals/MemoryMonitor$$Lambda+0x0000020282432950
instanceKlass  @bci java/util/stream/Collectors toList ()Ljava/util/stream/Collector; 14 <appendix> argL0 ; # java/util/stream/Collectors$$Lambda+0x000002028235e788
instanceKlass  @bci java/util/stream/Collectors toList ()Ljava/util/stream/Collector; 9 <appendix> argL0 ; # java/util/stream/Collectors$$Lambda+0x000002028235e558
instanceKlass  @bci java/util/stream/Collectors toList ()Ljava/util/stream/Collector; 4 <appendix> argL0 ; # java/util/stream/Collectors$$Lambda+0x000002028235e338
instanceKlass  @bci sun/management/spi/PlatformMBeanProvider$PlatformComponent getMBeans (Ljava/lang/Class;)Ljava/util/List; 63 <appendix> member <vmtarget> ; # sun/management/spi/PlatformMBeanProvider$PlatformComponent$$Lambda+0x000002028235e0f0
instanceKlass  @bci sun/management/spi/PlatformMBeanProvider$PlatformComponent getMBeans (Ljava/lang/Class;)Ljava/util/List; 47 <appendix> member <vmtarget> ; # sun/management/spi/PlatformMBeanProvider$PlatformComponent$$Lambda+0x000002028235de98
instanceKlass java/util/Collections$2
instanceKlass java/util/stream/ReduceOps$2ReducingSink
instanceKlass  @bci java/lang/management/ManagementFactory$PlatformMBeanFinder findSingleton (Ljava/lang/Class;)Lsun/management/spi/PlatformMBeanProvider$PlatformComponent; 30 <appendix> member <vmtarget> ; # java/lang/management/ManagementFactory$PlatformMBeanFinder$$Lambda+0x000002028235d0f0
instanceKlass  @bci java/lang/management/ManagementFactory$PlatformMBeanFinder findSingleton (Ljava/lang/Class;)Lsun/management/spi/PlatformMBeanProvider$PlatformComponent; 19 <appendix> member <vmtarget> ; # java/lang/management/ManagementFactory$PlatformMBeanFinder$$Lambda+0x000002028235ce98
instanceKlass jdk/management/jfr/internal/FlightRecorderMXBeanProvider$SingleMBeanComponent
instanceKlass jdk/management/jfr/FlightRecorderMXBean
instanceKlass java/lang/management/DefaultPlatformMBeanProvider$11
instanceKlass java/lang/management/DefaultPlatformMBeanProvider$10
instanceKlass java/lang/management/DefaultPlatformMBeanProvider$9
instanceKlass sun/management/ManagementFactoryHelper$LoggingMXBeanAccess$1
instanceKlass sun/management/ManagementFactoryHelper$LoggingMXBeanAccess
instanceKlass java/lang/management/DefaultPlatformMBeanProvider$8
instanceKlass java/lang/management/DefaultPlatformMBeanProvider$7
instanceKlass java/lang/management/DefaultPlatformMBeanProvider$6
instanceKlass java/lang/management/DefaultPlatformMBeanProvider$5
instanceKlass java/lang/management/DefaultPlatformMBeanProvider$4
instanceKlass java/lang/management/DefaultPlatformMBeanProvider$3
instanceKlass java/lang/management/DefaultPlatformMBeanProvider$2
instanceKlass java/lang/management/DefaultPlatformMBeanProvider$1
instanceKlass com/sun/management/internal/PlatformMBeanProviderImpl$5
instanceKlass sun/management/VMManagementImpl
instanceKlass sun/management/VMManagement
instanceKlass sun/management/ManagementFactoryHelper
instanceKlass sun/management/NotificationEmitterSupport
instanceKlass javax/management/NotificationEmitter
instanceKlass javax/management/NotificationBroadcaster
instanceKlass com/sun/management/DiagnosticCommandMBean
instanceKlass javax/management/DynamicMBean
instanceKlass com/sun/management/internal/PlatformMBeanProviderImpl$4
instanceKlass com/sun/management/internal/PlatformMBeanProviderImpl$3
instanceKlass com/sun/management/internal/PlatformMBeanProviderImpl$2
instanceKlass  @bci java/util/stream/Collectors toSet ()Ljava/util/stream/Collector; 14 <appendix> argL0 ; # java/util/stream/Collectors$$Lambda+0x800000044
instanceKlass  @bci java/util/stream/Collectors toSet ()Ljava/util/stream/Collector; 9 <appendix> argL0 ; # java/util/stream/Collectors$$Lambda+0x80000003f
instanceKlass  @bci java/util/stream/Collectors toSet ()Ljava/util/stream/Collector; 4 <appendix> argL0 ; # java/util/stream/Collectors$$Lambda+0x800000049
instanceKlass com/sun/management/internal/PlatformMBeanProviderImpl$1
instanceKlass sun/management/spi/PlatformMBeanProvider$PlatformComponent
instanceKlass  @bci com/sun/management/internal/PlatformMBeanProviderImpl <clinit> ()V 8 <appendix> argL0 ; # com/sun/management/internal/PlatformMBeanProviderImpl$$Lambda+0x0000020282357f98
instanceKlass sun/management/spi/PlatformMBeanProvider
instanceKlass java/io/FilePermission$1
instanceKlass jdk/internal/access/JavaIOFilePermissionAccess
instanceKlass java/lang/management/ManagementFactory$PlatformMBeanFinder$1
instanceKlass java/lang/management/ManagementFactory$PlatformMBeanFinder
instanceKlass java/lang/management/MemoryMXBean
instanceKlass java/lang/management/PlatformManagedObject
instanceKlass  @bci java/lang/management/ManagementFactory loadNativeLib ()V 0 <appendix> argL0 ; # java/lang/management/ManagementFactory$$Lambda+0x0000020282356ad0
instanceKlass java/lang/management/ManagementFactory
instanceKlass org/eclipse/lsp4j/DiagnosticServerCapabilities
instanceKlass org/eclipse/lsp4j/SemanticTokensServerFull
# instanceKlass java/lang/invoke/LambdaForm$MH+0x0000020282434000
instanceKlass org/eclipse/lsp4j/FileOperationPatternOptions
instanceKlass org/eclipse/lsp4j/TextDocumentContentRegistrationOptions
instanceKlass org/eclipse/lsp4j/Command
instanceKlass org/eclipse/lsp4j/CodeActionKindDocumentation
instanceKlass org/eclipse/lsp4j/DocumentFilter
instanceKlass org/eclipse/lsp4j/CompletionItemOptions
instanceKlass org/eclipse/lsp4j/NotebookSelectorCell
instanceKlass org/eclipse/lsp4j/RelativePattern
instanceKlass org/eclipse/lsp4j/NotebookDocumentFilter
instanceKlass org/eclipse/lsp4j/NotebookSelector
instanceKlass org/eclipse/lsp4j/TextDocumentServerCapabilities
instanceKlass org/eclipse/lsp4j/NotebookDocumentSyncRegistrationOptions
instanceKlass java/util/concurrent/ForkJoinPool$DefaultForkJoinWorkerThreadFactory$1
instanceKlass org/eclipse/lsp4j/ServerInfo
instanceKlass  @bci com/google/gson/internal/ConstructorConstructor newUnsafeAllocator (Ljava/lang/Class;)Lcom/google/gson/internal/ObjectConstructor; 8 <appendix> member <vmtarget> ; # com/google/gson/internal/ConstructorConstructor$$Lambda+0x000002028242d268
instanceKlass scala/meta/internal/metals/MetalsExperimental
instanceKlass org/eclipse/lsp4j/WorkspaceServerCapabilities
instanceKlass org/eclipse/lsp4j/WorkspaceFoldersOptions
instanceKlass org/eclipse/lsp4j/FileOperationsServerCapabilities
instanceKlass org/eclipse/lsp4j/FileOperationFilter
instanceKlass org/eclipse/lsp4j/FileOperationOptions
instanceKlass org/eclipse/lsp4j/FileOperationPattern
instanceKlass org/eclipse/lsp4j/SaveOptions
instanceKlass org/eclipse/lsp4j/TextDocumentSyncOptions
instanceKlass  @bci scala/meta/internal/metals/MetalsEnrichments$XtensionClientCapabilities $anonfun$supportsCodeActionLiterals$3 (Lorg/eclipse/lsp4j/CodeActionCapabilities;)Lscala/Option; 10 <appendix> argL0 ; # scala/meta/internal/metals/MetalsEnrichments$XtensionClientCapabilities$$Lambda+0x000002028242af50
instanceKlass  @bci scala/meta/internal/metals/MetalsEnrichments$XtensionClientCapabilities $anonfun$supportsCodeActionLiterals$2 (Lorg/eclipse/lsp4j/TextDocumentClientCapabilities;)Lscala/Option; 10 <appendix> argL0 ; # scala/meta/internal/metals/MetalsEnrichments$XtensionClientCapabilities$$Lambda+0x000002028242ab88
instanceKlass  @bci scala/meta/internal/metals/MetalsEnrichments$XtensionClientCapabilities $anonfun$supportsCodeActionLiterals$1 (Lorg/eclipse/lsp4j/ClientCapabilities;)Lscala/Option; 10 <appendix> argL0 ; # scala/meta/internal/metals/MetalsEnrichments$XtensionClientCapabilities$$Lambda+0x000002028242a7c0
instanceKlass  @bci scala/meta/internal/metals/MetalsEnrichments$XtensionClientCapabilities supportsCodeActionLiterals ()Z 13 <appendix> argL0 ; # scala/meta/internal/metals/MetalsEnrichments$XtensionClientCapabilities$$Lambda+0x000002028242a3f8
instanceKlass  @bci scala/meta/internal/metals/ClientConfiguration isCompletionItemResolve ()Z 11 <appendix> member <vmtarget> ; # scala/meta/internal/metals/ClientConfiguration$$Lambda+0x0000020282429ea8
instanceKlass org/eclipse/lsp4j/DocumentOnTypeFormattingOptions
instanceKlass  @bci scala/meta/internal/pc/SemanticTokens$ <clinit> ()V 671 <appendix> argL0 ; # scala/meta/internal/pc/SemanticTokens$$$Lambda+0x0000020282428f00
instanceKlass scala/runtime/java8/JFunction1$mcII$sp
instanceKlass  @bci scala/collection/SeqOps indexOf (Ljava/lang/Object;I)I 2 <appendix> member <vmtarget> ; # scala/collection/SeqOps$$Lambda+0x0000020282428930
instanceKlass scala/meta/internal/pc/SemanticTokens$
instanceKlass org/eclipse/lsp4j/SemanticTokensLegend
instanceKlass  @bci org/eclipse/lsp4j/jsonrpc/RemoteEndpoint handleRequest (Lorg/eclipse/lsp4j/jsonrpc/messages/RequestMessage;)V 158 <appendix> member <vmtarget> ; # org/eclipse/lsp4j/jsonrpc/RemoteEndpoint$$Lambda+0x00000202824282b0
instanceKlass org/eclipse/lsp4j/TextDocumentRegistrationOptions
instanceKlass  @bci org/eclipse/lsp4j/jsonrpc/RemoteEndpoint handleRequest (Lorg/eclipse/lsp4j/jsonrpc/messages/RequestMessage;)V 148 <appendix> member <vmtarget> ; # org/eclipse/lsp4j/jsonrpc/RemoteEndpoint$$Lambda+0x0000020282423a38
instanceKlass  @bci org/eclipse/lsp4j/jsonrpc/RemoteEndpoint handleRequest (Lorg/eclipse/lsp4j/jsonrpc/messages/RequestMessage;)V 137 <appendix> member <vmtarget> ; # org/eclipse/lsp4j/jsonrpc/RemoteEndpoint$$Lambda+0x0000020282423800
instanceKlass scala/concurrent/java8/FuturesConvertersImplCompat$
instanceKlass java/util/concurrent/CompletableFuture$AsynchronousCompletionTask
instanceKlass scala/collection/convert/AsJavaExtensions$SeqHasAsJava
instanceKlass java/util/concurrent/CompletableFuture$AltResult
instanceKlass  @bci scala/meta/internal/metals/WorkspaceLspService currentOrHeadOrFallback ()Lscala/meta/internal/metals/MetalsLspService; 14 <appendix> member <vmtarget> ; # scala/meta/internal/metals/WorkspaceLspService$$Lambda+0x0000020282426808
instanceKlass  @bci scala/meta/internal/metals/WorkspaceLspService currentOrHeadOrFallback ()Lscala/meta/internal/metals/MetalsLspService; 5 <appendix> member <vmtarget> ; # scala/meta/internal/metals/WorkspaceLspService$$Lambda+0x00000202824254c0
instanceKlass scala/compat/java8/FutureConverters$
instanceKlass  @bci scala/meta/internal/metals/WorkspaceLspService currentFolder ()Lscala/Option; 11 <appendix> member <vmtarget> ; # scala/meta/internal/metals/WorkspaceLspService$$Lambda+0x0000020282424ee8
instanceKlass org/eclipse/lsp4j/AbstractWorkDoneProgressOptions
instanceKlass org/eclipse/lsp4j/WorkDoneProgressOptions
instanceKlass scala/meta/internal/metals/MetalsEnrichments$XtensionScalaFuture
instanceKlass org/eclipse/lsp4j/ServerCapabilities
instanceKlass  @bci scala/meta/internal/metals/TimerProvider timed (Ljava/lang/String;ZLscala/Function0;)Lscala/concurrent/Future; 7 <appendix> argL0 ; # scala/meta/internal/metals/TimerProvider$$Lambda+0x000002028241faa0
instanceKlass  @bci scala/meta/internal/metals/TimerProvider withTimer (Ljava/lang/String;ZLscala/Function0;)Lscala/concurrent/Future; 30 <adapter> ; # java/lang/invoke/LambdaForm$MH+0x0000020282423000
instanceKlass  @bci scala/meta/internal/metals/TimerProvider withTimer (Ljava/lang/String;ZLscala/Function0;)Lscala/concurrent/Future; 30 <appendix> form vmentry <vmtarget> ; # java/lang/invoke/LambdaForm$DMH+0x0000020282422c00
instanceKlass  @bci scala/meta/internal/metals/TimerProvider withTimer (Ljava/lang/String;ZLscala/Function0;)Lscala/concurrent/Future; 30 <appendix> member <vmtarget> ; # scala/meta/internal/metals/TimerProvider$$Lambda+0x000002028241f6d0
instanceKlass  @bci scala/meta/internal/metals/WorkspaceLspService $anonfun$initialize$1 (Lscala/meta/internal/metals/WorkspaceLspService;)Lscala/concurrent/Future; 4 <appendix> member <vmtarget> ; # scala/meta/internal/metals/WorkspaceLspService$$Lambda+0x000002028241f410
instanceKlass scala/meta/internal/metals/Timer
instanceKlass  @bci scala/meta/internal/metals/WorkspaceLspService initialize ()Ljava/util/concurrent/CompletableFuture; 18 <appendix> member <vmtarget> ; # scala/meta/internal/metals/WorkspaceLspService$$Lambda+0x000002028241ef08
instanceKlass scala/meta/metals/ServerState$Initialized
instanceKlass  @bci scala/meta/metals/MetalsLanguageServer $anonfun$initialize$11 (Lscala/collection/immutable/List;Ljava/lang/String;)Ljava/lang/String; 14 <appendix> form vmentry <vmtarget> ; # java/lang/invoke/LambdaForm$MH+0x0000020282422800
# instanceKlass java/lang/invoke/LambdaForm$MH+0x0000020282422400
instanceKlass  @bci scala/meta/metals/MetalsLanguageServer $anonfun$initialize$11 (Lscala/collection/immutable/List;Ljava/lang/String;)Ljava/lang/String; 14 <appendix> argL3 form vmentry <vmtarget> ; # java/lang/invoke/LambdaForm$MH+0x0000020282422000
# instanceKlass java/lang/invoke/LambdaForm$MH+0x0000020282421c00
# instanceKlass java/lang/invoke/LambdaForm$MH+0x0000020282421800
# instanceKlass java/lang/invoke/LambdaForm$MH+0x0000020282421400
# instanceKlass java/lang/invoke/LambdaForm$MH+0x0000020282421000
instanceKlass  @bci scala/meta/metals/MetalsLanguageServer $anonfun$initialize$11 (Lscala/collection/immutable/List;Ljava/lang/String;)Ljava/lang/String; 14 <appendix> argL1 form vmentry <vmtarget> ; # java/lang/invoke/LambdaForm$MH+0x0000020282420c00
# instanceKlass java/lang/invoke/LambdaForm$MH+0x0000020282420800
# instanceKlass java/lang/invoke/LambdaForm$MH+0x0000020282420400
# instanceKlass java/lang/invoke/LambdaForm$MH+0x0000020282420000
instanceKlass  @bci scala/meta/metals/MetalsLanguageServer initialize (Lorg/eclipse/lsp4j/InitializeParams;)Ljava/util/concurrent/CompletableFuture; 343 <appendix> member <vmtarget> ; # scala/meta/metals/MetalsLanguageServer$$Lambda+0x000002028241e9d0
instanceKlass  @bci scala/meta/metals/MetalsLanguageServer $anonfun$initialize$9 (Lorg/eclipse/lsp4j/ClientInfo;)Ljava/lang/String; 14 <appendix> argL0 ; # scala/meta/metals/MetalsLanguageServer$$Lambda+0x000002028241e718
instanceKlass  @bci scala/meta/metals/MetalsLanguageServer initialize (Lorg/eclipse/lsp4j/InitializeParams;)Ljava/util/concurrent/CompletableFuture; 323 <appendix> argL0 ; # scala/meta/metals/MetalsLanguageServer$$Lambda+0x000002028241e350
instanceKlass  @bci scala/meta/metals/MetalsLanguageServer initialize (Lorg/eclipse/lsp4j/InitializeParams;)Ljava/util/concurrent/CompletableFuture; 318 <appendix> argL0 ; # scala/meta/metals/MetalsLanguageServer$$Lambda+0x000002028241e098
instanceKlass com/google/gson/internal/Streams
instanceKlass  @bci scala/meta/internal/metals/ClientConfiguration statusBarState ()Lscala/meta/internal/metals/config/StatusBarState$StatusBarState; 31 <appendix> argL0 ; # scala/meta/internal/metals/ClientConfiguration$$Lambda+0x000002028241d8f0
instanceKlass scala/meta/internal/metals/config/StatusBarState$Off$
instanceKlass  @bci scala/meta/internal/metals/ClientExperimentalCapabilities statusBarState ()Lscala/Option; 4 <appendix> argL0 ; # scala/meta/internal/metals/ClientExperimentalCapabilities$$Lambda+0x000002028241d280
instanceKlass  @bci scala/meta/internal/metals/InitializationOptions statusBarState ()Lscala/Option; 4 <appendix> argL0 ; # scala/meta/internal/metals/InitializationOptions$$Lambda+0x000002028241ceb8
instanceKlass  @bci scala/meta/internal/metals/logging/MetalsLogger$ setupLspLogger (Lscala/collection/immutable/List;ZLscala/meta/internal/metals/MetalsServerConfig;)V 17 <appendix> member <vmtarget> ; # scala/meta/internal/metals/logging/MetalsLogger$$$Lambda+0x000002028241ca00
instanceKlass  @bci scala/meta/internal/metals/logging/MetalsLogger$ setupLspLogger (Lscala/collection/immutable/List;ZLscala/meta/internal/metals/MetalsServerConfig;)V 2 <appendix> member <vmtarget> ; # scala/meta/internal/metals/logging/MetalsLogger$$$Lambda+0x000002028241c630
instanceKlass  @bci scala/meta/internal/metals/utils/LimitedFilesManager getAllFiles ()Lscala/collection/immutable/List; 32 <appendix> member <vmtarget> ; # scala/meta/internal/metals/utils/LimitedFilesManager$$Lambda+0x000002028241c260
instanceKlass  @bci scala/meta/internal/metals/utils/LimitedFilesManager getAllFiles ()Lscala/collection/immutable/List; 22 <appendix> member <vmtarget> ; # scala/meta/internal/metals/utils/LimitedFilesManager$$Lambda+0x000002028241be90
instanceKlass  @bci scala/meta/internal/metals/utils/LimitedFilesManager directoriesWithDate ()Lscala/collection/immutable/List; 8 <appendix> argL0 ; # scala/meta/internal/metals/utils/LimitedFilesManager$$Lambda+0x000002028241bac8
instanceKlass  @bci scala/meta/internal/metals/utils/LimitedFilesManager getAllFiles ()Lscala/collection/immutable/List; 8 <appendix> argL0 ; # scala/meta/internal/metals/utils/LimitedFilesManager$$Lambda+0x000002028241b700
instanceKlass  @bci scala/meta/internal/metals/StdReportContext cleanUpOldReports (I)V 5 <appendix> member <vmtarget> ; # scala/meta/internal/metals/StdReportContext$$Lambda+0x000002028241b338
instanceKlass  @bci scala/meta/metals/MetalsLanguageServer $anonfun$initialize$6 (Lscala/meta/io/AbsolutePath;)V 8 <appendix> argL0 ; # scala/meta/metals/MetalsLanguageServer$$Lambda+0x000002028241af70
instanceKlass  @bci scala/meta/metals/MetalsLanguageServer initialize (Lorg/eclipse/lsp4j/InitializeParams;)Ljava/util/concurrent/CompletableFuture; 278 <appendix> argL0 ; # scala/meta/metals/MetalsLanguageServer$$Lambda+0x000002028241aba8
instanceKlass  @bci scala/meta/internal/metals/WorkspaceLspService <init> (Lscala/concurrent/ExecutionContextExecutorService;Ljava/util/concurrent/ScheduledExecutorService;Lscala/meta/internal/metals/MetalsServerInputs;Lscala/meta/internal/metals/clients/language/MetalsLanguageClient;Lorg/eclipse/lsp4j/InitializeParams;Lscala/collection/immutable/List;Lscala/Function0;)V 602 <appendix> member <vmtarget> ; # scala/meta/internal/metals/WorkspaceLspService$$Lambda+0x000002028241a460
instanceKlass scala/meta/internal/metals/WorkspaceChoicePopup
instanceKlass  @bci scala/meta/internal/metals/WorkspaceLspService <init> (Lscala/concurrent/ExecutionContextExecutorService;Ljava/util/concurrent/ScheduledExecutorService;Lscala/meta/internal/metals/MetalsServerInputs;Lscala/meta/internal/metals/clients/language/MetalsLanguageClient;Lorg/eclipse/lsp4j/InitializeParams;Lscala/collection/immutable/List;Lscala/Function0;)V 576 <appendix> member <vmtarget> ; # scala/meta/internal/metals/WorkspaceLspService$$Lambda+0x0000020282419f88
instanceKlass scala/meta/internal/metals/GithubNewIssueUrlCreator
instanceKlass  @bci scala/meta/internal/metals/WorkspaceLspService <init> (Lscala/concurrent/ExecutionContextExecutorService;Ljava/util/concurrent/ScheduledExecutorService;Lscala/meta/internal/metals/MetalsServerInputs;Lscala/meta/internal/metals/clients/language/MetalsLanguageClient;Lorg/eclipse/lsp4j/InitializeParams;Lscala/collection/immutable/List;Lscala/Function0;)V 555 <appendix> member <vmtarget> ; # scala/meta/internal/metals/WorkspaceLspService$$Lambda+0x0000020282419ab0
instanceKlass scala/meta/internal/builds/NewProjectProvider
instanceKlass  @bci scala/meta/internal/metals/WorkspaceLspService <init> (Lscala/concurrent/ExecutionContextExecutorService;Ljava/util/concurrent/ScheduledExecutorService;Lscala/meta/internal/metals/MetalsServerInputs;Lscala/meta/internal/metals/clients/language/MetalsLanguageClient;Lorg/eclipse/lsp4j/InitializeParams;Lscala/collection/immutable/List;Lscala/Function0;)V 501 <appendix> member <vmtarget> ; # scala/meta/internal/metals/WorkspaceLspService$$Lambda+0x00000202824195d0
instanceKlass scala/meta/internal/tvp/MetalsTreeViewProvider
instanceKlass scala/meta/internal/metals/WorkspaceFoldersServices
instanceKlass  @bci scala/meta/internal/tvp/FolderTreeViewProvider <init> (Lscala/meta/internal/metals/Folder;Lscala/meta/internal/metals/BuildTargets;Lscala/meta/internal/mtags/GlobalSymbolIndex;Lscala/Function0;Lscala/meta/internal/metals/ScalaVersionSelector;Lscala/meta/internal/metals/clients/language/MetalsLanguageClient;Lscala/meta/internal/metals/ClientConfiguration;Lscala/meta/internal/parsing/Trees;Lscala/meta/internal/metals/Buffers;Lscala/meta/internal/metals/ReportContext;)V 215 <appendix> member <vmtarget> ; # scala/meta/internal/tvp/FolderTreeViewProvider$$Lambda+0x0000020282418a50
instanceKlass  @bci scala/meta/internal/tvp/FolderTreeViewProvider <init> (Lscala/meta/internal/metals/Folder;Lscala/meta/internal/metals/BuildTargets;Lscala/meta/internal/mtags/GlobalSymbolIndex;Lscala/Function0;Lscala/meta/internal/metals/ScalaVersionSelector;Lscala/meta/internal/metals/clients/language/MetalsLanguageClient;Lscala/meta/internal/metals/ClientConfiguration;Lscala/meta/internal/parsing/Trees;Lscala/meta/internal/metals/Buffers;Lscala/meta/internal/metals/ReportContext;)V 209 <appendix> member <vmtarget> ; # scala/meta/internal/tvp/FolderTreeViewProvider$$Lambda+0x0000020282418790
instanceKlass  @bci scala/meta/internal/tvp/FolderTreeViewProvider <init> (Lscala/meta/internal/metals/Folder;Lscala/meta/internal/metals/BuildTargets;Lscala/meta/internal/mtags/GlobalSymbolIndex;Lscala/Function0;Lscala/meta/internal/metals/ScalaVersionSelector;Lscala/meta/internal/metals/clients/language/MetalsLanguageClient;Lscala/meta/internal/metals/ClientConfiguration;Lscala/meta/internal/parsing/Trees;Lscala/meta/internal/metals/Buffers;Lscala/meta/internal/metals/ReportContext;)V 203 <appendix> argL0 ; # scala/meta/internal/tvp/FolderTreeViewProvider$$Lambda+0x00000202824183c8
instanceKlass  @bci scala/meta/internal/tvp/FolderTreeViewProvider <init> (Lscala/meta/internal/metals/Folder;Lscala/meta/internal/metals/BuildTargets;Lscala/meta/internal/mtags/GlobalSymbolIndex;Lscala/Function0;Lscala/meta/internal/metals/ScalaVersionSelector;Lscala/meta/internal/metals/clients/language/MetalsLanguageClient;Lscala/meta/internal/metals/ClientConfiguration;Lscala/meta/internal/parsing/Trees;Lscala/meta/internal/metals/Buffers;Lscala/meta/internal/metals/ReportContext;)V 198 <appendix> argL0 ; # scala/meta/internal/tvp/FolderTreeViewProvider$$Lambda+0x0000020282418000
instanceKlass  @bci scala/meta/internal/tvp/FolderTreeViewProvider <init> (Lscala/meta/internal/metals/Folder;Lscala/meta/internal/metals/BuildTargets;Lscala/meta/internal/mtags/GlobalSymbolIndex;Lscala/Function0;Lscala/meta/internal/metals/ScalaVersionSelector;Lscala/meta/internal/metals/clients/language/MetalsLanguageClient;Lscala/meta/internal/metals/ClientConfiguration;Lscala/meta/internal/parsing/Trees;Lscala/meta/internal/metals/Buffers;Lscala/meta/internal/metals/ReportContext;)V 193 <appendix> argL0 ; # scala/meta/internal/tvp/FolderTreeViewProvider$$Lambda+0x0000020282417b68
instanceKlass  @bci scala/meta/internal/tvp/FolderTreeViewProvider <init> (Lscala/meta/internal/metals/Folder;Lscala/meta/internal/metals/BuildTargets;Lscala/meta/internal/mtags/GlobalSymbolIndex;Lscala/Function0;Lscala/meta/internal/metals/ScalaVersionSelector;Lscala/meta/internal/metals/clients/language/MetalsLanguageClient;Lscala/meta/internal/metals/ClientConfiguration;Lscala/meta/internal/parsing/Trees;Lscala/meta/internal/metals/Buffers;Lscala/meta/internal/metals/ReportContext;)V 188 <appendix> argL0 ; # scala/meta/internal/tvp/FolderTreeViewProvider$$Lambda+0x00000202824177a0
instanceKlass  @bci scala/meta/internal/tvp/FolderTreeViewProvider <init> (Lscala/meta/internal/metals/Folder;Lscala/meta/internal/metals/BuildTargets;Lscala/meta/internal/mtags/GlobalSymbolIndex;Lscala/Function0;Lscala/meta/internal/metals/ScalaVersionSelector;Lscala/meta/internal/metals/clients/language/MetalsLanguageClient;Lscala/meta/internal/metals/ClientConfiguration;Lscala/meta/internal/parsing/Trees;Lscala/meta/internal/metals/Buffers;Lscala/meta/internal/metals/ReportContext;)V 183 <appendix> argL0 ; # scala/meta/internal/tvp/FolderTreeViewProvider$$Lambda+0x00000202824173d8
instanceKlass ch/epfl/scala/bsp4j/BuildTarget
instanceKlass  @bci scala/meta/internal/tvp/FolderTreeViewProvider <init> (Lscala/meta/internal/metals/Folder;Lscala/meta/internal/metals/BuildTargets;Lscala/meta/internal/mtags/GlobalSymbolIndex;Lscala/Function0;Lscala/meta/internal/metals/ScalaVersionSelector;Lscala/meta/internal/metals/clients/language/MetalsLanguageClient;Lscala/meta/internal/metals/ClientConfiguration;Lscala/meta/internal/parsing/Trees;Lscala/meta/internal/metals/Buffers;Lscala/meta/internal/metals/ReportContext;)V 150 <appendix> member <vmtarget> ; # scala/meta/internal/tvp/FolderTreeViewProvider$$Lambda+0x0000020282416b88
instanceKlass  @bci scala/meta/internal/tvp/FolderTreeViewProvider <init> (Lscala/meta/internal/metals/Folder;Lscala/meta/internal/metals/BuildTargets;Lscala/meta/internal/mtags/GlobalSymbolIndex;Lscala/Function0;Lscala/meta/internal/metals/ScalaVersionSelector;Lscala/meta/internal/metals/clients/language/MetalsLanguageClient;Lscala/meta/internal/metals/ClientConfiguration;Lscala/meta/internal/parsing/Trees;Lscala/meta/internal/metals/Buffers;Lscala/meta/internal/metals/ReportContext;)V 144 <appendix> member <vmtarget> ; # scala/meta/internal/tvp/FolderTreeViewProvider$$Lambda+0x00000202824168c8
instanceKlass  @bci scala/meta/internal/tvp/FolderTreeViewProvider <init> (Lscala/meta/internal/metals/Folder;Lscala/meta/internal/metals/BuildTargets;Lscala/meta/internal/mtags/GlobalSymbolIndex;Lscala/Function0;Lscala/meta/internal/metals/ScalaVersionSelector;Lscala/meta/internal/metals/clients/language/MetalsLanguageClient;Lscala/meta/internal/metals/ClientConfiguration;Lscala/meta/internal/parsing/Trees;Lscala/meta/internal/metals/Buffers;Lscala/meta/internal/metals/ReportContext;)V 138 <appendix> argL0 ; # scala/meta/internal/tvp/FolderTreeViewProvider$$Lambda+0x0000020282416500
instanceKlass  @bci scala/meta/internal/tvp/FolderTreeViewProvider <init> (Lscala/meta/internal/metals/Folder;Lscala/meta/internal/metals/BuildTargets;Lscala/meta/internal/mtags/GlobalSymbolIndex;Lscala/Function0;Lscala/meta/internal/metals/ScalaVersionSelector;Lscala/meta/internal/metals/clients/language/MetalsLanguageClient;Lscala/meta/internal/metals/ClientConfiguration;Lscala/meta/internal/parsing/Trees;Lscala/meta/internal/metals/Buffers;Lscala/meta/internal/metals/ReportContext;)V 133 <appendix> member <vmtarget> ; # scala/meta/internal/tvp/FolderTreeViewProvider$$Lambda+0x0000020282416130
instanceKlass  @bci scala/meta/internal/tvp/FolderTreeViewProvider <init> (Lscala/meta/internal/metals/Folder;Lscala/meta/internal/metals/BuildTargets;Lscala/meta/internal/mtags/GlobalSymbolIndex;Lscala/Function0;Lscala/meta/internal/metals/ScalaVersionSelector;Lscala/meta/internal/metals/clients/language/MetalsLanguageClient;Lscala/meta/internal/metals/ClientConfiguration;Lscala/meta/internal/parsing/Trees;Lscala/meta/internal/metals/Buffers;Lscala/meta/internal/metals/ReportContext;)V 127 <appendix> argL0 ; # scala/meta/internal/tvp/FolderTreeViewProvider$$Lambda+0x0000020282415d68
instanceKlass  @bci scala/meta/internal/tvp/FolderTreeViewProvider <init> (Lscala/meta/internal/metals/Folder;Lscala/meta/internal/metals/BuildTargets;Lscala/meta/internal/mtags/GlobalSymbolIndex;Lscala/Function0;Lscala/meta/internal/metals/ScalaVersionSelector;Lscala/meta/internal/metals/clients/language/MetalsLanguageClient;Lscala/meta/internal/metals/ClientConfiguration;Lscala/meta/internal/parsing/Trees;Lscala/meta/internal/metals/Buffers;Lscala/meta/internal/metals/ReportContext;)V 122 <appendix> argL0 ; # scala/meta/internal/tvp/FolderTreeViewProvider$$Lambda+0x00000202824159a0
instanceKlass  @bci scala/meta/internal/tvp/FolderTreeViewProvider <init> (Lscala/meta/internal/metals/Folder;Lscala/meta/internal/metals/BuildTargets;Lscala/meta/internal/mtags/GlobalSymbolIndex;Lscala/Function0;Lscala/meta/internal/metals/ScalaVersionSelector;Lscala/meta/internal/metals/clients/language/MetalsLanguageClient;Lscala/meta/internal/metals/ClientConfiguration;Lscala/meta/internal/parsing/Trees;Lscala/meta/internal/metals/Buffers;Lscala/meta/internal/metals/ReportContext;)V 117 <appendix> argL0 ; # scala/meta/internal/tvp/FolderTreeViewProvider$$Lambda+0x00000202824155d8
instanceKlass scala/meta/internal/tvp/TreeViewProvider$
instanceKlass scala/meta/internal/tvp/ClasspathTreeView
instanceKlass  @bci scala/collection/mutable/Map withDefaultValue (Ljava/lang/Object;)Lscala/collection/mutable/Map; 6 <appendix> member <vmtarget> ; # scala/collection/mutable/Map$$Lambda+0x0000020282414d98
instanceKlass scala/meta/internal/semanticdb/SymbolInformation$Kind$Recognized
instanceKlass scala/meta/internal/semanticdb/SymbolInformation$Kind
instanceKlass scala/meta/internal/tvp/IndexedSymbols
instanceKlass  @bci scala/meta/internal/metals/ProjectMetalsLspService <init> (Lscala/concurrent/ExecutionContextExecutorService;Ljava/util/concurrent/ScheduledExecutorService;Lscala/meta/internal/metals/MetalsServerInputs;Lscala/meta/internal/metals/clients/language/ConfiguredLanguageClient;Lorg/eclipse/lsp4j/InitializeParams;Lscala/meta/internal/metals/ClientConfiguration;Lscala/meta/internal/metals/StatusBar;Lscala/Function0;Lscala/meta/internal/metals/TimerProvider;Lscala/Function0;Lscala/meta/io/AbsolutePath;Lscala/Option;Lscala/meta/internal/metals/doctor/HeadDoctor;Lscala/meta/internal/metals/BspStatus;Lscala/meta/internal/metals/WorkDoneProgress;ILscala/meta/internal/metals/ModuleStatus;)V 759 <appendix> member <vmtarget> ; # scala/meta/internal/metals/ProjectMetalsLspService$$Lambda+0x0000020282411270
instanceKlass scala/meta/internal/tvp/FolderTreeViewProvider
instanceKlass  @bci scala/meta/internal/metals/ProjectMetalsLspService <init> (Lscala/concurrent/ExecutionContextExecutorService;Ljava/util/concurrent/ScheduledExecutorService;Lscala/meta/internal/metals/MetalsServerInputs;Lscala/meta/internal/metals/clients/language/ConfiguredLanguageClient;Lorg/eclipse/lsp4j/InitializeParams;Lscala/meta/internal/metals/ClientConfiguration;Lscala/meta/internal/metals/StatusBar;Lscala/Function0;Lscala/meta/internal/metals/TimerProvider;Lscala/Function0;Lscala/meta/io/AbsolutePath;Lscala/Option;Lscala/meta/internal/metals/doctor/HeadDoctor;Lscala/meta/internal/metals/BspStatus;Lscala/meta/internal/metals/WorkDoneProgress;ILscala/meta/internal/metals/ModuleStatus;)V 720 <appendix> member <vmtarget> ; # scala/meta/internal/metals/ProjectMetalsLspService$$Lambda+0x0000020282410d40
instanceKlass  @bci scala/meta/internal/metals/ProjectMetalsLspService <init> (Lscala/concurrent/ExecutionContextExecutorService;Ljava/util/concurrent/ScheduledExecutorService;Lscala/meta/internal/metals/MetalsServerInputs;Lscala/meta/internal/metals/clients/language/ConfiguredLanguageClient;Lorg/eclipse/lsp4j/InitializeParams;Lscala/meta/internal/metals/ClientConfiguration;Lscala/meta/internal/metals/StatusBar;Lscala/Function0;Lscala/meta/internal/metals/TimerProvider;Lscala/Function0;Lscala/meta/io/AbsolutePath;Lscala/Option;Lscala/meta/internal/metals/doctor/HeadDoctor;Lscala/meta/internal/metals/BspStatus;Lscala/meta/internal/metals/WorkDoneProgress;ILscala/meta/internal/metals/ModuleStatus;)V 714 <appendix> member <vmtarget> ; # scala/meta/internal/metals/ProjectMetalsLspService$$Lambda+0x0000020282410a80
instanceKlass  @bci scala/meta/internal/metals/ProjectMetalsLspService <init> (Lscala/concurrent/ExecutionContextExecutorService;Ljava/util/concurrent/ScheduledExecutorService;Lscala/meta/internal/metals/MetalsServerInputs;Lscala/meta/internal/metals/clients/language/ConfiguredLanguageClient;Lorg/eclipse/lsp4j/InitializeParams;Lscala/meta/internal/metals/ClientConfiguration;Lscala/meta/internal/metals/StatusBar;Lscala/Function0;Lscala/meta/internal/metals/TimerProvider;Lscala/Function0;Lscala/meta/io/AbsolutePath;Lscala/Option;Lscala/meta/internal/metals/doctor/HeadDoctor;Lscala/meta/internal/metals/BspStatus;Lscala/meta/internal/metals/WorkDoneProgress;ILscala/meta/internal/metals/ModuleStatus;)V 708 <appendix> member <vmtarget> ; # scala/meta/internal/metals/ProjectMetalsLspService$$Lambda+0x00000202824107a0
instanceKlass scala/meta/internal/metals/PopupChoiceReset
instanceKlass  @bci scala/meta/internal/metals/ProjectMetalsLspService <init> (Lscala/concurrent/ExecutionContextExecutorService;Ljava/util/concurrent/ScheduledExecutorService;Lscala/meta/internal/metals/MetalsServerInputs;Lscala/meta/internal/metals/clients/language/ConfiguredLanguageClient;Lorg/eclipse/lsp4j/InitializeParams;Lscala/meta/internal/metals/ClientConfiguration;Lscala/meta/internal/metals/StatusBar;Lscala/Function0;Lscala/meta/internal/metals/TimerProvider;Lscala/Function0;Lscala/meta/io/AbsolutePath;Lscala/Option;Lscala/meta/internal/metals/doctor/HeadDoctor;Lscala/meta/internal/metals/BspStatus;Lscala/meta/internal/metals/WorkDoneProgress;ILscala/meta/internal/metals/ModuleStatus;)V 667 <appendix> member <vmtarget> ; # scala/meta/internal/metals/ProjectMetalsLspService$$Lambda+0x00000202824102c0
instanceKlass scala/meta/internal/metals/mcp/ScalafixLlmRuleProvider
instanceKlass  @bci scala/meta/internal/metals/ProjectMetalsLspService <init> (Lscala/concurrent/ExecutionContextExecutorService;Ljava/util/concurrent/ScheduledExecutorService;Lscala/meta/internal/metals/MetalsServerInputs;Lscala/meta/internal/metals/clients/language/ConfiguredLanguageClient;Lorg/eclipse/lsp4j/InitializeParams;Lscala/meta/internal/metals/ClientConfiguration;Lscala/meta/internal/metals/StatusBar;Lscala/Function0;Lscala/meta/internal/metals/TimerProvider;Lscala/Function0;Lscala/meta/io/AbsolutePath;Lscala/Option;Lscala/meta/internal/metals/doctor/HeadDoctor;Lscala/meta/internal/metals/BspStatus;Lscala/meta/internal/metals/WorkDoneProgress;ILscala/meta/internal/metals/ModuleStatus;)V 628 <appendix> member <vmtarget> ; # scala/meta/internal/metals/ProjectMetalsLspService$$Lambda+0x0000020282410000
instanceKlass  @bci scala/meta/internal/metals/ProjectMetalsLspService <init> (Lscala/concurrent/ExecutionContextExecutorService;Ljava/util/concurrent/ScheduledExecutorService;Lscala/meta/internal/metals/MetalsServerInputs;Lscala/meta/internal/metals/clients/language/ConfiguredLanguageClient;Lorg/eclipse/lsp4j/InitializeParams;Lscala/meta/internal/metals/ClientConfiguration;Lscala/meta/internal/metals/StatusBar;Lscala/Function0;Lscala/meta/internal/metals/TimerProvider;Lscala/Function0;Lscala/meta/io/AbsolutePath;Lscala/Option;Lscala/meta/internal/metals/doctor/HeadDoctor;Lscala/meta/internal/metals/BspStatus;Lscala/meta/internal/metals/WorkDoneProgress;ILscala/meta/internal/metals/ModuleStatus;)V 622 <appendix> member <vmtarget> ; # scala/meta/internal/metals/ProjectMetalsLspService$$Lambda+0x000002028240fa88
instanceKlass  @bci scala/meta/internal/metals/ProjectMetalsLspService <init> (Lscala/concurrent/ExecutionContextExecutorService;Ljava/util/concurrent/ScheduledExecutorService;Lscala/meta/internal/metals/MetalsServerInputs;Lscala/meta/internal/metals/clients/language/ConfiguredLanguageClient;Lorg/eclipse/lsp4j/InitializeParams;Lscala/meta/internal/metals/ClientConfiguration;Lscala/meta/internal/metals/StatusBar;Lscala/Function0;Lscala/meta/internal/metals/TimerProvider;Lscala/Function0;Lscala/meta/io/AbsolutePath;Lscala/Option;Lscala/meta/internal/metals/doctor/HeadDoctor;Lscala/meta/internal/metals/BspStatus;Lscala/meta/internal/metals/WorkDoneProgress;ILscala/meta/internal/metals/ModuleStatus;)V 612 <appendix> member <vmtarget> ; # scala/meta/internal/metals/ProjectMetalsLspService$$Lambda+0x000002028240f7c8
instanceKlass scala/meta/internal/metals/GitHubIssueFolderInfo
instanceKlass scala/meta/internal/metals/AggregateSemanticdbs
instanceKlass  @bci scala/meta/internal/metals/ProjectMetalsLspService <init> (Lscala/concurrent/ExecutionContextExecutorService;Ljava/util/concurrent/ScheduledExecutorService;Lscala/meta/internal/metals/MetalsServerInputs;Lscala/meta/internal/metals/clients/language/ConfiguredLanguageClient;Lorg/eclipse/lsp4j/InitializeParams;Lscala/meta/internal/metals/ClientConfiguration;Lscala/meta/internal/metals/StatusBar;Lscala/Function0;Lscala/meta/internal/metals/TimerProvider;Lscala/Function0;Lscala/meta/io/AbsolutePath;Lscala/Option;Lscala/meta/internal/metals/doctor/HeadDoctor;Lscala/meta/internal/metals/BspStatus;Lscala/meta/internal/metals/WorkDoneProgress;ILscala/meta/internal/metals/ModuleStatus;)V 540 <appendix> member <vmtarget> ; # scala/meta/internal/metals/ProjectMetalsLspService$$Lambda+0x000002028240e8a0
instanceKlass  @bci scala/meta/internal/metals/ProjectMetalsLspService <init> (Lscala/concurrent/ExecutionContextExecutorService;Ljava/util/concurrent/ScheduledExecutorService;Lscala/meta/internal/metals/MetalsServerInputs;Lscala/meta/internal/metals/clients/language/ConfiguredLanguageClient;Lorg/eclipse/lsp4j/InitializeParams;Lscala/meta/internal/metals/ClientConfiguration;Lscala/meta/internal/metals/StatusBar;Lscala/Function0;Lscala/meta/internal/metals/TimerProvider;Lscala/Function0;Lscala/meta/io/AbsolutePath;Lscala/Option;Lscala/meta/internal/metals/doctor/HeadDoctor;Lscala/meta/internal/metals/BspStatus;Lscala/meta/internal/metals/WorkDoneProgress;ILscala/meta/internal/metals/ModuleStatus;)V 516 <appendix> member <vmtarget> ; # scala/meta/internal/metals/ProjectMetalsLspService$$Lambda+0x000002028240e4d0
instanceKlass  @bci scala/meta/internal/metals/ConnectionProvider <init> (Lscala/meta/internal/metals/BuildToolProvider;Lscala/meta/internal/metals/Compilations;Lscala/meta/internal/builds/BuildTools;Lscala/meta/internal/metals/Buffers;Lscala/meta/internal/metals/Compilers;Lscala/meta/internal/metals/scalacli/ScalaCliServers;Lscala/meta/internal/metals/BloopServers;Lscala/meta/internal/builds/ShellRunner;Lscala/meta/internal/bsp/BspConfigGenerator;Lscala/Function0;Lscala/meta/internal/metals/doctor/Doctor;Lscala/Function0;Lscala/meta/internal/metals/Diagnostics;Ljava/nio/charset/Charset;Lscala/meta/internal/metals/MetalsBuildClient;Lscala/collection/immutable/List;Lscala/meta/internal/bsp/ConnectionBspStatus;Lscala/meta/internal/metals/TargetData;Lscala/meta/internal/metals/IndexProviders;Lscala/concurrent/ExecutionContextExecutorService;Lscala/meta/internal/metals/ReportContext;)V 308 <appendix> member <vmtarget> ; # scala/meta/internal/metals/ConnectionProvider$$Lambda+0x000002028240e210
instanceKlass scala/meta/internal/builds/WorkspaceLoadedStatus
instanceKlass scala/meta/internal/builds/BloopInstall
instanceKlass  @bci scala/meta/internal/metals/ConnectionProvider <init> (Lscala/meta/internal/metals/BuildToolProvider;Lscala/meta/internal/metals/Compilations;Lscala/meta/internal/builds/BuildTools;Lscala/meta/internal/metals/Buffers;Lscala/meta/internal/metals/Compilers;Lscala/meta/internal/metals/scalacli/ScalaCliServers;Lscala/meta/internal/metals/BloopServers;Lscala/meta/internal/builds/ShellRunner;Lscala/meta/internal/bsp/BspConfigGenerator;Lscala/Function0;Lscala/meta/internal/metals/doctor/Doctor;Lscala/Function0;Lscala/meta/internal/metals/Diagnostics;Ljava/nio/charset/Charset;Lscala/meta/internal/metals/MetalsBuildClient;Lscala/collection/immutable/List;Lscala/meta/internal/bsp/ConnectionBspStatus;Lscala/meta/internal/metals/TargetData;Lscala/meta/internal/metals/IndexProviders;Lscala/concurrent/ExecutionContextExecutorService;Lscala/meta/internal/metals/ReportContext;)V 257 <appendix> member <vmtarget> ; # scala/meta/internal/metals/ConnectionProvider$$Lambda+0x000002028240d208
instanceKlass  @bci scala/meta/internal/metals/ConnectionProvider <init> (Lscala/meta/internal/metals/BuildToolProvider;Lscala/meta/internal/metals/Compilations;Lscala/meta/internal/builds/BuildTools;Lscala/meta/internal/metals/Buffers;Lscala/meta/internal/metals/Compilers;Lscala/meta/internal/metals/scalacli/ScalaCliServers;Lscala/meta/internal/metals/BloopServers;Lscala/meta/internal/builds/ShellRunner;Lscala/meta/internal/bsp/BspConfigGenerator;Lscala/Function0;Lscala/meta/internal/metals/doctor/Doctor;Lscala/Function0;Lscala/meta/internal/metals/Diagnostics;Ljava/nio/charset/Charset;Lscala/meta/internal/metals/MetalsBuildClient;Lscala/collection/immutable/List;Lscala/meta/internal/bsp/ConnectionBspStatus;Lscala/meta/internal/metals/TargetData;Lscala/meta/internal/metals/IndexProviders;Lscala/concurrent/ExecutionContextExecutorService;Lscala/meta/internal/metals/ReportContext;)V 251 <appendix> member <vmtarget> ; # scala/meta/internal/metals/ConnectionProvider$$Lambda+0x000002028240cf48
instanceKlass  @bci scala/meta/internal/metals/ConnectionProvider <init> (Lscala/meta/internal/metals/BuildToolProvider;Lscala/meta/internal/metals/Compilations;Lscala/meta/internal/builds/BuildTools;Lscala/meta/internal/metals/Buffers;Lscala/meta/internal/metals/Compilers;Lscala/meta/internal/metals/scalacli/ScalaCliServers;Lscala/meta/internal/metals/BloopServers;Lscala/meta/internal/builds/ShellRunner;Lscala/meta/internal/bsp/BspConfigGenerator;Lscala/Function0;Lscala/meta/internal/metals/doctor/Doctor;Lscala/Function0;Lscala/meta/internal/metals/Diagnostics;Ljava/nio/charset/Charset;Lscala/meta/internal/metals/MetalsBuildClient;Lscala/collection/immutable/List;Lscala/meta/internal/bsp/ConnectionBspStatus;Lscala/meta/internal/metals/TargetData;Lscala/meta/internal/metals/IndexProviders;Lscala/concurrent/ExecutionContextExecutorService;Lscala/meta/internal/metals/ReportContext;)V 225 <appendix> member <vmtarget> ; # scala/meta/internal/metals/ConnectionProvider$$Lambda+0x000002028240cc88
instanceKlass scala/meta/internal/bsp/BspConnector
instanceKlass  @bci scala/meta/internal/metals/ConnectionProvider <init> (Lscala/meta/internal/metals/BuildToolProvider;Lscala/meta/internal/metals/Compilations;Lscala/meta/internal/builds/BuildTools;Lscala/meta/internal/metals/Buffers;Lscala/meta/internal/metals/Compilers;Lscala/meta/internal/metals/scalacli/ScalaCliServers;Lscala/meta/internal/metals/BloopServers;Lscala/meta/internal/builds/ShellRunner;Lscala/meta/internal/bsp/BspConfigGenerator;Lscala/Function0;Lscala/meta/internal/metals/doctor/Doctor;Lscala/Function0;Lscala/meta/internal/metals/Diagnostics;Ljava/nio/charset/Charset;Lscala/meta/internal/metals/MetalsBuildClient;Lscala/collection/immutable/List;Lscala/meta/internal/bsp/ConnectionBspStatus;Lscala/meta/internal/metals/TargetData;Lscala/meta/internal/metals/IndexProviders;Lscala/concurrent/ExecutionContextExecutorService;Lscala/meta/internal/metals/ReportContext;)V 172 <appendix> member <vmtarget> ; # scala/meta/internal/metals/ConnectionProvider$$Lambda+0x000002028240c7a0
instanceKlass scala/meta/internal/bsp/BspResolvedResult
instanceKlass scala/meta/internal/bsp/BspServers
instanceKlass scala/meta/internal/builds/WorkspaceReload
instanceKlass  @bci scala/meta/internal/metals/SqlSharedIndices <init> ()V 21 <appendix> member <vmtarget> ; # scala/meta/internal/metals/SqlSharedIndices$$Lambda+0x000002028240bbe0
instanceKlass  @bci scala/meta/internal/metals/ProjectMetalsLspService <init> (Lscala/concurrent/ExecutionContextExecutorService;Ljava/util/concurrent/ScheduledExecutorService;Lscala/meta/internal/metals/MetalsServerInputs;Lscala/meta/internal/metals/clients/language/ConfiguredLanguageClient;Lorg/eclipse/lsp4j/InitializeParams;Lscala/meta/internal/metals/ClientConfiguration;Lscala/meta/internal/metals/StatusBar;Lscala/Function0;Lscala/meta/internal/metals/TimerProvider;Lscala/Function0;Lscala/meta/io/AbsolutePath;Lscala/Option;Lscala/meta/internal/metals/doctor/HeadDoctor;Lscala/meta/internal/metals/BspStatus;Lscala/meta/internal/metals/WorkDoneProgress;ILscala/meta/internal/metals/ModuleStatus;)V 456 <appendix> member <vmtarget> ; # scala/meta/internal/metals/ProjectMetalsLspService$$Lambda+0x000002028240b3c0
instanceKlass scala/meta/internal/builds/Digest$Status
instanceKlass scala/collection/parallel/TaskSupport
instanceKlass scala/collection/parallel/Tasks
instanceKlass scala/meta/internal/metals/TargetData$MappedSource
instanceKlass  @bci scala/meta/internal/metals/BloopServers$ createBloopWorkingDir (Lscala/concurrent/ExecutionContext;)Lscala/meta/io/AbsolutePath; 20 <appendix> argL0 ; # scala/meta/internal/metals/BloopServers$$$Lambda+0x000002028240a158
instanceKlass  @bci scala/meta/internal/metals/BloopServers$ createBloopWorkingDir (Lscala/concurrent/ExecutionContext;)Lscala/meta/io/AbsolutePath; 12 <appendix> argL0 ; # scala/meta/internal/metals/BloopServers$$$Lambda+0x0000020282409d90
instanceKlass scala/meta/internal/metals/BloopServers$
instanceKlass bloop/rifle/BloopRifleConfig$Address
instanceKlass bloop/rifle/BloopRifleLogger
instanceKlass scala/meta/internal/metals/BloopServers
instanceKlass scala/meta/internal/builds/BuildToolSelector
instanceKlass  @bci scala/meta/internal/metals/ProjectMetalsLspService <init> (Lscala/concurrent/ExecutionContextExecutorService;Ljava/util/concurrent/ScheduledExecutorService;Lscala/meta/internal/metals/MetalsServerInputs;Lscala/meta/internal/metals/clients/language/ConfiguredLanguageClient;Lorg/eclipse/lsp4j/InitializeParams;Lscala/meta/internal/metals/ClientConfiguration;Lscala/meta/internal/metals/StatusBar;Lscala/Function0;Lscala/meta/internal/metals/TimerProvider;Lscala/Function0;Lscala/meta/io/AbsolutePath;Lscala/Option;Lscala/meta/internal/metals/doctor/HeadDoctor;Lscala/meta/internal/metals/BspStatus;Lscala/meta/internal/metals/WorkDoneProgress;ILscala/meta/internal/metals/ModuleStatus;)V 366 <appendix> member <vmtarget> ; # scala/meta/internal/metals/ProjectMetalsLspService$$Lambda+0x0000020282408830
instanceKlass scala/meta/internal/builds/BuildTool$Verified
instanceKlass scala/meta/internal/metals/BuildToolProvider
instanceKlass  @bci scala/meta/internal/metals/ProjectMetalsLspService <init> (Lscala/concurrent/ExecutionContextExecutorService;Ljava/util/concurrent/ScheduledExecutorService;Lscala/meta/internal/metals/MetalsServerInputs;Lscala/meta/internal/metals/clients/language/ConfiguredLanguageClient;Lorg/eclipse/lsp4j/InitializeParams;Lscala/meta/internal/metals/ClientConfiguration;Lscala/meta/internal/metals/StatusBar;Lscala/Function0;Lscala/meta/internal/metals/TimerProvider;Lscala/Function0;Lscala/meta/io/AbsolutePath;Lscala/Option;Lscala/meta/internal/metals/doctor/HeadDoctor;Lscala/meta/internal/metals/BspStatus;Lscala/meta/internal/metals/WorkDoneProgress;ILscala/meta/internal/metals/ModuleStatus;)V 333 <appendix> member <vmtarget> ; # scala/meta/internal/metals/ProjectMetalsLspService$$Lambda+0x0000020282408228
instanceKlass scala/meta/internal/metals/ProjectWarnings
instanceKlass  @bci scala/meta/internal/metals/ProjectMetalsLspService <init> (Lscala/concurrent/ExecutionContextExecutorService;Ljava/util/concurrent/ScheduledExecutorService;Lscala/meta/internal/metals/MetalsServerInputs;Lscala/meta/internal/metals/clients/language/ConfiguredLanguageClient;Lorg/eclipse/lsp4j/InitializeParams;Lscala/meta/internal/metals/ClientConfiguration;Lscala/meta/internal/metals/StatusBar;Lscala/Function0;Lscala/meta/internal/metals/TimerProvider;Lscala/Function0;Lscala/meta/io/AbsolutePath;Lscala/Option;Lscala/meta/internal/metals/doctor/HeadDoctor;Lscala/meta/internal/metals/BspStatus;Lscala/meta/internal/metals/WorkDoneProgress;ILscala/meta/internal/metals/ModuleStatus;)V 299 <appendix> member <vmtarget> ; # scala/meta/internal/metals/ProjectMetalsLspService$$Lambda+0x0000020282407b38
instanceKlass scala/meta/internal/metals/FileSystemSemanticdbs
instanceKlass  @bci scala/meta/internal/metals/ProjectMetalsLspService <init> (Lscala/concurrent/ExecutionContextExecutorService;Ljava/util/concurrent/ScheduledExecutorService;Lscala/meta/internal/metals/MetalsServerInputs;Lscala/meta/internal/metals/clients/language/ConfiguredLanguageClient;Lorg/eclipse/lsp4j/InitializeParams;Lscala/meta/internal/metals/ClientConfiguration;Lscala/meta/internal/metals/StatusBar;Lscala/Function0;Lscala/meta/internal/metals/TimerProvider;Lscala/Function0;Lscala/meta/io/AbsolutePath;Lscala/Option;Lscala/meta/internal/metals/doctor/HeadDoctor;Lscala/meta/internal/metals/BspStatus;Lscala/meta/internal/metals/WorkDoneProgress;ILscala/meta/internal/metals/ModuleStatus;)V 264 <appendix> member <vmtarget> ; # scala/meta/internal/metals/ProjectMetalsLspService$$Lambda+0x0000020282407650
instanceKlass scala/meta/internal/bsp/BspConfigGenerationStatus$BspConfigGenerationStatus
instanceKlass scala/meta/internal/bsp/BspConfigGenerator
instanceKlass  @bci scala/meta/internal/metals/ProjectMetalsLspService <init> (Lscala/concurrent/ExecutionContextExecutorService;Ljava/util/concurrent/ScheduledExecutorService;Lscala/meta/internal/metals/MetalsServerInputs;Lscala/meta/internal/metals/clients/language/ConfiguredLanguageClient;Lorg/eclipse/lsp4j/InitializeParams;Lscala/meta/internal/metals/ClientConfiguration;Lscala/meta/internal/metals/StatusBar;Lscala/Function0;Lscala/meta/internal/metals/TimerProvider;Lscala/Function0;Lscala/meta/io/AbsolutePath;Lscala/Option;Lscala/meta/internal/metals/doctor/HeadDoctor;Lscala/meta/internal/metals/BspStatus;Lscala/meta/internal/metals/WorkDoneProgress;ILscala/meta/internal/metals/ModuleStatus;)V 229 <appendix> member <vmtarget> ; # scala/meta/internal/metals/ProjectMetalsLspService$$Lambda+0x0000020282406f80
instanceKlass  @bci scala/meta/internal/metals/watcher/ProjectFileWatcher <init> (Lscala/meta/internal/metals/MetalsServerConfig;Lscala/Function0;Lscala/meta/internal/metals/BuildTargets;Lscala/Function1;Lscala/Function1;Lscala/concurrent/ExecutionContext;)V 38 <appendix> argL0 ; # scala/meta/internal/metals/watcher/ProjectFileWatcher$$Lambda+0x0000020282406ca8
instanceKlass  @bci scala/meta/internal/metals/ProjectMetalsLspService <init> (Lscala/concurrent/ExecutionContextExecutorService;Ljava/util/concurrent/ScheduledExecutorService;Lscala/meta/internal/metals/MetalsServerInputs;Lscala/meta/internal/metals/clients/language/ConfiguredLanguageClient;Lorg/eclipse/lsp4j/InitializeParams;Lscala/meta/internal/metals/ClientConfiguration;Lscala/meta/internal/metals/StatusBar;Lscala/Function0;Lscala/meta/internal/metals/TimerProvider;Lscala/Function0;Lscala/meta/io/AbsolutePath;Lscala/Option;Lscala/meta/internal/metals/doctor/HeadDoctor;Lscala/meta/internal/metals/BspStatus;Lscala/meta/internal/metals/WorkDoneProgress;ILscala/meta/internal/metals/ModuleStatus;)V 195 <appendix> member <vmtarget> ; # scala/meta/internal/metals/ProjectMetalsLspService$$Lambda+0x00000202824068d8
instanceKlass scala/meta/internal/metals/watcher/FileWatcherEvent
instanceKlass  @bci scala/meta/internal/metals/ProjectMetalsLspService <init> (Lscala/concurrent/ExecutionContextExecutorService;Ljava/util/concurrent/ScheduledExecutorService;Lscala/meta/internal/metals/MetalsServerInputs;Lscala/meta/internal/metals/clients/language/ConfiguredLanguageClient;Lorg/eclipse/lsp4j/InitializeParams;Lscala/meta/internal/metals/ClientConfiguration;Lscala/meta/internal/metals/StatusBar;Lscala/Function0;Lscala/meta/internal/metals/TimerProvider;Lscala/Function0;Lscala/meta/io/AbsolutePath;Lscala/Option;Lscala/meta/internal/metals/doctor/HeadDoctor;Lscala/meta/internal/metals/BspStatus;Lscala/meta/internal/metals/WorkDoneProgress;ILscala/meta/internal/metals/ModuleStatus;)V 189 <appendix> member <vmtarget> ; # scala/meta/internal/metals/ProjectMetalsLspService$$Lambda+0x0000020282406290
instanceKlass  @bci scala/meta/internal/metals/ProjectMetalsLspService <init> (Lscala/concurrent/ExecutionContextExecutorService;Ljava/util/concurrent/ScheduledExecutorService;Lscala/meta/internal/metals/MetalsServerInputs;Lscala/meta/internal/metals/clients/language/ConfiguredLanguageClient;Lorg/eclipse/lsp4j/InitializeParams;Lscala/meta/internal/metals/ClientConfiguration;Lscala/meta/internal/metals/StatusBar;Lscala/Function0;Lscala/meta/internal/metals/TimerProvider;Lscala/Function0;Lscala/meta/io/AbsolutePath;Lscala/Option;Lscala/meta/internal/metals/doctor/HeadDoctor;Lscala/meta/internal/metals/BspStatus;Lscala/meta/internal/metals/WorkDoneProgress;ILscala/meta/internal/metals/ModuleStatus;)V 179 <appendix> member <vmtarget> ; # scala/meta/internal/metals/ProjectMetalsLspService$$Lambda+0x0000020282405fd0
instanceKlass scala/meta/internal/metals/watcher/ProjectFileWatcher
instanceKlass  @bci scala/meta/internal/metals/ProjectMetalsLspService <init> (Lscala/concurrent/ExecutionContextExecutorService;Ljava/util/concurrent/ScheduledExecutorService;Lscala/meta/internal/metals/MetalsServerInputs;Lscala/meta/internal/metals/clients/language/ConfiguredLanguageClient;Lorg/eclipse/lsp4j/InitializeParams;Lscala/meta/internal/metals/ClientConfiguration;Lscala/meta/internal/metals/StatusBar;Lscala/Function0;Lscala/meta/internal/metals/TimerProvider;Lscala/Function0;Lscala/meta/io/AbsolutePath;Lscala/Option;Lscala/meta/internal/metals/doctor/HeadDoctor;Lscala/meta/internal/metals/BspStatus;Lscala/meta/internal/metals/WorkDoneProgress;ILscala/meta/internal/metals/ModuleStatus;)V 153 <appendix> member <vmtarget> ; # scala/meta/internal/metals/ProjectMetalsLspService$$Lambda+0x0000020282405aa8
instanceKlass  @bci scala/meta/internal/metals/ProjectMetalsLspService <init> (Lscala/concurrent/ExecutionContextExecutorService;Ljava/util/concurrent/ScheduledExecutorService;Lscala/meta/internal/metals/MetalsServerInputs;Lscala/meta/internal/metals/clients/language/ConfiguredLanguageClient;Lorg/eclipse/lsp4j/InitializeParams;Lscala/meta/internal/metals/ClientConfiguration;Lscala/meta/internal/metals/StatusBar;Lscala/Function0;Lscala/meta/internal/metals/TimerProvider;Lscala/Function0;Lscala/meta/io/AbsolutePath;Lscala/Option;Lscala/meta/internal/metals/doctor/HeadDoctor;Lscala/meta/internal/metals/BspStatus;Lscala/meta/internal/metals/WorkDoneProgress;ILscala/meta/internal/metals/ModuleStatus;)V 147 <appendix> member <vmtarget> ; # scala/meta/internal/metals/ProjectMetalsLspService$$Lambda+0x00000202824057e8
instanceKlass scala/meta/internal/builds/BuildTools
instanceKlass  @bci scala/meta/internal/metals/ProjectMetalsLspService <init> (Lscala/concurrent/ExecutionContextExecutorService;Ljava/util/concurrent/ScheduledExecutorService;Lscala/meta/internal/metals/MetalsServerInputs;Lscala/meta/internal/metals/clients/language/ConfiguredLanguageClient;Lorg/eclipse/lsp4j/InitializeParams;Lscala/meta/internal/metals/ClientConfiguration;Lscala/meta/internal/metals/StatusBar;Lscala/Function0;Lscala/meta/internal/metals/TimerProvider;Lscala/Function0;Lscala/meta/io/AbsolutePath;Lscala/Option;Lscala/meta/internal/metals/doctor/HeadDoctor;Lscala/meta/internal/metals/BspStatus;Lscala/meta/internal/metals/WorkDoneProgress;ILscala/meta/internal/metals/ModuleStatus;)V 66 <appendix> member <vmtarget> ; # scala/meta/internal/metals/ProjectMetalsLspService$$Lambda+0x0000020282405318
instanceKlass scala/meta/internal/metals/FolderReportsZippper
instanceKlass java/text/DigitList
instanceKlass java/text/FieldPosition
instanceKlass  @bci sun/util/locale/provider/JRELocaleProviderAdapter getDecimalFormatSymbolsProvider ()Ljava/text/spi/DecimalFormatSymbolsProvider; 8 <appendix> member <vmtarget> ; # sun/util/locale/provider/JRELocaleProviderAdapter$$Lambda+0x80000006b
instanceKlass java/text/DecimalFormatSymbols
instanceKlass  @bci sun/util/locale/provider/JRELocaleProviderAdapter getNumberFormatProvider ()Ljava/text/spi/NumberFormatProvider; 8 <appendix> member <vmtarget> ; # sun/util/locale/provider/JRELocaleProviderAdapter$$Lambda+0x80000006c
instanceKlass sun/util/resources/Bundles$2
instanceKlass sun/util/resources/LocaleData$LocaleDataResourceBundleProvider
instanceKlass java/util/spi/ResourceBundleProvider
instanceKlass  @bci sun/util/locale/provider/JRELocaleProviderAdapter getDateFormatSymbolsProvider ()Ljava/text/spi/DateFormatSymbolsProvider; 8 <appendix> member <vmtarget> ; # sun/util/locale/provider/JRELocaleProviderAdapter$$Lambda+0x80000006a
instanceKlass java/text/DateFormatSymbols
instanceKlass java/text/AttributedCharacterIterator$Attribute
instanceKlass  @bci scala/meta/internal/metals/doctor/Doctor <init> (Lscala/meta/io/AbsolutePath;Lscala/meta/internal/metals/BuildTargets;Lscala/meta/internal/metals/Diagnostics;Lscala/meta/internal/metals/clients/language/MetalsLanguageClient;Lscala/meta/internal/metals/Tables;Lscala/meta/internal/metals/ClientConfiguration;Lscala/meta/internal/metals/MtagsResolver;Ljava/lang/String;Lscala/Function0;Lscala/concurrent/ExecutionContext;Lscala/meta/internal/metals/ReportContext;)V 100 <appendix> member <vmtarget> ; # scala/meta/internal/metals/doctor/Doctor$$Lambda+0x0000020282404d70
instanceKlass  @bci scala/meta/internal/metals/doctor/Doctor <init> (Lscala/meta/io/AbsolutePath;Lscala/meta/internal/metals/BuildTargets;Lscala/meta/internal/metals/Diagnostics;Lscala/meta/internal/metals/clients/language/MetalsLanguageClient;Lscala/meta/internal/metals/Tables;Lscala/meta/internal/metals/ClientConfiguration;Lscala/meta/internal/metals/MtagsResolver;Ljava/lang/String;Lscala/Function0;Lscala/concurrent/ExecutionContext;Lscala/meta/internal/metals/ReportContext;)V 94 <appendix> member <vmtarget> ; # scala/meta/internal/metals/doctor/Doctor$$Lambda+0x0000020282404a90
instanceKlass  @bci scala/meta/internal/metals/doctor/Doctor <init> (Lscala/meta/io/AbsolutePath;Lscala/meta/internal/metals/BuildTargets;Lscala/meta/internal/metals/Diagnostics;Lscala/meta/internal/metals/clients/language/MetalsLanguageClient;Lscala/meta/internal/metals/Tables;Lscala/meta/internal/metals/ClientConfiguration;Lscala/meta/internal/metals/MtagsResolver;Ljava/lang/String;Lscala/Function0;Lscala/concurrent/ExecutionContext;Lscala/meta/internal/metals/ReportContext;)V 88 <appendix> member <vmtarget> ; # scala/meta/internal/metals/doctor/Doctor$$Lambda+0x00000202824047d0
instanceKlass scala/meta/internal/metals/doctor/ProblemResolver
instanceKlass  @bci scala/meta/internal/metals/MetalsLspService <init> (Lscala/concurrent/ExecutionContextExecutorService;Ljava/util/concurrent/ScheduledExecutorService;Lscala/meta/internal/metals/MetalsServerInputs;Lscala/meta/internal/metals/clients/language/ConfiguredLanguageClient;Lorg/eclipse/lsp4j/InitializeParams;Lscala/meta/internal/metals/ClientConfiguration;Lscala/meta/internal/metals/StatusBar;Lscala/Function0;Lscala/meta/internal/metals/TimerProvider;Lscala/meta/io/AbsolutePath;Lscala/Option;Lscala/meta/internal/metals/doctor/HeadDoctor;Lscala/meta/internal/metals/BspStatus;Lscala/meta/internal/metals/WorkDoneProgress;ILscala/meta/internal/metals/ModuleStatus;)V 2533 <appendix> member <vmtarget> ; # scala/meta/internal/metals/MetalsLspService$$Lambda+0x00000202824042d8
instanceKlass scala/meta/internal/metals/doctor/DoctorStatus
instanceKlass scala/meta/internal/metals/doctor/Doctor
instanceKlass scala/collection/immutable/Queue$
instanceKlass  @bci scala/meta/internal/metals/MetalsLspService <init> (Lscala/concurrent/ExecutionContextExecutorService;Ljava/util/concurrent/ScheduledExecutorService;Lscala/meta/internal/metals/MetalsServerInputs;Lscala/meta/internal/metals/clients/language/ConfiguredLanguageClient;Lorg/eclipse/lsp4j/InitializeParams;Lscala/meta/internal/metals/ClientConfiguration;Lscala/meta/internal/metals/StatusBar;Lscala/Function0;Lscala/meta/internal/metals/TimerProvider;Lscala/meta/io/AbsolutePath;Lscala/Option;Lscala/meta/internal/metals/doctor/HeadDoctor;Lscala/meta/internal/metals/BspStatus;Lscala/meta/internal/metals/WorkDoneProgress;ILscala/meta/internal/metals/ModuleStatus;)V 2474 <appendix> member <vmtarget> ; # scala/meta/internal/metals/MetalsLspService$$Lambda+0x0000020282400000
instanceKlass  @bci scala/meta/internal/metals/MetalsLspService <init> (Lscala/concurrent/ExecutionContextExecutorService;Ljava/util/concurrent/ScheduledExecutorService;Lscala/meta/internal/metals/MetalsServerInputs;Lscala/meta/internal/metals/clients/language/ConfiguredLanguageClient;Lorg/eclipse/lsp4j/InitializeParams;Lscala/meta/internal/metals/ClientConfiguration;Lscala/meta/internal/metals/StatusBar;Lscala/Function0;Lscala/meta/internal/metals/TimerProvider;Lscala/meta/io/AbsolutePath;Lscala/Option;Lscala/meta/internal/metals/doctor/HeadDoctor;Lscala/meta/internal/metals/BspStatus;Lscala/meta/internal/metals/WorkDoneProgress;ILscala/meta/internal/metals/ModuleStatus;)V 2468 <appendix> member <vmtarget> ; # scala/meta/internal/metals/MetalsLspService$$Lambda+0x00000202823ffa00
instanceKlass  @bci scala/meta/internal/metals/MetalsLspService <init> (Lscala/concurrent/ExecutionContextExecutorService;Ljava/util/concurrent/ScheduledExecutorService;Lscala/meta/internal/metals/MetalsServerInputs;Lscala/meta/internal/metals/clients/language/ConfiguredLanguageClient;Lorg/eclipse/lsp4j/InitializeParams;Lscala/meta/internal/metals/ClientConfiguration;Lscala/meta/internal/metals/StatusBar;Lscala/Function0;Lscala/meta/internal/metals/TimerProvider;Lscala/meta/io/AbsolutePath;Lscala/Option;Lscala/meta/internal/metals/doctor/HeadDoctor;Lscala/meta/internal/metals/BspStatus;Lscala/meta/internal/metals/WorkDoneProgress;ILscala/meta/internal/metals/ModuleStatus;)V 2462 <appendix> member <vmtarget> ; # scala/meta/internal/metals/MetalsLspService$$Lambda+0x00000202823ff740
instanceKlass  @bci scala/meta/internal/metals/MetalsLspService <init> (Lscala/concurrent/ExecutionContextExecutorService;Ljava/util/concurrent/ScheduledExecutorService;Lscala/meta/internal/metals/MetalsServerInputs;Lscala/meta/internal/metals/clients/language/ConfiguredLanguageClient;Lorg/eclipse/lsp4j/InitializeParams;Lscala/meta/internal/metals/ClientConfiguration;Lscala/meta/internal/metals/StatusBar;Lscala/Function0;Lscala/meta/internal/metals/TimerProvider;Lscala/meta/io/AbsolutePath;Lscala/Option;Lscala/meta/internal/metals/doctor/HeadDoctor;Lscala/meta/internal/metals/BspStatus;Lscala/meta/internal/metals/WorkDoneProgress;ILscala/meta/internal/metals/ModuleStatus;)V 2454 <appendix> member <vmtarget> ; # scala/meta/internal/metals/MetalsLspService$$Lambda+0x00000202823ff480
instanceKlass  @bci scala/meta/internal/metals/MetalsLspService <init> (Lscala/concurrent/ExecutionContextExecutorService;Ljava/util/concurrent/ScheduledExecutorService;Lscala/meta/internal/metals/MetalsServerInputs;Lscala/meta/internal/metals/clients/language/ConfiguredLanguageClient;Lorg/eclipse/lsp4j/InitializeParams;Lscala/meta/internal/metals/ClientConfiguration;Lscala/meta/internal/metals/StatusBar;Lscala/Function0;Lscala/meta/internal/metals/TimerProvider;Lscala/meta/io/AbsolutePath;Lscala/Option;Lscala/meta/internal/metals/doctor/HeadDoctor;Lscala/meta/internal/metals/BspStatus;Lscala/meta/internal/metals/WorkDoneProgress;ILscala/meta/internal/metals/ModuleStatus;)V 2444 <appendix> member <vmtarget> ; # scala/meta/internal/metals/MetalsLspService$$Lambda+0x00000202823ff1c0
instanceKlass  @bci scala/meta/internal/metals/MetalsLspService <init> (Lscala/concurrent/ExecutionContextExecutorService;Ljava/util/concurrent/ScheduledExecutorService;Lscala/meta/internal/metals/MetalsServerInputs;Lscala/meta/internal/metals/clients/language/ConfiguredLanguageClient;Lorg/eclipse/lsp4j/InitializeParams;Lscala/meta/internal/metals/ClientConfiguration;Lscala/meta/internal/metals/StatusBar;Lscala/Function0;Lscala/meta/internal/metals/TimerProvider;Lscala/meta/io/AbsolutePath;Lscala/Option;Lscala/meta/internal/metals/doctor/HeadDoctor;Lscala/meta/internal/metals/BspStatus;Lscala/meta/internal/metals/WorkDoneProgress;ILscala/meta/internal/metals/ModuleStatus;)V 2438 <appendix> member <vmtarget> ; # scala/meta/internal/metals/MetalsLspService$$Lambda+0x00000202823fef00
instanceKlass  @bci scala/meta/internal/metals/MetalsLspService <init> (Lscala/concurrent/ExecutionContextExecutorService;Ljava/util/concurrent/ScheduledExecutorService;Lscala/meta/internal/metals/MetalsServerInputs;Lscala/meta/internal/metals/clients/language/ConfiguredLanguageClient;Lorg/eclipse/lsp4j/InitializeParams;Lscala/meta/internal/metals/ClientConfiguration;Lscala/meta/internal/metals/StatusBar;Lscala/Function0;Lscala/meta/internal/metals/TimerProvider;Lscala/meta/io/AbsolutePath;Lscala/Option;Lscala/meta/internal/metals/doctor/HeadDoctor;Lscala/meta/internal/metals/BspStatus;Lscala/meta/internal/metals/WorkDoneProgress;ILscala/meta/internal/metals/ModuleStatus;)V 2422 <appendix> member <vmtarget> ; # scala/meta/internal/metals/MetalsLspService$$Lambda+0x00000202823fec40
instanceKlass  @bci scala/meta/internal/metals/clients/language/ForwardingMetalsBuildClient registerLogForwarder (Lscala/meta/internal/metals/clients/language/LogForwarder;)Lscala/collection/immutable/List; 5 <appendix> member <vmtarget> ; # scala/meta/internal/metals/clients/language/ForwardingMetalsBuildClient$$Lambda+0x00000202823fe9e0
instanceKlass scala/meta/internal/metals/debug/server/DebugeeParamsCreator
instanceKlass  @bci scala/meta/internal/metals/MetalsLspService <init> (Lscala/concurrent/ExecutionContextExecutorService;Ljava/util/concurrent/ScheduledExecutorService;Lscala/meta/internal/metals/MetalsServerInputs;Lscala/meta/internal/metals/clients/language/ConfiguredLanguageClient;Lorg/eclipse/lsp4j/InitializeParams;Lscala/meta/internal/metals/ClientConfiguration;Lscala/meta/internal/metals/StatusBar;Lscala/Function0;Lscala/meta/internal/metals/TimerProvider;Lscala/meta/io/AbsolutePath;Lscala/Option;Lscala/meta/internal/metals/doctor/HeadDoctor;Lscala/meta/internal/metals/BspStatus;Lscala/meta/internal/metals/WorkDoneProgress;ILscala/meta/internal/metals/ModuleStatus;)V 2378 <appendix> member <vmtarget> ; # scala/meta/internal/metals/MetalsLspService$$Lambda+0x00000202823fe060
instanceKlass ch/epfl/scala/debugadapter/Debuggee
instanceKlass ch/epfl/scala/debugadapter/DebugToolsResolver
instanceKlass ch/epfl/scala/debugadapter/Logger
instanceKlass java/net/SocketAddress
instanceKlass scala/meta/internal/metals/debug/DebugProvider
instanceKlass  @bci scala/meta/internal/metals/MetalsLspService <init> (Lscala/concurrent/ExecutionContextExecutorService;Ljava/util/concurrent/ScheduledExecutorService;Lscala/meta/internal/metals/MetalsServerInputs;Lscala/meta/internal/metals/clients/language/ConfiguredLanguageClient;Lorg/eclipse/lsp4j/InitializeParams;Lscala/meta/internal/metals/ClientConfiguration;Lscala/meta/internal/metals/StatusBar;Lscala/Function0;Lscala/meta/internal/metals/TimerProvider;Lscala/meta/io/AbsolutePath;Lscala/Option;Lscala/meta/internal/metals/doctor/HeadDoctor;Lscala/meta/internal/metals/BspStatus;Lscala/meta/internal/metals/WorkDoneProgress;ILscala/meta/internal/metals/ModuleStatus;)V 2304 <appendix> member <vmtarget> ; # scala/meta/internal/metals/MetalsLspService$$Lambda+0x00000202823fd4b8
instanceKlass  @bci scala/meta/internal/metals/MetalsLspService <init> (Lscala/concurrent/ExecutionContextExecutorService;Ljava/util/concurrent/ScheduledExecutorService;Lscala/meta/internal/metals/MetalsServerInputs;Lscala/meta/internal/metals/clients/language/ConfiguredLanguageClient;Lorg/eclipse/lsp4j/InitializeParams;Lscala/meta/internal/metals/ClientConfiguration;Lscala/meta/internal/metals/StatusBar;Lscala/Function0;Lscala/meta/internal/metals/TimerProvider;Lscala/meta/io/AbsolutePath;Lscala/Option;Lscala/meta/internal/metals/doctor/HeadDoctor;Lscala/meta/internal/metals/BspStatus;Lscala/meta/internal/metals/WorkDoneProgress;ILscala/meta/internal/metals/ModuleStatus;)V 2298 <appendix> member <vmtarget> ; # scala/meta/internal/metals/MetalsLspService$$Lambda+0x00000202823fd1f8
instanceKlass scala/meta/internal/metals/config/RunType$RunType
instanceKlass scala/meta/internal/metals/debug/DebugDiscovery
instanceKlass scala/meta/internal/metals/debug/BuildTargetClassesFinder
instanceKlass  @bci scala/meta/internal/metals/MetalsLspService <init> (Lscala/concurrent/ExecutionContextExecutorService;Ljava/util/concurrent/ScheduledExecutorService;Lscala/meta/internal/metals/MetalsServerInputs;Lscala/meta/internal/metals/clients/language/ConfiguredLanguageClient;Lorg/eclipse/lsp4j/InitializeParams;Lscala/meta/internal/metals/ClientConfiguration;Lscala/meta/internal/metals/StatusBar;Lscala/Function0;Lscala/meta/internal/metals/TimerProvider;Lscala/meta/io/AbsolutePath;Lscala/Option;Lscala/meta/internal/metals/doctor/HeadDoctor;Lscala/meta/internal/metals/BspStatus;Lscala/meta/internal/metals/WorkDoneProgress;ILscala/meta/internal/metals/ModuleStatus;)V 2236 <appendix> member <vmtarget> ; # scala/meta/internal/metals/MetalsLspService$$Lambda+0x00000202823f9d50
instanceKlass ch/epfl/scala/bsp4j/DidChangeBuildTarget
instanceKlass  @bci scala/meta/internal/metals/MetalsLspService <init> (Lscala/concurrent/ExecutionContextExecutorService;Ljava/util/concurrent/ScheduledExecutorService;Lscala/meta/internal/metals/MetalsServerInputs;Lscala/meta/internal/metals/clients/language/ConfiguredLanguageClient;Lorg/eclipse/lsp4j/InitializeParams;Lscala/meta/internal/metals/ClientConfiguration;Lscala/meta/internal/metals/StatusBar;Lscala/Function0;Lscala/meta/internal/metals/TimerProvider;Lscala/meta/io/AbsolutePath;Lscala/Option;Lscala/meta/internal/metals/doctor/HeadDoctor;Lscala/meta/internal/metals/BspStatus;Lscala/meta/internal/metals/WorkDoneProgress;ILscala/meta/internal/metals/ModuleStatus;)V 2230 <appendix> member <vmtarget> ; # scala/meta/internal/metals/MetalsLspService$$Lambda+0x00000202823f9760
instanceKlass  @bci scala/meta/internal/metals/MetalsLspService <init> (Lscala/concurrent/ExecutionContextExecutorService;Ljava/util/concurrent/ScheduledExecutorService;Lscala/meta/internal/metals/MetalsServerInputs;Lscala/meta/internal/metals/clients/language/ConfiguredLanguageClient;Lorg/eclipse/lsp4j/InitializeParams;Lscala/meta/internal/metals/ClientConfiguration;Lscala/meta/internal/metals/StatusBar;Lscala/Function0;Lscala/meta/internal/metals/TimerProvider;Lscala/meta/io/AbsolutePath;Lscala/Option;Lscala/meta/internal/metals/doctor/HeadDoctor;Lscala/meta/internal/metals/BspStatus;Lscala/meta/internal/metals/WorkDoneProgress;ILscala/meta/internal/metals/ModuleStatus;)V 2224 <appendix> member <vmtarget> ; # scala/meta/internal/metals/MetalsLspService$$Lambda+0x00000202823f9390
instanceKlass ch/epfl/scala/bsp4j/CompileReport
instanceKlass scala/meta/internal/metals/clients/language/ForwardingMetalsBuildClient
instanceKlass scala/meta/internal/metals/MetalsPasteProvider
instanceKlass  @bci scala/meta/internal/metals/MetalsLspService <init> (Lscala/concurrent/ExecutionContextExecutorService;Ljava/util/concurrent/ScheduledExecutorService;Lscala/meta/internal/metals/MetalsServerInputs;Lscala/meta/internal/metals/clients/language/ConfiguredLanguageClient;Lorg/eclipse/lsp4j/InitializeParams;Lscala/meta/internal/metals/ClientConfiguration;Lscala/meta/internal/metals/StatusBar;Lscala/Function0;Lscala/meta/internal/metals/TimerProvider;Lscala/meta/io/AbsolutePath;Lscala/Option;Lscala/meta/internal/metals/doctor/HeadDoctor;Lscala/meta/internal/metals/BspStatus;Lscala/meta/internal/metals/WorkDoneProgress;ILscala/meta/internal/metals/ModuleStatus;)V 2139 <appendix> member <vmtarget> ; # scala/meta/internal/metals/MetalsLspService$$Lambda+0x00000202823f89a8
instanceKlass scala/meta/internal/metals/findfiles/FindTextInDependencyJars
instanceKlass scala/meta/internal/metals/InlayHintResolveProvider
instanceKlass  @bci scala/meta/internal/metals/codeactions/CodeActionProvider <init> (Lscala/meta/internal/metals/Compilers;Lscala/meta/io/AbsolutePath;Lscala/meta/internal/metals/Buffers;Lscala/meta/internal/metals/BuildTargets;Lscala/meta/internal/metals/ScalafixProvider;Lscala/meta/internal/parsing/Trees;Lscala/meta/internal/metals/Diagnostics;Lscala/meta/internal/metals/clients/language/MetalsLanguageClient;Lscala/meta/internal/metals/ClientConfiguration;Lscala/concurrent/ExecutionContext;)V 456 <appendix> argL0 ; # scala/meta/internal/metals/codeactions/CodeActionProvider$$Lambda+0x00000202823f83c8
instanceKlass  @bci scala/meta/internal/metals/ServerCommands$ <clinit> ()V 2774 <appendix> argL0 ; # scala/meta/internal/metals/ServerCommands$$$Lambda+0x00000202823f8000
instanceKlass scala/meta/internal/metals/OpenBrowserCommand
instanceKlass  @bci scala/meta/internal/metals/ServerCommands$ <clinit> ()V 2054 <appendix> form vmentry <vmtarget> ; # java/lang/invoke/LambdaForm$MH+0x00000202823f7c00
# instanceKlass java/lang/invoke/LambdaForm$MH+0x00000202823f7800
# instanceKlass java/lang/invoke/LambdaForm$MH+0x00000202823f7400
# instanceKlass java/lang/invoke/LambdaForm$MH+0x00000202823f7000
# instanceKlass java/lang/invoke/LambdaForm$MH+0x00000202823f6c00
# instanceKlass java/lang/invoke/LambdaForm$MH+0x00000202823f6800
# instanceKlass java/lang/invoke/LambdaForm$MH+0x00000202823f6400
instanceKlass scala/meta/internal/metals/newScalaFile/NewFileTypes$JavaRecord$
instanceKlass scala/meta/internal/metals/newScalaFile/NewFileTypes$JavaEnum$
instanceKlass scala/meta/internal/metals/newScalaFile/NewFileTypes$JavaInterface$
instanceKlass scala/meta/internal/metals/newScalaFile/NewFileTypes$JavaClass$
instanceKlass  @bci scala/meta/internal/metals/ServerCommands$ <clinit> ()V 1949 <adapter> ; # java/lang/invoke/LambdaForm$MH+0x00000202823f6000
# instanceKlass java/lang/invoke/LambdaForm$DMH+0x00000202823f5c00
instanceKlass  @bci scala/meta/internal/metals/ServerCommands$ <clinit> ()V 1949 <appendix> form vmentry <vmtarget> ; # java/lang/invoke/LambdaForm$MH+0x00000202823f5800
# instanceKlass java/lang/invoke/LambdaForm$DMH+0x00000202823f5400
# instanceKlass java/lang/invoke/LambdaForm$MH+0x00000202823f5000
# instanceKlass java/lang/invoke/LambdaForm$DMH+0x00000202823f4c00
instanceKlass  @bci scala/meta/internal/metals/ServerCommands$ <clinit> ()V 1949 <appendix> argL11 form vmentry <vmtarget> ; # java/lang/invoke/LambdaForm$MH+0x00000202823f4800
# instanceKlass java/lang/invoke/LambdaForm$MH+0x00000202823f4400
# instanceKlass java/lang/invoke/LambdaForm$DMH+0x00000202823f4000
# instanceKlass java/lang/invoke/LambdaForm$MH+0x00000202823f3c00
# instanceKlass java/lang/invoke/LambdaForm$DMH+0x00000202823f3800
# instanceKlass java/lang/invoke/LambdaForm$MH+0x00000202823f3400
# instanceKlass java/lang/invoke/LambdaForm$MH+0x00000202823f3000
instanceKlass  @bci scala/meta/internal/metals/ServerCommands$ <clinit> ()V 1949 <appendix> argL7 form vmentry <vmtarget> ; # java/lang/invoke/LambdaForm$MH+0x00000202823f2c00
# instanceKlass java/lang/invoke/LambdaForm$MH+0x00000202823f2800
# instanceKlass java/lang/invoke/LambdaForm$MH+0x00000202823f2400
# instanceKlass java/lang/invoke/LambdaForm$MH+0x00000202823f2000
# instanceKlass java/lang/invoke/LambdaForm$MH+0x00000202823f1c00
# instanceKlass java/lang/invoke/LambdaForm$MH+0x00000202823f1800
# instanceKlass java/lang/invoke/LambdaForm$MH+0x00000202823f1400
# instanceKlass java/lang/invoke/LambdaForm$MH+0x00000202823f1000
instanceKlass  @bci scala/meta/internal/metals/ServerCommands$ <clinit> ()V 1949 <appendix> argL1 form vmentry <vmtarget> ; # java/lang/invoke/LambdaForm$MH+0x00000202823f0c00
# instanceKlass java/lang/invoke/LambdaForm$MH+0x00000202823f0800
# instanceKlass java/lang/invoke/LambdaForm$MH+0x00000202823f0400
# instanceKlass java/lang/invoke/LambdaForm$MH+0x00000202823f0000
instanceKlass scala/meta/internal/metals/newScalaFile/NewFileTypes$ScalaScript$
instanceKlass scala/meta/internal/metals/newScalaFile/NewFileTypes$Worksheet$
instanceKlass scala/meta/internal/metals/newScalaFile/NewFileTypes$PackageObject$
instanceKlass scala/meta/internal/metals/newScalaFile/NewFileTypes$Trait$
instanceKlass scala/meta/internal/metals/newScalaFile/NewFileTypes$Object$
instanceKlass scala/meta/internal/metals/newScalaFile/NewFileTypes$Enum$
instanceKlass scala/meta/internal/metals/newScalaFile/NewFileTypes$CaseClass$
instanceKlass scala/meta/internal/metals/newScalaFile/NewFileTypes$Class$
instanceKlass scala/meta/internal/metals/newScalaFile/NewFileTypes$FromClipboard$
instanceKlass scala/meta/internal/metals/newScalaFile/NewFileTypes$ScalaFile$
instanceKlass scala/meta/internal/metals/ListParametrizedCommand
instanceKlass scala/meta/internal/metals/ServerCommands$ChooseClassRequest
instanceKlass scala/meta/internal/metals/MetalsPasteParams
instanceKlass scala/meta/internal/metals/DebugUnresolvedAttachRemoteParams
instanceKlass scala/meta/internal/metals/DebugUnresolvedTestClassParams
instanceKlass scala/meta/internal/metals/ScalaTestSuitesDebugRequest
instanceKlass scala/meta/internal/metals/DebugUnresolvedMainClassParams
instanceKlass ch/epfl/scala/bsp4j/DebugSessionParams
instanceKlass scala/meta/internal/metals/RunScalafixRulesParams
instanceKlass scala/meta/internal/metals/ServerCommands$DiscoverTestParams
instanceKlass scala/meta/internal/metals/DebugDiscoveryParams
instanceKlass scala/meta/internal/metals/ParametrizedCommand$
instanceKlass scala/meta/internal/metals/JsonParser$Of
instanceKlass scala/meta/internal/metals/ParametrizedCommand
instanceKlass  @bci scala/collection/StringOps$ stripMargin$extension (Ljava/lang/String;C)Ljava/lang/String; 27 <appendix> member <vmtarget> ; # scala/collection/StringOps$$$Lambda+0x00000202823ea300
instanceKlass scala/meta/internal/metals/Command
instanceKlass scala/meta/internal/metals/ServerCommands$
instanceKlass  @bci scala/meta/internal/metals/codeactions/CodeActionProvider <init> (Lscala/meta/internal/metals/Compilers;Lscala/meta/io/AbsolutePath;Lscala/meta/internal/metals/Buffers;Lscala/meta/internal/metals/BuildTargets;Lscala/meta/internal/metals/ScalafixProvider;Lscala/meta/internal/parsing/Trees;Lscala/meta/internal/metals/Diagnostics;Lscala/meta/internal/metals/clients/language/MetalsLanguageClient;Lscala/meta/internal/metals/ClientConfiguration;Lscala/concurrent/ExecutionContext;)V 448 <appendix> argL0 ; # scala/meta/internal/metals/codeactions/CodeActionProvider$$Lambda+0x00000202823e99e0
instanceKlass scala/meta/internal/metals/codeactions/ConvertToNamedLambdaParameters
instanceKlass scala/meta/internal/metals/codeactions/SourceRemoveInvalidImports$
instanceKlass scala/meta/internal/metals/codeactions/RemoveInvalidImportQuickFix$
instanceKlass scala/meta/internal/metals/codeactions/RemoveInvalidImport$RemovalEdit
instanceKlass scala/meta/internal/metals/codeactions/RemoveInvalidImport
instanceKlass scala/meta/internal/metals/codeactions/ConvertCommentCodeAction
instanceKlass scala/meta/internal/metals/codeactions/MillifyScalaCliDependencyCodeAction
instanceKlass scala/meta/internal/metals/codeactions/MillifyDependencyCodeAction
instanceKlass scala/meta/internal/metals/codeactions/FilterMapToCollectCodeAction$FunctionApply
instanceKlass scala/meta/Name
instanceKlass scala/meta/internal/metals/codeactions/FilterMapToCollectCodeAction
instanceKlass scala/meta/Pat
instanceKlass scala/meta/internal/metals/codeactions/FlatMapToForComprehensionCodeAction
instanceKlass scala/meta/internal/metals/codeactions/ConvertToNamedArguments
instanceKlass scala/meta/internal/metals/codeactions/InlineValueCodeAction
instanceKlass scala/meta/internal/metals/codeactions/ExtractMethodCodeAction
instanceKlass scala/meta/internal/metals/codeactions/CreateCompanionObjectCodeAction
instanceKlass scala/meta/internal/metals/codeactions/ExtractValueCodeAction
instanceKlass scala/meta/internal/metals/codeactions/RewriteBracesParensCodeAction
instanceKlass scala/meta/internal/metals/codeactions/PatternMatchRefactor
instanceKlass scala/meta/internal/metals/codeactions/InsertInferredType
instanceKlass scala/meta/internal/metals/codeactions/OrganizeImportsQuickFix$
instanceKlass scala/meta/internal/metals/codeactions/SourceOrganizeImports$
instanceKlass scala/meta/internal/metals/codeactions/OrganizeImports
instanceKlass scala/meta/internal/metals/codeactions/RemoveInfixRefactor
instanceKlass scala/meta/internal/metals/codeactions/StringActions
instanceKlass scala/meta/internal/metals/codeactions/ExplainDiagnostic
instanceKlass scala/meta/internal/metals/codeactions/ActionableDiagnostic
instanceKlass scala/meta/internal/metals/codeactions/CreateNewSymbol
instanceKlass scala/meta/internal/metals/codeactions/SourceAddMissingImports$
instanceKlass scala/meta/internal/metals/codeactions/ImportMissingSymbol$
instanceKlass scala/meta/internal/metals/codeactions/ImportMissingSymbolQuickFix$
instanceKlass scala/meta/internal/metals/codeactions/ImportMissingSymbol
instanceKlass scala/meta/internal/metals/codeactions/ImplementAbstractMembers
instanceKlass scala/meta/internal/metals/codeactions/CodeAction$$anon$1
instanceKlass scala/meta/Term$Ref
instanceKlass scala/meta/Ref
instanceKlass scala/meta/transversers/SimpleTraverser
instanceKlass scala/meta/internal/metals/codeactions/ExtractRenameMember
instanceKlass scala/meta/internal/metals/codeactions/CodeAction
instanceKlass scala/meta/internal/metals/codeactions/CodeActionProvider
instanceKlass  @bci scala/meta/internal/metals/MetalsLspService <init> (Lscala/concurrent/ExecutionContextExecutorService;Ljava/util/concurrent/ScheduledExecutorService;Lscala/meta/internal/metals/MetalsServerInputs;Lscala/meta/internal/metals/clients/language/ConfiguredLanguageClient;Lorg/eclipse/lsp4j/InitializeParams;Lscala/meta/internal/metals/ClientConfiguration;Lscala/meta/internal/metals/StatusBar;Lscala/Function0;Lscala/meta/internal/metals/TimerProvider;Lscala/meta/io/AbsolutePath;Lscala/Option;Lscala/meta/internal/metals/doctor/HeadDoctor;Lscala/meta/internal/metals/BspStatus;Lscala/meta/internal/metals/WorkDoneProgress;ILscala/meta/internal/metals/ModuleStatus;)V 2036 <appendix> member <vmtarget> ; # scala/meta/internal/metals/MetalsLspService$$Lambda+0x00000202823e1398
instanceKlass  @bci scala/meta/internal/metals/MetalsLspService <init> (Lscala/concurrent/ExecutionContextExecutorService;Ljava/util/concurrent/ScheduledExecutorService;Lscala/meta/internal/metals/MetalsServerInputs;Lscala/meta/internal/metals/clients/language/ConfiguredLanguageClient;Lorg/eclipse/lsp4j/InitializeParams;Lscala/meta/internal/metals/ClientConfiguration;Lscala/meta/internal/metals/StatusBar;Lscala/Function0;Lscala/meta/internal/metals/TimerProvider;Lscala/meta/io/AbsolutePath;Lscala/Option;Lscala/meta/internal/metals/doctor/HeadDoctor;Lscala/meta/internal/metals/BspStatus;Lscala/meta/internal/metals/WorkDoneProgress;ILscala/meta/internal/metals/ModuleStatus;)V 2008 <appendix> member <vmtarget> ; # scala/meta/internal/metals/MetalsLspService$$Lambda+0x00000202823e10d8
instanceKlass scala/meta/internal/metals/ScalafixProvider
instanceKlass scala/meta/internal/rename/RenameProvider
instanceKlass scala/meta/internal/metals/typeHierarchy/TypeHierarchyItemBuilder
instanceKlass  @bci scala/meta/internal/metals/MetalsLspService <init> (Lscala/concurrent/ExecutionContextExecutorService;Ljava/util/concurrent/ScheduledExecutorService;Lscala/meta/internal/metals/MetalsServerInputs;Lscala/meta/internal/metals/clients/language/ConfiguredLanguageClient;Lorg/eclipse/lsp4j/InitializeParams;Lscala/meta/internal/metals/ClientConfiguration;Lscala/meta/internal/metals/StatusBar;Lscala/Function0;Lscala/meta/internal/metals/TimerProvider;Lscala/meta/io/AbsolutePath;Lscala/Option;Lscala/meta/internal/metals/doctor/HeadDoctor;Lscala/meta/internal/metals/BspStatus;Lscala/meta/internal/metals/WorkDoneProgress;ILscala/meta/internal/metals/ModuleStatus;)V 1918 <appendix> member <vmtarget> ; # scala/meta/internal/metals/MetalsLspService$$Lambda+0x00000202823e0000
instanceKlass scala/meta/internal/metals/typeHierarchy/TypeHierarchyProvider
instanceKlass scala/meta/internal/metals/callHierarchy/OutgoingCallsFinder
instanceKlass scala/meta/internal/metals/callHierarchy/IncomingCallsFinder
instanceKlass scala/meta/internal/metals/callHierarchy/CallHierarchyItemBuilder
instanceKlass  @bci scala/meta/internal/metals/MetalsLspService <init> (Lscala/concurrent/ExecutionContextExecutorService;Ljava/util/concurrent/ScheduledExecutorService;Lscala/meta/internal/metals/MetalsServerInputs;Lscala/meta/internal/metals/clients/language/ConfiguredLanguageClient;Lorg/eclipse/lsp4j/InitializeParams;Lscala/meta/internal/metals/ClientConfiguration;Lscala/meta/internal/metals/StatusBar;Lscala/Function0;Lscala/meta/internal/metals/TimerProvider;Lscala/meta/io/AbsolutePath;Lscala/Option;Lscala/meta/internal/metals/doctor/HeadDoctor;Lscala/meta/internal/metals/BspStatus;Lscala/meta/internal/metals/WorkDoneProgress;ILscala/meta/internal/metals/ModuleStatus;)V 1885 <appendix> member <vmtarget> ; # scala/meta/internal/metals/MetalsLspService$$Lambda+0x00000202823df210
instanceKlass  @bci scala/meta/internal/metals/MetalsLspService <init> (Lscala/concurrent/ExecutionContextExecutorService;Ljava/util/concurrent/ScheduledExecutorService;Lscala/meta/internal/metals/MetalsServerInputs;Lscala/meta/internal/metals/clients/language/ConfiguredLanguageClient;Lorg/eclipse/lsp4j/InitializeParams;Lscala/meta/internal/metals/ClientConfiguration;Lscala/meta/internal/metals/StatusBar;Lscala/Function0;Lscala/meta/internal/metals/TimerProvider;Lscala/meta/io/AbsolutePath;Lscala/Option;Lscala/meta/internal/metals/doctor/HeadDoctor;Lscala/meta/internal/metals/BspStatus;Lscala/meta/internal/metals/WorkDoneProgress;ILscala/meta/internal/metals/ModuleStatus;)V 1866 <appendix> member <vmtarget> ; # scala/meta/internal/metals/MetalsLspService$$Lambda+0x00000202823def50
instanceKlass scala/meta/internal/metals/callHierarchy/CallHierarchyProvider
instanceKlass scala/meta/internal/metals/callHierarchy/CallHierarchyHelpers
instanceKlass scala/meta/internal/implementation/Supermethods
instanceKlass scala/meta/internal/search/GlobalClassTable
instanceKlass  @bci scala/meta/internal/metals/MetalsLspService <init> (Lscala/concurrent/ExecutionContextExecutorService;Ljava/util/concurrent/ScheduledExecutorService;Lscala/meta/internal/metals/MetalsServerInputs;Lscala/meta/internal/metals/clients/language/ConfiguredLanguageClient;Lorg/eclipse/lsp4j/InitializeParams;Lscala/meta/internal/metals/ClientConfiguration;Lscala/meta/internal/metals/StatusBar;Lscala/Function0;Lscala/meta/internal/metals/TimerProvider;Lscala/meta/io/AbsolutePath;Lscala/Option;Lscala/meta/internal/metals/doctor/HeadDoctor;Lscala/meta/internal/metals/BspStatus;Lscala/meta/internal/metals/WorkDoneProgress;ILscala/meta/internal/metals/ModuleStatus;)V 1742 <appendix> member <vmtarget> ; # scala/meta/internal/metals/MetalsLspService$$Lambda+0x00000202823de368
instanceKlass scala/meta/internal/search/SymbolHierarchyOps
instanceKlass  @bci scala/meta/internal/metals/MetalsLspService <init> (Lscala/concurrent/ExecutionContextExecutorService;Ljava/util/concurrent/ScheduledExecutorService;Lscala/meta/internal/metals/MetalsServerInputs;Lscala/meta/internal/metals/clients/language/ConfiguredLanguageClient;Lorg/eclipse/lsp4j/InitializeParams;Lscala/meta/internal/metals/ClientConfiguration;Lscala/meta/internal/metals/StatusBar;Lscala/Function0;Lscala/meta/internal/metals/TimerProvider;Lscala/meta/io/AbsolutePath;Lscala/Option;Lscala/meta/internal/metals/doctor/HeadDoctor;Lscala/meta/internal/metals/BspStatus;Lscala/meta/internal/metals/WorkDoneProgress;ILscala/meta/internal/metals/ModuleStatus;)V 1689 <appendix> member <vmtarget> ; # scala/meta/internal/metals/MetalsLspService$$Lambda+0x00000202823dde80
instanceKlass scala/meta/internal/implementation/InheritanceContext
instanceKlass scala/meta/internal/implementation/ImplementationProvider
instanceKlass  @bci scala/meta/internal/metals/MetalsLspService <init> (Lscala/concurrent/ExecutionContextExecutorService;Ljava/util/concurrent/ScheduledExecutorService;Lscala/meta/internal/metals/MetalsServerInputs;Lscala/meta/internal/metals/clients/language/ConfiguredLanguageClient;Lorg/eclipse/lsp4j/InitializeParams;Lscala/meta/internal/metals/ClientConfiguration;Lscala/meta/internal/metals/StatusBar;Lscala/Function0;Lscala/meta/internal/metals/TimerProvider;Lscala/meta/io/AbsolutePath;Lscala/Option;Lscala/meta/internal/metals/doctor/HeadDoctor;Lscala/meta/internal/metals/BspStatus;Lscala/meta/internal/metals/WorkDoneProgress;ILscala/meta/internal/metals/ModuleStatus;)V 1664 <appendix> member <vmtarget> ; # scala/meta/internal/metals/MetalsLspService$$Lambda+0x00000202823dd528
instanceKlass org/eclipse/jface/text/IDocument
instanceKlass java/security/cert/CertPathValidatorException$Reason
instanceKlass java/time/Instant$1
instanceKlass java/time/format/DateTimePrintContext
instanceKlass scala/meta/internal/metals/JavaFormattingProvider
instanceKlass  @bci scala/meta/internal/metals/MetalsLspService <init> (Lscala/concurrent/ExecutionContextExecutorService;Ljava/util/concurrent/ScheduledExecutorService;Lscala/meta/internal/metals/MetalsServerInputs;Lscala/meta/internal/metals/clients/language/ConfiguredLanguageClient;Lorg/eclipse/lsp4j/InitializeParams;Lscala/meta/internal/metals/ClientConfiguration;Lscala/meta/internal/metals/StatusBar;Lscala/Function0;Lscala/meta/internal/metals/TimerProvider;Lscala/meta/io/AbsolutePath;Lscala/Option;Lscala/meta/internal/metals/doctor/HeadDoctor;Lscala/meta/internal/metals/BspStatus;Lscala/meta/internal/metals/WorkDoneProgress;ILscala/meta/internal/metals/ModuleStatus;)V 1639 <appendix> member <vmtarget> ; # scala/meta/internal/metals/MetalsLspService$$Lambda+0x00000202823dc870
instanceKlass scala/meta/internal/metals/newScalaFile/NewFileTypes$NewFileType
instanceKlass scala/meta/internal/metals/newScalaFile/NewFileProvider
instanceKlass scala/meta/internal/metals/PackageProvider
instanceKlass scala/meta/internal/metals/Lock
instanceKlass scala/meta/internal/metals/Lock$
instanceKlass scala/meta/internal/metals/IdentifierIndex
instanceKlass  @bci scala/meta/internal/metals/MetalsLspService <init> (Lscala/concurrent/ExecutionContextExecutorService;Ljava/util/concurrent/ScheduledExecutorService;Lscala/meta/internal/metals/MetalsServerInputs;Lscala/meta/internal/metals/clients/language/ConfiguredLanguageClient;Lorg/eclipse/lsp4j/InitializeParams;Lscala/meta/internal/metals/ClientConfiguration;Lscala/meta/internal/metals/StatusBar;Lscala/Function0;Lscala/meta/internal/metals/TimerProvider;Lscala/meta/io/AbsolutePath;Lscala/Option;Lscala/meta/internal/metals/doctor/HeadDoctor;Lscala/meta/internal/metals/BspStatus;Lscala/meta/internal/metals/WorkDoneProgress;ILscala/meta/internal/metals/ModuleStatus;)V 1543 <appendix> member <vmtarget> ; # scala/meta/internal/metals/MetalsLspService$$Lambda+0x00000202823db908
instanceKlass scala/meta/internal/metals/AdjustRange
instanceKlass scala/meta/internal/metals/Compilers$$anon$2
instanceKlass com/google/common/cache/LocalCache$AbstractReferenceEntry
instanceKlass java/util/concurrent/atomic/AtomicReferenceArray
instanceKlass com/google/common/cache/LocalCache$LoadingValueReference
instanceKlass com/google/common/cache/Weigher
instanceKlass com/google/common/base/Predicate
instanceKlass com/google/common/base/Equivalence
instanceKlass com/google/common/base/MoreObjects
instanceKlass com/google/common/cache/LocalCache$1
instanceKlass com/google/common/cache/ReferenceEntry
instanceKlass com/google/common/cache/LocalCache$ValueReference
instanceKlass com/google/common/cache/CacheLoader
instanceKlass com/google/common/cache/LocalCache$LocalManualCache
instanceKlass scala/meta/internal/metals/Compilers$$anon$1
instanceKlass com/google/common/cache/CacheBuilder$2
instanceKlass com/google/common/base/Preconditions
instanceKlass com/google/common/cache/CacheStats
instanceKlass com/google/common/base/Suppliers$SupplierOfInstance
instanceKlass com/google/common/base/Suppliers
instanceKlass com/google/common/cache/CacheBuilder$1
instanceKlass com/google/common/cache/AbstractCache$StatsCounter
instanceKlass com/google/common/cache/LoadingCache
instanceKlass com/google/common/base/Function
instanceKlass com/google/common/cache/Cache
instanceKlass com/google/common/base/Ticker
instanceKlass com/google/common/base/Supplier
instanceKlass com/google/common/cache/CacheBuilder
instanceKlass scala/meta/internal/metals/OutlineFilesProvider
instanceKlass scala/meta/internal/metals/CompilerPlugins
instanceKlass scala/meta/pc/PresentationCompiler
instanceKlass scala/meta/internal/metals/CompilerConfiguration
instanceKlass  @bci scala/meta/internal/metals/MetalsLspService <init> (Lscala/concurrent/ExecutionContextExecutorService;Ljava/util/concurrent/ScheduledExecutorService;Lscala/meta/internal/metals/MetalsServerInputs;Lscala/meta/internal/metals/clients/language/ConfiguredLanguageClient;Lorg/eclipse/lsp4j/InitializeParams;Lscala/meta/internal/metals/ClientConfiguration;Lscala/meta/internal/metals/StatusBar;Lscala/Function0;Lscala/meta/internal/metals/TimerProvider;Lscala/meta/io/AbsolutePath;Lscala/Option;Lscala/meta/internal/metals/doctor/HeadDoctor;Lscala/meta/internal/metals/BspStatus;Lscala/meta/internal/metals/WorkDoneProgress;ILscala/meta/internal/metals/ModuleStatus;)V 1510 <appendix> member <vmtarget> ; # scala/meta/internal/metals/MetalsLspService$$Lambda+0x00000202823d09d0
instanceKlass scala/meta/internal/metals/ReferenceProvider
instanceKlass scala/meta/pc/CompletionItemPriority
instanceKlass  @bci scala/meta/internal/metals/MetalsLspService <init> (Lscala/concurrent/ExecutionContextExecutorService;Ljava/util/concurrent/ScheduledExecutorService;Lscala/meta/internal/metals/MetalsServerInputs;Lscala/meta/internal/metals/clients/language/ConfiguredLanguageClient;Lorg/eclipse/lsp4j/InitializeParams;Lscala/meta/internal/metals/ClientConfiguration;Lscala/meta/internal/metals/StatusBar;Lscala/Function0;Lscala/meta/internal/metals/TimerProvider;Lscala/meta/io/AbsolutePath;Lscala/Option;Lscala/meta/internal/metals/doctor/HeadDoctor;Lscala/meta/internal/metals/BspStatus;Lscala/meta/internal/metals/WorkDoneProgress;ILscala/meta/internal/metals/ModuleStatus;)V 1484 <appendix> member <vmtarget> ; # scala/meta/internal/metals/MetalsLspService$$Lambda+0x00000202823d02c0
instanceKlass  @bci scala/meta/internal/metals/MetalsLspService <init> (Lscala/concurrent/ExecutionContextExecutorService;Ljava/util/concurrent/ScheduledExecutorService;Lscala/meta/internal/metals/MetalsServerInputs;Lscala/meta/internal/metals/clients/language/ConfiguredLanguageClient;Lorg/eclipse/lsp4j/InitializeParams;Lscala/meta/internal/metals/ClientConfiguration;Lscala/meta/internal/metals/StatusBar;Lscala/Function0;Lscala/meta/internal/metals/TimerProvider;Lscala/meta/io/AbsolutePath;Lscala/Option;Lscala/meta/internal/metals/doctor/HeadDoctor;Lscala/meta/internal/metals/BspStatus;Lscala/meta/internal/metals/WorkDoneProgress;ILscala/meta/internal/metals/ModuleStatus;)V 1457 <appendix> member <vmtarget> ; # scala/meta/internal/metals/MetalsLspService$$Lambda+0x00000202823d0000
instanceKlass scala/meta/internal/metals/CompilerConfiguration$MtagsPresentationCompiler
instanceKlass scala/meta/pc/SyntheticDecorationsParams
instanceKlass scala/meta/internal/metals/PcRestartReason
instanceKlass scala/meta/pc/ReferencesRequest
instanceKlass scala/meta/pc/InlayHintsParams
instanceKlass scala/meta/pc/RangeParams
instanceKlass scala/meta/pc/OffsetParams
instanceKlass scala/meta/pc/VirtualFileParams
instanceKlass com/google/common/cache/RemovalListener
instanceKlass scala/meta/internal/pc/CompilerJobQueue$State$Empty$
instanceKlass scala/meta/internal/pc/CompilerJobQueue$State
instanceKlass  @bci scala/meta/internal/pc/CompilerJobQueue$ apply ()Lscala/meta/internal/pc/CompilerJobQueue; 4 <appendix> argL0 ; # scala/meta/internal/pc/CompilerJobQueue$$$Lambda+0x00000202823ce5e0
instanceKlass scala/meta/internal/pc/CompilerJobQueue
instanceKlass scala/meta/internal/pc/CompilerJobQueue$
instanceKlass  @bci scala/meta/internal/metals/MetalsLspService <init> (Lscala/concurrent/ExecutionContextExecutorService;Ljava/util/concurrent/ScheduledExecutorService;Lscala/meta/internal/metals/MetalsServerInputs;Lscala/meta/internal/metals/clients/language/ConfiguredLanguageClient;Lorg/eclipse/lsp4j/InitializeParams;Lscala/meta/internal/metals/ClientConfiguration;Lscala/meta/internal/metals/StatusBar;Lscala/Function0;Lscala/meta/internal/metals/TimerProvider;Lscala/meta/io/AbsolutePath;Lscala/Option;Lscala/meta/internal/metals/doctor/HeadDoctor;Lscala/meta/internal/metals/BspStatus;Lscala/meta/internal/metals/WorkDoneProgress;ILscala/meta/internal/metals/ModuleStatus;)V 1405 <appendix> member <vmtarget> ; # scala/meta/internal/metals/MetalsLspService$$Lambda+0x00000202823cdee8
instanceKlass scala/meta/internal/worksheets/WorksheetProvider$MdocKey
instanceKlass scala/meta/internal/worksheets/WorksheetProvider
instanceKlass scala/meta/internal/metals/MetalsSymbolSearch
instanceKlass  @bci scala/meta/internal/metals/MetalsLspService <init> (Lscala/concurrent/ExecutionContextExecutorService;Ljava/util/concurrent/ScheduledExecutorService;Lscala/meta/internal/metals/MetalsServerInputs;Lscala/meta/internal/metals/clients/language/ConfiguredLanguageClient;Lorg/eclipse/lsp4j/InitializeParams;Lscala/meta/internal/metals/ClientConfiguration;Lscala/meta/internal/metals/StatusBar;Lscala/Function0;Lscala/meta/internal/metals/TimerProvider;Lscala/meta/io/AbsolutePath;Lscala/Option;Lscala/meta/internal/metals/doctor/HeadDoctor;Lscala/meta/internal/metals/BspStatus;Lscala/meta/internal/metals/WorkDoneProgress;ILscala/meta/internal/metals/ModuleStatus;)V 1342 <appendix> member <vmtarget> ; # scala/meta/internal/metals/MetalsLspService$$Lambda+0x00000202823cd1f0
instanceKlass scala/meta/internal/metals/scalacli/ScalaCliServers
instanceKlass  @bci scala/meta/internal/metals/MetalsLspService <init> (Lscala/concurrent/ExecutionContextExecutorService;Ljava/util/concurrent/ScheduledExecutorService;Lscala/meta/internal/metals/MetalsServerInputs;Lscala/meta/internal/metals/clients/language/ConfiguredLanguageClient;Lorg/eclipse/lsp4j/InitializeParams;Lscala/meta/internal/metals/ClientConfiguration;Lscala/meta/internal/metals/StatusBar;Lscala/Function0;Lscala/meta/internal/metals/TimerProvider;Lscala/meta/io/AbsolutePath;Lscala/Option;Lscala/meta/internal/metals/doctor/HeadDoctor;Lscala/meta/internal/metals/BspStatus;Lscala/meta/internal/metals/WorkDoneProgress;ILscala/meta/internal/metals/ModuleStatus;)V 1330 <appendix> member <vmtarget> ; # scala/meta/internal/metals/MetalsLspService$$Lambda+0x00000202823ccc98
instanceKlass scala/meta/internal/metals/SemanticdbIndexer
instanceKlass  @bci scala/meta/internal/metals/MetalsLspService <init> (Lscala/concurrent/ExecutionContextExecutorService;Ljava/util/concurrent/ScheduledExecutorService;Lscala/meta/internal/metals/MetalsServerInputs;Lscala/meta/internal/metals/clients/language/ConfiguredLanguageClient;Lorg/eclipse/lsp4j/InitializeParams;Lscala/meta/internal/metals/ClientConfiguration;Lscala/meta/internal/metals/StatusBar;Lscala/Function0;Lscala/meta/internal/metals/TimerProvider;Lscala/meta/io/AbsolutePath;Lscala/Option;Lscala/meta/internal/metals/doctor/HeadDoctor;Lscala/meta/internal/metals/BspStatus;Lscala/meta/internal/metals/WorkDoneProgress;ILscala/meta/internal/metals/ModuleStatus;)V 1324 <appendix> member <vmtarget> ; # scala/meta/internal/metals/MetalsLspService$$Lambda+0x00000202823cc798
instanceKlass scala/meta/internal/mtags/TextDocumentLookup
instanceKlass scala/meta/internal/metals/InteractiveSemanticdbs
instanceKlass scala/meta/internal/metals/DownloadedJavaInteractiveSemanticdb
instanceKlass  @bci scala/meta/internal/metals/Embedded$ downloadDependency (Lcoursier/core/Dependency;Lscala/Option;Lscala/collection/immutable/Seq;Lscala/Option;)Lscala/collection/immutable/List; 157 <appendix> argL0 ; # scala/meta/internal/metals/Embedded$$$Lambda+0x00000202823cba68
instanceKlass  @bci coursier/Fetch$Result files ()Lscala/collection/immutable/Seq; 4 <appendix> argL0 ; # coursier/Fetch$Result$$Lambda+0x00000202823cb6a0
instanceKlass  @bci coursier/Fetch$Result fullArtifacts ()Lscala/collection/immutable/Seq; 4 <appendix> argL0 ; # coursier/Fetch$Result$$Lambda+0x00000202823cae50
instanceKlass coursier/Fetch$Result$
instanceKlass  @bci coursier/Artifacts $anonfun$ioResult$10 (Lscala/collection/immutable/Map;Lscala/collection/immutable/Seq;)Lcoursier/Artifacts$Result; 34 <appendix> argL0 ; # coursier/Artifacts$$Lambda+0x00000202823ca870
instanceKlass  @bci coursier/Artifacts $anonfun$ioResult$10 (Lscala/collection/immutable/Map;Lscala/collection/immutable/Seq;)Lcoursier/Artifacts$Result; 20 <appendix> argL0 ; # coursier/Artifacts$$Lambda+0x00000202823ca4a8
instanceKlass coursier/Artifacts$Result$
instanceKlass  @bci coursier/Artifacts $anonfun$ioResult$11 (Lscala/collection/immutable/Map;Lscala/Tuple2;)Lscala/Tuple2; 115 <appendix> member <vmtarget> ; # coursier/Artifacts$$Lambda+0x00000202823c9ec8
instanceKlass  @bci coursier/Artifacts $anonfun$ioResult$10 (Lscala/collection/immutable/Map;Lscala/collection/immutable/Seq;)Lcoursier/Artifacts$Result; 2 <appendix> member <vmtarget> ; # coursier/Artifacts$$Lambda+0x00000202823c9af8
instanceKlass  @bci coursier/Artifacts$ reorder$1 (Lscala/collection/immutable/Seq;Lscala/collection/immutable/Seq;)Lscala/collection/immutable/Seq; 23 <appendix> member <vmtarget> ; # coursier/Artifacts$$$Lambda+0x00000202823c9728
instanceKlass scala/collection/mutable/MutationTracker$
instanceKlass  @bci scala/collection/mutable/ListBuffer iterator ()Lscala/collection/Iterator; 12 <appendix> member <vmtarget> ; # scala/collection/mutable/ListBuffer$$Lambda+0x00000202823c7cc0
instanceKlass  @bci coursier/Artifacts$ noFiles$1 (Lscala/collection/mutable/ListBuffer;)Lscala/collection/mutable/ListBuffer; 1 <appendix> argL0 ; # coursier/Artifacts$$$Lambda+0x00000202823c8798
instanceKlass  @bci coursier/Artifacts$ result$1 (ZLscala/collection/mutable/ListBuffer;Lscala/collection/mutable/ListBuffer;Lscala/collection/immutable/Seq;)Lscala/collection/immutable/Seq; 4 <appendix> argL0 ; # coursier/Artifacts$$$Lambda+0x00000202823c83d0
instanceKlass  @bci coursier/Artifacts$ $anonfun$fetchArtifacts$9 (Lscala/collection/immutable/Seq;Lcoursier/util/Sync;Lscala/collection/immutable/Seq;Lscala/collection/immutable/Seq;)Ljava/lang/Object; 34 <appendix> member <vmtarget> ; # coursier/Artifacts$$$Lambda+0x00000202823c8000
instanceKlass  @bci coursier/cache/FileCache $anonfun$file$3 (Lcoursier/cache/FileCache;Lcoursier/util/EitherT;Lcoursier/util/EitherT;)Lcoursier/util/EitherT; 2 <appendix> member <vmtarget> ; # coursier/cache/FileCache$$Lambda+0x00000202823c7a00
instanceKlass  @bci coursier/cache/FileCache $anonfun$file$1 (Lcoursier/cache/FileCache;Lcoursier/util/Artifact;ILscala/runtime/BoxedUnit;)Lcoursier/util/EitherT; 47 <appendix> member <vmtarget> ; # coursier/cache/FileCache$$Lambda+0x00000202823c7450
instanceKlass  @bci coursier/cache/FileCache $anonfun$file$1 (Lcoursier/cache/FileCache;Lcoursier/util/Artifact;ILscala/runtime/BoxedUnit;)Lcoursier/util/EitherT; 15 <appendix> member <vmtarget> ; # coursier/cache/FileCache$$Lambda+0x00000202823c7080
instanceKlass  @bci coursier/Artifacts$ $anonfun$fetchArtifacts$7 (Ljava/lang/Object;Lcoursier/util/Sync;Lscala/collection/immutable/Seq;)Ljava/lang/Object; 9 <appendix> member <vmtarget> ; # coursier/Artifacts$$$Lambda+0x00000202823c6cb0
instanceKlass  @bci coursier/Fetch $anonfun$ioResult$1 (Lcoursier/Fetch;Lcoursier/core/Resolution;)Ljava/lang/Object; 18 <appendix> member <vmtarget> ; # coursier/Fetch$$Lambda+0x00000202823c68e0
instanceKlass  @bci coursier/Artifacts ioResult ()Ljava/lang/Object; 193 <appendix> member <vmtarget> ; # coursier/Artifacts$$Lambda+0x00000202823c6510
instanceKlass coursier/Artifacts$Result
instanceKlass  @bci coursier/Artifacts$ fetchArtifacts (Lscala/collection/immutable/Seq;Lcoursier/cache/Cache;Lscala/collection/immutable/Seq;Lcoursier/util/Sync;)Ljava/lang/Object; 159 <appendix> member <vmtarget> ; # coursier/Artifacts$$$Lambda+0x00000202823c5ec8
instanceKlass  @bci coursier/Artifacts$ $anonfun$fetchArtifacts$6 (Lcoursier/util/Sync;Ljava/lang/Object;Ljava/lang/Object;)Ljava/lang/Object; 10 <appendix> member <vmtarget> ; # coursier/Artifacts$$$Lambda+0x00000202823c5af8
instanceKlass  @bci coursier/Artifacts$ fetchArtifacts (Lscala/collection/immutable/Seq;Lcoursier/cache/Cache;Lscala/collection/immutable/Seq;Lcoursier/util/Sync;)Ljava/lang/Object; 47 <appendix> member <vmtarget> ; # coursier/Artifacts$$$Lambda+0x00000202823c5548
instanceKlass  @bci coursier/Artifacts$ $anonfun$fetchArtifacts$4 (Lcoursier/cache/Cache;Lcoursier/util/Sync;Lcoursier/util/Artifact;)Ljava/lang/Object; 31 <appendix> member <vmtarget> ; # coursier/Artifacts$$$Lambda+0x00000202823c5178
instanceKlass  @bci coursier/cache/FileCache file (Lcoursier/util/Artifact;I)Lcoursier/util/EitherT; 7 <appendix> member <vmtarget> ; # coursier/cache/FileCache$$Lambda+0x00000202823c4da8
instanceKlass  @bci coursier/cache/FileCache ensureLoggerIsInitialized ()Lcoursier/util/EitherT; 9 <appendix> member <vmtarget> ; # coursier/cache/FileCache$$Lambda+0x00000202823c4ae8
instanceKlass  @bci coursier/Artifacts$ $anonfun$fetchArtifacts$3 (Lcoursier/cache/Cache;Lcoursier/util/Sync;Lscala/collection/immutable/Seq;)Ljava/lang/Object; 3 <appendix> member <vmtarget> ; # coursier/Artifacts$$$Lambda+0x00000202823c4718
instanceKlass  @bci coursier/Artifacts$ fetchArtifacts (Lscala/collection/immutable/Seq;Lcoursier/cache/Cache;Lscala/collection/immutable/Seq;Lcoursier/util/Sync;)Ljava/lang/Object; 12 <appendix> member <vmtarget> ; # coursier/Artifacts$$$Lambda+0x00000202823c4348
instanceKlass  @bci coursier/Artifacts$ groupArtifacts (Lscala/collection/immutable/Seq;)Lscala/collection/immutable/Seq; 73 <appendix> argL0 ; # coursier/Artifacts$$$Lambda+0x00000202823c3f80
instanceKlass  @bci coursier/Artifacts$ groupArtifacts (Lscala/collection/immutable/Seq;)Lscala/collection/immutable/Seq; 59 <appendix> argL0 ; # coursier/Artifacts$$$Lambda+0x00000202823c3bb8
instanceKlass  @bci coursier/Artifacts$ $anonfun$groupArtifacts$4 (Lscala/collection/immutable/Vector;)Lscala/collection/immutable/Vector; 1 <appendix> argL0 ; # coursier/Artifacts$$$Lambda+0x00000202823c37f0
instanceKlass  @bci coursier/Artifacts$ groupArtifacts (Lscala/collection/immutable/Seq;)Lscala/collection/immutable/Seq; 44 <appendix> argL0 ; # coursier/Artifacts$$$Lambda+0x00000202823c3428
instanceKlass  @bci coursier/Artifacts$ groupArtifacts (Lscala/collection/immutable/Seq;)Lscala/collection/immutable/Seq; 31 <appendix> argL0 ; # coursier/Artifacts$$$Lambda+0x00000202823c3060
instanceKlass  @bci coursier/Artifacts$ groupArtifacts (Lscala/collection/immutable/Seq;)Lscala/collection/immutable/Seq; 16 <appendix> argL0 ; # coursier/Artifacts$$$Lambda+0x00000202823c2c98
instanceKlass  @bci coursier/Artifacts$ groupArtifacts (Lscala/collection/immutable/Seq;)Lscala/collection/immutable/Seq; 1 <appendix> argL0 ; # coursier/Artifacts$$$Lambda+0x00000202823c28d0
instanceKlass  @bci coursier/Artifacts $anonfun$extraArtifacts$1 (Lcoursier/Artifacts;Lscala/collection/immutable/Seq;)Lscala/collection/immutable/Seq; 5 <appendix> member <vmtarget> ; # coursier/Artifacts$$Lambda+0x00000202823c2500
instanceKlass  @bci coursier/Artifacts extraArtifacts ()Lscala/Function1; 1 <appendix> member <vmtarget> ; # coursier/Artifacts$$Lambda+0x00000202823c2130
instanceKlass  @bci coursier/Artifacts ioResult ()Ljava/lang/Object; 112 <appendix> argL0 ; # coursier/Artifacts$$Lambda+0x00000202823c1d68
instanceKlass  @bci coursier/Artifacts $anonfun$ioResult$7 (Lscala/collection/immutable/Seq;)Lscala/collection/immutable/Seq; 1 <appendix> argL0 ; # coursier/Artifacts$$Lambda+0x00000202823c19a0
instanceKlass  @bci coursier/Artifacts ioResult ()Ljava/lang/Object; 87 <appendix> argL0 ; # coursier/Artifacts$$Lambda+0x00000202823c15d8
instanceKlass scala/Tuple6
instanceKlass scala/Product6
instanceKlass  @bci coursier/Artifacts ioResult ()Ljava/lang/Object; 72 <appendix> argL0 ; # coursier/Artifacts$$Lambda+0x00000202823c0d40
instanceKlass  @bci coursier/Artifacts ioResult ()Ljava/lang/Object; 59 <appendix> argL0 ; # coursier/Artifacts$$Lambda+0x00000202823c0978
instanceKlass  @bci scala/Function$ $anonfun$chain$1 (Lscala/collection/Seq;Ljava/lang/Object;)Ljava/lang/Object; 2 <appendix> argL0 ; # scala/Function$$$Lambda+0x00000202823c03d0
instanceKlass  @bci coursier/Artifacts$ artifacts0 (Lcoursier/core/Resolution;Lscala/collection/immutable/Set;Lscala/collection/immutable/Seq;Lscala/Option;Lscala/Option;Z)Lscala/collection/immutable/Seq; 210 <appendix> member <vmtarget> ; # coursier/Artifacts$$$Lambda+0x00000202823c0000
instanceKlass  @bci coursier/Artifacts$ artifacts0 (Lcoursier/core/Resolution;Lscala/collection/immutable/Set;Lscala/collection/immutable/Seq;Lscala/Option;Lscala/Option;Z)Lscala/collection/immutable/Seq; 165 <appendix> argL0 ; # coursier/Artifacts$$$Lambda+0x00000202823bfa90
instanceKlass  @bci coursier/core/Resolution $anonfun$dependencyArtifacts0$5 (Lcoursier/core/Dependency;Lscala/Option;Lscala/Tuple2;)Lscala/collection/IterableOnce; 156 <appendix> member <vmtarget> ; # coursier/core/Resolution$$Lambda+0x00000202823bf6c0
instanceKlass  @bci coursier/core/Resolution $anonfun$dependencyArtifacts0$5 (Lcoursier/core/Dependency;Lscala/Option;Lscala/Tuple2;)Lscala/collection/IterableOnce; 145 <appendix> argL0 ; # coursier/core/Resolution$$Lambda+0x00000202823bf2f8
instanceKlass  @bci coursier/core/Resolution $anonfun$dependencyArtifacts0$5 (Lcoursier/core/Dependency;Lscala/Option;Lscala/Tuple2;)Lscala/collection/IterableOnce; 122 <appendix> argL0 ; # coursier/core/Resolution$$Lambda+0x00000202823bef30
instanceKlass  @bci coursier/maven/MavenRepositoryInternal artifacts0 (Lcoursier/core/Dependency;Lcoursier/core/Project;ZLscala/Option;)Lscala/collection/immutable/Seq; 116 <appendix> member <vmtarget> ; # coursier/maven/MavenRepositoryInternal$$Lambda+0x00000202823beb60
instanceKlass  @bci coursier/maven/MavenRepositoryInternal defaultPublications$lzycompute$1 (Lscala/runtime/LazyRef;Lcoursier/core/Dependency;Lcoursier/core/Project;ZLscala/collection/immutable/Map;)Lscala/collection/immutable/Seq; 404 <appendix> member <vmtarget> ; # coursier/maven/MavenRepositoryInternal$$Lambda+0x00000202823be790
instanceKlass  @bci coursier/maven/MavenRepositoryInternal defaultPublications$lzycompute$1 (Lscala/runtime/LazyRef;Lcoursier/core/Dependency;Lcoursier/core/Project;ZLscala/collection/immutable/Map;)Lscala/collection/immutable/Seq; 381 <appendix> argL0 ; # coursier/maven/MavenRepositoryInternal$$Lambda+0x00000202823be3c8
instanceKlass  @bci coursier/maven/MavenRepositoryInternal $anonfun$artifacts0$14 (Lscala/collection/immutable/Seq;)Z 14 <appendix> argL0 ; # coursier/maven/MavenRepositoryInternal$$Lambda+0x00000202823be000
instanceKlass  @bci coursier/maven/MavenRepositoryInternal $anonfun$artifacts0$14 (Lscala/collection/immutable/Seq;)Z 1 <appendix> argL0 ; # coursier/maven/MavenRepositoryInternal$$Lambda+0x00000202823bbb10
instanceKlass  @bci coursier/maven/MavenRepositoryInternal defaultPublications$lzycompute$1 (Lscala/runtime/LazyRef;Lcoursier/core/Dependency;Lcoursier/core/Project;ZLscala/collection/immutable/Map;)Lscala/collection/immutable/Seq; 351 <appendix> argL0 ; # coursier/maven/MavenRepositoryInternal$$Lambda+0x00000202823bb748
instanceKlass  @bci coursier/maven/MavenRepositoryInternal defaultPublications$lzycompute$1 (Lscala/runtime/LazyRef;Lcoursier/core/Dependency;Lcoursier/core/Project;ZLscala/collection/immutable/Map;)Lscala/collection/immutable/Seq; 336 <appendix> argL0 ; # coursier/maven/MavenRepositoryInternal$$Lambda+0x00000202823bb380
instanceKlass  @bci coursier/maven/MavenRepositoryInternal defaultPublications$lzycompute$1 (Lscala/runtime/LazyRef;Lcoursier/core/Dependency;Lcoursier/core/Project;ZLscala/collection/immutable/Map;)Lscala/collection/immutable/Seq; 306 <appendix> argL0 ; # coursier/maven/MavenRepositoryInternal$$Lambda+0x00000202823bafb8
instanceKlass  @bci coursier/maven/MavenRepositoryInternal $anonfun$artifacts0$9 (Lcoursier/core/Dependency;Lscala/collection/immutable/Map;Ljava/lang/String;Lscala/Tuple2;)Lscala/Tuple2; 142 <appendix> member <vmtarget> ; # coursier/maven/MavenRepositoryInternal$$Lambda+0x00000202823bacf8
instanceKlass  @bci coursier/maven/MavenRepositoryInternal defaultPublications$lzycompute$1 (Lscala/runtime/LazyRef;Lcoursier/core/Dependency;Lcoursier/core/Project;ZLscala/collection/immutable/Map;)Lscala/collection/immutable/Seq; 286 <appendix> member <vmtarget> ; # coursier/maven/MavenRepositoryInternal$$Lambda+0x00000202823ba928
instanceKlass  @bci coursier/maven/MavenRepositoryInternal defaultPublications$lzycompute$1 (Lscala/runtime/LazyRef;Lcoursier/core/Dependency;Lcoursier/core/Project;ZLscala/collection/immutable/Map;)Lscala/collection/immutable/Seq; 70 <appendix> member <vmtarget> ; # coursier/maven/MavenRepositoryInternal$$Lambda+0x00000202823ba558
instanceKlass  @bci coursier/maven/MavenRepositoryInternal defaultPublications$lzycompute$1 (Lscala/runtime/LazyRef;Lcoursier/core/Dependency;Lcoursier/core/Project;ZLscala/collection/immutable/Map;)Lscala/collection/immutable/Seq; 60 <appendix> member <vmtarget> ; # coursier/maven/MavenRepositoryInternal$$Lambda+0x00000202823ba188
instanceKlass  @bci coursier/maven/MavenRepositoryInternal artifacts0 (Lcoursier/core/Dependency;Lcoursier/core/Project;ZLscala/Option;)Lscala/collection/immutable/Seq; 100 <adapter> ; # java/lang/invoke/LambdaForm$MH+0x00000202823bdc00
# instanceKlass java/lang/invoke/LambdaForm$DMH+0x00000202823bd800
instanceKlass  @bci coursier/maven/MavenRepositoryInternal artifacts0 (Lcoursier/core/Dependency;Lcoursier/core/Project;ZLscala/Option;)Lscala/collection/immutable/Seq; 100 <appendix> form vmentry <vmtarget> ; # java/lang/invoke/LambdaForm$DMH+0x00000202823bd400
instanceKlass  @bci coursier/maven/MavenRepositoryInternal artifacts0 (Lcoursier/core/Dependency;Lcoursier/core/Project;ZLscala/Option;)Lscala/collection/immutable/Seq; 100 <appendix> member <vmtarget> ; # coursier/maven/MavenRepositoryInternal$$Lambda+0x00000202823b9db8
instanceKlass  @cpi coursier/maven/MavenRepositoryInternal 810 form vmentry <vmtarget> ; # java/lang/invoke/LambdaForm$DMH+0x00000202823bd000
instanceKlass  @bci coursier/maven/MavenRepositoryInternal artifacts0 (Lcoursier/core/Dependency;Lcoursier/core/Project;ZLscala/Option;)Lscala/collection/immutable/Seq; 88 <adapter> ; # java/lang/invoke/LambdaForm$MH+0x00000202823bcc00
# instanceKlass java/lang/invoke/LambdaForm$DMH+0x00000202823bc800
instanceKlass  @bci coursier/maven/MavenRepositoryInternal artifacts0 (Lcoursier/core/Dependency;Lcoursier/core/Project;ZLscala/Option;)Lscala/collection/immutable/Seq; 88 <appendix> form vmentry <vmtarget> ; # java/lang/invoke/LambdaForm$DMH+0x00000202823bc400
instanceKlass  @bci coursier/maven/MavenRepositoryInternal artifacts0 (Lcoursier/core/Dependency;Lcoursier/core/Project;ZLscala/Option;)Lscala/collection/immutable/Seq; 88 <appendix> member <vmtarget> ; # coursier/maven/MavenRepositoryInternal$$Lambda+0x00000202823b9af8
instanceKlass  @cpi coursier/maven/MavenRepositoryInternal 800 form vmentry <vmtarget> ; # java/lang/invoke/LambdaForm$DMH+0x00000202823bc000
instanceKlass  @bci coursier/maven/MavenRepositoryInternal artifactOf$1 (Lcoursier/core/Publication;Lcoursier/core/Project;Lcoursier/core/Dependency;)Lcoursier/util/Artifact; 145 <appendix> member <vmtarget> ; # coursier/maven/MavenRepositoryInternal$$Lambda+0x00000202823b9818
instanceKlass  @bci coursier/maven/MavenRepositoryInternal artifactOf$1 (Lcoursier/core/Publication;Lcoursier/core/Project;Lcoursier/core/Dependency;)Lcoursier/util/Artifact; 95 <appendix> argL0 ; # coursier/maven/MavenRepositoryInternal$$Lambda+0x00000202823b9450
instanceKlass  @bci coursier/maven/MavenRepositoryInternal artifactOf$1 (Lcoursier/core/Publication;Lcoursier/core/Project;Lcoursier/core/Dependency;)Lcoursier/util/Artifact; 87 <appendix> argL0 ; # coursier/maven/MavenRepositoryInternal$$Lambda+0x00000202823b9088
instanceKlass  @bci coursier/maven/MavenRepositoryInternal artifactOf$1 (Lcoursier/core/Publication;Lcoursier/core/Project;Lcoursier/core/Dependency;)Lcoursier/util/Artifact; 56 <appendix> member <vmtarget> ; # coursier/maven/MavenRepositoryInternal$$Lambda+0x00000202823b8dc8
instanceKlass  @bci coursier/maven/MavenRepositoryInternal artifactOf$1 (Lcoursier/core/Publication;Lcoursier/core/Project;Lcoursier/core/Dependency;)Lcoursier/util/Artifact; 5 <appendix> member <vmtarget> ; # coursier/maven/MavenRepositoryInternal$$Lambda+0x00000202823b89f8
instanceKlass coursier/core/SnapshotVersioning
instanceKlass  @bci coursier/maven/MavenAttributes$ typeExtension (Ljava/lang/String;)Ljava/lang/String; 13 <appendix> member <vmtarget> ; # coursier/maven/MavenAttributes$$$Lambda+0x00000202823b84c0
instanceKlass  @bci coursier/maven/MavenAttributes$ typeDefaultClassifier (Ljava/lang/String;)Ljava/lang/String; 5 <appendix> argL0 ; # coursier/maven/MavenAttributes$$$Lambda+0x00000202823b8208
instanceKlass coursier/maven/MavenAttributes$
instanceKlass  @bci coursier/maven/MavenRepositoryInternal artifacts0 (Lcoursier/core/Dependency;Lcoursier/core/Project;ZLscala/Option;)Lscala/collection/immutable/Seq; 16 <appendix> argL0 ; # coursier/maven/MavenRepositoryInternal$$Lambda+0x00000202823b6bc8
instanceKlass  @bci coursier/core/Resolution $anonfun$dependencyArtifacts0$5 (Lcoursier/core/Dependency;Lscala/Option;Lscala/Tuple2;)Lscala/collection/IterableOnce; 83 <appendix> argL0 ; # coursier/core/Resolution$$Lambda+0x00000202823b6800
instanceKlass  @bci coursier/core/Resolution $anonfun$dependencyArtifacts0$1 (Lcoursier/core/Resolution;Lscala/Option;Lscala/Option;Lcoursier/core/Dependency;)Lscala/collection/immutable/Seq; 49 <appendix> member <vmtarget> ; # coursier/core/Resolution$$Lambda+0x00000202823b7c18
instanceKlass coursier/core/Attributes
instanceKlass coursier/core/Attributes$
instanceKlass  @bci coursier/core/Resolution $anonfun$dependencyArtifacts0$1 (Lcoursier/core/Resolution;Lscala/Option;Lscala/Option;Lcoursier/core/Dependency;)Lscala/collection/immutable/Seq; 36 <appendix> member <vmtarget> ; # coursier/core/Resolution$$Lambda+0x00000202823b73c8
instanceKlass  @bci coursier/core/Resolution $anonfun$dependencyArtifacts0$1 (Lcoursier/core/Resolution;Lscala/Option;Lscala/Option;Lcoursier/core/Dependency;)Lscala/collection/immutable/Seq; 24 <appendix> argL0 ; # coursier/core/Resolution$$Lambda+0x00000202823b7000
instanceKlass  @bci coursier/core/Resolution dependencyArtifacts0 (Lscala/Option;Lscala/Option;Z)Lscala/collection/immutable/Seq; 30 <appendix> member <vmtarget> ; # coursier/core/Resolution$$Lambda+0x00000202823b3a80
instanceKlass  @bci coursier/core/DependencySet add (Lscala/collection/Iterable;)Lcoursier/core/DependencySet; 3 <appendix> member <vmtarget> ; # coursier/core/DependencySet$$Lambda+0x00000202823b36b0
instanceKlass  @bci scala/collection/immutable/LazyList $anonfun$mapImpl$1 (Lscala/collection/immutable/LazyList;Lscala/Function1;)Lscala/collection/immutable/LazyList; 61 <appendix> member <vmtarget> ; # scala/collection/immutable/LazyList$$Lambda+0x00000202823b33f0
instanceKlass  @bci scala/collection/immutable/LazyList map (Lscala/Function1;)Lscala/collection/immutable/LazyList; 60 <appendix> member <vmtarget> ; # scala/collection/immutable/LazyList$$Lambda+0x00000202823b3130
instanceKlass  @bci coursier/core/Resolution orderedDependencies0 (ZZ)Lscala/collection/immutable/Seq; 108 <appendix> form vmentry <vmtarget> ; # java/lang/invoke/LambdaForm$DMH+0x00000202823b6400
instanceKlass  @bci coursier/core/Resolution orderedDependencies0 (ZZ)Lscala/collection/immutable/Seq; 108 <appendix> member <vmtarget> ; # coursier/core/Resolution$$Lambda+0x00000202823b2d60
instanceKlass  @cpi coursier/core/Resolution 1932 form vmentry <vmtarget> ; # java/lang/invoke/LambdaForm$DMH+0x00000202823b6000
instanceKlass  @bci scala/collection/immutable/LazyList$Deferrer$ $hash$colon$colon$extension (Lscala/Function0;Lscala/Function0;)Lscala/collection/immutable/LazyList; 6 <appendix> member <vmtarget> ; # scala/collection/immutable/LazyList$Deferrer$$$Lambda+0x00000202823b2aa0
instanceKlass  @bci coursier/core/Resolution helper$4 (Lscala/collection/immutable/List;Lcoursier/core/DependencySet;Z)Lscala/collection/immutable/LazyList; 202 <appendix> member <vmtarget> ; # coursier/core/Resolution$$Lambda+0x00000202823b27e0
instanceKlass  @bci coursier/core/Resolution helper$4 (Lscala/collection/immutable/List;Lcoursier/core/DependencySet;Z)Lscala/collection/immutable/LazyList; 192 <adapter> ; # java/lang/invoke/LambdaForm$MH+0x00000202823b5c00
# instanceKlass java/lang/invoke/LambdaForm$DMH+0x00000202823b5800
instanceKlass  @bci coursier/core/Resolution helper$4 (Lscala/collection/immutable/List;Lcoursier/core/DependencySet;Z)Lscala/collection/immutable/LazyList; 192 <appendix> form vmentry <vmtarget> ; # java/lang/invoke/LambdaForm$DMH+0x00000202823b5400
instanceKlass  @bci coursier/core/Resolution helper$4 (Lscala/collection/immutable/List;Lcoursier/core/DependencySet;Z)Lscala/collection/immutable/LazyList; 192 <appendix> member <vmtarget> ; # coursier/core/Resolution$$Lambda+0x00000202823b2520
instanceKlass  @cpi coursier/core/Resolution 3039 form vmentry <vmtarget> ; # java/lang/invoke/LambdaForm$DMH+0x00000202823b5000
instanceKlass scala/collection/immutable/LazyList$Deferrer$
instanceKlass  @bci coursier/core/Resolution helper$4 (Lscala/collection/immutable/List;Lcoursier/core/DependencySet;Z)Lscala/collection/immutable/LazyList; 129 <appendix> member <vmtarget> ; # coursier/core/Resolution$$Lambda+0x00000202823b1f48
instanceKlass  @bci coursier/core/Resolution helper$4 (Lscala/collection/immutable/List;Lcoursier/core/DependencySet;Z)Lscala/collection/immutable/LazyList; 113 <appendix> argL0 ; # coursier/core/Resolution$$Lambda+0x00000202823b1c90
instanceKlass  @bci coursier/core/Resolution $anonfun$dependenciesOf0$1 (Lcoursier/core/Resolution;ZZZLscala/collection/immutable/Seq;)Lscala/collection/immutable/Seq; 14 <appendix> member <vmtarget> ; # coursier/core/Resolution$$Lambda+0x00000202823b18c0
instanceKlass  @bci coursier/core/Resolution dependenciesOf0 (Lcoursier/core/Dependency;ZZZ)Lscala/util/Either; 10 <adapter> ; # java/lang/invoke/LambdaForm$MH+0x00000202823b4c00
# instanceKlass java/lang/invoke/LambdaForm$DMH+0x00000202823b4800
instanceKlass  @bci coursier/core/Resolution dependenciesOf0 (Lcoursier/core/Dependency;ZZZ)Lscala/util/Either; 10 <appendix> form vmentry <vmtarget> ; # java/lang/invoke/LambdaForm$DMH+0x00000202823b4400
instanceKlass  @bci coursier/core/Resolution dependenciesOf0 (Lcoursier/core/Dependency;ZZZ)Lscala/util/Either; 10 <appendix> member <vmtarget> ; # coursier/core/Resolution$$Lambda+0x00000202823b14f0
instanceKlass  @cpi coursier/core/Resolution 1036 form vmentry <vmtarget> ; # java/lang/invoke/LambdaForm$DMH+0x00000202823b4000
instanceKlass  @bci coursier/core/DependencySet$Sets covers (Ljava/lang/Object;Lscala/Function1;Lscala/Function2;)Z 56 <appendix> member <vmtarget> ; # coursier/core/DependencySet$Sets$$Lambda+0x00000202823b1120
instanceKlass  @bci coursier/core/DependencySet$Sets covers (Ljava/lang/Object;Lscala/Function1;Lscala/Function2;)Z 44 <appendix> argL0 ; # coursier/core/DependencySet$Sets$$Lambda+0x00000202823b0d58
instanceKlass  @bci coursier/core/DependencySet$Sets covers (Ljava/lang/Object;Lscala/Function1;Lscala/Function2;)Z 29 <appendix> member <vmtarget> ; # coursier/core/DependencySet$Sets$$Lambda+0x00000202823b0970
instanceKlass  @bci coursier/core/DependencySet covers (Lcoursier/core/Dependency;)Z 31 <appendix> argL0 ; # coursier/core/DependencySet$$Lambda+0x00000202823b03c8
instanceKlass  @bci coursier/core/DependencySet covers (Lcoursier/core/Dependency;)Z 26 <appendix> argL0 ; # coursier/core/DependencySet$$Lambda+0x00000202823b0000
instanceKlass  @bci coursier/core/DependencySet covers (Lcoursier/core/Dependency;)Z 10 <appendix> argL0 ; # coursier/core/DependencySet$$Lambda+0x00000202823afc90
instanceKlass  @bci coursier/core/Resolution$ coursier$core$Resolution$$fallbackConfigIfNecessary (Lcoursier/core/Dependency;Lscala/Option;Ljava/lang/String;Lcoursier/core/VariantSelector$AttributesBased;)Lcoursier/core/Dependency; 10 <appendix> member <vmtarget> ; # coursier/core/Resolution$$$Lambda+0x00000202823af9d0
instanceKlass  @bci coursier/core/Resolution configsOf (Lcoursier/core/Dependency;)Lscala/Option; 60 <appendix> argL0 ; # coursier/core/Resolution$$Lambda+0x00000202823af718
instanceKlass  @bci coursier/core/Resolution configsOf (Lcoursier/core/Dependency;)Lscala/Option; 52 <appendix> argL0 ; # coursier/core/Resolution$$Lambda+0x00000202823af350
instanceKlass  @bci coursier/core/Resolution configsOf (Lcoursier/core/Dependency;)Lscala/Option; 44 <appendix> argL0 ; # coursier/core/Resolution$$Lambda+0x00000202823aef88
instanceKlass  @bci coursier/core/Resolution configsOf (Lcoursier/core/Dependency;)Lscala/Option; 9 <appendix> member <vmtarget> ; # coursier/core/Resolution$$Lambda+0x00000202823aecc8
instanceKlass  @bci coursier/core/Resolution updated (Lcoursier/core/Dependency;ZZZZ)Lcoursier/core/Dependency; 118 <appendix> member <vmtarget> ; # coursier/core/Resolution$$Lambda+0x00000202823aea08
instanceKlass  @bci coursier/core/Resolution orderedDependencies0 (ZZ)Lscala/collection/immutable/Seq; 73 <appendix> member <vmtarget> ; # coursier/core/Resolution$$Lambda+0x00000202823ae638
instanceKlass  @bci coursier/core/Resolution orderedDependencies0 (ZZ)Lscala/collection/immutable/Seq; 59 <appendix> member <vmtarget> ; # coursier/core/Resolution$$Lambda+0x00000202823ae268
instanceKlass  @bci coursier/core/Resolution$ merge0 (Lscala/collection/immutable/Seq;Lscala/collection/immutable/Map;Lscala/Option;Z)Lscala/Tuple3; 121 <appendix> member <vmtarget> ; # coursier/core/Resolution$$$Lambda+0x00000202823ade98
instanceKlass  @bci coursier/core/Resolution$ merge0 (Lscala/collection/immutable/Seq;Lscala/collection/immutable/Map;Lscala/Option;Z)Lscala/Tuple3; 100 <appendix> argL0 ; # coursier/core/Resolution$$$Lambda+0x00000202823adad0
instanceKlass  @bci coursier/Artifacts$ defaultTypes (Lscala/collection/immutable/Set;Lscala/Option;)Lscala/collection/immutable/Set; 39 <appendix> argL0 ; # coursier/Artifacts$$$Lambda+0x00000202823acc00
instanceKlass  @bci coursier/Artifacts$ defaultTypes (Lscala/collection/immutable/Set;Lscala/Option;)Lscala/collection/immutable/Set; 2 <appendix> member <vmtarget> ; # coursier/Artifacts$$$Lambda+0x00000202823ac920
instanceKlass  @bci coursier/Artifacts$ artifacts0 (Lcoursier/core/Resolution;Lscala/collection/immutable/Set;Lscala/collection/immutable/Seq;Lscala/Option;Lscala/Option;Z)Lscala/collection/immutable/Seq; 22 <appendix> member <vmtarget> ; # coursier/Artifacts$$$Lambda+0x00000202823ac660
instanceKlass  @bci coursier/Artifacts$ artifacts0 (Lcoursier/core/Resolution;Lscala/collection/immutable/Set;Lscala/collection/immutable/Seq;Lscala/Option;Lscala/Option;Z)Lscala/collection/immutable/Seq; 4 <appendix> member <vmtarget> ; # coursier/Artifacts$$$Lambda+0x00000202823ac380
instanceKlass  @bci coursier/Artifacts ioResult ()Ljava/lang/Object; 37 <appendix> member <vmtarget> ; # coursier/Artifacts$$Lambda+0x00000202823abfb0
instanceKlass  @bci coursier/Artifacts ioResult ()Ljava/lang/Object; 25 <appendix> member <vmtarget> ; # coursier/Artifacts$$Lambda+0x00000202823abbe0
instanceKlass  @bci scala/Function$ chain (Lscala/collection/Seq;)Lscala/Function1; 1 <appendix> member <vmtarget> ; # scala/Function$$$Lambda+0x00000202823ab810
instanceKlass scala/Function$
instanceKlass  @bci coursier/Resolve $anonfun$ioWithConflicts0$11 (Lcoursier/Resolve;Lscala/Tuple2;)Ljava/lang/Object; 67 <appendix> member <vmtarget> ; # coursier/Resolve$$Lambda+0x00000202823ab238
instanceKlass  @bci coursier/Resolve $anonfun$ioWithConflicts0$9 (Lcoursier/Resolve;Lscala/Function1;Lcoursier/core/Resolution;)Ljava/lang/Object; 44 <appendix> member <vmtarget> ; # coursier/Resolve$$Lambda+0x00000202823aae68
instanceKlass  @bci coursier/Resolve $anonfun$ioWithConflicts0$9 (Lcoursier/Resolve;Lscala/Function1;Lcoursier/core/Resolution;)Ljava/lang/Object; 26 <appendix> argL0 ; # coursier/Resolve$$Lambda+0x00000202823aaaa0
instanceKlass  @bci coursier/Resolve $anonfun$ioWithConflicts0$8 (Lcoursier/Resolve;Lscala/Function1;Lcoursier/core/Resolution;)Ljava/lang/Object; 17 <appendix> member <vmtarget> ; # coursier/Resolve$$Lambda+0x00000202823aa248
instanceKlass  @bci coursier/Resolve$ validate (Lcoursier/core/Resolution;Lscala/Function2;)Lcoursier/util/ValidationNel; 345 <appendix> argL0 ; # coursier/Resolve$$$Lambda+0x00000202823a9e80
instanceKlass  @bci coursier/Resolve$ validate (Lcoursier/core/Resolution;Lscala/Function2;)Lcoursier/util/ValidationNel; 46 <appendix> member <vmtarget> ; # coursier/Resolve$$$Lambda+0x00000202823a9ab0
instanceKlass  @bci coursier/core/Resolution errors0 ()Lscala/collection/immutable/Seq; 10 <appendix> argL0 ; # coursier/core/Resolution$$Lambda+0x00000202823a8d38
instanceKlass  @bci coursier/Resolve $anonfun$ioWithConflicts0$3 ()Lscala/Function2; 0 <appendix> argL0 ; # coursier/Resolve$$Lambda+0x00000202823a8790
instanceKlass  @bci coursier/Resolve validate0$1 (Lcoursier/core/Resolution;)Ljava/lang/Object; 11 <appendix> argL0 ; # coursier/Resolve$$Lambda+0x00000202823a7c58
instanceKlass  @bci coursier/util/Task$ $anonfun$fromEither$1 (Lscala/util/Either;Lscala/concurrent/ExecutionContext;)Lscala/concurrent/Future; 9 <appendix> argL0 ; # coursier/util/Task$$$Lambda+0x00000202823a83c8
instanceKlass  @bci coursier/util/Task$ $anonfun$fromEither$1 (Lscala/util/Either;Lscala/concurrent/ExecutionContext;)Lscala/concurrent/Future; 4 <appendix> argL0 ; # coursier/util/Task$$$Lambda+0x00000202823a8000
instanceKlass  @bci coursier/cache/CacheLogger$Using $anonfun$apply$5 (Lcoursier/util/Sync;Lscala/util/Either;Lscala/runtime/BoxedUnit;)Ljava/lang/Object; 17 <appendix> argL0 ; # coursier/cache/CacheLogger$Using$$Lambda+0x00000202823a7890
instanceKlass  @bci coursier/util/Task$ fromEither (Lscala/util/Either;)Lscala/Function1; 1 <appendix> member <vmtarget> ; # coursier/util/Task$$$Lambda+0x00000202823a74c0
instanceKlass  @bci coursier/cache/CacheLogger$Using $anonfun$apply$3 (Lcoursier/cache/CacheLogger$Using;Lcoursier/util/Sync;Lscala/util/Either;)Ljava/lang/Object; 21 <appendix> member <vmtarget> ; # coursier/cache/CacheLogger$Using$$Lambda+0x00000202823a70f0
instanceKlass  @bci coursier/cache/CacheLogger$Using $anonfun$apply$3 (Lcoursier/cache/CacheLogger$Using;Lcoursier/util/Sync;Lscala/util/Either;)Ljava/lang/Object; 5 <appendix> member <vmtarget> ; # coursier/cache/CacheLogger$Using$$Lambda+0x00000202823a6e10
instanceKlass coursier/core/Done$
instanceKlass  @bci coursier/core/Resolution $anonfun$transitiveDependenciesAndErrors$1 (Lcoursier/core/Resolution;Lcoursier/core/Dependency;)Lscala/util/Either; 9 <appendix> member <vmtarget> ; # coursier/core/Resolution$$Lambda+0x00000202823a6838
instanceKlass  @bci coursier/core/DependencySet$Sets forceAdd (Ljava/lang/Object;Lscala/Function1;Lscala/Function2;)Lcoursier/core/DependencySet$Sets; 99 <appendix> argL0 ; # coursier/core/DependencySet$Sets$$Lambda+0x00000202823a6580
instanceKlass  @bci coursier/core/DependencySet$Sets forceAdd (Ljava/lang/Object;Lscala/Function1;Lscala/Function2;)Lcoursier/core/DependencySet$Sets; 48 <appendix> member <vmtarget> ; # coursier/core/DependencySet$Sets$$Lambda+0x00000202823a61b0
instanceKlass  @bci coursier/core/DependencySet$Sets forceAdd (Ljava/lang/Object;Lscala/Function1;Lscala/Function2;)Lcoursier/core/DependencySet$Sets; 36 <appendix> argL0 ; # coursier/core/DependencySet$Sets$$Lambda+0x00000202823a5de8
instanceKlass  @bci coursier/core/DependencySet$Sets forceAdd (Ljava/lang/Object;Lscala/Function1;Lscala/Function2;)Lcoursier/core/DependencySet$Sets; 21 <appendix> member <vmtarget> ; # coursier/core/DependencySet$Sets$$Lambda+0x00000202823a5a00
instanceKlass  @bci coursier/core/DependencySet $anonfun$addNoCheck$1 (Lscala/runtime/ObjectRef;Lcoursier/core/Dependency;)V 61 <appendix> argL0 ; # coursier/core/DependencySet$$Lambda+0x00000202823a5458
instanceKlass  @bci coursier/core/DependencySet $anonfun$addNoCheck$1 (Lscala/runtime/ObjectRef;Lcoursier/core/Dependency;)V 56 <appendix> argL0 ; # coursier/core/DependencySet$$Lambda+0x000002028239dc28
instanceKlass coursier/core/DependencySet$Sets
instanceKlass scala/collection/generic/BitOperations$Int
instanceKlass scala/collection/immutable/IntMap$
instanceKlass coursier/core/DependencySet$Sets$
instanceKlass  @bci coursier/core/DependencySet addNoCheck (Lscala/collection/Iterable;)Lcoursier/core/DependencySet; 21 <appendix> member <vmtarget> ; # coursier/core/DependencySet$$Lambda+0x000002028239fbc8
instanceKlass  @bci scala/collection/immutable/SetOps removedAll (Lscala/collection/IterableOnce;)Lscala/collection/immutable/SetOps; 12 <appendix> argL0 ; # scala/collection/immutable/SetOps$$Lambda+0x000002028239d000
instanceKlass  @bci coursier/core/Resolution newDependencies$lzycompute ()Lscala/collection/immutable/Set; 33 <appendix> member <vmtarget> ; # coursier/core/Resolution$$Lambda+0x000002028239f7f8
instanceKlass  @bci coursier/core/Resolution helper$2 (Lscala/collection/immutable/Map;Lscala/collection/immutable/Set;)Lscala/collection/immutable/Map; 2 <appendix> member <vmtarget> ; # coursier/core/Resolution$$Lambda+0x000002028239f428
instanceKlass  @bci scala/collection/MapView$FilterKeys iterator ()Lscala/collection/Iterator; 10 <appendix> member <vmtarget> ; # scala/collection/MapView$FilterKeys$$Lambda+0x000002028239f058
instanceKlass  @bci coursier/core/Resolution reverseDependencies$lzycompute ()Lscala/collection/immutable/Map; 161 <appendix> argL0 ; # coursier/core/Resolution$$Lambda+0x000002028239b9a8
instanceKlass  @bci coursier/core/Resolution reverseDependencies$lzycompute ()Lscala/collection/immutable/Map; 146 <appendix> argL0 ; # coursier/core/Resolution$$Lambda+0x000002028239b5e0
instanceKlass  @bci coursier/core/Resolution reverseDependencies$lzycompute ()Lscala/collection/immutable/Map; 124 <appendix> argL0 ; # coursier/core/Resolution$$Lambda+0x000002028239b218
instanceKlass  @bci coursier/core/Resolution $anonfun$reverseDependencies$1 (Lcoursier/core/Resolution;Lcoursier/core/Dependency;)Lscala/collection/immutable/Seq; 20 <appendix> member <vmtarget> ; # coursier/core/Resolution$$Lambda+0x000002028239ae48
instanceKlass  @bci coursier/core/Resolution $anonfun$reverseDependencies$1 (Lcoursier/core/Resolution;Lcoursier/core/Dependency;)Lscala/collection/immutable/Seq; 8 <appendix> argL0 ; # coursier/core/Resolution$$Lambda+0x000002028239ab90
instanceKlass  @bci coursier/core/Resolution finalDependencies0 (Lcoursier/core/Dependency;)Lscala/util/Either; 146 <appendix> member <vmtarget> ; # coursier/core/Resolution$$Lambda+0x000002028239a7c0
instanceKlass  @bci coursier/core/Resolution $anonfun$finalDependencies0$7 (Lcoursier/core/Resolution;Lscala/collection/immutable/Seq;)Lscala/collection/immutable/Seq; 11 <appendix> member <vmtarget> ; # coursier/core/Resolution$$Lambda+0x000002028239a3f0
instanceKlass  @bci coursier/core/Resolution $anonfun$finalDependencies0$7 (Lcoursier/core/Resolution;Lscala/collection/immutable/Seq;)Lscala/collection/immutable/Seq; 5 <appendix> member <vmtarget> ; # coursier/core/Resolution$$Lambda+0x000002028239a130
instanceKlass  @bci coursier/core/Resolution finalDependencies0 (Lcoursier/core/Dependency;)Lscala/util/Either; 132 <appendix> member <vmtarget> ; # coursier/core/Resolution$$Lambda+0x0000020282399d60
instanceKlass  @bci coursier/core/Resolution $anonfun$finalDependencies0$4 (Lcoursier/core/Resolution;Lscala/collection/immutable/Seq;)Lscala/collection/immutable/Seq; 5 <appendix> argL0 ; # coursier/core/Resolution$$Lambda+0x0000020282399aa8
instanceKlass  @bci coursier/core/Resolution finalDependencies0 (Lcoursier/core/Dependency;)Lscala/util/Either; 123 <appendix> member <vmtarget> ; # coursier/core/Resolution$$Lambda+0x00000202823996d8
instanceKlass  @bci coursier/core/Resolution$ $anonfun$finalDependencies$12 (Lscala/collection/immutable/Seq;Lcoursier/core/Dependency;Lscala/Option;Ljava/lang/String;Lscala/util/Either;)Lscala/collection/immutable/Seq; 6 <appendix> member <vmtarget> ; # coursier/core/Resolution$$$Lambda+0x0000020282399308
instanceKlass  @bci coursier/core/Resolution$ coursier$core$Resolution$$finalDependencies (Lcoursier/core/Dependency;Lcoursier/core/Project;Ljava/lang/String;Lcoursier/core/VariantSelector$AttributesBased;Lscala/Function1;ZZZ)Lscala/util/Either; 629 <appendix> member <vmtarget> ; # coursier/core/Resolution$$$Lambda+0x0000020282398f38
instanceKlass  @bci coursier/core/Resolution$ withExclusions0 (Lscala/collection/immutable/Seq;Lscala/collection/immutable/Set;)Lscala/collection/immutable/Seq; 24 <appendix> member <vmtarget> ; # coursier/core/Resolution$$$Lambda+0x0000020282398b68
instanceKlass  @bci coursier/core/Resolution$ withExclusions0 (Lscala/collection/immutable/Seq;Lscala/collection/immutable/Set;)Lscala/collection/immutable/Seq; 10 <appendix> member <vmtarget> ; # coursier/core/Resolution$$$Lambda+0x0000020282398798
instanceKlass  @bci coursier/core/Resolution$ depsWithDependencyManagement0 (Lscala/collection/immutable/Seq;Lscala/collection/immutable/Map;Lscala/Option;Lcoursier/core/Overrides;ZLscala/Function1;)Lscala/collection/immutable/Seq; 64 <adapter> ; # java/lang/invoke/LambdaForm$MH+0x000002028239cc00
# instanceKlass java/lang/invoke/LambdaForm$DMH+0x000002028239c800
instanceKlass  @bci coursier/core/Resolution$ depsWithDependencyManagement0 (Lscala/collection/immutable/Seq;Lscala/collection/immutable/Map;Lscala/Option;Lcoursier/core/Overrides;ZLscala/Function1;)Lscala/collection/immutable/Seq; 64 <appendix> form vmentry <vmtarget> ; # java/lang/invoke/LambdaForm$DMH+0x000002028239c400
instanceKlass  @bci coursier/core/Resolution$ depsWithDependencyManagement0 (Lscala/collection/immutable/Seq;Lscala/collection/immutable/Map;Lscala/Option;Lcoursier/core/Overrides;ZLscala/Function1;)Lscala/collection/immutable/Seq; 64 <appendix> member <vmtarget> ; # coursier/core/Resolution$$$Lambda+0x00000202823983c8
instanceKlass  @cpi coursier/core/Resolution$ 1033 form vmentry <vmtarget> ; # java/lang/invoke/LambdaForm$DMH+0x000002028239c000
instanceKlass  @bci coursier/core/Overrides$Impl hasProperties$lzycompute ()Z 20 <appendix> argL0 ; # coursier/core/Overrides$Impl$$Lambda+0x0000020282398000
instanceKlass  @bci coursier/core/Resolution$ depsWithDependencyManagement0 (Lscala/collection/immutable/Seq;Lscala/collection/immutable/Map;Lscala/Option;Lcoursier/core/Overrides;ZLscala/Function1;)Lscala/collection/immutable/Seq; 28 <appendix> member <vmtarget> ; # coursier/core/Resolution$$$Lambda+0x0000020282397ab8
instanceKlass  @bci coursier/core/Resolution$ coursier$core$Resolution$$finalDependencies (Lcoursier/core/Dependency;Lcoursier/core/Project;Ljava/lang/String;Lcoursier/core/VariantSelector$AttributesBased;Lscala/Function1;ZZZ)Lscala/util/Either; 560 <appendix> member <vmtarget> ; # coursier/core/Resolution$$$Lambda+0x00000202823976e8
instanceKlass  @bci coursier/core/Resolution$ coursier$core$Resolution$$finalDependencies (Lcoursier/core/Dependency;Lcoursier/core/Project;Ljava/lang/String;Lcoursier/core/VariantSelector$AttributesBased;Lscala/Function1;ZZZ)Lscala/util/Either; 484 <appendix> member <vmtarget> ; # coursier/core/Resolution$$$Lambda+0x0000020282397428
instanceKlass  @bci coursier/core/Resolution$ coursier$core$Resolution$$finalDependencies (Lcoursier/core/Dependency;Lcoursier/core/Project;Ljava/lang/String;Lcoursier/core/VariantSelector$AttributesBased;Lscala/Function1;ZZZ)Lscala/util/Either; 392 <appendix> member <vmtarget> ; # coursier/core/Resolution$$$Lambda+0x0000020282397058
instanceKlass  @bci coursier/core/Orders$ helper$1 (Lscala/collection/immutable/Set;Lscala/collection/immutable/Set;Lscala/collection/immutable/Map;)Lscala/collection/immutable/Set; 39 <appendix> member <vmtarget> ; # coursier/core/Orders$$$Lambda+0x0000020282396c88
instanceKlass  @bci coursier/core/Orders$ allConfigurations0 (Lscala/collection/immutable/Map;)Lscala/collection/immutable/Map; 13 <appendix> member <vmtarget> ; # coursier/core/Orders$$$Lambda+0x00000202823968b8
instanceKlass coursier/core/Orders$$anon$3
instanceKlass coursier/core/Orders$$anon$2
instanceKlass coursier/core/Orders$PartialOrdering
instanceKlass coursier/core/Orders$
instanceKlass  @bci coursier/core/Resolution$ helper$1 (Lscala/collection/immutable/Set;Lscala/collection/immutable/Set;Lscala/collection/immutable/Map;)Lscala/collection/immutable/Set; 39 <appendix> member <vmtarget> ; # coursier/core/Resolution$$$Lambda+0x00000202823951e0
instanceKlass  @bci coursier/core/Resolution$ coursier$core$Resolution$$finalDependencies (Lcoursier/core/Dependency;Lcoursier/core/Project;Ljava/lang/String;Lcoursier/core/VariantSelector$AttributesBased;Lscala/Function1;ZZZ)Lscala/util/Either; 252 <appendix> member <vmtarget> ; # coursier/core/Resolution$$$Lambda+0x0000020282394e10
instanceKlass scala/util/matching/Regex$Match
instanceKlass scala/util/matching/Regex$Replacement
instanceKlass scala/util/matching/Regex$MatchData
instanceKlass coursier/core/Parse$
instanceKlass  @bci coursier/core/Resolution$ coursier$core$Resolution$$finalDependencies (Lcoursier/core/Dependency;Lcoursier/core/Project;Ljava/lang/String;Lcoursier/core/VariantSelector$AttributesBased;Lscala/Function1;ZZZ)Lscala/util/Either; 10 <appendix> argL0 ; # coursier/core/Resolution$$$Lambda+0x0000020282392238
instanceKlass  @bci coursier/core/Resolution finalDependencies0 (Lcoursier/core/Dependency;)Lscala/util/Either; 102 <appendix> member <vmtarget> ; # coursier/core/Resolution$$Lambda+0x0000020282391e68
instanceKlass  @bci coursier/core/Resolution finalDependencies0 (Lcoursier/core/Dependency;)Lscala/util/Either; 14 <appendix> member <vmtarget> ; # coursier/core/Resolution$$Lambda+0x000002028238fcf8
instanceKlass  @bci coursier/core/Resolution reverseDependencies$lzycompute ()Lscala/collection/immutable/Map; 97 <appendix> member <vmtarget> ; # coursier/core/Resolution$$Lambda+0x0000020282391a98
instanceKlass  @bci coursier/core/Resolution remainingDependencies$lzycompute ()Lscala/collection/immutable/Set; 21 <appendix> argL0 ; # coursier/core/Resolution$$Lambda+0x00000202823916d0
instanceKlass coursier/core/Continue$
instanceKlass  @bci coursier/core/Resolution withDependencyManagement (Lcoursier/core/Project;)Lcoursier/core/Project; 856 <appendix> argL0 ; # coursier/core/Resolution$$Lambda+0x0000020282391308
instanceKlass  @bci coursier/core/Resolution withDependencyManagement (Lcoursier/core/Project;)Lcoursier/core/Project; 819 <appendix> member <vmtarget> ; # coursier/core/Resolution$$Lambda+0x0000020282390f38
instanceKlass  @bci coursier/core/Resolution withDependencyManagement (Lcoursier/core/Project;)Lcoursier/core/Project; 802 <appendix> member <vmtarget> ; # coursier/core/Resolution$$Lambda+0x0000020282390b68
instanceKlass  @bci coursier/core/Resolution withDependencyManagement (Lcoursier/core/Project;)Lcoursier/core/Project; 793 <appendix> argL0 ; # coursier/core/Resolution$$Lambda+0x00000202823907a0
instanceKlass  @bci coursier/core/Resolution $anonfun$withDependencyManagement$26 (Lscala/collection/immutable/Map;Ljava/lang/String;)Ljava/lang/String; 5 <appendix> member <vmtarget> ; # coursier/core/Resolution$$Lambda+0x00000202823903d0
instanceKlass  @bci coursier/core/Resolution withDependencyManagement (Lcoursier/core/Project;)Lcoursier/core/Project; 747 <appendix> member <vmtarget> ; # coursier/core/Resolution$$Lambda+0x0000020282390000
instanceKlass  @bci coursier/core/Resolution withDependencyManagement (Lcoursier/core/Project;)Lcoursier/core/Project; 712 <appendix> argL0 ; # coursier/core/Resolution$$Lambda+0x000002028238f930
instanceKlass  @bci coursier/core/Resolution withDependencyManagement (Lcoursier/core/Project;)Lcoursier/core/Project; 689 <appendix> argL0 ; # coursier/core/Resolution$$Lambda+0x000002028238f568
instanceKlass  @bci coursier/core/Resolution withDependencyManagement (Lcoursier/core/Project;)Lcoursier/core/Project; 667 <appendix> member <vmtarget> ; # coursier/core/Resolution$$Lambda+0x000002028238f198
instanceKlass  @bci coursier/core/Resolution withDependencyManagement (Lcoursier/core/Project;)Lcoursier/core/Project; 653 <appendix> argL0 ; # coursier/core/Resolution$$Lambda+0x000002028238edd0
instanceKlass  @bci coursier/core/Resolution withDependencyManagement (Lcoursier/core/Project;)Lcoursier/core/Project; 630 <appendix> argL0 ; # coursier/core/Resolution$$Lambda+0x000002028238ea08
instanceKlass  @bci coursier/core/Resolution withDependencyManagement (Lcoursier/core/Project;)Lcoursier/core/Project; 613 <appendix> member <vmtarget> ; # coursier/core/Resolution$$Lambda+0x000002028238e638
instanceKlass  @bci coursier/core/Resolution withDependencyManagement (Lcoursier/core/Project;)Lcoursier/core/Project; 598 <appendix> member <vmtarget> ; # coursier/core/Resolution$$Lambda+0x000002028238e268
instanceKlass  @bci coursier/core/Resolution withDependencyManagement (Lcoursier/core/Project;)Lcoursier/core/Project; 577 <appendix> member <vmtarget> ; # coursier/core/Resolution$$Lambda+0x000002028238de98
instanceKlass  @bci coursier/core/Resolution withDependencyManagement (Lcoursier/core/Project;)Lcoursier/core/Project; 559 <appendix> member <vmtarget> ; # coursier/core/Resolution$$Lambda+0x000002028238dac8
instanceKlass  @bci coursier/core/Resolution withDependencyManagement (Lcoursier/core/Project;)Lcoursier/core/Project; 541 <appendix> member <vmtarget> ; # coursier/core/Resolution$$Lambda+0x000002028238d6f8
instanceKlass  @bci coursier/core/Resolution withDependencyManagement (Lcoursier/core/Project;)Lcoursier/core/Project; 523 <appendix> member <vmtarget> ; # coursier/core/Resolution$$Lambda+0x000002028238d328
instanceKlass  @bci coursier/core/Resolution withDependencyManagement (Lcoursier/core/Project;)Lcoursier/core/Project; 505 <appendix> argL0 ; # coursier/core/Resolution$$Lambda+0x000002028238cf60
instanceKlass  @bci coursier/core/Resolution withDependencyManagement (Lcoursier/core/Project;)Lcoursier/core/Project; 475 <appendix> argL0 ; # coursier/core/Resolution$$Lambda+0x000002028238cb98
instanceKlass  @bci coursier/core/Resolution withDependencyManagement (Lcoursier/core/Project;)Lcoursier/core/Project; 452 <appendix> member <vmtarget> ; # coursier/core/Resolution$$Lambda+0x000002028238c7c8
instanceKlass  @bci coursier/core/Resolution withDependencyManagement (Lcoursier/core/Project;)Lcoursier/core/Project; 419 <appendix> argL0 ; # coursier/core/Resolution$$Lambda+0x000002028238c400
instanceKlass  @bci coursier/core/Resolution withDependencyManagement (Lcoursier/core/Project;)Lcoursier/core/Project; 198 <appendix> member <vmtarget> ; # coursier/core/Resolution$$Lambda+0x000002028238c030
instanceKlass  @bci coursier/core/Resolution$ addDependencies (Lscala/collection/immutable/Seq;)Lscala/collection/immutable/Seq; 57 <appendix> member <vmtarget> ; # coursier/core/Resolution$$$Lambda+0x000002028238bc60
instanceKlass  @bci coursier/core/Resolution withDependencyManagement (Lcoursier/core/Project;)Lcoursier/core/Project; 165 <appendix> argL0 ; # coursier/core/Resolution$$Lambda+0x000002028238b898
instanceKlass  @bci coursier/core/Resolution withDependencyManagement (Lcoursier/core/Project;)Lcoursier/core/Project; 87 <appendix> argL0 ; # coursier/core/Resolution$$Lambda+0x000002028238b4d0
instanceKlass  @bci coursier/core/Resolution withDependencyManagement (Lcoursier/core/Project;)Lcoursier/core/Project; 16 <appendix> argL0 ; # coursier/core/Resolution$$Lambda+0x000002028238b108
instanceKlass  @bci coursier/core/Resolution withDependencyManagement (Lcoursier/core/Project;)Lcoursier/core/Project; 5 <appendix> member <vmtarget> ; # coursier/core/Resolution$$Lambda+0x000002028238ad38
instanceKlass  @bci coursier/core/Resolution $anonfun$addToProjectCache0$2 (Lcoursier/core/Resolution;Lscala/Tuple2;)Lscala/Tuple2; 62 <appendix> member <vmtarget> ; # coursier/core/Resolution$$Lambda+0x000002028238a968
instanceKlass  @bci coursier/core/Resolution addToProjectCache0 (Lscala/collection/immutable/Seq;)Lcoursier/core/Resolution; 71 <appendix> member <vmtarget> ; # coursier/core/Resolution$$Lambda+0x000002028238a598
instanceKlass  @bci coursier/core/Resolution addToProjectCache0 (Lscala/collection/immutable/Seq;)Lcoursier/core/Resolution; 28 <appendix> member <vmtarget> ; # coursier/core/Resolution$$Lambda+0x000002028238a2d8
instanceKlass  @bci coursier/core/Missing cont0$1 (Lcoursier/core/Resolution;Lscala/collection/immutable/Seq;)Lcoursier/core/ResolutionProcess; 144 <appendix> argL0 ; # coursier/core/Missing$$Lambda+0x00000202823898a0
instanceKlass  @bci coursier/core/Missing order$1 (Lscala/collection/immutable/Map;Lscala/collection/immutable/List;)Lscala/collection/immutable/List; 179 <appendix> member <vmtarget> ; # coursier/core/Missing$$Lambda+0x00000202823894d0
instanceKlass  @bci coursier/core/Missing order$1 (Lscala/collection/immutable/Map;Lscala/collection/immutable/List;)Lscala/collection/immutable/List; 160 <appendix> argL0 ; # coursier/core/Missing$$Lambda+0x0000020282389108
instanceKlass  @bci coursier/core/Missing order$1 (Lscala/collection/immutable/Map;Lscala/collection/immutable/List;)Lscala/collection/immutable/List; 138 <appendix> argL0 ; # coursier/core/Missing$$Lambda+0x0000020282388b60
instanceKlass  @bci scala/collection/StrictOptimizedIterableOps partition (Lscala/Function1;)Lscala/Tuple2; 23 <appendix> member <vmtarget> ; # scala/collection/StrictOptimizedIterableOps$$Lambda+0x0000020282388790
instanceKlass  @bci coursier/core/Missing order$1 (Lscala/collection/immutable/Map;Lscala/collection/immutable/List;)Lscala/collection/immutable/List; 44 <appendix> member <vmtarget> ; # coursier/core/Missing$$Lambda+0x00000202823883c8
instanceKlass  @bci coursier/core/Missing order$1 (Lscala/collection/immutable/Map;Lscala/collection/immutable/List;)Lscala/collection/immutable/List; 15 <appendix> argL0 ; # coursier/core/Missing$$Lambda+0x0000020282388000
instanceKlass  @bci coursier/core/Missing cont0$1 (Lcoursier/core/Resolution;Lscala/collection/immutable/Seq;)Lcoursier/core/ResolutionProcess; 109 <appendix> member <vmtarget> ; # coursier/core/Missing$$Lambda+0x0000020282380400
instanceKlass  @bci coursier/core/Missing cont0$1 (Lcoursier/core/Resolution;Lscala/collection/immutable/Seq;)Lcoursier/core/ResolutionProcess; 84 <appendix> argL0 ; # coursier/core/Missing$$Lambda+0x0000020282381c28
instanceKlass  @bci coursier/core/Missing cont0$1 (Lcoursier/core/Resolution;Lscala/collection/immutable/Seq;)Lcoursier/core/ResolutionProcess; 57 <appendix> argL0 ; # coursier/core/Missing$$Lambda+0x0000020282380800
instanceKlass  @bci coursier/core/Missing cont0$1 (Lcoursier/core/Resolution;Lscala/collection/immutable/Seq;)Lcoursier/core/ResolutionProcess; 35 <appendix> argL0 ; # coursier/core/Missing$$Lambda+0x0000020282381860
instanceKlass  @bci coursier/core/Resolution$ withProperties0 (Lscala/collection/immutable/Seq;Lscala/collection/immutable/Map;)Lscala/collection/immutable/Seq; 2 <appendix> member <vmtarget> ; # coursier/core/Resolution$$$Lambda+0x0000020282381000
instanceKlass  @bci coursier/core/Resolution dependencyManagementRequirements0 (Lcoursier/core/Project;)Lscala/collection/immutable/Set; 232 <appendix> argL0 ; # coursier/core/Resolution$$Lambda+0x0000020282383be8
instanceKlass  @bci coursier/core/Resolution dependencyManagementRequirements0 (Lcoursier/core/Project;)Lscala/collection/immutable/Set; 144 <appendix> argL0 ; # coursier/core/Resolution$$Lambda+0x0000020282383820
instanceKlass  @bci coursier/core/Resolution dependencyManagementRequirements0 (Lcoursier/core/Project;)Lscala/collection/immutable/Set; 122 <appendix> argL0 ; # coursier/core/Resolution$$Lambda+0x0000020282383458
instanceKlass  @bci coursier/core/Resolution$ profiles0 (Lcoursier/core/Project;Lscala/collection/immutable/Map;Lcoursier/core/Activation$Os;Lscala/Option;Lscala/Option;)Lscala/collection/immutable/Seq; 10 <appendix> member <vmtarget> ; # coursier/core/Resolution$$$Lambda+0x0000020282383088
instanceKlass  @bci coursier/core/Resolution$ substitute (Lscala/collection/immutable/Seq;)Lscala/collection/immutable/Seq; 40 <appendix> member <vmtarget> ; # coursier/core/Resolution$$$Lambda+0x0000020282382cb8
instanceKlass scala/runtime/BooleanRef
instanceKlass  @bci coursier/core/Resolution$ coursier$core$Resolution$$staticProjectProperties (Lcoursier/core/Project;)Lscala/collection/immutable/Seq; 303 <appendix> argL0 ; # coursier/core/Resolution$$$Lambda+0x0000020282387738
instanceKlass  @bci coursier/core/Resolution$ coursier$core$Resolution$$staticProjectProperties (Lcoursier/core/Project;)Lscala/collection/immutable/Seq; 261 <appendix> argL0 ; # coursier/core/Resolution$$$Lambda+0x0000020282387480
instanceKlass  @bci coursier/core/Project actualVersion0 ()Lcoursier/version/Version; 5 <appendix> member <vmtarget> ; # coursier/core/Project$$Lambda+0x00000202823871c0
instanceKlass  @bci coursier/core/Resolution dependencyManagementRequirements0 (Lcoursier/core/Project;)Lscala/collection/immutable/Set; 58 <appendix> argL0 ; # coursier/core/Resolution$$Lambda+0x0000020282386df8
instanceKlass  @bci coursier/core/Resolution$ coursier$core$Resolution$$parents (Lcoursier/core/Project;Lscala/Function1;)Lscala/collection/immutable/LazyList; 4 <appendix> argL0 ; # coursier/core/Resolution$$$Lambda+0x0000020282386a30
instanceKlass  @bci coursier/core/Resolution dependencyManagementRequirements0 (Lcoursier/core/Project;)Lscala/collection/immutable/Set; 47 <appendix> member <vmtarget> ; # coursier/core/Resolution$$Lambda+0x0000020282386660
instanceKlass  @bci coursier/core/Resolution dependencyManagementRequirements0 (Lcoursier/core/Project;)Lscala/collection/immutable/Set; 5 <appendix> member <vmtarget> ; # coursier/core/Resolution$$Lambda+0x0000020282386290
instanceKlass  @bci coursier/core/Missing cont0$1 (Lcoursier/core/Resolution;Lscala/collection/immutable/Seq;)Lcoursier/core/ResolutionProcess; 18 <appendix> member <vmtarget> ; # coursier/core/Missing$$Lambda+0x0000020282385ec0
instanceKlass  @bci coursier/core/Missing cont0$1 (Lcoursier/core/Resolution;Lscala/collection/immutable/Seq;)Lcoursier/core/ResolutionProcess; 2 <appendix> member <vmtarget> ; # coursier/core/Missing$$Lambda+0x0000020282385af0
instanceKlass  @bci coursier/core/ResolutionProcess$ $anonfun$fetchOne$18 (Lscala/util/Either;)Lscala/util/Either; 4 <appendix> argL0 ; # coursier/core/ResolutionProcess$$$Lambda+0x0000020282384e18
instanceKlass  @bci coursier/maven/MavenRepositoryInternal $anonfun$find$7 (Lcoursier/version/Version;Lscala/util/Either;)Lscala/util/Either; 2 <appendix> member <vmtarget> ; # coursier/maven/MavenRepositoryInternal$$Lambda+0x0000020282384a48
instanceKlass  @bci coursier/maven/MavenRepositoryInternal $anonfun$parsePom$4 (Lcoursier/maven/MavenRepositoryInternal;Lcoursier/core/Project;)Lscala/util/Either; 5 <appendix> argL0 ; # coursier/maven/MavenRepositoryInternal$$Lambda+0x0000020282384680
instanceKlass  @bci coursier/maven/Pom$ addOptionalDependenciesInConfig (Lcoursier/core/Project;Lscala/collection/immutable/Set;Ljava/lang/String;)Lcoursier/core/Project; 49 <appendix> argL0 ; # coursier/maven/Pom$$$Lambda+0x00000202823842b8
instanceKlass  @bci coursier/maven/Pom$ addOptionalDependenciesInConfig (Lcoursier/core/Project;Lscala/collection/immutable/Set;Ljava/lang/String;)Lcoursier/core/Project; 35 <appendix> argL0 ; # coursier/maven/Pom$$$Lambda+0x0000020282384000
instanceKlass coursier/maven/Pom$
instanceKlass  @bci coursier/maven/MavenRepositoryInternal parsePom (Ljava/lang/String;Lcoursier/util/Monad;)Lcoursier/util/EitherT; 54 <appendix> member <vmtarget> ; # coursier/maven/MavenRepositoryInternal$$Lambda+0x000002028233f420
instanceKlass  @bci coursier/maven/PomParser$State $anonfun$project$25 (Lcoursier/maven/PomParser$State;Lscala/util/Either;Ljava/lang/String;Ljava/lang/String;Lcoursier/version/Version;Lscala/collection/immutable/List;Lscala/runtime/BoxedUnit;)Lcoursier/core/Project; 6 <appendix> member <vmtarget> ; # coursier/maven/PomParser$State$$Lambda+0x000002028233f050
instanceKlass  @bci coursier/maven/PomParser$State $anonfun$project$24 (Lcoursier/maven/PomParser$State;Lscala/util/Either;Ljava/lang/String;Ljava/lang/String;Lcoursier/version/Version;Lscala/collection/immutable/List;Lscala/runtime/BoxedUnit;)Lscala/util/Either; 52 <appendix> member <vmtarget> ; # coursier/maven/PomParser$State$$Lambda+0x000002028233ec80
instanceKlass  @bci coursier/maven/PomParser$State $anonfun$project$24 (Lcoursier/maven/PomParser$State;Lscala/util/Either;Ljava/lang/String;Ljava/lang/String;Lcoursier/version/Version;Lscala/collection/immutable/List;Lscala/runtime/BoxedUnit;)Lscala/util/Either; 52 <appendix> form vmentry <vmtarget> ; # java/lang/invoke/LambdaForm$DMH+0x0000020282380000
instanceKlass  @bci coursier/maven/PomParser$State $anonfun$project$22 (Lcoursier/maven/PomParser$State;Lscala/util/Either;Ljava/lang/String;Ljava/lang/String;Lscala/collection/immutable/List;Lcoursier/version/Version;)Lscala/util/Either; 43 <appendix> member <vmtarget> ; # coursier/maven/PomParser$State$$Lambda+0x000002028233e8b0
instanceKlass  @bci coursier/maven/PomParser$State $anonfun$project$22 (Lcoursier/maven/PomParser$State;Lscala/util/Either;Ljava/lang/String;Ljava/lang/String;Lscala/collection/immutable/List;Lcoursier/version/Version;)Lscala/util/Either; 1 <appendix> argL0 ; # coursier/maven/PomParser$State$$Lambda+0x000002028233e4e8
instanceKlass  @bci coursier/maven/PomParser$State $anonfun$project$18 (Lcoursier/maven/PomParser$State;Lscala/Option;Lscala/util/Either;Ljava/lang/String;Lscala/collection/immutable/List;Ljava/lang/String;)Lscala/util/Either; 32 <appendix> member <vmtarget> ; # coursier/maven/PomParser$State$$Lambda+0x000002028233e118
instanceKlass  @bci coursier/maven/PomParser$State $anonfun$project$18 (Lcoursier/maven/PomParser$State;Lscala/Option;Lscala/util/Either;Ljava/lang/String;Lscala/collection/immutable/List;Ljava/lang/String;)Lscala/util/Either; 17 <appendix> argL0 ; # coursier/maven/PomParser$State$$Lambda+0x000002028233dd50
instanceKlass  @bci coursier/maven/PomParser$State $anonfun$project$18 (Lcoursier/maven/PomParser$State;Lscala/Option;Lscala/util/Either;Ljava/lang/String;Lscala/collection/immutable/List;Ljava/lang/String;)Lscala/util/Either; 9 <appendix> argL0 ; # coursier/maven/PomParser$State$$Lambda+0x000002028233d988
instanceKlass  @bci coursier/maven/PomParser$State $anonfun$project$18 (Lcoursier/maven/PomParser$State;Lscala/Option;Lscala/util/Either;Ljava/lang/String;Lscala/collection/immutable/List;Ljava/lang/String;)Lscala/util/Either; 1 <appendix> argL0 ; # coursier/maven/PomParser$State$$Lambda+0x000002028233d6d0
instanceKlass  @bci coursier/maven/PomParser$State $anonfun$project$15 (Lcoursier/maven/PomParser$State;Lscala/Option;Lscala/util/Either;Lscala/collection/immutable/List;Ljava/lang/String;)Lscala/util/Either; 26 <appendix> member <vmtarget> ; # coursier/maven/PomParser$State$$Lambda+0x000002028233d300
instanceKlass  @bci coursier/maven/PomParser$State $anonfun$project$15 (Lcoursier/maven/PomParser$State;Lscala/Option;Lscala/util/Either;Lscala/collection/immutable/List;Ljava/lang/String;)Lscala/util/Either; 12 <appendix> argL0 ; # coursier/maven/PomParser$State$$Lambda+0x000002028233cf38
instanceKlass  @bci coursier/maven/PomParser$State $anonfun$project$15 (Lcoursier/maven/PomParser$State;Lscala/Option;Lscala/util/Either;Lscala/collection/immutable/List;Ljava/lang/String;)Lscala/util/Either; 4 <appendix> argL0 ; # coursier/maven/PomParser$State$$Lambda+0x000002028233cc80
instanceKlass  @bci coursier/maven/PomParser$State project ()Lscala/util/Either; 119 <appendix> member <vmtarget> ; # coursier/maven/PomParser$State$$Lambda+0x000002028233c8b0
instanceKlass  @bci coursier/maven/PomParser$State project ()Lscala/util/Either; 106 <appendix> argL0 ; # coursier/maven/PomParser$State$$Lambda+0x000002028233c4e8
instanceKlass  @bci coursier/maven/PomParser$State project ()Lscala/util/Either; 98 <appendix> argL0 ; # coursier/maven/PomParser$State$$Lambda+0x000002028233c230
instanceKlass  @bci coursier/maven/PomParser$State project ()Lscala/util/Either; 87 <appendix> member <vmtarget> ; # coursier/maven/PomParser$State$$Lambda+0x000002028233be60
instanceKlass  @bci coursier/maven/PomParser$State project ()Lscala/util/Either; 78 <appendix> argL0 ; # coursier/maven/PomParser$State$$Lambda+0x000002028233ba98
instanceKlass  @bci coursier/maven/PomParser$State project ()Lscala/util/Either; 70 <appendix> argL0 ; # coursier/maven/PomParser$State$$Lambda+0x000002028233b7e0
instanceKlass  @bci coursier/maven/PomParser$State project ()Lscala/util/Either; 49 <appendix> member <vmtarget> ; # coursier/maven/PomParser$State$$Lambda+0x000002028233b520
instanceKlass  @bci coursier/maven/PomParser$State project ()Lscala/util/Either; 40 <appendix> argL0 ; # coursier/maven/PomParser$State$$Lambda+0x000002028233b158
instanceKlass  @bci coursier/maven/PomParser$State project ()Lscala/util/Either; 20 <appendix> member <vmtarget> ; # coursier/maven/PomParser$State$$Lambda+0x000002028233ae98
instanceKlass  @bci coursier/maven/PomParser$State project ()Lscala/util/Either; 11 <appendix> argL0 ; # coursier/maven/PomParser$State$$Lambda+0x000002028233aad0
instanceKlass coursier/core/Info$Scm$
instanceKlass coursier/core/Info$License$
instanceKlass  @bci coursier/maven/PomParser endElement (Ljava/lang/String;)V 44 <appendix> member <vmtarget> ; # coursier/maven/PomParser$$Lambda+0x000002028233a2e0
instanceKlass  @bci coursier/maven/PomParser $anonfun$characters$1 (Lscala/Option;)Z 1 <appendix> argL0 ; # coursier/maven/PomParser$$Lambda+0x0000020282339f18
instanceKlass  @bci coursier/maven/PomParser characters ([CII)V 7 <appendix> argL0 ; # coursier/maven/PomParser$$Lambda+0x0000020282339b50
instanceKlass  @bci coursier/maven/PomParser startElement (Ljava/lang/String;)V 66 <appendix> member <vmtarget> ; # coursier/maven/PomParser$$Lambda+0x0000020282339780
instanceKlass  @bci coursier/maven/PomParser startElement (Ljava/lang/String;)V 30 <appendix> member <vmtarget> ; # coursier/maven/PomParser$$Lambda+0x00000202823394c0
instanceKlass coursier/maven/PomParser$CustomList$
instanceKlass  @bci coursier/maven/PomParser$ <clinit> ()V 639 <appendix> argL0 ; # coursier/maven/PomParser$$$Lambda+0x00000202823390f8
instanceKlass  @bci coursier/maven/PomParser$ licenseHandlers (Lscala/collection/immutable/List;Lscala/Function2;)Lscala/collection/immutable/Seq; 84 <appendix> argL0 ; # coursier/maven/PomParser$$$Lambda+0x0000020282338b50
instanceKlass  @bci coursier/maven/PomParser$ licenseHandlers (Lscala/collection/immutable/List;Lscala/Function2;)Lscala/collection/immutable/Seq; 64 <appendix> argL0 ; # coursier/maven/PomParser$$$Lambda+0x00000202823385a8
instanceKlass  @bci coursier/maven/PomParser$ licenseHandlers (Lscala/collection/immutable/List;Lscala/Function2;)Lscala/collection/immutable/Seq; 44 <appendix> argL0 ; # coursier/maven/PomParser$$$Lambda+0x0000020282338000
instanceKlass  @bci coursier/maven/PomParser$ licenseHandlers (Lscala/collection/immutable/List;Lscala/Function2;)Lscala/collection/immutable/Seq; 25 <appendix> argL0 ; # coursier/maven/PomParser$$$Lambda+0x0000020282337818
instanceKlass  @bci coursier/maven/PomParser$ <clinit> ()V 614 <appendix> argL0 ; # coursier/maven/PomParser$$$Lambda+0x0000020282337048
instanceKlass coursier/core/Info$License
instanceKlass  @bci coursier/maven/PomParser$ scmHandlers (Lscala/collection/immutable/List;Lscala/Function2;)Lscala/collection/immutable/Seq; 64 <appendix> argL0 ; # coursier/maven/PomParser$$$Lambda+0x0000020282336828
instanceKlass  @bci coursier/maven/PomParser$ scmHandlers (Lscala/collection/immutable/List;Lscala/Function2;)Lscala/collection/immutable/Seq; 44 <appendix> argL0 ; # coursier/maven/PomParser$$$Lambda+0x0000020282336280
instanceKlass  @bci coursier/maven/PomParser$ scmHandlers (Lscala/collection/immutable/List;Lscala/Function2;)Lscala/collection/immutable/Seq; 24 <appendix> argL0 ; # coursier/maven/PomParser$$$Lambda+0x0000020282335cd8
instanceKlass  @bci coursier/maven/PomParser$ <clinit> ()V 575 <appendix> argL0 ; # coursier/maven/PomParser$$$Lambda+0x0000020282335508
instanceKlass coursier/core/Info$Scm
instanceKlass  @bci coursier/maven/PomParser$ profileHandlers (Lscala/collection/immutable/List;Lscala/Function2;)Lscala/collection/immutable/Seq; 373 <appendix> argL0 ; # coursier/maven/PomParser$$$Lambda+0x0000020282335048
instanceKlass  @bci coursier/maven/PomParser$ profileHandlers (Lscala/collection/immutable/List;Lscala/Function2;)Lscala/collection/immutable/Seq; 350 <appendix> argL0 ; # coursier/maven/PomParser$$$Lambda+0x0000020282334e00
instanceKlass  @bci coursier/maven/PomParser$ profileHandlers (Lscala/collection/immutable/List;Lscala/Function2;)Lscala/collection/immutable/Seq; 317 <appendix> argL0 ; # coursier/maven/PomParser$$$Lambda+0x0000020282334bb8
instanceKlass  @bci coursier/maven/PomParser$ profileHandlers (Lscala/collection/immutable/List;Lscala/Function2;)Lscala/collection/immutable/Seq; 287 <appendix> argL0 ; # coursier/maven/PomParser$$$Lambda+0x0000020282334610
instanceKlass  @bci coursier/maven/PomParser$ profileHandlers (Lscala/collection/immutable/List;Lscala/Function2;)Lscala/collection/immutable/Seq; 261 <appendix> argL0 ; # coursier/maven/PomParser$$$Lambda+0x0000020282334068
instanceKlass  @bci coursier/maven/PomParser$ profileHandlers (Lscala/collection/immutable/List;Lscala/Function2;)Lscala/collection/immutable/Seq; 230 <appendix> argL0 ; # coursier/maven/PomParser$$$Lambda+0x0000020282333ac0
instanceKlass  @bci coursier/maven/PomParser$ profileHandlers (Lscala/collection/immutable/List;Lscala/Function2;)Lscala/collection/immutable/Seq; 198 <appendix> argL0 ; # coursier/maven/PomParser$$$Lambda+0x0000020282333518
instanceKlass  @bci coursier/maven/PomParser$ profileHandlers (Lscala/collection/immutable/List;Lscala/Function2;)Lscala/collection/immutable/Seq; 166 <appendix> argL0 ; # coursier/maven/PomParser$$$Lambda+0x0000020282332f70
instanceKlass  @bci coursier/maven/PomParser$ profileHandlers (Lscala/collection/immutable/List;Lscala/Function2;)Lscala/collection/immutable/Seq; 134 <appendix> argL0 ; # coursier/maven/PomParser$$$Lambda+0x00000202823329c8
instanceKlass  @bci coursier/maven/PomParser$ profileHandlers (Lscala/collection/immutable/List;Lscala/Function2;)Lscala/collection/immutable/Seq; 103 <appendix> argL0 ; # coursier/maven/PomParser$$$Lambda+0x0000020282332420
instanceKlass  @bci coursier/maven/PomParser$ profileHandlers (Lscala/collection/immutable/List;Lscala/Function2;)Lscala/collection/immutable/Seq; 61 <appendix> argL0 ; # coursier/maven/PomParser$$$Lambda+0x0000020282331c50
instanceKlass  @bci coursier/maven/PomParser$ profileHandlers (Lscala/collection/immutable/List;Lscala/Function2;)Lscala/collection/immutable/Seq; 36 <appendix> argL0 ; # coursier/maven/PomParser$$$Lambda+0x00000202823316a8
instanceKlass  @bci coursier/maven/PomParser$ <clinit> ()V 542 <appendix> argL0 ; # coursier/maven/PomParser$$$Lambda+0x0000020282330ed8
instanceKlass coursier/core/Profile
instanceKlass  @bci coursier/maven/PomParser$ <clinit> ()V 503 <appendix> argL0 ; # coursier/maven/PomParser$$$Lambda+0x00000202823307f0
instanceKlass  @bci coursier/maven/PomParser$ <clinit> ()V 471 <appendix> argL0 ; # coursier/maven/PomParser$$$Lambda+0x00000202823305a8
instanceKlass  @bci coursier/maven/PomParser$ dependencyHandlers (Lscala/collection/immutable/List;Lscala/Function3;)Lscala/collection/immutable/Seq; 223 <appendix> argL0 ; # coursier/maven/PomParser$$$Lambda+0x0000020282330000
instanceKlass  @bci coursier/maven/PomParser$ dependencyHandlers (Lscala/collection/immutable/List;Lscala/Function3;)Lscala/collection/immutable/Seq; 192 <appendix> argL0 ; # coursier/maven/PomParser$$$Lambda+0x000002028232f830
instanceKlass  @bci coursier/maven/PomParser$ dependencyHandlers (Lscala/collection/immutable/List;Lscala/Function3;)Lscala/collection/immutable/Seq; 149 <appendix> argL0 ; # coursier/maven/PomParser$$$Lambda+0x000002028232f060
instanceKlass  @bci coursier/maven/PomParser$ dependencyHandlers (Lscala/collection/immutable/List;Lscala/Function3;)Lscala/collection/immutable/Seq; 129 <appendix> argL0 ; # coursier/maven/PomParser$$$Lambda+0x000002028232eab8
instanceKlass  @bci coursier/maven/PomParser$ dependencyHandlers (Lscala/collection/immutable/List;Lscala/Function3;)Lscala/collection/immutable/Seq; 109 <appendix> argL0 ; # coursier/maven/PomParser$$$Lambda+0x000002028232e510
instanceKlass  @bci coursier/maven/PomParser$ dependencyHandlers (Lscala/collection/immutable/List;Lscala/Function3;)Lscala/collection/immutable/Seq; 90 <appendix> argL0 ; # coursier/maven/PomParser$$$Lambda+0x000002028232df68
instanceKlass  @bci coursier/maven/PomParser$ dependencyHandlers (Lscala/collection/immutable/List;Lscala/Function3;)Lscala/collection/immutable/Seq; 71 <appendix> argL0 ; # coursier/maven/PomParser$$$Lambda+0x000002028232d9c0
instanceKlass  @bci coursier/maven/PomParser$ dependencyHandlers (Lscala/collection/immutable/List;Lscala/Function3;)Lscala/collection/immutable/Seq; 53 <appendix> argL0 ; # coursier/maven/PomParser$$$Lambda+0x000002028232d418
instanceKlass  @bci coursier/maven/PomParser$ dependencyHandlers (Lscala/collection/immutable/List;Lscala/Function3;)Lscala/collection/immutable/Seq; 35 <appendix> argL0 ; # coursier/maven/PomParser$$$Lambda+0x000002028232ce70
instanceKlass  @bci coursier/maven/PomParser$ <clinit> ()V 429 <appendix> argL0 ; # coursier/maven/PomParser$$$Lambda+0x000002028232c7d8
instanceKlass scala/Function3
instanceKlass  @bci coursier/maven/PomParser$ <clinit> ()V 390 <appendix> argL0 ; # coursier/maven/PomParser$$$Lambda+0x000002028232c030
instanceKlass  @bci coursier/maven/PomParser$ <clinit> ()V 352 <appendix> argL0 ; # coursier/maven/PomParser$$$Lambda+0x000002028232ba88
instanceKlass  @bci coursier/maven/PomParser$ <clinit> ()V 314 <appendix> argL0 ; # coursier/maven/PomParser$$$Lambda+0x000002028232b4e0
instanceKlass  @bci coursier/maven/PomParser$ <clinit> ()V 276 <appendix> argL0 ; # coursier/maven/PomParser$$$Lambda+0x000002028232af38
instanceKlass  @bci coursier/maven/PomParser$ <clinit> ()V 248 <appendix> argL0 ; # coursier/maven/PomParser$$$Lambda+0x000002028232a990
instanceKlass  @bci coursier/maven/PomParser$ <clinit> ()V 220 <appendix> argL0 ; # coursier/maven/PomParser$$$Lambda+0x000002028232a3e8
instanceKlass  @bci coursier/maven/PomParser$ <clinit> ()V 192 <appendix> argL0 ; # coursier/maven/PomParser$$$Lambda+0x0000020282329e40
instanceKlass  @bci coursier/maven/PomParser$ <clinit> ()V 160 <appendix> argL0 ; # coursier/maven/PomParser$$$Lambda+0x0000020282329898
instanceKlass  @bci coursier/maven/PomParser$ <clinit> ()V 128 <appendix> argL0 ; # coursier/maven/PomParser$$$Lambda+0x00000202823292f0
instanceKlass  @bci coursier/maven/PomParser$ <clinit> ()V 96 <appendix> argL0 ; # coursier/maven/PomParser$$$Lambda+0x0000020282328d48
instanceKlass  @bci coursier/maven/PomParser$ <clinit> ()V 69 <appendix> argL0 ; # coursier/maven/PomParser$$$Lambda+0x00000202823287a0
instanceKlass  @bci coursier/maven/PomParser$ <clinit> ()V 42 <appendix> argL0 ; # coursier/maven/PomParser$$$Lambda+0x00000202823281f8
instanceKlass coursier/maven/PomParser$Handler
instanceKlass coursier/maven/PomParser$
instanceKlass  @bci javax/xml/parsers/FactoryFinder newInstance (Ljava/lang/Class;Ljava/lang/String;Ljava/lang/ClassLoader;ZZ)Ljava/lang/Object; 104 <appendix> member <vmtarget> ; # javax/xml/parsers/FactoryFinder$$Lambda+0x0000020282350740
instanceKlass javax/xml/catalog/CatalogReader$1
instanceKlass javax/xml/catalog/Normalizer
instanceKlass com/sun/org/apache/xerces/internal/impl/Constants$ArrayEnumeration
instanceKlass com/sun/org/apache/xerces/internal/impl/Constants
instanceKlass com/sun/org/apache/xerces/internal/parsers/AbstractSAXParser$LocatorProxy
instanceKlass org/xml/sax/ext/Locator2
instanceKlass org/xml/sax/Locator
instanceKlass com/sun/org/apache/xerces/internal/util/XMLSymbols
instanceKlass com/sun/org/apache/xerces/internal/util/XMLChar
instanceKlass com/sun/xml/internal/stream/Entity
instanceKlass com/sun/xml/internal/stream/util/BufferAllocator
instanceKlass com/sun/xml/internal/stream/util/ThreadLocalBufferAllocator
instanceKlass com/sun/org/apache/xerces/internal/impl/XMLEntityManager$EncodingInfo
instanceKlass java/util/AbstractMap$SimpleEntry
instanceKlass jdk/internal/jimage/ImageBufferCache$2
instanceKlass jdk/internal/jimage/ImageBufferCache
instanceKlass  @bci jdk/xml/internal/SecuritySupport getInputStream (Ljava/net/URLConnection;)Ljava/io/InputStream; 1 <appendix> member <vmtarget> ; # jdk/xml/internal/SecuritySupport$$Lambda+0x000002028234c778
instanceKlass  @bci sun/net/www/protocol/jrt/JavaRuntimeURLConnection <clinit> ()V 0 <appendix> argL0 ; # sun/net/www/protocol/jrt/JavaRuntimeURLConnection$$Lambda+0x000002028234c190
instanceKlass com/sun/org/apache/xerces/internal/util/URI
instanceKlass jdk/xml/internal/XMLLimitAnalyzer
instanceKlass com/sun/org/apache/xerces/internal/xni/parser/XMLInputSource
instanceKlass com/sun/org/apache/xerces/internal/util/ErrorHandlerWrapper
instanceKlass com/sun/org/apache/xerces/internal/xni/parser/XMLErrorHandler
instanceKlass com/sun/org/apache/xerces/internal/impl/ExternalSubsetResolver
instanceKlass com/sun/org/apache/xerces/internal/util/EntityResolverWrapper
instanceKlass org/xml/sax/ext/EntityResolver2
instanceKlass org/xml/sax/InputSource
instanceKlass org/xml/sax/helpers/DefaultHandler
instanceKlass org/xml/sax/ErrorHandler
instanceKlass org/xml/sax/DTDHandler
instanceKlass com/sun/org/apache/xerces/internal/parsers/AbstractSAXParser$AttributesProxy
instanceKlass org/xml/sax/ext/Attributes2
instanceKlass org/xml/sax/Attributes
instanceKlass org/xml/sax/AttributeList
instanceKlass com/sun/org/apache/xerces/internal/util/FeatureState
instanceKlass com/sun/org/apache/xerces/internal/util/PropertyState
instanceKlass com/sun/org/apache/xerces/internal/impl/msg/XMLMessageFormatter
instanceKlass com/sun/org/apache/xerces/internal/util/MessageFormatter
instanceKlass com/sun/org/apache/xerces/internal/impl/XMLVersionDetector
instanceKlass com/sun/org/apache/xerces/internal/impl/validation/ValidationManager
instanceKlass com/sun/org/apache/xerces/internal/impl/dv/dtd/NMTOKENDatatypeValidator
instanceKlass com/sun/org/apache/xerces/internal/impl/dv/dtd/NOTATIONDatatypeValidator
instanceKlass com/sun/org/apache/xerces/internal/impl/dv/dtd/ENTITYDatatypeValidator
instanceKlass com/sun/org/apache/xerces/internal/impl/dv/dtd/ListDatatypeValidator
instanceKlass com/sun/org/apache/xerces/internal/impl/dv/dtd/IDREFDatatypeValidator
instanceKlass com/sun/org/apache/xerces/internal/impl/dv/dtd/IDDatatypeValidator
instanceKlass com/sun/org/apache/xerces/internal/impl/dv/dtd/StringDatatypeValidator
instanceKlass com/sun/org/apache/xerces/internal/impl/dv/DatatypeValidator
instanceKlass com/sun/org/apache/xerces/internal/impl/dv/DTDDVFactory
instanceKlass com/sun/org/apache/xerces/internal/impl/dtd/DTDGrammarBucket
instanceKlass com/sun/org/apache/xerces/internal/impl/dtd/XMLAttributeDecl
instanceKlass com/sun/org/apache/xerces/internal/impl/dtd/XMLSimpleType
instanceKlass com/sun/org/apache/xerces/internal/impl/dtd/XMLElementDecl
instanceKlass com/sun/org/apache/xerces/internal/impl/validation/ValidationState
instanceKlass com/sun/org/apache/xerces/internal/impl/dv/ValidationContext
instanceKlass com/sun/org/apache/xerces/internal/impl/dtd/XMLDTDValidator
instanceKlass com/sun/org/apache/xerces/internal/impl/RevalidationHandler
instanceKlass com/sun/org/apache/xerces/internal/impl/dtd/XMLDTDValidatorFilter
instanceKlass com/sun/org/apache/xerces/internal/xni/parser/XMLDocumentFilter
instanceKlass com/sun/org/apache/xerces/internal/impl/dtd/XMLEntityDecl
instanceKlass com/sun/org/apache/xerces/internal/impl/dtd/XMLDTDProcessor
instanceKlass com/sun/org/apache/xerces/internal/xni/parser/XMLDTDContentModelFilter
instanceKlass com/sun/org/apache/xerces/internal/xni/parser/XMLDTDFilter
instanceKlass com/sun/org/apache/xerces/internal/xni/parser/XMLDTDScanner
instanceKlass com/sun/org/apache/xerces/internal/xni/parser/XMLDTDContentModelSource
instanceKlass com/sun/org/apache/xerces/internal/xni/parser/XMLDTDSource
instanceKlass com/sun/org/apache/xerces/internal/xni/grammars/XMLDTDDescription
instanceKlass com/sun/org/apache/xerces/internal/xni/grammars/XMLGrammarDescription
instanceKlass com/sun/org/apache/xerces/internal/impl/XMLDocumentScannerImpl$TrailingMiscDriver
instanceKlass com/sun/org/apache/xerces/internal/impl/XMLDocumentScannerImpl$PrologDriver
instanceKlass com/sun/org/apache/xerces/internal/impl/XMLDocumentScannerImpl$XMLDeclDriver
instanceKlass com/sun/org/apache/xerces/internal/util/NamespaceSupport
instanceKlass com/sun/org/apache/xerces/internal/xni/NamespaceContext
instanceKlass com/sun/org/apache/xerces/internal/util/XMLAttributesImpl$Attribute
instanceKlass com/sun/org/apache/xerces/internal/util/XMLAttributesImpl
instanceKlass com/sun/org/apache/xerces/internal/xni/XMLAttributes
instanceKlass com/sun/org/apache/xerces/internal/impl/XMLDocumentFragmentScannerImpl$FragmentContentDriver
instanceKlass com/sun/org/apache/xerces/internal/impl/XMLDocumentFragmentScannerImpl$Driver
instanceKlass com/sun/org/apache/xerces/internal/impl/XMLDocumentFragmentScannerImpl$ElementStack2
instanceKlass com/sun/org/apache/xerces/internal/xni/QName
instanceKlass com/sun/org/apache/xerces/internal/impl/XMLDocumentFragmentScannerImpl$ElementStack
instanceKlass com/sun/org/apache/xerces/internal/xni/XMLString
instanceKlass com/sun/org/apache/xerces/internal/impl/XMLScanner
instanceKlass com/sun/xml/internal/stream/XMLBufferListener
instanceKlass com/sun/org/apache/xerces/internal/impl/XMLEntityHandler
instanceKlass com/sun/org/apache/xerces/internal/xni/parser/XMLDocumentScanner
instanceKlass com/sun/org/apache/xerces/internal/xni/parser/XMLDocumentSource
instanceKlass com/sun/org/apache/xerces/internal/impl/XMLErrorReporter
instanceKlass com/sun/org/apache/xerces/internal/impl/XMLEntityScanner
instanceKlass com/sun/org/apache/xerces/internal/xni/XMLLocator
instanceKlass com/sun/xml/internal/stream/XMLEntityStorage
instanceKlass com/sun/org/apache/xerces/internal/util/AugmentationsImpl$AugmentationsItemsContainer
instanceKlass com/sun/org/apache/xerces/internal/util/AugmentationsImpl
instanceKlass com/sun/org/apache/xerces/internal/xni/Augmentations
instanceKlass com/sun/org/apache/xerces/internal/util/XMLResourceIdentifierImpl
instanceKlass com/sun/org/apache/xerces/internal/xni/XMLResourceIdentifier
instanceKlass com/sun/org/apache/xerces/internal/impl/XMLEntityManager
instanceKlass com/sun/org/apache/xerces/internal/xni/parser/XMLEntityResolver
instanceKlass com/sun/org/apache/xerces/internal/xni/parser/XMLComponent
instanceKlass com/sun/org/apache/xerces/internal/util/SymbolTable$Entry
instanceKlass com/sun/org/apache/xerces/internal/util/SymbolTable
instanceKlass jdk/xml/internal/JdkConstants
instanceKlass com/sun/org/apache/xerces/internal/util/ParserConfigurationSettings
instanceKlass com/sun/org/apache/xerces/internal/parsers/XML11Configurable
instanceKlass com/sun/org/apache/xerces/internal/xni/parser/XMLPullParserConfiguration
instanceKlass com/sun/org/apache/xerces/internal/xni/parser/XMLParserConfiguration
instanceKlass com/sun/org/apache/xerces/internal/xni/parser/XMLComponentManager
instanceKlass com/sun/org/apache/xerces/internal/parsers/XMLParser
instanceKlass com/sun/org/apache/xerces/internal/xni/XMLDTDContentModelHandler
instanceKlass com/sun/org/apache/xerces/internal/xni/XMLDTDHandler
instanceKlass com/sun/org/apache/xerces/internal/xni/XMLDocumentHandler
instanceKlass org/xml/sax/XMLReader
instanceKlass org/xml/sax/Parser
instanceKlass javax/xml/parsers/SAXParser
instanceKlass com/sun/org/apache/xerces/internal/xs/PSVIProvider
instanceKlass com/sun/org/apache/xerces/internal/jaxp/JAXPConstants
instanceKlass javax/xml/catalog/CatalogResolver
instanceKlass org/w3c/dom/ls/LSResourceResolver
instanceKlass javax/xml/transform/URIResolver
instanceKlass javax/xml/stream/XMLResolver
instanceKlass org/xml/sax/EntityResolver
instanceKlass javax/xml/catalog/BaseEntry
instanceKlass javax/xml/catalog/Catalog
instanceKlass javax/xml/catalog/CatalogManager
instanceKlass  @bci javax/xml/catalog/CatalogFeatures setProperties (Ljavax/xml/catalog/CatalogFeatures$Builder;)V 5 <appendix> member <vmtarget> ; # javax/xml/catalog/CatalogFeatures$$Lambda+0x00000202821f3918
instanceKlass javax/xml/catalog/CatalogMessages
instanceKlass javax/xml/catalog/Util
instanceKlass javax/xml/catalog/CatalogFeatures$Builder
instanceKlass javax/xml/catalog/CatalogFeatures
instanceKlass com/sun/org/apache/xerces/internal/utils/XMLSecurityPropertyManager
instanceKlass jdk/xml/internal/JdkXmlUtils
instanceKlass  @bci jdk/xml/internal/SecuritySupport getResource (Ljava/lang/String;)Ljava/net/URL; 1 <appendix> member <vmtarget> ; # jdk/xml/internal/SecuritySupport$$Lambda+0x00000202821f1990
instanceKlass jdk/xml/internal/JdkCatalog
instanceKlass  @bci java/util/Collections$UnmodifiableMap$UnmodifiableEntrySet entryConsumer (Ljava/util/function/Consumer;)Ljava/util/function/Consumer; 1 <appendix> member <vmtarget> ; # java/util/Collections$UnmodifiableMap$UnmodifiableEntrySet$$Lambda+0x00000202821f0888
instanceKlass  @bci java/util/stream/Collectors castingIdentity ()Ljava/util/function/Function; 0 <appendix> argL0 ; # java/util/stream/Collectors$$Lambda+0x800000046
instanceKlass  @bci java/util/stream/Collectors uniqKeysMapMerger ()Ljava/util/function/BinaryOperator; 0 <appendix> argL0 ; # java/util/stream/Collectors$$Lambda+0x00000202821f0640
instanceKlass java/util/function/BinaryOperator
instanceKlass  @bci java/util/stream/Collectors uniqKeysMapAccumulator (Ljava/util/function/Function;Ljava/util/function/Function;)Ljava/util/function/BiConsumer; 2 <appendix> member <vmtarget> ; # java/util/stream/Collectors$$Lambda+0x00000202821f0408
instanceKlass  @bci java/util/stream/Collectors toMap (Ljava/util/function/Function;Ljava/util/function/Function;)Ljava/util/stream/Collector; 4 <appendix> argL0 ; # java/util/stream/Collectors$$Lambda+0x00000202821f01e8
instanceKlass java/util/stream/Collector
instanceKlass java/util/stream/Collectors
instanceKlass  @bci jdk/xml/internal/XMLSecurityManager$StringMapper <init> (Ljava/util/Map;)V 30 <appendix> argL0 ; # jdk/xml/internal/XMLSecurityManager$StringMapper$$Lambda+0x00000202821efdb0
instanceKlass  @bci jdk/xml/internal/XMLSecurityManager$StringMapper <init> (Ljava/util/Map;)V 25 <appendix> argL0 ; # jdk/xml/internal/XMLSecurityManager$StringMapper$$Lambda+0x00000202821efb70
instanceKlass java/util/HashMap$HashMapSpliterator
instanceKlass java/util/Collections$UnmodifiableMap$UnmodifiableEntrySet$UnmodifiableEntrySetSpliterator
instanceKlass jdk/xml/internal/XMLSecurityManager$ValueMapper
instanceKlass jdk/xml/internal/XMLSecurityManager
instanceKlass  @bci jdk/xml/internal/SecuritySupport getContextClassLoader ()Ljava/lang/ClassLoader; 0 <appendix> argL0 ; # jdk/xml/internal/SecuritySupport$$Lambda+0x00000202821ee760
instanceKlass  @bci javax/xml/parsers/FactoryFinder find (Ljava/lang/Class;Ljava/lang/String;)Ljava/lang/Object; 104 <appendix> member <vmtarget> ; # javax/xml/parsers/FactoryFinder$$Lambda+0x00000202821ee538
instanceKlass javax/xml/parsers/FactoryFinder$1
instanceKlass  @bci jdk/xml/internal/SecuritySupport getFileInputStream (Ljava/io/File;)Ljava/io/FileInputStream; 1 <appendix> member <vmtarget> ; # jdk/xml/internal/SecuritySupport$$Lambda+0x00000202821ee0e0
instanceKlass  @bci jdk/xml/internal/SecuritySupport doesFileExist (Ljava/io/File;)Z 1 <appendix> member <vmtarget> ; # jdk/xml/internal/SecuritySupport$$Lambda+0x00000202821edeb8
instanceKlass  @bci javax/xml/parsers/FactoryFinder find (Ljava/lang/Class;Ljava/lang/String;)Ljava/lang/Object; 6 <appendix> member <vmtarget> ; # javax/xml/parsers/FactoryFinder$$Lambda+0x00000202821edc90
instanceKlass  @bci jdk/xml/internal/SecuritySupport getSystemProperty (Ljava/lang/String;)Ljava/lang/String; 1 <appendix> member <vmtarget> ; # jdk/xml/internal/SecuritySupport$$Lambda+0x00000202821eda68
instanceKlass jdk/xml/internal/SecuritySupport
instanceKlass javax/xml/parsers/FactoryFinder
instanceKlass javax/xml/parsers/SAXParserFactory
instanceKlass coursier/maven/PomParser$State
instanceKlass coursier/maven/PomParser$CustomList
instanceKlass org/xml/sax/ContentHandler
instanceKlass coursier/util/Xml$Node
instanceKlass scala/xml/Equality
instanceKlass scala/xml/ScalaVersionSpecificNodeSeq
instanceKlass scala/xml/ScalaVersionSpecificNode
instanceKlass coursier/core/compatibility/package$
instanceKlass coursier/util/EitherT$FromEither
instanceKlass coursier/util/EitherT$
instanceKlass  @bci coursier/cache/FileCache$ coursier$cache$FileCache$$persistedDigest (Ljava/io/File;Ljava/lang/String;Ljava/io/File;Lcoursier/cache/internal/Retry;)Ljava/math/BigInteger; 108 <appendix> member <vmtarget> ; # coursier/cache/FileCache$$$Lambda+0x0000020282320ed8
instanceKlass  @bci coursier/cache/CacheChecksum$ parseRawChecksum ([B)Lscala/Option; 67 <appendix> member <vmtarget> ; # coursier/cache/CacheChecksum$$$Lambda+0x0000020282320c18
instanceKlass  @bci coursier/cache/CacheChecksum$ coursier$cache$CacheChecksum$$ifHexString (Ljava/lang/String;)Z 10 <appendix> argL0 ; # coursier/cache/CacheChecksum$$$Lambda+0x0000020282320850
instanceKlass  @bci coursier/cache/CacheChecksum$ parseChecksumLine (Lscala/collection/immutable/Seq;)Lscala/Option; 2 <appendix> argL0 ; # coursier/cache/CacheChecksum$$$Lambda+0x0000020282320000
instanceKlass  @bci coursier/cache/internal/Retry retry (Lscala/Function0;Lscala/PartialFunction;)Ljava/lang/Object; 2 <appendix> member <vmtarget> ; # coursier/cache/internal/Retry$$Lambda+0x000002028231f320
instanceKlass  @bci coursier/cache/FileCache readAllBytes (Ljava/nio/file/Path;)[B 5 <appendix> member <vmtarget> ; # coursier/cache/FileCache$$Lambda+0x000002028231ebd8
instanceKlass coursier/cache/CacheChecksum$
instanceKlass  @bci coursier/cache/FileCache $anonfun$validateChecksum$4 (Lcoursier/cache/FileCache;Lscala/collection/immutable/Seq;Lscala/Option;Ljava/lang/String;Ljava/io/File;)Lscala/util/Either; 21 <appendix> argL0 ; # coursier/cache/FileCache$$Lambda+0x000002028231dc00
instanceKlass  @bci coursier/cache/FileCache $anonfun$filePerPolicy0$8 (Lcoursier/cache/FileCache;Lcoursier/util/Artifact;Lscala/Tuple2;)Lcoursier/util/EitherT; 130 <appendix> member <vmtarget> ; # coursier/cache/FileCache$$Lambda+0x000002028231d830
instanceKlass  @bci coursier/cache/FileCache validateChecksum (Lcoursier/util/Artifact;Ljava/lang/String;)Lcoursier/util/EitherT; 82 <appendix> member <vmtarget> ; # coursier/cache/FileCache$$Lambda+0x000002028231d570
instanceKlass  @bci coursier/cache/FileCache $anonfun$validateChecksum$2 (Lcoursier/cache/FileCache;Lcoursier/util/Artifact;Ljava/lang/String;)Ljava/io/File; 6 <appendix> argL0 ; # coursier/cache/FileCache$$Lambda+0x000002028231d1a8
instanceKlass  @bci coursier/cache/FileCache validateChecksum (Lcoursier/util/Artifact;Ljava/lang/String;)Lcoursier/util/EitherT; 53 <appendix> member <vmtarget> ; # coursier/cache/FileCache$$Lambda+0x000002028231cdd8
instanceKlass  @bci coursier/cache/FileCache validateChecksum (Lcoursier/util/Artifact;Ljava/lang/String;)Lcoursier/util/EitherT; 9 <appendix> argL0 ; # coursier/cache/FileCache$$Lambda+0x000002028231ca10
instanceKlass  @bci coursier/cache/internal/Downloader $anonfun$download$5 (Lcoursier/cache/internal/Downloader;Ljava/lang/String;Ljava/io/File;Z)Lscala/collection/immutable/Seq; 34 <appendix> member <vmtarget> ; # coursier/cache/internal/Downloader$$Lambda+0x000002028231c750
instanceKlass  @bci coursier/cache/internal/Downloader $anonfun$download$2 (Lcoursier/cache/internal/Downloader;Lcoursier/cache/internal/DownloadResult;)Ljava/lang/Object; 51 <appendix> member <vmtarget> ; # coursier/cache/internal/Downloader$$Lambda+0x000002028231c380
instanceKlass  @bci coursier/cache/internal/Downloader $anonfun$download$3 (Lcoursier/cache/internal/Downloader;Lcoursier/cache/internal/DownloadResult;Ljava/lang/String;)Ljava/lang/Object; 35 <appendix> member <vmtarget> ; # coursier/cache/internal/Downloader$$Lambda+0x000002028231bfb0
instanceKlass  @bci coursier/cache/internal/Downloader $anonfun$download$3 (Lcoursier/cache/internal/Downloader;Lcoursier/cache/internal/DownloadResult;Ljava/lang/String;)Ljava/lang/Object; 17 <appendix> member <vmtarget> ; # coursier/cache/internal/Downloader$$Lambda+0x000002028231bcd0
instanceKlass  @bci coursier/cache/FileCache$ auxiliaryFile (Ljava/io/File;Ljava/lang/String;)Ljava/io/File; 16 <appendix> argL0 ; # coursier/cache/FileCache$$$Lambda+0x000002028231b908
instanceKlass  @bci coursier/cache/internal/Downloader $anonfun$download$2 (Lcoursier/cache/internal/Downloader;Lcoursier/cache/internal/DownloadResult;)Ljava/lang/Object; 16 <appendix> member <vmtarget> ; # coursier/cache/internal/Downloader$$Lambda+0x000002028231b538
instanceKlass  @bci coursier/maven/MavenRepository find0 (Lcoursier/core/Module;Lcoursier/version/Version;Lscala/Function1;Lcoursier/util/Monad;)Lcoursier/util/EitherT; 13 <appendix> member <vmtarget> ; # coursier/maven/MavenRepository$$Lambda+0x000002028231b168
instanceKlass  @bci coursier/maven/MavenRepositoryInternal find (Lcoursier/core/Module;Lcoursier/version/Version;Lscala/Function1;Lcoursier/util/Monad;)Lcoursier/util/EitherT; 56 <appendix> member <vmtarget> ; # coursier/maven/MavenRepositoryInternal$$Lambda+0x000002028231ad98
instanceKlass  @bci coursier/maven/MavenRepositoryInternal find (Lcoursier/core/Module;Lcoursier/version/Version;Lscala/Function1;Lcoursier/util/Monad;)Lcoursier/util/EitherT; 33 <appendix> member <vmtarget> ; # coursier/maven/MavenRepositoryInternal$$Lambda+0x000002028231a9c8
instanceKlass  @bci coursier/util/EitherT map (Lscala/Function1;Lcoursier/util/Monad;)Lcoursier/util/EitherT; 16 <appendix> member <vmtarget> ; # coursier/util/EitherT$$Lambda+0x000002028231a5f8
instanceKlass  @bci coursier/maven/MavenRepositoryInternal findVersioning (Lcoursier/core/Module;Lcoursier/version/Version;Lscala/Option;Lscala/Function1;Lcoursier/util/Monad;)Lcoursier/util/EitherT; 12 <appendix> member <vmtarget> ; # coursier/maven/MavenRepositoryInternal$$Lambda+0x000002028231a228
instanceKlass coursier/core/Project
instanceKlass  @bci coursier/maven/MavenRepositoryInternal pomProjectTask$1 (Lscala/Function1;Lcoursier/util/Monad;Lcoursier/version/Version;Lscala/collection/immutable/Seq;Ljava/lang/String;Lscala/Option;)Lcoursier/util/EitherT; 22 <appendix> member <vmtarget> ; # coursier/maven/MavenRepositoryInternal$$Lambda+0x0000020282319be0
instanceKlass  @bci coursier/maven/MavenRepositoryInternal projectArtifact (Lscala/collection/immutable/Seq;Lcoursier/version/Version;)Lcoursier/util/Artifact; 47 <appendix> member <vmtarget> ; # coursier/maven/MavenRepositoryInternal$$Lambda+0x0000020282319900
instanceKlass  @bci coursier/maven/MavenRepositoryInternal pathFor$1 (Ljava/lang/String;Lscala/collection/immutable/Seq;Ljava/lang/String;Lscala/Option;Lcoursier/version/Version;)Lscala/collection/immutable/Seq; 24 <appendix> member <vmtarget> ; # coursier/maven/MavenRepositoryInternal$$Lambda+0x0000020282319640
instanceKlass coursier/maven/MavenRepositoryInternal$
instanceKlass  @bci coursier/core/ResolutionProcess$ $anonfun$fetchOne$16 (Lscala/collection/immutable/Seq;Lscala/util/Either;)Lscala/util/Either; 5 <appendix> member <vmtarget> ; # coursier/core/ResolutionProcess$$$Lambda+0x0000020282319068
instanceKlass  @bci coursier/cache/FileCache $anonfun$filePerPolicy0$1 (Lcoursier/cache/FileCache;Lcoursier/util/Artifact;Lscala/collection/immutable/Seq;)Lscala/util/Either; 94 <appendix> member <vmtarget> ; # coursier/cache/FileCache$$Lambda+0x0000020282318a20
instanceKlass  @bci coursier/cache/FileCache $anonfun$filePerPolicy0$1 (Lcoursier/cache/FileCache;Lcoursier/util/Artifact;Lscala/collection/immutable/Seq;)Lscala/util/Either; 80 <appendix> argL0 ; # coursier/cache/FileCache$$Lambda+0x0000020282318748
instanceKlass  @bci coursier/cache/FileCache $anonfun$filePerPolicy0$3 (Lcoursier/util/Artifact;Lscala/collection/immutable/Map;Lscala/Option;)Lscala/Option; 55 <appendix> member <vmtarget> ; # coursier/cache/FileCache$$Lambda+0x0000020282318000
instanceKlass  @bci coursier/cache/FileCache $anonfun$filePerPolicy0$1 (Lcoursier/cache/FileCache;Lcoursier/util/Artifact;Lscala/collection/immutable/Seq;)Lscala/util/Either; 32 <appendix> member <vmtarget> ; # coursier/cache/FileCache$$Lambda+0x0000020282315b68
instanceKlass  @bci coursier/cache/FileCache $anonfun$filePerPolicy0$1 (Lcoursier/cache/FileCache;Lcoursier/util/Artifact;Lscala/collection/immutable/Seq;)Lscala/util/Either; 1 <appendix> argL0 ; # coursier/cache/FileCache$$Lambda+0x00000202823157a0
instanceKlass  @bci coursier/cache/internal/Downloader $anonfun$download$2 (Lcoursier/cache/internal/Downloader;Lcoursier/cache/internal/DownloadResult;)Ljava/lang/Object; 108 <appendix> member <vmtarget> ; # coursier/cache/internal/Downloader$$Lambda+0x00000202823153d0
instanceKlass  @bci coursier/cache/internal/Downloader checksumRes$1 (Ljava/lang/String;)Lscala/collection/immutable/Seq; 25 <appendix> member <vmtarget> ; # coursier/cache/internal/Downloader$$Lambda+0x0000020282315000
instanceKlass  @bci coursier/cache/internal/Downloader $anonfun$download$2 (Lcoursier/cache/internal/Downloader;Lcoursier/cache/internal/DownloadResult;)Ljava/lang/Object; 69 <appendix> member <vmtarget> ; # coursier/cache/internal/Downloader$$Lambda+0x00000202823179a8
instanceKlass coursier/cache/internal/DownloadResult$
instanceKlass coursier/cache/ArtifactError$NotFound$
instanceKlass  @bci coursier/util/EitherT leftFlatMap (Lscala/Function1;Lcoursier/util/Monad;)Lcoursier/util/EitherT; 17 <appendix> member <vmtarget> ; # coursier/util/EitherT$$Lambda+0x0000020282316f40
instanceKlass  @bci coursier/cache/FileCache filePerPolicy0 (Lcoursier/util/Artifact;Lcoursier/cache/CachePolicy;I)Lcoursier/util/EitherT; 53 <appendix> member <vmtarget> ; # coursier/cache/FileCache$$Lambda+0x0000020282316b70
instanceKlass  @bci coursier/cache/FileCache filePerPolicy0 (Lcoursier/util/Artifact;Lcoursier/cache/CachePolicy;I)Lcoursier/util/EitherT; 37 <appendix> member <vmtarget> ; # coursier/cache/FileCache$$Lambda+0x00000202823167a0
instanceKlass  @bci coursier/cache/FileCache filePerPolicy0 (Lcoursier/util/Artifact;Lcoursier/cache/CachePolicy;I)Lcoursier/util/EitherT; 22 <appendix> member <vmtarget> ; # coursier/cache/FileCache$$Lambda+0x00000202823163d0
instanceKlass  @bci coursier/cache/internal/Downloader download ()Ljava/lang/Object; 25 <appendix> member <vmtarget> ; # coursier/cache/internal/Downloader$$Lambda+0x0000020282316000
instanceKlass  @bci coursier/cache/internal/Downloader downloadUrl (Ljava/lang/String;Z)Ljava/lang/Object; 105 <appendix> member <vmtarget> ; # coursier/cache/internal/Downloader$$Lambda+0x0000020282313ad0
instanceKlass coursier/cache/internal/DownloadResult
instanceKlass  @bci coursier/util/PlatformTaskCompanion schedule (Ljava/util/concurrent/ExecutorService;Lscala/Function0;)Lscala/Function1; 41 <appendix> member <vmtarget> ; # coursier/util/PlatformTaskCompanion$$Lambda+0x0000020282313488
instanceKlass  @bci coursier/cache/internal/Downloader checkFileExists (Ljava/io/File;Ljava/lang/String;Z)Ljava/lang/Object; 4 <appendix> member <vmtarget> ; # coursier/cache/internal/Downloader$$Lambda+0x00000202823131c8
instanceKlass coursier/paths/CachePath
instanceKlass  @bci coursier/cache/internal/Downloader downloadUrl (Ljava/lang/String;Z)Ljava/lang/Object; 23 <appendix> argL0 ; # coursier/cache/internal/Downloader$$Lambda+0x0000020282312998
instanceKlass coursier/cache/internal/Downloader
instanceKlass coursier/cache/internal/Downloader$
instanceKlass  @bci coursier/cache/FileCache $anonfun$filePerPolicy$1 (Lcoursier/util/Artifact;Lscala/collection/immutable/Seq;)Lcoursier/util/Artifact; 22 <appendix> argL0 ; # coursier/cache/FileCache$$Lambda+0x0000020282311948
instanceKlass coursier/core/Authentication
instanceKlass  @bci coursier/cache/FileCache $anonfun$filePerPolicy$1 (Lcoursier/util/Artifact;Lscala/collection/immutable/Seq;)Lcoursier/util/Artifact; 12 <appendix> member <vmtarget> ; # coursier/cache/FileCache$$Lambda+0x0000020282311300
instanceKlass  @bci coursier/cache/FileCache allCredentials0$lzycompute ()Lscala/collection/immutable/Seq; 20 <appendix> argL0 ; # coursier/cache/FileCache$$Lambda+0x0000020282310f38
instanceKlass  @bci coursier/ivy/IvyRepository $anonfun$find0$3 (Lcoursier/ivy/IvyRepository;Lscala/Function1;Lcoursier/util/Monad;Lcoursier/version/Version;Lcoursier/util/Artifact;)Lcoursier/util/EitherT; 14 <appendix> member <vmtarget> ; # coursier/ivy/IvyRepository$$Lambda+0x0000020282310b68
instanceKlass  @bci coursier/cache/FileCache fetchPerPolicy (Lcoursier/util/Artifact;Lcoursier/cache/CachePolicy;)Lcoursier/util/EitherT; 163 <adapter> ; # java/lang/invoke/LambdaForm$MH+0x0000020282314c00
# instanceKlass java/lang/invoke/LambdaForm$DMH+0x0000020282314800
instanceKlass  @bci coursier/cache/FileCache fetchPerPolicy (Lcoursier/util/Artifact;Lcoursier/cache/CachePolicy;)Lcoursier/util/EitherT; 163 <appendix> form vmentry <vmtarget> ; # java/lang/invoke/LambdaForm$DMH+0x0000020282314400
instanceKlass  @bci coursier/cache/FileCache fetchPerPolicy (Lcoursier/util/Artifact;Lcoursier/cache/CachePolicy;)Lcoursier/util/EitherT; 163 <appendix> member <vmtarget> ; # coursier/cache/FileCache$$Lambda+0x0000020282310798
instanceKlass  @cpi coursier/cache/FileCache 728 form vmentry <vmtarget> ; # java/lang/invoke/LambdaForm$DMH+0x0000020282314000
instanceKlass  @bci coursier/util/EitherT leftMap (Lscala/Function1;Lcoursier/util/Monad;)Lcoursier/util/EitherT; 16 <appendix> member <vmtarget> ; # coursier/util/EitherT$$Lambda+0x00000202823103c8
instanceKlass  @bci coursier/cache/FileCache fetchPerPolicy (Lcoursier/util/Artifact;Lcoursier/cache/CachePolicy;)Lcoursier/util/EitherT; 146 <appendix> argL0 ; # coursier/cache/FileCache$$Lambda+0x0000020282310000
instanceKlass  @bci coursier/cache/FileCache filePerPolicy (Lcoursier/util/Artifact;Lcoursier/cache/CachePolicy;I)Lcoursier/util/EitherT; 59 <appendix> member <vmtarget> ; # coursier/cache/FileCache$$Lambda+0x000002028230f7d8
instanceKlass  @bci coursier/cache/FileCache filePerPolicy (Lcoursier/util/Artifact;Lcoursier/cache/CachePolicy;I)Lcoursier/util/EitherT; 43 <appendix> argL0 ; # coursier/cache/FileCache$$Lambda+0x000002028230f410
instanceKlass  @bci coursier/cache/FileCache filePerPolicy (Lcoursier/util/Artifact;Lcoursier/cache/CachePolicy;I)Lcoursier/util/EitherT; 15 <appendix> member <vmtarget> ; # coursier/cache/FileCache$$Lambda+0x000002028230f040
instanceKlass  @bci coursier/cache/FileCache allCredentials ()Ljava/lang/Object; 5 <appendix> member <vmtarget> ; # coursier/cache/FileCache$$Lambda+0x000002028230ed80
instanceKlass  @bci coursier/core/ResolutionProcess$ $anonfun$fetchOne$15 (Lcoursier/core/Repository;Lcoursier/core/Module;Lcoursier/version/VersionConstraint;Lscala/Function1;Lcoursier/util/Gather;Lscala/util/Either;)Ljava/lang/Object; 53 <appendix> member <vmtarget> ; # coursier/core/ResolutionProcess$$$Lambda+0x000002028230e9b0
instanceKlass  @bci coursier/util/EitherT flatMap (Lscala/Function1;Lcoursier/util/Monad;)Lcoursier/util/EitherT; 17 <appendix> member <vmtarget> ; # coursier/util/EitherT$$Lambda+0x000002028230e5e0
instanceKlass  @bci coursier/ivy/IvyRepository find0 (Lcoursier/core/Module;Lcoursier/version/Version;Lscala/Function1;Lcoursier/util/Monad;)Lcoursier/util/EitherT; 68 <appendix> member <vmtarget> ; # coursier/ivy/IvyRepository$$Lambda+0x000002028230e210
instanceKlass coursier/core/Repository$ArtifactExtensions$
instanceKlass coursier/util/Artifact$
instanceKlass  @bci coursier/ivy/IvyRepository $anonfun$find0$1 (Lcoursier/ivy/IvyRepository;Lcoursier/version/Version;Ljava/lang/String;)Lcoursier/util/Artifact; 7 <appendix> member <vmtarget> ; # coursier/ivy/IvyRepository$$Lambda+0x000002028230db20
instanceKlass  @bci coursier/ivy/IvyRepository find0 (Lcoursier/core/Module;Lcoursier/version/Version;Lscala/Function1;Lcoursier/util/Monad;)Lcoursier/util/EitherT; 37 <appendix> member <vmtarget> ; # coursier/ivy/IvyRepository$$Lambda+0x000002028230d750
instanceKlass  @bci coursier/ivy/Pattern substituteVariables (Lscala/collection/immutable/Map;)Lscala/util/Either; 116 <appendix> member <vmtarget> ; # coursier/ivy/Pattern$$Lambda+0x000002028230d380
instanceKlass  @bci coursier/ivy/Pattern helper$1 (Lscala/collection/immutable/Seq;Lscala/collection/immutable/Map;)Lcoursier/util/ValidationNel; 16 <appendix> argL0 ; # coursier/ivy/Pattern$$Lambda+0x000002028230cfb8
instanceKlass  @bci coursier/util/Traverse$TraverseOps validationNelTraverse (Lscala/Function1;)Lcoursier/util/ValidationNel; 43 <appendix> argL0 ; # coursier/util/Traverse$TraverseOps$$Lambda+0x000002028230cbf0
instanceKlass  @bci coursier/util/Traverse$TraverseOps validationNelTraverse (Lscala/Function1;)Lcoursier/util/ValidationNel; 35 <appendix> argL0 ; # coursier/util/Traverse$TraverseOps$$Lambda+0x000002028230c828
instanceKlass scala/util/Either$LeftProjection
instanceKlass coursier/util/ValidationNel$FailureBuilder
instanceKlass coursier/util/ValidationNel$SuccessBuilder
instanceKlass coursier/util/ValidationNel$
instanceKlass  @bci coursier/util/Traverse$TraverseOps validationNelTraverse (Lscala/Function1;)Lcoursier/util/ValidationNel; 19 <appendix> member <vmtarget> ; # coursier/util/Traverse$TraverseOps$$Lambda+0x000002028230b9e8
instanceKlass  @bci coursier/ivy/Pattern helper$1 (Lscala/collection/immutable/Seq;Lscala/collection/immutable/Map;)Lcoursier/util/ValidationNel; 8 <appendix> member <vmtarget> ; # coursier/ivy/Pattern$$Lambda+0x000002028230b618
instanceKlass coursier/util/ValidationNel
instanceKlass coursier/util/Traverse$TraverseOps
instanceKlass coursier/util/Traverse$
instanceKlass scala/runtime/AbstractFunction2
instanceKlass  @bci coursier/ivy/IvyRepository variables (Lcoursier/core/Module;Lscala/Option;Ljava/lang/String;Ljava/lang/String;Ljava/lang/String;Lscala/Option;)Lscala/collection/immutable/Map; 161 <appendix> argL0 ; # coursier/ivy/IvyRepository$$Lambda+0x0000020282309e38
instanceKlass  @bci coursier/ivy/IvyRepository variables (Lcoursier/core/Module;Lscala/Option;Ljava/lang/String;Ljava/lang/String;Ljava/lang/String;Lscala/Option;)Lscala/collection/immutable/Map; 133 <appendix> argL0 ; # coursier/ivy/IvyRepository$$Lambda+0x0000020282309a70
instanceKlass  @bci scala/concurrent/Future$ sequence (Lscala/collection/IterableOnce;Lscala/collection/BuildFrom;Lscala/concurrent/ExecutionContext;)Lscala/concurrent/Future; 31 <appendix> argL0 ; # scala/concurrent/Future$$$Lambda+0x0000020282308000
instanceKlass  @bci scala/concurrent/impl/Promise$DefaultPromise zipWith (Lscala/concurrent/Future;Lscala/Function2;Lscala/concurrent/ExecutionContext;)Lscala/concurrent/Future; 54 <appendix> member <vmtarget> ; # scala/concurrent/impl/Promise$DefaultPromise$$Lambda+0x0000020282304400
instanceKlass scala/collection/mutable/SeqMap
instanceKlass  @bci scala/concurrent/Future$ sequence (Lscala/collection/IterableOnce;Lscala/collection/BuildFrom;Lscala/concurrent/ExecutionContext;)Lscala/concurrent/Future; 18 <appendix> member <vmtarget> ; # scala/concurrent/Future$$$Lambda+0x0000020282304a38
instanceKlass scala/collection/BuildFromLowPriority2$$anon$11
instanceKlass scala/collection/BuildFrom$$anon$6
instanceKlass scala/collection/BuildFrom$$anon$5
instanceKlass scala/collection/BuildFrom$
instanceKlass scala/collection/BuildFromLowPriority1
instanceKlass scala/collection/BuildFromLowPriority2
instanceKlass  @bci coursier/ivy/IvyRepository metadataPattern ()Lcoursier/ivy/Pattern; 5 <appendix> member <vmtarget> ; # coursier/ivy/IvyRepository$$Lambda+0x0000020282306b68
instanceKlass  @bci coursier/util/TaskSync $anonfun$gather$1 (Lscala/collection/immutable/Seq;Lscala/concurrent/ExecutionContext;)Lscala/concurrent/Future; 5 <appendix> member <vmtarget> ; # coursier/util/TaskSync$$Lambda+0x0000020282306798
instanceKlass  @bci coursier/core/ResolutionProcess$ $anonfun$fetchAll$11 (Lscala/Function1;Lscala/collection/immutable/Seq;Lcoursier/util/Monad;Lscala/collection/immutable/Vector;)Ljava/lang/Object; 15 <appendix> member <vmtarget> ; # coursier/core/ResolutionProcess$$$Lambda+0x00000202823063c8
instanceKlass  @bci coursier/core/ResolutionProcess$ $anonfun$fetch0$1 (Lcoursier/util/Gather;Lscala/collection/immutable/Seq;Lscala/Function1;Lscala/collection/immutable/Seq;Lscala/collection/immutable/Seq;)Ljava/lang/Object; 32 <appendix> argL0 ; # coursier/core/ResolutionProcess$$$Lambda+0x0000020282306000
instanceKlass  @bci coursier/util/TaskSync gather (Lscala/collection/immutable/Seq;)Lscala/Function1; 1 <appendix> member <vmtarget> ; # coursier/util/TaskSync$$Lambda+0x0000020282303b58
instanceKlass  @bci coursier/core/ResolutionProcess$ $anonfun$fetch0$2 (Lscala/collection/immutable/Seq;Lscala/Function1;Lscala/collection/immutable/Seq;Lcoursier/util/Gather;Lscala/Tuple2;)Ljava/lang/Object; 57 <appendix> member <vmtarget> ; # coursier/core/ResolutionProcess$$$Lambda+0x0000020282303788
instanceKlass  @bci coursier/util/EitherT orElse (Lscala/Function0;Lcoursier/util/Monad;)Lcoursier/util/EitherT; 17 <appendix> member <vmtarget> ; # coursier/util/EitherT$$Lambda+0x00000202823033b8
instanceKlass  @bci coursier/core/ResolutionProcess$ $anonfun$fetchOne$20 (Lcoursier/util/Gather;Lscala/collection/immutable/Seq;Lcoursier/core/Module;Lcoursier/version/VersionConstraint;Lcoursier/util/EitherT;Lscala/Function1;)Lcoursier/util/EitherT; 8 <appendix> member <vmtarget> ; # coursier/core/ResolutionProcess$$$Lambda+0x00000202823030f8
instanceKlass  @bci coursier/core/ResolutionProcess$ fetchOne (Lscala/collection/immutable/Seq;Lcoursier/core/Module;Lcoursier/version/VersionConstraint;Lscala/Function1;Lscala/collection/immutable/Seq;Lcoursier/util/Gather;)Lcoursier/util/EitherT; 143 <appendix> member <vmtarget> ; # coursier/core/ResolutionProcess$$$Lambda+0x0000020282302b48
instanceKlass  @bci coursier/core/ResolutionProcess$ get$1 (Lscala/Function1;Lscala/collection/immutable/Seq;Lcoursier/util/Gather;Lcoursier/core/Module;Lcoursier/version/VersionConstraint;)Lcoursier/util/EitherT; 43 <appendix> argL0 ; # coursier/core/ResolutionProcess$$$Lambda+0x0000020282302780
instanceKlass  @bci coursier/maven/PomParser$State $anonfun$project$15 (Lcoursier/maven/PomParser$State;Lscala/Option;Lscala/util/Either;Lscala/collection/immutable/List;Ljava/lang/String;)Lscala/util/Either; 26 <appendix> form vmentry <vmtarget> ; # java/lang/invoke/LambdaForm$DMH+0x0000020282304000
instanceKlass  @bci coursier/core/ResolutionProcess$ $anonfun$fetchOne$14 (Lcoursier/util/Gather;Lcoursier/core/Module;Lcoursier/version/VersionConstraint;Lscala/Function1;Ljava/lang/Object;Lcoursier/core/Repository;)Ljava/lang/Object; 50 <appendix> member <vmtarget> ; # coursier/core/ResolutionProcess$$$Lambda+0x00000202823023b0
instanceKlass  @bci coursier/core/ResolutionProcess$ get$1 (Lscala/Function1;Lscala/collection/immutable/Seq;Lcoursier/util/Gather;Lcoursier/core/Module;Lcoursier/version/VersionConstraint;)Lcoursier/util/EitherT; 29 <appendix> member <vmtarget> ; # coursier/core/ResolutionProcess$$$Lambda+0x0000020282301e00
instanceKlass  @bci coursier/version/VersionParse$ eagerVersionConstraint (Ljava/lang/String;)Lcoursier/version/VersionConstraint$Eager; 32 <appendix> member <vmtarget> ; # coursier/version/VersionParse$$$Lambda+0x0000020282301b40
instanceKlass  @bci coursier/version/VersionParse$ $anonfun$eagerVersionConstraint$5 (Ljava/lang/String;)Lscala/Option; 17 <appendix> member <vmtarget> ; # coursier/version/VersionParse$$$Lambda+0x0000020282301770
instanceKlass  @bci coursier/version/VersionParse$ multiVersionInterval (Ljava/lang/String;)Lscala/Option; 29 <appendix> argL0 ; # coursier/version/VersionParse$$$Lambda+0x00000202823013a8
instanceKlass  @bci coursier/version/VersionParse$ multiVersionInterval (Ljava/lang/String;)Lscala/Option; 10 <appendix> argL0 ; # coursier/version/VersionParse$$$Lambda+0x0000020282300fe0
instanceKlass  @bci coursier/version/VersionParse$ $anonfun$eagerVersionConstraint$5 (Ljava/lang/String;)Lscala/Option; 8 <appendix> member <vmtarget> ; # coursier/version/VersionParse$$$Lambda+0x0000020282300d20
instanceKlass  @bci coursier/version/VersionParse$ versionInterval (Ljava/lang/String;)Lscala/Option; 51 <appendix> member <vmtarget> ; # coursier/version/VersionParse$$$Lambda+0x0000020282300950
instanceKlass  @bci coursier/version/VersionParse$ eagerVersionConstraint (Ljava/lang/String;)Lcoursier/version/VersionConstraint$Eager; 23 <appendix> member <vmtarget> ; # coursier/version/VersionParse$$$Lambda+0x0000020282300690
instanceKlass  @bci coursier/version/VersionParse$ $anonfun$eagerVersionConstraint$3 (Ljava/lang/String;)Lscala/Option; 8 <appendix> member <vmtarget> ; # coursier/version/VersionParse$$$Lambda+0x00000202823002c0
instanceKlass  @bci coursier/version/VersionParse$ eagerVersionConstraint (Ljava/lang/String;)Lcoursier/version/VersionConstraint$Eager; 14 <appendix> member <vmtarget> ; # coursier/version/VersionParse$$$Lambda+0x0000020282300000
instanceKlass  @bci coursier/version/VersionParse$ $anonfun$eagerVersionConstraint$1 (Ljava/lang/String;)Lscala/Option; 8 <appendix> member <vmtarget> ; # coursier/version/VersionParse$$$Lambda+0x00000202822fd9a8
instanceKlass coursier/version/Latest$
instanceKlass  @bci coursier/version/VersionParse$ eagerVersionConstraint (Ljava/lang/String;)Lcoursier/version/VersionConstraint$Eager; 5 <appendix> member <vmtarget> ; # coursier/version/VersionParse$$$Lambda+0x00000202822ffd20
instanceKlass  @bci coursier/core/ResolutionProcess$ $anonfun$fetch0$1 (Lcoursier/util/Gather;Lscala/collection/immutable/Seq;Lscala/Function1;Lscala/collection/immutable/Seq;Lscala/collection/immutable/Seq;)Ljava/lang/Object; 10 <appendix> member <vmtarget> ; # coursier/core/ResolutionProcess$$$Lambda+0x00000202822fd3d0
instanceKlass  @bci coursier/cache/CacheLogger$Using $anonfun$apply$2 (Lcoursier/cache/CacheLogger$Using;Lcoursier/util/Sync;Ljava/lang/Object;Lscala/runtime/BoxedUnit;)Ljava/lang/Object; 19 <appendix> member <vmtarget> ; # coursier/cache/CacheLogger$Using$$Lambda+0x00000202822fd000
instanceKlass  @bci coursier/util/Task$ handle$extension (Lscala/Function1;Lscala/PartialFunction;)Lscala/Function1; 2 <appendix> member <vmtarget> ; # coursier/util/Task$$$Lambda+0x00000202822ff950
instanceKlass  @bci coursier/util/Sync attempt (Ljava/lang/Object;)Ljava/lang/Object; 3 <appendix> argL0 ; # coursier/util/Sync$$Lambda+0x00000202822ff100
instanceKlass  @bci coursier/Resolve ioWithConflicts0 (Lscala/Function1;)Ljava/lang/Object; 104 <appendix> member <vmtarget> ; # coursier/Resolve$$Lambda+0x00000202822fed30
instanceKlass  @bci coursier/Resolve $anonfun$through$1 ()Lscala/Function1; 0 <appendix> argL0 ; # coursier/Resolve$$Lambda+0x00000202822fe968
instanceKlass  @bci coursier/Resolve through ()Lscala/Function1; 4 <appendix> argL0 ; # coursier/Resolve$$Lambda+0x00000202822fe6b0
instanceKlass  @bci coursier/cache/CacheLogger$Using apply (Ljava/lang/Object;Lcoursier/util/Sync;)Ljava/lang/Object; 22 <appendix> member <vmtarget> ; # coursier/cache/CacheLogger$Using$$Lambda+0x00000202822fe2e0
instanceKlass  @bci coursier/cache/CacheLogger$Using apply (Ljava/lang/Object;Lcoursier/util/Sync;)Ljava/lang/Object; 5 <appendix> member <vmtarget> ; # coursier/cache/CacheLogger$Using$$Lambda+0x00000202822fe000
instanceKlass coursier/cache/CacheLogger$Using
instanceKlass  @bci coursier/cache/FileCache filePerPolicy0 (Lcoursier/util/Artifact;Lcoursier/cache/CachePolicy;I)Lcoursier/util/EitherT; 53 <adapter> ; # java/lang/invoke/LambdaForm$MH+0x00000202822fcc00
# instanceKlass java/lang/invoke/LambdaForm$DMH+0x00000202822fc800
instanceKlass  @bci coursier/cache/FileCache filePerPolicy0 (Lcoursier/util/Artifact;Lcoursier/cache/CachePolicy;I)Lcoursier/util/EitherT; 53 <appendix> form vmentry <vmtarget> ; # java/lang/invoke/LambdaForm$DMH+0x00000202822fc400
instanceKlass  @bci coursier/core/ResolutionProcess run0 (Lscala/Function1;ILcoursier/util/Monad;)Ljava/lang/Object; 104 <appendix> member <vmtarget> ; # coursier/core/ResolutionProcess$$Lambda+0x00000202822fb840
instanceKlass  @cpi coursier/cache/FileCache 627 form vmentry <vmtarget> ; # java/lang/invoke/LambdaForm$DMH+0x00000202822fc000
instanceKlass  @bci coursier/core/ResolutionProcess$ $anonfun$fetchAll$10 (Lcoursier/util/Monad;Lscala/Function1;Ljava/lang/Object;Lscala/collection/immutable/Seq;)Ljava/lang/Object; 11 <appendix> member <vmtarget> ; # coursier/core/ResolutionProcess$$$Lambda+0x00000202822fb470
instanceKlass  @bci coursier/core/ResolutionProcess$ fetchAll (Lscala/collection/immutable/Seq;Lscala/Function1;Lcoursier/util/Monad;)Ljava/lang/Object; 24 <appendix> member <vmtarget> ; # coursier/core/ResolutionProcess$$$Lambda+0x00000202822faec0
instanceKlass  @bci coursier/util/Task$ point (Ljava/lang/Object;)Lscala/Function1; 9 <appendix> member <vmtarget> ; # coursier/util/Task$$$Lambda+0x00000202822faaf0
instanceKlass  @bci scala/collection/immutable/LazyList$ scala$collection$immutable$LazyList$$eagerHeadFromIterator (Lscala/collection/Iterator;)Lscala/collection/immutable/LazyList; 16 <appendix> member <vmtarget> ; # scala/collection/immutable/LazyList$$$Lambda+0x00000202822fa830
instanceKlass scala/collection/immutable/LazyList$MidEvaluation$
instanceKlass scala/collection/immutable/LazyList$Uninitialized$
instanceKlass  @bci scala/collection/immutable/LazyList$ from (Lscala/collection/IterableOnce;)Lscala/collection/immutable/LazyList; 28 <appendix> member <vmtarget> ; # scala/collection/immutable/LazyList$$$Lambda+0x00000202822f97a0
instanceKlass scala/collection/compat/immutable/package$
instanceKlass  @bci coursier/core/ResolutionProcess$ uniqueModules$1 (Lscala/collection/immutable/Seq;)Lscala/collection/immutable/LazyList; 44 <appendix> argL0 ; # coursier/core/ResolutionProcess$$$Lambda+0x00000202822f7970
instanceKlass  @bci coursier/core/ResolutionProcess$ uniqueModules$1 (Lscala/collection/immutable/Seq;)Lscala/collection/immutable/LazyList; 29 <appendix> argL0 ; # coursier/core/ResolutionProcess$$$Lambda+0x00000202822f75a8
instanceKlass  @bci coursier/core/ResolutionProcess$ uniqueModules$1 (Lscala/collection/immutable/Seq;)Lscala/collection/immutable/LazyList; 16 <appendix> argL0 ; # coursier/core/ResolutionProcess$$$Lambda+0x00000202822f71e0
instanceKlass  @bci coursier/core/ResolutionProcess$ uniqueModules$1 (Lscala/collection/immutable/Seq;)Lscala/collection/immutable/LazyList; 1 <appendix> argL0 ; # coursier/core/ResolutionProcess$$$Lambda+0x00000202822f6e18
instanceKlass  @bci coursier/core/ResolutionProcess$ apply (Lcoursier/core/Resolution;)Lcoursier/core/ResolutionProcess; 33 <appendix> argL0 ; # coursier/core/ResolutionProcess$$$Lambda+0x00000202822f6778
instanceKlass coursier/core/Missing$
instanceKlass  @bci coursier/core/Resolution missingFromCache$lzycompute ()Lscala/collection/immutable/Set; 98 <appendix> member <vmtarget> ; # coursier/core/Resolution$$Lambda+0x00000202822f61a0
instanceKlass  @bci coursier/core/Resolution missingFromCache$lzycompute ()Lscala/collection/immutable/Set; 68 <appendix> argL0 ; # coursier/core/Resolution$$Lambda+0x00000202822f5dd8
instanceKlass  @bci scala/collection/StrictOptimizedMapOps collect (Lscala/PartialFunction;)Lscala/collection/IterableOps; 47 <appendix> member <vmtarget> ; # scala/collection/StrictOptimizedMapOps$$Lambda+0x00000202822f5a08
instanceKlass  @bci scala/collection/StrictOptimizedIterableOps collect (Lscala/PartialFunction;)Ljava/lang/Object; 47 <appendix> member <vmtarget> ; # scala/collection/StrictOptimizedIterableOps$$Lambda+0x00000202822f4d28
instanceKlass  @bci coursier/core/Resolution$ $anonfun$merge0$7 (Lscala/collection/immutable/Map;Lscala/collection/immutable/Map;Lscala/Option;Lscala/Tuple2;)Lscala/Tuple2; 89 <appendix> argL0 ; # coursier/core/Resolution$$$Lambda+0x00000202822f3140
instanceKlass  @bci coursier/core/Resolution$ $anonfun$merge0$7 (Lscala/collection/immutable/Map;Lscala/collection/immutable/Map;Lscala/Option;Lscala/Tuple2;)Lscala/Tuple2; 50 <appendix> member <vmtarget> ; # coursier/core/Resolution$$$Lambda+0x00000202822f2e80
instanceKlass  @bci coursier/core/Resolution$ $anonfun$merge0$7 (Lscala/collection/immutable/Map;Lscala/collection/immutable/Map;Lscala/Option;Lscala/Tuple2;)Lscala/Tuple2; 39 <appendix> member <vmtarget> ; # coursier/core/Resolution$$$Lambda+0x00000202822f2bc0
instanceKlass  @bci coursier/core/Resolution$ merge0 (Lscala/collection/immutable/Seq;Lscala/collection/immutable/Map;Lscala/Option;Z)Lscala/Tuple3; 78 <appendix> member <vmtarget> ; # coursier/core/Resolution$$$Lambda+0x00000202822f27f0
instanceKlass  @bci scala/collection/IterableOps groupBy (Lscala/Function1;)Lscala/collection/immutable/Map; 48 <appendix> member <vmtarget> ; # scala/collection/IterableOps$$Lambda+0x00000202822f1190
instanceKlass  @bci coursier/core/Resolution$ merge0 (Lscala/collection/immutable/Seq;Lscala/collection/immutable/Map;Lscala/Option;Z)Lscala/Tuple3; 66 <appendix> argL0 ; # coursier/core/Resolution$$$Lambda+0x00000202822f0dc8
instanceKlass  @bci coursier/core/Resolution$ merge0 (Lscala/collection/immutable/Seq;Lscala/collection/immutable/Map;Lscala/Option;Z)Lscala/Tuple3; 41 <appendix> argL0 ; # coursier/core/Resolution$$$Lambda+0x00000202822f0a00
instanceKlass  @bci coursier/core/Resolution$ merge0 (Lscala/collection/immutable/Seq;Lscala/collection/immutable/Map;Lscala/Option;Z)Lscala/Tuple3; 31 <appendix> argL0 ; # coursier/core/Resolution$$$Lambda+0x00000202822f03c8
instanceKlass  @bci coursier/core/DependencyManagement$ addAll (Lscala/collection/immutable/Map;Lscala/collection/immutable/Seq;Z)Lscala/collection/Map; 1 <appendix> argL0 ; # coursier/core/DependencyManagement$$$Lambda+0x00000202822f0000
instanceKlass coursier/core/DependencyManagement$
instanceKlass  @bci coursier/core/Overrides$Impl filter (Lscala/Function2;)Lcoursier/core/Overrides; 5 <appendix> member <vmtarget> ; # coursier/core/Overrides$Impl$$Lambda+0x00000202822eeeb0
instanceKlass  @bci coursier/core/Overrides global$lzycompute ()Lcoursier/core/Overrides; 17 <appendix> argL0 ; # coursier/core/Overrides$$Lambda+0x00000202822ee908
instanceKlass coursier/core/DependencyManagement$Values
instanceKlass  @bci coursier/core/Resolution$ merge0 (Lscala/collection/immutable/Seq;Lscala/collection/immutable/Map;Lscala/Option;Z)Lscala/Tuple3; 16 <appendix> argL0 ; # coursier/core/Resolution$$$Lambda+0x00000202822ee2c8
instanceKlass  @bci coursier/core/Resolution$ merge0 (Lscala/collection/immutable/Seq;Lscala/collection/immutable/Map;Lscala/Option;Z)Lscala/Tuple3; 6 <appendix> argL0 ; # coursier/core/Resolution$$$Lambda+0x00000202822edf00
instanceKlass  @bci coursier/core/Resolution transitiveDependenciesAndErrors$lzycompute ()Lscala/Tuple2; 66 <appendix> argL0 ; # coursier/core/Resolution$$Lambda+0x00000202822edb38
instanceKlass  @bci coursier/core/Resolution transitiveDependenciesAndErrors$lzycompute ()Lscala/Tuple2; 37 <appendix> member <vmtarget> ; # coursier/core/Resolution$$Lambda+0x00000202822ed2e0
instanceKlass  @bci coursier/core/DependencySet minimizedSet$lzycompute ()Lscala/collection/immutable/Set; 25 <appendix> argL0 ; # coursier/core/DependencySet$$Lambda+0x00000202822ecf18
instanceKlass coursier/core/DependencyManagement$Key
instanceKlass coursier/core/DependencyManagement$Key$
instanceKlass  @bci coursier/core/Resolution $anonfun$processedRootDependencies$3 (Lcoursier/core/Resolution;Lcoursier/core/Dependency;)Lcoursier/core/Dependency; 15 <appendix> argL0 ; # coursier/core/Resolution$$Lambda+0x00000202822ec4c8
instanceKlass  @bci coursier/core/Resolution processedRootDependencies$lzycompute ()Lscala/collection/immutable/Seq; 75 <appendix> member <vmtarget> ; # coursier/core/Resolution$$Lambda+0x00000202822ec0f8
instanceKlass  @bci coursier/core/Overrides$Impl isEmpty ()Z 4 <appendix> argL0 ; # coursier/core/Overrides$Impl$$Lambda+0x00000202822ebd30
instanceKlass scala/collection/SeqFactory$UnapplySeqWrapper
instanceKlass scala/collection/SeqFactory$UnapplySeqWrapper$
instanceKlass  @bci coursier/core/Overrides$ add (Lscala/collection/immutable/Seq;)Lcoursier/core/Overrides; 1 <appendix> argL0 ; # coursier/core/Overrides$$$Lambda+0x00000202822eb550
instanceKlass  @bci coursier/core/Resolution bomEntries (Lscala/collection/immutable/Seq;)Lcoursier/core/Overrides; 5 <appendix> member <vmtarget> ; # coursier/core/Resolution$$Lambda+0x00000202822eb180
instanceKlass  @bci coursier/core/Resolution$ coursier$core$Resolution$$withDefaultConfig (Lcoursier/core/Dependency;Ljava/lang/String;)Lcoursier/core/Dependency; 7 <appendix> argL0 ; # coursier/core/Resolution$$$Lambda+0x00000202822eadb8
instanceKlass  @bci coursier/core/Resolution processedRootDependencies$lzycompute ()Lscala/collection/immutable/Seq; 29 <appendix> member <vmtarget> ; # coursier/core/Resolution$$Lambda+0x00000202822ea9e8
instanceKlass  @bci coursier/core/Resolution hasAllBoms$lzycompute ()Z 21 <appendix> member <vmtarget> ; # coursier/core/Resolution$$Lambda+0x00000202822ea618
instanceKlass  @bci coursier/core/Resolution missingFromCache$lzycompute ()Lscala/collection/immutable/Set; 44 <appendix> argL0 ; # coursier/core/Resolution$$Lambda+0x00000202822ea250
instanceKlass  @bci coursier/core/Resolution missingFromCache$lzycompute ()Lscala/collection/immutable/Set; 21 <appendix> argL0 ; # coursier/core/Resolution$$Lambda+0x00000202822e9e88
instanceKlass  @bci coursier/core/Resolution allBomModuleVersions$lzycompute ()Lscala/collection/immutable/Seq; 24 <appendix> argL0 ; # coursier/core/Resolution$$Lambda+0x00000202822e9ac0
instanceKlass  @bci coursier/core/Resolution globalBomModuleVersions$lzycompute ()Lscala/collection/immutable/Seq; 58 <appendix> member <vmtarget> ; # coursier/core/Resolution$$Lambda+0x00000202822e96f0
instanceKlass  @bci coursier/core/Resolution globalBomModuleVersions$lzycompute ()Lscala/collection/immutable/Seq; 37 <appendix> member <vmtarget> ; # coursier/core/Resolution$$Lambda+0x00000202822e9320
instanceKlass  @bci coursier/core/Resolution globalBomModuleVersions$lzycompute ()Lscala/collection/immutable/Seq; 23 <appendix> argL0 ; # coursier/core/Resolution$$Lambda+0x00000202822e8f58
instanceKlass coursier/core/ResolutionInternals$
instanceKlass  @bci coursier/Resolve$ initialResolution (Lscala/collection/immutable/Seq;Lcoursier/params/ResolutionParams;Lscala/Option;Lscala/Option;Lscala/collection/immutable/Seq;)Lcoursier/core/Resolution; 754 <appendix> argL0 ; # coursier/Resolve$$$Lambda+0x00000202822e8a78
instanceKlass  @bci coursier/Resolve$ initialResolution (Lscala/collection/immutable/Seq;Lcoursier/params/ResolutionParams;Lscala/Option;Lscala/Option;Lscala/collection/immutable/Seq;)Lcoursier/core/Resolution; 736 <appendix> argL0 ; # coursier/Resolve$$$Lambda+0x00000202822e87a0
instanceKlass  @bci coursier/Resolve$ initialResolution (Lscala/collection/immutable/Seq;Lcoursier/params/ResolutionParams;Lscala/Option;Lscala/Option;Lscala/collection/immutable/Seq;)Lcoursier/core/Resolution; 718 <appendix> argL0 ; # coursier/Resolve$$$Lambda+0x00000202822e84c8
instanceKlass  @bci coursier/params/ResolutionParams $anonfun$finalDefaultVariantAttributes$1 (Lcoursier/params/ResolutionParams;)Lcoursier/core/VariantSelector$AttributesBased; 13 <appendix> argL0 ; # coursier/params/ResolutionParams$$Lambda+0x00000202822e8210
instanceKlass coursier/core/VariantSelector$VariantMatcher$Equals$
instanceKlass coursier/core/VariantSelector$VariantMatcher
instanceKlass coursier/core/VariantSelector$VariantMatcher$
instanceKlass  @bci coursier/params/ResolutionParams finalDefaultVariantAttributes ()Lcoursier/core/VariantSelector$AttributesBased; 5 <appendix> member <vmtarget> ; # coursier/params/ResolutionParams$$Lambda+0x00000202822e6a48
instanceKlass coursier/version/internal/Compatibility$RichChar$
instanceKlass  @bci coursier/version/VersionParse$ version (Ljava/lang/String;)Lscala/Option; 22 <appendix> argL0 ; # coursier/version/VersionParse$$$Lambda+0x00000202822e6478
instanceKlass coursier/version/internal/Compatibility$
instanceKlass coursier/version/VersionParse$
instanceKlass  @bci coursier/Resolve$ $anonfun$initialResolution$8 (Lcoursier/params/ResolutionParams;)Lscala/Option; 19 <appendix> argL0 ; # coursier/Resolve$$$Lambda+0x00000202822e5ca0
instanceKlass  @bci coursier/Resolve$ initialResolution (Lscala/collection/immutable/Seq;Lcoursier/params/ResolutionParams;Lscala/Option;Lscala/Option;Lscala/collection/immutable/Seq;)Lcoursier/core/Resolution; 612 <appendix> member <vmtarget> ; # coursier/Resolve$$$Lambda+0x00000202822e59e0
instanceKlass  @bci coursier/core/Activation$Os$ fromProperties (Lscala/collection/immutable/Map;)Lcoursier/core/Activation$Os; 64 <appendix> argL0 ; # coursier/core/Activation$Os$$$Lambda+0x00000202822e5618
instanceKlass  @bci coursier/core/Activation$Os$ fromProperties (Lscala/collection/immutable/Map;)Lcoursier/core/Activation$Os; 44 <appendix> argL0 ; # coursier/core/Activation$Os$$$Lambda+0x00000202822e5360
instanceKlass  @bci coursier/core/Activation$Os$ families (Ljava/lang/String;Ljava/lang/String;)Lscala/collection/immutable/Set; 5 <appendix> member <vmtarget> ; # coursier/core/Activation$Os$$$Lambda+0x00000202822e4f90
instanceKlass  @bci coursier/core/Activation$Os$ $anonfun$fromProperties$3 (Lscala/collection/immutable/Map;Ljava/lang/String;)Lscala/Option; 10 <appendix> member <vmtarget> ; # coursier/core/Activation$Os$$$Lambda+0x00000202822e4bc0
instanceKlass  @bci coursier/core/Activation$Os$ fromProperties (Lscala/collection/immutable/Map;)Lcoursier/core/Activation$Os; 36 <appendix> member <vmtarget> ; # coursier/core/Activation$Os$$$Lambda+0x00000202822e47f0
instanceKlass  @bci coursier/core/Activation$Os$ fromProperties (Lscala/collection/immutable/Map;)Lcoursier/core/Activation$Os; 26 <appendix> argL0 ; # coursier/core/Activation$Os$$$Lambda+0x00000202822e4428
instanceKlass  @bci coursier/core/Activation$Os$ fromProperties (Lscala/collection/immutable/Map;)Lcoursier/core/Activation$Os; 8 <appendix> argL0 ; # coursier/core/Activation$Os$$$Lambda+0x00000202822e4060
instanceKlass  @bci scala/sys/SystemProperties $anonfun$iterator$1 (Lscala/sys/SystemProperties;)Lscala/collection/Iterator; 19 <appendix> argL0 ; # scala/sys/SystemProperties$$Lambda+0x00000202822e32d8
instanceKlass  @bci scala/sys/SystemProperties $anonfun$iterator$1 (Lscala/sys/SystemProperties;)Lscala/collection/Iterator; 9 <appendix> member <vmtarget> ; # scala/sys/SystemProperties$$Lambda+0x00000202822e2f08
instanceKlass scala/collection/convert/AsScalaExtensions$SetHasAsScala
instanceKlass  @bci scala/sys/SystemProperties names ()Lscala/collection/Iterator; 1 <appendix> argL0 ; # scala/sys/SystemProperties$$Lambda+0x00000202822e0f40
instanceKlass  @bci scala/sys/SystemProperties iterator ()Lscala/collection/Iterator; 2 <appendix> member <vmtarget> ; # scala/sys/SystemProperties$$Lambda+0x00000202822e0c80
instanceKlass  @bci coursier/Resolve$ initialResolution (Lscala/collection/immutable/Seq;Lcoursier/params/ResolutionParams;Lscala/Option;Lscala/Option;Lscala/collection/immutable/Seq;)Lcoursier/core/Resolution; 593 <appendix> member <vmtarget> ; # coursier/Resolve$$$Lambda+0x00000202822e09c0
instanceKlass  @bci coursier/Resolve$ initialResolution (Lscala/collection/immutable/Seq;Lcoursier/params/ResolutionParams;Lscala/Option;Lscala/Option;Lscala/collection/immutable/Seq;)Lcoursier/core/Resolution; 572 <appendix> member <vmtarget> ; # coursier/Resolve$$$Lambda+0x00000202822dfa50
instanceKlass scala/collection/Iterator$ConcatIteratorCell
instanceKlass  @bci scala/collection/View$Concat iterator ()Lscala/collection/Iterator; 10 <appendix> member <vmtarget> ; # scala/collection/View$Concat$$Lambda+0x00000202822df580
instanceKlass coursier/core/VariantSelector$AttributesBased$
instanceKlass coursier/core/Activation$Os
instanceKlass coursier/core/Activation$Os$
instanceKlass coursier/core/DependencySet
instanceKlass coursier/core/DependencySet$
instanceKlass coursier/core/Reconciliation
instanceKlass coursier/core/Type$Exotic$
instanceKlass coursier/core/Resolution$
instanceKlass  @bci coursier/Resolve$ initialResolution (Lscala/collection/immutable/Seq;Lcoursier/params/ResolutionParams;Lscala/Option;Lscala/Option;Lscala/collection/immutable/Seq;)Lcoursier/core/Resolution; 510 <appendix> argL0 ; # coursier/Resolve$$$Lambda+0x00000202822dcf48
instanceKlass  @bci coursier/params/ResolutionParams actualReconciliation ()Lscala/collection/immutable/Seq; 4 <appendix> argL0 ; # coursier/params/ResolutionParams$$Lambda+0x00000202822dcb80
instanceKlass  @bci coursier/Resolve$ initialResolution (Lscala/collection/immutable/Seq;Lcoursier/params/ResolutionParams;Lscala/Option;Lscala/Option;Lscala/collection/immutable/Seq;)Lcoursier/core/Resolution; 448 <appendix> argL0 ; # coursier/Resolve$$$Lambda+0x00000202822dc5d8
instanceKlass  @bci coursier/params/ResolutionParams doOverrideFullSuffix ()Z 4 <appendix> argL0 ; # coursier/params/ResolutionParams$$Lambda+0x00000202822dc300
instanceKlass  @bci coursier/params/ResolutionParams doForceScalaVersion ()Z 5 <appendix> member <vmtarget> ; # coursier/params/ResolutionParams$$Lambda+0x00000202822dc020
instanceKlass  @bci coursier/Resolve ioWithConflicts0 (Lscala/Function1;)Ljava/lang/Object; 49 <appendix> argL0 ; # coursier/Resolve$$Lambda+0x00000202822dbc58
instanceKlass  @bci coursier/Resolve ioWithConflicts0 (Lscala/Function1;)Ljava/lang/Object; 29 <appendix> argL0 ; # coursier/Resolve$$Lambda+0x00000202822db890
instanceKlass coursier/core/BomDependency
instanceKlass coursier/ResolveInternals$
instanceKlass  @bci coursier/Resolve finalDependencies ()Lscala/collection/immutable/Seq; 33 <appendix> member <vmtarget> ; # coursier/Resolve$$Lambda+0x00000202822db040
instanceKlass  @bci coursier/Resolve finalDependencies ()Lscala/collection/immutable/Seq; 19 <appendix> member <vmtarget> ; # coursier/Resolve$$Lambda+0x00000202822dac70
instanceKlass  @bci coursier/Resolve $anonfun$transformFetcher$1 ()Lscala/Function1; 0 <appendix> argL0 ; # coursier/Resolve$$Lambda+0x00000202822da8a8
instanceKlass  @bci coursier/Resolve transformFetcher ()Lscala/Function1; 4 <appendix> argL0 ; # coursier/Resolve$$Lambda+0x00000202822da5f0
instanceKlass  @bci coursier/util/Task$ $anonfun$flatMap$2 (Lscala/Function1;Lscala/concurrent/ExecutionContext;Ljava/lang/Object;)Lscala/concurrent/Future; 5 <appendix> member <vmtarget> ; # coursier/util/Task$$$Lambda+0x00000202822da330
instanceKlass  @bci coursier/core/ResolutionProcess$ fetch0 (Lscala/collection/immutable/Seq;Lscala/Function1;Lscala/collection/immutable/Seq;Lcoursier/util/Gather;)Lscala/Function1; 5 <appendix> member <vmtarget> ; # coursier/core/ResolutionProcess$$$Lambda+0x00000202822d9f60
instanceKlass  @bci coursier/params/Mirror$ $anonfun$replace$1 (Lscala/collection/immutable/Seq;Lcoursier/core/Repository;)Lcoursier/core/Repository; 7 <appendix> member <vmtarget> ; # coursier/params/Mirror$$$Lambda+0x00000202822d9b90
instanceKlass  @bci coursier/params/Mirror$ replace (Lscala/collection/immutable/Seq;Lscala/collection/immutable/Seq;)Lscala/collection/immutable/Seq; 2 <appendix> member <vmtarget> ; # coursier/params/Mirror$$$Lambda+0x00000202822d97c0
instanceKlass coursier/params/Mirror$
instanceKlass  @bci coursier/Resolve allMirrors0 ()Lscala/collection/immutable/Seq; 33 <appendix> argL0 ; # coursier/Resolve$$Lambda+0x00000202822d91f0
instanceKlass  @bci coursier/Resolve allMirrors0 ()Lscala/collection/immutable/Seq; 8 <appendix> argL0 ; # coursier/Resolve$$Lambda+0x00000202822d8e28
instanceKlass  @bci coursier/util/Task$ $anonfun$flatMap$1 (Lscala/Function1;Lscala/Function1;Lscala/concurrent/ExecutionContext;)Lscala/concurrent/Future; 12 <appendix> member <vmtarget> ; # coursier/util/Task$$$Lambda+0x00000202822d8a58
instanceKlass  @bci coursier/util/Task$ $anonfun$delay$1 (Lscala/Function0;Lscala/concurrent/ExecutionContext;)Lscala/concurrent/Future; 4 <appendix> member <vmtarget> ; # coursier/util/Task$$$Lambda+0x00000202822d8798
instanceKlass  @bci coursier/Fetch io ()Ljava/lang/Object; 195 <appendix> argL0 ; # coursier/Fetch$$Lambda+0x00000202822d83d0
instanceKlass coursier/Fetch$Result
instanceKlass  @bci coursier/Fetch ioResult ()Ljava/lang/Object; 20 <appendix> member <vmtarget> ; # coursier/Fetch$$Lambda+0x00000202822d8000
instanceKlass  @bci coursier/Resolve io ()Ljava/lang/Object; 14 <appendix> argL0 ; # coursier/Resolve$$Lambda+0x00000202822d7998
instanceKlass coursier/core/Resolution
instanceKlass  @bci coursier/util/Task$ flatMap$extension (Lscala/Function1;Lscala/Function1;)Lscala/Function1; 2 <appendix> member <vmtarget> ; # coursier/util/Task$$$Lambda+0x00000202822d7350
instanceKlass  @bci coursier/Resolve ioWithConflicts ()Ljava/lang/Object; 15 <appendix> member <vmtarget> ; # coursier/Resolve$$Lambda+0x00000202822d6f80
instanceKlass  @bci coursier/Resolve fetchVia ()Ljava/lang/Object; 24 <appendix> member <vmtarget> ; # coursier/Resolve$$Lambda+0x00000202822d6bb0
instanceKlass  @bci coursier/util/Task$ map$extension (Lscala/Function1;Lscala/Function1;)Lscala/Function1; 2 <appendix> member <vmtarget> ; # coursier/util/Task$$$Lambda+0x00000202822d67e0
instanceKlass  @bci coursier/Resolve finalRepositories ()Ljava/lang/Object; 98 <appendix> member <vmtarget> ; # coursier/Resolve$$Lambda+0x00000202822d6410
instanceKlass coursier/util/Monad$ops$$anon$2
instanceKlass  @bci coursier/util/Task$ delay (Lscala/Function0;)Lscala/Function1; 1 <appendix> member <vmtarget> ; # coursier/util/Task$$$Lambda+0x00000202822d5de0
instanceKlass coursier/util/Task
instanceKlass  @bci coursier/Resolve allMirrors ()Ljava/lang/Object; 5 <appendix> member <vmtarget> ; # coursier/Resolve$$Lambda+0x00000202822d58a8
instanceKlass  @bci coursier/cache/FileCache $anonfun$fetchs$1 (Lcoursier/cache/FileCache;Lcoursier/cache/CachePolicy;)Lscala/Function1; 2 <appendix> member <vmtarget> ; # coursier/cache/FileCache$$Lambda+0x00000202822d54d8
instanceKlass coursier/util/EitherT
instanceKlass coursier/util/Artifact
instanceKlass  @bci coursier/cache/FileCache fetchs ()Lscala/collection/immutable/Seq; 5 <appendix> member <vmtarget> ; # coursier/cache/FileCache$$Lambda+0x00000202822d4c18
instanceKlass coursier/util/Monad$AllOps
instanceKlass coursier/util/Monad$Ops
instanceKlass coursier/util/Monad$ops$
instanceKlass  @bci coursier/Fetch io ()Ljava/lang/Object; 5 <appendix> member <vmtarget> ; # coursier/Fetch$$Lambda+0x00000202822d4238
instanceKlass coursier/Fetch$FetchTaskOps$
instanceKlass  @bci scala/meta/internal/metals/Embedded$ downloadDependency (Lcoursier/core/Dependency;Lscala/Option;Lscala/collection/immutable/Seq;Lscala/Option;)Lscala/collection/immutable/List; 76 <appendix> argL0 ; # scala/meta/internal/metals/Embedded$$$Lambda+0x00000202822d3c68
instanceKlass  @bci scala/meta/internal/metals/Embedded$ downloadDependency (Lcoursier/core/Dependency;Lscala/Option;Lscala/collection/immutable/Seq;Lscala/Option;)Lscala/collection/immutable/List; 28 <appendix> argL0 ; # scala/meta/internal/metals/Embedded$$$Lambda+0x00000202822d38a0
instanceKlass  @bci scala/meta/internal/metals/Embedded$ downloadDependency (Lcoursier/core/Dependency;Lscala/Option;Lscala/collection/immutable/Seq;Lscala/Option;)Lscala/collection/immutable/List; 9 <appendix> argL0 ; # scala/meta/internal/metals/Embedded$$$Lambda+0x00000202822d29d0
instanceKlass  @bci scala/meta/internal/metals/Embedded$ repositories$lzycompute ()Lscala/collection/immutable/List; 60 <appendix> argL0 ; # scala/meta/internal/metals/Embedded$$$Lambda+0x00000202822d2608
instanceKlass coursier/Artifacts
instanceKlass coursier/Artifacts$
instanceKlass  @bci coursier/CoursierEnv$ confFileMirrors (Ljava/nio/file/Path;)Lscala/collection/immutable/Seq; 67 <appendix> argL0 ; # coursier/CoursierEnv$$$Lambda+0x00000202822d1dc0
instanceKlass  @bci coursier/CoursierEnv$ confFileMirrors (Ljava/nio/file/Path;)Lscala/collection/immutable/Seq; 39 <appendix> argL0 ; # coursier/CoursierEnv$$$Lambda+0x00000202822d19f8
instanceKlass  @bci coursier/CoursierEnv$ confFileMirrors (Ljava/nio/file/Path;)Lscala/collection/immutable/Seq; 34 <appendix> argL0 ; # coursier/CoursierEnv$$$Lambda+0x00000202822d1630
instanceKlass  @bci coursier/CoursierEnv$ confFileMirrors (Ljava/nio/file/Path;)Lscala/collection/immutable/Seq; 12 <appendix> argL0 ; # coursier/CoursierEnv$$$Lambda+0x00000202822d1268
instanceKlass  @bci coursier/CoursierEnv$ confFileMirrors (Ljava/nio/file/Path;)Lscala/collection/immutable/Seq; 7 <appendix> argL0 ; # coursier/CoursierEnv$$$Lambda+0x00000202822d0ea0
instanceKlass  @bci coursier/CoursierEnv$ defaultMirrors (Lcoursier/util/EnvValues;Lcoursier/util/EnvValues;Lcoursier/util/EnvValues;Lcoursier/util/EnvValues;)Lscala/collection/immutable/Seq; 28 <appendix> argL0 ; # coursier/CoursierEnv$$$Lambda+0x00000202822d0ad8
instanceKlass  @bci coursier/CoursierEnv$ defaultMirrors (Lcoursier/util/EnvValues;Lcoursier/util/EnvValues;Lcoursier/util/EnvValues;Lcoursier/util/EnvValues;)Lscala/collection/immutable/Seq; 8 <appendix> argL0 ; # coursier/CoursierEnv$$$Lambda+0x00000202822d0710
instanceKlass coursier/params/Mirror
instanceKlass coursier/params/MirrorConfFile$
instanceKlass  @bci coursier/CoursierEnv$ defaultMirrorConfFiles (Lcoursier/util/EnvValues;Lcoursier/util/EnvValues;Lcoursier/util/EnvValues;)Lscala/collection/immutable/Seq; 153 <appendix> argL0 ; # coursier/CoursierEnv$$$Lambda+0x00000202822c8400
instanceKlass coursier/internal/PlatformMirrorConfFile
instanceKlass coursier/paths/Mirror
instanceKlass coursier/Repositories$
instanceKlass coursier/ivy/IvyRepository
instanceKlass coursier/ivy/IvyRepository$
instanceKlass coursier/ivy/Pattern
instanceKlass coursier/ivy/Pattern$Chunk$Opt$
instanceKlass coursier/ivy/Pattern$Chunk$Const$
instanceKlass coursier/ivy/Pattern$Chunk$
instanceKlass coursier/ivy/Pattern$Chunk$Var$
instanceKlass coursier/ivy/Pattern$Chunk
instanceKlass coursier/ivy/Pattern$
instanceKlass  @bci coursier/LocalRepositories$ ivy2HomeUri$lzycompute ()Ljava/lang/String; 33 <appendix> argL0 ; # coursier/LocalRepositories$$$Lambda+0x00000202822ca680
instanceKlass  @bci coursier/LocalRepositories$ ivy2HomeUri$lzycompute ()Ljava/lang/String; 25 <appendix> argL0 ; # coursier/LocalRepositories$$$Lambda+0x00000202822ca3c8
instanceKlass coursier/LocalRepositories$
instanceKlass  @bci coursier/CoursierEnv$ defaultRepositories (Lcoursier/util/EnvValues;Lcoursier/util/EnvValues;)Lscala/collection/immutable/Seq; 67 <appendix> argL0 ; # coursier/CoursierEnv$$$Lambda+0x00000202822cfcb0
instanceKlass  @bci coursier/CoursierEnv$ confFileRepositories (Ljava/nio/file/Path;)Lscala/Option; 52 <appendix> argL0 ; # coursier/CoursierEnv$$$Lambda+0x00000202822ca000
instanceKlass  @bci coursier/CoursierEnv$ confFileRepositories (Ljava/nio/file/Path;)Lscala/Option; 39 <appendix> argL0 ; # coursier/CoursierEnv$$$Lambda+0x00000202822cf8e8
instanceKlass  @bci coursier/CoursierEnv$ confFileRepositories (Ljava/nio/file/Path;)Lscala/Option; 34 <appendix> argL0 ; # coursier/CoursierEnv$$$Lambda+0x00000202822cf520
instanceKlass  @bci coursier/CoursierEnv$ confFileRepositories (Ljava/nio/file/Path;)Lscala/Option; 12 <appendix> argL0 ; # coursier/CoursierEnv$$$Lambda+0x00000202822cf158
instanceKlass  @bci coursier/CoursierEnv$ confFileRepositories (Ljava/nio/file/Path;)Lscala/Option; 7 <appendix> argL0 ; # coursier/CoursierEnv$$$Lambda+0x00000202822ced90
instanceKlass  @bci coursier/CoursierEnv$ fromConfFiles$1 (Lcoursier/util/EnvValues;)Lscala/Option; 22 <appendix> argL0 ; # coursier/CoursierEnv$$$Lambda+0x00000202822ce9c8
instanceKlass  @bci coursier/CoursierEnv$ fromConfFiles$1 (Lcoursier/util/EnvValues;)Lscala/Option; 12 <appendix> argL0 ; # coursier/CoursierEnv$$$Lambda+0x00000202822cdc40
instanceKlass  @bci coursier/CoursierEnv$ defaultRepositories (Lcoursier/util/EnvValues;Lcoursier/util/EnvValues;)Lscala/collection/immutable/Seq; 59 <appendix> member <vmtarget> ; # coursier/CoursierEnv$$$Lambda+0x00000202822cd980
instanceKlass  @bci coursier/CoursierEnv$ fromPropsOpt$1 (Lcoursier/util/EnvValues;Lscala/util/matching/Regex;)Lscala/Option; 21 <appendix> member <vmtarget> ; # coursier/CoursierEnv$$$Lambda+0x00000202822cd5b0
instanceKlass  @bci coursier/CoursierEnv$ fromPropsOpt$1 (Lcoursier/util/EnvValues;Lscala/util/matching/Regex;)Lscala/Option; 12 <appendix> argL0 ; # coursier/CoursierEnv$$$Lambda+0x00000202822cd1e8
instanceKlass  @bci coursier/CoursierEnv$ fromPropsOpt$1 (Lcoursier/util/EnvValues;Lscala/util/matching/Regex;)Lscala/Option; 4 <appendix> argL0 ; # coursier/CoursierEnv$$$Lambda+0x00000202822cce20
instanceKlass  @bci coursier/CoursierEnv$ defaultRepositories (Lcoursier/util/EnvValues;Lcoursier/util/EnvValues;)Lscala/collection/immutable/Seq; 50 <appendix> member <vmtarget> ; # coursier/CoursierEnv$$$Lambda+0x00000202822ccb60
instanceKlass  @bci coursier/CoursierEnv$ defaultRepositories (Lcoursier/util/EnvValues;Lcoursier/util/EnvValues;)Lscala/collection/immutable/Seq; 36 <appendix> member <vmtarget> ; # coursier/CoursierEnv$$$Lambda+0x00000202822cc790
instanceKlass  @bci coursier/CoursierEnv$ defaultRepositories (Lcoursier/util/EnvValues;Lcoursier/util/EnvValues;)Lscala/collection/immutable/Seq; 27 <appendix> argL0 ; # coursier/CoursierEnv$$$Lambda+0x00000202822cc3c8
instanceKlass  @bci coursier/CoursierEnv$ defaultRepositories (Lcoursier/util/EnvValues;Lcoursier/util/EnvValues;)Lscala/collection/immutable/Seq; 19 <appendix> argL0 ; # coursier/CoursierEnv$$$Lambda+0x00000202822cc000
instanceKlass coursier/CoursierEnv$
instanceKlass coursier/Resolve
instanceKlass coursier/version/ConstraintReconciliation
instanceKlass coursier/PlatformResolve
instanceKlass coursier/Fetch
instanceKlass coursier/Fetch$
instanceKlass  @bci coursier/cache/FileCache <init> (Ljava/io/File;Lscala/collection/immutable/Seq;Lscala/collection/immutable/Seq;Lscala/collection/immutable/Seq;Lcoursier/cache/CacheLogger;Ljava/util/concurrent/ExecutorService;Lscala/Option;ZZZLscala/Option;ILscala/Option;Lscala/Option;IILscala/collection/immutable/Seq;Ljava/time/Clock;Lscala/concurrent/duration/FiniteDuration;DLcoursier/util/Sync;)V 183 <appendix> argL0 ; # coursier/cache/FileCache$$Lambda+0x00000202822c6700
instanceKlass coursier/cache/internal/Retry
instanceKlass  @bci coursier/cache/CacheDefaults$ retryBackoffMultiplier$lzycompute ()D 43 <appendix> argL0 ; # coursier/cache/CacheDefaults$$$Lambda+0x00000202822c61b0
instanceKlass  @cpi coursier/cache/CacheDefaults$ 358 form vmentry <vmtarget> ; # java/lang/invoke/LambdaForm$DMH+0x00000202822c8000
instanceKlass scala/runtime/java8/JFunction0$mcD$sp
instanceKlass  @bci coursier/cache/CacheDefaults$ retryBackoffMultiplier$lzycompute ()D 35 <appendix> argL0 ; # coursier/cache/CacheDefaults$$$Lambda+0x00000202822c5bc8
instanceKlass  @bci coursier/cache/CacheDefaults$ retryBackoffMultiplier$lzycompute ()D 27 <appendix> argL0 ; # coursier/cache/CacheDefaults$$$Lambda+0x00000202822c5800
instanceKlass  @bci coursier/cache/CacheDefaults$ retryBackoffInitialDelay$lzycompute ()Lscala/concurrent/duration/FiniteDuration; 45 <appendix> argL0 ; # coursier/cache/CacheDefaults$$$Lambda+0x00000202822c5548
instanceKlass  @bci coursier/cache/CacheDefaults$ retryBackoffInitialDelay$lzycompute ()Lscala/concurrent/duration/FiniteDuration; 27 <appendix> argL0 ; # coursier/cache/CacheDefaults$$$Lambda+0x00000202822c4cf8
instanceKlass  @bci java/time/format/DateTimeFormatter <clinit> ()V 1075 <appendix> argL0 ; # java/time/format/DateTimeFormatter$$Lambda+0x800000015
instanceKlass  @bci java/time/format/DateTimeFormatter <clinit> ()V 1067 <appendix> argL0 ; # java/time/format/DateTimeFormatter$$Lambda+0x800000014
instanceKlass java/time/Period
instanceKlass java/time/chrono/ChronoPeriod
instanceKlass java/time/format/DateTimeFormatterBuilder$TextPrinterParser
instanceKlass java/time/format/DateTimeTextProvider$1
instanceKlass java/time/format/DateTimeTextProvider
instanceKlass java/util/AbstractMap$SimpleImmutableEntry
instanceKlass java/time/format/DateTimeTextProvider$LocaleStore
instanceKlass java/time/format/DateTimeFormatterBuilder$InstantPrinterParser
instanceKlass java/time/format/DateTimeFormatterBuilder$StringLiteralPrinterParser
instanceKlass java/time/format/DateTimeFormatterBuilder$ZoneIdPrinterParser
instanceKlass java/time/format/DateTimeFormatterBuilder$OffsetIdPrinterParser
instanceKlass java/time/format/DecimalStyle
instanceKlass java/time/format/DateTimeFormatterBuilder$CharLiteralPrinterParser
instanceKlass java/time/format/DateTimeFormatter
instanceKlass java/time/format/DateTimeFormatterBuilder$CompositePrinterParser
instanceKlass java/time/format/DateTimeFormatterBuilder$NumberPrinterParser
instanceKlass java/time/format/DateTimeFormatterBuilder$DateTimePrinterParser
instanceKlass java/time/temporal/JulianFields
instanceKlass java/time/temporal/IsoFields
instanceKlass  @bci java/time/format/DateTimeFormatterBuilder <clinit> ()V 0 <appendix> argL0 ; # java/time/format/DateTimeFormatterBuilder$$Lambda+0x800000016
instanceKlass java/time/temporal/TemporalQuery
instanceKlass java/time/format/DateTimeFormatterBuilder
instanceKlass java/time/Year
instanceKlass java/time/chrono/AbstractChronology
instanceKlass java/time/chrono/Chronology
instanceKlass java/time/zone/Ser
instanceKlass java/io/Externalizable
instanceKlass java/time/zone/ZoneRulesProvider$1
instanceKlass java/time/zone/ZoneRulesProvider
instanceKlass java/time/Clock
instanceKlass java/time/InstantSource
instanceKlass  @bci coursier/cache/CacheDefaults$ retryCount$lzycompute ()I 43 <appendix> argL0 ; # coursier/cache/CacheDefaults$$$Lambda+0x00000202822c4a20
instanceKlass  @bci coursier/cache/CacheDefaults$ retryCount$lzycompute ()I 35 <appendix> argL0 ; # coursier/cache/CacheDefaults$$$Lambda+0x00000202822c4638
instanceKlass  @bci coursier/cache/CacheDefaults$ retryCount$lzycompute ()I 27 <appendix> argL0 ; # coursier/cache/CacheDefaults$$$Lambda+0x00000202822c4270
instanceKlass  @bci coursier/cache/CacheDefaults$ maxRedirections$lzycompute ()Lscala/Option; 29 <appendix> argL0 ; # coursier/cache/CacheDefaults$$$Lambda+0x00000202822c3fb8
instanceKlass  @bci coursier/cache/CacheDefaults$ maxRedirections$lzycompute ()Lscala/Option; 21 <appendix> argL0 ; # coursier/cache/CacheDefaults$$$Lambda+0x00000202822c3d00
instanceKlass  @bci coursier/cache/CacheDefaults$ prop$1 (Ljava/lang/String;)Lscala/Option; 18 <appendix> argL0 ; # coursier/cache/CacheDefaults$$$Lambda+0x00000202822c3918
instanceKlass scala/runtime/java8/JFunction1$mcZI$sp
instanceKlass  @bci coursier/cache/CacheDefaults$ prop$1 (Ljava/lang/String;)Lscala/Option; 10 <appendix> argL0 ; # coursier/cache/CacheDefaults$$$Lambda+0x00000202822c3350
instanceKlass  @bci coursier/cache/CacheEnv$ defaultTtl (Lcoursier/util/EnvValues;)Lscala/Option; 23 <appendix> argL0 ; # coursier/cache/CacheEnv$$$Lambda+0x00000202822c3098
instanceKlass  @bci coursier/cache/CacheEnv$ fromProps$1 (Lcoursier/util/EnvValues;)Lscala/Option; 4 <appendix> argL0 ; # coursier/cache/CacheEnv$$$Lambda+0x00000202822c2cd0
instanceKlass  @bci coursier/cache/CacheEnv$ defaultTtl (Lcoursier/util/EnvValues;)Lscala/Option; 15 <appendix> member <vmtarget> ; # coursier/cache/CacheEnv$$$Lambda+0x00000202822c2a10
instanceKlass  @bci coursier/cache/CacheEnv$ defaultTtl (Lcoursier/util/EnvValues;)Lscala/Option; 4 <appendix> argL0 ; # coursier/cache/CacheEnv$$$Lambda+0x00000202822c2648
instanceKlass java/util/concurrent/LinkedBlockingQueue$Node
instanceKlass coursier/cache/internal/ThreadUtil$$anon$1
instanceKlass coursier/cache/internal/ThreadUtil$
instanceKlass  @bci coursier/cache/CacheDefaults$ concurrentDownloadCount$lzycompute ()I 33 <appendix> argL0 ; # coursier/cache/CacheDefaults$$$Lambda+0x00000202822c1f40
instanceKlass  @bci coursier/cache/CacheDefaults$ concurrentDownloadCount$lzycompute ()I 25 <appendix> argL0 ; # coursier/cache/CacheDefaults$$$Lambda+0x00000202822c1b78
instanceKlass coursier/util/PlatformSyncCompanion
instanceKlass coursier/cache/CacheLogger$$anon$1
instanceKlass coursier/cache/CacheLogger
instanceKlass coursier/cache/CacheLogger$
instanceKlass  @bci coursier/cache/CacheEnv$ $anonfun$credentialsFromConfig$4 (Lscala/Option;)Lscala/collection/immutable/List; 12 <appendix> argL0 ; # coursier/cache/CacheEnv$$$Lambda+0x00000202822c0cc8
instanceKlass scala/cli/config/RepositoryCredentials
instanceKlass  @bci coursier/cache/CacheEnv$ $anonfun$credentialsFromConfig$4 (Lscala/Option;)Lscala/collection/immutable/List; 1 <appendix> argL0 ; # coursier/cache/CacheEnv$$$Lambda+0x00000202822bccc8
instanceKlass  @bci coursier/cache/CacheEnv$ credentialsFromConfig (Ljava/nio/file/Path;)Lscala/collection/immutable/Seq; 39 <appendix> argL0 ; # coursier/cache/CacheEnv$$$Lambda+0x00000202822c03c8
instanceKlass  @bci coursier/cache/CacheEnv$ credentialsFromConfig (Ljava/nio/file/Path;)Lscala/collection/immutable/Seq; 34 <appendix> argL0 ; # coursier/cache/CacheEnv$$$Lambda+0x00000202822c0000
instanceKlass scala/cli/config/PublishCredentialsAsJson$$anon$1
instanceKlass scala/cli/config/PublishCredentialsAsJson$
instanceKlass scala/cli/config/RepositoryCredentialsAsJson$$anon$1
instanceKlass scala/cli/config/CredentialsValue
instanceKlass scala/cli/config/RepositoryCredentialsAsJson$
instanceKlass scala/cli/config/CredentialsAsJson
instanceKlass scala/cli/commands/SpecificationLevel$SHOULD$
instanceKlass scala/cli/config/Key$$anon$2
instanceKlass scala/cli/commands/SpecificationLevel$RESTRICTED$
instanceKlass scala/cli/commands/SpecificationLevel$MUST$
instanceKlass scala/cli/config/Key$$anon$3
instanceKlass scala/cli/commands/SpecificationLevel$IMPLEMENTATION$
instanceKlass scala/cli/config/Key$$anon$1
instanceKlass scala/runtime/LazyVals$Evaluating$
instanceKlass scala/runtime/LazyVals$NullValue$
instanceKlass scala/runtime/LazyVals$LazyValControlState
instanceKlass scala/cli/commands/SpecificationLevel$EXPERIMENTAL$
instanceKlass scala/deriving/Mirror$Singleton
instanceKlass scala/deriving/Mirror$Product
instanceKlass scala/deriving/Mirror
instanceKlass scala/cli/config/Key$PublishCredentialsEntry$
instanceKlass scala/cli/config/Key$RepositoryCredentialsEntry$
instanceKlass scala/cli/config/Key$StringListEntry$
instanceKlass scala/cli/config/Key$PasswordEntry$
instanceKlass scala/cli/config/Key$BooleanEntry$
instanceKlass scala/cli/config/Key$StringEntry$
instanceKlass scala/cli/config/Key$MalformedValue$
instanceKlass scala/cli/config/Key$EntryError$
instanceKlass scala/cli/config/Key$
instanceKlass  @bci scala/runtime/LazyVals$ <clinit> ()V 138 <appendix> member <vmtarget> ; # scala/runtime/LazyVals$$$Lambda+0x00000202822b9600
# instanceKlass java/lang/invoke/LambdaForm$MH+0x00000202822bc000
instanceKlass sun/misc/Unsafe
instanceKlass scala/runtime/LazyVals$
instanceKlass scala/cli/commands/SpecificationLevel
instanceKlass scala/cli/config/Keys$
instanceKlass  @bci coursier/cache/CacheEnv$ credentialsFromConfig (Ljava/nio/file/Path;)Lscala/collection/immutable/Seq; 12 <appendix> argL0 ; # coursier/cache/CacheEnv$$$Lambda+0x00000202822b8c20
instanceKlass  @bci coursier/cache/CacheEnv$ credentialsFromConfig (Ljava/nio/file/Path;)Lscala/collection/immutable/Seq; 7 <appendix> argL0 ; # coursier/cache/CacheEnv$$$Lambda+0x00000202822b8858
instanceKlass scala/cli/config/ConfigDb
instanceKlass scala/cli/config/ConfigDb$$anon$1
instanceKlass com/github/plokhotnyuk/jsoniter_scala/core/JsonValueCodec
instanceKlass scala/cli/config/ConfigDb$
instanceKlass  @bci coursier/cache/CacheEnv$ defaultCredentials (Lcoursier/util/EnvValues;Lcoursier/util/EnvValues;Lcoursier/util/EnvValues;)Lscala/collection/immutable/Seq; 247 <appendix> argL0 ; # coursier/cache/CacheEnv$$$Lambda+0x00000202822b7718
instanceKlass coursier/credentials/FileCredentials$
instanceKlass  @bci coursier/cache/CacheEnv$ defaultCredentials (Lcoursier/util/EnvValues;Lcoursier/util/EnvValues;Lcoursier/util/EnvValues;)Lscala/collection/immutable/Seq; 184 <appendix> argL0 ; # coursier/cache/CacheEnv$$$Lambda+0x00000202822b7148
instanceKlass  @bci coursier/cache/CacheEnv$ defaultCredentials (Lcoursier/util/EnvValues;Lcoursier/util/EnvValues;Lcoursier/util/EnvValues;)Lscala/collection/immutable/Seq; 167 <appendix> argL0 ; # coursier/cache/CacheEnv$$$Lambda+0x00000202822b6d80
instanceKlass coursier/credentials/Credentials
instanceKlass  @bci coursier/cache/CacheEnv$ $anonfun$defaultCredentials$6 (Ljava/io/File;)Lscala/collection/immutable/Seq; 28 <appendix> argL0 ; # coursier/cache/CacheEnv$$$Lambda+0x00000202822b6528
instanceKlass  @bci coursier/cache/CacheEnv$ $anonfun$defaultCredentials$6 (Ljava/io/File;)Lscala/collection/immutable/Seq; 1 <appendix> argL0 ; # coursier/cache/CacheEnv$$$Lambda+0x00000202822b6308
instanceKlass  @bci coursier/cache/CacheEnv$ defaultCredentials (Lcoursier/util/EnvValues;Lcoursier/util/EnvValues;Lcoursier/util/EnvValues;)Lscala/collection/immutable/Seq; 119 <appendix> argL0 ; # coursier/cache/CacheEnv$$$Lambda+0x00000202822b5f40
instanceKlass  @bci coursier/cache/CacheEnv$ defaultCredentials (Lcoursier/util/EnvValues;Lcoursier/util/EnvValues;Lcoursier/util/EnvValues;)Lscala/collection/immutable/Seq; 102 <appendix> argL0 ; # coursier/cache/CacheEnv$$$Lambda+0x00000202822b5b78
instanceKlass  @bci coursier/cache/CacheEnv$ defaultCredentials (Lcoursier/util/EnvValues;Lcoursier/util/EnvValues;Lcoursier/util/EnvValues;)Lscala/collection/immutable/Seq; 85 <appendix> argL0 ; # coursier/cache/CacheEnv$$$Lambda+0x00000202822b57b0
instanceKlass  @bci coursier/paths/CoursierPaths configDirectories (Ljava/lang/String;Ljava/lang/String;)[Ljava/io/File; 18 <appendix> argL0 ; # coursier/paths/CoursierPaths$$Lambda+0x00000202822b5398
instanceKlass  @bci coursier/paths/CoursierPaths configDirectories (Ljava/lang/String;Ljava/lang/String;)[Ljava/io/File; 8 <appendix> argL0 ; # coursier/paths/CoursierPaths$$Lambda+0x00000202822afda8
instanceKlass  @bci coursier/cache/CacheEnv$ defaultCredentials (Lcoursier/util/EnvValues;Lcoursier/util/EnvValues;Lcoursier/util/EnvValues;)Lscala/collection/immutable/Seq; 13 <appendix> argL0 ; # coursier/cache/CacheEnv$$$Lambda+0x00000202822b4fd0
instanceKlass  @bci coursier/cache/CacheEnv$ defaultCredentials (Lcoursier/util/EnvValues;Lcoursier/util/EnvValues;Lcoursier/util/EnvValues;)Lscala/collection/immutable/Seq; 5 <appendix> member <vmtarget> ; # coursier/cache/CacheEnv$$$Lambda+0x00000202822b4d10
instanceKlass  @bci coursier/cache/CacheEnv$ defaultCachePolicies (Lcoursier/util/EnvValues;)Lscala/collection/immutable/Seq; 48 <appendix> argL0 ; # coursier/cache/CacheEnv$$$Lambda+0x00000202822b4a58
instanceKlass  @bci coursier/cache/CacheEnv$ defaultCachePolicies (Lcoursier/util/EnvValues;)Lscala/collection/immutable/Seq; 40 <appendix> member <vmtarget> ; # coursier/cache/CacheEnv$$$Lambda+0x00000202822b4798
instanceKlass  @bci coursier/cache/CacheEnv$ fromOption$1 (Lscala/Option;Ljava/lang/String;)Lscala/Option; 10 <appendix> member <vmtarget> ; # coursier/cache/CacheEnv$$$Lambda+0x00000202822b43c8
instanceKlass  @bci coursier/cache/CacheEnv$ fromOption$1 (Lscala/Option;Ljava/lang/String;)Lscala/Option; 1 <appendix> argL0 ; # coursier/cache/CacheEnv$$$Lambda+0x00000202822b4000
instanceKlass coursier/paths/shaded/dirs/impl/WindowsForeign$SHGetKnownFolderPath
instanceKlass  @bci jdk/internal/foreign/abi/AbstractLinker$LinkRequest equals (Ljava/lang/Object;)Z 2 <adapter> ; # java/lang/invoke/LambdaForm$MH+0x00000202822b3c00
# instanceKlass java/lang/invoke/LambdaForm$MH+0x00000202822b3800
instanceKlass  @bci jdk/internal/foreign/abi/AbstractLinker$LinkRequest equals (Ljava/lang/Object;)Z 2 <appendix> form vmentry <vmtarget> ; # java/lang/invoke/LambdaForm$MH+0x00000202822b3400
instanceKlass  @bci jdk/internal/foreign/abi/AbstractLinker$LinkRequest equals (Ljava/lang/Object;)Z 2 <appendix> argL1 form vmentry <vmtarget> ; # java/lang/invoke/LambdaForm$MH+0x00000202822b3000
instanceKlass java/lang/invoke/MethodHandleImpl$Makers$2
instanceKlass java/lang/invoke/MethodHandleImpl$Makers$1
instanceKlass java/lang/invoke/MethodHandleImpl$Makers
instanceKlass  @bci jdk/internal/foreign/abi/AbstractLinker$LinkRequest equals (Ljava/lang/Object;)Z 2 <appendix> form names 9 function resolvedHandle form vmentry <vmtarget> ; # java/lang/invoke/LambdaForm$MH+0x00000202822b2c00
instanceKlass  @bci jdk/internal/foreign/abi/AbstractLinker$LinkRequest equals (Ljava/lang/Object;)Z 2 <appendix> form names 9 function resolvedHandle form names 5 function resolvedHandle form vmentry <vmtarget> ; # java/lang/invoke/LambdaForm$DMH+0x00000202822b2800
instanceKlass  @cpi scala/collection/StringOps$ 488 form vmentry <vmtarget> ; # java/lang/invoke/LambdaForm$DMH+0x00000202822b2400
# instanceKlass java/lang/invoke/LambdaForm$MH+0x00000202822b2000
# instanceKlass java/lang/invoke/LambdaForm$MH+0x00000202822b1c00
# instanceKlass java/lang/invoke/LambdaForm$MH+0x00000202822b1800
# instanceKlass java/lang/invoke/LambdaForm$MH+0x00000202822b1400
# instanceKlass java/lang/invoke/LambdaForm$MH+0x00000202822b1000
instanceKlass  @bci coursier/paths/shaded/dirs/impl/WindowsForeign findOrThrow (Ljava/lang/String;)Ljava/lang/foreign/MemorySegment; 10 <appendix> member <vmtarget> ; # coursier/paths/shaded/dirs/impl/WindowsForeign$$Lambda+0x00000202822af978
instanceKlass coursier/paths/shaded/dirs/impl/WindowsForeign$CLSIDFromString
instanceKlass coursier/paths/shaded/dirs/impl/WindowsForeign
instanceKlass coursier/paths/shaded/dirs/Constants
instanceKlass coursier/paths/shaded/dirs/impl/Util
instanceKlass coursier/paths/shaded/dirs/ProjectDirectories
instanceKlass  @bci coursier/paths/shaded/dirs/impl/WindowsDefault getDefaultSupplier ()Ljava/util/function/Supplier; 0 <appendix> argL0 ; # coursier/paths/shaded/dirs/impl/WindowsDefault$$Lambda+0x00000202822aeab0
instanceKlass coursier/paths/shaded/dirs/impl/WindowsDefault
instanceKlass coursier/paths/shaded/dirs/jni/WindowsJni
instanceKlass coursier/jniutils/CString
instanceKlass java/io/FileOutputStream$1
instanceKlass sun/nio/ch/IOStatus
instanceKlass sun/nio/ch/Util$BufferCache
instanceKlass sun/nio/ch/Util
instanceKlass sun/nio/ch/NativeThread
instanceKlass java/io/DeleteOnExitHook$1
instanceKlass java/io/DeleteOnExitHook
instanceKlass sun/security/provider/AbstractDrbg$NonceProvider
instanceKlass  @bci sun/security/provider/AbstractDrbg$SeederHolder <clinit> ()V 42 <appendix> member <vmtarget> ; # sun/security/provider/AbstractDrbg$SeederHolder$$Lambda+0x00000202821e5730
instanceKlass  @cpi sun/security/provider/AbstractDrbg$SeederHolder 91 form vmentry <vmtarget> ; # java/lang/invoke/LambdaForm$DMH+0x00000202822b0c00
# instanceKlass java/lang/invoke/LambdaForm$DMH+0x00000202822b0800
instanceKlass sun/nio/fs/BasicFileAttributesHolder
instanceKlass sun/nio/fs/WindowsDirectoryStream$WindowsDirectoryIterator
instanceKlass sun/nio/fs/WindowsDirectoryStream
instanceKlass java/nio/file/DirectoryStream
instanceKlass java/nio/file/Files$AcceptAllFilter
instanceKlass java/nio/file/DirectoryStream$Filter
instanceKlass java/net/NetworkInterface$1
instanceKlass java/net/DefaultInterface
instanceKlass java/net/Inet6Address$Inet6AddressHolder
instanceKlass java/net/InetAddress$PlatformResolver
instanceKlass java/net/spi/InetAddressResolver
instanceKlass java/net/spi/InetAddressResolver$LookupPolicy
instanceKlass java/net/Inet4AddressImpl
instanceKlass java/net/Inet6AddressImpl
instanceKlass java/net/InetAddressImpl
instanceKlass java/util/concurrent/ConcurrentSkipListMap$Node
instanceKlass java/util/concurrent/ConcurrentSkipListMap$Index
instanceKlass java/util/concurrent/ConcurrentNavigableMap
instanceKlass java/net/InetAddress$InetAddressHolder
instanceKlass java/net/InetAddress$1
instanceKlass jdk/internal/access/JavaNetInetAddressAccess
instanceKlass java/net/InterfaceAddress
instanceKlass java/net/NetworkInterface
instanceKlass sun/security/provider/SeedGenerator$1
instanceKlass sun/security/provider/SeedGenerator
instanceKlass sun/security/provider/AbstractDrbg$SeederHolder
instanceKlass java/security/DrbgParameters$NextBytes
instanceKlass  @bci sun/security/provider/AbstractDrbg <clinit> ()V 12 <appendix> argL0 ; # sun/security/provider/AbstractDrbg$$Lambda+0x00000202821e2d68
instanceKlass  @cpi sun/security/provider/AbstractDrbg 383 form vmentry <vmtarget> ; # java/lang/invoke/LambdaForm$DMH+0x00000202822b0400
# instanceKlass java/lang/invoke/LambdaForm$DMH+0x00000202822b0000
instanceKlass sun/security/provider/EntropySource
instanceKlass sun/security/provider/AbstractDrbg
instanceKlass java/security/DrbgParameters$Instantiation
instanceKlass java/security/DrbgParameters
instanceKlass sun/security/provider/MoreDrbgParameters
instanceKlass  @bci sun/security/provider/DRBG <init> (Ljava/security/SecureRandomParameters;)V 26 <appendix> argL0 ; # sun/security/provider/DRBG$$Lambda+0x00000202821e1808
instanceKlass java/security/SecureRandomSpi
instanceKlass java/util/AbstractList$Itr
instanceKlass java/io/File$TempDirectory
instanceKlass coursier/jniutils/DllName
instanceKlass coursier/jniutils/LoadWindowsLibrary
instanceKlass coursier/jniutils/NativeApi
instanceKlass coursier/jniutils/WindowsEnvironmentVariables
instanceKlass  @bci coursier/paths/Util useJni ()Z 0 <appendix> argL0 ; # coursier/paths/Util$$Lambda+0x00000202822ad588
instanceKlass coursier/paths/Util
instanceKlass coursier/paths/shaded/dirs/impl/Windows
instanceKlass coursier/paths/CoursierPaths
instanceKlass coursier/util/EnvValues
instanceKlass coursier/cache/CachePolicy
instanceKlass coursier/util/EnvEntry
instanceKlass scala/cli/config/Key
instanceKlass coursier/cache/CacheEnv$
instanceKlass coursier/cache/CacheDefaults$
instanceKlass coursier/util/PlatformTaskCompanion$$anon$2
instanceKlass coursier/util/TaskSync
instanceKlass coursier/util/Sync
instanceKlass coursier/util/PlatformSync
instanceKlass coursier/util/Gather
instanceKlass coursier/util/PlatformTaskCompanion
instanceKlass java/io/FilenameFilter
instanceKlass coursier/cache/internal/FileUtil$WithContent
instanceKlass coursier/cache/FileCache$
instanceKlass  @bci scala/meta/internal/metals/Embedded$ fetchSettings (Lcoursier/core/Dependency;Lscala/Option;Lscala/Option;)Lcoursier/Fetch; 161 <appendix> member <vmtarget> ; # scala/meta/internal/metals/Embedded$$$Lambda+0x00000202822a9068
instanceKlass  @bci scala/meta/internal/metals/Embedded$ fetchSettings (Lcoursier/core/Dependency;Lscala/Option;Lscala/Option;)Lcoursier/Fetch; 151 <appendix> member <vmtarget> ; # scala/meta/internal/metals/Embedded$$$Lambda+0x00000202822a8c98
instanceKlass coursier/params/rule/RuleResolution
instanceKlass coursier/params/ResolutionParams$
instanceKlass  @bci scala/meta/internal/metals/Embedded$ fetchSettings (Lcoursier/core/Dependency;Lscala/Option;Lscala/Option;)Lcoursier/Fetch; 133 <appendix> argL0 ; # scala/meta/internal/metals/Embedded$$$Lambda+0x00000202822a8278
instanceKlass coursier/params/ResolutionParams
instanceKlass coursier/core/Configuration
instanceKlass scala/Tuple12
instanceKlass scala/Product12
instanceKlass coursier/core/Dependency
instanceKlass coursier/core/Overrides
instanceKlass coursier/core/Overrides$
instanceKlass coursier/core/Classifier
instanceKlass coursier/core/Extension
instanceKlass coursier/core/Type
instanceKlass scala/Tuple4
instanceKlass scala/Product4
instanceKlass coursier/core/Publication
instanceKlass  @bci coursier/core/Extension$ <clinit> ()V 22 <appendix> argL0 ; # coursier/core/Extension$$$Lambda+0x00000202822a6708
instanceKlass coursier/core/Extension$
instanceKlass coursier/core/Publication$
instanceKlass coursier/core/MinimizedExclusions
instanceKlass coursier/core/MinimizedExclusions$ExclusionData
instanceKlass coursier/core/MinimizedExclusions$
instanceKlass  @bci coursier/core/Configuration$ <clinit> ()V 22 <appendix> argL0 ; # coursier/core/Configuration$$$Lambda+0x00000202822a2e80
instanceKlass coursier/core/Configuration$
instanceKlass coursier/core/VariantSelector$ConfigurationBased$
instanceKlass coursier/version/VersionConstraint$Lazy$
instanceKlass coursier/core/Dependency$
instanceKlass concurrentrefhashmap/ConcurrentReferenceHashMap$KeyReference
instanceKlass coursier/core/ModuleName
instanceKlass coursier/core/Organization
instanceKlass scala/Tuple3
instanceKlass scala/Product3
instanceKlass  @bci coursier/core/Validation$ assertValid (Ljava/lang/String;Ljava/lang/String;)V 11 <appendix> argL0 ; # coursier/core/Validation$$$Lambda+0x00000202822a1208
instanceKlass  @bci coursier/core/Validation$ assertValid (Ljava/lang/String;Ljava/lang/String;)V 6 <appendix> argL0 ; # coursier/core/Validation$$$Lambda+0x00000202822a0e40
instanceKlass  @bci coursier/core/Validation$ $anonfun$validateCoordinate$1 (Ljava/lang/String;Ljava/lang/String;Lscala/util/Either;C)Lscala/util/Either; 10 <adapter> ; # java/lang/invoke/LambdaForm$MH+0x00000202822a4c00
# instanceKlass java/lang/invoke/LambdaForm$DMH+0x00000202822a4800
instanceKlass  @bci coursier/core/Validation$ $anonfun$validateCoordinate$1 (Ljava/lang/String;Ljava/lang/String;Lscala/util/Either;C)Lscala/util/Either; 10 <appendix> form vmentry <vmtarget> ; # java/lang/invoke/LambdaForm$DMH+0x00000202822a4400
instanceKlass  @bci coursier/core/Validation$ $anonfun$validateCoordinate$1 (Ljava/lang/String;Ljava/lang/String;Lscala/util/Either;C)Lscala/util/Either; 10 <appendix> member <vmtarget> ; # coursier/core/Validation$$$Lambda+0x00000202822a0b80
instanceKlass  @bci coursier/core/Validation$ $anonfun$validateCoordinate$1 (Ljava/lang/String;Ljava/lang/String;Lscala/util/Either;C)Lscala/util/Either; 2 <appendix> member <vmtarget> ; # coursier/core/Validation$$$Lambda+0x00000202822a07b8
instanceKlass  @cpi java/time/temporal/TemporalAdjusters 209 form vmentry <vmtarget> ; # java/lang/invoke/LambdaForm$DMH+0x00000202822a4000
instanceKlass  @bci coursier/core/Validation$ validateCoordinate (Ljava/lang/String;Ljava/lang/String;)Lscala/util/Either; 38 <appendix> member <vmtarget> ; # coursier/core/Validation$$$Lambda+0x00000202822a0208
instanceKlass coursier/core/Validation$
instanceKlass coursier/core/Module
instanceKlass concurrentrefhashmap/ConcurrentReferenceHashMap$HashEntry
instanceKlass concurrentrefhashmap/IConcurrentMap
instanceKlass coursier/util/Cache$
instanceKlass coursier/core/Module$
instanceKlass coursier/package$Module$
instanceKlass coursier/package$Dependency$
instanceKlass  @bci scala/collection/MapOps addString (Lscala/collection/mutable/StringBuilder;Ljava/lang/String;Ljava/lang/String;Ljava/lang/String;)Lscala/collection/mutable/StringBuilder; 6 <appendix> argL0 ; # scala/collection/MapOps$$Lambda+0x000002028229dbc0
instanceKlass  @bci scala/collection/StringOps$ format$extension (Ljava/lang/String;Lscala/collection/immutable/Seq;)Ljava/lang/String; 3 <appendix> member <vmtarget> ; # scala/collection/StringOps$$$Lambda+0x000002028229d7f0
instanceKlass scala/meta/internal/metals/BuildInfo$
instanceKlass scala/meta/internal/metals/JdkVersion
instanceKlass  @bci scala/meta/internal/metals/JdkVersion$ $anonfun$parse$2 (Ljava/lang/String;)Lscala/Option; 4 <appendix> member <vmtarget> ; # scala/meta/internal/metals/JdkVersion$$$Lambda+0x000002028229cfc8
instanceKlass  @bci scala/meta/internal/metals/JdkVersion$ $anonfun$parse$1 (Ljava/lang/String;)Lscala/collection/immutable/List; 63 <appendix> argL0 ; # scala/meta/internal/metals/JdkVersion$$$Lambda+0x000002028229cc00
instanceKlass  @bci scala/meta/internal/metals/JdkVersion$ parse (Ljava/lang/String;)Lscala/Option; 4 <appendix> member <vmtarget> ; # scala/meta/internal/metals/JdkVersion$$$Lambda+0x000002028229c940
instanceKlass  @bci scala/util/PropertiesTrait propOrEmpty (Ljava/lang/String;)Ljava/lang/String; 2 <appendix> argL0 ; # scala/util/PropertiesTrait$$Lambda+0x000002028229c688
instanceKlass  @bci scala/util/PropertiesTrait $init$ (Lscala/util/PropertiesTrait;)V 228 <appendix> argL0 ; # scala/util/PropertiesTrait$$Lambda+0x000002028229c3d0
instanceKlass  @bci scala/util/PropertiesTrait $init$ (Lscala/util/PropertiesTrait;)V 202 <appendix> argL0 ; # scala/util/PropertiesTrait$$Lambda+0x000002028229c118
instanceKlass scala/util/Properties$
instanceKlass scala/util/PropertiesTrait
instanceKlass scala/meta/internal/metals/JdkVersion$
instanceKlass coursier/cache/PlatformCache
instanceKlass scala/meta/internal/metals/Embedded$
instanceKlass  @bci scala/meta/internal/metals/JavaInteractiveSemanticdb$ create (Lscala/meta/io/AbsolutePath;Lscala/meta/internal/metals/BuildTargets;)Lscala/meta/internal/metals/JavaInteractiveSemanticdb; 3 <appendix> argL0 ; # scala/meta/internal/metals/JavaInteractiveSemanticdb$$$Lambda+0x000002028229aaf8
instanceKlass scala/meta/internal/metals/JavaInteractiveSemanticdb
instanceKlass scala/meta/internal/metals/JavaInteractiveSemanticdb$
instanceKlass scala/meta/internal/metals/EmptyScalafmtReporter$
instanceKlass org/scalafmt/dynamic/ScalafmtConfigLoader$
instanceKlass org/scalafmt/dynamic/ScalafmtConfigLoader$CachedProxy
instanceKlass org/scalafmt/dynamic/utils/ReentrantCache
instanceKlass org/scalafmt/dynamic/utils/ReentrantCache$
instanceKlass coursier/maven/MavenRepositoryInternal
instanceKlass coursier/version/Latest
instanceKlass coursier/util/Monad
instanceKlass coursier/core/ResolutionProcess
instanceKlass coursier/core/ResolutionProcess$
instanceKlass  @bci coursier/core/Type$ <clinit> ()V 22 <appendix> argL0 ; # coursier/core/Type$$$Lambda+0x0000020282297168
instanceKlass coursier/core/Type$
instanceKlass  @bci coursier/core/Classifier$ <clinit> ()V 22 <appendix> argL0 ; # coursier/core/Classifier$$$Lambda+0x0000020282296b98
instanceKlass coursier/core/Classifier$
instanceKlass coursier/util/SaxHandler
instanceKlass coursier/maven/MavenRepository$
instanceKlass coursier/core/Repository$
instanceKlass coursier/core/Profile$
instanceKlass coursier/core/Info
instanceKlass coursier/core/Info$
instanceKlass coursier/core/Project$
instanceKlass coursier/core/BomDependency$
instanceKlass coursier/core/VariantSelector
instanceKlass coursier/core/VariantSelector$
instanceKlass coursier/core/Variant
instanceKlass coursier/core/Variant$
instanceKlass scala/Product1$mcI$sp
instanceKlass scala/Tuple1
instanceKlass scala/Product1
instanceKlass coursier/version/Version$Item
instanceKlass coursier/version/Version$Number$
instanceKlass coursier/version/Version
instanceKlass coursier/version/Version$
instanceKlass coursier/version/VersionInterval
instanceKlass coursier/version/VersionInterval$
instanceKlass coursier/version/VersionConstraint$Eager$
instanceKlass coursier/version/VersionConstraint
instanceKlass coursier/version/VersionConstraint$
instanceKlass  @bci coursier/core/ModuleName$ <clinit> ()V 22 <appendix> argL0 ; # coursier/core/ModuleName$$$Lambda+0x0000020282291408
instanceKlass coursier/core/ModuleName$
instanceKlass  @bci coursier/core/Organization$ <clinit> ()V 22 <appendix> argL0 ; # coursier/core/Organization$$$Lambda+0x0000020282290e38
instanceKlass scala/math/Ordering$String$
instanceKlass scala/math/Ordering$StringOrdering
instanceKlass coursier/core/Organization$
instanceKlass coursier/package$
instanceKlass  @bci org/scalafmt/dynamic/CoursierDependencyDownloader$ <clinit> ()V 22 <appendix> argL0 ; # org/scalafmt/dynamic/CoursierDependencyDownloader$$$Lambda+0x0000020282290000
instanceKlass coursier/maven/MavenRepository
instanceKlass coursier/core/Repository$VersionApi
instanceKlass coursier/maven/MavenRepositoryLike$WithModuleSupport
instanceKlass coursier/core/ArtifactSource$ModuleBased
instanceKlass coursier/maven/MavenRepositoryLike
instanceKlass coursier/core/Repository
instanceKlass coursier/core/ArtifactSource
instanceKlass org/scalafmt/dynamic/DependencyDownloader
instanceKlass org/scalafmt/dynamic/CoursierDependencyDownloader$
instanceKlass org/scalafmt/dynamic/ScalafmtModuleLoader$WithDownloader
instanceKlass org/scalafmt/dynamic/DependencyDownloaderFactory
instanceKlass org/scalafmt/dynamic/ScalafmtDynamic$
instanceKlass org/scalafmt/dynamic/ScalafmtModuleLoader$CachedProxy
instanceKlass org/scalafmt/dynamic/ConsoleScalafmtReporter
instanceKlass org/scalafmt/dynamic/ScalafmtProperties
instanceKlass org/scalafmt/dynamic/ScalafmtConfigLoader
instanceKlass org/scalafmt/dynamic/ScalafmtModuleLoader
instanceKlass org/scalafmt/dynamic/ScalafmtDynamic
instanceKlass org/scalafmt/interfaces/ScalafmtSessionFactory
instanceKlass org/scalafmt/interfaces/RepositoryCredential$ScalafmtExtension
instanceKlass sun/net/www/MessageHeader
instanceKlass sun/net/www/protocol/jar/JarFileFactory
instanceKlass sun/net/www/protocol/jar/URLJarFile$URLJarFileCloseController
instanceKlass java/net/URLConnection
instanceKlass org/scalafmt/interfaces/Scalafmt
instanceKlass scala/meta/internal/metals/FormattingProvider$
instanceKlass  @bci scala/meta/internal/metals/MetalsLspService <init> (Lscala/concurrent/ExecutionContextExecutorService;Ljava/util/concurrent/ScheduledExecutorService;Lscala/meta/internal/metals/MetalsServerInputs;Lscala/meta/internal/metals/clients/language/ConfiguredLanguageClient;Lorg/eclipse/lsp4j/InitializeParams;Lscala/meta/internal/metals/ClientConfiguration;Lscala/meta/internal/metals/StatusBar;Lscala/Function0;Lscala/meta/internal/metals/TimerProvider;Lscala/meta/io/AbsolutePath;Lscala/Option;Lscala/meta/internal/metals/doctor/HeadDoctor;Lscala/meta/internal/metals/BspStatus;Lscala/meta/internal/metals/WorkDoneProgress;ILscala/meta/internal/metals/ModuleStatus;)V 1253 <appendix> member <vmtarget> ; # scala/meta/internal/metals/MetalsLspService$$Lambda+0x000002028228c118
instanceKlass org/scalafmt/interfaces/ScalafmtReporter
instanceKlass scala/meta/internal/metals/ScalafmtDialect
instanceKlass scala/meta/internal/metals/FormattingProvider
instanceKlass  @bci scala/meta/internal/metals/MetalsLspService <init> (Lscala/concurrent/ExecutionContextExecutorService;Ljava/util/concurrent/ScheduledExecutorService;Lscala/meta/internal/metals/MetalsServerInputs;Lscala/meta/internal/metals/clients/language/ConfiguredLanguageClient;Lorg/eclipse/lsp4j/InitializeParams;Lscala/meta/internal/metals/ClientConfiguration;Lscala/meta/internal/metals/StatusBar;Lscala/Function0;Lscala/meta/internal/metals/TimerProvider;Lscala/meta/io/AbsolutePath;Lscala/Option;Lscala/meta/internal/metals/doctor/HeadDoctor;Lscala/meta/internal/metals/BspStatus;Lscala/meta/internal/metals/WorkDoneProgress;ILscala/meta/internal/metals/ModuleStatus;)V 1222 <appendix> member <vmtarget> ; # scala/meta/internal/metals/MetalsLspService$$Lambda+0x000002028228a938
instanceKlass scala/meta/internal/metals/CodeLensProvider
instanceKlass scala/meta/internal/metals/codelenses/WorksheetCodeLens
instanceKlass  @bci scala/meta/internal/metals/MetalsLspService <init> (Lscala/concurrent/ExecutionContextExecutorService;Ljava/util/concurrent/ScheduledExecutorService;Lscala/meta/internal/metals/MetalsServerInputs;Lscala/meta/internal/metals/clients/language/ConfiguredLanguageClient;Lorg/eclipse/lsp4j/InitializeParams;Lscala/meta/internal/metals/ClientConfiguration;Lscala/meta/internal/metals/StatusBar;Lscala/Function0;Lscala/meta/internal/metals/TimerProvider;Lscala/meta/io/AbsolutePath;Lscala/Option;Lscala/meta/internal/metals/doctor/HeadDoctor;Lscala/meta/internal/metals/BspStatus;Lscala/meta/internal/metals/WorkDoneProgress;ILscala/meta/internal/metals/ModuleStatus;)V 1141 <appendix> member <vmtarget> ; # scala/meta/internal/metals/MetalsLspService$$Lambda+0x000002028228a210
instanceKlass scala/meta/internal/metals/codelenses/SuperMethodCodeLens
instanceKlass  @bci scala/meta/internal/metals/MetalsLspService <init> (Lscala/concurrent/ExecutionContextExecutorService;Ljava/util/concurrent/ScheduledExecutorService;Lscala/meta/internal/metals/MetalsServerInputs;Lscala/meta/internal/metals/clients/language/ConfiguredLanguageClient;Lorg/eclipse/lsp4j/InitializeParams;Lscala/meta/internal/metals/ClientConfiguration;Lscala/meta/internal/metals/StatusBar;Lscala/Function0;Lscala/meta/internal/metals/TimerProvider;Lscala/meta/io/AbsolutePath;Lscala/Option;Lscala/meta/internal/metals/doctor/HeadDoctor;Lscala/meta/internal/metals/BspStatus;Lscala/meta/internal/metals/WorkDoneProgress;ILscala/meta/internal/metals/ModuleStatus;)V 1112 <appendix> member <vmtarget> ; # scala/meta/internal/metals/MetalsLspService$$Lambda+0x0000020282289d18
instanceKlass scala/meta/internal/metals/BaseCommand
instanceKlass scala/meta/internal/metals/codelenses/RunTestCodeLens
instanceKlass  @bci scala/meta/internal/metals/testProvider/TestSuitesProvider <init> (Lscala/meta/internal/metals/BuildTargets;Lscala/meta/internal/metals/debug/BuildTargetClasses;Lscala/meta/internal/parsing/Trees;Lscala/meta/internal/mtags/GlobalSymbolIndex;Lscala/Function0;Lscala/meta/internal/metals/Buffers;Lscala/meta/internal/metals/ClientConfiguration;Lscala/Function0;Lscala/meta/internal/metals/clients/language/MetalsLanguageClient;Ljava/lang/String;Lscala/meta/io/AbsolutePath;Lscala/concurrent/ExecutionContext;)V 203 <appendix> member <vmtarget> ; # scala/meta/internal/metals/testProvider/TestSuitesProvider$$Lambda+0x0000020282289510
instanceKlass  @bci scala/meta/internal/metals/testProvider/TestSuitesProvider <init> (Lscala/meta/internal/metals/BuildTargets;Lscala/meta/internal/metals/debug/BuildTargetClasses;Lscala/meta/internal/parsing/Trees;Lscala/meta/internal/mtags/GlobalSymbolIndex;Lscala/Function0;Lscala/meta/internal/metals/Buffers;Lscala/meta/internal/metals/ClientConfiguration;Lscala/Function0;Lscala/meta/internal/metals/clients/language/MetalsLanguageClient;Ljava/lang/String;Lscala/meta/io/AbsolutePath;Lscala/concurrent/ExecutionContext;)V 170 <appendix> member <vmtarget> ; # scala/meta/internal/metals/testProvider/TestSuitesProvider$$Lambda+0x0000020282289140
instanceKlass scala/meta/internal/metals/testProvider/frameworks/ZioTestFinder
instanceKlass scala/meta/internal/metals/testProvider/frameworks/WeaverCatsEffectTestFinder$
instanceKlass scala/meta/internal/metals/testProvider/frameworks/ScalatestTestFinder
instanceKlass scala/meta/internal/metals/testProvider/frameworks/MunitTestFinder$
instanceKlass scala/meta/internal/metals/testProvider/frameworks/MunitTestFinder
instanceKlass scala/meta/internal/metals/testProvider/frameworks/TestNGTestFinder
instanceKlass scala/meta/internal/metals/testProvider/frameworks/JunitTestFinder
instanceKlass scala/meta/internal/metals/testProvider/frameworks/AnnotationTestFinder
instanceKlass scala/meta/internal/metals/testProvider/TestSuitesIndex
instanceKlass  @bci scala/meta/internal/metals/MetalsLspService getVisibleName ()Ljava/lang/String; 5 <appendix> member <vmtarget> ; # scala/meta/internal/metals/MetalsLspService$$Lambda+0x0000020282287918
instanceKlass  @bci scala/meta/internal/metals/MetalsLspService <init> (Lscala/concurrent/ExecutionContextExecutorService;Ljava/util/concurrent/ScheduledExecutorService;Lscala/meta/internal/metals/MetalsServerInputs;Lscala/meta/internal/metals/clients/language/ConfiguredLanguageClient;Lorg/eclipse/lsp4j/InitializeParams;Lscala/meta/internal/metals/ClientConfiguration;Lscala/meta/internal/metals/StatusBar;Lscala/Function0;Lscala/meta/internal/metals/TimerProvider;Lscala/meta/io/AbsolutePath;Lscala/Option;Lscala/meta/internal/metals/doctor/HeadDoctor;Lscala/meta/internal/metals/BspStatus;Lscala/meta/internal/metals/WorkDoneProgress;ILscala/meta/internal/metals/ModuleStatus;)V 1065 <appendix> member <vmtarget> ; # scala/meta/internal/metals/MetalsLspService$$Lambda+0x0000020282287658
instanceKlass  @bci scala/meta/internal/metals/MetalsLspService <init> (Lscala/concurrent/ExecutionContextExecutorService;Ljava/util/concurrent/ScheduledExecutorService;Lscala/meta/internal/metals/MetalsServerInputs;Lscala/meta/internal/metals/clients/language/ConfiguredLanguageClient;Lorg/eclipse/lsp4j/InitializeParams;Lscala/meta/internal/metals/ClientConfiguration;Lscala/meta/internal/metals/StatusBar;Lscala/Function0;Lscala/meta/internal/metals/TimerProvider;Lscala/meta/io/AbsolutePath;Lscala/Option;Lscala/meta/internal/metals/doctor/HeadDoctor;Lscala/meta/internal/metals/BspStatus;Lscala/meta/internal/metals/WorkDoneProgress;ILscala/meta/internal/metals/ModuleStatus;)V 1053 <appendix> member <vmtarget> ; # scala/meta/internal/metals/MetalsLspService$$Lambda+0x0000020282287398
instanceKlass scala/meta/internal/metals/testProvider/TestExplorerEvent
instanceKlass scala/meta/internal/metals/testProvider/TestSuitesProvider
instanceKlass scala/meta/internal/metals/codelenses/CodeLens
instanceKlass scala/meta/internal/metals/StacktraceAnalyzer
instanceKlass scala/meta/Term
instanceKlass scala/meta/Stat
instanceKlass scala/meta/internal/metals/ScaladocDefinitionProvider
instanceKlass  @bci scala/meta/internal/metals/DefinitionProvider <init> (Lscala/meta/io/AbsolutePath;Lscala/meta/internal/mtags/Mtags;Lscala/meta/internal/metals/Buffers;Lscala/meta/internal/mtags/GlobalSymbolIndex;Lscala/Function0;Lscala/Function0;Lscala/meta/internal/parsing/Trees;Lscala/meta/internal/metals/BuildTargets;Lscala/meta/internal/metals/ScalaVersionSelector;ZLscala/meta/internal/metals/SourceMapper;Lscala/concurrent/ExecutionContext;Lscala/meta/internal/metals/ReportContext;)V 65 <appendix> member <vmtarget> ; # scala/meta/internal/metals/DefinitionProvider$$Lambda+0x0000020282285f58
instanceKlass scala/meta/internal/metals/DestinationProvider
instanceKlass scala/meta/internal/metals/FallbackDefinitionProvider
instanceKlass  @bci scala/meta/internal/metals/MetalsLspService <init> (Lscala/concurrent/ExecutionContextExecutorService;Ljava/util/concurrent/ScheduledExecutorService;Lscala/meta/internal/metals/MetalsServerInputs;Lscala/meta/internal/metals/clients/language/ConfiguredLanguageClient;Lorg/eclipse/lsp4j/InitializeParams;Lscala/meta/internal/metals/ClientConfiguration;Lscala/meta/internal/metals/StatusBar;Lscala/Function0;Lscala/meta/internal/metals/TimerProvider;Lscala/meta/io/AbsolutePath;Lscala/Option;Lscala/meta/internal/metals/doctor/HeadDoctor;Lscala/meta/internal/metals/BspStatus;Lscala/meta/internal/metals/WorkDoneProgress;ILscala/meta/internal/metals/ModuleStatus;)V 952 <appendix> member <vmtarget> ; # scala/meta/internal/metals/MetalsLspService$$Lambda+0x0000020282285848
instanceKlass  @bci scala/meta/internal/metals/MetalsLspService <init> (Lscala/concurrent/ExecutionContextExecutorService;Ljava/util/concurrent/ScheduledExecutorService;Lscala/meta/internal/metals/MetalsServerInputs;Lscala/meta/internal/metals/clients/language/ConfiguredLanguageClient;Lorg/eclipse/lsp4j/InitializeParams;Lscala/meta/internal/metals/ClientConfiguration;Lscala/meta/internal/metals/StatusBar;Lscala/Function0;Lscala/meta/internal/metals/TimerProvider;Lscala/meta/io/AbsolutePath;Lscala/Option;Lscala/meta/internal/metals/doctor/HeadDoctor;Lscala/meta/internal/metals/BspStatus;Lscala/meta/internal/metals/WorkDoneProgress;ILscala/meta/internal/metals/ModuleStatus;)V 946 <appendix> member <vmtarget> ; # scala/meta/internal/metals/MetalsLspService$$Lambda+0x0000020282285588
instanceKlass scala/meta/internal/metals/DefinitionProvider
instanceKlass scala/reflect/ClassTag$GenericClassTag
instanceKlass scala/meta/internal/metals/CompressedPackageIndex
instanceKlass scala/meta/internal/metals/ClasspathSearch$
instanceKlass scala/meta/pc/SymbolSearchVisitor
instanceKlass scala/meta/internal/metals/WorkspaceSymbolProvider
instanceKlass scala/meta/internal/metals/CompressedPackageIndex$
instanceKlass scala/meta/internal/metals/WorkspaceSymbolProvider$
instanceKlass  @bci scala/meta/internal/metals/MetalsLspService <init> (Lscala/concurrent/ExecutionContextExecutorService;Ljava/util/concurrent/ScheduledExecutorService;Lscala/meta/internal/metals/MetalsServerInputs;Lscala/meta/internal/metals/clients/language/ConfiguredLanguageClient;Lorg/eclipse/lsp4j/InitializeParams;Lscala/meta/internal/metals/ClientConfiguration;Lscala/meta/internal/metals/StatusBar;Lscala/Function0;Lscala/meta/internal/metals/TimerProvider;Lscala/meta/io/AbsolutePath;Lscala/Option;Lscala/meta/internal/metals/doctor/HeadDoctor;Lscala/meta/internal/metals/BspStatus;Lscala/meta/internal/metals/WorkDoneProgress;ILscala/meta/internal/metals/ModuleStatus;)V 877 <appendix> member <vmtarget> ; # scala/meta/internal/metals/MetalsLspService$$Lambda+0x0000020282283b90
instanceKlass  @bci scala/meta/internal/metals/ClientConfiguration isVirtualDocumentSupported ()Z 7 <appendix> argL0 ; # scala/meta/internal/metals/ClientConfiguration$$Lambda+0x00000202822838b8
instanceKlass  @bci scala/meta/internal/metals/MetalsLspService <init> (Lscala/concurrent/ExecutionContextExecutorService;Ljava/util/concurrent/ScheduledExecutorService;Lscala/meta/internal/metals/MetalsServerInputs;Lscala/meta/internal/metals/clients/language/ConfiguredLanguageClient;Lorg/eclipse/lsp4j/InitializeParams;Lscala/meta/internal/metals/ClientConfiguration;Lscala/meta/internal/metals/StatusBar;Lscala/Function0;Lscala/meta/internal/metals/TimerProvider;Lscala/meta/io/AbsolutePath;Lscala/Option;Lscala/meta/internal/metals/doctor/HeadDoctor;Lscala/meta/internal/metals/BspStatus;Lscala/meta/internal/metals/WorkDoneProgress;ILscala/meta/internal/metals/ModuleStatus;)V 821 <appendix> member <vmtarget> ; # scala/meta/internal/metals/MetalsLspService$$Lambda+0x00000202822835f8
instanceKlass scala/meta/internal/builds/BspErrorHandler
instanceKlass  @bci scala/meta/internal/bsp/BspStatusState <init> (Lscala/meta/internal/bsp/BspServerState;Lscala/Option;Lscala/Option;Z)V 31 <appendix> argL0 ; # scala/meta/internal/bsp/BspStatusState$$Lambda+0x0000020282283118
instanceKlass scala/meta/internal/bsp/Disconnected$
instanceKlass scala/meta/internal/bsp/BspStatusState
instanceKlass scala/meta/internal/bsp/BspServerState
instanceKlass scala/meta/internal/bsp/ConnectionBspStatus
instanceKlass scala/meta/internal/metals/Diagnostics
instanceKlass  @bci scala/meta/internal/metals/MetalsEnrichments$XtensionClientCapabilities foldOnlyLines ()Z 21 <appendix> argL0 ; # scala/meta/internal/metals/MetalsEnrichments$XtensionClientCapabilities$$Lambda+0x0000020282282270
instanceKlass  @bci scala/meta/internal/metals/MetalsEnrichments$XtensionClientCapabilities $anonfun$foldOnlyLines$3 (Lorg/eclipse/lsp4j/FoldingRangeCapabilities;)Lscala/Option; 10 <appendix> argL0 ; # scala/meta/internal/metals/MetalsEnrichments$XtensionClientCapabilities$$Lambda+0x0000020282281ea8
instanceKlass  @bci scala/meta/internal/metals/MetalsEnrichments$XtensionClientCapabilities $anonfun$foldOnlyLines$2 (Lorg/eclipse/lsp4j/TextDocumentClientCapabilities;)Lscala/Option; 10 <appendix> argL0 ; # scala/meta/internal/metals/MetalsEnrichments$XtensionClientCapabilities$$Lambda+0x0000020282281ae0
instanceKlass  @bci scala/meta/internal/metals/MetalsEnrichments$XtensionClientCapabilities $anonfun$foldOnlyLines$1 (Lorg/eclipse/lsp4j/ClientCapabilities;)Lscala/Option; 10 <appendix> argL0 ; # scala/meta/internal/metals/MetalsEnrichments$XtensionClientCapabilities$$Lambda+0x0000020282281718
instanceKlass  @bci scala/meta/internal/metals/MetalsEnrichments$XtensionClientCapabilities foldOnlyLines ()Z 13 <appendix> argL0 ; # scala/meta/internal/metals/MetalsEnrichments$XtensionClientCapabilities$$Lambda+0x0000020282281350
instanceKlass scala/meta/internal/parsing/FoldingRangeProvider
instanceKlass scala/meta/internal/metals/formatting/IndentOnPaste
instanceKlass scala/meta/internal/metals/formatting/ScalaCliDependencyRangeFormatter$
instanceKlass  @bci scala/meta/internal/metals/MetalsLspService <init> (Lscala/concurrent/ExecutionContextExecutorService;Ljava/util/concurrent/ScheduledExecutorService;Lscala/meta/internal/metals/MetalsServerInputs;Lscala/meta/internal/metals/clients/language/ConfiguredLanguageClient;Lorg/eclipse/lsp4j/InitializeParams;Lscala/meta/internal/metals/ClientConfiguration;Lscala/meta/internal/metals/StatusBar;Lscala/Function0;Lscala/meta/internal/metals/TimerProvider;Lscala/meta/io/AbsolutePath;Lscala/Option;Lscala/meta/internal/metals/doctor/HeadDoctor;Lscala/meta/internal/metals/BspStatus;Lscala/meta/internal/metals/WorkDoneProgress;ILscala/meta/internal/metals/ModuleStatus;)V 687 <appendix> member <vmtarget> ; # scala/meta/internal/metals/MetalsLspService$$Lambda+0x0000020282280960
instanceKlass scala/meta/internal/metals/formatting/RangeFormattingProvider
instanceKlass scala/meta/internal/metals/formatting/FormatterParams
instanceKlass scala/meta/internal/metals/formatting/OnTypeFormatter
instanceKlass scala/meta/internal/metals/formatting/RangeFormatter
instanceKlass  @bci scala/meta/internal/metals/MetalsLspService <init> (Lscala/concurrent/ExecutionContextExecutorService;Ljava/util/concurrent/ScheduledExecutorService;Lscala/meta/internal/metals/MetalsServerInputs;Lscala/meta/internal/metals/clients/language/ConfiguredLanguageClient;Lorg/eclipse/lsp4j/InitializeParams;Lscala/meta/internal/metals/ClientConfiguration;Lscala/meta/internal/metals/StatusBar;Lscala/Function0;Lscala/meta/internal/metals/TimerProvider;Lscala/meta/io/AbsolutePath;Lscala/Option;Lscala/meta/internal/metals/doctor/HeadDoctor;Lscala/meta/internal/metals/BspStatus;Lscala/meta/internal/metals/WorkDoneProgress;ILscala/meta/internal/metals/ModuleStatus;)V 662 <appendix> member <vmtarget> ; # scala/meta/internal/metals/MetalsLspService$$Lambda+0x000002028226d8c0
instanceKlass scala/meta/internal/metals/formatting/OnTypeFormattingProvider
instanceKlass  @bci scala/meta/internal/metals/MetalsEnrichments$XtensionClientCapabilities supportsHierarchicalDocumentSymbols ()Z 21 <appendix> argL0 ; # scala/meta/internal/metals/MetalsEnrichments$XtensionClientCapabilities$$Lambda+0x000002028226d3c8
instanceKlass  @bci scala/meta/internal/metals/MetalsEnrichments$XtensionClientCapabilities $anonfun$supportsHierarchicalDocumentSymbols$3 (Lorg/eclipse/lsp4j/DocumentSymbolCapabilities;)Lscala/Option; 10 <appendix> argL0 ; # scala/meta/internal/metals/MetalsEnrichments$XtensionClientCapabilities$$Lambda+0x000002028226d000
instanceKlass  @bci scala/meta/internal/metals/MetalsEnrichments$XtensionClientCapabilities $anonfun$supportsHierarchicalDocumentSymbols$2 (Lorg/eclipse/lsp4j/TextDocumentClientCapabilities;)Lscala/Option; 10 <appendix> argL0 ; # scala/meta/internal/metals/MetalsEnrichments$XtensionClientCapabilities$$Lambda+0x000002028227fc00
instanceKlass  @bci scala/meta/internal/metals/MetalsEnrichments$XtensionClientCapabilities $anonfun$supportsHierarchicalDocumentSymbols$1 (Lorg/eclipse/lsp4j/ClientCapabilities;)Lscala/Option; 10 <appendix> argL0 ; # scala/meta/internal/metals/MetalsEnrichments$XtensionClientCapabilities$$Lambda+0x000002028227f838
instanceKlass  @bci scala/meta/internal/metals/MetalsEnrichments$XtensionClientCapabilities supportsHierarchicalDocumentSymbols ()Z 13 <appendix> argL0 ; # scala/meta/internal/metals/MetalsEnrichments$XtensionClientCapabilities$$Lambda+0x000002028227f470
instanceKlass scala/meta/internal/metals/MetalsEnrichments$XtensionClientCapabilities
instanceKlass scala/meta/internal/parsing/DocumentSymbolProvider
instanceKlass scala/meta/parsers/Parsed
instanceKlass scala/meta/inputs/Position
instanceKlass scala/meta/inputs/InputRange
instanceKlass scala/meta/Tree
instanceKlass scala/meta/internal/trees/Metadata$Ast
instanceKlass org/scalameta/adt/Metadata$Adt
instanceKlass scala/meta/internal/trees/InternalTree
instanceKlass scala/meta/internal/parsing/Trees
instanceKlass  @bci scala/meta/internal/metals/MetalsLspService <init> (Lscala/concurrent/ExecutionContextExecutorService;Ljava/util/concurrent/ScheduledExecutorService;Lscala/meta/internal/metals/MetalsServerInputs;Lscala/meta/internal/metals/clients/language/ConfiguredLanguageClient;Lorg/eclipse/lsp4j/InitializeParams;Lscala/meta/internal/metals/ClientConfiguration;Lscala/meta/internal/metals/StatusBar;Lscala/Function0;Lscala/meta/internal/metals/TimerProvider;Lscala/meta/io/AbsolutePath;Lscala/Option;Lscala/meta/internal/metals/doctor/HeadDoctor;Lscala/meta/internal/metals/BspStatus;Lscala/meta/internal/metals/WorkDoneProgress;ILscala/meta/internal/metals/ModuleStatus;)V 569 <appendix> member <vmtarget> ; # scala/meta/internal/metals/MetalsLspService$$Lambda+0x000002028227d6b0
instanceKlass  @bci scala/meta/internal/metals/Compilations <init> (Lscala/meta/internal/metals/BuildTargets;Lscala/meta/internal/metals/debug/BuildTargetClasses;Lscala/meta/internal/metals/clients/language/MetalsLanguageClient;Lscala/Function0;Lscala/Function0;Lscala/Function0;Lscala/Function1;Lscala/Function0;Lscala/Function0;Lscala/meta/internal/metals/PreviouslyCompiledDownsteamTargets;Lscala/meta/internal/metals/FileChanges;ZLscala/concurrent/ExecutionContext;)V 189 <appendix> member <vmtarget> ; # scala/meta/internal/metals/Compilations$$Lambda+0x000002028227d2e0
instanceKlass  @bci scala/meta/internal/metals/Compilations <init> (Lscala/meta/internal/metals/BuildTargets;Lscala/meta/internal/metals/debug/BuildTargetClasses;Lscala/meta/internal/metals/clients/language/MetalsLanguageClient;Lscala/Function0;Lscala/Function0;Lscala/Function0;Lscala/Function1;Lscala/Function0;Lscala/Function0;Lscala/meta/internal/metals/PreviouslyCompiledDownsteamTargets;Lscala/meta/internal/metals/FileChanges;ZLscala/concurrent/ExecutionContext;)V 135 <appendix> member <vmtarget> ; # scala/meta/internal/metals/Compilations$$Lambda+0x000002028227cf10
instanceKlass scala/meta/internal/metals/utils/Timeout
instanceKlass scala/meta/internal/metals/utils/Timeout$
instanceKlass  @bci scala/meta/internal/metals/MetalsLspService <init> (Lscala/concurrent/ExecutionContextExecutorService;Ljava/util/concurrent/ScheduledExecutorService;Lscala/meta/internal/metals/MetalsServerInputs;Lscala/meta/internal/metals/clients/language/ConfiguredLanguageClient;Lorg/eclipse/lsp4j/InitializeParams;Lscala/meta/internal/metals/ClientConfiguration;Lscala/meta/internal/metals/StatusBar;Lscala/Function0;Lscala/meta/internal/metals/TimerProvider;Lscala/meta/io/AbsolutePath;Lscala/Option;Lscala/meta/internal/metals/doctor/HeadDoctor;Lscala/meta/internal/metals/BspStatus;Lscala/meta/internal/metals/WorkDoneProgress;ILscala/meta/internal/metals/ModuleStatus;)V 522 <appendix> member <vmtarget> ; # scala/meta/internal/metals/MetalsLspService$$Lambda+0x000002028227c760
instanceKlass  @bci scala/meta/internal/metals/MetalsLspService <init> (Lscala/concurrent/ExecutionContextExecutorService;Ljava/util/concurrent/ScheduledExecutorService;Lscala/meta/internal/metals/MetalsServerInputs;Lscala/meta/internal/metals/clients/language/ConfiguredLanguageClient;Lorg/eclipse/lsp4j/InitializeParams;Lscala/meta/internal/metals/ClientConfiguration;Lscala/meta/internal/metals/StatusBar;Lscala/Function0;Lscala/meta/internal/metals/TimerProvider;Lscala/meta/io/AbsolutePath;Lscala/Option;Lscala/meta/internal/metals/doctor/HeadDoctor;Lscala/meta/internal/metals/BspStatus;Lscala/meta/internal/metals/WorkDoneProgress;ILscala/meta/internal/metals/ModuleStatus;)V 512 <appendix> member <vmtarget> ; # scala/meta/internal/metals/MetalsLspService$$Lambda+0x000002028227c390
instanceKlass  @bci scala/meta/internal/metals/MetalsLspService <init> (Lscala/concurrent/ExecutionContextExecutorService;Ljava/util/concurrent/ScheduledExecutorService;Lscala/meta/internal/metals/MetalsServerInputs;Lscala/meta/internal/metals/clients/language/ConfiguredLanguageClient;Lorg/eclipse/lsp4j/InitializeParams;Lscala/meta/internal/metals/ClientConfiguration;Lscala/meta/internal/metals/StatusBar;Lscala/Function0;Lscala/meta/internal/metals/TimerProvider;Lscala/meta/io/AbsolutePath;Lscala/Option;Lscala/meta/internal/metals/doctor/HeadDoctor;Lscala/meta/internal/metals/BspStatus;Lscala/meta/internal/metals/WorkDoneProgress;ILscala/meta/internal/metals/ModuleStatus;)V 506 <appendix> member <vmtarget> ; # scala/meta/internal/metals/MetalsLspService$$Lambda+0x000002028227c0d0
instanceKlass  @bci scala/meta/internal/metals/MetalsLspService <init> (Lscala/concurrent/ExecutionContextExecutorService;Ljava/util/concurrent/ScheduledExecutorService;Lscala/meta/internal/metals/MetalsServerInputs;Lscala/meta/internal/metals/clients/language/ConfiguredLanguageClient;Lorg/eclipse/lsp4j/InitializeParams;Lscala/meta/internal/metals/ClientConfiguration;Lscala/meta/internal/metals/StatusBar;Lscala/Function0;Lscala/meta/internal/metals/TimerProvider;Lscala/meta/io/AbsolutePath;Lscala/Option;Lscala/meta/internal/metals/doctor/HeadDoctor;Lscala/meta/internal/metals/BspStatus;Lscala/meta/internal/metals/WorkDoneProgress;ILscala/meta/internal/metals/ModuleStatus;)V 500 <appendix> member <vmtarget> ; # scala/meta/internal/metals/MetalsLspService$$Lambda+0x000002028227bdf0
instanceKlass  @bci scala/meta/internal/metals/MetalsLspService <init> (Lscala/concurrent/ExecutionContextExecutorService;Ljava/util/concurrent/ScheduledExecutorService;Lscala/meta/internal/metals/MetalsServerInputs;Lscala/meta/internal/metals/clients/language/ConfiguredLanguageClient;Lorg/eclipse/lsp4j/InitializeParams;Lscala/meta/internal/metals/ClientConfiguration;Lscala/meta/internal/metals/StatusBar;Lscala/Function0;Lscala/meta/internal/metals/TimerProvider;Lscala/meta/io/AbsolutePath;Lscala/Option;Lscala/meta/internal/metals/doctor/HeadDoctor;Lscala/meta/internal/metals/BspStatus;Lscala/meta/internal/metals/WorkDoneProgress;ILscala/meta/internal/metals/ModuleStatus;)V 494 <appendix> member <vmtarget> ; # scala/meta/internal/metals/MetalsLspService$$Lambda+0x000002028227bb10
instanceKlass scala/meta/internal/metals/Compilations
instanceKlass scala/meta/internal/metals/SourceMapper
instanceKlass scala/meta/internal/metals/PreviouslyCompiledDownsteamTargets
instanceKlass  @bci scala/meta/internal/metals/MetalsLspService <init> (Lscala/concurrent/ExecutionContextExecutorService;Ljava/util/concurrent/ScheduledExecutorService;Lscala/meta/internal/metals/MetalsServerInputs;Lscala/meta/internal/metals/clients/language/ConfiguredLanguageClient;Lorg/eclipse/lsp4j/InitializeParams;Lscala/meta/internal/metals/ClientConfiguration;Lscala/meta/internal/metals/StatusBar;Lscala/Function0;Lscala/meta/internal/metals/TimerProvider;Lscala/meta/io/AbsolutePath;Lscala/Option;Lscala/meta/internal/metals/doctor/HeadDoctor;Lscala/meta/internal/metals/BspStatus;Lscala/meta/internal/metals/WorkDoneProgress;ILscala/meta/internal/metals/ModuleStatus;)V 433 <appendix> member <vmtarget> ; # scala/meta/internal/metals/MetalsLspService$$Lambda+0x000002028227b1a0
instanceKlass scala/meta/internal/metals/ScalaVersionSelector
instanceKlass scala/meta/internal/metals/Cancelable$$anon$1
instanceKlass  @bci scala/meta/internal/metals/Cancelable$ <clinit> ()V 13 <appendix> argL0 ; # scala/meta/internal/metals/Cancelable$$$Lambda+0x000002028227aa68
instanceKlass scala/meta/internal/metals/Cancelable$
instanceKlass  @bci scala/Function1 andThen (Lscala/Function1;)Lscala/Function1; 2 <appendix> member <vmtarget> ; # scala/Function1$$Lambda+0x000002028227a490
instanceKlass  @bci scala/meta/internal/metals/BatchedFunction$ fromFuture (Lscala/Function1;Ljava/lang/String;ZLscala/Option;Lscala/concurrent/ExecutionContext;)Lscala/meta/internal/metals/BatchedFunction; 5 <appendix> argL0 ; # scala/meta/internal/metals/BatchedFunction$$$Lambda+0x000002028227a0c8
instanceKlass scala/meta/internal/metals/CancelableFuture
instanceKlass scala/meta/internal/metals/BatchedFunction
instanceKlass scala/meta/internal/metals/BatchedFunction$
instanceKlass  @bci scala/meta/internal/metals/debug/BuildTargetClasses <init> (Lscala/meta/internal/metals/BuildTargets;Lscala/Function0;Lscala/meta/internal/mtags/OnDemandSymbolIndex;Lscala/concurrent/ExecutionContext;)V 77 <appendix> member <vmtarget> ; # scala/meta/internal/metals/debug/BuildTargetClasses$$Lambda+0x00000202822792b0
instanceKlass scala/meta/internal/metals/debug/SymbolCache
instanceKlass  @bci scala/meta/internal/metals/MetalsLspService <init> (Lscala/concurrent/ExecutionContextExecutorService;Ljava/util/concurrent/ScheduledExecutorService;Lscala/meta/internal/metals/MetalsServerInputs;Lscala/meta/internal/metals/clients/language/ConfiguredLanguageClient;Lorg/eclipse/lsp4j/InitializeParams;Lscala/meta/internal/metals/ClientConfiguration;Lscala/meta/internal/metals/StatusBar;Lscala/Function0;Lscala/meta/internal/metals/TimerProvider;Lscala/meta/io/AbsolutePath;Lscala/Option;Lscala/meta/internal/metals/doctor/HeadDoctor;Lscala/meta/internal/metals/BspStatus;Lscala/meta/internal/metals/WorkDoneProgress;ILscala/meta/internal/metals/ModuleStatus;)V 408 <appendix> member <vmtarget> ; # scala/meta/internal/metals/MetalsLspService$$Lambda+0x00000202822777d8
instanceKlass scala/meta/internal/metals/Compilers
instanceKlass scala/meta/internal/semanticdb/Scala$Descriptor
instanceKlass scala/meta/internal/metals/debug/BuildTargetClasses
instanceKlass scala/meta/internal/metals/SemanticdbFeatureProvider
instanceKlass  @bci scala/meta/internal/metals/MetalsLspService <init> (Lscala/concurrent/ExecutionContextExecutorService;Ljava/util/concurrent/ScheduledExecutorService;Lscala/meta/internal/metals/MetalsServerInputs;Lscala/meta/internal/metals/clients/language/ConfiguredLanguageClient;Lorg/eclipse/lsp4j/InitializeParams;Lscala/meta/internal/metals/ClientConfiguration;Lscala/meta/internal/metals/StatusBar;Lscala/Function0;Lscala/meta/internal/metals/TimerProvider;Lscala/meta/io/AbsolutePath;Lscala/Option;Lscala/meta/internal/metals/doctor/HeadDoctor;Lscala/meta/internal/metals/BspStatus;Lscala/meta/internal/metals/WorkDoneProgress;ILscala/meta/internal/metals/ModuleStatus;)V 383 <appendix> member <vmtarget> ; # scala/meta/internal/metals/MetalsLspService$$Lambda+0x0000020282276800
instanceKlass scala/meta/internal/metals/FileChanges
instanceKlass scala/meta/internal/metals/Docstrings
instanceKlass scala/PartialFunction$AndThen
instanceKlass  @bci scala/meta/internal/mtags/OnDemandSymbolIndex <init> (Lscala/collection/concurrent/TrieMap;Lscala/PartialFunction;Lscala/Function1;Lscala/meta/pc/reports/ReportContext;)V 39 <appendix> argL0 ; # scala/meta/internal/mtags/OnDemandSymbolIndex$$Lambda+0x0000020282275b38
instanceKlass scala/meta/internal/mtags/MtagsIndexer
instanceKlass scala/meta/inputs/Input
instanceKlass scala/meta/internal/inputs/InternalInput
instanceKlass scala/meta/internal/mtags/Mtags
instanceKlass scala/meta/internal/mtags/OnDemandSymbolIndex
instanceKlass  @bci scala/meta/internal/metals/MetalsLspService newSymbolIndex ()Lscala/meta/internal/mtags/OnDemandSymbolIndex; 12 <appendix> member <vmtarget> ; # scala/meta/internal/metals/MetalsLspService$$Lambda+0x0000020282274d00
instanceKlass scala/meta/internal/mtags/OnDemandSymbolIndex$
instanceKlass scala/meta/internal/metals/MutableMd5Fingerprints
instanceKlass  @bci java/util/regex/Pattern negate (Ljava/util/regex/Pattern$CharPredicate;)Ljava/util/regex/Pattern$CharPredicate; 1 <appendix> member <vmtarget> ; # java/util/regex/Pattern$$Lambda+0x800000038
instanceKlass scala/util/matching/UnanchoredRegex
instanceKlass scala/util/matching/Regex
instanceKlass scala/meta/internal/metals/ReportFileName$
instanceKlass scala/meta/internal/metals/utils/LimitedFilesManager
instanceKlass scala/meta/internal/metals/StdReporter
instanceKlass scala/meta/internal/metals/StdReportContext$
instanceKlass scala/meta/internal/metals/ReportLevel$Info$
instanceKlass scala/meta/internal/metals/ReportLevel
instanceKlass scala/meta/internal/metals/ReportLevel$
instanceKlass  @bci scala/meta/internal/metals/MetalsLspService <init> (Lscala/concurrent/ExecutionContextExecutorService;Ljava/util/concurrent/ScheduledExecutorService;Lscala/meta/internal/metals/MetalsServerInputs;Lscala/meta/internal/metals/clients/language/ConfiguredLanguageClient;Lorg/eclipse/lsp4j/InitializeParams;Lscala/meta/internal/metals/ClientConfiguration;Lscala/meta/internal/metals/StatusBar;Lscala/Function0;Lscala/meta/internal/metals/TimerProvider;Lscala/meta/io/AbsolutePath;Lscala/Option;Lscala/meta/internal/metals/doctor/HeadDoctor;Lscala/meta/internal/metals/BspStatus;Lscala/meta/internal/metals/WorkDoneProgress;ILscala/meta/internal/metals/ModuleStatus;)V 231 <appendix> member <vmtarget> ; # scala/meta/internal/metals/MetalsLspService$$Lambda+0x0000020282272968
instanceKlass scala/meta/internal/metals/StdReportContext
instanceKlass  @bci scala/meta/internal/metals/BuildTargets <init> (Lscala/meta/io/AbsolutePath;Lscala/Option;)V 76 <appendix> member <vmtarget> ; # scala/meta/internal/metals/BuildTargets$$Lambda+0x0000020282272280
instanceKlass ch/epfl/scala/bsp4j/BuildTargetIdentifier
instanceKlass scala/meta/internal/metals/BuildTargets$DataSeq
instanceKlass scala/meta/internal/metals/BuildTargets
instanceKlass scala/meta/internal/metals/BuildTargets$
instanceKlass scala/collection/mutable/HashMap$Node
instanceKlass scala/collection/mutable/HashMap$
instanceKlass scala/meta/internal/metals/ConcurrentHashSet$
instanceKlass scala/meta/internal/metals/TargetData
instanceKlass  @bci scala/meta/internal/metals/Tables <init> (Lscala/meta/io/AbsolutePath;Lscala/meta/internal/metals/Time;)V 151 <appendix> member <vmtarget> ; # scala/meta/internal/metals/Tables$$Lambda+0x000002028226f0f8
instanceKlass scala/meta/internal/metals/Fingerprints
instanceKlass  @bci scala/meta/internal/metals/Tables <init> (Lscala/meta/io/AbsolutePath;Lscala/meta/internal/metals/Time;)V 134 <appendix> member <vmtarget> ; # scala/meta/internal/metals/Tables$$Lambda+0x000002028226ec28
instanceKlass scala/meta/internal/metals/ChosenBuildTool
instanceKlass  @bci scala/meta/internal/metals/Tables <init> (Lscala/meta/io/AbsolutePath;Lscala/meta/internal/metals/Time;)V 116 <appendix> member <vmtarget> ; # scala/meta/internal/metals/Tables$$Lambda+0x000002028226e740
instanceKlass scala/meta/internal/metals/ChosenBuildServers
instanceKlass scala/meta/internal/metals/DismissedNotifications$Notification
instanceKlass  @bci scala/meta/internal/metals/Tables <init> (Lscala/meta/io/AbsolutePath;Lscala/meta/internal/metals/Time;)V 98 <appendix> member <vmtarget> ; # scala/meta/internal/metals/Tables$$Lambda+0x000002028226e000
instanceKlass scala/meta/internal/metals/DismissedNotifications
instanceKlass  @bci scala/meta/internal/metals/Tables <init> (Lscala/meta/io/AbsolutePath;Lscala/meta/internal/metals/Time;)V 81 <appendix> member <vmtarget> ; # scala/meta/internal/metals/Tables$$Lambda+0x000002028226ba28
instanceKlass scala/meta/internal/metals/WorksheetDependencySources
instanceKlass  @bci scala/meta/internal/metals/Tables <init> (Lscala/meta/io/AbsolutePath;Lscala/meta/internal/metals/Time;)V 64 <appendix> member <vmtarget> ; # scala/meta/internal/metals/Tables$$Lambda+0x000002028226b558
instanceKlass scala/meta/internal/metals/DependencySources
instanceKlass  @bci scala/meta/internal/metals/Tables <init> (Lscala/meta/io/AbsolutePath;Lscala/meta/internal/metals/Time;)V 46 <appendix> member <vmtarget> ; # scala/meta/internal/metals/Tables$$Lambda+0x000002028226b088
instanceKlass scala/meta/internal/builds/Digests
instanceKlass  @bci scala/meta/internal/metals/Tables <init> (Lscala/meta/io/AbsolutePath;Lscala/meta/internal/metals/Time;)V 29 <appendix> member <vmtarget> ; # scala/meta/internal/metals/Tables$$Lambda+0x000002028226abb8
instanceKlass java/sql/Connection
instanceKlass java/sql/Wrapper
instanceKlass org/h2/jdbc/JdbcException
instanceKlass scala/meta/internal/metals/JarIndexingInfo
instanceKlass scala/meta/internal/metals/Tables$ConnectionState$Empty$
instanceKlass scala/meta/internal/metals/Tables$ConnectionState
instanceKlass scala/runtime/AbstractFunction0
instanceKlass scala/meta/internal/metals/H2ConnectionProvider
instanceKlass scala/meta/internal/metals/Embedded
instanceKlass  @bci scala/meta/internal/metals/WorkspaceLspService createService (Lscala/meta/internal/metals/Folder;)Lscala/meta/internal/metals/ProjectMetalsLspService; 98 <appendix> member <vmtarget> ; # scala/meta/internal/metals/WorkspaceLspService$$Lambda+0x00000202822682c0
instanceKlass  @bci scala/meta/internal/metals/WorkspaceLspService createService (Lscala/meta/internal/metals/Folder;)Lscala/meta/internal/metals/ProjectMetalsLspService; 88 <appendix> member <vmtarget> ; # scala/meta/internal/metals/WorkspaceLspService$$Lambda+0x0000020282268000
instanceKlass scala/meta/internal/metals/watcher/FileWatcher
instanceKlass scala/meta/internal/metals/doctor/MetalsServiceInfo
instanceKlass scala/meta/internal/metals/Indexer
instanceKlass scala/meta/internal/builds/BuildServerProvider
instanceKlass scala/meta/internal/builds/BuildTool
instanceKlass scala/meta/internal/mtags/Semanticdbs
instanceKlass scala/meta/internal/mtags/Md5Fingerprints
instanceKlass scala/meta/internal/metals/Warnings
instanceKlass scala/meta/pc/CancelToken
instanceKlass org/eclipse/lsp4j/jsonrpc/CancelChecker
instanceKlass scala/meta/internal/metals/doctor/TargetsInfoProvider
instanceKlass scala/meta/internal/metals/clients/language/LogForwarder
instanceKlass scala/meta/internal/metals/MetalsBuildClient
instanceKlass scala/meta/pc/SymbolSearch
instanceKlass scala/meta/internal/mtags/GlobalSymbolIndex
instanceKlass  @bci scala/meta/internal/metals/WorkspaceFolders $anonfun$initServices$6 (Lscala/collection/immutable/List;Lscala/collection/immutable/Set;Lscala/meta/internal/metals/Folder;)Z 5 <appendix> member <vmtarget> ; # scala/meta/internal/metals/WorkspaceFolders$$Lambda+0x0000020282265488
instanceKlass  @bci scala/meta/internal/metals/DelegateSetting$ readDeleteSetting (Lscala/meta/io/AbsolutePath;)Lscala/Option; 10 <appendix> member <vmtarget> ; # scala/meta/internal/metals/DelegateSetting$$$Lambda+0x00000202822650b8
instanceKlass  @bci scala/meta/internal/metals/WorkspaceFolders initServices (Lscala/collection/immutable/List;)Lscala/meta/internal/metals/WorkspaceFoldersServices; 245 <appendix> member <vmtarget> ; # scala/meta/internal/metals/WorkspaceFolders$$Lambda+0x0000020282264ce8
instanceKlass  @bci scala/meta/internal/metals/WorkspaceFolders initServices (Lscala/collection/immutable/List;)Lscala/meta/internal/metals/WorkspaceFoldersServices; 182 <appendix> member <vmtarget> ; # scala/meta/internal/metals/WorkspaceFolders$$Lambda+0x0000020282264a28
instanceKlass  @bci scala/meta/internal/metals/DelegateSetting$ readProjectRefs (Lscala/meta/io/AbsolutePath;)Lscala/collection/immutable/List; 13 <appendix> member <vmtarget> ; # scala/meta/internal/metals/DelegateSetting$$$Lambda+0x0000020282264658
instanceKlass  @bci scala/meta/internal/metals/DelegateSetting$ getSetting (Lscala/meta/io/AbsolutePath;Ljava/lang/String;)Lscala/Option; 20 <appendix> member <vmtarget> ; # scala/meta/internal/metals/DelegateSetting$$$Lambda+0x0000020282264288
instanceKlass scala/meta/internal/metals/Directories$
instanceKlass scala/meta/internal/metals/DelegateSetting$
instanceKlass  @bci scala/meta/internal/metals/WorkspaceFolders initServices (Lscala/collection/immutable/List;)Lscala/meta/internal/metals/WorkspaceFoldersServices; 84 <appendix> argL0 ; # scala/meta/internal/metals/WorkspaceFolders$$Lambda+0x0000020282263ab0
instanceKlass scala/meta/internal/metals/MetalsEnrichments$XtensionAbsolutePathBuffers
instanceKlass  @bci scala/collection/immutable/List partition (Lscala/Function1;)Lscala/Tuple2; 41 <appendix> member <vmtarget> ; # scala/collection/immutable/List$$Lambda+0x00000202822633c8
instanceKlass  @bci scala/meta/internal/metals/WorkspaceFolders initServices (Lscala/collection/immutable/List;)Lscala/meta/internal/metals/WorkspaceFoldersServices; 1 <appendix> argL0 ; # scala/meta/internal/metals/WorkspaceFolders$$Lambda+0x0000020282263000
instanceKlass  @bci scala/meta/internal/metals/WorkspaceLspService <init> (Lscala/concurrent/ExecutionContextExecutorService;Ljava/util/concurrent/ScheduledExecutorService;Lscala/meta/internal/metals/MetalsServerInputs;Lscala/meta/internal/metals/clients/language/MetalsLanguageClient;Lorg/eclipse/lsp4j/InitializeParams;Lscala/collection/immutable/List;Lscala/Function0;)V 458 <appendix> member <vmtarget> ; # scala/meta/internal/metals/WorkspaceLspService$$Lambda+0x0000020282262c30
instanceKlass scala/meta/internal/metals/WorkspaceFolders
instanceKlass  @bci scala/meta/internal/metals/ClientConfiguration icons ()Lscala/meta/internal/metals/Icons; 16 <appendix> member <vmtarget> ; # scala/meta/internal/metals/ClientConfiguration$$Lambda+0x0000020282261b68
instanceKlass  @bci scala/meta/internal/metals/ClientConfiguration icons ()Lscala/meta/internal/metals/Icons; 7 <appendix> argL0 ; # scala/meta/internal/metals/ClientConfiguration$$Lambda+0x00000202822617a0
instanceKlass  @bci scala/meta/internal/metals/WorkspaceLspService <init> (Lscala/concurrent/ExecutionContextExecutorService;Ljava/util/concurrent/ScheduledExecutorService;Lscala/meta/internal/metals/MetalsServerInputs;Lscala/meta/internal/metals/clients/language/MetalsLanguageClient;Lorg/eclipse/lsp4j/InitializeParams;Lscala/collection/immutable/List;Lscala/Function0;)V 432 <appendix> member <vmtarget> ; # scala/meta/internal/metals/WorkspaceLspService$$Lambda+0x00000202822613d0
instanceKlass scala/meta/internal/metals/ModulesService
instanceKlass scala/meta/internal/metals/IndexProviders
instanceKlass  @bci scala/meta/internal/metals/WorkspaceLspService <init> (Lscala/concurrent/ExecutionContextExecutorService;Ljava/util/concurrent/ScheduledExecutorService;Lscala/meta/internal/metals/MetalsServerInputs;Lscala/meta/internal/metals/clients/language/MetalsLanguageClient;Lorg/eclipse/lsp4j/InitializeParams;Lscala/collection/immutable/List;Lscala/Function0;)V 426 <appendix> member <vmtarget> ; # scala/meta/internal/metals/WorkspaceLspService$$Lambda+0x0000020282260248
instanceKlass scala/meta/internal/metals/ModuleStatus
instanceKlass scala/meta/internal/metals/ReportTracker
instanceKlass  @bci scala/meta/internal/metals/ClientConfiguration extract (Lscala/Option;Lscala/Option;Ljava/lang/Object;)Ljava/lang/Object; 11 <appendix> member <vmtarget> ; # scala/meta/internal/metals/ClientConfiguration$$Lambda+0x000002028225f9f8
instanceKlass  @bci scala/meta/internal/metals/ClientConfiguration extract (Lscala/Option;Lscala/Option;Ljava/lang/Object;)Ljava/lang/Object; 2 <appendix> member <vmtarget> ; # scala/meta/internal/metals/ClientConfiguration$$Lambda+0x000002028225f738
instanceKlass scala/meta/internal/metals/config/StatusBarState$LogMessage$
instanceKlass scala/meta/internal/metals/config/StatusBarState$On$
instanceKlass scala/meta/internal/metals/config/StatusBarState$StatusBarState
instanceKlass scala/meta/internal/metals/config/StatusBarState$
instanceKlass  @bci scala/meta/internal/metals/InitializationOptions bspStatusBarState ()Lscala/Option; 4 <appendix> argL0 ; # scala/meta/internal/metals/InitializationOptions$$Lambda+0x000002028225ea18
instanceKlass scala/meta/internal/metals/BspStatus
instanceKlass  @bci scala/meta/internal/metals/ClientConfiguration isHttpEnabled ()Z 8 <appendix> member <vmtarget> ; # scala/meta/internal/metals/ClientConfiguration$$Lambda+0x000002028225e508
instanceKlass  @bci scala/meta/internal/metals/WorkspaceLspService <init> (Lscala/concurrent/ExecutionContextExecutorService;Ljava/util/concurrent/ScheduledExecutorService;Lscala/meta/internal/metals/MetalsServerInputs;Lscala/meta/internal/metals/clients/language/MetalsLanguageClient;Lorg/eclipse/lsp4j/InitializeParams;Lscala/collection/immutable/List;Lscala/Function0;)V 335 <appendix> member <vmtarget> ; # scala/meta/internal/metals/WorkspaceLspService$$Lambda+0x000002028225e248
instanceKlass  @bci scala/meta/internal/metals/WorkspaceLspService <init> (Lscala/concurrent/ExecutionContextExecutorService;Ljava/util/concurrent/ScheduledExecutorService;Lscala/meta/internal/metals/MetalsServerInputs;Lscala/meta/internal/metals/clients/language/MetalsLanguageClient;Lorg/eclipse/lsp4j/InitializeParams;Lscala/collection/immutable/List;Lscala/Function0;)V 329 <appendix> member <vmtarget> ; # scala/meta/internal/metals/WorkspaceLspService$$Lambda+0x000002028225df88
instanceKlass ujson/Value
instanceKlass geny/Writable
instanceKlass scala/meta/internal/metals/doctor/HeadDoctor
instanceKlass scala/meta/internal/metals/TimerProvider
instanceKlass scala/meta/internal/metals/ActiveFiles
instanceKlass  @bci scala/meta/internal/metals/WorkspaceLspService <init> (Lscala/concurrent/ExecutionContextExecutorService;Ljava/util/concurrent/ScheduledExecutorService;Lscala/meta/internal/metals/MetalsServerInputs;Lscala/meta/internal/metals/clients/language/MetalsLanguageClient;Lorg/eclipse/lsp4j/InitializeParams;Lscala/collection/immutable/List;Lscala/Function0;)V 254 <appendix> argL0 ; # scala/meta/internal/metals/WorkspaceLspService$$Lambda+0x000002028225d278
instanceKlass scala/meta/internal/builds/ShellRunner
instanceKlass scala/meta/internal/metals/StatusBar
instanceKlass  @bci scala/meta/internal/metals/UserConfigurationSync <init> (Lorg/eclipse/lsp4j/InitializeParams;Lscala/meta/internal/metals/clients/language/MetalsLanguageClient;Lscala/meta/internal/metals/ClientConfiguration;Lscala/concurrent/ExecutionContext;)V 46 <appendix> argL0 ; # scala/meta/internal/metals/UserConfigurationSync$$Lambda+0x000002028225cae8
instanceKlass  @bci scala/meta/internal/metals/UserConfigurationSync $anonfun$supportsConfiguration$2 (Lorg/eclipse/lsp4j/WorkspaceClientCapabilities;)Lscala/Option; 10 <appendix> argL0 ; # scala/meta/internal/metals/UserConfigurationSync$$Lambda+0x000002028225c720
instanceKlass  @bci scala/meta/internal/metals/UserConfigurationSync $anonfun$supportsConfiguration$1 (Lorg/eclipse/lsp4j/ClientCapabilities;)Lscala/Option; 10 <appendix> argL0 ; # scala/meta/internal/metals/UserConfigurationSync$$Lambda+0x000002028225c358
instanceKlass  @bci scala/meta/internal/metals/UserConfigurationSync <init> (Lorg/eclipse/lsp4j/InitializeParams;Lscala/meta/internal/metals/clients/language/MetalsLanguageClient;Lscala/meta/internal/metals/ClientConfiguration;Lscala/concurrent/ExecutionContext;)V 38 <appendix> argL0 ; # scala/meta/internal/metals/UserConfigurationSync$$Lambda+0x000002028225bf90
instanceKlass scala/meta/internal/metals/UserConfigurationSync
instanceKlass scala/meta/internal/metals/WorkDoneProgress
instanceKlass  @bci scala/meta/internal/metals/WorkspaceLspService <init> (Lscala/concurrent/ExecutionContextExecutorService;Ljava/util/concurrent/ScheduledExecutorService;Lscala/meta/internal/metals/MetalsServerInputs;Lscala/meta/internal/metals/clients/language/MetalsLanguageClient;Lorg/eclipse/lsp4j/InitializeParams;Lscala/collection/immutable/List;Lscala/Function0;)V 145 <appendix> member <vmtarget> ; # scala/meta/internal/metals/WorkspaceLspService$$Lambda+0x000002028225b8a8
instanceKlass scala/meta/internal/metals/clients/language/DelegatingLanguageClient
instanceKlass  @bci scala/meta/internal/metals/JsonParser$XtensionSerializedAsOption getIntOption (Ljava/lang/String;)Lscala/Option; 5 <appendix> member <vmtarget> ; # scala/meta/internal/metals/JsonParser$XtensionSerializedAsOption$$Lambda+0x000002028225aca8
instanceKlass scala/meta/internal/metals/CommandHTMLFormat$VSCode$
instanceKlass scala/meta/internal/metals/CommandHTMLFormat$Sublime$
instanceKlass scala/meta/internal/metals/CommandHTMLFormat
instanceKlass scala/meta/internal/metals/CommandHTMLFormat$
instanceKlass  @bci scala/meta/internal/metals/InitializationOptions$ extractToInitializationOptions (Lcom/google/gson/JsonObject;)Lscala/meta/internal/metals/InitializationOptions; 176 <appendix> argL0 ; # scala/meta/internal/metals/InitializationOptions$$$Lambda+0x000002028225a048
instanceKlass  @bci scala/meta/internal/metals/InitializationOptions$ extractCompilerOptions (Lcom/google/gson/JsonObject;)Lscala/meta/internal/pc/CompilerInitializationOptions; 99 <appendix> argL0 ; # scala/meta/internal/metals/InitializationOptions$$$Lambda+0x0000020282259c80
instanceKlass  @bci scala/meta/internal/metals/InitializationOptions$ extractCompilerOptions (Lcom/google/gson/JsonObject;)Lscala/meta/internal/pc/CompilerInitializationOptions; 90 <appendix> argL0 ; # scala/meta/internal/metals/InitializationOptions$$$Lambda+0x00000202822598b8
instanceKlass  @bci scala/meta/internal/metals/InitializationOptions$ extractCompilerOptions (Lcom/google/gson/JsonObject;)Lscala/meta/internal/pc/CompilerInitializationOptions; 81 <appendix> argL0 ; # scala/meta/internal/metals/InitializationOptions$$$Lambda+0x00000202822594f0
instanceKlass  @bci scala/meta/internal/metals/InitializationOptions$ extractCompilerOptions (Lcom/google/gson/JsonObject;)Lscala/meta/internal/pc/CompilerInitializationOptions; 72 <appendix> argL0 ; # scala/meta/internal/metals/InitializationOptions$$$Lambda+0x0000020282259128
instanceKlass  @bci scala/meta/internal/metals/InitializationOptions$ extractCompilerOptions (Lcom/google/gson/JsonObject;)Lscala/meta/internal/pc/CompilerInitializationOptions; 63 <appendix> argL0 ; # scala/meta/internal/metals/InitializationOptions$$$Lambda+0x0000020282258d60
instanceKlass  @bci scala/meta/internal/metals/InitializationOptions$ extractCompilerOptions (Lcom/google/gson/JsonObject;)Lscala/meta/internal/pc/CompilerInitializationOptions; 54 <appendix> argL0 ; # scala/meta/internal/metals/InitializationOptions$$$Lambda+0x0000020282258998
instanceKlass  @bci scala/meta/internal/metals/InitializationOptions$ extractCompilerOptions (Lcom/google/gson/JsonObject;)Lscala/meta/internal/pc/CompilerInitializationOptions; 45 <appendix> argL0 ; # scala/meta/internal/metals/InitializationOptions$$$Lambda+0x00000202822585d0
instanceKlass  @bci scala/meta/internal/metals/InitializationOptions$ extractCompilerOptions (Lcom/google/gson/JsonObject;)Lscala/meta/internal/pc/CompilerInitializationOptions; 36 <appendix> argL0 ; # scala/meta/internal/metals/InitializationOptions$$$Lambda+0x0000020282258208
instanceKlass scala/util/control/NonFatal$
instanceKlass  @bci scala/meta/internal/metals/JsonParser$XtensionSerializedAsOption getBooleanOption (Ljava/lang/String;)Lscala/Option; 5 <appendix> member <vmtarget> ; # scala/meta/internal/metals/JsonParser$XtensionSerializedAsOption$$Lambda+0x0000020282257b28
instanceKlass  @bci scala/meta/internal/metals/InitializationOptions$ extractCompilerOptions (Lcom/google/gson/JsonObject;)Lscala/meta/internal/pc/CompilerInitializationOptions; 27 <appendix> argL0 ; # scala/meta/internal/metals/InitializationOptions$$$Lambda+0x0000020282257760
instanceKlass  @bci scala/meta/internal/metals/JsonParser$XtensionSerializedAsOption getStringOption (Ljava/lang/String;)Lscala/Option; 5 <appendix> member <vmtarget> ; # scala/meta/internal/metals/JsonParser$XtensionSerializedAsOption$$Lambda+0x00000202822574a0
instanceKlass  @bci scala/meta/internal/metals/InitializationOptions$ extractCompilerOptions (Lcom/google/gson/JsonObject;)Lscala/meta/internal/pc/CompilerInitializationOptions; 18 <appendix> argL0 ; # scala/meta/internal/metals/InitializationOptions$$$Lambda+0x00000202822570d8
instanceKlass  @bci scala/meta/internal/metals/JsonParser$XtensionSerializedAsOption getObjectOption (Ljava/lang/String;)Lscala/Option; 5 <appendix> member <vmtarget> ; # scala/meta/internal/metals/JsonParser$XtensionSerializedAsOption$$Lambda+0x0000020282256e18
instanceKlass scala/meta/internal/metals/JsonParser$XtensionSerializedAsOption
instanceKlass com/google/gson/internal/LinkedTreeMap$LinkedTreeMapIterator
instanceKlass java/util/Formatter$FormatSpecifierParser
instanceKlass  @bci java/util/regex/Pattern Range (II)Ljava/util/regex/Pattern$CharPredicate; 23 <appendix> member <vmtarget> ; # java/util/regex/Pattern$$Lambda+0x800000033
instanceKlass scala/meta/internal/metals/JsonParser$XtensionSerializableToJson
instanceKlass scala/meta/internal/metals/JsonParser$
instanceKlass scala/meta/internal/pc/CompilerInitializationOptions
instanceKlass scala/meta/internal/pc/CompilerInitializationOptions$
instanceKlass scala/meta/internal/metals/InitializationOptions$
instanceKlass  @bci scala/meta/internal/metals/ClientConfiguration <init> (Lscala/meta/internal/metals/MetalsServerConfig;Lscala/Option;)V 58 <appendix> argL0 ; # scala/meta/internal/metals/ClientConfiguration$$Lambda+0x00000202822550f0
instanceKlass  @bci scala/meta/internal/metals/ClientConfiguration <init> (Lscala/meta/internal/metals/MetalsServerConfig;Lscala/Option;)V 53 <appendix> argL0 ; # scala/meta/internal/metals/ClientConfiguration$$Lambda+0x0000020282254e38
instanceKlass scala/meta/internal/metals/InitializationOptions
instanceKlass scala/meta/internal/metals/ClientExperimentalCapabilities$
instanceKlass  @bci scala/meta/internal/metals/ClientConfiguration <init> (Lscala/meta/internal/metals/MetalsServerConfig;Lscala/Option;)V 37 <appendix> argL0 ; # scala/meta/internal/metals/ClientConfiguration$$Lambda+0x00000202822545f0
instanceKlass  @bci scala/meta/internal/metals/ClientConfiguration <init> (Lscala/meta/internal/metals/MetalsServerConfig;Lscala/Option;)V 32 <appendix> argL0 ; # scala/meta/internal/metals/ClientConfiguration$$Lambda+0x0000020282254338
instanceKlass scala/meta/internal/metals/ClientExperimentalCapabilities
instanceKlass  @bci scala/meta/internal/metals/ClientConfiguration <init> (Lscala/meta/internal/metals/MetalsServerConfig;Lscala/Option;)V 16 <appendix> argL0 ; # scala/meta/internal/metals/ClientConfiguration$$Lambda+0x0000020282253cf8
instanceKlass scala/meta/internal/metals/ClientConfiguration
instanceKlass scala/meta/internal/metals/ClientConfiguration$
instanceKlass scala/meta/internal/metals/WorkspaceLspService$HttpServerOff$
instanceKlass scala/meta/internal/metals/Reporter
instanceKlass scala/meta/pc/reports/Reporter
instanceKlass scala/meta/internal/metals/LoggerReportContext$
instanceKlass scala/meta/internal/metals/ConnectRequest
instanceKlass scala/meta/internal/metals/ConnectKind
instanceKlass scala/meta/internal/tvp/TreeViewProvider
instanceKlass scala/meta/internal/metals/WorkspaceLspService$HttpServerStatus
instanceKlass  @bci scala/meta/metals/MetalsLanguageServer initialize (Lorg/eclipse/lsp4j/InitializeParams;)Ljava/util/concurrent/CompletableFuture; 217 <appendix> member <vmtarget> ; # scala/meta/metals/MetalsLanguageServer$$Lambda+0x00000202822524e0
instanceKlass java/nio/file/FileVisitor
instanceKlass scala/meta/internal/mtags/ScalametaCommonEnrichments$XtensionAbsolutePath
instanceKlass sun/nio/fs/WindowsUriSupport
instanceKlass scala/meta/internal/mtags/MtagsEnrichments$XtensionURIMtags
instanceKlass  @bci scala/meta/internal/mtags/EncoderDecoder $anonfun$encode$1 (Lscala/meta/internal/mtags/EncoderDecoder;C)Ljava/lang/String; 9 <appendix> member <vmtarget> ; # scala/meta/internal/mtags/EncoderDecoder$$Lambda+0x0000020282251ca8
instanceKlass  @bci scala/meta/internal/mtags/EncoderDecoder encode (Ljava/lang/String;)Ljava/lang/String; 11 <appendix> member <vmtarget> ; # scala/meta/internal/mtags/EncoderDecoder$$Lambda+0x00000202822518d8
instanceKlass  @bci scala/meta/internal/mtags/URIEncoderDecoder$ <clinit> ()V 16 <appendix> argL0 ; # scala/meta/internal/mtags/URIEncoderDecoder$$$Lambda+0x0000020282251510
instanceKlass  @bci scala/meta/internal/mtags/EncoderDecoder <init> (CLscala/collection/immutable/Set;)V 44 <appendix> argL0 ; # scala/meta/internal/mtags/EncoderDecoder$$Lambda+0x0000020282251148
instanceKlass scala/util/hashing/MurmurHash3$ArrayHashing
instanceKlass  @bci scala/meta/internal/mtags/EncoderDecoder $anonfun$toEscape$1 (Lscala/meta/internal/mtags/EncoderDecoder;C)Lscala/Tuple2; 30 <appendix> form vmentry <vmtarget> ; # java/lang/invoke/LambdaForm$MH+0x000002028224b800
# instanceKlass java/lang/invoke/LambdaForm$MH+0x000002028224b400
instanceKlass  @bci scala/meta/internal/mtags/EncoderDecoder $anonfun$toEscape$1 (Lscala/meta/internal/mtags/EncoderDecoder;C)Lscala/Tuple2; 30 <appendix> argL3 form vmentry <vmtarget> ; # java/lang/invoke/LambdaForm$MH+0x000002028224b000
# instanceKlass java/lang/invoke/LambdaForm$MH+0x000002028224ac00
# instanceKlass java/lang/invoke/LambdaForm$MH+0x000002028224a800
# instanceKlass java/lang/invoke/LambdaForm$MH+0x000002028224a400
# instanceKlass java/lang/invoke/LambdaForm$MH+0x000002028224a000
instanceKlass  @bci scala/meta/internal/mtags/EncoderDecoder $anonfun$toEscape$1 (Lscala/meta/internal/mtags/EncoderDecoder;C)Lscala/Tuple2; 30 <appendix> argL1 form vmentry <vmtarget> ; # java/lang/invoke/LambdaForm$MH+0x0000020282249c00
# instanceKlass java/lang/invoke/LambdaForm$MH+0x0000020282249800
# instanceKlass java/lang/invoke/LambdaForm$MH+0x0000020282249400
# instanceKlass java/lang/invoke/LambdaForm$MH+0x0000020282249000
instanceKlass scala/collection/immutable/SetNode$
instanceKlass scala/collection/immutable/HashSet$
instanceKlass  @bci scala/meta/internal/mtags/EncoderDecoder <init> (CLscala/collection/immutable/Set;)V 12 <appendix> member <vmtarget> ; # scala/meta/internal/mtags/EncoderDecoder$$Lambda+0x000002028224e888
instanceKlass scala/collection/immutable/HashSetBuilder
instanceKlass scala/meta/internal/mtags/EncoderDecoder
instanceKlass scala/meta/internal/mtags/MtagsEnrichments$XtensionStringMtags
instanceKlass scala/meta/internal/mtags/MtagsEnrichments$
instanceKlass scala/meta/pc/reports/Report
instanceKlass scala/meta/internal/metals/ReportContext
instanceKlass scala/meta/pc/reports/ReportContext
instanceKlass scala/meta/internal/metals/MetalsEnrichments$XtensionString
instanceKlass scala/meta/internal/metals/Folder$
instanceKlass  @bci scala/meta/metals/MetalsLanguageServer initialize (Lorg/eclipse/lsp4j/InitializeParams;)Ljava/util/concurrent/CompletableFuture; 153 <appendix> argL0 ; # scala/meta/metals/MetalsLanguageServer$$Lambda+0x000002028224c000
instanceKlass scala/collection/convert/AsScalaExtensions$IteratorHasAsScala
instanceKlass scala/collection/convert/JavaCollectionWrappers$IterableWrapperTrait
instanceKlass scala/collection/convert/AsScalaExtensions$ListHasAsScala
instanceKlass  @bci scala/meta/metals/MetalsLanguageServer initialize (Lorg/eclipse/lsp4j/InitializeParams;)Ljava/util/concurrent/CompletableFuture; 75 <appendix> argL0 ; # scala/meta/metals/MetalsLanguageServer$$Lambda+0x0000020282244d50
# instanceKlass java/lang/invoke/LambdaForm$MH+0x0000020282248c00
instanceKlass com/google/gson/internal/LinkedTreeMap$Node
instanceKlass com/google/gson/internal/LinkedTreeMap$1
instanceKlass com/google/gson/internal/bind/JsonElementTypeAdapter$1
instanceKlass org/eclipse/lsp4j/jsonrpc/util/Preconditions
instanceKlass  @bci jdk/internal/reflect/MethodHandleBooleanFieldAccessorImpl setBoolean (Ljava/lang/Object;Z)V 41 <adapter> ; # java/lang/invoke/LambdaForm$MH+0x0000020282248800
# instanceKlass java/lang/invoke/LambdaForm$MH+0x0000020282248400
# instanceKlass java/lang/invoke/LambdaForm$MH+0x0000020282248000
instanceKlass org/eclipse/lsp4j/jsonrpc/json/adapters/JsonElementTypeAdapter$Factory
instanceKlass org/eclipse/lsp4j/StaleRequestCapabilities
instanceKlass org/eclipse/lsp4j/MarkdownCapabilities
instanceKlass org/eclipse/lsp4j/RegularExpressionsCapabilities
instanceKlass org/eclipse/lsp4j/WindowShowMessageRequestActionItemCapabilities
instanceKlass org/eclipse/lsp4j/ShowDocumentCapabilities
instanceKlass org/eclipse/lsp4j/WindowShowMessageRequestCapabilities
instanceKlass org/eclipse/lsp4j/InlayHintResolveSupportCapabilities
instanceKlass org/eclipse/lsp4j/SemanticTokensClientCapabilitiesRequestsFull
instanceKlass org/eclipse/lsp4j/SemanticTokensClientCapabilitiesRequests
instanceKlass org/eclipse/lsp4j/FoldingRangeSupportCapabilities
instanceKlass org/eclipse/lsp4j/FoldingRangeKindSupportCapabilities
instanceKlass org/eclipse/lsp4j/jsonrpc/json/adapters/EitherTypeAdapter$EitherTypeArgument
instanceKlass org/eclipse/lsp4j/DiagnosticsTagSupport
instanceKlass org/eclipse/lsp4j/CodeLensResolveSupportCapabilities
instanceKlass org/eclipse/lsp4j/CodeActionKindCapabilities
instanceKlass org/eclipse/lsp4j/CodeActionTagSupportCapabilities
instanceKlass org/eclipse/lsp4j/CodeActionResolveSupportCapabilities
instanceKlass org/eclipse/lsp4j/CodeActionLiteralSupportCapabilities
instanceKlass org/eclipse/lsp4j/ParameterInformationCapabilities
instanceKlass org/eclipse/lsp4j/SignatureInformationCapabilities
instanceKlass org/eclipse/lsp4j/CompletionItemInsertTextModeSupportCapabilities
instanceKlass org/eclipse/lsp4j/CompletionItemResolveSupportCapabilities
instanceKlass org/eclipse/lsp4j/CompletionItemTagSupportCapabilities
instanceKlass org/eclipse/lsp4j/CompletionListCapabilities
instanceKlass org/eclipse/lsp4j/CompletionItemCapabilities
instanceKlass org/eclipse/lsp4j/CompletionItemKindCapabilities
instanceKlass org/eclipse/lsp4j/PublishDiagnosticsCapabilities
instanceKlass org/eclipse/lsp4j/FiltersCapabilities
instanceKlass  @bci jdk/internal/reflect/MethodHandleBooleanFieldAccessorImpl getBoolean (Ljava/lang/Object;)Z 20 <adapter> ; # java/lang/invoke/LambdaForm$MH+0x000002028223cc00
# instanceKlass java/lang/invoke/LambdaForm$MH+0x000002028223c800
# instanceKlass java/lang/invoke/LambdaForm$BMH+0x000002028223c400
# instanceKlass java/lang/invoke/LambdaForm$DMH+0x000002028223c000
instanceKlass org/eclipse/lsp4j/WorkspaceSymbolResolveSupportCapabilities
instanceKlass org/eclipse/lsp4j/SymbolTagSupportCapabilities
instanceKlass org/eclipse/lsp4j/SymbolKindCapabilities
instanceKlass  @bci org/eclipse/lsp4j/jsonrpc/json/adapters/CollectionTypeAdapter$Factory getConstructor (Ljava/lang/Class;)Ljava/util/function/Supplier; 62 <appendix> argL0 ; # org/eclipse/lsp4j/jsonrpc/json/adapters/CollectionTypeAdapter$Factory$$Lambda+0x0000020282235400
instanceKlass org/eclipse/lsp4j/jsonrpc/json/adapters/TypeUtils$ParameterizedTypeImpl
instanceKlass org/eclipse/lsp4j/WorkspaceEditChangeAnnotationSupportCapabilities
instanceKlass org/eclipse/lsp4j/FoldingRangeWorkspaceCapabilities
instanceKlass org/eclipse/lsp4j/DiagnosticWorkspaceCapabilities
instanceKlass org/eclipse/lsp4j/InlineValueWorkspaceCapabilities
instanceKlass org/eclipse/lsp4j/InlayHintWorkspaceCapabilities
instanceKlass org/eclipse/lsp4j/CodeLensWorkspaceCapabilities
instanceKlass org/eclipse/lsp4j/SemanticTokensWorkspaceCapabilities
instanceKlass org/eclipse/lsp4j/DynamicRegistrationCapabilities
instanceKlass org/eclipse/lsp4j/WorkspaceEditCapabilities
instanceKlass org/eclipse/lsp4j/GeneralClientCapabilities
instanceKlass org/eclipse/lsp4j/NotebookDocumentClientCapabilities
instanceKlass org/eclipse/lsp4j/WindowClientCapabilities
instanceKlass org/eclipse/lsp4j/TextDocumentClientCapabilities
instanceKlass org/eclipse/lsp4j/WorkspaceClientCapabilities
instanceKlass org/eclipse/lsp4j/ClientCapabilities
instanceKlass  @bci jdk/internal/reflect/MethodHandleObjectFieldAccessorImpl set (Ljava/lang/Object;Ljava/lang/Object;)V 41 <adapter> ; # java/lang/invoke/LambdaForm$MH+0x0000020282235000
# instanceKlass java/lang/invoke/LambdaForm$MH+0x0000020282234c00
# instanceKlass java/lang/invoke/LambdaForm$MH+0x0000020282234800
instanceKlass jdk/internal/reflect/FieldAccessor
# instanceKlass java/lang/invoke/LambdaForm$MH+0x0000020282234400
instanceKlass com/google/gson/internal/bind/ReflectiveTypeAdapterFactory$FieldsData
instanceKlass org/eclipse/lsp4j/jsonrpc/validation/NonNull
instanceKlass com/google/gson/annotations/SerializedName
# instanceKlass java/lang/invoke/LambdaForm$MH+0x0000020282234000
instanceKlass com/google/gson/internal/Primitives
instanceKlass com/google/gson/internal/GsonPreconditions
instanceKlass com/google/gson/internal/GsonTypes$ParameterizedTypeImpl
instanceKlass  @bci com/google/gson/internal/ConstructorConstructor newDefaultConstructor (Ljava/lang/Class;Lcom/google/gson/ReflectionAccessFilter$FilterResult;)Lcom/google/gson/internal/ObjectConstructor; 130 <appendix> member <vmtarget> ; # com/google/gson/internal/ConstructorConstructor$$Lambda+0x0000020282231c48
instanceKlass com/google/gson/internal/ObjectConstructor
instanceKlass com/google/gson/internal/ReflectionAccessFilterHelper
instanceKlass org/eclipse/lsp4j/adapters/InitializeParamsTypeAdapter$Factory
instanceKlass com/google/gson/annotations/JsonAdapter
instanceKlass org/eclipse/lsp4j/jsonrpc/messages/Tuple$Two
instanceKlass org/eclipse/lsp4j/jsonrpc/messages/Tuple
instanceKlass org/eclipse/lsp4j/jsonrpc/json/adapters/TypeUtils
instanceKlass java/lang/reflect/AnnotatedType
instanceKlass com/google/gson/internal/reflect/ReflectionHelper$RecordHelper
instanceKlass com/google/gson/internal/reflect/ReflectionHelper
instanceKlass java/lang/reflect/WildcardType
instanceKlass com/google/gson/internal/GsonTypes
instanceKlass com/google/gson/reflect/TypeToken
instanceKlass com/google/gson/internal/JsonReaderInternalAccess
instanceKlass org/eclipse/lsp4j/jsonrpc/json/StreamMessageProducer$Headers
instanceKlass org/eclipse/lsp4j/jsonrpc/json/ConcurrentMessageProcessor$1
instanceKlass java/util/concurrent/Executors$RunnableAdapter
instanceKlass java/util/concurrent/Callable
instanceKlass java/util/concurrent/FutureTask$WaitNode
instanceKlass java/util/concurrent/FutureTask
instanceKlass org/eclipse/lsp4j/jsonrpc/StandardLauncher
instanceKlass org/eclipse/lsp4j/jsonrpc/json/ConcurrentMessageProcessor
instanceKlass org/eclipse/lsp4j/jsonrpc/json/StreamMessageProducer
instanceKlass  @bci java/lang/reflect/Proxy getProxyConstructor (Ljava/lang/Class;Ljava/lang/ClassLoader;[Ljava/lang/Class;)Ljava/lang/reflect/Constructor; 80 <appendix> argL0 ; # java/lang/reflect/Proxy$$Lambda+0x00000202821db0e0
instanceKlass  @bci org/eclipse/lsp4j/jsonrpc/services/EndpointProxy <init> (Lorg/eclipse/lsp4j/jsonrpc/Endpoint;Ljava/util/Collection;)V 197 <appendix> member <vmtarget> ; # org/eclipse/lsp4j/jsonrpc/services/EndpointProxy$$Lambda+0x000002028222e900
instanceKlass  @bci org/eclipse/lsp4j/jsonrpc/services/EndpointProxy <init> (Lorg/eclipse/lsp4j/jsonrpc/Endpoint;Ljava/util/Collection;)V 178 <appendix> member <vmtarget> ; # org/eclipse/lsp4j/jsonrpc/services/EndpointProxy$$Lambda+0x000002028222e6c8
instanceKlass org/eclipse/lsp4j/jsonrpc/services/EndpointProxy
instanceKlass  @bci org/eclipse/lsp4j/jsonrpc/RemoteEndpoint <clinit> ()V 11 <appendix> argL0 ; # org/eclipse/lsp4j/jsonrpc/RemoteEndpoint$$Lambda+0x000002028222e250
instanceKlass org/eclipse/lsp4j/jsonrpc/messages/ResponseError
instanceKlass org/eclipse/lsp4j/jsonrpc/messages/Message
instanceKlass org/eclipse/lsp4j/jsonrpc/RemoteEndpoint
instanceKlass  @bci org/eclipse/lsp4j/jsonrpc/services/GenericEndpoint recursiveFindRpcMethods (Ljava/lang/Object;Ljava/util/Set;Ljava/util/Set;)V 24 <appendix> member <vmtarget> ; # org/eclipse/lsp4j/jsonrpc/services/GenericEndpoint$$Lambda+0x000002028222a5b8
instanceKlass  @cpi org/eclipse/lsp4j/jsonrpc/services/GenericEndpoint 383 form vmentry <vmtarget> ; # java/lang/invoke/LambdaForm$DMH+0x000002028222c400
instanceKlass  @bci org/eclipse/lsp4j/jsonrpc/services/GenericEndpoint lambda$recursiveFindRpcMethods$1 (Ljava/lang/Object;Lorg/eclipse/lsp4j/jsonrpc/services/AnnotationUtil$MethodInfo;)V 3 <appendix> member <vmtarget> ; # org/eclipse/lsp4j/jsonrpc/services/GenericEndpoint$$Lambda+0x000002028222a370
instanceKlass  @bci org/eclipse/lsp4j/jsonrpc/services/GenericEndpoint recursiveFindRpcMethods (Ljava/lang/Object;Ljava/util/Set;Ljava/util/Set;)V 7 <appendix> member <vmtarget> ; # org/eclipse/lsp4j/jsonrpc/services/GenericEndpoint$$Lambda+0x000002028222a138
instanceKlass jdk/internal/logger/DefaultLoggerFinder$1
instanceKlass java/util/logging/Logger$SystemLoggerHelper$1
instanceKlass java/util/logging/Logger$SystemLoggerHelper
instanceKlass java/util/logging/LogManager$4
instanceKlass jdk/internal/logger/BootstrapLogger$BootstrapExecutors
instanceKlass jdk/internal/logger/BootstrapLogger$RedirectedLoggers
instanceKlass java/util/Spliterators$1Adapter
instanceKlass jdk/internal/logger/BootstrapLogger$DetectBackend$1
instanceKlass jdk/internal/logger/BootstrapLogger$DetectBackend
instanceKlass jdk/internal/logger/BootstrapLogger
instanceKlass sun/util/logging/PlatformLogger$ConfigurableBridge
instanceKlass sun/util/logging/PlatformLogger$Bridge
instanceKlass java/util/stream/Stream$Builder
instanceKlass java/util/stream/Streams$AbstractStreamBuilderImpl
instanceKlass  @bci java/util/logging/Level$KnownLevel findByName (Ljava/lang/String;Ljava/util/function/Function;)Ljava/util/Optional; 29 <appendix> argL0 ; # java/util/logging/Level$KnownLevel$$Lambda+0x80000002c
instanceKlass  @bci java/util/logging/Level findLevel (Ljava/lang/String;)Ljava/util/logging/Level; 13 <appendix> argL0 ; # java/util/logging/Level$$Lambda+0x80000001a
instanceKlass java/util/Hashtable$Enumerator
instanceKlass java/util/Collections$SynchronizedCollection
instanceKlass java/util/Properties$EntrySet
instanceKlass java/util/Collections$3
instanceKlass java/util/logging/LogManager$LoggerContext$1
instanceKlass java/util/logging/LogManager$VisitedLoggers
instanceKlass java/util/logging/LogManager$2
instanceKlass java/lang/System$LoggerFinder
instanceKlass sun/security/util/SecurityProperties
instanceKlass sun/security/util/FilePermCompat
instanceKlass java/util/logging/LogManager$LoggingProviderAccess
instanceKlass sun/util/logging/internal/LoggingProviderImpl$LogManagerAccess
instanceKlass java/util/logging/LogManager$LogNode
instanceKlass java/util/logging/LogManager$LoggerContext
instanceKlass java/util/logging/LogManager$1
instanceKlass java/util/logging/LogManager
instanceKlass java/util/logging/Logger$ConfigurationData
instanceKlass java/util/logging/Logger$LoggerBundle
instanceKlass  @bci java/util/logging/Level$KnownLevel add (Ljava/util/logging/Level;)V 49 <appendix> argL0 ; # java/util/logging/Level$KnownLevel$$Lambda+0x80000002b
instanceKlass  @bci java/util/logging/Level$KnownLevel add (Ljava/util/logging/Level;)V 19 <appendix> argL0 ; # java/util/logging/Level$KnownLevel$$Lambda+0x80000002a
instanceKlass java/util/logging/Level
instanceKlass java/util/logging/Handler
instanceKlass java/util/logging/Logger
# instanceKlass java/lang/invoke/LambdaForm$DMH+0x000002028222c000
instanceKlass org/eclipse/lsp4j/jsonrpc/services/GenericEndpoint
instanceKlass org/eclipse/lsp4j/jsonrpc/json/StreamMessageConsumer
instanceKlass org/eclipse/lsp4j/jsonrpc/json/MessageConstants
instanceKlass com/google/gson/internal/bind/ReflectiveTypeAdapterFactory$BoundField
instanceKlass com/google/gson/internal/bind/ReflectiveTypeAdapterFactory
instanceKlass com/google/gson/internal/bind/JsonAdapterAnnotationTypeAdapterFactory$DummyTypeAdapterFactory
instanceKlass com/google/gson/internal/bind/JsonAdapterAnnotationTypeAdapterFactory
instanceKlass com/google/gson/internal/bind/MapTypeAdapterFactory
instanceKlass com/google/gson/internal/bind/CollectionTypeAdapterFactory
instanceKlass com/google/gson/internal/bind/ArrayTypeAdapter$1
instanceKlass com/google/gson/internal/bind/DefaultDateTypeAdapter$1
instanceKlass java/util/concurrent/atomic/AtomicLongArray
instanceKlass com/google/gson/internal/bind/NumberTypeAdapter$1
instanceKlass com/google/gson/internal/bind/ObjectTypeAdapter$1
instanceKlass com/google/gson/internal/bind/EnumTypeAdapter$1
instanceKlass com/google/gson/internal/bind/TypeAdapters$31
instanceKlass java/util/Currency
instanceKlass java/util/UUID
instanceKlass com/google/gson/internal/bind/TypeAdapters$32
instanceKlass java/net/InetAddress
instanceKlass java/util/concurrent/atomic/AtomicIntegerArray
instanceKlass com/google/gson/internal/bind/TypeAdapters$30
instanceKlass com/google/gson/internal/bind/TypeAdapters$29
instanceKlass com/google/gson/internal/bind/TypeAdapters
instanceKlass com/google/gson/internal/ConstructorConstructor
instanceKlass com/google/gson/internal/sql/SqlTimestampTypeAdapter$1
instanceKlass com/google/gson/internal/sql/SqlTimeTypeAdapter$1
instanceKlass com/google/gson/internal/sql/SqlDateTypeAdapter$1
instanceKlass java/text/Format
instanceKlass com/google/gson/internal/bind/DefaultDateTypeAdapter$DateType
instanceKlass com/google/gson/internal/sql/SqlTypesSupport
instanceKlass org/eclipse/lsp4j/jsonrpc/json/adapters/MessageTypeAdapter$Factory
instanceKlass org/eclipse/lsp4j/jsonrpc/json/adapters/EnumTypeAdapter$Factory
instanceKlass org/eclipse/lsp4j/jsonrpc/json/adapters/TupleTypeAdapters$TwoTypeAdapterFactory
instanceKlass org/eclipse/lsp4j/jsonrpc/json/adapters/EitherTypeAdapter$Factory
instanceKlass org/eclipse/lsp4j/jsonrpc/json/adapters/ThrowableTypeAdapter$Factory
instanceKlass org/eclipse/lsp4j/jsonrpc/json/adapters/CollectionTypeAdapter$Factory
instanceKlass com/google/gson/FormattingStyle
instanceKlass com/google/gson/stream/JsonWriter
instanceKlass com/google/gson/stream/JsonReader
instanceKlass com/google/gson/ToNumberStrategy
instanceKlass com/google/gson/Gson
instanceKlass com/google/gson/TypeAdapter
instanceKlass com/google/gson/internal/Excluder
instanceKlass com/google/gson/FieldNamingStrategy
instanceKlass com/google/gson/GsonBuilder
instanceKlass org/eclipse/lsp4j/jsonrpc/messages/CancelParams
instanceKlass com/google/gson/TypeAdapterFactory
instanceKlass com/google/gson/JsonElement
instanceKlass org/eclipse/lsp4j/jsonrpc/json/MessageJsonHandler
instanceKlass org/eclipse/lsp4j/WorkDoneProgressCancelParams
instanceKlass scala/meta/internal/tvp/MetalsTreeViewChildrenResult
instanceKlass scala/meta/internal/tvp/TreeViewParentResult
instanceKlass scala/meta/internal/tvp/TreeViewNodeRevealResult
instanceKlass scala/meta/internal/metals/findfiles/FindTextInDependencyJarsRequest
instanceKlass scala/meta/internal/metals/doctor/DoctorVisibilityDidChangeParams
instanceKlass scala/meta/internal/tvp/TreeViewNodeCollapseDidChangeParams
instanceKlass scala/meta/internal/tvp/TreeViewVisibilityDidChangeParams
instanceKlass scala/meta/internal/tvp/TreeViewChildrenParams
instanceKlass scala/meta/internal/tvp/TreeViewParentParams
instanceKlass org/eclipse/lsp4j/DidChangeWatchedFilesParams
instanceKlass org/eclipse/lsp4j/DidChangeWorkspaceFoldersParams
instanceKlass org/eclipse/lsp4j/DidChangeConfigurationParams
instanceKlass org/eclipse/lsp4j/RenameFilesParams
instanceKlass org/eclipse/lsp4j/CallHierarchyItem
instanceKlass org/eclipse/lsp4j/CallHierarchyOutgoingCall
instanceKlass org/eclipse/lsp4j/TypeHierarchyItem
instanceKlass org/eclipse/lsp4j/CallHierarchyIncomingCall
instanceKlass org/eclipse/lsp4j/SemanticTokens
instanceKlass org/eclipse/lsp4j/SymbolInformation
instanceKlass org/eclipse/lsp4j/DocumentSymbol
instanceKlass org/eclipse/lsp4j/jsonrpc/messages/Either
instanceKlass org/eclipse/lsp4j/SelectionRange
instanceKlass org/eclipse/lsp4j/SignatureHelp
instanceKlass org/eclipse/lsp4j/DocumentHighlight
instanceKlass org/eclipse/lsp4j/FoldingRange
instanceKlass org/eclipse/lsp4j/Range
instanceKlass org/eclipse/lsp4j/TextEdit
instanceKlass org/eclipse/lsp4j/CodeLens
instanceKlass org/eclipse/lsp4j/CompletionList
instanceKlass org/eclipse/lsp4j/Hover
instanceKlass org/eclipse/lsp4j/Location
instanceKlass org/eclipse/lsp4j/WorkspaceEdit
instanceKlass org/eclipse/lsp4j/CompletionItem
instanceKlass org/eclipse/lsp4j/DocumentRangeFormattingParams
instanceKlass org/eclipse/lsp4j/CodeAction
instanceKlass org/eclipse/lsp4j/InlayHint
instanceKlass org/eclipse/lsp4j/DocumentFormattingParams
instanceKlass org/eclipse/lsp4j/DidOpenTextDocumentParams
instanceKlass org/eclipse/lsp4j/DidChangeTextDocumentParams
instanceKlass scala/meta/internal/metals/HoverExtParams
instanceKlass org/eclipse/lsp4j/WorkDoneProgressAndPartialResultParams
instanceKlass org/eclipse/lsp4j/DidCloseTextDocumentParams
instanceKlass org/eclipse/lsp4j/InlayHintParams
instanceKlass org/eclipse/lsp4j/DidSaveTextDocumentParams
instanceKlass org/eclipse/lsp4j/PartialResultParams
instanceKlass org/eclipse/lsp4j/TextDocumentPositionParams
instanceKlass org/eclipse/lsp4j/ClientInfo
instanceKlass scala/meta/internal/metals/Folder
instanceKlass scala/runtime/LazyRef
instanceKlass scala/meta/internal/metals/MemoryMonitor
instanceKlass scala/meta/internal/metals/WorkspaceLspService
instanceKlass org/eclipse/lsp4j/InitializeResult
instanceKlass org/eclipse/lsp4j/InitializedParams
instanceKlass org/eclipse/lsp4j/InitializeParams
instanceKlass jdk/internal/vm/annotation/IntrinsicCandidate
instanceKlass java/lang/annotation/Documented
instanceKlass java/lang/Deprecated
instanceKlass org/eclipse/lsp4j/jsonrpc/json/JsonRpcMethodProvider
instanceKlass org/eclipse/lsp4j/jsonrpc/services/JsonDelegate
instanceKlass  @bci org/eclipse/lsp4j/jsonrpc/services/ServiceEndpoints getSupportedMethods (Ljava/lang/Class;Ljava/util/Set;)Ljava/util/Map; 29 <appendix> member <vmtarget> ; # org/eclipse/lsp4j/jsonrpc/services/ServiceEndpoints$$Lambda+0x0000020282209048
instanceKlass scala/meta/internal/metals/clients/language/RawMetalsInputBoxResult
instanceKlass scala/meta/internal/metals/clients/language/RawMetalsQuickPickResult
instanceKlass org/eclipse/lsp4j/ExecuteCommandParams
instanceKlass org/eclipse/lsp4j/WorkDoneProgressParams
instanceKlass scala/meta/internal/metals/clients/language/RawMetalsReadClipboardResult
instanceKlass scala/meta/internal/metals/clients/language/MetalsStatusParams
instanceKlass scala/meta/internal/metals/clients/language/MetalsInputBoxParams
instanceKlass scala/meta/internal/metals/clients/language/MetalsQuickPickParams
instanceKlass java/lang/invoke/SerializedLambda
instanceKlass scala/meta/internal/tvp/TreeViewDidChangeParams
instanceKlass scala/reflect/ScalaSignature
instanceKlass org/eclipse/lsp4j/MessageActionItem
instanceKlass org/eclipse/lsp4j/ShowDocumentResult
instanceKlass org/eclipse/lsp4j/WorkspaceFolder
instanceKlass org/eclipse/lsp4j/ApplyWorkspaceEditResponse
instanceKlass org/eclipse/lsp4j/jsonrpc/services/JsonNotification
instanceKlass org/eclipse/lsp4j/jsonrpc/json/JsonRpcMethod
instanceKlass org/eclipse/lsp4j/jsonrpc/json/ResponseJsonAdapter
instanceKlass sun/reflect/generics/reflectiveObjects/LazyReflectiveObjectGenerator
instanceKlass sun/reflect/generics/tree/TypeVariableSignature
instanceKlass sun/reflect/generics/tree/ClassSignature
instanceKlass sun/reflect/generics/reflectiveObjects/ParameterizedTypeImpl
instanceKlass java/lang/reflect/ParameterizedType
instanceKlass sun/reflect/generics/tree/MethodTypeSignature
instanceKlass sun/reflect/generics/tree/Signature
instanceKlass sun/reflect/generics/tree/FormalTypeParameter
instanceKlass java/lang/reflect/TypeVariable
instanceKlass sun/reflect/generics/repository/AbstractRepository
instanceKlass  @bci org/eclipse/lsp4j/jsonrpc/services/AnnotationUtil getParameterTypes (Ljava/lang/reflect/Method;)[Ljava/lang/reflect/Type; 17 <appendix> argL0 ; # org/eclipse/lsp4j/jsonrpc/services/AnnotationUtil$$Lambda+0x0000020282202d40
instanceKlass  @bci org/eclipse/lsp4j/jsonrpc/services/AnnotationUtil getParameterTypes (Ljava/lang/reflect/Method;)[Ljava/lang/reflect/Type; 7 <appendix> argL0 ; # org/eclipse/lsp4j/jsonrpc/services/AnnotationUtil$$Lambda+0x0000020282202b00
instanceKlass java/lang/annotation/Target
# instanceKlass java/lang/invoke/LambdaForm$MH+0x0000020282200800
instanceKlass java/lang/reflect/Proxy$ProxyBuilder$1
instanceKlass jdk/internal/classfile/impl/TemporaryConstantPool
instanceKlass  @bci jdk/internal/classfile/impl/StackMapDecoder writeTypeInfo (Ljdk/internal/classfile/impl/BufWriterImpl;Ljava/lang/classfile/attribute/StackMapFrameInfo$VerificationTypeInfo;)V 21 <appendix> argL0 member <vmtarget> ; # jdk/internal/classfile/impl/StackMapDecoder$$TypeSwitch+0x00000202821d3010
instanceKlass java/lang/classfile/attribute/StackMapFrameInfo$UninitializedVerificationTypeInfo
instanceKlass jdk/internal/classfile/impl/StackMapDecoder
instanceKlass jdk/internal/classfile/impl/StackCounter
instanceKlass  @bci java/lang/reflect/ProxyGenerator lambda$generateLookupAccessor$6 (Ljava/lang/classfile/MethodBuilder;)V 30 <appendix> member <vmtarget> ; # java/lang/reflect/ProxyGenerator$$Lambda+0x00000202821d2150
instanceKlass  @bci java/lang/reflect/ProxyGenerator generateLookupAccessor (Ljava/lang/classfile/ClassBuilder;)V 10 <appendix> member <vmtarget> ; # java/lang/reflect/ProxyGenerator$$Lambda+0x00000202821d1f18
instanceKlass java/lang/classfile/constantpool/StringEntry
instanceKlass  @bci java/lang/reflect/ProxyGenerator generateStaticInitializer (Ljava/lang/classfile/ClassBuilder;)V 10 <appendix> member <vmtarget> ; # java/lang/reflect/ProxyGenerator$$Lambda+0x00000202821d1770
instanceKlass java/lang/classfile/instruction/ArrayStoreInstruction
instanceKlass java/lang/classfile/instruction/NewReferenceArrayInstruction
instanceKlass java/lang/classfile/attribute/StackMapTableAttribute
instanceKlass java/lang/classfile/attribute/StackMapFrameInfo
instanceKlass java/lang/classfile/instruction/NewObjectInstruction
instanceKlass  @bci java/lang/reflect/ProxyGenerator$ProxyMethod lambda$generateMethod$1 (Ljava/util/List;Ljava/lang/classfile/MethodBuilder;)V 31 <appendix> member <vmtarget> ; # java/lang/reflect/ProxyGenerator$ProxyMethod$$Lambda+0x00000202821cfa78
instanceKlass java/lang/classfile/attribute/ExceptionsAttribute
instanceKlass  @bci java/lang/reflect/ProxyGenerator$ProxyMethod generateMethod (Ljava/lang/classfile/ClassBuilder;)V 90 <appendix> member <vmtarget> ; # java/lang/reflect/ProxyGenerator$ProxyMethod$$Lambda+0x00000202821cf128
instanceKlass jdk/internal/classfile/impl/TerminalFieldBuilder
instanceKlass  @bci java/lang/classfile/ClassBuilder withField (Ljava/lang/String;Ljava/lang/constant/ClassDesc;I)Ljava/lang/classfile/ClassBuilder; 4 <appendix> member <vmtarget> ; # java/lang/classfile/ClassBuilder$$Lambda+0x00000202821ce9b8
instanceKlass java/lang/classfile/FieldBuilder
instanceKlass  @bci java/lang/reflect/ProxyGenerator generateConstructor (Ljava/lang/classfile/ClassBuilder;)V 8 <appendix> member <vmtarget> ; # java/lang/reflect/ProxyGenerator$$Lambda+0x00000202821ce580
instanceKlass java/lang/classfile/Interfaces
instanceKlass  @bci java/lang/reflect/ProxyGenerator generateClassFile ()[B 188 <appendix> member <vmtarget> ; # java/lang/reflect/ProxyGenerator$$Lambda+0x00000202821cdef0
instanceKlass  @bci java/lang/reflect/ProxyGenerator addProxyMethod (Ljava/lang/reflect/Method;Ljava/lang/Class;)V 23 <appendix> argL0 ; # java/lang/reflect/ProxyGenerator$$Lambda+0x00000202821cdcb0
instanceKlass  @bci java/lang/reflect/ProxyGenerator addProxyMethod (Ljava/lang/reflect/ProxyGenerator$ProxyMethod;)V 10 <appendix> argL0 ; # java/lang/reflect/ProxyGenerator$$Lambda+0x00000202821cda70
instanceKlass java/lang/reflect/ProxyGenerator$ProxyMethod
instanceKlass java/lang/classfile/attribute/StackMapFrameInfo$ObjectVerificationTypeInfo
instanceKlass java/lang/classfile/attribute/StackMapFrameInfo$VerificationTypeInfo
instanceKlass  @bci jdk/internal/classfile/impl/ClassFileImpl withOptions ([Ljava/lang/classfile/ClassFile$Option;)Ljdk/internal/classfile/impl/ClassFileImpl; 99 <appendix> argL0 member <vmtarget> ; # jdk/internal/classfile/impl/ClassFileImpl$$TypeSwitch+0x00000202821cd000
instanceKlass java/lang/reflect/ProxyGenerator
instanceKlass  @bci java/lang/reflect/Proxy getLoader (Ljava/lang/Module;)Ljava/lang/ClassLoader; 6 <appendix> member <vmtarget> ; # java/lang/reflect/Proxy$$Lambda+0x00000202821ccbc8
instanceKlass  @bci java/lang/WeakPairMap computeIfAbsent (Ljava/lang/Object;Ljava/lang/Object;Ljava/util/function/BiFunction;)Ljava/lang/Object; 18 <appendix> member <vmtarget> ; # java/lang/WeakPairMap$$Lambda+0x00000202821cc770
instanceKlass  @bci java/lang/Module implAddExportsOrOpens (Ljava/lang/String;Ljava/lang/Module;ZZ)V 145 <appendix> argL0 ; # java/lang/Module$$Lambda+0x00000202821cc540
instanceKlass  @bci java/lang/module/ModuleDescriptor$Builder packages (Ljava/util/Set;)Ljava/lang/module/ModuleDescriptor$Builder; 17 <appendix> argL0 ; # java/lang/module/ModuleDescriptor$Builder$$Lambda+0x800000004
instanceKlass java/lang/module/ModuleDescriptor$Builder
instanceKlass  @bci java/lang/reflect/Proxy$ProxyBuilder getDynamicModule (Ljava/lang/ClassLoader;)Ljava/lang/Module; 4 <appendix> argL0 ; # java/lang/reflect/Proxy$ProxyBuilder$$Lambda+0x00000202821cbbe8
instanceKlass java/lang/PublicMethods
instanceKlass java/lang/reflect/Proxy$ProxyBuilder
instanceKlass  @bci java/lang/reflect/Proxy getProxyConstructor (Ljava/lang/Class;Ljava/lang/ClassLoader;[Ljava/lang/Class;)Ljava/lang/reflect/Constructor; 35 <appendix> argL0 ; # java/lang/reflect/Proxy$$Lambda+0x00000202821cb350
instanceKlass java/lang/reflect/Proxy
instanceKlass sun/reflect/annotation/AnnotationInvocationHandler
instanceKlass sun/reflect/annotation/AnnotationParser$1
instanceKlass java/lang/annotation/Inherited
instanceKlass java/lang/annotation/Retention
instanceKlass sun/reflect/annotation/ExceptionProxy
instanceKlass sun/reflect/annotation/AnnotationType$1
instanceKlass sun/reflect/annotation/AnnotationType
instanceKlass java/lang/reflect/GenericArrayType
instanceKlass sun/reflect/generics/visitor/Reifier
instanceKlass sun/reflect/generics/visitor/TypeTreeVisitor
instanceKlass sun/reflect/generics/factory/CoreReflectionFactory
instanceKlass sun/reflect/generics/factory/GenericsFactory
instanceKlass sun/reflect/generics/scope/AbstractScope
instanceKlass sun/reflect/generics/scope/Scope
instanceKlass sun/reflect/generics/tree/ClassTypeSignature
instanceKlass sun/reflect/generics/tree/SimpleClassTypeSignature
instanceKlass sun/reflect/generics/tree/FieldTypeSignature
instanceKlass sun/reflect/generics/tree/BaseType
instanceKlass sun/reflect/generics/tree/TypeSignature
instanceKlass sun/reflect/generics/tree/ReturnType
instanceKlass sun/reflect/generics/tree/TypeArgument
instanceKlass sun/reflect/generics/tree/TypeTree
instanceKlass sun/reflect/generics/tree/Tree
instanceKlass sun/reflect/generics/parser/SignatureParser
instanceKlass org/eclipse/lsp4j/jsonrpc/services/JsonRequest
instanceKlass org/eclipse/lsp4j/TextDocumentContentRefreshParams
instanceKlass org/eclipse/lsp4j/UnregistrationParams
instanceKlass org/eclipse/lsp4j/PublishDiagnosticsParams
instanceKlass org/eclipse/lsp4j/ShowDocumentParams
instanceKlass org/eclipse/lsp4j/WorkDoneProgressCreateParams
instanceKlass org/eclipse/lsp4j/RegistrationParams
instanceKlass org/eclipse/lsp4j/ProgressParams
instanceKlass org/eclipse/lsp4j/LogTraceParams
instanceKlass org/eclipse/lsp4j/ApplyWorkspaceEditParams
instanceKlass org/eclipse/lsp4j/MessageParams
instanceKlass java/util/concurrent/CompletableFuture
instanceKlass java/util/concurrent/CompletionStage
instanceKlass org/eclipse/lsp4j/ConfigurationParams
instanceKlass java/lang/Class$AnnotationData
instanceKlass org/eclipse/lsp4j/jsonrpc/services/JsonSegment
instanceKlass org/eclipse/lsp4j/jsonrpc/services/AnnotationUtil
instanceKlass  @bci org/eclipse/lsp4j/jsonrpc/services/ServiceEndpoints getSupportedMethods (Ljava/lang/Class;Ljava/util/Set;)Ljava/util/Map; 11 <appendix> member <vmtarget> ; # org/eclipse/lsp4j/jsonrpc/services/ServiceEndpoints$$Lambda+0x0000020282206600
instanceKlass  @bci org/h2/engine/MetaRecord <clinit> ()V 0 <bsm> form vmentry <vmtarget> ; # java/lang/invoke/LambdaForm$DMH+0x0000020282200400
instanceKlass org/eclipse/lsp4j/jsonrpc/services/AnnotationUtil$MethodInfo
instanceKlass java/lang/reflect/InvocationHandler
instanceKlass org/eclipse/lsp4j/jsonrpc/services/ServiceEndpoints
instanceKlass java/util/Collections$1
instanceKlass org/eclipse/lsp4j/jsonrpc/json/MethodProvider
instanceKlass org/eclipse/lsp4j/jsonrpc/Endpoint
instanceKlass org/eclipse/lsp4j/jsonrpc/Launcher
instanceKlass org/eclipse/lsp4j/jsonrpc/MessageProducer
instanceKlass org/eclipse/lsp4j/jsonrpc/MessageConsumer
instanceKlass org/eclipse/lsp4j/jsonrpc/MessageIssueHandler
instanceKlass org/eclipse/lsp4j/jsonrpc/Launcher$Builder
instanceKlass scala/meta/metals/lsp/DelegatingScalaService
instanceKlass java/util/concurrent/ConcurrentLinkedQueue$Node
instanceKlass scala/meta/internal/metals/MutableCancelable
instanceKlass scala/meta/internal/metals/Cancelable
instanceKlass scala/meta/internal/metals/clients/language/NoopLanguageClient
instanceKlass scala/meta/metals/ServerState$Started$
instanceKlass scala/meta/metals/ServerState
instanceKlass scala/meta/internal/metals/ThreadPools$
instanceKlass  @bci scala/meta/internal/metals/ClasspathSearch$Indexer$ <clinit> ()V 10 <appendix> argL0 ; # scala/meta/internal/metals/ClasspathSearch$Indexer$$$Lambda+0x00000202821bf750
instanceKlass  @cpi scala/meta/internal/metals/ClasspathSearch$Indexer$ 33 form vmentry <vmtarget> ; # java/lang/invoke/LambdaForm$DMH+0x0000020282200000
instanceKlass scala/meta/internal/metals/ClasspathSearch
instanceKlass scala/meta/internal/metals/ClasspathSearch$Indexer
instanceKlass scala/meta/internal/metals/ClasspathSearch$Indexer$
instanceKlass  @bci scala/meta/internal/metals/MetalsServerInputs$ productionConfiguration ()Lscala/meta/internal/metals/MetalsServerInputs; 50 <appendix> argL0 ; # scala/meta/internal/metals/MetalsServerInputs$$$Lambda+0x00000202821bee48
instanceKlass scala/meta/internal/metals/MtagsResolver$Default$State
instanceKlass scala/meta/internal/metals/MtagsResolver$Default
instanceKlass scala/meta/internal/metals/MtagsResolver
instanceKlass scala/meta/internal/metals/MtagsResolver$
instanceKlass  @bci scala/meta/internal/bsp/BspServers$ $anonfun$globalInstallDirectories$2 (Ljava/lang/String;)Lscala/Option; 4 <appendix> member <vmtarget> ; # scala/meta/internal/bsp/BspServers$$$Lambda+0x00000202821be320
instanceKlass  @bci scala/meta/internal/bsp/BspServers$ globalInstallDirectories (Lscala/concurrent/ExecutionContext;)Lscala/collection/immutable/List; 80 <appendix> argL0 ; # scala/meta/internal/bsp/BspServers$$$Lambda+0x00000202821bdf58
instanceKlass  @bci scala/meta/internal/bsp/BspServers$ globalInstallDirectories (Lscala/concurrent/ExecutionContext;)Lscala/collection/immutable/List; 72 <appendix> argL0 ; # scala/meta/internal/bsp/BspServers$$$Lambda+0x00000202821bdb90
instanceKlass scala/collection/mutable/HashSet$Node
instanceKlass scala/collection/mutable/HashSet$
instanceKlass  @bci scala/collection/SeqOps distinct ()Ljava/lang/Object; 1 <appendix> argL0 ; # scala/collection/SeqOps$$Lambda+0x00000202821b9040
instanceKlass java/util/concurrent/ForkJoinTask$Aux
instanceKlass  @bci scala/meta/internal/metals/MetalsProjectDirectories$ fromPath (Ljava/lang/String;ZLscala/concurrent/ExecutionContext;)Lscala/Option; 3 <appendix> member <vmtarget> ; # scala/meta/internal/metals/MetalsProjectDirectories$$$Lambda+0x00000202821b8d80
instanceKlass ujson/Value$Selector
instanceKlass ujson/Readable
instanceKlass scala/meta/internal/bsp/BspServers$
instanceKlass scala/meta/internal/metals/AutoImportBuildKind$Off$
instanceKlass scala/meta/internal/metals/TestUserInterfaceKind$CodeLenses$
instanceKlass scala/meta/internal/metals/BloopJvmProperties$Uninitialized$
instanceKlass scala/math/Ordering$Int$
instanceKlass scala/math/Ordering$CachedReverse
instanceKlass scala/math/Ordering$IntOrdering
instanceKlass  @bci scala/meta/internal/mtags/ScalametaCommonEnrichments $init$ (Lscala/meta/internal/mtags/ScalametaCommonEnrichments;)V 7 <appendix> argL0 ; # scala/meta/internal/mtags/ScalametaCommonEnrichments$$Lambda+0x00000202821b6e40
instanceKlass scalapb/UnrecognizedEnum
instanceKlass scala/meta/internal/semanticdb/SymbolInformation$Property$Recognized
instanceKlass scala/meta/internal/semanticdb/SymbolInformation$Property
instanceKlass scala/meta/internal/semanticdb/SymbolInformation$Property$
instanceKlass scalapb/GeneratedEnumCompanion
instanceKlass scala/meta/internal/semanticdb/Language$Recognized
instanceKlass scala/meta/internal/semanticdb/Language
instanceKlass scalapb/GeneratedEnum
instanceKlass scala/meta/internal/metals/MetalsEnrichments$
instanceKlass scala/meta/internal/mtags/MtagsEnrichments
instanceKlass scala/meta/internal/mtags/ScalametaCommonEnrichments
instanceKlass scala/meta/internal/mtags/CommonMtagsEnrichments
instanceKlass scala/meta/internal/metals/UserConfiguration
instanceKlass  @bci scala/meta/internal/metals/UserConfiguration$ <clinit> ()V 16 <appendix> argL0 ; # scala/meta/internal/metals/UserConfiguration$$$Lambda+0x00000202821ab818
instanceKlass scala/meta/internal/metals/ExcludedPackagesHandler
instanceKlass scala/meta/internal/metals/ExcludedPackagesHandler$
instanceKlass scala/meta/internal/metals/AutoImportBuildKind
instanceKlass scala/meta/internal/metals/TestUserInterfaceKind
instanceKlass scala/meta/internal/metals/BloopJvmProperties
instanceKlass scala/meta/internal/metals/UserConfiguration$
instanceKlass scala/meta/internal/metals/Time$system$
instanceKlass scala/collection/concurrent/TrieMap$MangledHashing
instanceKlass java/util/concurrent/atomic/AtomicIntegerFieldUpdater$AtomicIntegerFieldUpdaterImpl$1
instanceKlass java/util/concurrent/atomic/AtomicIntegerFieldUpdater
instanceKlass scala/collection/concurrent/KVNode
instanceKlass scala/collection/concurrent/INode$
instanceKlass  @bci scala/math/Equiv$ universal ()Lscala/math/Equiv; 0 <appendix> argL0 ; # scala/math/Equiv$$$Lambda+0x00000202821aeeb0
instanceKlass scala/util/hashing/Hashing$Default
instanceKlass scala/util/hashing/Hashing$
instanceKlass scala/util/hashing/Hashing
instanceKlass sun/reflect/misc/ReflectUtil
instanceKlass scala/collection/concurrent/Gen
instanceKlass java/util/concurrent/atomic/AtomicReferenceFieldUpdater$AtomicReferenceFieldUpdaterImpl$1
instanceKlass java/util/concurrent/atomic/AtomicReferenceFieldUpdater
instanceKlass scala/collection/concurrent/BasicNode
instanceKlass scala/collection/concurrent/TrieMap$
instanceKlass scala/meta/internal/metals/Buffers
instanceKlass scala/meta/internal/metals/MetalsServerInputs
instanceKlass scala/meta/internal/metals/Time
instanceKlass scala/meta/internal/metals/ProgressTicks
instanceKlass scala/meta/internal/metals/MetalsServerInputs$
instanceKlass scala/meta/metals/MetalsLanguageServer$
instanceKlass scala/meta/metals/lsp/ScalaLspService
instanceKlass scala/meta/metals/lsp/WindowService
instanceKlass scala/meta/metals/lsp/MetalsService
instanceKlass scala/meta/metals/lsp/WorkspaceService
instanceKlass scala/meta/metals/lsp/TextDocumentService
instanceKlass scala/meta/metals/MetalsLanguageServer
instanceKlass scala/meta/metals/lsp/LanguageServer
instanceKlass java/util/concurrent/RunnableScheduledFuture
instanceKlass java/util/concurrent/ScheduledFuture
instanceKlass java/util/concurrent/Delayed
instanceKlass java/util/concurrent/RunnableFuture
instanceKlass java/util/concurrent/Executors$DelegatedExecutorService
instanceKlass java/util/concurrent/ScheduledExecutorService
instanceKlass  @bci scala/meta/internal/metals/logging/LanguageClientLogger$ write (Lscribe/LogRecord;Lscribe/output/LogOutput;Lscribe/output/format/OutputFormat;)V 5 <appendix> member <vmtarget> ; # scala/meta/internal/metals/logging/LanguageClientLogger$$$Lambda+0x00000202821a61f8
instanceKlass scala/meta/internal/metals/clients/language/MetalsLanguageClient
instanceKlass scala/meta/internal/tvp/TreeViewClient
instanceKlass org/eclipse/lsp4j/services/LanguageClient
instanceKlass sun/security/util/ManifestEntryVerifier$SunProviderHolder
instanceKlass java/util/Base64$Encoder
instanceKlass java/util/Base64$Decoder
instanceKlass java/util/Base64
instanceKlass javax/crypto/SecretKey
instanceKlass sun/security/util/Length
instanceKlass sun/security/util/KeyUtil
instanceKlass java/security/interfaces/XECKey
instanceKlass java/security/interfaces/ECKey
instanceKlass sun/security/util/JarConstraintsParameters
instanceKlass sun/security/util/ConstraintsParameters
instanceKlass java/security/CodeSigner
instanceKlass java/security/Timestamp
instanceKlass sun/security/timestamp/TimestampToken
instanceKlass java/security/cert/CertPath
instanceKlass javax/security/auth/x500/X500Principal$1
instanceKlass jdk/internal/access/JavaxSecurityAccess
instanceKlass javax/security/auth/x500/X500Principal
instanceKlass java/math/MutableBigInteger
instanceKlass sun/security/rsa/RSAPadding
instanceKlass sun/security/rsa/RSACore
instanceKlass java/security/interfaces/RSAPrivateCrtKey
instanceKlass sun/security/pkcs/PKCS8Key
instanceKlass sun/security/util/InternalPrivateKey
instanceKlass java/security/interfaces/RSAPrivateKey
instanceKlass java/security/PrivateKey
instanceKlass javax/security/auth/Destroyable
instanceKlass jdk/internal/icu/util/CodePointTrie$Data
instanceKlass jdk/internal/icu/util/CodePointMap
instanceKlass jdk/internal/icu/util/VersionInfo
instanceKlass  @bci jdk/internal/module/SystemModuleFinders$SystemModuleReader open (Ljava/lang/String;)Ljava/util/Optional; 6 <appendix> member <vmtarget> ; # jdk/internal/module/SystemModuleFinders$SystemModuleReader$$Lambda+0x000002028217a650
instanceKlass jdk/internal/module/Checks
instanceKlass jdk/internal/icu/impl/ICUBinary$1
instanceKlass jdk/internal/icu/impl/ICUBinary
instanceKlass jdk/internal/icu/impl/NormalizerImpl$IsAcceptable
instanceKlass jdk/internal/icu/impl/ICUBinary$Authenticate
instanceKlass jdk/internal/icu/impl/NormalizerImpl
instanceKlass jdk/internal/icu/impl/Norm2AllModes$Norm2AllModesSingleton
instanceKlass jdk/internal/icu/impl/Norm2AllModes$NFKCSingleton
instanceKlass jdk/internal/icu/impl/Norm2AllModes
instanceKlass jdk/internal/icu/text/Normalizer2
instanceKlass jdk/internal/icu/text/NormalizerBase$ModeImpl
instanceKlass jdk/internal/icu/text/NormalizerBase$NFKDModeImpl
instanceKlass jdk/internal/icu/text/NormalizerBase$1
instanceKlass jdk/internal/icu/text/NormalizerBase$Mode
instanceKlass jdk/internal/icu/text/NormalizerBase
instanceKlass java/text/Normalizer
instanceKlass sun/security/x509/AVAKeyword
instanceKlass java/util/StringJoiner
instanceKlass sun/security/jca/ServiceId
instanceKlass java/security/Signature$1
instanceKlass jdk/internal/access/JavaSecuritySignatureAccess
instanceKlass java/security/SignatureSpi
instanceKlass sun/security/util/SignatureUtil
instanceKlass sun/security/provider/ByteArrayAccess$BE
instanceKlass sun/security/provider/ByteArrayAccess
instanceKlass sun/security/util/MessageDigestSpi2
instanceKlass java/security/MessageDigestSpi
instanceKlass sun/security/pkcs/SigningCertificateInfo$ESSCertId
instanceKlass  @bci sun/security/pkcs/PKCS9Attribute <clinit> ()V 531 <appendix> argL0 ; # sun/security/pkcs/PKCS9Attribute$$Lambda+0x0000020282174420
instanceKlass  @bci sun/security/pkcs/PKCS9Attribute <clinit> ()V 526 <appendix> argL0 ; # sun/security/pkcs/PKCS9Attribute$$Lambda+0x0000020282174200
instanceKlass  @bci sun/security/pkcs/PKCS9Attribute <clinit> ()V 504 <appendix> argL0 ; # sun/security/pkcs/PKCS9Attribute$$Lambda+0x0000020282173fe0
instanceKlass  @bci sun/security/pkcs/PKCS9Attribute <clinit> ()V 499 <appendix> argL0 ; # sun/security/pkcs/PKCS9Attribute$$Lambda+0x0000020282173dc0
instanceKlass  @bci sun/security/pkcs/PKCS9Attribute <clinit> ()V 477 <appendix> argL0 ; # sun/security/pkcs/PKCS9Attribute$$Lambda+0x0000020282173ba0
instanceKlass  @bci sun/security/pkcs/PKCS9Attribute <clinit> ()V 472 <appendix> argL0 ; # sun/security/pkcs/PKCS9Attribute$$Lambda+0x0000020282173980
instanceKlass sun/security/pkcs/SigningCertificateInfo
instanceKlass  @bci sun/security/pkcs/PKCS9Attribute <clinit> ()V 449 <appendix> argL0 ; # sun/security/pkcs/PKCS9Attribute$$Lambda+0x0000020282173548
instanceKlass  @cpi sun/security/pkcs/PKCS9Attribute 571 form vmentry <vmtarget> ; # java/lang/invoke/LambdaForm$DMH+0x00000202821a8000
instanceKlass  @bci sun/security/pkcs/PKCS9Attribute <clinit> ()V 444 <appendix> argL0 ; # sun/security/pkcs/PKCS9Attribute$$Lambda+0x0000020282173328
instanceKlass  @bci sun/security/pkcs/PKCS9Attribute <clinit> ()V 401 <appendix> argL0 ; # sun/security/pkcs/PKCS9Attribute$$Lambda+0x0000020282173108
instanceKlass  @bci sun/security/pkcs/PKCS9Attribute <clinit> ()V 396 <appendix> argL0 ; # sun/security/pkcs/PKCS9Attribute$$Lambda+0x0000020282172ee8
instanceKlass  @bci sun/security/pkcs/PKCS9Attribute <clinit> ()V 353 <appendix> argL0 ; # sun/security/pkcs/PKCS9Attribute$$Lambda+0x0000020282172cc8
instanceKlass  @bci sun/security/pkcs/PKCS9Attribute <clinit> ()V 348 <appendix> argL0 ; # sun/security/pkcs/PKCS9Attribute$$Lambda+0x0000020282172aa8
instanceKlass  @bci sun/security/pkcs/PKCS9Attribute <clinit> ()V 325 <appendix> argL0 ; # sun/security/pkcs/PKCS9Attribute$$Lambda+0x0000020282172888
instanceKlass  @bci sun/security/pkcs/PKCS9Attribute <clinit> ()V 320 <appendix> argL0 ; # sun/security/pkcs/PKCS9Attribute$$Lambda+0x0000020282172668
instanceKlass  @bci sun/security/pkcs/PKCS9Attribute <clinit> ()V 292 <appendix> argL0 ; # sun/security/pkcs/PKCS9Attribute$$Lambda+0x0000020282172448
instanceKlass  @bci sun/security/pkcs/PKCS9Attribute <clinit> ()V 287 <appendix> argL0 ; # sun/security/pkcs/PKCS9Attribute$$Lambda+0x0000020282172228
instanceKlass  @bci sun/security/pkcs/PKCS9Attribute <clinit> ()V 265 <appendix> argL0 ; # sun/security/pkcs/PKCS9Attribute$$Lambda+0x0000020282172008
instanceKlass  @bci sun/security/pkcs/PKCS9Attribute <clinit> ()V 260 <appendix> argL0 ; # sun/security/pkcs/PKCS9Attribute$$Lambda+0x0000020282171de8
instanceKlass  @bci sun/security/pkcs/PKCS9Attribute <clinit> ()V 238 <appendix> argL0 ; # sun/security/pkcs/PKCS9Attribute$$Lambda+0x0000020282171bc8
instanceKlass  @bci sun/security/pkcs/PKCS9Attribute <clinit> ()V 233 <appendix> argL0 ; # sun/security/pkcs/PKCS9Attribute$$Lambda+0x00000202821719a8
instanceKlass  @bci sun/security/pkcs/PKCS9Attribute <clinit> ()V 185 <appendix> argL0 ; # sun/security/pkcs/PKCS9Attribute$$Lambda+0x0000020282171788
instanceKlass  @bci sun/security/pkcs/PKCS9Attribute <clinit> ()V 180 <appendix> argL0 ; # sun/security/pkcs/PKCS9Attribute$$Lambda+0x0000020282171568
instanceKlass  @bci sun/security/pkcs/PKCS9Attribute <clinit> ()V 157 <appendix> argL0 ; # sun/security/pkcs/PKCS9Attribute$$Lambda+0x0000020282171138
instanceKlass sun/security/pkcs/PKCS9Attribute$Encoder
instanceKlass  @bci sun/security/pkcs/PKCS9Attribute <clinit> ()V 152 <appendix> argL0 ; # sun/security/pkcs/PKCS9Attribute$$Lambda+0x0000020282170d18
instanceKlass sun/security/pkcs/PKCS9Attribute$Decoder
instanceKlass sun/security/pkcs/PKCS9Attribute
instanceKlass sun/security/pkcs/PKCS9Attributes
instanceKlass java/time/zone/ZoneOffsetTransition
instanceKlass java/time/LocalTime
instanceKlass java/time/Instant
instanceKlass java/time/temporal/ValueRange
instanceKlass java/time/Duration
instanceKlass java/time/temporal/TemporalAmount
instanceKlass java/time/temporal/TemporalUnit
instanceKlass java/time/temporal/TemporalField
instanceKlass java/time/LocalDate
instanceKlass java/time/chrono/ChronoLocalDate
instanceKlass java/time/ZonedDateTime
instanceKlass java/time/chrono/ChronoZonedDateTime
instanceKlass java/time/LocalDateTime
instanceKlass java/time/chrono/ChronoLocalDateTime
instanceKlass java/time/temporal/Temporal
instanceKlass java/time/zone/ZoneOffsetTransitionRule
instanceKlass java/time/zone/ZoneRules
instanceKlass  @bci java/time/ZoneOffset ofTotalSeconds (I)Ljava/time/ZoneOffset; 37 <appendix> argL0 ; # java/time/ZoneOffset$$Lambda+0x800000013
instanceKlass java/time/temporal/TemporalAdjuster
instanceKlass java/time/temporal/TemporalAccessor
instanceKlass java/time/ZoneId
instanceKlass  @bci java/util/regex/CharPredicates ASCII_DIGIT ()Ljava/util/regex/Pattern$BmpCharPredicate; 0 <appendix> argL0 ; # java/util/regex/CharPredicates$$Lambda+0x80000002e
instanceKlass sun/security/util/DisabledAlgorithmConstraints$Constraints$Holder
instanceKlass sun/security/util/DisabledAlgorithmConstraints$Constraint
instanceKlass java/security/spec/ECFieldF2m
instanceKlass java/security/spec/ECParameterSpec
instanceKlass java/security/spec/ECPoint
instanceKlass java/security/spec/EllipticCurve
instanceKlass java/security/spec/ECFieldFp
instanceKlass java/security/spec/ECField
instanceKlass sun/security/util/CurveDB
instanceKlass sun/security/util/DisabledAlgorithmConstraints$Constraints
instanceKlass sun/security/util/AbstractAlgorithmConstraints$1
instanceKlass sun/security/util/AlgorithmDecomposer
instanceKlass sun/security/util/DisabledAlgorithmConstraints$JarHolder
instanceKlass  @bci java/util/regex/Pattern DOT ()Ljava/util/regex/Pattern$CharPredicate; 0 <appendix> argL0 ; # java/util/regex/Pattern$$Lambda+0x000002028216a648
instanceKlass sun/security/util/AbstractAlgorithmConstraints
instanceKlass java/security/AlgorithmConstraints
instanceKlass sun/security/pkcs/SignerInfo
instanceKlass java/security/cert/PolicyQualifierInfo
instanceKlass sun/security/x509/CertificatePolicyId
instanceKlass sun/security/x509/PolicyInformation
instanceKlass sun/security/x509/DistributionPoint
instanceKlass sun/security/x509/DNSName
instanceKlass sun/security/x509/URIName
instanceKlass sun/security/x509/GeneralName
instanceKlass sun/security/x509/AccessDescription
instanceKlass sun/security/x509/GeneralNames
instanceKlass java/lang/System$Logger
instanceKlass jdk/internal/event/EventHelper
instanceKlass sun/security/jca/JCAUtil
instanceKlass sun/security/util/MemoryCache$CacheEntry
instanceKlass sun/security/x509/KeyIdentifier
# instanceKlass java/lang/invoke/LambdaForm$MH+0x00000202821a3c00
instanceKlass sun/security/x509/OIDMap$OIDInfo
instanceKlass sun/security/x509/PKIXExtensions
instanceKlass sun/security/x509/OIDMap
instanceKlass sun/security/x509/Extension
instanceKlass java/security/cert/Extension
instanceKlass java/util/Collections$SynchronizedMap
instanceKlass sun/security/x509/CertificateExtensions
instanceKlass sun/security/rsa/RSAUtil
instanceKlass java/security/interfaces/RSAPublicKey
instanceKlass java/security/interfaces/RSAKey
instanceKlass java/security/spec/PSSParameterSpec
instanceKlass java/security/spec/AlgorithmParameterSpec
instanceKlass java/security/spec/RSAPrivateKeySpec
instanceKlass java/security/spec/RSAPublicKeySpec
instanceKlass java/security/KeyFactorySpi
instanceKlass sun/security/rsa/SunRsaSignEntries
instanceKlass sun/security/jca/ProviderList$ServiceIterator
instanceKlass java/security/KeyFactory
instanceKlass  @bci java/security/spec/EncodedKeySpec <clinit> ()V 0 <appendix> argL0 ; # java/security/spec/EncodedKeySpec$$Lambda+0x0000020282161180
instanceKlass  @cpi java/security/spec/EncodedKeySpec 79 form vmentry <vmtarget> ; # java/lang/invoke/LambdaForm$DMH+0x00000202821a3800
instanceKlass jdk/internal/access/JavaSecuritySpecAccess
instanceKlass java/security/spec/EncodedKeySpec
instanceKlass java/security/spec/KeySpec
instanceKlass sun/security/util/BitArray
instanceKlass sun/security/x509/X509Key
instanceKlass java/security/PublicKey
instanceKlass java/security/AsymmetricKey
instanceKlass java/security/Key
instanceKlass sun/security/x509/CertificateX509Key
instanceKlass sun/security/x509/CertificateValidity
instanceKlass sun/security/x509/AVA
instanceKlass sun/security/x509/RDN
instanceKlass sun/security/x509/X500Name
instanceKlass sun/security/x509/GeneralNameInterface
instanceKlass sun/security/x509/CertificateAlgorithmId
instanceKlass sun/security/x509/SerialNumber
instanceKlass sun/security/x509/CertificateSerialNumber
instanceKlass sun/security/x509/CertificateVersion
instanceKlass sun/security/x509/X509CertInfo
instanceKlass sun/security/util/Cache$EqualByteArray
instanceKlass java/security/cert/X509Extension
instanceKlass java/lang/Byte$ByteCache
instanceKlass  @bci sun/security/util/DerInputStream seeOptionalContextSpecific (I)Z 2 <appendix> member <vmtarget> ; # sun/security/util/DerInputStream$$Lambda+0x000002028215c9d0
instanceKlass  @cpi sun/security/util/DerInputStream 298 form vmentry <vmtarget> ; # java/lang/invoke/LambdaForm$DMH+0x00000202821a3400
instanceKlass sun/security/jca/GetInstance$Instance
instanceKlass sun/security/util/Cache
instanceKlass jdk/internal/event/Event
instanceKlass sun/security/jca/GetInstance
instanceKlass java/security/cert/CertificateFactorySpi
instanceKlass java/security/cert/CertificateFactory
instanceKlass sun/security/x509/AlgorithmId
instanceKlass java/util/Date
instanceKlass sun/security/util/ByteArrayTagOrder
instanceKlass sun/security/util/ByteArrayLexOrder
instanceKlass sun/security/util/DerValue
instanceKlass sun/security/util/ObjectIdentifier
instanceKlass sun/security/pkcs/ContentInfo
instanceKlass sun/security/util/DerEncoder
instanceKlass sun/security/util/DerInputStream
instanceKlass sun/security/pkcs/PKCS7
instanceKlass java/util/LinkedHashMap$LinkedHashIterator
instanceKlass sun/security/util/SecurityProviderConstants
instanceKlass java/security/Provider$UString
instanceKlass java/security/Provider$Service
instanceKlass sun/security/provider/NativePRNG$NonBlocking
instanceKlass sun/security/provider/NativePRNG$Blocking
instanceKlass sun/security/provider/NativePRNG
instanceKlass sun/security/provider/SunEntries$1
instanceKlass sun/security/provider/SunEntries
instanceKlass sun/security/util/SecurityConstants
instanceKlass java/security/Security$1
instanceKlass jdk/internal/access/JavaSecurityPropertiesAccess
instanceKlass java/util/concurrent/ConcurrentHashMap$MapEntry
instanceKlass java/util/Properties$LineReader
instanceKlass  @bci java/security/Security <clinit> ()V 9 <appendix> argL0 ; # java/security/Security$$Lambda+0x800000012
instanceKlass java/security/Security
instanceKlass sun/security/jca/ProviderList$2
instanceKlass javax/security/auth/login/Configuration$Parameters
instanceKlass java/security/Policy$Parameters
instanceKlass java/security/cert/CertStoreParameters
instanceKlass java/security/SecureRandomParameters
instanceKlass java/security/Provider$EngineDescription
instanceKlass java/security/Provider$ServiceKey
instanceKlass sun/security/jca/ProviderConfig
instanceKlass sun/security/jca/ProviderList
instanceKlass sun/security/jca/Providers
instanceKlass  @bci sun/security/util/ManifestDigester <init> ([B)V 350 <appendix> argL0 ; # sun/security/util/ManifestDigester$$Lambda+0x0000020282152008
instanceKlass sun/security/util/ManifestDigester$Section
instanceKlass sun/security/util/ManifestDigester$Entry
instanceKlass sun/security/util/ManifestDigester$Position
instanceKlass sun/security/util/ManifestDigester
instanceKlass sun/security/util/ManifestEntryVerifier
instanceKlass jdk/internal/misc/ThreadTracker
instanceKlass java/util/jar/JarFile$ThreadTrackHolder
instanceKlass  @bci scribe/file/PathBuilder after (Lscribe/file/FileWriter;)V 5 <appendix> member <vmtarget> ; # scribe/file/PathBuilder$$Lambda+0x00000202821a5828
instanceKlass  @bci scribe/file/FileWriter write (Lscribe/LogRecord;Lscribe/output/LogOutput;Lscribe/output/format/OutputFormat;)V 124 <appendix> member <vmtarget> ; # scribe/file/FileWriter$$Lambda+0x00000202821a5458
instanceKlass java/io/PrintWriter$1
instanceKlass jdk/internal/access/JavaIOPrintWriterAccess
instanceKlass  @bci scribe/file/writer/LogFileWriter$ <clinit> ()V 10 <appendix> argL0 ; # scribe/file/writer/LogFileWriter$$$Lambda+0x00000202821a5090
instanceKlass scribe/file/writer/IOLogFileWriter
instanceKlass scribe/file/writer/LogFileWriter
instanceKlass scribe/file/writer/LogFileWriter$
instanceKlass  @bci scribe/file/LogFile writer$lzycompute ()Lscribe/file/writer/LogFileWriter; 57 <appendix> argL0 ; # scribe/file/LogFile$$Lambda+0x00000202821a4670
instanceKlass scribe/file/LogFileStatus$Active$
instanceKlass  @bci scribe/file/LogFile writer$lzycompute ()Lscribe/file/writer/LogFileWriter; 29 <appendix> argL0 ; # scribe/file/LogFile$$Lambda+0x00000202821a4000
instanceKlass scribe/output/TextOutput$
instanceKlass  @bci scribe/output/CompositeOutput plainText$lzycompute ()Ljava/lang/String; 16 <appendix> argL0 ; # scribe/output/CompositeOutput$$Lambda+0x000002028219f840
instanceKlass  @bci scribe/file/FileWriter write (Lscribe/LogRecord;Lscribe/output/LogOutput;Lscribe/output/format/OutputFormat;)V 111 <appendix> member <vmtarget> ; # scribe/file/FileWriter$$Lambda+0x000002028219f470
instanceKlass  @bci scribe/file/FileWriter write (Lscribe/LogRecord;Lscribe/output/LogOutput;Lscribe/output/format/OutputFormat;)V 97 <appendix> member <vmtarget> ; # scribe/file/FileWriter$$Lambda+0x000002028219f0a0
instanceKlass  @bci scribe/file/LogFile$ request (Ljava/io/File;Lscribe/file/FileWriter;)Lscribe/file/LogFile; 275 <appendix> argL0 ; # scribe/file/LogFile$$$Lambda+0x000002028219ede8
instanceKlass scribe/file/LogFileStatus$Inactive$
instanceKlass scribe/file/LogFileStatus
instanceKlass scribe/file/LogFile
instanceKlass java/lang/Shutdown$Lock
instanceKlass java/lang/Shutdown
instanceKlass java/lang/ApplicationShutdownHooks$1
instanceKlass java/lang/ApplicationShutdownHooks
instanceKlass  @bci scribe/mdc/MDCThreadLocal$$anon$1 childValue (Lscribe/mdc/MDC;)Lscribe/mdc/MDC; 13 <appendix> argL0 ; # scribe/mdc/MDCThreadLocal$$anon$1$$Lambda+0x000002028219e378
instanceKlass java/lang/Thread$ThreadNumbering
instanceKlass  @bci scribe/file/LogFile$ <clinit> ()V 49 <appendix> argL0 ; # scribe/file/LogFile$$$Lambda+0x000002028219e0a0
instanceKlass  @cpi scala/meta/internal/metals/Cancelable$ 28 form vmentry <vmtarget> ; # java/lang/invoke/LambdaForm$DMH+0x00000202821a3000
instanceKlass scala/runtime/java8/JFunction0$mcV$sp
instanceKlass scribe/file/Platform$
instanceKlass scribe/file/LogFile$
instanceKlass  @bci scribe/file/PathBuilder before (Lscribe/file/FileWriter;)V 5 <appendix> member <vmtarget> ; # scribe/file/PathBuilder$$Lambda+0x000002028219d3a0
instanceKlass  @bci scala/meta/internal/tvp/ClasspathTreeView <init> (Lscala/meta/internal/mtags/GlobalSymbolIndex;Ljava/lang/String;Ljava/lang/String;Ljava/lang/String;Lscala/meta/internal/metals/Folder;Lscala/Function1;Lscala/Function1;Lscala/Function1;Lscala/Function1;Lscala/Function1;Lscala/Function0;Lscala/Function2;Ljava/lang/String;)V 84 <appendix> form vmentry <vmtarget> ; # java/lang/invoke/LambdaForm$MH+0x00000202821a2c00
instanceKlass java/lang/invoke/LambdaFormEditor$1
# instanceKlass java/lang/invoke/LambdaForm$MH+0x00000202821a2800
instanceKlass  @bci scala/meta/internal/tvp/ClasspathTreeView <init> (Lscala/meta/internal/mtags/GlobalSymbolIndex;Ljava/lang/String;Ljava/lang/String;Ljava/lang/String;Lscala/meta/internal/metals/Folder;Lscala/Function1;Lscala/Function1;Lscala/Function1;Lscala/Function1;Lscala/Function1;Lscala/Function0;Lscala/Function2;Ljava/lang/String;)V 84 <appendix> argL3 form vmentry <vmtarget> ; # java/lang/invoke/LambdaForm$MH+0x00000202821a2400
instanceKlass  @bci scala/meta/internal/metals/ServerCommands$ <clinit> ()V 1949 <appendix> argL7 argL2 form vmentry <vmtarget> ; # java/lang/invoke/LambdaForm$MH+0x00000202821a2000
# instanceKlass java/lang/invoke/LambdaForm$MH+0x00000202821a1c00
# instanceKlass java/lang/invoke/LambdaForm$MH+0x00000202821a1800
# instanceKlass java/lang/invoke/LambdaForm$MH+0x00000202821a1400
instanceKlass  @bci scala/meta/internal/tvp/ClasspathTreeView <init> (Lscala/meta/internal/mtags/GlobalSymbolIndex;Ljava/lang/String;Ljava/lang/String;Ljava/lang/String;Lscala/meta/internal/metals/Folder;Lscala/Function1;Lscala/Function1;Lscala/Function1;Lscala/Function1;Lscala/Function1;Lscala/Function0;Lscala/Function2;Ljava/lang/String;)V 84 <appendix> argL1 form vmentry <vmtarget> ; # java/lang/invoke/LambdaForm$MH+0x00000202821a1000
# instanceKlass java/lang/invoke/LambdaForm$MH+0x00000202821a0c00
# instanceKlass java/lang/invoke/LambdaForm$MH+0x00000202821a0800
# instanceKlass java/lang/invoke/LambdaForm$MH+0x00000202821a0400
# instanceKlass java/lang/invoke/LambdaForm$MH+0x00000202821a0000
instanceKlass scribe/output/TextOutput
instanceKlass perfolation/NumberFormatUtil$
instanceKlass perfolation/JVMCrossDate$
instanceKlass perfolation/JVMCrossDate
instanceKlass sun/util/calendar/CalendarDate
instanceKlass sun/util/resources/Bundles$CacheKeyReference
instanceKlass  @bci java/util/ResourceBundle$ResourceBundleProviderHelper newResourceBundle (Ljava/lang/Class;)Ljava/util/ResourceBundle; 22 <appendix> member <vmtarget> ; # java/util/ResourceBundle$ResourceBundleProviderHelper$$Lambda+0x800000019
instanceKlass java/util/ResourceBundle$ResourceBundleProviderHelper
instanceKlass  @bci sun/util/cldr/CLDRLocaleProviderAdapter applyAliases (Ljava/util/Locale;)Ljava/util/Locale; 4 <appendix> argL0 ; # sun/util/cldr/CLDRLocaleProviderAdapter$$Lambda+0x800000064
instanceKlass sun/util/resources/Bundles$CacheKey
instanceKlass java/util/ResourceBundle$1
instanceKlass jdk/internal/access/JavaUtilResourceBundleAccess
instanceKlass sun/util/resources/Bundles
instanceKlass sun/util/resources/LocaleData$LocaleDataStrategy
instanceKlass sun/util/resources/Bundles$Strategy
instanceKlass sun/util/resources/LocaleData$1
instanceKlass sun/util/resources/LocaleData
instanceKlass java/util/regex/Pattern$BitClass
instanceKlass sun/util/locale/provider/LocaleResources
instanceKlass  @bci sun/util/locale/provider/LocaleProviderAdapter toLocaleArray (Ljava/util/Set;)[Ljava/util/Locale; 21 <appendix> argL0 ; # sun/util/locale/provider/LocaleProviderAdapter$$Lambda+0x80000006e
instanceKlass java/util/stream/DistinctOps
instanceKlass  @bci sun/util/locale/provider/LocaleProviderAdapter toLocaleArray (Ljava/util/Set;)[Ljava/util/Locale; 6 <appendix> argL0 ; # sun/util/locale/provider/LocaleProviderAdapter$$Lambda+0x80000006d
instanceKlass java/util/Spliterators$IteratorSpliterator
instanceKlass  @bci sun/util/cldr/CLDRLocaleProviderAdapter getCalendarDataProvider ()Ljava/util/spi/CalendarDataProvider; 8 <appendix> member <vmtarget> ; # sun/util/cldr/CLDRLocaleProviderAdapter$$Lambda+0x800000067
instanceKlass  @bci java/util/ResourceBundle$Control getCandidateLocales (Ljava/lang/String;Ljava/util/Locale;)Ljava/util/List; 23 <appendix> argL0 ; # java/util/ResourceBundle$Control$$Lambda+0x800000017
instanceKlass  @bci java/util/ResourceBundle$Control <clinit> ()V 55 <appendix> argL0 ; # java/util/ResourceBundle$Control$$Lambda+0x800000018
instanceKlass java/util/ResourceBundle
instanceKlass java/util/ResourceBundle$Control
instanceKlass sun/util/locale/provider/CalendarDataUtility$CalendarWeekParameterGetter
instanceKlass sun/util/locale/provider/LocaleServiceProviderPool$LocalizedObjectGetter
instanceKlass sun/util/locale/provider/LocaleServiceProviderPool
instanceKlass java/util/Locale$Builder
instanceKlass sun/util/locale/provider/CalendarDataUtility
instanceKlass sun/util/calendar/CalendarSystem$GregorianHolder
instanceKlass sun/util/calendar/CalendarSystem
instanceKlass java/util/Calendar$Builder
instanceKlass  @bci java/util/regex/Pattern Single (I)Ljava/util/regex/Pattern$BmpCharPredicate; 1 <appendix> member <vmtarget> ; # java/util/regex/Pattern$$Lambda+0x800000032
instanceKlass sun/util/locale/provider/AvailableLanguageTags
instanceKlass  @bci sun/util/locale/provider/JRELocaleProviderAdapter getCalendarProvider ()Lsun/util/spi/CalendarProvider; 8 <appendix> member <vmtarget> ; # sun/util/locale/provider/JRELocaleProviderAdapter$$Lambda+0x800000068
instanceKlass java/util/ServiceLoader$ProviderImpl
instanceKlass java/util/ServiceLoader$Provider
instanceKlass java/util/ServiceLoader$1
instanceKlass sun/util/resources/cldr/provider/CLDRLocaleDataMetaInfo
instanceKlass jdk/internal/module/ModulePatcher$PatchedModuleReader
instanceKlass java/util/ServiceLoader$3
instanceKlass java/util/ServiceLoader$2
instanceKlass java/util/ServiceLoader$LazyClassPathLookupIterator
instanceKlass java/util/concurrent/CopyOnWriteArrayList$COWIterator
instanceKlass java/util/ServiceLoader$ModuleServicesLookupIterator
instanceKlass java/util/ServiceLoader
instanceKlass  @bci sun/util/cldr/CLDRLocaleProviderAdapter <init> ()V 4 <appendix> argL0 ; # sun/util/cldr/CLDRLocaleProviderAdapter$$Lambda+0x800000066
instanceKlass sun/util/locale/InternalLocaleBuilder$CaseInsensitiveChar
instanceKlass sun/util/locale/InternalLocaleBuilder
instanceKlass sun/util/locale/StringTokenIterator
instanceKlass sun/util/locale/ParseStatus
instanceKlass sun/util/locale/LanguageTag
instanceKlass sun/util/cldr/CLDRBaseLocaleDataMetaInfo
instanceKlass sun/util/locale/provider/LocaleDataMetaInfo
instanceKlass sun/util/locale/provider/ResourceBundleBasedAdapter
instanceKlass java/util/Collections$UnmodifiableCollection$1
instanceKlass sun/util/locale/provider/LocaleProviderAdapter
instanceKlass java/util/spi/LocaleServiceProvider
instanceKlass sun/util/calendar/CalendarUtils
instanceKlass sun/util/calendar/ZoneInfoFile$ZoneOffsetTransitionRule
instanceKlass java/io/FileInputStream$1
instanceKlass jdk/internal/util/ByteArray
instanceKlass sun/util/calendar/ZoneInfoFile$1
instanceKlass sun/util/calendar/ZoneInfoFile
instanceKlass java/util/TimeZone
instanceKlass java/util/Calendar
instanceKlass perfolation/Platform$
instanceKlass perfolation/CrossDate
instanceKlass perfolation/CrossDate$
instanceKlass perfolation/package$
instanceKlass perfolation/numeric/RoundingMode
instanceKlass perfolation/LongImplicits$
instanceKlass  @bci scribe/format/FormatBlocksFormatter format (Lscribe/LogRecord;)Lscribe/output/LogOutput; 9 <appendix> member <vmtarget> ; # scribe/format/FormatBlocksFormatter$$Lambda+0x000002028219b9b8
instanceKlass scribe/output/CompositeOutput
instanceKlass  @bci scribe/handler/SynchronousLogHandle$ log (Lscribe/handler/LogHandlerBuilder;Lscribe/LogRecord;)V 10 <appendix> member <vmtarget> ; # scribe/handler/SynchronousLogHandle$$$Lambda+0x000002028219b380
instanceKlass  @bci scribe/Logger $anonfun$log$4 (Lscribe/LogRecord;Lscribe/Logger;)V 2 <appendix> member <vmtarget> ; # scribe/Logger$$Lambda+0x000002028219b0c0
instanceKlass  @bci scribe/Logger $anonfun$log$1 (Lscribe/Logger;Lscribe/LogRecord;)V 26 <appendix> member <vmtarget> ; # scribe/Logger$$Lambda+0x000002028219acf0
instanceKlass  @bci scribe/Logger $anonfun$log$1 (Lscribe/Logger;Lscribe/LogRecord;)V 17 <appendix> argL0 ; # scribe/Logger$$Lambda+0x000002028219a928
instanceKlass  @bci scribe/Logger $anonfun$log$1 (Lscribe/Logger;Lscribe/LogRecord;)V 5 <appendix> member <vmtarget> ; # scribe/Logger$$Lambda+0x000002028219a558
instanceKlass  @bci scribe/Logger log (Lscala/Function0;)V 156 <appendix> member <vmtarget> ; # scribe/Logger$$Lambda+0x000002028219a188
instanceKlass  @bci scribe/LoggerSupport log (Lscribe/Level;Lscribe/mdc/MDC;Lscala/collection/immutable/Seq;Lsourcecode/Pkg;Lsourcecode/FileName;Lsourcecode/Name;Lsourcecode/Line;)Ljava/lang/Object; 42 <appendix> member <vmtarget> ; # scribe/LoggerSupport$$Lambda+0x0000020282199ec8
instanceKlass  @bci scribe/LoggerSupport log (Lscribe/Level;Lscribe/mdc/MDC;Lscala/collection/immutable/Seq;Lsourcecode/Pkg;Lsourcecode/FileName;Lsourcecode/Name;Lsourcecode/Line;)Ljava/lang/Object; 24 <appendix> argL0 ; # scribe/LoggerSupport$$Lambda+0x0000020282199728
instanceKlass scala/collection/convert/AsScalaExtensions$ConcurrentMapHasAsScala
instanceKlass  @bci scribe/Logger shouldLog (Lscribe/LogRecord;)Z 78 <appendix> member <vmtarget> ; # scribe/Logger$$Lambda+0x00000202821973d0
instanceKlass  @bci scribe/Logger shouldLog (Lscribe/LogRecord;)Z 68 <appendix> argL0 ; # scribe/Logger$$Lambda+0x0000020282197008
instanceKlass  @bci scribe/LogRecord$ simple (Ljava/lang/String;Ljava/lang/String;Ljava/lang/String;Lscala/Option;Lscala/Option;Lscala/Option;Lscribe/Level;Ljava/lang/Thread;Lscala/collection/immutable/Map;J)Lscribe/LogRecord; 19 <appendix> member <vmtarget> ; # scribe/LogRecord$$$Lambda+0x0000020282196d48
instanceKlass scribe/LogRecord$
instanceKlass  @bci scribe/Logger$ get (Ljava/lang/String;)Lscala/Option; 14 <appendix> argL0 ; # scribe/Logger$$$Lambda+0x0000020282196778
instanceKlass scribe/LoggerSupport$
instanceKlass scribe/message/LoggableMessage$$anon$1
instanceKlass scribe/message/LazyMessage
instanceKlass scribe/message/Message
instanceKlass  @bci scribe/message/LoggableMessage$ string2LoggableMessage (Lscala/Function0;)Lscribe/message/LoggableMessage; 1 <appendix> argL0 ; # scribe/message/LoggableMessage$$$Lambda+0x0000020282195af8
instanceKlass scribe/message/LoggableMessage
instanceKlass scribe/Loggable
instanceKlass scribe/message/LoggableMessage$
instanceKlass scribe/LogFeature$
instanceKlass  @bci scribe/mdc/MDC$ <clinit> ()V 16 <appendix> argL0 ; # scribe/mdc/MDC$$$Lambda+0x0000020282194f20
instanceKlass scribe/mdc/MDCMap
instanceKlass scribe/mdc/MDCThreadLocal$
instanceKlass scribe/mdc/MDC
instanceKlass scribe/mdc/MDCManager
instanceKlass scribe/mdc/MDC$
instanceKlass sourcecode/SourceValue
instanceKlass  @bci scala/meta/internal/metals/Trace$ setupPrintWriter$1 (Lscala/collection/immutable/List;Ljava/lang/String;Lscala/collection/immutable/List;)Lscala/Option; 190 <appendix> member <vmtarget> ; # scala/meta/internal/metals/Trace$$$Lambda+0x00000202821931b8
instanceKlass scribe/package$
instanceKlass scala/meta/internal/io/PlatformFileIO$
instanceKlass scala/meta/internal/io/FileIO$
instanceKlass  @bci org/h2/value/DataType createDate (IILjava/lang/String;ZII)Lorg/h2/value/DataType; 12 <appendix> form vmentry <vmtarget> ; # java/lang/invoke/LambdaForm$MH+0x000002028218c400
instanceKlass  @bci scala/meta/internal/metals/Trace$ setupTracePrinter (Ljava/lang/String;Lscala/meta/io/AbsolutePath;Lscala/concurrent/ExecutionContext;)Lscala/Option; 26 <appendix> member <vmtarget> ; # scala/meta/internal/metals/Trace$$$Lambda+0x0000020282192740
instanceKlass scala/meta/internal/metals/logging/LanguageClientLogger$
instanceKlass scribe/Priority
instanceKlass java/util/TimSort
instanceKlass java/util/Arrays$LegacyMergeSort
instanceKlass scala/meta/internal/metals/logging/MetalsLogger$MetalsFilter
instanceKlass  @bci scribe/format/package$FormatterInterpolator$ formatter$extension (Lscala/StringContext;Lscala/collection/immutable/Seq;)Lscribe/format/Formatter; 30 <appendix> member <vmtarget> ; # scribe/format/package$FormatterInterpolator$$$Lambda+0x000002028218da98
instanceKlass scala/collection/IterableOnce$
instanceKlass scala/collection/mutable/Builder$$anon$1
instanceKlass  @bci scala/collection/immutable/ArraySeq$ newBuilder (Lscala/reflect/ClassTag;)Lscala/collection/mutable/Builder; 12 <appendix> member <vmtarget> ; # scala/collection/immutable/ArraySeq$$$Lambda+0x000002028218d200
instanceKlass scala/collection/mutable/IndexedBuffer
instanceKlass scala/collection/mutable/GrowableBuilder
instanceKlass scala/collection/mutable/ArrayBuffer$
instanceKlass scala/runtime/ClassValueCompat$
instanceKlass scala/runtime/ClassValueCompat
instanceKlass scala/runtime/ClassValueCompat$ClassValueInterface
instanceKlass scala/collection/mutable/ListBuffer$
instanceKlass scala/collection/ClassTagIterableFactory$AnyIterableDelegate
instanceKlass scala/collection/immutable/ArraySeq$
instanceKlass scala/collection/StrictOptimizedClassTagSeqFactory
instanceKlass scala/collection/ClassTagSeqFactory
instanceKlass scribe/format/FormatBlock$Level$PaddedRight$
instanceKlass scribe/format/FormatBlock$Date$Standard$
instanceKlass scribe/format/CachingFormatBlock
instanceKlass scala/StringContext
instanceKlass scribe/format/package$FormatterInterpolator$
instanceKlass scribe/file/FlushMode$AlwaysFlush$
instanceKlass  @bci scribe/file/PathBuilder file (J)Ljava/io/File; 11 <appendix> member <vmtarget> ; # scribe/file/PathBuilder$$Lambda+0x000002028218a260
instanceKlass  @cpi scribe/file/PathBuilder 113 form vmentry <vmtarget> ; # java/lang/invoke/LambdaForm$DMH+0x000002028218c000
instanceKlass  @bci scribe/util/Time$ reset ()V 1 <appendix> argL0 ; # scribe/util/Time$$$Lambda+0x0000020282189f88
instanceKlass  @cpi scribe/util/Time$ 61 form vmentry <vmtarget> ; # java/lang/invoke/LambdaForm$DMH+0x0000020282184400
instanceKlass scribe/util/Time$
instanceKlass scribe/Execution$
instanceKlass scribe/file/FlushMode$AsynchronousFlush$
instanceKlass scribe/file/FlushMode$AsynchronousFlush
instanceKlass scala/runtime/AbstractFunction4
instanceKlass scala/Function4
instanceKlass scribe/file/path/PathPart$SetPath
instanceKlass scribe/file/path/PathPart
instanceKlass scribe/file/PathBuilder
instanceKlass scribe/file/PathBuilder$
instanceKlass scribe/file/FlushMode
instanceKlass scribe/file/FileWriter
instanceKlass  @bci scala/meta/internal/metals/logging/MetalsLogger$ configureWithFileHandlers (Lscala/collection/immutable/List;)Lscribe/Logger; 13 <appendix> argL0 ; # scala/meta/internal/metals/logging/MetalsLogger$$$Lambda+0x0000020282188000
instanceKlass  @bci moduload/Moduload$ load ()V 75 <appendix> argL0 ; # moduload/Moduload$$$Lambda+0x0000020282184800
instanceKlass  @bci moduload/Priority$ <clinit> ()V 16 <appendix> argL0 ; # moduload/Priority$$$Lambda+0x0000020282185998
instanceKlass moduload/Priority$
instanceKlass  @bci moduload/Moduload$ load ()V 56 <appendix> argL0 ; # moduload/Moduload$$$Lambda+0x00000202821853c8
instanceKlass moduload/Moduload
instanceKlass  @bci moduload/Moduload$ load ()V 48 <appendix> argL0 ; # moduload/Moduload$$$Lambda+0x0000020282185000
instanceKlass  @bci moduload/Moduload$ load ()V 38 <appendix> argL0 ; # moduload/Moduload$$$Lambda+0x00000202821879a0
instanceKlass scala/collection/convert/JavaCollectionWrappers$IteratorWrapper
instanceKlass scala/collection/convert/AsScalaExtensions$EnumerationHasAsScala
instanceKlass jdk/internal/loader/URLClassPath$1
instanceKlass java/lang/CompoundEnumeration
instanceKlass jdk/internal/loader/BuiltinClassLoader$1
instanceKlass java/util/Collections$EmptyEnumeration
instanceKlass jdk/internal/jimage/ImageLocation
instanceKlass jdk/internal/jimage/decompressor/Decompressor
instanceKlass jdk/internal/jimage/ImageStringsReader
instanceKlass jdk/internal/jimage/ImageStrings
instanceKlass jdk/internal/jimage/ImageHeader
instanceKlass jdk/internal/jimage/NativeImageBuffer$1
instanceKlass jdk/internal/jimage/NativeImageBuffer
instanceKlass jdk/internal/jimage/BasicImageReader$1
instanceKlass jdk/internal/jimage/BasicImageReader
instanceKlass jdk/internal/jimage/ImageReader
instanceKlass jdk/internal/jimage/ImageReaderFactory$1
instanceKlass jdk/internal/jimage/ImageReaderFactory
instanceKlass jdk/internal/module/SystemModuleFinders$SystemImage
instanceKlass jdk/internal/module/SystemModuleFinders$SystemModuleReader
instanceKlass java/lang/module/ModuleReader
instanceKlass jdk/internal/loader/BuiltinClassLoader$5
instanceKlass jdk/internal/loader/BuiltinClassLoader$2
instanceKlass jdk/internal/module/Resources
instanceKlass java/util/concurrent/atomic/AtomicBoolean
instanceKlass moduload/Moduload$
instanceKlass scribe/LoggerId$
instanceKlass scribe/handler/LogHandlerBuilder
instanceKlass scala/math/Ordering$$anon$1
instanceKlass  @bci scribe/handler/LogHandler$ apply (Lscribe/format/Formatter;Lscribe/writer/Writer;Lscala/Option;Lscala/collection/immutable/List;Lscribe/output/format/OutputFormat;Lscribe/handler/LogHandle;)Lscribe/handler/LogHandlerBuilder; 21 <appendix> argL0 ; # scribe/handler/LogHandler$$$Lambda+0x0000020282183c20
instanceKlass  @bci scribe/handler/LogHandler$ apply (Lscribe/format/Formatter;Lscribe/writer/Writer;Lscala/Option;Lscala/collection/immutable/List;Lscribe/output/format/OutputFormat;Lscribe/handler/LogHandle;)Lscribe/handler/LogHandlerBuilder; 1 <appendix> argL0 ; # scribe/handler/LogHandler$$$Lambda+0x0000020282183858
instanceKlass scribe/handler/LogHandler$
instanceKlass scribe/handler/SynchronousLogHandle$
instanceKlass scribe/output/format/ASCIIOutputFormat$
instanceKlass  @bci scribe/PlatformImplementation outputFormat ()Lscribe/output/format/OutputFormat; 18 <appendix> argL0 ; # scribe/PlatformImplementation$$Lambda+0x0000020282182e30
instanceKlass  @bci scala/sys/package$ env ()Lscala/collection/immutable/Map; 33 <appendix> argL0 ; # scala/sys/package$$$Lambda+0x0000020282181828
instanceKlass java/util/Collections$UnmodifiableMap$UnmodifiableEntrySet$UnmodifiableEntry
instanceKlass java/util/Collections$UnmodifiableMap$UnmodifiableEntrySet$1
instanceKlass java/util/Collections$UnmodifiableCollection
instanceKlass java/io/Reader
instanceKlass scribe/output/format/OutputFormat
instanceKlass scribe/Platform$
instanceKlass scribe/PlatformImplementation
instanceKlass scribe/output/format/OutputFormat$
instanceKlass scribe/writer/ConsoleWriter$
instanceKlass scribe/format/FormatBlocksFormatter
instanceKlass scribe/format/FormatBlock$MDCAll$
instanceKlass scribe/format/FormatBlock$Messages$
instanceKlass  @bci scribe/format/package$ groupBySecond (Lscala/collection/immutable/Seq;)Lscribe/format/FormatBlock; 79 <appendix> form vmentry <vmtarget> ; # java/lang/invoke/LambdaForm$DMH+0x0000020282184000
instanceKlass  @bci scribe/format/package$ groupBySecond (Lscala/collection/immutable/Seq;)Lscribe/format/FormatBlock; 79 <appendix> member <vmtarget> ; # scribe/format/package$$$Lambda+0x0000020282180210
instanceKlass scala/runtime/ObjectRef
instanceKlass scala/runtime/LongRef
instanceKlass scribe/format/FormatBlock$NewLine$
instanceKlass scribe/output/Color$Green$
instanceKlass scribe/format/FormatBlock$Position$
instanceKlass  @bci scribe/format/package$ levelColored ()Lscribe/format/FormatBlock; 3 <appendix> argL0 ; # scribe/format/package$$$Lambda+0x00000202821393d0
instanceKlass  @bci scribe/format/package$ italic (Lscribe/format/FormatBlock;)Lscribe/format/FormatBlock; 4 <appendix> member <vmtarget> ; # scribe/format/package$$$Lambda+0x0000020282139000
instanceKlass scribe/format/FormatBlock$ThreadName$
instanceKlass scribe/format/FormatBlock$RawString
instanceKlass  @bci scribe/format/package$ fg (Lscribe/output/Color;Lscribe/format/FormatBlock;)Lscribe/format/FormatBlock; 5 <appendix> member <vmtarget> ; # scribe/format/package$$$Lambda+0x000002028213b600
instanceKlass scribe/output/ColoredOutput
instanceKlass scribe/output/Color$Cyan$
instanceKlass scribe/format/FormatBlock$$anon$1
instanceKlass  @bci scribe/format/package$ bold (Lscribe/format/FormatBlock;)Lscribe/format/FormatBlock; 4 <appendix> member <vmtarget> ; # scribe/format/package$$$Lambda+0x000002028213aa88
instanceKlass scribe/LogRecord
instanceKlass scribe/format/FormatBlock$
instanceKlass scribe/format/FormatBlock$Date$Full$
instanceKlass scribe/output/LogOutput
instanceKlass scribe/output/Color
instanceKlass scribe/format/package$
instanceKlass scribe/format/FormatBlock
instanceKlass scribe/format/Formatter
instanceKlass scribe/format/Formatter$
instanceKlass  @bci scribe/Logger withModifier (Lscribe/modify/LogModifier;)Lscribe/Logger; 6 <appendix> member <vmtarget> ; # scribe/Logger$$Lambda+0x000002028213f188
instanceKlass  @bci scribe/modify/LevelFilter$ $greater$eq (Lscribe/Level;)Lscribe/modify/LevelFilter; 10 <appendix> argL0 ; # scribe/modify/LevelFilter$$$Lambda+0x000002028213eda0
instanceKlass  @bci scribe/modify/LevelFilter$ $greater$eq (Lscribe/Level;)Lscribe/modify/LevelFilter; 5 <appendix> member <vmtarget> ; # scribe/modify/LevelFilter$$$Lambda+0x000002028213e9b0
instanceKlass  @cpi scribe/modify/LevelFilter$ 130 form vmentry <vmtarget> ; # java/lang/invoke/LambdaForm$DMH+0x0000020282138800
instanceKlass scala/runtime/java8/JFunction1$mcZD$sp
instanceKlass scribe/modify/LevelFilter
instanceKlass scribe/filter/Filter
instanceKlass scribe/modify/LevelFilter$
instanceKlass  @bci scribe/Logger$ DefaultRootMinimumLevel$lzycompute ()Lscribe/Level; 29 <appendix> argL0 ; # scribe/Logger$$$Lambda+0x000002028213dd50
instanceKlass  @bci scribe/Logger$ DefaultRootMinimumLevel$lzycompute ()Lscribe/Level; 21 <appendix> argL0 ; # scribe/Logger$$$Lambda+0x000002028213d988
instanceKlass  @bci scribe/Priority$ <clinit> ()V 16 <appendix> argL0 ; # scribe/Priority$$$Lambda+0x000002028213d5c0
instanceKlass scribe/Priority$
instanceKlass  @bci scribe/modify/LogModifier$ <clinit> ()V 16 <appendix> argL0 ; # scribe/modify/LogModifier$$$Lambda+0x000002028213cff0
instanceKlass scribe/modify/LogModifier$
instanceKlass scribe/modify/LogModifier
instanceKlass scribe/handler/LogHandler
instanceKlass scribe/handler/LogHandle
instanceKlass scribe/Logger
instanceKlass scribe/LoggerId
instanceKlass scribe/Logger$
instanceKlass java/nio/channels/NetworkChannel
instanceKlass sun/nio/ch/SelChImpl
instanceKlass sun/nio/ch/Streams
instanceKlass java/nio/channels/Channels
instanceKlass sun/nio/ch/FileChannelImpl$Closer
instanceKlass sun/nio/ch/NativeThreadSet
instanceKlass java/nio/channels/spi/AbstractInterruptibleChannel$1
instanceKlass sun/nio/ch/Interruptible
instanceKlass sun/nio/ch/IOUtil
instanceKlass sun/nio/ch/NativeDispatcher
instanceKlass java/nio/channels/spi/AbstractInterruptibleChannel
instanceKlass java/nio/channels/InterruptibleChannel
instanceKlass java/nio/channels/ScatteringByteChannel
instanceKlass java/nio/channels/GatheringByteChannel
instanceKlass java/nio/channels/SeekableByteChannel
instanceKlass java/nio/channels/ByteChannel
instanceKlass java/nio/channels/WritableByteChannel
instanceKlass java/nio/channels/ReadableByteChannel
instanceKlass java/nio/channels/Channel
instanceKlass sun/nio/fs/WindowsChannelFactory$2
instanceKlass sun/nio/fs/WindowsChannelFactory$Flags
instanceKlass sun/nio/fs/WindowsChannelFactory$1
instanceKlass sun/nio/fs/WindowsChannelFactory
instanceKlass  @bci scala/meta/internal/metals/logging/MetalsLogger$ redirectSystemOut (Lscala/collection/immutable/List;)V 10 <appendix> argL0 ; # scala/meta/internal/metals/logging/MetalsLogger$$$Lambda+0x0000020282113878
instanceKlass sun/nio/fs/WindowsSecurityDescriptor
instanceKlass java/nio/file/attribute/FileAttribute
instanceKlass  @bci scala/meta/internal/metals/logging/MetalsLogger$ redirectSystemOut (Lscala/collection/immutable/List;)V 1 <appendix> argL0 ; # scala/meta/internal/metals/logging/MetalsLogger$$$Lambda+0x00000202821134b0
instanceKlass  @bci scala/meta/internal/metals/Trace$ metalsLog (Lscala/concurrent/ExecutionContext;)Lscala/meta/io/AbsolutePath; 5 <appendix> argL0 ; # scala/meta/internal/metals/Trace$$$Lambda+0x00000202821131f8
instanceKlass scala/runtime/AbstractFunction1
instanceKlass scala/runtime/AbstractPartialFunction
instanceKlass jdk/internal/util/random/RandomSupport
instanceKlass java/util/Random
instanceKlass java/util/random/RandomGenerator
instanceKlass  @bci jdk/internal/foreign/AbstractMemorySegmentImpl toArray (Ljava/lang/foreign/ValueLayout$OfChar;)[C 10 <appendix> argL0 ; # jdk/internal/foreign/AbstractMemorySegmentImpl$$Lambda+0x0000020282146e78
instanceKlass  @bci jdk/internal/foreign/AbstractMemorySegmentImpl toArray (Ljava/lang/foreign/ValueLayout$OfChar;)[C 5 <appendix> argL0 ; # jdk/internal/foreign/AbstractMemorySegmentImpl$$Lambda+0x0000020282146c58
# instanceKlass java/lang/invoke/LambdaForm$MH+0x0000020282138400
# instanceKlass java/lang/invoke/LambdaForm$MH+0x0000020282138000
# instanceKlass java/lang/invoke/LambdaForm$MH+0x0000020282137c00
# instanceKlass java/lang/invoke/LambdaForm$BMH+0x0000020282137800
# instanceKlass java/lang/invoke/LambdaForm$DMH+0x0000020282137400
# instanceKlass java/lang/invoke/LambdaForm$DMH+0x0000020282137000
# instanceKlass java/lang/invoke/LambdaForm$MH+0x0000020282136c00
# instanceKlass java/lang/invoke/LambdaForm$MH+0x0000020282136800
# instanceKlass java/lang/invoke/LambdaForm$DMH+0x0000020282136400
# instanceKlass java/lang/invoke/LambdaForm$MH+0x0000020282136000
# instanceKlass java/lang/invoke/LambdaForm$MH+0x0000020282135c00
# instanceKlass java/lang/invoke/LambdaForm$BMH+0x0000020282135800
# instanceKlass java/lang/invoke/LambdaForm$DMH+0x0000020282135400
instanceKlass java/lang/invoke/VarHandles$1
# instanceKlass java/lang/invoke/LambdaForm$DMH+0x0000020282135000
instanceKlass  @bci jdk/internal/foreign/AbstractMemorySegmentImpl get (Ljava/lang/foreign/AddressLayout;J)Ljava/lang/foreign/MemorySegment; 8 <adapter> ; # java/lang/invoke/LambdaForm$VH+0x0000020282134c00
instanceKlass  @bci java/lang/invoke/VarHandles permuteCoordinates (Ljava/lang/invoke/VarHandle;Ljava/util/List;[I)Ljava/lang/invoke/VarHandle; 64 <appendix> member <vmtarget> ; # java/lang/invoke/VarHandles$$Lambda+0x0000020282146588
instanceKlass java/util/stream/Nodes$IntArrayNode
instanceKlass java/util/stream/Node$Builder$OfInt
instanceKlass  @bci java/util/stream/IntPipeline toArray ()[I 1 <appendix> argL0 ; # java/util/stream/IntPipeline$$Lambda+0x00000202821457f8
instanceKlass java/util/stream/Streams$2
instanceKlass java/util/stream/Streams
instanceKlass java/util/stream/Streams$ConcatSpliterator
instanceKlass java/util/stream/Streams$RangeIntSpliterator
instanceKlass java/util/Spliterators$IntArraySpliterator
# instanceKlass java/lang/invoke/LambdaForm$MH+0x0000020282134800
instanceKlass sun/invoke/util/ValueConversions$Handles
# instanceKlass java/lang/invoke/LambdaForm$MH+0x0000020282134400
# instanceKlass java/lang/invoke/LambdaForm$MH+0x0000020282134000
# instanceKlass java/lang/invoke/LambdaForm$DMH+0x0000020282133c00
# instanceKlass java/lang/invoke/LambdaForm$MH+0x0000020282133800
# instanceKlass java/lang/invoke/LambdaForm$MH+0x0000020282133400
# instanceKlass java/lang/invoke/LambdaForm$MH+0x0000020282133000
# instanceKlass java/lang/invoke/LambdaForm$BMH+0x0000020282132c00
# instanceKlass java/lang/invoke/LambdaForm$DMH+0x0000020282132800
instanceKlass  @bci scala/collection/StringOps$ stripMargin$extension (Ljava/lang/String;C)Ljava/lang/String; 27 <appendix> form vmentry <vmtarget> ; # java/lang/invoke/LambdaForm$DMH+0x0000020282132400
instanceKlass  @bci java/lang/invoke/VarHandles collectCoordinates (Ljava/lang/invoke/VarHandle;ILjava/lang/invoke/MethodHandle;)Ljava/lang/invoke/VarHandle; 217 <appendix> member <vmtarget> ; # java/lang/invoke/VarHandles$$Lambda+0x0000020282144210
instanceKlass  @cpi scala/meta/internal/metals/TimerProvider 155 form vmentry <vmtarget> ; # java/lang/invoke/LambdaForm$DMH+0x0000020282132000
# instanceKlass java/lang/invoke/LambdaForm$MH+0x0000020282131c00
instanceKlass sun/invoke/util/ValueConversions$1
# instanceKlass java/lang/invoke/LambdaForm$MH+0x0000020282131800
# instanceKlass java/lang/invoke/LambdaForm$MH+0x0000020282131400
# instanceKlass java/lang/invoke/LambdaForm$MH+0x0000020282131000
instanceKlass  @bci java/lang/invoke/VarHandles filterValue (Ljava/lang/invoke/VarHandle;Ljava/lang/invoke/MethodHandle;Ljava/lang/invoke/MethodHandle;)Ljava/lang/invoke/VarHandle; 391 <appendix> member <vmtarget> ; # java/lang/invoke/VarHandles$$Lambda+0x0000020282143dd0
# instanceKlass java/lang/invoke/LambdaForm$MH+0x0000020282130c00
instanceKlass jdk/internal/org/objectweb/asm/Edge
# instanceKlass java/lang/invoke/LambdaForm$MH+0x0000020282130800
# instanceKlass java/lang/invoke/LambdaForm$MH+0x0000020282130400
# instanceKlass java/lang/invoke/LambdaForm$MH+0x0000020282130000
# instanceKlass java/lang/invoke/LambdaForm$DMH+0x000002028212fc00
# instanceKlass java/lang/invoke/LambdaForm$DMH+0x000002028212f800
instanceKlass java/lang/ClassValue$Version
instanceKlass java/lang/ClassValue$Identity
instanceKlass java/lang/ClassValue
instanceKlass java/lang/invoke/MethodHandleImpl$ArrayAccessor
# instanceKlass java/lang/invoke/LambdaForm$MH+0x000002028212f400
instanceKlass  @bci org/h2/mvstore/MVStore hasMap (Ljava/lang/String;)Z 5 <appendix> form vmentry <vmtarget> ; # java/lang/invoke/LambdaForm$MH+0x000002028212f000
# instanceKlass java/lang/invoke/LambdaForm$MH+0x000002028212ec00
# instanceKlass java/lang/invoke/LambdaForm$DMH+0x000002028212e800
instanceKlass java/lang/invoke/MethodHandleImpl$LoopClauses
instanceKlass java/lang/invoke/MethodHandleImpl$CasesHolder
# instanceKlass java/lang/invoke/LambdaForm$MH+0x000002028212e400
# instanceKlass java/lang/invoke/LambdaForm$MH+0x000002028212e000
instanceKlass  @bci java/util/stream/MatchOps makeRef (Ljava/util/function/Predicate;Ljava/util/stream/MatchOps$MatchKind;)Ljava/util/stream/TerminalOp; 20 <appendix> member <vmtarget> ; # java/util/stream/MatchOps$$Lambda+0x800000050
instanceKlass java/util/stream/MatchOps$BooleanTerminalSink
instanceKlass java/util/stream/MatchOps$MatchOp
instanceKlass java/util/stream/MatchOps
instanceKlass  @bci java/lang/invoke/VarHandles adaptForCheckedExceptions (Ljava/lang/invoke/MethodHandle;)Ljava/lang/invoke/MethodHandle; 13 <appendix> argL0 ; # java/lang/invoke/VarHandles$$Lambda+0x00000202821434e8
instanceKlass jdk/internal/foreign/abi/AbstractLinker$UpcallStubFactory
instanceKlass java/lang/invoke/InfoFromMemberName$1
# instanceKlass java/lang/invoke/LambdaForm$MH+0x000002028212dc00
# instanceKlass java/lang/invoke/LambdaForm$DMH+0x000002028212d800
instanceKlass java/lang/invoke/ClassSpecializer$Factory$1Var
# instanceKlass java/lang/invoke/LambdaForm$MH+0x000002028212d400
# instanceKlass java/lang/invoke/LambdaForm$BMH+0x000002028212d000
# instanceKlass java/lang/invoke/LambdaForm$DMH+0x000002028212cc00
instanceKlass  @bci jdk/internal/foreign/Utils pointeeByteAlign (Ljava/lang/foreign/AddressLayout;)J 6 <appendix> argL0 ; # jdk/internal/foreign/Utils$$Lambda+0x0000020282142a88
instanceKlass  @bci jdk/internal/foreign/Utils pointeeByteSize (Ljava/lang/foreign/AddressLayout;)J 6 <appendix> argL0 ; # jdk/internal/foreign/Utils$$Lambda+0x0000020282142848
instanceKlass  @cpi jdk/internal/foreign/Utils 444 form vmentry <vmtarget> ; # java/lang/invoke/LambdaForm$DMH+0x000002028212c800
instanceKlass  @bci jdk/internal/foreign/Utils makeRawSegmentViewVarHandle (Ljava/lang/foreign/ValueLayout;)Ljava/lang/invoke/VarHandle; 9 <appendix> argL0 ; # jdk/internal/foreign/Utils$$Lambda+0x00000202821420e8
instanceKlass jdk/internal/foreign/Utils$1VarHandleCache
instanceKlass  @bci jdk/internal/foreign/layout/AbstractLayout varHandleInternal ([Ljava/lang/foreign/MemoryLayout$PathElement;)Ljava/lang/invoke/VarHandle; 7 <appendix> argL0 ; # jdk/internal/foreign/layout/AbstractLayout$$Lambda+0x0000020282141ca0
# instanceKlass java/lang/invoke/LambdaForm$DMH+0x000002028212c400
# instanceKlass java/lang/invoke/LambdaForm$DMH+0x000002028212c000
# instanceKlass java/lang/invoke/LambdaForm$DMH+0x000002028212bc00
# instanceKlass java/lang/invoke/LambdaForm$DMH+0x000002028212b800
# instanceKlass java/lang/invoke/LambdaForm$DMH+0x000002028212b400
# instanceKlass java/lang/invoke/LambdaForm$DMH+0x000002028212b000
instanceKlass jdk/internal/foreign/LayoutPath
instanceKlass java/lang/foreign/MemoryLayout$PathElement
instanceKlass  @bci jdk/internal/foreign/layout/ValueLayouts$AbstractValueLayout varHandle ()Ljava/lang/invoke/VarHandle; 22 <appendix> member <vmtarget> ; # jdk/internal/foreign/layout/ValueLayouts$AbstractValueLayout$$Lambda+0x00000202821413f0
instanceKlass jdk/internal/foreign/layout/ValueLayouts$AbstractValueLayout$1VarHandleCache
# instanceKlass java/lang/invoke/LambdaForm$MH+0x000002028212ac00
# instanceKlass java/lang/invoke/LambdaForm$DMH+0x000002028212a800
instanceKlass  @bci coursier/paths/shaded/dirs/impl/WindowsForeign SHGetKnownFolderPath (Ljava/lang/foreign/MemorySegment;ILjava/lang/foreign/MemorySegment;Ljava/lang/foreign/MemorySegment;)I 11 <adapter> ; # java/lang/invoke/LambdaForm$MH+0x000002028212a400
# instanceKlass java/lang/invoke/LambdaForm$MH+0x000002028212a000
# instanceKlass java/lang/invoke/LambdaForm$MH+0x0000020282129c00
# instanceKlass java/lang/invoke/LambdaForm$MH+0x0000020282129800
# instanceKlass java/lang/invoke/LambdaForm$MH+0x0000020282129400
# instanceKlass java/lang/invoke/LambdaForm$BMH+0x0000020282129000
# instanceKlass java/lang/invoke/LambdaForm$DMH+0x0000020282128c00
# instanceKlass java/lang/invoke/LambdaForm$DMH+0x0000020282128800
# instanceKlass java/lang/invoke/LambdaForm$DMH+0x0000020282128400
# instanceKlass jdk/internal/foreign/abi/DowncallStub+0x0000020282128000
# instanceKlass java/lang/invoke/LambdaForm$MH+0x0000020282127c00
instanceKlass dev/dirs/impl/WindowsForeign$SHGetKnownFolderPath
# instanceKlass java/lang/invoke/LambdaForm$MH+0x0000020282127800
# instanceKlass java/lang/invoke/LambdaForm$DMH+0x0000020282127400
instanceKlass  @bci java/lang/invoke/BootstrapMethodInvoker invoke (Ljava/lang/Class;Ljava/lang/invoke/MethodHandle;Ljava/lang/String;Ljava/lang/Object;Ljava/lang/Object;Ljava/lang/Class;)Ljava/lang/Object; 95 <adapter> ; # java/lang/invoke/LambdaForm$MH+0x0000020282127000
instanceKlass java/lang/invoke/ConstantBootstraps
instanceKlass  @bci coursier/paths/shaded/dirs/impl/WindowsForeign CLSIDFromString (Ljava/lang/foreign/MemorySegment;Ljava/lang/foreign/MemorySegment;)I 7 <adapter> ; # java/lang/invoke/LambdaForm$MH+0x0000020282126c00
instanceKlass  @bci jdk/internal/foreign/abi/AbstractLinker$LinkRequest equals (Ljava/lang/Object;)Z 2 <appendix> form names 7 function resolvedHandle form vmentry <vmtarget> ; # java/lang/invoke/LambdaForm$DMH+0x0000020282126800
# instanceKlass java/lang/invoke/LambdaForm$MH+0x0000020282126400
# instanceKlass java/lang/invoke/LambdaForm$MH+0x0000020282126000
# instanceKlass java/lang/invoke/LambdaForm$MH+0x0000020282125c00
# instanceKlass java/lang/invoke/LambdaForm$MH+0x0000020282125800
# instanceKlass java/lang/invoke/LambdaForm$BMH+0x0000020282125400
# instanceKlass java/lang/invoke/LambdaForm$DMH+0x0000020282125000
# instanceKlass java/lang/invoke/LambdaForm$DMH+0x0000020282124c00
# instanceKlass java/lang/invoke/LambdaForm$DMH+0x0000020282124800
# instanceKlass jdk/internal/foreign/abi/DowncallStub+0x0000020282124400
instanceKlass  @bci java/lang/classfile/constantpool/ConstantDynamicEntry asSymbol ()Ljava/lang/constant/DynamicConstantDesc; 59 <appendix> argL0 ; # java/lang/classfile/constantpool/ConstantDynamicEntry$$Lambda+0x00000202821406d0
instanceKlass  @bci java/lang/classfile/constantpool/ConstantDynamicEntry asSymbol ()Ljava/lang/constant/DynamicConstantDesc; 49 <appendix> argL0 ; # java/lang/classfile/constantpool/ConstantDynamicEntry$$Lambda+0x0000020282140490
instanceKlass java/lang/classfile/instruction/ExceptionCatch
instanceKlass java/lang/classfile/instruction/ThrowInstruction
instanceKlass  @bci jdk/internal/classfile/impl/BlockCodeBuilderImpl topLocal (Ljava/lang/classfile/CodeBuilder;)I 11 <appendix> argL0 member <vmtarget> ; # jdk/internal/classfile/impl/BlockCodeBuilderImpl$$TypeSwitch+0x000002028207f428
instanceKlass  @bci jdk/internal/classfile/impl/NonterminalCodeBuilder <init> (Ljava/lang/classfile/CodeBuilder;)V 21 <appendix> argL0 member <vmtarget> ; # jdk/internal/classfile/impl/NonterminalCodeBuilder$$TypeSwitch+0x000002028207e1e8
instanceKlass jdk/internal/classfile/impl/NonterminalCodeBuilder
instanceKlass  @bci jdk/internal/foreign/abi/BindingSpecializer emitReleaseScopes ()V 44 <appendix> member <vmtarget> ; # jdk/internal/foreign/abi/BindingSpecializer$$Lambda+0x000002028207bee0
instanceKlass  @cpi jdk/internal/foreign/abi/BindingSpecializer 1372 form vmentry <vmtarget> ; # java/lang/invoke/LambdaForm$DMH+0x0000020282124000
instanceKlass java/lang/classfile/CodeBuilder$BlockCodeBuilder
instanceKlass java/lang/classfile/constantpool/InterfaceMethodRefEntry
instanceKlass java/lang/classfile/constantpool/DoubleEntry
instanceKlass java/lang/classfile/constantpool/LongEntry
instanceKlass java/lang/classfile/constantpool/ConstantValueEntry
instanceKlass java/lang/classfile/instruction/ConstantInstruction$LoadConstantInstruction
instanceKlass java/lang/classfile/constantpool/ConstantDynamicEntry
instanceKlass java/lang/classfile/constantpool/DynamicConstantPoolEntry
instanceKlass java/lang/classfile/constantpool/MethodHandleEntry
instanceKlass  @bci jdk/internal/foreign/abi/BindingSpecializer doBindings (Ljava/util/List;)V 41 <appendix> argL0 member <vmtarget> ; # jdk/internal/foreign/abi/BindingSpecializer$$TypeSwitch+0x00000202820798b8
instanceKlass java/lang/classfile/instruction/FieldInstruction
instanceKlass java/lang/classfile/constantpool/FieldRefEntry
instanceKlass java/lang/classfile/instruction/StoreInstruction
instanceKlass  @bci jdk/internal/foreign/abi/BindingSpecializer lambda$specializeHelper$1 (Ljava/lang/invoke/MethodType;Ljdk/internal/foreign/abi/CallingSequence;Ljdk/internal/foreign/abi/ABIDescriptor;Ljava/lang/invoke/MethodType;Ljava/lang/classfile/ClassBuilder;)V 50 <appendix> member <vmtarget> ; # jdk/internal/foreign/abi/BindingSpecializer$$Lambda+0x00000202820787a0
instanceKlass  @bci java/lang/invoke/MethodType describeConstable ()Ljava/util/Optional; 30 <appendix> argL0 ; # java/lang/invoke/MethodType$$Lambda+0x0000020282078580
instanceKlass  @bci java/lang/invoke/MethodType describeConstable ()Ljava/util/Optional; 20 <appendix> argL0 ; # java/lang/invoke/MethodType$$Lambda+0x0000020282078340
instanceKlass java/lang/classfile/ClassFileVersion
instanceKlass java/lang/classfile/Superclass
instanceKlass  @bci jdk/internal/foreign/abi/BindingSpecializer specializeHelper (Ljava/lang/invoke/MethodType;Ljava/lang/invoke/MethodType;Ljdk/internal/foreign/abi/CallingSequence;Ljdk/internal/foreign/abi/ABIDescriptor;)[B 28 <appendix> member <vmtarget> ; # jdk/internal/foreign/abi/BindingSpecializer$$Lambda+0x0000020282077858
instanceKlass jdk/internal/foreign/abi/BindingSpecializer
# instanceKlass java/lang/invoke/LambdaForm$MH+0x0000020282123c00
instanceKlass java/lang/invoke/NativeMethodHandle$Lazy
instanceKlass  @bci scribe/file/PathBuilder file (J)Ljava/io/File; 11 <appendix> form vmentry <vmtarget> ; # java/lang/invoke/LambdaForm$DMH+0x0000020282123800
instanceKlass  @bci jdk/internal/foreign/abi/NativeEntryPoint lambda$make$1 (Ljava/lang/invoke/MethodType;Ljdk/internal/foreign/abi/ABIDescriptor;[Ljdk/internal/foreign/abi/VMStorage;[Ljdk/internal/foreign/abi/VMStorage;ZIZLjdk/internal/foreign/abi/NativeEntryPoint$CacheKey;)Ljdk/internal/foreign/abi/NativeEntryPoint; 51 <appendix> member <vmtarget> ; # jdk/internal/foreign/abi/NativeEntryPoint$$Lambda+0x0000020282076ec8
instanceKlass  @cpi jdk/internal/foreign/abi/NativeEntryPoint 179 form vmentry <vmtarget> ; # java/lang/invoke/LambdaForm$DMH+0x0000020282123400
instanceKlass java/util/Arrays$ArrayItr
instanceKlass  @bci jdk/internal/foreign/abi/NativeEntryPoint$CacheKey hashCode ()I 1 <appendix> argL1 form vmentry <vmtarget> ; # java/lang/invoke/LambdaForm$MH+0x0000020282123000
instanceKlass  @bci jdk/internal/foreign/abi/NativeEntryPoint$CacheKey hashCode ()I 1 <appendix> argL1 form names 5 function resolvedHandle form vmentry <vmtarget> ; # java/lang/invoke/LambdaForm$DMH+0x0000020282122c00
instanceKlass  @bci jdk/internal/foreign/abi/NativeEntryPoint make (Ljdk/internal/foreign/abi/ABIDescriptor;[Ljdk/internal/foreign/abi/VMStorage;[Ljdk/internal/foreign/abi/VMStorage;Ljava/lang/invoke/MethodType;ZIZ)Ljdk/internal/foreign/abi/NativeEntryPoint; 74 <adapter> ; # java/lang/invoke/LambdaForm$MH+0x0000020282122800
# instanceKlass java/lang/invoke/LambdaForm$DMH+0x0000020282122400
instanceKlass  @bci jdk/internal/foreign/abi/NativeEntryPoint make (Ljdk/internal/foreign/abi/ABIDescriptor;[Ljdk/internal/foreign/abi/VMStorage;[Ljdk/internal/foreign/abi/VMStorage;Ljava/lang/invoke/MethodType;ZIZ)Ljdk/internal/foreign/abi/NativeEntryPoint; 74 <appendix> form vmentry <vmtarget> ; # java/lang/invoke/LambdaForm$DMH+0x0000020282122000
instanceKlass  @bci jdk/internal/foreign/abi/NativeEntryPoint make (Ljdk/internal/foreign/abi/ABIDescriptor;[Ljdk/internal/foreign/abi/VMStorage;[Ljdk/internal/foreign/abi/VMStorage;Ljava/lang/invoke/MethodType;ZIZ)Ljdk/internal/foreign/abi/NativeEntryPoint; 74 <appendix> member <vmtarget> ; # jdk/internal/foreign/abi/NativeEntryPoint$$Lambda+0x0000020282076a20
instanceKlass  @cpi jdk/internal/foreign/abi/NativeEntryPoint 173 form vmentry <vmtarget> ; # java/lang/invoke/LambdaForm$DMH+0x0000020282121c00
instanceKlass java/util/stream/ReduceOps$5ReducingSink
instanceKlass  @bci jdk/internal/foreign/abi/CallingSequence capturedStateMask ()I 18 <appendix> argL0 ; # jdk/internal/foreign/abi/CallingSequence$$Lambda+0x0000020282075d38
instanceKlass java/util/function/IntBinaryOperator
instanceKlass  @bci jdk/internal/foreign/abi/CallingSequence capturedStateMask ()I 7 <appendix> argL0 ; # jdk/internal/foreign/abi/CallingSequence$$Lambda+0x0000020282074ef0
instanceKlass java/util/function/ToIntFunction
instanceKlass  @bci jdk/internal/foreign/abi/DowncallLinker toStorageArray ([Ljdk/internal/foreign/abi/Binding$Move;)[Ljdk/internal/foreign/abi/VMStorage; 14 <appendix> argL0 ; # jdk/internal/foreign/abi/DowncallLinker$$Lambda+0x0000020282074a80
instanceKlass  @bci jdk/internal/foreign/abi/DowncallLinker toStorageArray ([Ljdk/internal/foreign/abi/Binding$Move;)[Ljdk/internal/foreign/abi/VMStorage; 4 <appendix> argL0 ; # jdk/internal/foreign/abi/DowncallLinker$$Lambda+0x0000020282074840
instanceKlass  @bci jdk/internal/foreign/abi/DowncallLinker retMoveBindings (Ljdk/internal/foreign/abi/CallingSequence;)[Ljdk/internal/foreign/abi/Binding$VMLoad; 5 <appendix> argL0 ; # jdk/internal/foreign/abi/DowncallLinker$$Lambda+0x0000020282074620
instanceKlass  @bci jdk/internal/foreign/abi/DowncallLinker retMoveBindingsStream (Ljdk/internal/foreign/abi/CallingSequence;)Ljava/util/stream/Stream; 33 <appendix> member <vmtarget> ; # jdk/internal/foreign/abi/DowncallLinker$$Lambda+0x00000202820741e0
instanceKlass  @bci jdk/internal/foreign/abi/DowncallLinker retMoveBindingsStream (Ljdk/internal/foreign/abi/CallingSequence;)Ljava/util/stream/Stream; 16 <appendix> member <vmtarget> ; # jdk/internal/foreign/abi/DowncallLinker$$Lambda+0x0000020282073f88
instanceKlass  @bci jdk/internal/foreign/abi/DowncallLinker getBoundMethodHandle ()Ljava/lang/invoke/MethodHandle; 8 <appendix> argL0 ; # jdk/internal/foreign/abi/DowncallLinker$$Lambda+0x0000020282073d68
instanceKlass  @bci jdk/internal/foreign/abi/DowncallLinker argMoveBindingsStream (Ljdk/internal/foreign/abi/CallingSequence;)Ljava/util/stream/Stream; 28 <appendix> member <vmtarget> ; # jdk/internal/foreign/abi/DowncallLinker$$Lambda+0x0000020282073928
instanceKlass  @bci jdk/internal/foreign/abi/DowncallLinker argMoveBindingsStream (Ljdk/internal/foreign/abi/CallingSequence;)Ljava/util/stream/Stream; 11 <appendix> member <vmtarget> ; # jdk/internal/foreign/abi/DowncallLinker$$Lambda+0x00000202820736d0
instanceKlass  @bci jdk/internal/foreign/abi/CallingSequence argumentBindings ()Ljava/util/stream/Stream; 9 <appendix> argL0 ; # jdk/internal/foreign/abi/CallingSequence$$Lambda+0x0000020282073490
# instanceKlass java/lang/invoke/LambdaForm$DMH+0x0000020282121800
instanceKlass jdk/internal/foreign/abi/DowncallLinker
instanceKlass jdk/internal/foreign/abi/CallingSequence
instanceKlass  @bci jdk/internal/foreign/abi/CallingSequenceBuilder computeTypeHelper (Ljava/lang/Class;Ljava/lang/Class;)Ljava/lang/invoke/MethodType; 116 <appendix> argL0 ; # jdk/internal/foreign/abi/CallingSequenceBuilder$$Lambda+0x0000020282072ba8
instanceKlass  @bci jdk/internal/foreign/abi/CallingSequenceBuilder computeTypeHelper (Ljava/lang/Class;Ljava/lang/Class;)Ljava/lang/invoke/MethodType; 106 <appendix> member <vmtarget> ; # jdk/internal/foreign/abi/CallingSequenceBuilder$$Lambda+0x0000020282072570
instanceKlass  @bci jdk/internal/foreign/abi/CallingSequenceBuilder computeTypeHelper (Ljava/lang/Class;Ljava/lang/Class;)Ljava/lang/invoke/MethodType; 90 <appendix> member <vmtarget> ; # jdk/internal/foreign/abi/CallingSequenceBuilder$$Lambda+0x0000020282072318
instanceKlass java/util/stream/ReferencePipeline$7$1FlatMap
instanceKlass java/util/stream/AbstractSpinedBuffer
instanceKlass  @bci jdk/internal/foreign/abi/CallingSequenceBuilder computeTypeHelper (Ljava/lang/Class;Ljava/lang/Class;)Ljava/lang/invoke/MethodType; 61 <appendix> argL0 ; # jdk/internal/foreign/abi/CallingSequenceBuilder$$Lambda+0x00000202820720f8
instanceKlass  @bci jdk/internal/foreign/abi/CallingSequenceBuilder computeTypeHelper (Ljava/lang/Class;Ljava/lang/Class;)Ljava/lang/invoke/MethodType; 51 <appendix> argL0 ; # jdk/internal/foreign/abi/CallingSequenceBuilder$$Lambda+0x0000020282071eb8
instanceKlass  @bci jdk/internal/foreign/abi/CallingSequenceBuilder computeTypeHelper (Ljava/lang/Class;Ljava/lang/Class;)Ljava/lang/invoke/MethodType; 41 <appendix> member <vmtarget> ; # jdk/internal/foreign/abi/CallingSequenceBuilder$$Lambda+0x0000020282071c70
instanceKlass  @bci jdk/internal/foreign/abi/CallingSequenceBuilder computeTypeHelper (Ljava/lang/Class;Ljava/lang/Class;)Ljava/lang/invoke/MethodType; 25 <appendix> member <vmtarget> ; # jdk/internal/foreign/abi/CallingSequenceBuilder$$Lambda+0x0000020282071a18
instanceKlass  @bci jdk/internal/foreign/abi/CallingSequenceBuilder computeTypeHelper (Ljava/lang/Class;Ljava/lang/Class;)Ljava/lang/invoke/MethodType; 9 <appendix> argL0 ; # jdk/internal/foreign/abi/CallingSequenceBuilder$$Lambda+0x00000202820717d8
instanceKlass java/util/stream/ReduceOps$Box
instanceKlass java/util/stream/ReduceOps$AccumulatingSink
instanceKlass java/util/stream/ReduceOps$ReduceOp
instanceKlass java/util/stream/ReduceOps
instanceKlass  @bci jdk/internal/foreign/abi/CallingSequenceBuilder needsReturnBuffer ()Z 16 <appendix> member <vmtarget> ; # jdk/internal/foreign/abi/CallingSequenceBuilder$$Lambda+0x0000020282070c90
instanceKlass java/util/ArrayList$ArrayListSpliterator
instanceKlass  @bci jdk/internal/foreign/abi/CallingSequenceBuilder isUnbox (Ljdk/internal/foreign/abi/Binding;)Z 11 <appendix> argL0 member <vmtarget> ; # jdk/internal/foreign/abi/CallingSequenceBuilder$$TypeSwitch+0x0000020282070270
instanceKlass  @bci jdk/internal/foreign/abi/CallingSequenceBuilder isBox (Ljdk/internal/foreign/abi/Binding;)Z 11 <appendix> argL0 member <vmtarget> ; # jdk/internal/foreign/abi/CallingSequenceBuilder$$TypeSwitch+0x0000020282070068
instanceKlass java/lang/classfile/instruction/ConstantInstruction$ArgumentConstantInstruction
instanceKlass java/lang/classfile/CodeBuilder$1
instanceKlass jdk/internal/foreign/abi/Binding$Dereference
instanceKlass jdk/internal/foreign/abi/Binding$Move
instanceKlass jdk/internal/foreign/abi/x64/windows/CallArranger$1
instanceKlass jdk/internal/foreign/abi/Binding$Builder
instanceKlass jdk/internal/foreign/abi/Binding
instanceKlass  @bci jdk/internal/foreign/abi/x64/windows/CallArranger isInMemoryReturn (Ljava/util/Optional;)Z 16 <appendix> argL0 ; # jdk/internal/foreign/abi/x64/windows/CallArranger$$Lambda+0x000002028206cb50
instanceKlass  @bci jdk/internal/foreign/abi/x64/windows/CallArranger isInMemoryReturn (Ljava/util/Optional;)Z 8 <appendix> member <vmtarget> ; # jdk/internal/foreign/abi/x64/windows/CallArranger$$Lambda+0x000002028206c8f8
instanceKlass jdk/internal/foreign/abi/x64/windows/CallArranger$BoxBindingCalculator
instanceKlass jdk/internal/foreign/abi/x64/windows/CallArranger$StorageCalculator
instanceKlass jdk/internal/foreign/abi/x64/windows/CallArranger$UnboxBindingCalculator
instanceKlass jdk/internal/foreign/abi/x64/windows/CallArranger$BindingCalculator
instanceKlass jdk/internal/foreign/abi/CallingSequenceBuilder
instanceKlass jdk/internal/foreign/abi/x64/windows/CallArranger$1CallingSequenceBuilderHelper
instanceKlass java/util/stream/Sink$ChainedInt
instanceKlass java/util/stream/Sink$OfInt
instanceKlass java/util/function/IntConsumer
instanceKlass  @bci jdk/internal/foreign/abi/x64/X86_64Architecture abiFor ([Ljdk/internal/foreign/abi/VMStorage;[Ljdk/internal/foreign/abi/VMStorage;[Ljdk/internal/foreign/abi/VMStorage;[Ljdk/internal/foreign/abi/VMStorage;I[Ljdk/internal/foreign/abi/VMStorage;[Ljdk/internal/foreign/abi/VMStorage;IILjdk/internal/foreign/abi/VMStorage;Ljdk/internal/foreign/abi/VMStorage;)Ljdk/internal/foreign/abi/ABIDescriptor; 49 <appendix> argL0 ; # jdk/internal/foreign/abi/x64/X86_64Architecture$$Lambda+0x000002028206ab90
instanceKlass  @bci jdk/internal/foreign/abi/x64/X86_64Architecture abiFor ([Ljdk/internal/foreign/abi/VMStorage;[Ljdk/internal/foreign/abi/VMStorage;[Ljdk/internal/foreign/abi/VMStorage;[Ljdk/internal/foreign/abi/VMStorage;I[Ljdk/internal/foreign/abi/VMStorage;[Ljdk/internal/foreign/abi/VMStorage;IILjdk/internal/foreign/abi/VMStorage;Ljdk/internal/foreign/abi/VMStorage;)Ljdk/internal/foreign/abi/ABIDescriptor; 39 <appendix> argL0 ; # jdk/internal/foreign/abi/x64/X86_64Architecture$$Lambda+0x000002028206a450
instanceKlass java/util/stream/IntStream
instanceKlass jdk/internal/foreign/abi/x64/X86_64Architecture
instanceKlass jdk/internal/foreign/abi/Architecture
instanceKlass jdk/internal/foreign/abi/x64/X86_64Architecture$Regs
instanceKlass jdk/internal/foreign/abi/x64/windows/CallArranger
instanceKlass  @bci jdk/internal/foreign/abi/NativeEntryPoint$CacheKey hashCode ()I 1 <adapter> ; # java/lang/invoke/LambdaForm$MH+0x0000020282121400
instanceKlass  @bci jdk/internal/foreign/abi/NativeEntryPoint$CacheKey hashCode ()I 1 <appendix> form vmentry <vmtarget> ; # java/lang/invoke/LambdaForm$MH+0x0000020282121000
# instanceKlass java/lang/invoke/LambdaForm$MH+0x0000020282120c00
# instanceKlass java/lang/invoke/LambdaForm$MH+0x0000020282120800
instanceKlass  @bci jdk/internal/foreign/abi/NativeEntryPoint$CacheKey hashCode ()I 1 <appendix> form names 7 function resolvedHandle form vmentry <vmtarget> ; # java/lang/invoke/LambdaForm$DMH+0x0000020282120400
instanceKlass  @bci jdk/internal/foreign/abi/NativeEntryPoint$CacheKey hashCode ()I 1 <appendix> argL2 argL2 argL2 argL1 form vmentry <vmtarget> ; # java/lang/invoke/LambdaForm$MH+0x0000020282120000
instanceKlass  @bci jdk/internal/foreign/abi/NativeEntryPoint$CacheKey hashCode ()I 1 <appendix> argL2 argL2 argL2 argL2 argL2 argL2 argL2 form vmentry <vmtarget> ; # java/lang/invoke/LambdaForm$MH+0x000002028211fc00
instanceKlass  @bci java/lang/runtime/ObjectMethods bootstrap (Ljava/lang/invoke/MethodHandles$Lookup;Ljava/lang/String;Ljava/lang/invoke/TypeDescriptor;Ljava/lang/Class;Ljava/lang/String;[Ljava/lang/invoke/MethodHandle;)Ljava/lang/Object; 37 <appendix> argL0 ; # java/lang/runtime/ObjectMethods$$Lambda+0x00000202820687e8
instanceKlass  @cpi coursier/cache/CacheDefaults$ 349 form vmentry <vmtarget> ; # java/lang/invoke/LambdaForm$DMH+0x000002028211f800
# instanceKlass java/lang/invoke/LambdaForm$DMH+0x000002028211f400
# instanceKlass java/lang/invoke/LambdaForm$DMH+0x000002028211f000
# instanceKlass java/lang/invoke/LambdaForm$DMH+0x000002028211ec00
# instanceKlass java/lang/invoke/LambdaForm$DMH+0x000002028211e800
# instanceKlass java/lang/invoke/LambdaForm$DMH+0x000002028211e400
# instanceKlass java/lang/invoke/LambdaForm$DMH+0x000002028211e000
# instanceKlass java/lang/invoke/LambdaForm$DMH+0x000002028211dc00
# instanceKlass java/lang/invoke/LambdaForm$DMH+0x000002028211d800
# instanceKlass java/lang/invoke/LambdaForm$DMH+0x000002028211d400
instanceKlass  @cpi org/h2/engine/MetaRecord 135 form vmentry <vmtarget> ; # java/lang/invoke/LambdaForm$DMH+0x000002028211d000
# instanceKlass java/lang/invoke/LambdaForm$DMH+0x000002028211cc00
# instanceKlass java/lang/invoke/LambdaForm$DMH+0x000002028211c800
instanceKlass  @cpi sun/management/spi/PlatformMBeanProvider$PlatformComponent 113 form vmentry <vmtarget> ; # java/lang/invoke/LambdaForm$DMH+0x000002028211c400
instanceKlass java/lang/runtime/ObjectMethods$1
# instanceKlass java/lang/invoke/LambdaForm$MH+0x000002028211c000
instanceKlass sun/invoke/util/ValueConversions$WrapperCache
instanceKlass  @bci jdk/internal/foreign/abi/NativeEntryPoint$CacheKey hashCode ()I 1 <appendix> argL2 argL2 argL2 argL2 argL2 argL1 argL1 form vmentry <vmtarget> ; # java/lang/invoke/LambdaForm$MH+0x000002028211bc00
# instanceKlass java/lang/invoke/LambdaForm$DMH+0x000002028211b800
instanceKlass java/lang/runtime/ObjectMethods
instanceKlass  @bci jdk/internal/foreign/abi/SoftReferenceCache get (Ljava/lang/Object;Ljava/util/function/Function;)Ljava/lang/Object; 6 <appendix> member <vmtarget> ; # jdk/internal/foreign/abi/SoftReferenceCache$$Lambda+0x0000020282067f70
instanceKlass jdk/internal/foreign/abi/SoftReferenceCache$Node
instanceKlass  @bci jdk/internal/foreign/abi/AbstractLinker downcallHandle0 (Ljava/lang/foreign/FunctionDescriptor;[Ljava/lang/foreign/Linker$Option;)Ljava/lang/invoke/MethodHandle; 46 <appendix> member <vmtarget> ; # jdk/internal/foreign/abi/AbstractLinker$$Lambda+0x0000020282067b18
instanceKlass  @bci jdk/internal/foreign/abi/LinkerOptions forDowncall (Ljava/lang/foreign/FunctionDescriptor;[Ljava/lang/foreign/Linker$Option;)Ljdk/internal/foreign/abi/LinkerOptions; 0 <appendix> argL0 ; # jdk/internal/foreign/abi/LinkerOptions$$Lambda+0x0000020282067270
instanceKlass java/lang/WeakPairMap$Pair$Lookup
instanceKlass java/lang/WeakPairMap$Pair
instanceKlass java/lang/WeakPairMap
instanceKlass java/lang/Module$ReflectionData
instanceKlass  @cpi jdk/internal/foreign/abi/LinkerOptions 200 form vmentry <vmtarget> ; # java/lang/invoke/LambdaForm$DMH+0x000002028211b400
instanceKlass jdk/internal/foreign/abi/LinkerOptions$LinkerOptionImpl
instanceKlass java/util/function/BiConsumer
instanceKlass jdk/internal/foreign/abi/LinkerOptions
instanceKlass  @bci jdk/internal/foreign/abi/AbstractLinker stripNames (Ljava/lang/foreign/FunctionDescriptor;)Ljava/lang/foreign/FunctionDescriptor; 16 <appendix> member <vmtarget> ; # jdk/internal/foreign/abi/AbstractLinker$$Lambda+0x0000020282066c00
instanceKlass  @bci jdk/internal/foreign/abi/AbstractLinker stripNames (Ljava/lang/foreign/MemoryLayout;)Ljava/lang/foreign/MemoryLayout; 149 <appendix> member <vmtarget> ; # jdk/internal/foreign/abi/AbstractLinker$$Lambda+0x00000202820669d8
instanceKlass  @cpi jdk/xml/internal/XMLSecurityManager$StringMapper 125 form vmentry <vmtarget> ; # java/lang/invoke/LambdaForm$DMH+0x000002028211b000
instanceKlass  @bci jdk/internal/foreign/abi/AbstractLinker stripNames (Ljava/lang/foreign/MemoryLayout;)Ljava/lang/foreign/MemoryLayout; 134 <appendix> member <vmtarget> ; # jdk/internal/foreign/abi/AbstractLinker$$Lambda+0x0000020282066790
instanceKlass  @bci jdk/internal/foreign/abi/AbstractLinker stripNames (Ljava/util/List;)[Ljava/lang/foreign/MemoryLayout; 16 <appendix> argL0 ; # jdk/internal/foreign/abi/AbstractLinker$$Lambda+0x0000020282066570
instanceKlass  @bci jdk/internal/foreign/abi/AbstractLinker stripNames (Ljava/util/List;)[Ljava/lang/foreign/MemoryLayout; 6 <appendix> argL0 ; # jdk/internal/foreign/abi/AbstractLinker$$Lambda+0x0000020282066330
instanceKlass  @bci jdk/internal/classfile/impl/StackMapDecoder writeTypeInfo (Ljdk/internal/classfile/impl/BufWriterImpl;Ljava/lang/classfile/attribute/StackMapFrameInfo$VerificationTypeInfo;)V 21 <appendix> form vmentry <vmtarget> ; # java/lang/invoke/LambdaForm$MH+0x000002028211ac00
# instanceKlass java/lang/invoke/LambdaForm$MH+0x000002028211a800
instanceKlass java/lang/runtime/SwitchBootstraps$ResolvedEnumLabels
instanceKlass  @bci jdk/internal/foreign/abi/AbstractLinker stripNames (Ljava/lang/foreign/MemoryLayout;)Ljava/lang/foreign/MemoryLayout; 11 <appendix> argL0 member <vmtarget> ; # jdk/internal/foreign/abi/AbstractLinker$$TypeSwitch+0x0000020282065d38
instanceKlass jdk/internal/org/objectweb/asm/ClassReader
instanceKlass jdk/internal/classfile/impl/ClassReaderImpl
instanceKlass java/lang/classfile/ClassReader
instanceKlass jdk/internal/classfile/impl/RawBytecodeHelper
instanceKlass java/util/BitSet
instanceKlass jdk/internal/classfile/impl/StackMapGenerator$Frame
instanceKlass jdk/internal/classfile/impl/ClassHierarchyImpl$CachedClassHierarchyResolver$1
instanceKlass java/lang/classfile/ClassHierarchyResolver$ClassHierarchyInfo
instanceKlass jdk/internal/classfile/impl/ClassHierarchyImpl$CachedClassHierarchyResolver
instanceKlass jdk/internal/classfile/impl/StackMapGenerator
instanceKlass jdk/internal/classfile/impl/DirectCodeBuilder$8
instanceKlass java/util/Collections$EmptyIterator
instanceKlass jdk/internal/classfile/impl/AbstractAttributeMapper
instanceKlass java/lang/classfile/AttributeMapper
instanceKlass java/lang/classfile/Attributes
instanceKlass java/lang/classfile/Attribute
instanceKlass java/lang/classfile/instruction/TypeCheckInstruction
instanceKlass java/lang/classfile/instruction/TableSwitchInstruction
instanceKlass java/util/ReverseOrderListView
instanceKlass java/lang/classfile/instruction/SwitchCase
instanceKlass java/lang/classfile/instruction/ReturnInstruction
instanceKlass java/lang/classfile/instruction/BranchInstruction
instanceKlass java/lang/classfile/instruction/StackInstruction
instanceKlass java/lang/classfile/instruction/InvokeInstruction
instanceKlass java/lang/classfile/constantpool/MethodRefEntry
instanceKlass java/lang/classfile/constantpool/MemberRefEntry
instanceKlass java/lang/classfile/constantpool/NameAndTypeEntry
instanceKlass java/lang/classfile/instruction/ConstantInstruction$IntrinsicConstantInstruction
instanceKlass java/lang/classfile/instruction/ConstantInstruction
instanceKlass jdk/internal/classfile/impl/BytecodeHelpers$1
instanceKlass jdk/internal/classfile/impl/BytecodeHelpers
instanceKlass java/lang/classfile/instruction/LoadInstruction
instanceKlass java/lang/classfile/Instruction
instanceKlass java/lang/classfile/instruction/LabelTarget
instanceKlass java/lang/classfile/PseudoInstruction
instanceKlass java/lang/classfile/CodeElement
instanceKlass java/lang/classfile/Label
instanceKlass jdk/internal/classfile/impl/BufWriterImpl
instanceKlass java/lang/classfile/BufWriter
instanceKlass jdk/internal/classfile/impl/TerminalCodeBuilder
instanceKlass jdk/internal/classfile/impl/LabelContext
instanceKlass jdk/internal/classfile/impl/MethodInfo
instanceKlass jdk/internal/classfile/impl/TerminalMethodBuilder
instanceKlass  @bci java/lang/classfile/ClassBuilder withMethodBody (Ljava/lang/classfile/constantpool/Utf8Entry;Ljava/lang/classfile/constantpool/Utf8Entry;ILjava/util/function/Consumer;)Ljava/lang/classfile/ClassBuilder; 6 <appendix> member <vmtarget> ; # java/lang/classfile/ClassBuilder$$Lambda+0x800000002
instanceKlass java/lang/classfile/MethodBuilder
instanceKlass  @bci java/lang/runtime/SwitchBootstraps generateTypeSwitchSkeleton (Ljava/lang/Class;[Ljava/lang/Object;Ljava/util/List;Ljava/util/List;)Ljava/util/function/Consumer; 24 <appendix> member <vmtarget> ; # java/lang/runtime/SwitchBootstraps$$Lambda+0x80000000f
instanceKlass java/lang/classfile/CodeBuilder
instanceKlass jdk/internal/classfile/impl/AbstractElement
instanceKlass java/lang/classfile/AccessFlags
instanceKlass java/lang/classfile/FieldElement
instanceKlass java/lang/classfile/MethodElement
instanceKlass java/lang/classfile/ClassElement
instanceKlass jdk/internal/classfile/impl/AttributeHolder
instanceKlass jdk/internal/classfile/impl/AbstractDirectBuilder
instanceKlass java/lang/classfile/constantpool/ClassEntry
instanceKlass java/lang/classfile/constantpool/LoadableConstantEntry
instanceKlass java/lang/classfile/constantpool/Utf8Entry
instanceKlass java/lang/classfile/constantpool/AnnotationConstantValueEntry
instanceKlass jdk/internal/classfile/impl/EntryMap
instanceKlass jdk/internal/classfile/impl/AbstractPoolEntry
instanceKlass jdk/internal/classfile/impl/Util
instanceKlass jdk/internal/classfile/impl/BootstrapMethodEntryImpl
instanceKlass java/lang/classfile/BootstrapMethodEntry
instanceKlass java/lang/classfile/constantpool/PoolEntry
instanceKlass jdk/internal/classfile/impl/SplitConstantPool
instanceKlass java/lang/classfile/constantpool/ConstantPoolBuilder
instanceKlass java/lang/classfile/WritableElement
instanceKlass java/lang/classfile/ClassFileElement
instanceKlass java/lang/classfile/constantpool/ConstantPool
instanceKlass  @bci java/lang/runtime/SwitchBootstraps generateTypeSwitch (Ljava/lang/invoke/MethodHandles$Lookup;Ljava/lang/Class;[Ljava/lang/Object;)Ljava/lang/invoke/MethodHandle; 35 <appendix> member <vmtarget> ; # java/lang/runtime/SwitchBootstraps$$Lambda+0x800000011
instanceKlass java/lang/classfile/ClassBuilder
instanceKlass java/lang/classfile/ClassFileBuilder
instanceKlass jdk/internal/classfile/impl/ClassFileImpl$1
instanceKlass java/lang/classfile/ClassFile$AttributeMapperOption
instanceKlass jdk/internal/classfile/impl/ClassHierarchyImpl$ClassLoadingClassHierarchyResolver$1
instanceKlass jdk/internal/classfile/impl/ClassHierarchyImpl$ClassLoadingClassHierarchyResolver
instanceKlass jdk/internal/classfile/impl/ClassHierarchyImpl
instanceKlass java/lang/classfile/ClassHierarchyResolver
instanceKlass java/lang/classfile/ClassFile$ClassHierarchyResolverOption
instanceKlass java/lang/classfile/ClassFile$Option
instanceKlass java/lang/classfile/ClassFile
instanceKlass java/lang/invoke/DirectMethodHandle$1
instanceKlass java/util/function/BiPredicate
instanceKlass java/lang/foreign/UnionLayout
instanceKlass java/lang/runtime/SwitchBootstraps
instanceKlass  @bci jdk/internal/foreign/abi/AbstractLinker stripNames (Ljava/lang/foreign/FunctionDescriptor;)Ljava/lang/foreign/FunctionDescriptor; 7 <appendix> member <vmtarget> ; # jdk/internal/foreign/abi/AbstractLinker$$Lambda+0x0000020282062f98
instanceKlass  @bci jdk/internal/foreign/abi/AbstractLinker checkLayouts (Ljava/lang/foreign/FunctionDescriptor;)V 22 <appendix> member <vmtarget> ; # jdk/internal/foreign/abi/AbstractLinker$$Lambda+0x0000020282062d60
instanceKlass  @bci jdk/internal/foreign/abi/AbstractLinker checkLayouts (Ljava/lang/foreign/FunctionDescriptor;)V 7 <appendix> member <vmtarget> ; # jdk/internal/foreign/abi/AbstractLinker$$Lambda+0x0000020282062b28
instanceKlass  @cpi org/eclipse/lsp4j/jsonrpc/services/EndpointProxy 279 form vmentry <vmtarget> ; # java/lang/invoke/LambdaForm$DMH+0x000002028211a400
instanceKlass java/lang/foreign/Linker$Option
instanceKlass  @bci dev/dirs/impl/WindowsForeign findOrThrow (Ljava/lang/String;)Ljava/lang/foreign/MemorySegment; 10 <appendix> member <vmtarget> ; # dev/dirs/impl/WindowsForeign$$Lambda+0x0000020282111278
instanceKlass  @bci java/lang/foreign/SymbolLookup lambda$or$1 (Ljava/lang/foreign/SymbolLookup;Ljava/lang/String;)Ljava/util/Optional; 9 <appendix> member <vmtarget> ; # java/lang/foreign/SymbolLookup$$Lambda+0x00000202820622a8
instanceKlass  @bci java/util/stream/FindOps$FindSink$OfRef <clinit> ()V 43 <appendix> argL0 ; # java/util/stream/FindOps$FindSink$OfRef$$Lambda+0x80000004c
instanceKlass  @bci java/util/stream/FindOps$FindSink$OfRef <clinit> ()V 38 <appendix> argL0 ; # java/util/stream/FindOps$FindSink$OfRef$$Lambda+0x80000004e
instanceKlass  @bci java/util/stream/FindOps$FindSink$OfRef <clinit> ()V 16 <appendix> argL0 ; # java/util/stream/FindOps$FindSink$OfRef$$Lambda+0x80000004d
instanceKlass  @bci java/util/stream/FindOps$FindSink$OfRef <clinit> ()V 11 <appendix> argL0 ; # java/util/stream/FindOps$FindSink$OfRef$$Lambda+0x80000004f
instanceKlass java/util/stream/FindOps$FindOp
instanceKlass java/util/stream/TerminalOp
instanceKlass java/util/stream/FindOps$FindSink
instanceKlass java/util/stream/TerminalSink
instanceKlass java/util/stream/FindOps
instanceKlass  @bci jdk/internal/foreign/FunctionDescriptorImpl <init> (Ljava/lang/foreign/MemoryLayout;Ljava/util/List;)V 44 <appendix> argL0 ; # jdk/internal/foreign/FunctionDescriptorImpl$$Lambda+0x0000020282062058
instanceKlass java/util/AbstractList$RandomAccessSpliterator
instanceKlass java/lang/foreign/PaddingLayout
instanceKlass jdk/internal/foreign/FunctionDescriptorImpl
instanceKlass java/lang/foreign/FunctionDescriptor
instanceKlass dev/dirs/impl/WindowsForeign$CLSIDFromString
instanceKlass jdk/internal/foreign/MemorySessionImpl$ResourceList$ResourceCleanup
instanceKlass jdk/internal/foreign/MemorySessionImpl$ResourceList
instanceKlass  @bci java/sql/DriverManager getConnection (Ljava/lang/String;Ljava/util/Properties;Ljava/lang/Class;)Ljava/sql/Connection; 49 <appendix> form vmentry <vmtarget> ; # java/lang/invoke/LambdaForm$MH+0x000002028211a000
# instanceKlass java/lang/invoke/LambdaForm$MH+0x0000020282119c00
instanceKlass  @bci java/sql/DriverManager getConnection (Ljava/lang/String;Ljava/util/Properties;Ljava/lang/Class;)Ljava/sql/Connection; 49 <appendix> argL3 form vmentry <vmtarget> ; # java/lang/invoke/LambdaForm$MH+0x0000020282119800
instanceKlass java/lang/invoke/MethodHandles$1
# instanceKlass java/lang/invoke/LambdaForm$MH+0x0000020282119400
instanceKlass  @bci java/sql/DriverManager getConnection (Ljava/lang/String;Ljava/util/Properties;Ljava/lang/Class;)Ljava/sql/Connection; 49 <appendix> argL2 form vmentry <vmtarget> ; # java/lang/invoke/LambdaForm$MH+0x0000020282119000
# instanceKlass java/lang/invoke/LambdaForm$MH+0x0000020282118c00
instanceKlass  @bci java/sql/DriverManager getConnection (Ljava/lang/String;Ljava/util/Properties;Ljava/lang/Class;)Ljava/sql/Connection; 49 <appendix> argL1 form vmentry <vmtarget> ; # java/lang/invoke/LambdaForm$MH+0x0000020282118800
# instanceKlass java/lang/invoke/LambdaForm$MH+0x0000020282118400
instanceKlass java/util/stream/Sink$ChainedReference
instanceKlass java/util/stream/Nodes$ArrayNode
instanceKlass java/util/stream/Node$Builder
instanceKlass java/util/stream/Sink
instanceKlass java/util/function/Consumer
instanceKlass java/util/stream/Node$OfDouble
instanceKlass java/util/stream/Node$OfLong
instanceKlass java/util/stream/Node$OfInt
instanceKlass java/util/stream/Node$OfPrimitive
instanceKlass java/util/stream/Nodes$EmptyNode
instanceKlass java/util/stream/Node
instanceKlass java/util/stream/Nodes
instanceKlass  @bci java/util/stream/ReferencePipeline toArray ()[Ljava/lang/Object; 1 <appendix> argL0 ; # java/util/stream/ReferencePipeline$$Lambda+0x000002028205e348
instanceKlass java/util/function/IntFunction
instanceKlass java/util/ImmutableCollections$Access$1
instanceKlass jdk/internal/access/JavaUtilCollectionAccess
instanceKlass java/util/ImmutableCollections$Access
instanceKlass  @bci java/lang/foreign/MemoryLayout lambda$structLayout$1 ([Ljava/lang/foreign/MemoryLayout;)Ljava/lang/foreign/StructLayout; 4 <appendix> argL0 ; # java/lang/foreign/MemoryLayout$$Lambda+0x000002028205dac8
instanceKlass java/util/EnumMap$1
instanceKlass java/util/stream/StreamOpFlag$MaskBuilder
instanceKlass java/util/stream/PipelineHelper
instanceKlass java/util/stream/StreamSupport
instanceKlass java/util/Spliterators$ArraySpliterator
instanceKlass java/util/Spliterator$OfDouble
instanceKlass java/util/Spliterator$OfLong
instanceKlass java/util/Spliterator$OfInt
instanceKlass java/util/Spliterator$OfPrimitive
instanceKlass java/util/Spliterator
instanceKlass java/util/Spliterators$EmptySpliterator
instanceKlass java/util/Spliterators
instanceKlass java/util/stream/Stream
instanceKlass java/util/stream/BaseStream
instanceKlass  @bci java/lang/foreign/MemoryLayout structLayout ([Ljava/lang/foreign/MemoryLayout;)Ljava/lang/foreign/StructLayout; 6 <appendix> member <vmtarget> ; # java/lang/foreign/MemoryLayout$$Lambda+0x000002028205d8a0
instanceKlass java/lang/foreign/StructLayout
instanceKlass java/util/Formatter$Flags
instanceKlass java/util/Formattable
instanceKlass jdk/internal/misc/Blocker
instanceKlass java/util/Formatter$FormatSpecifier
instanceKlass java/util/Formatter$Conversion
instanceKlass java/util/Formatter$FixedString
instanceKlass java/util/Formatter$FormatString
instanceKlass java/util/Formatter
instanceKlass  @bci java/lang/foreign/SymbolLookup or (Ljava/lang/foreign/SymbolLookup;)Ljava/lang/foreign/SymbolLookup; 7 <appendix> member <vmtarget> ; # java/lang/foreign/SymbolLookup$$Lambda+0x000002028205ce20
instanceKlass  @cpi java/lang/foreign/SymbolLookup 268 form vmentry <vmtarget> ; # java/lang/invoke/LambdaForm$DMH+0x0000020282118000
instanceKlass  @bci jdk/internal/foreign/SystemLookup makeWindowsLookup ()Ljava/lang/foreign/SymbolLookup; 145 <appendix> member <vmtarget> ; # jdk/internal/foreign/SystemLookup$$Lambda+0x000002028205cbd8
instanceKlass  @cpi coursier/maven/PomParser$ 227 form vmentry <vmtarget> ; # java/lang/invoke/LambdaForm$DMH+0x0000020282117c00
instanceKlass  @bci jdk/internal/foreign/SystemLookup makeWindowsLookup ()Ljava/lang/foreign/SymbolLookup; 130 <appendix> member <vmtarget> ; # jdk/internal/foreign/SystemLookup$$Lambda+0x000002028205c990
instanceKlass jdk/internal/foreign/AbstractMemorySegmentImpl
instanceKlass jdk/internal/foreign/SegmentFactories
instanceKlass  @bci jdk/internal/foreign/SystemLookup makeWindowsLookup ()Ljava/lang/foreign/SymbolLookup; 94 <appendix> argL0 ; # jdk/internal/foreign/SystemLookup$$Lambda+0x000002028205aff0
instanceKlass  @bci jdk/internal/foreign/SystemLookup libLookup (Ljava/util/function/Function;)Ljava/lang/foreign/SymbolLookup; 17 <appendix> member <vmtarget> ; # jdk/internal/foreign/SystemLookup$$Lambda+0x000002028205ada8
instanceKlass sun/nio/fs/WindowsLinkSupport
instanceKlass jdk/internal/loader/RawNativeLibraries$1
instanceKlass  @bci jdk/internal/foreign/SystemLookup makeWindowsLookup ()Ljava/lang/foreign/SymbolLookup; 79 <appendix> member <vmtarget> ; # jdk/internal/foreign/SystemLookup$$Lambda+0x000002028205a4f0
instanceKlass jdk/internal/loader/RawNativeLibraries
instanceKlass jdk/internal/foreign/SystemLookup$2
instanceKlass java/lang/ProcessEnvironment$CheckedEntry
instanceKlass java/lang/ProcessEnvironment$CheckedEntrySet$1
instanceKlass java/lang/ProcessEnvironment$EntryComparator
instanceKlass java/lang/ProcessEnvironment$NameComparator
instanceKlass jdk/internal/foreign/SystemLookup$1
instanceKlass  @bci jdk/internal/foreign/SystemLookup <clinit> ()V 10 <appendix> argL0 ; # jdk/internal/foreign/SystemLookup$$Lambda+0x00000202820585d8
instanceKlass jdk/internal/foreign/SystemLookup
instanceKlass java/util/AbstractMap$ValueIterator
instanceKlass jdk/internal/foreign/abi/SoftReferenceCache
instanceKlass jdk/internal/foreign/abi/x64/windows/Windowsx64Linker$1Holder
instanceKlass jdk/internal/foreign/abi/AbstractLinker
# instanceKlass java/lang/invoke/LambdaForm$MH+0x0000020282117800
instanceKlass jdk/internal/reflect/MethodHandleAccessorFactory$LazyStaticHolder
instanceKlass sun/reflect/annotation/AnnotationParser
instanceKlass java/lang/Class$3
instanceKlass jdk/internal/vm/ForeignLinkerSupport
instanceKlass jdk/internal/foreign/abi/SharedUtils$4
instanceKlass  @bci jdk/internal/foreign/abi/SharedUtils <clinit> ()V 168 <appendix> argL0 ; # jdk/internal/foreign/abi/SharedUtils$$Lambda+0x00000202820564c8
instanceKlass  @cpi jdk/internal/foreign/abi/SharedUtils 950 form vmentry <vmtarget> ; # java/lang/invoke/LambdaForm$DMH+0x0000020282117400
# instanceKlass java/lang/invoke/LambdaForm$DMH+0x0000020282117000
# instanceKlass java/lang/invoke/LambdaForm$DMH+0x0000020282116c00
instanceKlass  @cpi sun/nio/ch/NioSocketImpl 908 form vmentry <vmtarget> ; # java/lang/invoke/LambdaForm$DMH+0x0000020282116800
# instanceKlass java/lang/invoke/LambdaForm$DMH+0x0000020282116400
instanceKlass jdk/internal/foreign/abi/SharedUtils$1
instanceKlass jdk/internal/reflect/Reflection$1Holder
instanceKlass  @bci java/lang/foreign/MemoryLayout sequenceLayout (JLjava/lang/foreign/MemoryLayout;)Ljava/lang/foreign/SequenceLayout; 19 <adapter> ; # java/lang/invoke/LambdaForm$MH+0x0000020282116000
# instanceKlass java/lang/invoke/LambdaForm$DMH+0x0000020282115c00
instanceKlass  @bci java/lang/foreign/MemoryLayout sequenceLayout (JLjava/lang/foreign/MemoryLayout;)Ljava/lang/foreign/SequenceLayout; 19 <appendix> form vmentry <vmtarget> ; # java/lang/invoke/LambdaForm$DMH+0x0000020282115800
instanceKlass  @bci java/lang/foreign/MemoryLayout sequenceLayout (JLjava/lang/foreign/MemoryLayout;)Ljava/lang/foreign/SequenceLayout; 19 <appendix> member <vmtarget> ; # java/lang/foreign/MemoryLayout$$Lambda+0x0000020282055510
instanceKlass  @cpi java/lang/foreign/MemoryLayout 148 form vmentry <vmtarget> ; # java/lang/invoke/LambdaForm$DMH+0x0000020282115400
instanceKlass java/lang/foreign/SequenceLayout
instanceKlass java/lang/foreign/ValueLayout$OfDouble
instanceKlass java/lang/foreign/ValueLayout$OfFloat
instanceKlass java/lang/foreign/ValueLayout$OfLong
instanceKlass java/lang/foreign/ValueLayout$OfInt
instanceKlass java/lang/foreign/ValueLayout$OfShort
instanceKlass java/lang/foreign/ValueLayout$OfChar
instanceKlass java/lang/foreign/ValueLayout$OfBoolean
instanceKlass java/lang/foreign/ValueLayout$OfByte
# instanceKlass java/lang/invoke/LambdaForm$DMH+0x0000020282115000
# instanceKlass java/lang/invoke/LambdaForm$DMH+0x0000020282114c00
# instanceKlass java/lang/invoke/LambdaForm$DMH+0x0000020282114800
# instanceKlass java/lang/invoke/LambdaForm$DMH+0x0000020282114400
instanceKlass  @cpi scala/meta/internal/pc/SemanticTokens$ 205 form vmentry <vmtarget> ; # java/lang/invoke/LambdaForm$DMH+0x0000020282114000
instanceKlass jdk/internal/foreign/Utils
instanceKlass jdk/internal/foreign/layout/MemoryLayoutUtil
instanceKlass java/lang/foreign/MemorySegment
instanceKlass jdk/internal/foreign/layout/ValueLayouts
instanceKlass jdk/internal/foreign/layout/AbstractLayout
instanceKlass java/lang/invoke/VarHandle$AccessDescriptor
instanceKlass java/lang/foreign/AddressLayout
instanceKlass java/lang/foreign/ValueLayout
instanceKlass jdk/internal/foreign/abi/SharedUtils
instanceKlass scala/math/Ordering$Long$
instanceKlass scala/math/Ordering$LongOrdering
instanceKlass java/lang/foreign/Linker
instanceKlass  @bci java/lang/foreign/SymbolLookup loaderLookup ()Ljava/lang/foreign/SymbolLookup; 49 <appendix> member <vmtarget> ; # java/lang/foreign/SymbolLookup$$Lambda+0x000002028204ff50
instanceKlass scala/runtime/RichLong$
instanceKlass jdk/internal/foreign/ArenaImpl
instanceKlass scala/runtime/RichLong
instanceKlass  @bci jdk/internal/foreign/MemorySessionImpl <clinit> ()V 19 <appendix> argL0 ; # jdk/internal/foreign/MemorySessionImpl$$Lambda+0x000002028204f180
instanceKlass scala/runtime/IntegralProxy
instanceKlass scala/runtime/RangedProxy
instanceKlass  @bci jdk/internal/foreign/MemorySessionImpl <clinit> ()V 4 <appendix> argL0 ; # jdk/internal/foreign/MemorySessionImpl$$Lambda+0x000002028204ed00
instanceKlass scala/runtime/ScalaWholeNumberProxy
instanceKlass scala/runtime/ScalaNumberProxy
instanceKlass jdk/internal/foreign/MemorySessionImpl
instanceKlass java/lang/foreign/MemorySegment$Scope
instanceKlass java/lang/foreign/Arena$1Holder
instanceKlass java/lang/foreign/Arena
instanceKlass java/lang/foreign/SegmentAllocator
instanceKlass java/lang/foreign/SymbolLookup
instanceKlass scala/concurrent/AwaitPermission$
instanceKlass scala/concurrent/BlockContext$DefaultBlockContext$
instanceKlass java/lang/foreign/GroupLayout
instanceKlass scala/concurrent/BlockContext$
instanceKlass java/lang/foreign/MemoryLayout
instanceKlass dev/dirs/impl/WindowsForeign
instanceKlass  @bci scala/concurrent/Await$ result (Lscala/concurrent/Awaitable;Lscala/concurrent/duration/Duration;)Ljava/lang/Object; 64 <appendix> member <vmtarget> ; # scala/concurrent/Await$$$Lambda+0x000002028210d618
instanceKlass dev/dirs/Constants
instanceKlass dev/dirs/impl/Util
instanceKlass scala/concurrent/package$
instanceKlass scala/concurrent/Await$FutureValue$
instanceKlass  @bci dev/dirs/impl/WindowsDefault getDefaultSupplier ()Ljava/util/function/Supplier; 0 <appendix> argL0 ; # dev/dirs/impl/WindowsDefault$$Lambda+0x000002028210f3a8
instanceKlass scala/concurrent/duration/package$DurationInt$
instanceKlass scala/concurrent/duration/package$
instanceKlass dev/dirs/impl/WindowsDefault
instanceKlass scala/concurrent/duration/package$DurationInt
instanceKlass scala/concurrent/duration/DurationConversions
instanceKlass dev/dirs/jni/WindowsJni
instanceKlass dev/dirs/impl/Windows
instanceKlass scala/concurrent/CanAwait
instanceKlass scala/concurrent/Await$
instanceKlass scala/concurrent/impl/Promise$ManyCallbacks
instanceKlass  @bci scala/concurrent/Future$ apply (Lscala/Function0;Lscala/concurrent/ExecutionContext;)Lscala/concurrent/Future; 5 <appendix> member <vmtarget> ; # scala/concurrent/Future$$$Lambda+0x000002028210ba50
instanceKlass  @bci scala/concurrent/Future$ <clinit> ()V 444 <appendix> argL0 ; # scala/concurrent/Future$$$Lambda+0x000002028210b4a8
instanceKlass  @bci scala/concurrent/Future$ <clinit> ()V 436 <appendix> argL0 ; # scala/concurrent/Future$$$Lambda+0x000002028210af00
instanceKlass  @cpi coursier/maven/PomParser$ 116 form vmentry <vmtarget> ; # java/lang/invoke/LambdaForm$DMH+0x000002028210c000
instanceKlass  @bci scala/concurrent/Future$ <clinit> ()V 428 <appendix> argL0 ; # scala/concurrent/Future$$$Lambda+0x000002028210ab38
instanceKlass  @bci scala/concurrent/Future$ <clinit> ()V 404 <appendix> argL0 ; # scala/concurrent/Future$$$Lambda+0x000002028210a770
instanceKlass scala/concurrent/ExecutionContext$parasitic$
instanceKlass scala/concurrent/BatchingExecutor
instanceKlass scala/concurrent/Batchable
instanceKlass scala/concurrent/impl/Promise$
instanceKlass scala/concurrent/impl/Promise$Callbacks
instanceKlass scala/concurrent/Promise$
instanceKlass scala/util/control/NoStackTrace$
instanceKlass  @bci scala/concurrent/Future$ <clinit> ()V 350 <appendix> argL0 ; # scala/concurrent/Future$$$Lambda+0x00000202821089c0
instanceKlass  @bci scala/concurrent/Future$ <clinit> ()V 342 <appendix> argL0 ; # scala/concurrent/Future$$$Lambda+0x00000202821085f8
instanceKlass scala/runtime/BoxedUnit
instanceKlass java/util/concurrent/atomic/AtomicReference
instanceKlass scala/concurrent/Promise
instanceKlass scala/concurrent/Future
instanceKlass scala/util/control/NoStackTrace
instanceKlass scala/concurrent/Future$
instanceKlass  @bci scala/meta/internal/metals/MetalsProjectDirectories$ wrap (ZLscala/Function0;Lscala/concurrent/ExecutionContext;)Lscala/Option; 11 <appendix> member <vmtarget> ; # scala/meta/internal/metals/MetalsProjectDirectories$$$Lambda+0x00000202821063f8
instanceKlass  @bci scala/meta/internal/metals/MetalsProjectDirectories$ from (Ljava/lang/String;Ljava/lang/String;Ljava/lang/String;ZLscala/concurrent/ExecutionContext;)Lscala/Option; 6 <appendix> member <vmtarget> ; # scala/meta/internal/metals/MetalsProjectDirectories$$$Lambda+0x0000020282106138
instanceKlass dev/dirs/ProjectDirectories
instanceKlass scala/meta/internal/metals/MetalsProjectDirectories$
instanceKlass  @bci scala/meta/internal/metals/Trace$ globalDirectory (Lscala/concurrent/ExecutionContext;)Lscala/Option; 4 <appendix> member <vmtarget> ; # scala/meta/internal/metals/Trace$$$Lambda+0x0000020282105a60
instanceKlass scala/util/Try
instanceKlass scala/util/Try$
instanceKlass  @bci scala/meta/io/AbsolutePath <init> (Ljava/nio/file/Path;)V 23 <appendix> member <vmtarget> ; # scala/meta/io/AbsolutePath$$Lambda+0x0000020282104be0
instanceKlass scala/meta/internal/io/PlatformPathIO$
instanceKlass scala/meta/io/AbsolutePath
instanceKlass scala/meta/io/AbsolutePath$
instanceKlass scala/meta/internal/io/PathIO$
instanceKlass scala/meta/internal/metals/Trace$
instanceKlass sun/nio/fs/WindowsPath$1
instanceKlass  @bci scala/meta/io/RelativePath <init> (Ljava/nio/file/Path;)V 31 <appendix> member <vmtarget> ; # scala/meta/io/RelativePath$$Lambda+0x0000020282103160
instanceKlass java/net/URI$Parser
instanceKlass java/nio/file/FileSystems$DefaultFileSystemHolder$1
instanceKlass java/nio/file/FileSystems$DefaultFileSystemHolder
instanceKlass java/nio/file/FileSystems
instanceKlass java/nio/file/Paths
instanceKlass scala/meta/io/RelativePath
instanceKlass scala/meta/io/RelativePath$
instanceKlass java/util/StringTokenizer
instanceKlass java/util/jar/JarVerifier
instanceKlass java/nio/charset/CoderResult
instanceKlass java/lang/Readable
instanceKlass scala/reflect/ClassTag$
instanceKlass scala/collection/immutable/MapNode$
instanceKlass scala/collection/immutable/HashMap$
instanceKlass scala/collection/immutable/VectorInline$
instanceKlass scala/collection/immutable/VectorBuilder
instanceKlass  @bci scribe/Level$ add (Lscribe/Level;)V 62 <appendix> argL0 ; # scribe/Level$$$Lambda+0x00000202820f1b68
instanceKlass scala/math/Ordering$Reverse
instanceKlass scala/math/Ordering$$anon$5
instanceKlass scala/math/Ordering$DeprecatedDoubleOrdering$
instanceKlass scala/math/Ordering$Double$TotalOrdering
instanceKlass  @bci scribe/Level$ <clinit> ()V 44 <appendix> argL0 ; # scribe/Level$$$Lambda+0x00000202820f09e0
instanceKlass scribe/Level
instanceKlass scribe/LogFeature
instanceKlass scribe/Level$
instanceKlass  @bci scala/meta/internal/metals/MetalsServerConfig$ apply$default$30 ()I 28 <appendix> argL0 ; # scala/meta/internal/metals/MetalsServerConfig$$$Lambda+0x00000202820f0000
instanceKlass  @bci scala/meta/internal/metals/MetalsServerConfig$ apply$default$30 ()I 20 <appendix> argL0 ; # scala/meta/internal/metals/MetalsServerConfig$$$Lambda+0x00000202820ec400
instanceKlass  @bci scala/meta/internal/metals/MetalsServerConfig$ apply$default$30 ()I 12 <appendix> argL0 ; # scala/meta/internal/metals/MetalsServerConfig$$$Lambda+0x00000202820ecad8
instanceKlass  @bci scala/meta/internal/metals/MetalsServerConfig$ apply$default$28 ()I 28 <appendix> argL0 ; # scala/meta/internal/metals/MetalsServerConfig$$$Lambda+0x00000202820ec800
instanceKlass  @bci scala/meta/internal/metals/MetalsServerConfig$ apply$default$28 ()I 20 <appendix> argL0 ; # scala/meta/internal/metals/MetalsServerConfig$$$Lambda+0x00000202820eda68
instanceKlass  @bci scala/meta/internal/metals/MetalsServerConfig$ apply$default$28 ()I 12 <appendix> argL0 ; # scala/meta/internal/metals/MetalsServerConfig$$$Lambda+0x00000202820ed6a0
instanceKlass  @bci scala/meta/internal/metals/MetalsServerConfig$ apply$default$27 ()I 28 <appendix> argL0 ; # scala/meta/internal/metals/MetalsServerConfig$$$Lambda+0x00000202820ed3c8
instanceKlass  @bci scala/meta/internal/metals/MetalsServerConfig$ apply$default$27 ()I 20 <appendix> argL0 ; # scala/meta/internal/metals/MetalsServerConfig$$$Lambda+0x00000202820ed000
instanceKlass  @bci scala/meta/internal/metals/MetalsServerConfig$ apply$default$27 ()I 12 <appendix> argL0 ; # scala/meta/internal/metals/MetalsServerConfig$$$Lambda+0x00000202820efac8
instanceKlass  @bci scala/meta/internal/metals/MetalsServerConfig$ apply$default$26 ()I 28 <appendix> argL0 ; # scala/meta/internal/metals/MetalsServerConfig$$$Lambda+0x00000202820ef7f0
instanceKlass  @bci scala/meta/internal/metals/MetalsServerConfig$ apply$default$26 ()I 20 <appendix> argL0 ; # scala/meta/internal/metals/MetalsServerConfig$$$Lambda+0x00000202820ef428
instanceKlass  @bci scala/meta/internal/metals/MetalsServerConfig$ apply$default$26 ()I 12 <appendix> argL0 ; # scala/meta/internal/metals/MetalsServerConfig$$$Lambda+0x00000202820ef060
instanceKlass  @bci scala/meta/internal/metals/MetalsServerConfig$ apply$default$25 ()Lscala/concurrent/duration/Duration; 20 <appendix> argL0 ; # scala/meta/internal/metals/MetalsServerConfig$$$Lambda+0x00000202820eeda8
instanceKlass  @bci scala/meta/internal/metals/MetalsServerConfig$ apply$default$25 ()Lscala/concurrent/duration/Duration; 12 <appendix> argL0 ; # scala/meta/internal/metals/MetalsServerConfig$$$Lambda+0x00000202820ee9e0
instanceKlass java/lang/Long$LongCache
instanceKlass scala/collection/StringParsers$
instanceKlass scala/runtime/RichInt$
instanceKlass  @bci scala/collection/StringOps$ <clinit> ()V 10 <appendix> argL0 ; # scala/collection/StringOps$$$Lambda+0x00000202820ee208
instanceKlass scala/collection/StringOps$
instanceKlass scala/runtime/RichChar$
instanceKlass scala/runtime/OrderedProxy
instanceKlass scala/Proxy$Typed
instanceKlass scala/Proxy
# instanceKlass java/lang/invoke/LambdaForm$DMH+0x00000202820ec000
instanceKlass java/lang/invoke/MethodHandle$1
instanceKlass java/util/regex/ASCII
instanceKlass java/util/regex/IntHashSet
instanceKlass java/util/regex/Matcher
instanceKlass java/util/regex/MatchResult
instanceKlass java/util/regex/Pattern$TreeInfo
instanceKlass  @bci java/util/regex/CharPredicates ASCII_SPACE ()Ljava/util/regex/Pattern$BmpCharPredicate; 0 <appendix> argL0 ; # java/util/regex/CharPredicates$$Lambda+0x80000002f
instanceKlass java/util/regex/Pattern$BmpCharPredicate
instanceKlass java/util/regex/Pattern$CharPredicate
instanceKlass java/util/regex/CharPredicates
instanceKlass java/util/regex/Pattern$Node
instanceKlass java/util/regex/Pattern
instanceKlass  @bci scala/collection/MapView$MapValues iterator ()Lscala/collection/Iterator; 10 <appendix> member <vmtarget> ; # scala/collection/MapView$MapValues$$Lambda+0x00000202820b8c00
instanceKlass  @bci scala/concurrent/duration/Duration$ <clinit> ()V 280 <appendix> argL0 ; # scala/concurrent/duration/Duration$$$Lambda+0x00000202820e52f8
instanceKlass scala/collection/MapViewFactory
instanceKlass scala/Function2
instanceKlass scala/collection/immutable/Node$
instanceKlass scala/collection/Hashing$
instanceKlass scala/Array$
instanceKlass scala/collection/immutable/Node
instanceKlass scala/collection/immutable/HashMapBuilder
instanceKlass scala/util/hashing/MurmurHash3
instanceKlass scala/collection/immutable/MapBuilderImpl
instanceKlass scala/collection/immutable/SeqMap$SeqMap4
instanceKlass scala/collection/immutable/SeqMap$SeqMap3
instanceKlass scala/collection/immutable/SeqMap$SeqMap2
instanceKlass scala/collection/immutable/SeqMap$SeqMap1
instanceKlass scala/collection/immutable/SeqMap
instanceKlass scala/collection/SeqMap
instanceKlass scala/collection/immutable/StrictOptimizedMapOps
instanceKlass scala/$less$colon$less$
instanceKlass scala/Predef$ArrowAssoc$
instanceKlass scala/concurrent/duration/Duration$
instanceKlass  @bci scala/meta/internal/metals/MetalsServerConfig$ apply$default$24 ()Lscala/concurrent/duration/Duration; 20 <appendix> argL0 ; # scala/meta/internal/metals/MetalsServerConfig$$$Lambda+0x00000202820ce638
instanceKlass  @bci scala/meta/internal/metals/MetalsServerConfig$ apply$default$24 ()Lscala/concurrent/duration/Duration; 12 <appendix> argL0 ; # scala/meta/internal/metals/MetalsServerConfig$$$Lambda+0x00000202820ce270
instanceKlass  @bci scala/meta/internal/metals/MetalsServerConfig$ apply$default$23 ()I 28 <appendix> argL0 ; # scala/meta/internal/metals/MetalsServerConfig$$$Lambda+0x00000202820cdf98
instanceKlass  @bci scala/meta/internal/metals/MetalsServerConfig$ apply$default$23 ()I 20 <appendix> argL0 ; # scala/meta/internal/metals/MetalsServerConfig$$$Lambda+0x00000202820cdbd0
instanceKlass  @bci scala/meta/internal/metals/MetalsServerConfig$ apply$default$23 ()I 12 <appendix> argL0 ; # scala/meta/internal/metals/MetalsServerConfig$$$Lambda+0x00000202820cd808
instanceKlass  @bci scala/meta/internal/metals/MetalsServerConfig$ apply$default$22 ()J 28 <appendix> argL0 ; # scala/meta/internal/metals/MetalsServerConfig$$$Lambda+0x00000202820cd530
instanceKlass  @cpi scala/meta/internal/metals/MetalsServerConfig$ 1293 form vmentry <vmtarget> ; # java/lang/invoke/LambdaForm$DMH+0x00000202820b8800
instanceKlass scala/runtime/java8/JFunction0$mcJ$sp
instanceKlass  @bci scala/meta/internal/metals/MetalsServerConfig$ apply$default$22 ()J 20 <appendix> argL0 ; # scala/meta/internal/metals/MetalsServerConfig$$$Lambda+0x00000202820ccf68
instanceKlass scala/Option$WithFilter
instanceKlass  @bci scala/meta/internal/metals/MetalsServerConfig$ apply$default$22 ()J 12 <appendix> argL0 ; # scala/meta/internal/metals/MetalsServerConfig$$$Lambda+0x00000202820cc968
instanceKlass  @bci scala/meta/internal/metals/MetalsServerConfig$ apply$default$21 ()Ljava/lang/String; 20 <appendix> argL0 ; # scala/meta/internal/metals/MetalsServerConfig$$$Lambda+0x00000202820cc6b0
instanceKlass  @bci scala/meta/internal/metals/MetalsServerConfig$ apply$default$21 ()Ljava/lang/String; 12 <appendix> argL0 ; # scala/meta/internal/metals/MetalsServerConfig$$$Lambda+0x00000202820cc2e8
instanceKlass  @bci scala/meta/internal/metals/MetalsServerConfig$ apply$default$20 ()I 27 <appendix> argL0 ; # scala/meta/internal/metals/MetalsServerConfig$$$Lambda+0x00000202820cc010
instanceKlass scala/runtime/java8/JFunction0$mcI$sp
instanceKlass  @bci scala/meta/internal/metals/MetalsServerConfig$ apply$default$20 ()I 19 <appendix> argL0 ; # scala/meta/internal/metals/MetalsServerConfig$$$Lambda+0x00000202820cba48
instanceKlass  @bci scala/meta/internal/metals/MetalsServerConfig$ apply$default$20 ()I 11 <appendix> argL0 ; # scala/meta/internal/metals/MetalsServerConfig$$$Lambda+0x00000202820cb680
instanceKlass  @bci scala/collection/Map$ <clinit> ()V 20 <appendix> argL0 ; # scala/collection/Map$$$Lambda+0x00000202820cb3c8
instanceKlass scala/collection/MapFactory$Delegate
instanceKlass  @bci scala/collection/Map equals (Ljava/lang/Object;)Z 44 <appendix> member <vmtarget> ; # scala/collection/Map$$Lambda+0x00000202820ca158
instanceKlass scala/meta/internal/pc/PresentationCompilerConfigImpl
instanceKlass  @bci scala/meta/internal/pc/PresentationCompilerConfigImpl$ apply$default$14 ()Lscala/Function0; 0 <appendix> argL0 ; # scala/meta/internal/pc/PresentationCompilerConfigImpl$$$Lambda+0x00000202820c7650
instanceKlass  @cpi coursier/Resolve$ 499 form vmentry <vmtarget> ; # java/lang/invoke/LambdaForm$DMH+0x00000202820b8400
instanceKlass scala/runtime/java8/JFunction0$mcZ$sp
instanceKlass scala/collection/convert/JavaCollectionWrappers$JMapWrapperLike
instanceKlass scala/collection/StrictOptimizedMapOps
instanceKlass scala/collection/concurrent/Map
instanceKlass scala/collection/mutable/Set
instanceKlass scala/collection/mutable/SetOps
instanceKlass scala/collection/mutable/Buffer
instanceKlass scala/jdk/javaapi/CollectionConverters$
instanceKlass scala/collection/convert/AsJavaConverters
instanceKlass scala/collection/convert/AsScalaConverters
instanceKlass scala/collection/convert/AsScalaExtensions$MapHasAsScala
instanceKlass scala/meta/pc/PresentationCompilerConfig
instanceKlass scala/jdk/CollectionConverters$
instanceKlass scala/collection/convert/AsJavaExtensions
instanceKlass scala/meta/internal/jdk/package$
instanceKlass scala/runtime/AbstractFunction21
instanceKlass scala/Function21
instanceKlass scala/meta/internal/metals/Configs$CompilersConfig$
instanceKlass scala/meta/internal/metals/StatisticsConfig
instanceKlass scala/meta/internal/metals/StatisticsConfig$
instanceKlass scala/meta/internal/metals/Icons$
instanceKlass scala/meta/internal/metals/ExecuteClientCommandConfig
instanceKlass scala/meta/internal/metals/ExecuteClientCommandConfig$
instanceKlass scala/meta/internal/metals/StatusBarConfig
instanceKlass scala/meta/internal/metals/StatusBarConfig$
instanceKlass  @bci scala/meta/internal/metals/MetalsServerConfig$ commaSeparatedProperty (Ljava/lang/String;)Lscala/collection/immutable/Set; 18 <appendix> argL0 ; # scala/meta/internal/metals/MetalsServerConfig$$$Lambda+0x00000202820bba30
instanceKlass  @bci scala/meta/internal/metals/MetalsServerConfig$ commaSeparatedProperty (Ljava/lang/String;)Lscala/collection/immutable/Set; 10 <appendix> argL0 ; # scala/meta/internal/metals/MetalsServerConfig$$$Lambda+0x00000202820bb668
instanceKlass  @bci scala/sys/SystemProperties get (Ljava/lang/String;)Lscala/Option; 2 <appendix> member <vmtarget> ; # scala/sys/SystemProperties$$Lambda+0x00000202820bb3a8
instanceKlass scala/collection/MapView
instanceKlass scala/collection/convert/AsScalaExtensions
instanceKlass scala/sys/package$
instanceKlass scala/meta/internal/metals/Configs$GlobSyntaxConfig
instanceKlass scala/meta/internal/metals/Configs$GlobSyntaxConfig$
instanceKlass scala/meta/internal/metals/MetalsServerConfig
instanceKlass scala/meta/internal/metals/MetalsServerConfig$MetalsClientType$
instanceKlass  @bci scala/meta/internal/metals/MetalsServerConfig$ default ()Lscala/meta/internal/metals/MetalsServerConfig; 4 <appendix> argL0 ; # scala/meta/internal/metals/MetalsServerConfig$$$Lambda+0x00000202820bdac0
instanceKlass scala/Option$
instanceKlass scala/Function0
instanceKlass scala/meta/internal/metals/Icons
instanceKlass scala/meta/internal/metals/MetalsServerConfig$
instanceKlass scribe/writer/Writer
instanceKlass scribe/LoggerSupport
instanceKlass java/util/TreeMap$PrivateEntryIterator
instanceKlass java/util/TreeMap$Entry
instanceKlass java/util/NavigableMap
instanceKlass java/util/SortedMap
instanceKlass java/util/NavigableSet
instanceKlass java/util/SortedSet
instanceKlass scala/meta/internal/metals/logging/MetalsLogger$
instanceKlass scala/concurrent/impl/ExecutionContextImpl
instanceKlass java/util/concurrent/Executors$DefaultThreadFactory
instanceKlass java/util/concurrent/LinkedTransferQueue$DualNode
instanceKlass java/util/concurrent/TransferQueue
instanceKlass java/util/concurrent/BlockingQueue
instanceKlass java/util/concurrent/ThreadPoolExecutor$AbortPolicy
instanceKlass java/util/concurrent/RejectedExecutionHandler
instanceKlass java/util/concurrent/Executors
instanceKlass scala/runtime/BoxesRunTime
instanceKlass  @bci scala/runtime/Statics releaseFence ()V 3 <adapter> ; # java/lang/invoke/LambdaForm$MH+0x00000202820b8000
instanceKlass scala/runtime/Statics$VM
instanceKlass scala/runtime/Statics
instanceKlass scala/collection/immutable/SetBuilderImpl
instanceKlass scala/collection/MapOps$GenKeySet
instanceKlass scala/collection/immutable/StrictOptimizedSetOps
instanceKlass scala/collection/StrictOptimizedSetOps
instanceKlass scala/collection/ClassTagIterableFactory
instanceKlass scala/collection/EvidenceIterableFactory
instanceKlass scala/collection/EvidenceIterableFactoryDefaults
instanceKlass scala/runtime/ScalaRunTime$
instanceKlass scala/reflect/NoManifest$
instanceKlass scala/reflect/ManifestFactory$ClassTypeManifest
instanceKlass scala/runtime/Null$
instanceKlass scala/collection/mutable/IndexedSeq
instanceKlass scala/collection/mutable/IndexedSeqOps
instanceKlass scala/collection/mutable/Seq
instanceKlass scala/collection/mutable/SeqOps
instanceKlass scala/reflect/AnyValManifest
instanceKlass scala/reflect/ManifestFactory$
instanceKlass scala/reflect/Manifest
instanceKlass scala/reflect/ClassTag
instanceKlass scala/reflect/ClassManifestDeprecatedApis
instanceKlass scala/reflect/OptManifest
instanceKlass scala/reflect/Manifest$
instanceKlass scala/Tuple2$
instanceKlass scala/collection/immutable/Set
instanceKlass scala/collection/immutable/SetOps
instanceKlass scala/collection/Set
instanceKlass scala/collection/SetOps
instanceKlass scala/collection/immutable/Set$
instanceKlass scala/collection/immutable/Map$
instanceKlass scala/util/Right$
instanceKlass scala/util/Left$
instanceKlass scala/util/Either$
instanceKlass scala/math/Ordering$
instanceKlass scala/math/LowPriorityOrderingImplicits
instanceKlass scala/math/Ordered$
instanceKlass scala/math/Numeric$
instanceKlass scala/math/Integral$
instanceKlass scala/math/Fractional$
instanceKlass scala/math/Equiv$
instanceKlass scala/math/LowPriorityEquiv
instanceKlass scala/math/Integral
instanceKlass scala/math/ScalaNumericConversions
instanceKlass scala/math/ScalaNumericAnyConversions
instanceKlass scala/math/BigInt$
instanceKlass java/math/MathContext
instanceKlass scala/math/BigDecimal$
instanceKlass scala/collection/immutable/Range$
instanceKlass scala/collection/mutable/StringBuilder$
instanceKlass  @bci scala/collection/immutable/LazyList$ <clinit> ()V 31 <appendix> argL0 ; # scala/collection/immutable/LazyList$$$Lambda+0x000002028203d6b0
instanceKlass scala/collection/immutable/LazyList$EmptyMarker$
instanceKlass scala/collection/immutable/LazyList$
instanceKlass scala/collection/immutable/Stream$
instanceKlass scala/collection/package$$colon$plus$
instanceKlass scala/collection/package$$plus$colon$
instanceKlass scala/collection/immutable/$colon$colon$
instanceKlass scala/collection/Iterator$
instanceKlass scala/collection/immutable/VectorStatics$
instanceKlass scala/collection/BufferedIterator
instanceKlass scala/collection/AbstractIterator
instanceKlass scala/collection/immutable/Vector$
instanceKlass scala/collection/SeqFactory$Delegate
instanceKlass scala/collection/immutable/List$$anon$1
instanceKlass scala/collection/mutable/Map
instanceKlass scala/collection/mutable/MapOps
instanceKlass scala/collection/mutable/Shrinkable
instanceKlass scala/collection/mutable/Cloneable
instanceKlass scala/collection/mutable/Iterable
instanceKlass scala/collection/Searching$SearchResult
instanceKlass scala/collection/MapFactory
instanceKlass scala/collection/WithFilter
instanceKlass scala/collection/immutable/Map
instanceKlass scala/collection/immutable/MapOps
instanceKlass scala/collection/Map
instanceKlass scala/collection/MapFactoryDefaults
instanceKlass scala/collection/MapOps
instanceKlass scala/Product2$mcII$sp
instanceKlass scala/Product2$mcDI$sp
instanceKlass scala/Product2$mcJI$sp
instanceKlass scala/Product2$mcID$sp
instanceKlass scala/Product2$mcJD$sp
instanceKlass scala/Product2$mcJJ$sp
instanceKlass scala/Product2$mcIJ$sp
instanceKlass scala/Product2$mcDD$sp
instanceKlass scala/Product2$mcDJ$sp
instanceKlass scala/Tuple2
instanceKlass scala/Product2
instanceKlass scala/collection/generic/DefaultSerializable
instanceKlass scala/collection/StrictOptimizedLinearSeqOps
instanceKlass scala/collection/immutable/LinearSeq
instanceKlass scala/collection/immutable/LinearSeqOps
instanceKlass scala/collection/LinearSeq
instanceKlass scala/collection/LinearSeqOps
instanceKlass scala/collection/immutable/List$
instanceKlass scala/collection/StrictOptimizedSeqFactory
instanceKlass scala/collection/SeqFactory
instanceKlass scala/collection/BuildFrom
instanceKlass scala/collection/Factory
instanceKlass scala/collection/IterableFactory$Delegate
instanceKlass scala/collection/IterableFactory
instanceKlass scala/package$$anon$1
instanceKlass scala/Specializable
instanceKlass scala/package$
instanceKlass scala/LowPriorityImplicits2
instanceKlass  @bci scala/collection/ArrayOps$ <clinit> ()V 10 <appendix> argL0 ; # scala/collection/ArrayOps$$$Lambda+0x0000020282016ed0
instanceKlass scala/collection/IndexedSeqView
instanceKlass scala/collection/SeqView
instanceKlass scala/collection/View
instanceKlass scala/collection/AbstractIterable
instanceKlass scala/collection/immutable/StrictOptimizedSeqOps
instanceKlass scala/collection/DoubleStepper
instanceKlass scala/collection/Stepper$mcD$sp
instanceKlass scala/collection/LongStepper
instanceKlass scala/collection/Stepper$mcJ$sp
instanceKlass scala/collection/IntStepper
instanceKlass scala/collection/Stepper$mcI$sp
instanceKlass scala/collection/AnyStepper
instanceKlass scala/collection/Stepper
instanceKlass scala/collection/convert/impl/IndexedStepperBase
instanceKlass scala/collection/Stepper$EfficientSplit
instanceKlass scala/collection/StrictOptimizedSeqOps
instanceKlass scala/collection/StrictOptimizedIterableOps
instanceKlass scala/collection/immutable/IndexedSeq
instanceKlass scala/collection/immutable/IndexedSeqOps
instanceKlass scala/collection/IndexedSeq
instanceKlass scala/collection/IndexedSeqOps
instanceKlass scala/collection/Iterator
instanceKlass scala/collection/mutable/ArrayBuilder
instanceKlass scala/collection/mutable/ReusableBuilder
instanceKlass scala/collection/mutable/Builder
instanceKlass scala/collection/mutable/Growable
instanceKlass scala/collection/mutable/Clearable
instanceKlass scala/collection/ArrayOps$
instanceKlass java/util/concurrent/ForkJoinPool$2
instanceKlass jdk/internal/access/JavaUtilConcurrentFJPAccess
instanceKlass jdk/internal/vm/ThreadContainers
instanceKlass java/lang/invoke/VarForm
instanceKlass java/lang/invoke/VarHandleGuards
instanceKlass java/lang/invoke/VarHandles
instanceKlass java/util/concurrent/ForkJoinPool$DefaultForkJoinWorkerThreadFactory
instanceKlass java/util/concurrent/ForkJoinTask
instanceKlass java/util/concurrent/Future
instanceKlass java/util/concurrent/ForkJoinPool$WorkQueue
instanceKlass jdk/internal/vm/StackableScope
instanceKlass java/util/function/Predicate
instanceKlass java/util/concurrent/CountDownLatch
instanceKlass java/util/concurrent/AbstractExecutorService
instanceKlass java/util/concurrent/Semaphore
instanceKlass  @bci scala/concurrent/impl/ExecutionContextImpl$ fromExecutor (Ljava/util/concurrent/Executor;Lscala/Function1;)Lscala/concurrent/ExecutionContextExecutor; 55 <appendix> member <vmtarget> ; # scala/concurrent/impl/ExecutionContextImpl$$$Lambda+0x0000020282007910
instanceKlass  @cpi org/eclipse/lsp4j/jsonrpc/services/ServiceEndpoints 267 form vmentry <vmtarget> ; # java/lang/invoke/LambdaForm$DMH+0x0000020282008400
instanceKlass scala/concurrent/BlockContext
instanceKlass scala/concurrent/impl/ExecutionContextImpl$DefaultThreadFactory
instanceKlass java/util/concurrent/ForkJoinPool$ForkJoinWorkerThreadFactory
instanceKlass jdk/internal/math/FloatingDecimal$ASCIIToBinaryBuffer
instanceKlass jdk/internal/math/FloatingDecimal$PreparedASCIIToBinaryBuffer
instanceKlass jdk/internal/math/FloatingDecimal$ASCIIToBinaryConverter
instanceKlass jdk/internal/math/FloatingDecimal$BinaryToASCIIBuffer
instanceKlass jdk/internal/math/FloatingDecimal$ExceptionalBinaryToASCIIBuffer
instanceKlass jdk/internal/math/FloatingDecimal$BinaryToASCIIConverter
instanceKlass jdk/internal/math/FloatingDecimal
instanceKlass scala/math/Fractional
instanceKlass scala/math/Numeric
instanceKlass scala/runtime/RichDouble$
instanceKlass scala/math/package$
instanceKlass scala/concurrent/ExecutionContextExecutorService
instanceKlass java/util/concurrent/ExecutorService
instanceKlass scala/concurrent/impl/ExecutionContextImpl$
instanceKlass  @bci org/h2/engine/MetaRecord <clinit> ()V 0 <appendix> form vmentry <vmtarget> ; # java/lang/invoke/LambdaForm$MH+0x0000020282008000
instanceKlass jdk/internal/org/objectweb/asm/FieldVisitor
instanceKlass java/lang/invoke/InvokerBytecodeGenerator$ClassData
instanceKlass jdk/internal/org/objectweb/asm/Frame
instanceKlass java/lang/invoke/LambdaFormBuffer
instanceKlass java/lang/invoke/LambdaFormEditor$TransformKey
instanceKlass java/lang/invoke/LambdaFormEditor
instanceKlass java/lang/invoke/DirectMethodHandle$2
instanceKlass java/lang/invoke/ClassSpecializer$Factory
instanceKlass java/lang/invoke/ClassSpecializer$SpeciesData
instanceKlass java/lang/invoke/ClassSpecializer$1
instanceKlass java/lang/invoke/ClassSpecializer
instanceKlass sun/invoke/empty/Empty
instanceKlass sun/invoke/util/VerifyType
instanceKlass  @bci scala/concurrent/ExecutionContext$ <clinit> ()V 10 <appendix> argL0 ; # scala/concurrent/ExecutionContext$$$Lambda+0x0000020282006190
instanceKlass java/lang/invoke/MethodHandles$Lookup$ClassDefiner
instanceKlass java/lang/invoke/MethodHandles$Lookup$ClassFile
instanceKlass jdk/internal/org/objectweb/asm/AnnotationVisitor
instanceKlass jdk/internal/org/objectweb/asm/Attribute
instanceKlass jdk/internal/org/objectweb/asm/Handler
instanceKlass jdk/internal/org/objectweb/asm/Label
instanceKlass jdk/internal/org/objectweb/asm/MethodVisitor
instanceKlass java/util/SequencedSet
instanceKlass java/lang/invoke/LambdaProxyClassArchive
instanceKlass jdk/internal/org/objectweb/asm/ByteVector
instanceKlass jdk/internal/org/objectweb/asm/Symbol
instanceKlass jdk/internal/org/objectweb/asm/SymbolTable
instanceKlass jdk/internal/org/objectweb/asm/ClassVisitor
instanceKlass java/lang/invoke/InfoFromMemberName
instanceKlass java/lang/invoke/MethodHandleInfo
instanceKlass jdk/internal/org/objectweb/asm/ConstantDynamic
instanceKlass sun/invoke/util/BytecodeDescriptor
instanceKlass jdk/internal/org/objectweb/asm/Handle
instanceKlass sun/security/action/GetBooleanAction
instanceKlass jdk/internal/org/objectweb/asm/Type
instanceKlass java/lang/invoke/AbstractValidatingLambdaMetafactory
instanceKlass java/lang/invoke/BootstrapMethodInvoker
instanceKlass sun/invoke/util/VerifyAccess$1
instanceKlass java/lang/invoke/Invokers$Holder
instanceKlass java/lang/invoke/DelegatingMethodHandle$Holder
instanceKlass java/lang/invoke/MethodHandleImpl$1
instanceKlass jdk/internal/access/JavaLangInvokeAccess
instanceKlass java/lang/invoke/InvokerBytecodeGenerator$1
instanceKlass java/lang/invoke/InvokerBytecodeGenerator
instanceKlass java/lang/invoke/LambdaForm$Holder
instanceKlass java/lang/invoke/LambdaForm$Name
instanceKlass java/lang/invoke/Invokers
instanceKlass java/lang/invoke/MethodHandleImpl
instanceKlass sun/invoke/util/ValueConversions
instanceKlass java/lang/invoke/DirectMethodHandle$Holder
instanceKlass java/lang/invoke/LambdaForm$NamedFunction
instanceKlass java/lang/constant/DynamicConstantDesc
instanceKlass jdk/internal/constant/DirectMethodHandleDescImpl$1
instanceKlass jdk/internal/constant/ConstantUtils
instanceKlass jdk/internal/constant/DirectMethodHandleDescImpl
instanceKlass java/lang/constant/DirectMethodHandleDesc
instanceKlass java/lang/constant/MethodHandleDesc$1
instanceKlass java/lang/constant/MethodHandleDesc
instanceKlass jdk/internal/constant/MethodTypeDescImpl
instanceKlass java/lang/constant/MethodTypeDesc
instanceKlass jdk/internal/constant/ReferenceClassDescImpl
instanceKlass java/lang/constant/ClassDesc
instanceKlass java/lang/constant/ConstantDescs
instanceKlass sun/invoke/util/Wrapper$Format
instanceKlass java/lang/invoke/MethodTypeForm
instanceKlass java/lang/invoke/MethodType$1
instanceKlass java/lang/invoke/LambdaMetafactory
instanceKlass scala/concurrent/ExecutionContextExecutor
instanceKlass java/util/concurrent/Executor
instanceKlass scala/concurrent/ExecutionContext$
instanceKlass scala/$less$colon$less
instanceKlass scala/Option
instanceKlass scala/collection/immutable/Seq
instanceKlass scala/collection/immutable/SeqOps
instanceKlass scala/collection/Seq
instanceKlass scala/collection/SeqOps
instanceKlass scala/PartialFunction
instanceKlass scala/Function1
instanceKlass scala/collection/immutable/Iterable
instanceKlass scala/collection/Iterable
instanceKlass scala/collection/IterableFactoryDefaults
instanceKlass scala/collection/IterableOps
instanceKlass scala/collection/IterableOnceOps
instanceKlass scala/concurrent/Awaitable
instanceKlass scala/collection/IterableOnce
instanceKlass scala/math/Ordering
instanceKlass scala/math/PartialOrdering
instanceKlass scala/math/Equiv
instanceKlass scala/meta/metals/SupportedScalaVersions
instanceKlass java/lang/Void
instanceKlass java/lang/PublicMethods$Key
instanceKlass java/lang/PublicMethods$MethodList
instanceKlass scala/util/Either
instanceKlass scala/Product
instanceKlass scala/Equals
instanceKlass scala/concurrent/duration/Duration
instanceKlass scala/math/Ordered
instanceKlass scala/concurrent/ExecutionContext
instanceKlass java/util/ArrayList$Itr
instanceKlass jdk/internal/misc/PreviewFeatures
instanceKlass jdk/internal/misc/MethodFinder
instanceKlass scala/meta/metals/Main
instanceKlass java/security/SecureClassLoader$DebugHolder
instanceKlass java/security/Permission
instanceKlass java/security/Guard
instanceKlass java/security/PermissionCollection
instanceKlass java/security/SecureClassLoader$1
instanceKlass java/util/zip/Checksum$1
instanceKlass java/util/zip/CRC32
instanceKlass java/util/zip/Checksum
instanceKlass sun/nio/ByteBuffered
instanceKlass java/lang/Package$VersionInfo
instanceKlass java/lang/NamedPackage
instanceKlass java/lang/reflect/Array
instanceKlass java/util/jar/Attributes$Name
instanceKlass java/util/SequencedMap
instanceKlass java/util/jar/Attributes
instanceKlass jdk/internal/loader/Resource
instanceKlass sun/security/action/GetIntegerAction
instanceKlass sun/security/util/Debug
instanceKlass sun/security/util/SignatureFileVerifier
instanceKlass java/util/zip/ZipFile$InflaterCleanupAction
instanceKlass java/util/zip/Inflater$InflaterZStreamRef
instanceKlass java/util/zip/Inflater
instanceKlass java/util/zip/ZipEntry
instanceKlass java/util/zip/ZipFile$2
instanceKlass java/nio/Bits$1
instanceKlass jdk/internal/misc/VM$BufferPool
instanceKlass java/nio/Bits
instanceKlass sun/nio/ch/DirectBuffer
instanceKlass jdk/internal/perf/PerfCounter$CoreCounters
instanceKlass jdk/internal/perf/Perf
instanceKlass jdk/internal/perf/Perf$GetPerfAction
instanceKlass jdk/internal/perf/PerfCounter
instanceKlass jdk/internal/util/StrongReferenceKey
instanceKlass jdk/internal/util/ReferenceKey
instanceKlass java/util/Locale$1
instanceKlass sun/util/locale/LocaleUtils
instanceKlass sun/util/locale/BaseLocale$1
instanceKlass java/util/function/UnaryOperator
instanceKlass jdk/internal/util/ReferencedKeyMap$1
instanceKlass jdk/internal/util/ReferencedKeyMap
instanceKlass sun/util/locale/BaseLocale
instanceKlass java/util/Locale
instanceKlass java/nio/file/attribute/FileTime
instanceKlass java/util/zip/ZipUtils
instanceKlass java/util/zip/ZipFile$Source$End
instanceKlass java/io/RandomAccessFile$2
instanceKlass jdk/internal/access/JavaIORandomAccessFileAccess
instanceKlass java/io/RandomAccessFile
instanceKlass java/io/DataInput
instanceKlass java/io/DataOutput
instanceKlass sun/nio/fs/WindowsNativeDispatcher$CompletionStatus
instanceKlass sun/nio/fs/WindowsNativeDispatcher$AclInformation
instanceKlass sun/nio/fs/WindowsNativeDispatcher$Account
instanceKlass sun/nio/fs/WindowsNativeDispatcher$DiskFreeSpace
instanceKlass sun/nio/fs/WindowsNativeDispatcher$VolumeInformation
instanceKlass sun/nio/fs/WindowsNativeDispatcher$FirstStream
instanceKlass sun/nio/fs/WindowsNativeDispatcher$FirstFile
instanceKlass java/util/Enumeration
instanceKlass java/util/concurrent/ConcurrentHashMap$Traverser
instanceKlass jdk/internal/loader/NativeLibraries$3
instanceKlass jdk/internal/loader/NativeLibrary
instanceKlass java/util/ArrayDeque$DeqIterator
instanceKlass jdk/internal/loader/NativeLibraries$NativeLibraryContext$1
instanceKlass jdk/internal/loader/NativeLibraries$NativeLibraryContext
instanceKlass jdk/internal/loader/NativeLibraries$2
instanceKlass jdk/internal/loader/NativeLibraries$1
instanceKlass jdk/internal/loader/NativeLibraries$LibraryPaths
instanceKlass sun/nio/fs/WindowsNativeDispatcher
instanceKlass sun/nio/fs/NativeBuffer$Deallocator
instanceKlass sun/nio/fs/NativeBuffer
instanceKlass java/lang/ThreadLocal$ThreadLocalMap
instanceKlass java/lang/ThreadLocal
instanceKlass sun/nio/fs/NativeBuffers
instanceKlass sun/nio/fs/WindowsFileAttributes
instanceKlass java/nio/file/attribute/DosFileAttributes
instanceKlass sun/nio/fs/AbstractBasicFileAttributeView
instanceKlass sun/nio/fs/DynamicFileAttributeView
instanceKlass sun/nio/fs/WindowsFileAttributeViews
instanceKlass sun/nio/fs/Util
instanceKlass java/nio/file/attribute/BasicFileAttributeView
instanceKlass java/nio/file/attribute/FileAttributeView
instanceKlass java/nio/file/attribute/AttributeView
instanceKlass java/util/concurrent/ForkJoinPool$ManagedBlocker
instanceKlass java/nio/file/Files
instanceKlass java/nio/file/CopyOption
instanceKlass java/util/concurrent/locks/AbstractQueuedSynchronizer$Node
instanceKlass java/nio/file/attribute/BasicFileAttributes
instanceKlass sun/nio/fs/WindowsPath
instanceKlass java/nio/file/Path
instanceKlass java/nio/file/Watchable
instanceKlass java/util/zip/ZipFile$Source$Key
instanceKlass sun/nio/fs/WindowsPathParser$Result
instanceKlass sun/nio/fs/WindowsPathParser
instanceKlass java/nio/file/FileSystem
instanceKlass java/nio/file/OpenOption
instanceKlass java/nio/file/spi/FileSystemProvider
instanceKlass sun/nio/fs/DefaultFileSystemProvider
instanceKlass java/util/zip/ZipFile$Source
instanceKlass java/lang/ref/Cleaner$Cleanable
instanceKlass jdk/internal/ref/CleanerImpl
instanceKlass java/lang/ref/Cleaner$1
instanceKlass java/lang/ref/Cleaner
instanceKlass jdk/internal/ref/CleanerFactory$1
instanceKlass java/util/concurrent/ThreadFactory
instanceKlass jdk/internal/ref/CleanerFactory
instanceKlass java/util/zip/ZipCoder
instanceKlass java/util/zip/ZipFile$CleanableResource
instanceKlass jdk/internal/util/DecimalDigits
instanceKlass java/lang/Runtime$Version
instanceKlass java/util/jar/JavaUtilJarAccessImpl
instanceKlass jdk/internal/access/JavaUtilJarAccess
instanceKlass jdk/internal/loader/FileURLMapper
instanceKlass jdk/internal/loader/URLClassPath$JarLoader$1
instanceKlass java/util/zip/ZipFile$1
instanceKlass jdk/internal/access/JavaUtilZipFileAccess
instanceKlass java/util/zip/ZipFile
instanceKlass java/util/zip/ZipConstants
instanceKlass jdk/internal/loader/URLClassPath$Loader
instanceKlass jdk/internal/loader/URLClassPath$3
instanceKlass java/security/PrivilegedExceptionAction
instanceKlass sun/net/util/URLUtil
instanceKlass sun/launcher/LauncherHelper
instanceKlass jdk/internal/vm/PostVMInitHook$1
instanceKlass jdk/internal/util/EnvUtils
instanceKlass jdk/internal/vm/PostVMInitHook$2
instanceKlass jdk/internal/vm/PostVMInitHook
instanceKlass jdk/internal/vm/ContinuationSupport
instanceKlass java/lang/invoke/StringConcatFactory
instanceKlass java/lang/ModuleLayer$Controller
instanceKlass java/util/concurrent/CopyOnWriteArrayList
instanceKlass jdk/internal/module/ServicesCatalog$ServiceProvider
instanceKlass jdk/internal/loader/AbstractClassLoaderValue$Memoizer
instanceKlass java/util/ImmutableCollections$ListItr
instanceKlass java/util/ListIterator
instanceKlass java/lang/ModuleLayer
instanceKlass jdk/internal/module/ModuleLoaderMap$Mapper
instanceKlass java/util/AbstractMap$KeyIterator
instanceKlass java/lang/module/ResolvedModule
instanceKlass java/lang/module/Configuration
instanceKlass jdk/internal/loader/BuiltinClassLoader$LoadedModule
instanceKlass jdk/internal/loader/AbstractClassLoaderValue
instanceKlass jdk/internal/module/ServicesCatalog
instanceKlass java/util/Deque
instanceKlass java/util/Queue
instanceKlass sun/net/util/IPAddressUtil$MASKS
instanceKlass sun/net/util/IPAddressUtil
instanceKlass java/net/URLStreamHandler
instanceKlass sun/net/www/ParseUtil
instanceKlass java/net/URL$3
instanceKlass jdk/internal/access/JavaNetURLAccess
instanceKlass java/net/URL$DefaultFactory
instanceKlass java/net/URLStreamHandlerFactory
instanceKlass jdk/internal/loader/URLClassPath
instanceKlass java/security/Principal
instanceKlass java/security/ProtectionDomain$Key
instanceKlass java/security/ProtectionDomain$JavaSecurityAccessImpl
instanceKlass jdk/internal/access/JavaSecurityAccess
instanceKlass java/lang/ClassLoader$ParallelLoaders
instanceKlass java/security/cert/Certificate
instanceKlass jdk/internal/loader/ArchivedClassLoaders
instanceKlass java/util/concurrent/ConcurrentHashMap$CollectionView
instanceKlass jdk/internal/loader/ClassLoaderHelper
instanceKlass jdk/internal/loader/NativeLibraries
instanceKlass java/lang/Module$EnableNativeAccess
instanceKlass jdk/internal/loader/BootLoader
instanceKlass java/util/Optional
instanceKlass jdk/internal/module/SystemModuleFinders$SystemModuleFinder
instanceKlass java/lang/module/ModuleFinder
instanceKlass jdk/internal/module/SystemModuleFinders$3
instanceKlass jdk/internal/module/ModuleHashes$HashSupplier
instanceKlass jdk/internal/module/SystemModuleFinders$2
instanceKlass java/util/function/Supplier
instanceKlass java/lang/module/ModuleReference
instanceKlass jdk/internal/module/ModuleResolution
instanceKlass java/util/Collections$UnmodifiableMap
instanceKlass jdk/internal/module/ModuleHashes$Builder
instanceKlass jdk/internal/module/ModuleHashes
instanceKlass jdk/internal/module/ModuleTarget
instanceKlass java/util/ImmutableCollections$Set12$1
instanceKlass java/lang/reflect/AccessFlag$18
instanceKlass java/lang/reflect/AccessFlag$17
instanceKlass java/lang/reflect/AccessFlag$16
instanceKlass java/lang/reflect/AccessFlag$15
instanceKlass java/lang/reflect/AccessFlag$14
instanceKlass java/lang/reflect/AccessFlag$13
instanceKlass java/lang/reflect/AccessFlag$12
instanceKlass java/lang/reflect/AccessFlag$11
instanceKlass java/lang/reflect/AccessFlag$10
instanceKlass java/lang/reflect/AccessFlag$9
instanceKlass java/lang/reflect/AccessFlag$8
instanceKlass java/lang/reflect/AccessFlag$7
instanceKlass java/lang/reflect/AccessFlag$6
instanceKlass java/lang/reflect/AccessFlag$5
instanceKlass java/lang/reflect/AccessFlag$4
instanceKlass java/lang/reflect/AccessFlag$3
instanceKlass java/lang/reflect/AccessFlag$2
instanceKlass java/lang/reflect/AccessFlag$1
instanceKlass java/lang/module/ModuleDescriptor$Version
instanceKlass java/lang/module/ModuleDescriptor$Provides
instanceKlass java/lang/module/ModuleDescriptor$Opens
instanceKlass java/util/ImmutableCollections$SetN$SetNIterator
instanceKlass java/lang/module/ModuleDescriptor$Exports
instanceKlass java/lang/module/ModuleDescriptor$Requires
instanceKlass jdk/internal/module/Builder
instanceKlass jdk/internal/module/SystemModules$default
instanceKlass jdk/internal/module/SystemModules
instanceKlass jdk/internal/module/SystemModulesMap
instanceKlass java/net/URI$1
instanceKlass jdk/internal/access/JavaNetUriAccess
instanceKlass java/net/URI
instanceKlass jdk/internal/module/SystemModuleFinders
instanceKlass jdk/internal/module/ArchivedModuleGraph
instanceKlass jdk/internal/module/ArchivedBootLayer
instanceKlass jdk/internal/module/ModuleBootstrap$Counters
instanceKlass jdk/internal/module/ModuleLoaderMap$Modules
instanceKlass jdk/internal/module/ModuleLoaderMap
instanceKlass jdk/internal/module/ModulePatcher
instanceKlass java/io/FileSystem
instanceKlass java/io/DefaultFileSystem
instanceKlass java/io/File
instanceKlass java/lang/module/ModuleDescriptor$1
instanceKlass jdk/internal/access/JavaLangModuleAccess
instanceKlass sun/invoke/util/VerifyAccess
instanceKlass java/util/KeyValueHolder
instanceKlass java/util/ImmutableCollections$MapN$MapNIterator
instanceKlass java/lang/StrictMath
instanceKlass java/lang/invoke/MethodHandles$Lookup
instanceKlass java/lang/invoke/MemberName$Factory
instanceKlass java/lang/invoke/MethodHandles
instanceKlass java/lang/module/ModuleDescriptor
instanceKlass jdk/internal/module/ModuleBootstrap
instanceKlass java/lang/Character$CharacterCache
instanceKlass java/util/HexFormat
instanceKlass jdk/internal/util/ClassFileDumper
instanceKlass sun/security/action/GetPropertyAction
instanceKlass java/lang/invoke/MethodHandleStatics
instanceKlass java/util/concurrent/locks/AbstractQueuedSynchronizer$ConditionObject
instanceKlass java/util/concurrent/locks/Condition
instanceKlass java/util/Collections
instanceKlass java/lang/Thread$ThreadIdentifiers
instanceKlass sun/io/Win32ErrorMode
instanceKlass jdk/internal/misc/OSEnvironment
instanceKlass java/lang/Integer$IntegerCache
instanceKlass jdk/internal/misc/Signal$NativeHandler
instanceKlass java/util/Hashtable$Entry
instanceKlass jdk/internal/misc/Signal
instanceKlass java/lang/Terminator$1
instanceKlass jdk/internal/misc/Signal$Handler
instanceKlass java/lang/Terminator
instanceKlass java/nio/ByteOrder
instanceKlass java/nio/Buffer$2
instanceKlass jdk/internal/access/JavaNioAccess
instanceKlass java/nio/Buffer$1
instanceKlass jdk/internal/misc/ScopedMemoryAccess
instanceKlass sun/nio/cs/ArrayEncoder
instanceKlass java/nio/charset/CharsetEncoder
instanceKlass java/io/Writer
instanceKlass java/io/PrintStream$1
instanceKlass jdk/internal/access/JavaIOPrintStreamAccess
instanceKlass jdk/internal/misc/InternalLock
instanceKlass java/io/OutputStream
instanceKlass java/io/Flushable
instanceKlass java/io/FileDescriptor$1
instanceKlass jdk/internal/access/JavaIOFileDescriptorAccess
instanceKlass java/io/FileDescriptor
instanceKlass jdk/internal/util/StaticProperty
instanceKlass java/util/HashMap$HashIterator
instanceKlass java/util/concurrent/locks/LockSupport
instanceKlass java/util/concurrent/ConcurrentHashMap$Node
instanceKlass java/util/concurrent/ConcurrentHashMap$CounterCell
instanceKlass java/util/concurrent/locks/ReentrantLock
instanceKlass java/util/concurrent/locks/Lock
instanceKlass java/lang/CharacterData
instanceKlass java/lang/Runtime
instanceKlass java/lang/VersionProps
instanceKlass java/lang/StringConcatHelper
instanceKlass java/util/HashMap$Node
instanceKlass java/util/Map$Entry
instanceKlass java/lang/StringCoding
instanceKlass java/nio/charset/CodingErrorAction
instanceKlass sun/nio/cs/SingleByte
instanceKlass java/lang/StringUTF16
instanceKlass sun/nio/cs/MS1250$Holder
instanceKlass sun/nio/cs/ArrayDecoder
instanceKlass java/nio/charset/CharsetDecoder
instanceKlass jdk/internal/reflect/MethodHandleAccessorFactory
instanceKlass java/lang/reflect/Modifier
instanceKlass java/lang/Class$1
instanceKlass java/lang/Class$Atomic
instanceKlass java/lang/Class$ReflectionData
instanceKlass java/nio/charset/StandardCharsets
instanceKlass sun/nio/cs/HistoricallyNamedCharset
instanceKlass jdk/internal/util/ArraysSupport
instanceKlass java/util/Arrays
instanceKlass jdk/internal/util/Preconditions$3
instanceKlass jdk/internal/util/Preconditions$2
instanceKlass jdk/internal/util/Preconditions$4
instanceKlass java/util/function/BiFunction
instanceKlass jdk/internal/util/Preconditions$1
instanceKlass java/util/function/Function
instanceKlass jdk/internal/util/Preconditions
instanceKlass java/nio/charset/spi/CharsetProvider
instanceKlass java/nio/charset/Charset
instanceKlass jdk/internal/util/SystemProps$Raw
instanceKlass jdk/internal/util/SystemProps
instanceKlass java/lang/System$2
instanceKlass jdk/internal/access/JavaLangAccess
instanceKlass java/lang/ref/NativeReferenceQueue$Lock
instanceKlass java/lang/ref/ReferenceQueue
instanceKlass java/lang/ref/Reference$1
instanceKlass jdk/internal/access/JavaLangRefAccess
instanceKlass jdk/internal/reflect/ReflectionFactory
instanceKlass java/lang/Math
instanceKlass java/lang/StringLatin1
instanceKlass jdk/internal/reflect/Reflection
instanceKlass jdk/internal/reflect/ReflectionFactory$GetReflectionFactoryAction
instanceKlass java/security/PrivilegedAction
instanceKlass jdk/internal/access/SharedSecrets
instanceKlass java/lang/reflect/ReflectAccess
instanceKlass jdk/internal/access/JavaLangReflectAccess
instanceKlass java/util/ImmutableCollections
instanceKlass java/util/Objects
instanceKlass java/util/Set
instanceKlass jdk/internal/misc/CDS
instanceKlass java/lang/Module$ArchivedData
instanceKlass jdk/internal/misc/VM
instanceKlass java/lang/String$CaseInsensitiveComparator
instanceKlass java/util/Comparator
instanceKlass java/io/ObjectStreamField
instanceKlass jdk/internal/vm/FillerObject
instanceKlass jdk/internal/vm/vector/VectorSupport$VectorPayload
instanceKlass jdk/internal/vm/vector/VectorSupport
instanceKlass java/lang/reflect/RecordComponent
instanceKlass java/util/Iterator
instanceKlass java/lang/Number
instanceKlass java/lang/Character
instanceKlass java/lang/Boolean
instanceKlass java/util/concurrent/locks/AbstractOwnableSynchronizer
instanceKlass java/lang/LiveStackFrame
instanceKlass java/lang/ClassFrameInfo
instanceKlass java/lang/StackWalker$StackFrame
instanceKlass java/lang/StackStreamFactory$AbstractStackWalker
instanceKlass java/lang/StackWalker
instanceKlass java/nio/Buffer
instanceKlass java/lang/StackTraceElement
instanceKlass java/util/RandomAccess
instanceKlass java/util/List
instanceKlass java/util/SequencedCollection
instanceKlass java/util/AbstractCollection
instanceKlass java/util/Collection
instanceKlass java/lang/Iterable
instanceKlass java/util/concurrent/ConcurrentMap
instanceKlass java/util/AbstractMap
instanceKlass java/security/CodeSource
instanceKlass jdk/internal/loader/ClassLoaders
instanceKlass java/util/jar/Manifest
instanceKlass java/lang/Enum
instanceKlass java/net/URL
instanceKlass java/io/InputStream
instanceKlass java/io/Closeable
instanceKlass java/lang/AutoCloseable
instanceKlass jdk/internal/module/Modules
instanceKlass jdk/internal/misc/Unsafe
instanceKlass jdk/internal/misc/UnsafeConstants
instanceKlass java/lang/AbstractStringBuilder
instanceKlass java/lang/Appendable
instanceKlass java/lang/AssertionStatusDirectives
instanceKlass java/lang/invoke/MethodHandleNatives$CallSiteContext
instanceKlass jdk/internal/foreign/abi/ABIDescriptor
instanceKlass jdk/internal/foreign/abi/NativeEntryPoint
instanceKlass java/lang/invoke/CallSite
instanceKlass java/lang/invoke/MethodType
instanceKlass java/lang/invoke/TypeDescriptor$OfMethod
instanceKlass java/lang/invoke/LambdaForm
instanceKlass java/lang/invoke/MethodHandleNatives
instanceKlass java/lang/invoke/ResolvedMethodName
instanceKlass java/lang/invoke/MemberName
instanceKlass java/lang/invoke/VarHandle
instanceKlass java/lang/invoke/MethodHandle
instanceKlass jdk/internal/reflect/ConstructorAccessor
instanceKlass jdk/internal/reflect/CallerSensitive
instanceKlass java/lang/annotation/Annotation
instanceKlass jdk/internal/reflect/ConstantPool
instanceKlass jdk/internal/reflect/MethodAccessor
instanceKlass jdk/internal/reflect/MagicAccessorImpl
instanceKlass jdk/internal/vm/StackChunk
instanceKlass jdk/internal/vm/Continuation
instanceKlass jdk/internal/vm/ContinuationScope
instanceKlass java/lang/reflect/Parameter
instanceKlass java/lang/reflect/Member
instanceKlass java/lang/reflect/AccessibleObject
instanceKlass java/lang/Module
instanceKlass java/util/Map
instanceKlass java/util/Dictionary
instanceKlass java/lang/ThreadGroup
instanceKlass java/lang/Thread$UncaughtExceptionHandler
instanceKlass java/lang/Thread$Constants
instanceKlass java/lang/Thread$FieldHolder
instanceKlass java/lang/Thread
instanceKlass java/lang/Runnable
instanceKlass java/lang/ref/Reference
instanceKlass java/lang/Record
instanceKlass java/security/AccessController
instanceKlass java/security/AccessControlContext
instanceKlass java/security/ProtectionDomain
instanceKlass java/lang/SecurityManager
instanceKlass java/lang/Throwable
instanceKlass java/lang/System
instanceKlass java/lang/ClassLoader
instanceKlass java/lang/Cloneable
instanceKlass java/lang/Class
instanceKlass java/lang/invoke/TypeDescriptor$OfField
instanceKlass java/lang/invoke/TypeDescriptor
instanceKlass java/lang/reflect/Type
instanceKlass java/lang/reflect/GenericDeclaration
instanceKlass java/lang/reflect/AnnotatedElement
instanceKlass java/lang/String
instanceKlass java/lang/constant/ConstantDesc
instanceKlass java/lang/constant/Constable
instanceKlass java/lang/CharSequence
instanceKlass java/lang/Comparable
instanceKlass java/io/Serializable
ciInstanceKlass java/lang/Object 1 1 123 7 1 10 12 1 1 10 7 12 1 1 1 10 7 12 1 1 1 10 12 1 1 8 1 10 12 1 1 10 7 12 1 1 1 10 12 1 10 12 1 1 10 7 12 1 1 1 10 12 1 1 10 12 1 10 100 12 1 1 10 12 1 1 7 1 10 12 1 100 1 8 1 10 12 1 3 8 1 7 1 5 0 1 1 1 1 1 1 1 1 1 1 1 1 1 1 1 1 7 1 1 1 1 1 1 1 1 1 7 1 1 1 1 1 1 1 1 1 1 3 1 1
ciMethod java/lang/Object equals (Ljava/lang/Object;)Z 524 0 18849 0 -1
ciMethod java/lang/Object toString ()Ljava/lang/String; 2 0 1 0 -1
ciMethod java/lang/Object hashCode ()I 256 0 128 0 -1
ciMethod java/lang/Object clone ()Ljava/lang/Object; 256 0 128 0 -1
ciInstanceKlass java/io/Serializable 1 0 7 100 1 100 1 1 1
ciInstanceKlass java/lang/System 1 1 836 10 7 12 1 1 1 9 7 12 1 1 1 10 12 1 10 12 1 1 10 12 1 1 10 12 1 9 12 1 1 10 7 12 1 1 1 11 100 12 1 1 1 10 100 12 1 1 1 10 12 1 1 10 12 1 1 100 1 8 1 10 12 1 10 7 12 1 1 1 10 100 12 1 1 1 18 12 1 1 10 7 12 1 1 1 7 1 10 12 1 1 10 7 12 1 1 1 10 12 1 10 7 12 1 1 1 9 100 12 1 1 1 10 7 12 1 1 1 11 7 12 1 1 1 10 12 1 1 10 7 12 1 1 1 7 1 10 10 12 1 1 8 1 10 12 1 8 1 10 12 1 9 12 1 1 8 1 10 7 12 1 1 1 10 12 1 1 100 1 8 1 10 9 12 1 1 8 1 10 12 1 1 10 100 12 1 1 1 8 1 10 12 1 7 1 10 12 1 8 1 10 12 1 10 12 1 1 100 1 10 12 10 12 1 9 12 1 1 9 12 1 1 10 7 12 1 1 1 10 7 12 1 1 1 10 12 1 1 10 12 1 10 12 1 10 7 12 1 1 1 10 12 1 100 1 100 1 8 1 10 12 1 10 12 1 1 7 1 10 12 1 100 1 8 1 10 10 12 1 100 1 8 1 10 8 1 10 7 12 1 1 8 1 10 12 100 1 8 1 10 10 12 1 1 10 100 12 1 1 1 100 1 18 12 1 100 1 9 100 12 1 1 1 10 12 1 100 1 10 12 1 1 10 12 1 1 10 7 12 1 1 1 10 12 1 1 10 12 1 10 12 1 10 12 1 1 10 12 1 7 1 10 12 1 9 7 12 1 1 1 10 7 12 1 1 1 10 12 1 10 12 1 10 7 12 1 1 1 7 1 8 1 10 9 12 1 9 12 1 10 12 1 10 7 12 1 1 10 12 1 10 12 1 1 8 1 10 12 1 1 8 1 11 12 1 10 12 11 12 1 1 11 7 12 1 1 1 11 7 12 1 1 11 12 1 1 7 1 11 12 1 10 12 1 8 1 10 12 1 1 8 1 8 1 8 1 8 1 11 12 1 10 12 1 10 12 1 10 12 1 8 1 10 12 1 1 8 1 9 12 1 8 1 10 7 12 1 1 8 1 7 1 9 7 12 1 1 1 10 12 1 7 1 9 12 10 9 12 7 1 10 12 9 12 1 1 8 1 10 12 1 1 8 1 10 7 12 1 1 10 12 1 10 12 1 1 11 7 12 1 1 10 12 10 7 12 1 1 1 9 12 1 1 7 1 8 1 10 12 1 1 10 7 12 1 1 1 7 1 10 12 1 1 10 12 1 8 1 8 1 10 8 1 8 1 8 1 8 1 10 10 7 12 1 1 10 12 1 10 12 1 1 10 12 1 1 10 12 1 10 100 12 1 1 1 10 7 1 8 1 10 10 10 12 1 1 10 12 1 1 8 1 10 12 1 8 1 8 1 10 12 1 10 7 12 1 1 1 10 12 1 1 7 1 10 10 12 1 10 12 1 9 12 1 1 1 1 3 1 3 1 1 1 1 1 1 1 1 1 1 100 1 1 100 1 1 1 1 1 1 1 1 1 1 1 100 1 7 1 1 1 1 1 1 1 1 1 1 1 1 1 1 1 1 1 1 1 1 1 1 1 1 1 1 1 1 1 1 1 1 1 1 1 1 1 1 1 1 1 1 1 1 1 1 1 1 1 1 1 1 1 1 1 1 1 1 100 1 1 1 1 1 1 1 1 1 1 1 1 1 1 1 1 1 1 1 1 1 1 1 1 1 1 1 1 1 1 1 1 1 100 1 1 16 15 10 12 1 1 16 15 10 12 16 1 15 10 100 12 1 1 1 1 1 1 1 1 1 1 1 100 1 100 1 1
staticfield java/lang/System in Ljava/io/InputStream; java/io/BufferedInputStream
staticfield java/lang/System out Ljava/io/PrintStream; java/io/PrintStream
staticfield java/lang/System err Ljava/io/PrintStream; java/io/PrintStream
ciInstanceKlass jdk/internal/access/SharedSecrets 1 1 467 10 7 12 1 1 1 9 7 12 1 1 1 8 1 10 7 12 1 1 1 7 1 9 12 1 1 8 1 9 12 1 1 100 1 10 12 1 1 9 12 1 1 100 1 9 12 1 1 9 12 1 1 8 1 9 12 1 1 7 1 9 12 1 1 9 12 1 1 9 12 1 1 7 1 9 12 1 1 7 1 9 12 1 1 100 1 9 12 1 1 100 1 9 12 1 1 7 1 9 12 1 1 100 1 9 12 1 1 100 1 9 12 1 1 100 1 9 12 1 1 9 12 1 1 100 1 100 1 9 12 1 1 7 1 9 12 1 1 100 1 9 12 1 1 7 1 9 12 1 1 9 12 1 1 9 12 1 1 9 12 1 1 100 1 9 12 1 1 100 1 9 12 1 1 9 12 1 1 100 1 9 12 1 1 100 1 9 12 1 1 100 1 9 12 1 1 100 1 9 12 1 1 100 1 9 12 1 1 100 1 9 12 1 1 7 1 10 7 12 1 1 1 10 7 12 1 1 1 100 1 1 1 1 1 1 1 1 1 1 1 1 1 100 1 1 1 1 1 100 1 1 1 1 1 100 1 1 100 1 1 1 1 1 1 1 1 1 1 1 1 1 100 1 1 1 1 1 1 100 1 1 1 1 1 1 1 1 1 1 1 1 1 1 1 100 1 1 1 1 1 100 1 1 1 1 1 1 100 1 1 1 1 1 1 100 1 1 1 1 1 100 1 1 1 1 1 1 100 1 1 1 1 1 100 1 1 1 1 1 100 1 1 1 1 1 1 100 1 1 1 1 1 1 100 1 1 1 1 1 1 100 1 1 1 1 1 1 100 1 1 1 100 1 1 1 1 1 1 1 1 1 1 1 1 1 1 1 1 1 1 1 100 1 1 1 1 1 100 1 1 1 1 1 100 1 1 1 1 1 100 1 1 1 1 1 1 1 1 100 1 1 1 1 1 1 100 1 1 1 1 1 100 1 1 1 1 1 1 100 1 1 1 1 1 1 100 1 1 1 1 1 100 1 1 1 1 1 1 1 1 1 1 100 1 1 1
ciInstanceKlass java/lang/SecurityManager 0 0 576 10 7 12 1 1 1 9 7 12 1 1 1 10 7 12 1 1 1 100 1 8 1 10 12 1 10 12 1 1 10 7 12 1 1 1 10 7 1 10 100 1 10 9 100 12 1 1 1 10 7 12 1 1 1 10 12 1 1 10 7 12 1 1 100 1 8 1 10 9 12 1 1 9 12 1 8 1 9 12 1 7 1 10 8 1 10 12 1 1 10 12 1 10 12 1 1 100 1 10 10 12 1 1 100 1 8 1 10 12 1 8 1 8 1 8 1 8 1 8 1 8 1 10 12 1 8 1 8 1 8 1 8 1 8 1 10 7 12 1 1 1 10 12 1 1 8 1 100 1 8 1 10 8 1 8 1 8 1 8 1 8 1 10 100 12 1 1 8 1 100 1 8 1 8 1 10 8 1 10 12 1 100 1 8 1 10 10 12 1 1 10 12 1 10 12 1 10 12 1 10 100 12 1 1 1 10 12 1 10 100 12 1 1 11 100 12 1 1 1 18 12 1 1 11 100 12 1 1 1 18 12 1 1 11 12 1 1 18 18 11 12 1 18 12 1 11 12 1 1 9 12 1 1 9 12 1 9 12 1 9 12 1 100 1 10 100 12 1 1 10 12 1 10 12 1 18 12 1 18 10 100 12 1 1 1 18 12 1 10 12 1 18 18 8 1 10 12 1 9 12 1 1 11 7 12 1 1 1 8 1 100 1 10 12 1 10 12 1 1 10 12 1 1 9 12 1 1 10 12 1 10 12 1 1 8 1 100 1 10 9 12 1 8 1 10 12 1 8 1 100 1 10 10 100 12 1 1 10 100 1 9 7 12 1 1 1 11 12 1 1 10 12 1 11 12 1 10 12 1 7 1 10 10 12 1 1 10 12 1 1 1 1 1 1 1 1 1 1 1 7 1 1 1 1 1 1 1 1 1 1 1 1 1 1 1 1 1 1 1 1 1 1 1 1 1 1 1 1 1 1 1 1 1 1 1 1 1 1 1 1 1 1 1 1 1 1 1 1 1 1 1 1 1 1 1 1 3 1 1 1 1 1 1 1 1 1 1 100 1 1 1 1 1 1 1 1 1 1 1 1 1 1 1 1 1 1 1 1 1 1 1 1 1 1 1 1 1 1 1 1 1 1 1 1 1 1 16 15 10 7 12 1 1 1 16 1 16 15 10 12 16 1 15 10 12 16 15 11 7 1 16 1 16 1 15 10 12 16 15 10 12 16 15 10 12 1 16 1 15 11 12 1 15 10 12 16 15 10 16 1 15 10 100 12 1 1 1 1 1 1 100 1 100 1 1
ciInstanceKlass java/security/AccessController 1 1 295 10 7 12 1 1 1 10 7 12 1 1 1 10 7 12 1 1 1 10 12 1 1 10 12 1 1 10 7 12 1 1 1 10 12 1 1 10 12 1 10 12 1 1 10 12 1 100 1 8 1 10 12 1 10 12 1 10 12 1 1 10 12 1 7 1 7 1 10 12 1 1 10 12 1 10 12 1 10 12 1 1 10 7 12 1 1 1 10 12 1 1 9 100 12 1 1 1 10 7 12 1 1 1 10 12 1 10 12 1 9 100 12 1 1 1 10 12 1 10 12 1 1 9 12 1 1 10 100 1 10 11 7 12 1 1 1 10 7 12 1 1 11 7 1 7 1 10 12 1 10 12 1 10 12 1 8 1 10 12 1 1 8 1 10 100 12 1 1 1 8 1 7 1 10 10 12 1 1 10 12 1 10 7 12 1 1 1 10 12 1 8 1 10 7 12 1 1 8 1 8 1 10 12 1 8 1 10 12 1 10 12 1 1 10 12 1 1 1 1 1 1 1 1 1 1 1 1 1 1 1 1 1 1 1 1 1 1 1 1 1 1 1 1 100 1 1 1 1 1 1 1 1 1 1 1 1 1 1 1 1 1 1 1 1 1 1 1 1 1 1 1 1 1 1 1 1 1 1 100 1 100 1 1 1 1 1 1 1 1 1 3 1 1 1
staticfield java/security/AccessController $assertionsDisabled Z 1
ciInstanceKlass java/security/ProtectionDomain 1 1 348 10 7 12 1 1 1 9 7 12 1 1 1 7 1 10 9 12 1 1 9 12 1 1 9 12 1 1 10 7 12 1 1 7 1 9 12 1 9 12 1 1 7 1 9 12 1 1 9 12 1 10 100 12 1 1 10 100 12 1 1 1 10 12 1 1 10 12 1 9 12 1 9 100 12 1 1 10 12 1 1 10 100 1 10 12 1 1 8 1 7 1 8 1 10 12 1 10 11 10 7 12 1 1 1 10 12 1 1 8 1 11 8 1 10 12 1 8 1 8 1 10 12 1 1 10 12 1 10 12 1 1 10 12 1 8 1 10 12 1 8 1 8 1 10 7 12 1 1 1 9 100 12 1 1 1 10 12 1 1 9 100 12 1 1 1 10 7 12 1 1 1 100 1 18 12 1 1 10 7 12 1 1 1 10 7 1 10 12 1 10 12 1 1 11 100 12 1 1 11 12 1 100 1 11 7 12 1 1 1 10 12 1 10 11 12 1 1 11 12 1 1 10 12 1 10 7 12 1 1 10 100 12 1 1 11 12 1 10 12 10 12 1 8 1 8 1 10 7 12 1 1 1 7 1 10 10 7 12 1 1 1 1 1 1 1 1 1 1 7 1 1 7 1 1 1 1 1 1 1 1 1 1 1 1 1 1 1 1 1 1 1 1 1 1 1 1 1 1 1 1 1 1 1 1 1 1 1 1 1 1 1 1 1 1 1 1 7 1 1 1 1 1 1 100 1 1 16 15 10 12 16 15 10 100 12 1 1 1 1 1 1 1 100 1 100 1 1
staticfield java/security/ProtectionDomain filePermCompatInPD Z 0
ciInstanceKlass java/security/CodeSource 1 1 399 10 7 12 1 1 1 9 7 12 1 1 1 9 12 1 1 9 12 1 1 9 12 1 1 10 7 12 1 1 1 9 12 1 1 10 7 12 1 1 10 7 10 100 12 1 1 1 10 12 1 1 10 12 1 1 7 1 10 10 7 12 1 1 1 10 7 12 1 1 1 10 12 1 1 100 1 10 12 1 1 10 12 1 1 10 12 1 1 10 12 1 10 10 7 1 10 12 1 1 10 7 12 1 1 1 10 12 1 1 10 12 1 10 12 1 8 1 10 12 1 10 12 1 10 12 1 1 10 12 1 8 1 10 12 1 1 10 7 1 10 10 12 1 1 8 1 10 12 1 10 12 1 10 12 1 8 1 8 1 9 12 1 1 100 1 8 1 10 12 1 10 12 1 1 8 1 10 12 1 8 1 8 1 8 1 10 100 12 1 1 10 12 1 1 10 12 1 10 12 1 1 10 12 1 1 10 12 1 1 100 1 100 1 10 12 1 10 12 10 12 1 1 10 100 12 1 1 10 12 1 7 1 10 12 10 100 12 1 1 1 10 8 1 10 12 1 10 12 1 10 12 1 1 100 1 10 12 1 1 100 1 7 1 8 1 8 1 10 10 12 1 1 10 100 12 1 1 1 7 1 10 12 10 12 1 1 11 7 12 1 1 10 10 12 1 11 10 12 1 8 1 100 1 10 12 1 10 12 1 1 10 12 1 11 12 1 1 7 1 1 1 1 5 0 1 1 1 1 1 1 1 1 1 1 1 1 1 1 1 1 1 1 1 1 1 1 1 1 1 1 1 1 1 1 1 1 1 1 1 1 1 1 1 1 1 1 1 1 1 1 1 1 1 1 1 1 1 1 1 1 1 1 1 1 1 1 1 1 1 1 100 1 1 1 1 1 1 1
ciInstanceKlass java/lang/Boolean 1 1 152 10 7 12 1 1 1 9 7 12 1 1 1 10 12 1 1 10 12 1 8 1 10 7 12 1 1 9 12 1 1 9 12 1 10 12 1 1 10 12 1 1 10 12 1 1 10 7 12 1 1 1 100 1 100 1 10 12 1 1 9 100 12 1 1 9 12 10 100 12 1 1 1 10 12 1 1 8 1 10 7 12 1 1 1 9 12 1 1 7 1 7 1 7 1 1 1 1 1 1 5 0 1 1 1 1 1 1 1 1 1 1 3 1 1 1 1 1 1 1 1 1 1 1 1 1 1 1 1 1 1 7 1 1 1 1 1 1 1 1 1 1 100 1 1 1 1 1 1 1 1 1
staticfield java/lang/Boolean TRUE Ljava/lang/Boolean; java/lang/Boolean
staticfield java/lang/Boolean FALSE Ljava/lang/Boolean; java/lang/Boolean
staticfield java/lang/Boolean TYPE Ljava/lang/Class; java/lang/Class
ciInstanceKlass java/lang/Comparable 1 0 12 100 1 100 1 1 1 1 1 1 1 1
ciInstanceKlass java/lang/constant/Constable 1 0 11 100 1 100 1 1 1 1 1 1 1
ciInstanceKlass java/util/Map 1 1 263 11 7 12 1 1 1 11 12 1 1 10 7 12 1 1 11 12 1 1 11 7 12 1 1 1 11 100 12 1 1 1 11 12 1 1 7 1 11 12 1 11 12 1 100 1 100 1 10 12 1 1 11 100 12 1 1 1 11 100 12 1 1 1 11 12 1 11 12 1 10 12 1 1 11 12 1 11 7 12 1 9 7 12 1 1 1 100 1 10 12 7 1 7 1 10 12 1 7 1 10 7 1 11 12 1 11 12 1 1 11 12 1 1 7 1 11 12 1 1 1 1 1 1 1 1 1 1 1 1 1 1 1 1 1 1 1 1 1 1 1 1 1 1 1 1 1 1 1 1 1 1 1 1 1 1 1 1 1 1 1 1 1 1 1 1 1 1 1 1 1 1 1 1 1 1 1 1 1 1 1 1 1 1 1 1 1 1 1 1 1 1 1 1 1 1 1 1 1 1 1 1 1 1 1 1 1 1 1 1 1 1 1 1 1 1 1 1 1 1 1 1 1 1 1 1 1 1 1 1 1 1 1 1 1 1 1 1 1 1 1 1 1 1 100 1 1 1 1 1 1 1 1 1 1 1 1 1 1 1 1 1 1
ciInstanceKlass java/lang/Class 1 1 1747 10 7 12 1 1 1 9 7 12 1 1 1 9 12 1 1 10 12 1 1 8 1 10 12 1 8 1 8 1 10 12 1 1 10 7 12 1 1 1 10 12 1 7 1 10 10 12 1 10 12 1 1 10 12 1 1 10 12 1 1 10 7 12 1 1 10 12 1 10 12 1 10 12 1 1 10 12 1 8 1 10 12 1 8 1 10 12 1 8 1 8 1 10 12 1 1 10 7 12 1 1 1 18 12 1 1 11 7 12 1 1 1 8 1 8 1 8 1 10 7 12 1 1 1 11 12 1 1 8 1 10 12 1 10 10 12 1 1 10 12 1 8 1 10 12 1 1 8 1 10 12 1 10 12 1 1 11 100 12 1 1 1 11 7 12 1 1 1 11 8 1 18 8 1 10 12 1 10 7 12 1 1 10 12 1 1 10 7 12 1 1 1 10 12 1 1 10 12 1 1 10 7 12 1 1 1 10 12 9 100 12 1 1 1 10 7 12 1 1 1 10 12 1 10 7 12 1 1 1 10 12 1 1 18 12 1 1 10 7 12 1 1 1 10 7 12 1 10 12 1 1 10 7 1 10 12 1 8 1 10 8 1 8 1 8 1 8 1 8 1 8 1 8 1 8 1 9 7 12 1 1 9 7 1 9 7 1 9 7 1 9 7 1 9 7 1 9 7 1 9 7 1 9 100 1 7 1 10 12 1 1 9 12 1 1 7 1 8 1 10 12 1 10 12 1 1 10 12 1 1 10 7 12 1 1 1 7 1 10 12 1 7 1 7 1 10 10 12 1 1 10 12 1 1 100 1 10 7 12 1 1 1 10 12 1 1 10 12 1 1 9 12 1 1 10 12 1 10 12 1 1 9 12 1 1 9 12 1 1 10 12 1 1 10 7 1 10 12 1 10 12 1 1 10 9 12 1 10 12 1 8 1 10 12 1 1 10 12 1 1 10 12 1 10 12 1 10 12 1 1 10 12 1 9 7 12 1 1 1 10 7 12 1 1 10 12 1 10 12 1 10 12 1 10 12 1 9 100 12 1 1 1 9 12 1 10 12 1 10 100 12 1 1 1 10 12 1 1 10 100 12 1 1 10 12 1 10 12 1 1 10 100 12 1 1 1 10 12 1 10 12 1 1 10 12 1 10 12 1 10 12 1 1 10 7 1 10 10 12 1 1 10 12 1 1 10 12 10 10 12 1 1 7 1 8 1 10 10 12 1 1 10 12 1 100 1 11 12 1 10 12 1 10 12 1 10 100 12 1 1 10 10 12 1 1 8 1 10 12 1 10 12 1 1 8 1 9 12 1 10 12 1 10 12 1 10 12 1 10 12 7 1 9 12 1 10 12 1 9 12 1 10 12 1 10 12 1 10 12 1 10 10 12 1 10 12 1 10 12 1 10 12 1 10 12 1 10 12 1 100 1 10 12 1 10 12 1 1 10 12 1 1 10 12 1 1 10 12 1 1 10 12 1 1 10 12 1 1 7 1 10 10 12 1 1 10 12 1 1 10 12 1 1 10 10 12 1 10 12 1 1 10 12 1 1 10 12 1 1 10 12 1 1 7 1 10 10 12 11 7 12 1 1 10 12 1 1 10 7 12 1 1 1 10 12 1 10 12 1 10 7 12 1 1 1 10 12 1 1 10 10 12 1 1 7 1 10 10 12 1 1 10 7 12 1 1 1 100 1 7 1 10 12 1 1 10 12 1 10 10 12 1 1 10 12 1 10 12 1 10 12 1 10 100 12 1 1 1 11 7 12 1 1 10 12 1 10 12 1 9 12 1 10 12 1 1 10 12 1 9 12 1 1 100 1 10 9 12 1 1 10 12 7 1 10 12 1 9 12 1 10 100 12 1 1 1 10 12 1 10 12 1 10 100 12 1 1 10 12 1 10 12 10 12 1 1 100 1 10 8 1 10 12 1 11 11 12 1 1 11 7 12 1 1 11 12 1 8 1 10 12 1 10 12 1 1 9 12 1 9 12 1 1 10 7 12 1 1 9 12 1 10 12 1 1 10 10 12 1 10 7 12 1 1 1 10 7 12 1 1 10 7 12 1 1 9 12 1 1 10 12 1 9 12 1 10 12 1 10 12 1 1 9 12 1 1 9 12 1 10 12 1 10 12 1 1 9 12 1 100 1 10 10 12 1 1 7 1 10 12 1 1 100 11 7 1 9 12 1 1 9 12 1 7 1 10 12 1 9 12 1 1 9 12 1 10 12 1 10 12 1 1 9 12 1 7 1 10 10 12 1 1 10 10 12 1 10 12 10 10 12 1 9 12 1 10 12 1 1 10 12 1 8 10 100 8 1 18 8 1 8 1 10 12 1 9 12 1 9 12 1 1 10 12 1 7 1 7 1 10 12 1 9 12 1 1 7 1 10 10 12 1 10 7 1 9 12 1 8 1 10 12 1 7 1 10 12 1 10 12 1 1 100 1 7 1 9 12 1 100 1 8 1 10 10 7 12 1 1 1 10 12 11 7 12 1 1 1 10 12 1 10 12 1 1 10 8 1 10 12 1 8 1 10 12 1 1 9 7 12 1 1 11 12 7 1 11 7 12 1 1 9 12 1 10 100 12 1 1 1 10 7 12 1 1 10 12 1 1 9 12 1 9 10 12 1 1 10 12 1 1 10 12 1 1 10 12 1 1 10 12 1 1 11 12 1 100 1 11 12 1 10 100 12 1 1 1 10 12 1 11 12 1 10 100 12 1 1 1 10 12 1 10 100 12 1 1 1 11 12 1 11 12 1 1 10 12 1 10 12 1 1 9 12 1 1 10 12 1 10 100 12 1 1 1 10 12 1 1 10 12 1 10 12 1 10 12 1 10 7 12 1 1 1 10 12 1 8 1 10 12 1 10 12 1 10 12 1 10 100 12 1 1 100 1 10 12 10 7 12 1 1 1 11 7 12 1 1 1 10 12 1 1 10 12 1 18 12 1 1 11 12 1 1 18 11 12 1 18 12 1 11 12 1 10 12 1 1 10 12 1 10 12 1 10 12 1 10 12 10 12 1 8 1 10 12 1 7 1 9 12 1 1 7 1 7 1 7 1 7 1 1 1 3 1 3 1 3 1 1 1 1 1 1 1 1 1 5 0 1 1 1 1 1 1 1 1 1 1 1 1 1 1 1 1 1 1 1 1 1 1 1 1 100 1 1 1 1 1 1 1 1 1 1 1 100 1 1 1 1 1 7 1 1 1 1 1 1 1 1 1 1 1 1 1 1 1 1 1 1 1 1 1 1 1 1 1 1 1 1 1 1 1 1 1 1 1 1 1 1 1 1 1 1 1 100 1 1 1 1 1 1 1 1 1 1 1 1 1 1 1 1 1 1 1 1 1 1 1 1 1 1 1 1 1 1 1 100 1 1 1 1 1 1 1 1 1 1 1 1 1 1 1 1 1 1 1 1 1 1 1 1 1 1 1 1 1 1 1 1 1 1 1 1 1 1 1 1 1 1 1 1 1 1 1 1 1 1 1 1 1 1 1 1 1 1 1 1 7 1 7 1 1 1 1 1 1 1 1 1 1 1 1 1 1 1 1 1 1 1 1 1 1 1 1 1 1 1 1 1 1 1 1 1 1 1 1 1 1 1 1 1 1 1 1 1 1 1 1 1 1 1 1 1 1 1 1 1 1 1 1 1 1 1 1 1 1 1 1 1 1 1 1 1 1 1 1 1 1 1 1 1 1 1 1 1 1 1 1 1 1 1 1 1 1 1 1 1 1 1 1 1 1 1 1 1 1 1 1 1 1 1 1 1 1 1 1 1 1 1 1 1 1 1 1 1 1 1 16 15 10 12 16 15 11 12 16 1 16 15 16 15 10 12 16 16 15 10 12 16 15 16 1 15 10 12 16 15 10 7 12 1 1 1 1 1 1 1 1 1 1 1 1 7 1 1 100 1 100 1 1 100 1 100 1 1
staticfield java/lang/Class EMPTY_CLASS_ARRAY [Ljava/lang/Class; 0 [Ljava/lang/Class;
staticfield java/lang/Class serialPersistentFields [Ljava/io/ObjectStreamField; 0 [Ljava/io/ObjectStreamField;
ciInstanceKlass java/lang/reflect/AnnotatedElement 1 1 165 11 7 12 1 1 1 11 12 1 1 7 1 10 100 12 1 1 1 10 12 1 1 10 12 1 1 10 12 1 10 100 12 1 1 1 11 12 1 1 11 7 12 1 1 10 7 12 1 1 1 10 12 1 10 100 12 1 1 1 18 12 1 1 11 100 12 1 1 18 12 1 18 12 1 1 10 100 12 1 1 1 11 100 12 1 1 1 7 1 10 100 12 1 1 1 1 1 1 1 1 1 1 1 1 1 1 1 1 1 1 1 1 1 1 1 1 1 1 100 1 1 1 1 1 1 1 1 1 1 1 16 15 16 1 16 1 15 11 12 16 16 1 15 10 100 12 1 1 1 16 1 15 10 100 12 1 1 1 1 100 1 100 1 1
ciInstanceKlass java/lang/invoke/TypeDescriptor 1 0 17 100 1 100 1 1 1 1 1 1 100 1 100 1 1 1 1
ciInstanceKlass java/lang/reflect/GenericDeclaration 1 0 30 7 1 7 1 7 1 1 1 1 1 1 1 1 100 1 8 1 1 12 10 1 1 1 8 1 1 1 8 1
ciInstanceKlass java/lang/reflect/Type 1 1 17 11 100 12 1 1 1 100 1 1 1 1 1 1 1 1 1
ciInstanceKlass java/lang/invoke/TypeDescriptor$OfField 1 0 21 100 1 100 1 100 1 1 1 1 1 1 1 1 1 1 1 1 1 1 1
ciMethod java/lang/Class isPrimitive ()Z 256 0 128 0 -1
ciInstanceKlass java/lang/StringBuilder 1 1 425 10 7 12 1 1 1 10 12 1 10 12 1 10 12 1 1 10 7 12 1 1 1 10 7 12 1 1 1 10 12 1 10 12 1 10 12 1 10 12 1 10 12 1 10 12 1 10 12 1 10 12 1 10 12 1 10 12 1 10 12 1 10 12 1 10 12 1 10 12 1 1 10 12 1 10 12 1 1 10 12 1 1 10 12 1 10 12 1 10 12 1 10 12 1 10 12 1 10 12 1 10 12 1 10 12 10 12 1 10 12 1 10 12 1 10 12 1 1 10 12 1 10 12 1 10 12 10 12 1 1 10 12 1 10 12 1 10 12 1 1 8 1 10 12 1 10 100 12 1 1 1 9 12 1 1 10 12 1 10 12 1 10 12 1 1 9 12 1 1 10 100 12 1 1 1 10 100 1 10 12 1 1 10 100 12 1 1 10 12 1 10 12 1 1 100 1 100 1 8 1 10 10 12 1 1 10 12 1 10 12 1 10 12 1 1 10 12 1 10 12 1 10 12 1 10 12 1 10 12 1 10 12 10 12 1 10 12 1 10 12 1 10 12 1 10 12 1 10 12 1 10 12 1 10 12 1 10 12 1 1 10 12 1 1 10 12 1 10 12 1 10 12 1 10 12 10 12 10 12 1 10 12 1 10 12 1 10 12 10 12 1 10 12 1 10 12 1 10 12 1 10 12 1 10 12 1 10 12 1 10 12 1 10 12 1 1 10 12 1 10 12 1 1 10 12 1 10 12 1 1 10 12 1 10 12 1 1 10 12 1 10 12 1 10 12 1 10 10 10 12 1 7 1 7 1 7 1 7 1 1 1 1 5 0 1 1 1 1 1 1 1 1 1 1 1 1 1 1 1 1 1 1 1 1 1 1 1 1 1 1 1 1 1 1 1 1 1 1 1 1 1 1 1 1 1 1 1 1 100 1 1 1 7 1 1 1 1 1 1 1 1 1 1 1
instanceKlass java/lang/StringBuilder
instanceKlass java/lang/StringBuffer
ciInstanceKlass java/lang/AbstractStringBuilder 1 1 613 7 1 10 7 12 1 1 1 9 7 12 1 1 1 9 12 1 9 12 1 1 9 12 1 1 10 7 12 1 1 1 10 12 1 1 7 1 3 3 10 12 1 10 12 1 1 11 7 1 100 1 7 1 10 8 1 10 12 1 10 12 1 10 12 1 1 10 12 1 10 12 1 9 12 1 10 12 1 9 12 1 1 10 12 1 1 10 7 12 1 1 1 10 10 12 1 10 12 1 10 12 1 1 10 12 1 1 10 7 12 1 1 1 10 7 12 1 1 1 7 1 8 1 10 10 12 1 1 100 1 10 12 10 12 1 1 10 10 12 1 1 10 12 1 1 10 12 1 1 10 12 1 1 10 10 7 12 1 1 1 10 12 1 100 1 10 10 7 12 1 1 1 9 12 1 1 9 12 1 10 12 1 1 10 10 12 1 1 10 12 10 12 1 10 12 1 1 10 12 1 1 10 12 1 1 10 12 1 10 12 1 1 10 12 1 1 10 12 1 10 12 1 1 8 1 10 12 1 1 10 12 1 10 12 1 10 12 1 10 12 1 10 12 1 10 12 1 10 7 12 1 1 10 12 1 10 12 1 10 100 12 1 1 1 100 1 100 1 10 12 1 10 100 12 1 1 10 12 1 10 12 1 1 10 12 1 10 12 1 1 10 12 1 10 12 1 1 10 12 1 1 10 10 7 12 1 1 1 10 12 1 10 12 1 10 12 1 1 10 12 1 10 12 1 10 12 1 10 12 1 10 12 1 10 12 1 10 12 1 10 12 1 10 12 1 1 10 12 1 10 12 1 10 12 10 12 1 1 18 12 1 1 100 1 10 100 12 1 1 1 18 10 12 1 1 10 12 1 1 10 12 1 10 12 1 1 11 12 1 1 10 12 1 10 12 1 10 12 10 12 1 10 10 10 12 1 10 5 0 10 10 12 1 1 100 1 8 1 10 10 12 1 1 10 100 12 1 1 1 10 12 1 10 12 1 1 100 1 10 12 100 1 10 100 1 10 7 1 1 1 1 1 1 1 1 1 1 1 100 1 1 1 1 1 1 1 1 1 1 1 1 1 1 1 1 1 1 1 1 1 1 1 1 1 1 1 1 1 1 1 1 1 1 1 1 1 1 1 1 1 1 1 1 1 1 1 1 1 1 1 1 1 1 1 1 1 1 1 1 1 1 1 1 1 1 1 1 1 1 1 1 1 1 1 1 1 1 1 1 1 1 1 1 1 1 1 1 1 1 1 1 1 1 1 1 1 1 1 1 100 1 1 1 1 1 1 1 1 1 1 1 1 1 1 1 1 1 100 1 1 1 1 1 1 7 1 1 16 1 15 10 12 16 15 10 12 15 10 100 12 1 1 1 1 1 1 1 100 1 100 1 1
staticfield java/lang/AbstractStringBuilder EMPTYVALUE [B 0
ciMethod java/lang/StringBuilder toString ()Ljava/lang/String; 10 0 28609 0 -1
ciInstanceKlass java/lang/Appendable 1 0 14 100 1 100 1 1 1 1 100 1 1 1 1 1
ciInstanceKlass java/lang/CharSequence 1 1 131 11 7 12 1 1 1 18 12 1 1 100 1 10 100 12 1 1 1 18 10 100 12 1 1 1 11 12 1 1 11 7 1 11 12 1 1 10 100 12 1 1 1 11 12 1 1 100 1 10 12 1 1 10 100 12 1 1 1 100 1 10 10 12 1 1 7 1 1 1 1 1 1 1 1 1 1 1 1 1 1 1 1 1 1 1 1 1 1 1 1 1 1 1 1 1 1 1 1 1 16 1 15 11 12 16 15 11 12 15 10 100 12 1 1 1 1 1 100 1 100 1 1 100 1 1 100 1 100 1 1
ciInstanceKlass java/io/PrintStream 1 1 413 100 1 10 12 1 1 8 1 10 7 12 1 1 1 10 7 12 1 1 1 100 1 100 1 100 1 10 10 7 12 1 1 9 12 1 1 9 12 1 9 12 1 10 12 1 1 10 12 1 9 12 1 7 1 10 12 1 9 12 1 1 7 1 10 12 1 9 12 1 1 10 7 12 1 1 1 10 7 12 1 1 1 9 12 1 1 10 12 1 10 12 1 8 1 7 1 10 12 1 10 12 1 100 1 10 10 12 1 8 10 12 1 9 12 1 1 100 1 8 1 10 10 12 1 10 12 1 10 12 1 10 12 1 10 12 1 10 12 1 10 12 1 10 10 10 12 1 1 10 12 1 1 100 1 10 7 12 1 1 1 10 12 1 10 12 1 10 12 1 10 12 10 10 12 1 10 12 10 12 1 10 10 12 1 10 12 1 10 12 10 12 10 7 12 1 1 1 10 12 10 12 1 10 12 1 1 10 10 12 1 10 12 1 10 12 1 10 12 1 10 12 1 10 10 12 1 10 10 12 1 10 12 1 1 10 12 1 10 12 10 12 1 10 12 1 10 12 1 10 12 10 12 10 12 10 12 1 1 10 12 1 10 12 1 1 9 12 1 1 10 7 12 1 1 1 9 7 12 1 1 1 10 7 12 1 1 1 10 12 1 10 12 1 10 12 1 10 12 1 8 1 11 7 12 1 1 1 10 12 1 1 10 12 1 10 12 1 7 1 10 12 10 7 12 1 1 1 7 1 7 1 1 1 1 1 1 1 1 1 1 1 1 1 1 1 1 100 1 1 1 1 1 1 1 1 100 1 1 1 1 1 1 1 7 1 1 1 1 1 1 1 1 1 1 1 1 100 1 1 1 100 1 1 1 1 1 1 1 1 1 1 1 1 1 1 1 1 100 1 1 1 1 1 1 1 1 1 1 1 1 1 1
instanceKlass scala/meta/internal/metals/EmptyScalafmtReporter$$anon$2
instanceKlass scala/meta/internal/metals/EmptyScalafmtReporter$$anon$1
instanceKlass sun/nio/ch/ChannelOutputStream
instanceKlass scala/meta/internal/metals/logging/MutipleOutputsStream
instanceKlass java/io/ByteArrayOutputStream
instanceKlass java/io/FilterOutputStream
instanceKlass java/io/FileOutputStream
ciInstanceKlass java/io/OutputStream 1 1 53 10 7 12 1 1 1 100 1 10 10 100 12 1 1 1 10 100 12 1 1 1 10 12 1 100 1 100 1 1 1 1 1 1 1 1 1 100 1 1 1 1 1 1 1 1 1 1 1 1 1 1 1
ciMethod java/io/PrintStream println (Ljava/lang/String;)V 0 0 1 0 -1
ciInstanceKlass java/lang/AutoCloseable 1 0 12 100 1 100 1 1 1 1 100 1 1 1
ciInstanceKlass java/io/Closeable 1 0 14 100 1 100 1 100 1 1 1 1 100 1 1 1
ciInstanceKlass java/io/Flushable 1 0 12 100 1 100 1 1 1 1 100 1 1 1
instanceKlass org/h2/security/auth/AuthenticationException
instanceKlass scala/meta/internal/metals/debug/DiscoveryFailures$NoRunOptionException$
instanceKlass scala/meta/internal/metals/debug/DiscoveryFailures$SemanticDbNotFoundException$
instanceKlass scala/meta/internal/metals/debug/DiscoveryFailures$UndefinedPositionException
instanceKlass scala/meta/internal/metals/debug/DiscoveryFailures$BuildTargetContainsNoMainException
instanceKlass scala/meta/internal/metals/debug/DiscoveryFailures$NothingToRun$
instanceKlass scala/meta/internal/metals/debug/DiscoveryFailures$UndefinedPathException
instanceKlass scala/meta/internal/metals/debug/DiscoveryFailures$NoBuildTargetSpecified$
instanceKlass scala/meta/internal/metals/debug/DiscoveryFailures$NoTestsFoundException
instanceKlass scala/meta/internal/metals/config/RunType$UnknownRunTypeException
instanceKlass scala/meta/internal/metals/debug/DiscoveryFailures$BuildTargetNotFoundForPathException
instanceKlass scala/meta/internal/metals/debug/DiscoveryFailures$WorkspaceErrorsException$
instanceKlass scala/meta/internal/metals/debug/DiscoveryFailures$ClassNotFoundInBuildTargetException
instanceKlass scala/meta/internal/metals/debug/DiscoveryFailures$NoMainClassFoundException
instanceKlass scala/meta/internal/metals/debug/DiscoveryFailures$BuildTargetNotFoundException
instanceKlass scala/meta/internal/metals/codeactions/ExtractRenameMember$CodeActionCommandNotFoundException
instanceKlass scala/meta/internal/metals/ScalafixProvider$ScalafixRunException
instanceKlass org/eclipse/jface/text/BadLocationException
instanceKlass java/security/GeneralSecurityException
instanceKlass coursier/error/CoursierError
instanceKlass coursier/paths/CachePath$StructureLockException
instanceKlass coursier/cache/ArtifactError
instanceKlass coursier/error/DependencyError
instanceKlass coursier/paths/Mirror$MirrorPropertiesException
instanceKlass scala/cli/config/ConfigDb$ConfigDbFormatError
instanceKlass scalafix/interfaces/ScalafixException
instanceKlass org/scalafmt/interfaces/PositionException
instanceKlass coursierapi/error/CoursierError
instanceKlass scala/meta/inputs/InputException
instanceKlass scala/meta/internal/mtags/IndexingExceptions$InvalidSymbolException
instanceKlass java/sql/SQLException
instanceKlass scala/meta/internal/metals/debug/DiscoveryFailures$WorkspaceResetException$
instanceKlass java/net/URISyntaxException
instanceKlass java/text/ParseException
instanceKlass java/lang/CloneNotSupportedException
instanceKlass sun/nio/fs/WindowsException
instanceKlass java/lang/InterruptedException
instanceKlass java/util/concurrent/ExecutionException
instanceKlass java/util/concurrent/TimeoutException
instanceKlass java/security/PrivilegedActionException
instanceKlass java/io/IOException
instanceKlass java/lang/ReflectiveOperationException
instanceKlass java/lang/RuntimeException
ciInstanceKlass java/lang/Exception 1 1 40 10 7 12 1 1 1 10 12 1 10 12 1 10 12 1 10 12 1 100 1 1 1 1 5 0 1 1 1 1 1 1 1 1 1 1 1 1 1 1
instanceKlass coursier/util/Task$WrappedException
instanceKlass scala/concurrent/Future$$anon$4
instanceKlass scala/util/control/ControlThrowable
instanceKlass scala/runtime/Nothing$
instanceKlass java/lang/Exception
instanceKlass java/lang/Error
ciInstanceKlass java/lang/Throwable 1 1 413 10 7 12 1 1 1 9 7 12 1 1 1 9 12 1 1 9 12 1 9 12 1 1 9 12 1 10 12 1 1 9 12 1 1 10 12 1 1 10 100 12 1 1 1 9 12 1 1 10 12 1 1 10 12 1 100 1 7 1 10 8 1 10 12 1 1 8 1 10 100 12 1 1 10 10 12 1 100 1 8 1 10 10 7 12 1 1 10 12 1 8 1 9 7 12 1 1 1 10 12 1 1 100 1 10 12 10 12 1 10 100 12 1 1 1 100 1 10 12 10 12 1 10 12 1 100 1 10 10 7 12 1 1 1 11 100 12 1 1 1 10 12 1 1 10 12 1 1 8 1 10 12 1 10 12 1 1 8 1 8 1 10 12 1 1 10 12 1 8 1 8 1 9 12 1 10 12 1 1 100 1 10 11 12 1 8 1 8 1 10 7 12 1 1 8 1 10 12 1 8 1 100 1 10 12 1 9 12 1 1 10 12 1 10 100 12 1 9 12 1 1 10 12 1 1 100 1 8 1 10 12 1 10 100 12 1 1 10 12 1 1 7 1 10 100 12 1 1 1 10 12 1 11 7 12 1 1 1 11 7 12 1 1 11 12 1 8 1 10 12 1 1 8 1 10 10 9 100 12 1 1 1 8 1 10 12 1 1 11 10 100 1 8 1 10 11 12 1 1 8 1 9 12 1 10 100 12 1 1 11 9 12 1 1 11 12 1 1 100 10 12 1 10 12 1 1 7 1 1 1 1 5 0 1 1 1 1 1 1 1 1 1 1 1 1 7 1 1 1 1 1 1 1 1 1 1 1 1 1 1 1 1 1 1 1 1 1 1 1 1 1 1 1 1 1 1 1 1 1 1 1 1 1 1 1 1 1 1 1 1 1 100 1 7 1 1 1 1 1 1 1 1 1 1 1 1 1 1 1 1 1 1
staticfield java/lang/Throwable UNASSIGNED_STACK [Ljava/lang/StackTraceElement; 0 [Ljava/lang/StackTraceElement;
staticfield java/lang/Throwable SUPPRESSED_SENTINEL Ljava/util/List; java/util/Collections$EmptyList
staticfield java/lang/Throwable EMPTY_THROWABLE_ARRAY [Ljava/lang/Throwable; 0 [Ljava/lang/Throwable;
staticfield java/lang/Throwable $assertionsDisabled Z 1
ciMethod java/lang/Throwable printStackTrace ()V 0 0 1 0 -1
instanceKlass org/h2/util/SortedProperties
instanceKlass java/security/Provider
ciInstanceKlass java/util/Properties 1 1 690 10 7 12 1 1 1 100 1 10 7 12 1 1 7 1 10 12 1 9 12 1 1 9 12 1 1 9 12 1 1 10 7 12 1 1 1 10 12 1 1 8 1 10 7 12 1 1 1 7 1 10 12 1 10 12 1 1 8 1 10 12 1 7 1 10 12 10 12 1 1 9 12 1 1 10 12 1 1 7 1 10 12 1 10 12 1 10 12 1 1 100 1 8 1 10 12 1 10 12 1 10 12 1 1 10 12 1 7 1 3 10 10 7 12 1 1 1 10 12 1 10 12 1 1 8 1 10 12 1 10 12 1 1 8 1 10 7 12 1 1 10 12 1 1 10 12 1 10 12 1 1 100 1 10 12 1 10 12 1 1 7 1 9 7 12 1 1 1 10 12 1 10 12 1 1 10 12 1 1 10 12 1 1 7 1 9 12 1 1 7 1 7 1 10 12 1 7 1 11 7 12 1 1 1 11 12 1 1 11 7 12 1 1 1 11 7 12 1 1 1 11 12 1 1 11 12 1 11 12 1 10 12 1 1 8 1 10 12 1 10 7 12 1 1 10 12 1 7 1 10 10 12 1 10 12 1 100 1 10 10 12 1 1 10 7 12 1 1 9 100 12 1 1 10 12 1 1 10 100 12 1 1 1 100 1 100 1 100 1 10 8 1 8 1 10 12 1 10 12 1 10 12 1 1 10 10 12 1 1 10 12 1 1 7 1 10 10 12 1 11 7 12 1 1 10 7 12 1 1 1 8 1 10 100 12 1 1 11 11 7 1 8 1 10 100 1 11 10 12 1 10 10 12 1 10 12 1 1 10 12 1 1 10 12 1 1 10 12 1 10 12 1 10 10 12 1 10 12 1 10 12 1 10 10 12 1 1 10 12 1 1 10 10 12 1 10 12 1 10 12 1 10 12 1 10 12 1 1 10 12 1 1 10 12 1 10 12 1 10 12 1 1 10 12 10 12 1 1 10 12 1 1 10 12 1 10 12 1 1 10 12 1 1 10 12 10 11 12 1 4 11 10 12 1 1 10 100 12 1 1 11 12 1 10 12 1 1 10 100 12 1 1 10 12 1 100 1 8 1 10 12 1 10 10 100 12 1 1 1 100 1 6 0 10 12 1 1 11 100 12 1 1 1 10 12 1 10 12 1 1 1 1 1 5 0 1 1 1 1 1 1 1 1 1 1 1 1 1 1 1 1 1 1 1 1 1 1 1 1 1 1 1 1 1 1 1 1 1 1 1 1 1 1 1 100 1 1 1 1 1 1 1 1 1 1 1 1 1 1 1 1 1 1 1 1 100 1 1 1 1 1 1 1 1 1 1 1 1 7 1 7 1 1 1 1 1 100 1 1 1 1 1 1 1 1 1 1 1 1 1 1 1 1 1 1 1 1 1 1 1 1 1 1 1 1 1 1 1 1 1 1 1 1 1 1 1 1 1 1 1 1 1 1 1 1 1 1 1 1 1 1 1 1 1 1 1 1 1 1 1 1 1 1 1 1 1 1 1 1 1 1 1 1 1 7 1 1 1 1 1 1 1 1 1 1 1 100 1 1
staticfield java/util/Properties UNSAFE Ljdk/internal/misc/Unsafe; jdk/internal/misc/Unsafe
instanceKlass scala/collection/convert/JavaCollectionWrappers$DictionaryWrapper
instanceKlass java/util/Hashtable
ciInstanceKlass java/util/Dictionary 1 1 36 10 7 12 1 1 1 100 1 1 1 1 1 1 1 1 1 1 1 1 1 1 1 1 1 1 1 1 1 1 1 1 1 1 1 1
instanceKlass java/util/Properties
ciInstanceKlass java/util/Hashtable 1 1 516 7 1 10 7 12 1 1 1 9 7 12 1 1 1 100 1 7 1 10 8 1 10 12 1 1 10 12 1 10 12 1 1 10 12 1 10 7 12 1 1 1 8 1 10 12 1 9 12 1 1 7 1 9 12 1 1 4 10 7 12 1 1 1 9 12 1 4 10 12 1 11 7 12 1 1 1 10 12 1 1 10 12 1 1 9 12 1 10 12 1 1 100 1 10 9 12 1 1 10 7 12 1 1 1 9 12 1 1 10 12 1 10 12 1 3 9 12 1 9 12 1 3 10 12 1 10 12 1 10 12 1 1 11 12 1 1 11 100 12 1 1 1 11 7 12 1 1 1 11 12 1 100 1 11 12 1 11 12 1 10 12 1 1 10 12 1 1 10 12 1 9 12 1 1 9 12 9 12 1 1 10 100 1 7 1 10 12 1 10 8 1 10 10 12 1 8 1 10 8 1 10 100 12 1 1 1 7 1 10 12 1 10 12 1 100 1 10 12 1 10 12 1 1 100 1 10 100 1 10 10 12 1 1 11 12 1 1 11 12 1 7 1 10 10 10 100 12 1 1 11 100 12 1 1 1 100 1 10 11 100 12 1 1 11 100 12 1 10 12 1 10 12 1 1 10 100 12 1 1 10 12 1 1 10 12 1 1 10 12 1 1 10 100 12 1 1 1 8 10 100 12 1 1 100 1 8 1 10 4 4 10 12 1 1 10 12 1 8 1 4 10 12 10 100 12 1 1 1 100 1 11 100 12 1 1 1 10 100 12 1 1 1 10 12 1 10 12 1 1 10 7 1 7 1 1 1 1 1 1 5 0 1 1 1 1 1 3 1 3 1 3 1 1 1 1 1 1 1 1 1 1 1 1 1 1 1 1 1 1 1 1 1 1 1 1 1 100 1 1 1 1 1 1 1 1 1 1 1 1 1 1 1 1 1 1 1 1 1 1 1 1 1 1 1 1 1 7 1 1 1 1 1 1 1 1 1 1 1 1 1 1 7 1 1 1 1 1 1 1 1 1 1 1 1 1 1 1 1 1 1 1 1 1 1 1 1 1 1 1 1 1 1 1 1 1 1 1 1 1 1 1 1 1 1 1 1 100 1 1 1 7 1 1 1 1 1 7 1 1 1 1 1 1 1 1 1 1 1 1 1 1 1 1 1 1
ciInstanceKlass java/lang/String 1 1 1488 10 7 12 1 1 1 8 1 9 7 12 1 1 1 9 12 1 1 9 12 1 1 9 12 1 1 10 12 1 10 12 1 1 10 12 1 1 9 12 1 10 7 12 1 1 1 10 12 1 1 10 12 1 10 7 12 1 1 1 10 12 1 1 10 12 1 1 10 12 1 10 12 1 1 10 12 1 10 7 12 1 1 1 7 1 9 7 12 1 1 1 10 7 12 1 1 1 10 12 1 1 10 12 1 1 10 7 12 1 1 1 10 12 1 1 9 7 12 1 1 10 12 9 7 12 1 1 10 12 1 1 3 10 12 1 1 7 1 11 12 1 1 11 12 1 11 12 1 1 10 100 12 1 1 1 10 12 1 1 9 100 12 1 1 1 10 12 1 1 10 12 1 11 12 1 1 10 12 1 10 12 10 12 1 1 10 7 12 1 1 1 10 7 12 1 1 1 10 12 1 1 100 1 7 1 10 12 1 10 12 1 10 12 1 1 10 12 1 1 100 1 10 12 1 1 100 1 10 12 1 1 10 12 1 1 10 12 1 10 10 12 1 100 1 100 1 100 1 10 12 1 10 12 1 1 10 12 1 1 10 12 1 10 12 1 1 10 12 1 1 10 7 12 1 1 7 1 11 10 7 12 1 1 11 12 1 11 12 1 10 12 1 1 10 12 1 10 12 10 12 1 1 10 10 100 12 1 1 1 10 100 12 1 1 10 12 1 1 10 100 12 1 1 10 12 1 10 12 1 1 10 12 1 1 10 12 1 10 12 1 10 12 1 1 100 1 10 12 1 1 10 12 10 12 1 10 12 1 1 10 12 1 1 10 7 12 1 1 1 10 12 1 10 12 1 1 10 12 1 10 12 1 3 3 10 12 1 1 10 12 1 10 12 1 1 10 12 1 1 10 12 1 1 10 12 1 10 12 1 1 10 12 1 1 10 12 1 10 12 1 10 12 1 10 12 1 1 10 12 1 10 12 1 10 12 1 10 12 1 10 12 1 10 12 1 10 7 1 10 8 1 10 12 1 1 10 12 1 8 1 10 12 1 1 10 12 10 12 1 8 1 10 10 12 1 1 10 12 1 1 7 1 5 0 7 1 8 1 10 10 12 1 1 5 0 5 0 5 0 10 12 1 1 10 7 1 10 10 12 1 10 12 1 10 12 1 10 10 12 1 10 12 1 10 12 1 10 12 1 10 12 1 10 12 1 10 12 1 1 10 12 1 1 10 12 1 1 10 10 12 1 1 10 10 12 1 100 1 10 9 100 12 1 1 1 11 100 12 1 1 1 10 12 1 1 10 12 1 1 10 7 1 10 12 1 10 12 1 10 7 12 1 1 1 10 12 1 10 12 1 1 10 12 1 11 7 1 11 12 10 12 1 10 12 1 1 10 12 1 1 10 10 12 1 10 12 1 9 12 1 1 11 7 12 1 1 1 10 12 10 10 12 1 10 12 1 1 10 10 12 1 10 12 1 10 12 1 1 10 12 1 1 10 10 12 1 1 10 10 7 12 1 1 1 10 12 1 10 12 1 10 12 10 10 12 10 10 12 1 10 12 1 10 10 12 10 12 1 1 10 12 10 10 12 10 12 1 10 12 10 12 10 10 12 1 10 12 1 1 10 12 1 1 10 10 12 1 10 7 12 1 1 1 10 12 1 1 10 10 7 12 1 1 1 11 10 12 1 10 12 1 1 10 12 1 1 10 7 12 1 1 1 10 12 1 10 12 1 10 12 1 10 12 1 10 12 1 10 12 1 100 1 10 10 12 1 10 12 1 1 8 1 10 12 1 3 3 10 12 1 10 12 1 1 10 12 7 1 10 10 12 1 1 10 12 10 12 1 10 12 1 10 12 1 1 10 12 1 1 11 7 12 1 1 1 7 1 10 12 1 10 12 1 1 8 1 10 12 1 1 10 12 1 11 7 12 1 1 1 11 7 12 1 1 11 12 1 10 12 1 10 12 1 1 10 10 7 12 1 1 1 10 12 1 10 12 1 10 10 12 10 12 1 1 10 10 12 1 10 10 12 1 10 10 12 1 10 10 12 1 10 12 1 1 10 10 12 1 8 1 10 12 1 1 18 12 1 1 11 100 12 1 1 1 3 18 12 1 18 12 1 8 1 10 100 12 1 1 1 11 12 1 1 10 12 10 10 12 1 10 11 12 1 1 10 12 1 1 11 12 1 18 3 11 10 11 11 10 12 1 10 12 1 1 8 1 10 12 1 10 12 1 10 12 1 1 10 10 12 1 11 100 12 1 100 1 100 1 10 12 100 1 10 10 100 12 1 1 1 100 1 10 7 1 10 10 12 1 10 10 12 1 8 1 10 10 12 1 8 1 8 1 10 12 1 10 12 1 10 10 12 10 7 12 1 1 10 7 12 1 1 10 7 12 1 1 8 1 10 12 1 10 12 1 10 9 12 1 10 12 9 7 12 1 1 1 10 12 1 10 12 1 10 12 1 10 12 10 12 1 10 12 1 8 1 10 100 12 1 1 1 10 12 10 12 1 1 10 12 10 12 10 12 7 1 9 12 1 1 7 1 10 7 1 7 1 7 1 7 1 1 1 1 1 1 5 0 1 1 1 1 1 3 1 3 1 1 1 1 1 1 1 1 1 1 1 1 1 1 1 100 1 1 1 1 1 1 1 1 1 1 1 1 1 1 1 1 1 1 1 1 1 1 1 1 1 1 1 1 1 1 1 100 1 1 1 1 1 1 1 1 1 1 1 1 7 1 1 1 1 1 1 1 1 1 1 1 1 1 1 1 1 1 1 1 1 1 1 1 1 1 1 1 1 1 1 1 1 1 1 1 1 1 1 1 1 1 1 1 1 1 1 1 1 1 1 1 1 1 1 1 1 1 1 1 1 1 1 1 1 1 1 1 1 1 1 1 1 1 1 1 1 1 1 1 1 1 1 1 1 1 1 1 1 1 1 1 1 1 1 1 1 1 1 1 1 1 1 1 1 1 1 1 1 1 1 1 1 1 1 1 1 1 1 1 1 1 1 1 1 1 1 1 1 1 1 1 1 1 1 1 1 1 1 1 1 1 1 1 1 1 1 1 1 1 1 1 1 1 1 1 1 1 1 1 1 1 1 1 1 1 1 1 1 1 1 1 1 1 1 1 1 1 1 1 1 1 100 1 1 1 1 1 1 1 1 1 1 1 1 1 1 1 1 1 1 1 1 1 1 1 100 1 1 1 1 1 1 1 1 1 1 1 1 1 1 1 7 1 1 1 1 1 1 1 1 1 1 1 1 1 1 1 16 15 10 12 16 15 10 12 15 10 12 15 10 12 15 10 100 12 1 1 1 1 100 1 1 1 1 1 100 1 100 1 1 1
staticfield java/lang/String COMPACT_STRINGS Z 1
staticfield java/lang/String serialPersistentFields [Ljava/io/ObjectStreamField; 0 [Ljava/io/ObjectStreamField;
staticfield java/lang/String CASE_INSENSITIVE_ORDER Ljava/util/Comparator; java/lang/String$CaseInsensitiveComparator
ciMethod java/lang/String equals (Ljava/lang/Object;)Z 932 0 5592 0 414
ciMethod java/lang/String toString ()Ljava/lang/String; 512 0 11642 0 80
ciMethod java/lang/String hashCode ()I 706 0 16761 0 720
ciMethod java/lang/String length ()I 914 0 182054 0 109
ciMethod java/lang/String charAt (I)C 1024 0 462544 0 192
ciMethod java/lang/String isEmpty ()Z 512 0 37954 0 109
ciInstanceKlass java/lang/constant/ConstantDesc 1 0 37 100 1 100 1 1 1 1 100 1 1 1 1 100 1 100 1 100 1 100 1 100 1 100 1 100 1 100 1 100 1 1 100 1 100 1 1
ciInstanceKlass sun/nio/cs/UTF_8 1 1 84 8 1 10 7 12 1 1 1 10 7 12 1 1 1 8 1 7 1 10 12 1 7 1 10 10 7 12 1 1 1 10 12 1 1 10 12 1 1 7 1 10 12 1 9 12 1 1 10 7 12 1 1 1 9 12 1 1 1 1 1 1 1 1 1 1 1 1 1 1 1 1 1 1 1 1 1 1 1 1 1 1 1 1
staticfield sun/nio/cs/UTF_8 INSTANCE Lsun/nio/cs/UTF_8; sun/nio/cs/UTF_8
staticfield sun/nio/cs/UTF_8 JLA Ljdk/internal/access/JavaLangAccess; java/lang/System$2
instanceKlass sun/nio/cs/MS1250
instanceKlass sun/nio/cs/US_ASCII
instanceKlass sun/nio/cs/ISO_8859_1
instanceKlass sun/nio/cs/Unicode
ciInstanceKlass java/nio/charset/Charset 1 1 371 10 7 12 1 1 1 100 1 10 12 1 1 10 12 1 1 9 7 12 1 1 1 9 12 1 7 1 100 1 10 12 1 9 100 12 1 1 1 10 100 12 1 1 1 10 12 1 1 10 7 12 1 1 1 10 12 1 100 1 10 10 7 12 1 1 1 10 12 1 9 100 12 1 1 1 10 7 12 1 1 1 100 1 8 1 10 10 12 1 1 10 12 1 9 12 1 1 10 12 1 10 12 1 10 12 1 1 10 12 1 10 12 1 100 1 10 11 7 12 1 1 11 12 1 10 12 1 1 11 7 12 1 1 1 100 1 10 100 1 9 12 1 1 10 7 12 1 1 9 100 12 1 1 1 10 9 12 1 1 10 12 1 1 10 7 12 1 1 1 10 12 1 1 10 100 12 1 1 1 100 8 1 8 1 8 1 9 12 1 9 12 1 9 12 1 1 11 100 12 1 1 1 8 1 10 12 1 1 8 1 10 100 12 1 1 1 9 100 12 1 1 1 10 100 12 1 1 1 10 12 1 10 12 1 1 100 1 7 1 10 12 1 10 12 1 1 10 100 12 1 1 10 12 10 12 1 1 10 100 12 1 1 1 10 10 12 1 1 10 12 1 10 12 1 1 7 1 10 7 1 1 1 1 1 1 1 1 1 1 1 1 1 1 1 1 1 1 1 1 1 1 7 1 1 1 100 1 100 1 1 1 1 1 1 1 1 1 1 1 1 1 1 1 1 1 1 1 1 1 1 1 1 1 1 1 1 1 1 1 1 1 1 1 1 1 1 1 1 1 1 1 1 1 1 1 1 1 1 1 1 1 1 1 1 1 100 1 1 1 1
staticfield java/nio/charset/Charset standardProvider Ljava/nio/charset/spi/CharsetProvider; sun/nio/cs/StandardCharsets
staticfield java/nio/charset/Charset zeroAliases [Ljava/lang/String; 0 [Ljava/lang/String;
ciInstanceKlass jdk/internal/misc/VM 1 1 333 10 7 12 1 1 1 9 7 12 1 1 1 9 12 1 1 7 1 7 1 10 8 1 10 12 1 1 10 12 1 10 12 1 1 10 12 1 10 12 1 10 12 1 9 12 1 1 8 1 10 12 1 9 12 1 1 9 12 1 9 12 1 3 10 7 12 1 1 1 9 12 1 1 100 1 8 1 10 11 7 12 1 1 1 7 1 10 100 12 1 1 1 10 12 1 8 1 8 1 10 12 1 1 8 1 10 12 1 1 10 7 12 1 1 1 10 12 1 1 10 7 12 1 1 1 5 0 8 1 8 1 8 1 10 12 1 1 10 12 1 1 10 7 12 1 1 1 10 12 1 9 12 1 100 1 10 12 1 10 7 12 1 1 9 12 1 9 12 1 9 7 12 1 1 1 9 12 1 9 12 1 9 12 1 9 12 1 9 12 1 10 12 1 10 12 1 10 12 1 10 12 1 10 12 1 9 100 12 1 1 1 10 100 12 1 1 1 11 100 12 1 1 1 5 0 10 1 1 3 1 3 1 3 1 3 1 3 1 1 1 1 1 1 1 1 1 3 1 3 1 3 1 1 1 1 1 1 1 7 1 1 1 100 1 1 1 1 1 1 1 1 1 1 1 1 1 1 1 1 1 1 1 1 1 1 1 1 1 1 1 1 1 1 1 1 1 1 1 1 1 1 1 1 1 1 1 1 1 1 1 1 1 1 1 1 1 1 1 1 1 1 1 1 1 100 1 1 7 1 1 1 1
staticfield jdk/internal/misc/VM lock Ljava/lang/Object; java/lang/Object
instanceKlass java/util/zip/ZipError
ciInstanceKlass java/lang/InternalError 1 0 34 10 100 12 1 1 1 10 12 1 10 12 1 10 12 1 100 1 1 1 1 5 0 1 1 1 1 1 1 1 1 1 1 1
instanceKlass com/google/common/util/concurrent/ExecutionError
instanceKlass org/scalafmt/dynamic/ScalafmtDynamicError$ScalafmtInterfaceMethodDeprecated
instanceKlass org/scalafmt/dynamic/ScalafmtDynamicError
instanceKlass java/lang/ThreadDeath
instanceKlass jdk/internal/misc/ScopedMemoryAccess$ScopedAccessError
instanceKlass scala/NotImplementedError
instanceKlass java/lang/AssertionError
instanceKlass java/lang/VirtualMachineError
instanceKlass java/lang/LinkageError
ciInstanceKlass java/lang/Error 1 1 58 10 7 12 1 1 1 9 12 1 1 10 100 12 1 1 1 10 100 12 1 1 1 10 12 1 10 12 1 10 12 1 10 12 1 100 1 1 1 1 5 0 1 1 1 1 1 1 1 1 100 1 1 1 1 1 1 1
instanceKlass java/lang/StackOverflowError
instanceKlass java/lang/OutOfMemoryError
instanceKlass java/lang/InternalError
ciInstanceKlass java/lang/VirtualMachineError 1 1 34 10 7 12 1 1 1 10 12 1 10 12 1 10 12 1 100 1 1 1 1 5 0 1 1 1 1 1 1 1 1 1 1 1
ciInstanceKlass java/util/Set 1 1 144 100 1 10 7 12 1 1 1 9 7 12 1 1 1 7 1 10 12 1 1 10 12 1 7 1 7 1 10 12 1 7 1 7 1 11 7 12 1 1 1 11 12 1 1 7 1 10 12 1 10 12 1 1 11 12 1 1 1 1 1 1 1 1 1 1 1 1 1 1 1 1 1 1 1 1 1 1 1 1 1 1 1 1 1 1 1 1 1 1 1 1 1 1 1 1 1 1 1 1 1 1 1 1 1 1 1 1 1 1 1 1 1 1 1 1 1 1 1 1 1 1 1 1 1 1 1 1 1 1 1 1 1 1 1 1 1 1 1 1 1 1 1 1
ciInstanceKlass java/util/Iterator 1 1 53 100 1 8 1 10 12 1 1 10 7 12 1 1 1 11 7 12 1 1 1 11 12 1 1 11 7 12 1 1 1 7 1 1 1 1 1 1 1 1 1 1 1 1 1 1 1 1 1 1 1 1 1
ciInstanceKlass java/util/Map$Entry 1 1 178 18 12 1 1 7 1 7 1 18 10 100 12 1 1 1 18 12 1 18 100 1 11 7 12 1 1 1 11 12 1 11 7 12 1 1 1 10 100 12 1 1 1 10 7 12 1 1 1 8 1 10 12 1 1 8 1 8 1 8 1 10 12 1 10 12 1 8 10 7 1 10 12 1 8 10 12 1 8 1 10 12 1 8 10 12 1 8 1 10 12 1 1 8 1 100 1 8 1 10 12 1 1 11 12 7 1 11 12 1 1 1 1 1 1 1 1 1 1 1 1 1 1 1 1 1 1 1 1 1 1 1 1 1 1 1 1 1 1 1 1 1 1 1 1 1 1 1 16 15 11 12 16 3 3 15 11 12 15 11 12 15 11 12 15 10 7 12 1 1 1 1 1 100 1 100 1 1
instanceKlass org/h2/mvstore/StreamStore$Stream
instanceKlass org/h2/store/CountingReaderInputStream
instanceKlass java/io/SequenceInputStream
instanceKlass com/sun/org/apache/xerces/internal/impl/XMLEntityManager$RewindableInputStream
instanceKlass sun/nio/ch/ChannelInputStream
instanceKlass java/util/jar/JarVerifier$VerifierStream
instanceKlass java/util/zip/ZipFile$ZipFileInputStream
instanceKlass java/io/FilterInputStream
instanceKlass java/io/FileInputStream
instanceKlass java/io/ByteArrayInputStream
ciInstanceKlass java/io/InputStream 1 1 195 7 1 10 7 12 1 1 1 100 1 10 10 7 12 1 1 1 10 7 12 1 1 1 10 12 1 100 1 3 10 12 1 1 100 1 8 1 10 12 1 10 7 12 1 1 1 3 7 1 8 1 10 10 7 12 1 1 1 7 1 10 11 7 12 1 1 1 10 12 1 1 11 12 1 1 11 7 12 1 1 1 11 12 1 1 7 1 10 7 12 1 1 1 5 0 10 12 1 10 12 1 1 100 1 10 8 1 10 8 1 8 1 10 12 1 1 10 100 12 1 1 1 7 1 5 0 10 12 1 100 1 7 1 1 1 1 3 1 3 1 1 1 1 1 1 1 1 1 1 1 1 1 1 1 1 1 1 1 1 1 1 1 1 1 1 1 1 1 1 1 1 1 1 1 1 1 1 1 1 1 1 1 1 1 1 1 1 1 1 1 1 1 1 1
ciMethod java/io/InputStream readNBytes ([BII)I 346 346 173 0 -1
ciMethod java/io/InputStream readAllBytes ()[B 8 0 4 0 -1
ciInstanceKlass jdk/internal/misc/Unsafe 1 1 1242 10 7 12 1 1 1 9 7 12 1 1 1 9 12 1 1 10 12 1 1 10 7 12 1 1 1 10 12 1 1 10 12 1 1 10 12 1 1 10 12 1 1 10 12 1 1 10 12 1 1 10 12 1 1 10 12 1 1 10 12 1 1 10 12 1 1 10 12 1 1 10 12 1 1 10 12 1 1 10 12 1 10 12 1 100 1 10 10 12 1 1 10 12 1 1 5 0 10 12 1 1 10 12 1 1 10 7 12 1 1 1 10 12 1 1 10 12 1 10 12 1 10 12 1 1 10 12 1 1 10 12 1 10 12 1 7 1 7 1 10 8 1 10 12 1 1 10 12 1 8 1 10 12 1 1 10 12 1 10 12 1 10 12 1 1 10 12 1 10 12 1 1 10 12 1 1 10 12 1 10 12 1 10 12 1 10 12 1 1 10 12 1 10 12 1 10 12 1 1 10 12 1 5 0 5 0 5 0 10 12 1 10 12 1 10 12 1 10 12 1 10 12 1 10 12 1 10 12 1 10 12 1 10 12 1 1 10 12 1 10 12 1 7 1 8 1 10 100 1 10 10 12 1 1 10 12 1 1 10 12 1 10 12 1 1 10 12 1 1 10 12 1 10 12 1 1 10 12 1 9 7 12 1 1 9 12 1 100 1 10 10 12 1 1 8 1 10 8 1 8 1 10 12 1 1 9 7 12 1 1 1 9 7 1 9 7 1 9 7 1 9 9 7 1 9 7 1 9 7 1 10 12 1 1 10 12 1 1 10 12 1 1 10 12 1 1 5 0 5 0 9 12 1 1 10 12 1 10 12 1 10 12 1 1 10 12 1 1 10 12 1 8 1 3 10 12 1 1 10 12 1 1 10 12 1 10 12 1 1 10 12 1 1 10 12 1 10 12 1 10 12 1 10 12 1 10 12 1 10 12 1 1 10 12 1 1 10 12 1 10 12 1 10 12 1 10 12 1 10 12 1 10 12 1 1 10 12 1 1 10 12 1 10 12 1 10 12 1 10 12 1 10 12 1 10 12 1 1 10 12 1 1 10 12 1 1 10 12 1 1 10 12 1 10 12 1 10 12 1 10 12 1 10 12 1 10 12 1 10 12 1 1 10 12 1 1 10 12 1 10 12 1 10 12 1 10 12 1 10 12 1 10 12 1 10 12 1 1 10 12 1 1 10 12 1 10 12 1 10 12 1 10 12 1 10 12 1 10 12 1 10 12 1 10 12 1 1 10 12 1 10 12 1 10 12 1 10 12 1 10 12 1 1 10 12 1 10 12 1 10 12 1 10 12 1 10 12 1 10 12 1 10 12 1 10 12 1 1 10 12 1 10 12 1 10 12 1 10 12 1 10 12 1 10 12 1 1 10 12 1 10 12 1 10 12 1 1 10 12 1 10 12 1 10 12 1 10 12 1 10 12 1 10 12 1 10 12 1 10 12 1 10 12 1 10 12 1 10 12 1 10 12 1 10 12 1 10 12 1 10 12 1 10 12 1 10 12 1 10 12 1 10 12 1 10 12 1 10 12 1 10 12 1 10 12 1 100 1 10 100 1 10 9 12 1 5 0 10 12 1 1 5 0 10 12 1 5 0 10 12 1 10 12 1 10 12 1 1 10 12 1 1 10 12 1 10 12 1 10 12 1 10 12 1 1 10 12 1 10 12 1 10 12 1 10 12 1 10 12 1 1 10 12 1 10 12 1 10 12 1 10 12 1 1 10 12 1 10 12 1 10 12 1 1 10 12 1 10 12 1 10 12 1 10 12 1 1 10 12 1 10 10 12 1 1 10 12 1 10 12 1 1 10 12 1 10 12 5 0 5 0 5 0 10 12 1 1 10 12 1 10 12 1 10 12 10 100 12 1 1 8 1 100 1 11 12 1 1 8 1 11 12 1 1 10 100 12 1 1 10 12 1 10 7 1 10 12 1 9 12 1 7 1 9 12 1 7 1 9 12 1 7 1 9 12 1 7 1 9 12 1 7 1 9 12 1 7 1 9 12 1 7 1 9 12 1 7 1 9 12 1 10 12 1 9 12 1 9 12 1 9 12 1 9 12 1 9 12 1 9 12 1 9 12 1 9 12 1 9 12 1 9 12 1 1 1 3 1 1 1 1 1 1 1 1 1 1 1 1 1 1 1 1 1 1 1 1 1 1 1 1 1 1 1 1 1 1 1 1 1 1 1 1 1 1 1 1 1 1 1 1 1 1 1 1 1 1 1 1 1 1 1 1 1 1 1 1 1 1 1 1 1 1 1 1 1 1 1 1 1 1 1 1 1 1 1 1 1 1 1 1 1 1 1 1 1 1 100 1 1 1 1 1 1 1 1 1 1 1 1 1 1 1 1 1 1 1 1 1 1 1 1 1 1 1 1 1 1 1 1 1 1 1 1 1 1 1 1 1 1 1 1 1 1 1 1 1 1 1 1 1 1 1 1 1 1 1 1 1 1 1 1 1 1 1 1 1 1 1 1 1 1 1 1 1 1 1 1 1 1 1 1 1 1 1 1 1 1 1 1 1 1 1 1 1 1 1 1 1 1 1 1 1 1 1 1 1 1 1 1 1 1 1 1 1 1 1 1 1 1 1 1 1 1 1 1 1 1 1 1 1 1 1 1 1 1 1 1 1 1 1 1 1 1 1 1 1 1 1 1 1 1 1 1 1 1 1 1 1 1 1 1 1 1 1 1 1 1 1 1 1 1 1 1 1 1 1 1 1 1 1 1 1 1 1 1 1 1 1 1 1 1 1 1 1 1 1 1 1 1 1 1 1 1 1 1 1 1 1 1 1
staticfield jdk/internal/misc/Unsafe theUnsafe Ljdk/internal/misc/Unsafe; jdk/internal/misc/Unsafe
staticfield jdk/internal/misc/Unsafe ARRAY_BOOLEAN_BASE_OFFSET I 16
staticfield jdk/internal/misc/Unsafe ARRAY_BYTE_BASE_OFFSET I 16
staticfield jdk/internal/misc/Unsafe ARRAY_SHORT_BASE_OFFSET I 16
staticfield jdk/internal/misc/Unsafe ARRAY_CHAR_BASE_OFFSET I 16
staticfield jdk/internal/misc/Unsafe ARRAY_INT_BASE_OFFSET I 16
staticfield jdk/internal/misc/Unsafe ARRAY_LONG_BASE_OFFSET I 16
staticfield jdk/internal/misc/Unsafe ARRAY_FLOAT_BASE_OFFSET I 16
staticfield jdk/internal/misc/Unsafe ARRAY_DOUBLE_BASE_OFFSET I 16
staticfield jdk/internal/misc/Unsafe ARRAY_OBJECT_BASE_OFFSET I 16
staticfield jdk/internal/misc/Unsafe ARRAY_BOOLEAN_INDEX_SCALE I 1
staticfield jdk/internal/misc/Unsafe ARRAY_BYTE_INDEX_SCALE I 1
staticfield jdk/internal/misc/Unsafe ARRAY_SHORT_INDEX_SCALE I 2
staticfield jdk/internal/misc/Unsafe ARRAY_CHAR_INDEX_SCALE I 2
staticfield jdk/internal/misc/Unsafe ARRAY_INT_INDEX_SCALE I 4
staticfield jdk/internal/misc/Unsafe ARRAY_LONG_INDEX_SCALE I 8
staticfield jdk/internal/misc/Unsafe ARRAY_FLOAT_INDEX_SCALE I 4
staticfield jdk/internal/misc/Unsafe ARRAY_DOUBLE_INDEX_SCALE I 8
staticfield jdk/internal/misc/Unsafe ARRAY_OBJECT_INDEX_SCALE I 8
staticfield jdk/internal/misc/Unsafe ADDRESS_SIZE I 8
instanceKlass scalafix/internal/interfaces/ScalafixInterfacesClassloader
instanceKlass scala/meta/internal/worksheets/MdocClassLoader
instanceKlass scala/meta/internal/metals/PresentationCompilerClassLoader
instanceKlass jdk/internal/reflect/DelegatingClassLoader
instanceKlass java/security/SecureClassLoader
ciInstanceKlass java/lang/ClassLoader 1 1 1108 9 7 12 1 1 1 10 7 12 1 1 1 9 12 1 1 10 7 12 1 1 1 7 1 10 12 1 1 10 12 1 1 9 12 1 1 10 12 1 1 100 1 10 12 1 10 12 1 1 10 7 12 1 1 1 100 1 8 1 10 12 1 10 7 12 1 1 1 10 7 12 1 10 7 1 10 7 1 7 1 7 1 10 12 1 10 12 1 9 12 1 1 10 10 7 12 1 1 1 9 12 1 1 9 12 1 9 12 1 1 9 12 1 9 12 1 1 9 12 1 1 7 1 10 12 1 9 12 1 1 10 12 1 1 10 7 12 1 1 1 9 12 1 9 12 1 1 9 12 1 10 12 1 1 9 12 10 12 1 1 7 1 10 8 1 10 12 1 1 10 12 1 10 7 1 7 1 10 12 1 1 10 7 12 1 1 1 8 1 10 12 1 10 12 1 10 12 1 1 10 12 1 1 10 12 1 1 10 12 1 1 10 12 1 1 10 12 1 7 1 10 12 1 10 100 12 1 1 1 10 12 1 1 10 12 1 10 12 1 10 12 1 10 12 1 10 12 1 1 10 10 12 1 10 12 1 10 100 12 1 1 10 12 1 1 10 12 1 1 10 12 1 100 1 10 12 1 7 1 10 12 1 10 7 12 1 1 1 10 10 12 1 1 10 12 1 1 7 1 8 1 10 8 1 10 12 1 10 12 1 100 1 8 1 10 12 1 1 10 12 1 1 10 10 12 1 1 10 12 1 1 10 12 1 1 10 7 1 10 12 1 1 10 12 1 1 10 12 1 1 10 12 1 1 10 12 1 1 10 12 1 1 10 12 1 10 7 12 1 1 1 10 12 1 10 12 1 10 12 1 1 10 12 1 10 12 1 10 12 1 10 12 1 1 10 12 1 10 12 1 1 8 1 9 12 1 10 12 1 1 8 1 8 1 10 7 12 1 1 100 1 10 10 12 10 12 1 10 12 1 10 12 1 10 12 1 1 10 7 12 1 1 10 12 1 10 7 1 7 1 10 12 1 1 10 12 1 10 7 1 10 12 1 100 1 18 12 1 10 100 12 1 1 1 10 100 12 1 1 1 10 7 12 1 1 10 12 1 10 12 1 100 1 10 12 1 8 1 10 10 12 1 1 10 12 1 10 12 1 1 100 1 10 12 1 10 12 1 1 10 7 12 1 1 10 12 1 8 1 100 1 10 10 12 1 9 12 1 10 7 12 1 1 10 12 1 7 1 8 1 10 12 1 10 8 1 8 1 10 12 1 1 10 12 1 1 10 12 1 1 10 7 12 1 1 7 1 100 1 10 12 1 1 7 1 7 1 10 7 12 1 1 10 12 1 10 12 1 1 10 12 1 10 12 1 1 10 12 1 1 9 100 12 1 1 1 10 12 1 1 10 12 1 10 12 1 10 12 1 1 10 12 1 8 1 7 1 18 12 1 1 10 12 1 1 10 12 1 10 12 1 10 12 1 8 1 10 12 1 10 12 1 18 12 1 11 100 12 1 1 1 100 1 10 12 1 1 10 12 1 10 11 12 1 1 10 18 10 12 1 1 11 7 12 1 18 12 1 11 12 1 1 10 12 10 12 1 1 10 12 1 1 100 1 8 1 10 10 12 1 8 1 8 1 10 100 12 1 1 10 12 1 100 1 10 10 12 1 8 1 8 1 8 1 10 12 1 10 12 1 1 10 12 1 10 7 12 1 1 1 11 7 12 1 1 100 1 10 11 10 12 1 10 12 1 10 12 1 1 9 7 12 1 1 9 12 1 1 9 12 9 12 1 9 12 1 9 12 1 8 10 12 1 1 10 7 12 1 1 1 10 12 1 1 10 12 1 1 10 12 1 10 10 12 1 11 12 1 1 10 100 12 1 1 1 100 1 10 12 1 10 12 1 10 12 1 1 1 1 1 1 1 1 1 1 1 1 1 1 1 1 1 1 1 1 1 1 1 1 1 1 1 1 100 1 1 1 1 1 1 1 1 1 1 1 1 1 1 1 1 1 1 1 1 1 100 1 1 1 1 1 1 1 1 1 1 100 1 1 1 1 1 1 1 1 1 1 1 1 1 1 1 1 1 1 1 1 1 1 1 1 1 1 1 1 1 1 1 1 1 1 1 1 1 1 1 1 1 100 1 1 1 1 1 1 1 1 1 1 1 1 1 1 1 1 1 1 1 7 1 1 1 1 1 1 1 1 1 1 1 1 1 1 1 1 1 1 1 1 1 1 1 1 1 1 1 1 1 1 1 1 1 1 1 1 1 1 1 1 1 1 1 1 1 1 1 1 1 1 100 1 1 1 1 1 1 1 1 1 1 1 1 1 1 1 1 1 1 1 1 1 1 1 1 1 1 1 1 1 1 1 1 1 1 1 1 1 1 1 1 1 1 1 1 1 1 16 1 15 10 12 16 1 16 15 10 12 16 1 16 1 15 10 12 16 15 10 12 16 15 10 12 16 15 10 100 12 1 1 1 1 1 100 1 100 1 1
staticfield java/lang/ClassLoader nocerts [Ljava/security/cert/Certificate; 0 [Ljava/security/cert/Certificate;
staticfield java/lang/ClassLoader $assertionsDisabled Z 1
ciMethod java/lang/ClassLoader definePackage (Ljava/lang/String;Ljava/lang/Module;)Ljava/lang/Package; 512 0 2307 0 0
ciMethod java/lang/ClassLoader definePackage (Ljava/lang/String;Ljava/lang/String;Ljava/lang/String;Ljava/lang/String;Ljava/lang/String;Ljava/lang/String;Ljava/lang/String;Ljava/net/URL;)Ljava/lang/Package; 56 0 190 0 0
ciMethod java/lang/ClassLoader getClassLoadingLock (Ljava/lang/String;)Ljava/lang/Object; 512 0 5378 0 248
ciInstanceKlass java/lang/reflect/Constructor 1 1 439 10 100 12 1 1 1 10 100 12 1 1 9 7 12 1 1 1 10 12 1 1 10 12 1 1 10 100 12 1 1 9 12 1 1 10 7 12 1 1 1 9 12 1 1 9 12 1 1 9 12 1 9 12 1 1 9 12 1 9 12 1 1 9 12 1 1 9 12 1 100 1 8 1 10 12 1 10 12 1 9 12 1 1 10 7 12 1 1 10 7 12 1 1 1 10 12 1 1 10 12 1 1 10 12 1 7 1 100 1 8 1 10 10 12 1 10 12 1 10 12 1 1 10 12 1 1 9 100 12 1 1 1 10 7 12 1 1 10 12 1 1 10 12 1 10 12 1 1 10 7 12 1 1 1 10 100 12 1 1 10 12 1 1 10 12 1 10 7 12 1 1 1 8 1 10 10 12 1 100 1 8 1 10 12 1 10 12 1 1 10 12 1 1 10 12 1 10 12 1 10 12 1 1 10 12 1 1 9 12 1 1 10 12 1 1 10 12 1 1 10 12 1 1 11 7 12 1 1 1 10 12 1 1 10 12 1 10 12 1 10 12 1 8 1 9 12 1 1 10 7 12 1 1 1 10 7 12 1 1 10 12 1 1 10 12 1 1 10 12 1 1 10 12 1 1 10 12 1 9 7 12 1 1 10 12 1 10 12 1 10 12 1 100 1 8 1 10 10 12 1 1 10 12 1 10 10 12 1 1 10 12 1 1 10 100 12 1 1 1 11 100 12 1 1 1 10 12 1 1 9 100 12 1 1 1 10 100 12 1 1 1 10 12 1 1 1 1 1 1 1 1 1 1 1 1 1 1 1 1 1 1 1 1 1 1 1 1 1 1 1 1 1 1 1 1 1 1 1 1 1 1 1 1 1 1 1 1 1 1 1 1 1 1 1 1 100 1 100 1 100 1 100 1 1 1 1 1 1 1 1 1 1 1 1 1 1 1 1 1 1 1 1 1 1 1 1 1 1 1 1 1 1 1 1 1 100 1 1
instanceKlass java/lang/reflect/Executable
instanceKlass java/lang/reflect/Field
ciInstanceKlass java/lang/reflect/AccessibleObject 1 1 402 10 7 12 1 1 1 9 100 12 1 1 1 10 7 12 1 1 1 10 7 12 1 1 10 7 12 1 1 1 10 100 12 1 1 1 10 12 1 1 10 12 1 1 9 12 1 1 7 1 10 7 12 1 1 1 11 12 1 7 1 10 12 1 7 1 100 1 10 12 1 10 12 1 1 10 12 1 1 10 12 1 1 10 12 1 1 7 1 10 7 12 1 1 1 10 12 1 1 11 10 7 12 1 1 1 10 12 1 1 10 12 1 10 12 1 10 12 1 1 10 12 1 8 1 7 1 7 1 10 10 12 1 1 8 1 10 12 1 10 12 1 8 1 8 1 8 1 8 1 8 1 8 1 8 1 8 1 8 1 100 1 10 12 1 10 12 1 9 12 1 1 10 12 1 1 10 12 1 10 7 1 100 1 8 1 10 8 1 10 12 1 8 1 10 12 1 10 12 1 1 10 100 1 8 1 10 11 7 12 1 1 1 10 12 1 1 10 12 1 1 10 12 1 1 9 12 1 1 100 1 10 12 1 7 1 10 12 1 10 12 1 1 10 100 1 10 12 1 10 12 10 12 1 10 12 1 10 12 1 1 10 12 1 9 12 1 10 100 12 1 1 8 1 10 100 12 1 1 1 8 1 10 7 12 1 1 1 9 12 1 7 1 10 7 1 10 10 7 12 1 1 1 7 1 10 10 7 12 1 1 1 7 1 9 12 1 1 1 1 1 1 1 1 1 1 1 1 1 1 1 1 1 1 1 1 1 1 1 1 1 1 1 1 1 1 1 1 1 1 1 1 1 1 1 1 1 1 1 1 1 1 1 1 1 1 1 1 1 1 1 1 1 1 1 1 1 1 1 1 1 1 1 1 1 1 1 1 1 1 1 1 1 1 1 1 1 1 1 1 1 1
staticfield java/lang/reflect/AccessibleObject reflectionFactory Ljdk/internal/reflect/ReflectionFactory; jdk/internal/reflect/ReflectionFactory
instanceKlass java/lang/reflect/Constructor
instanceKlass java/lang/reflect/Method
ciInstanceKlass java/lang/reflect/Executable 1 1 581 10 7 12 1 1 1 10 7 12 1 1 1 10 7 12 1 1 1 11 7 12 1 1 1 10 7 12 1 1 1 10 12 1 1 10 7 12 1 1 1 10 7 12 1 1 1 10 12 1 8 1 10 10 12 1 1 10 12 1 1 10 100 12 1 1 1 18 12 1 1 11 100 12 1 1 1 8 1 8 1 8 1 10 100 12 1 1 1 11 12 1 1 7 1 8 1 8 1 10 12 1 7 1 8 1 10 12 1 8 1 11 100 12 1 1 1 7 1 11 7 12 1 1 1 11 12 1 8 1 18 8 1 10 12 1 10 12 1 1 18 8 1 10 12 1 100 1 10 12 1 10 12 1 11 12 1 10 12 1 1 8 1 8 1 10 12 1 1 10 12 1 1 10 10 12 1 9 100 12 1 1 1 10 100 12 1 1 1 10 12 1 10 12 1 1 10 7 12 1 1 10 12 1 10 12 1 10 12 1 10 7 12 1 1 7 1 10 100 12 1 1 1 10 12 1 1 10 7 12 1 1 10 12 1 10 12 1 1 9 7 12 1 1 1 10 7 10 12 1 8 1 10 12 1 10 12 1 3 100 1 8 1 10 12 1 10 12 1 10 10 12 1 10 12 1 1 8 1 8 1 8 1 9 12 1 1 9 12 1 10 12 1 100 1 8 1 10 12 1 10 12 1 10 12 1 1 10 12 1 1 10 12 1 10 12 10 12 1 100 1 10 12 1 10 12 1 1 100 1 10 7 12 1 1 1 7 1 10 7 12 1 1 1 10 12 1 1 11 7 12 1 1 10 12 1 10 100 12 1 1 1 10 12 1 1 9 12 1 10 12 1 1 10 12 1 10 12 1 1 9 100 12 1 1 1 10 100 12 1 1 1 10 12 1 10 12 1 1 9 12 1 10 10 10 10 100 12 1 1 1 10 12 1 9 12 1 10 12 1 1 9 12 1 7 1 7 1 1 1 1 1 1 1 1 1 1 1 1 1 1 1 1 1 1 1 1 1 1 1 1 1 1 1 1 1 1 1 1 1 1 1 1 100 1 1 1 1 1 1 1 1 1 1 1 1 1 1 1 1 1 1 1 100 1 1 1 1 1 1 1 1 1 1 1 1 1 1 1 1 1 1 1 1 1 1 1 1 1 1 1 1 1 1 1 1 1 1 1 1 1 1 1 1 1 1 1 7 1 1 1 1 1 1 1 1 1 1 1 1 1 1 1 1 1 1 1 1 1 1 7 1 1 16 15 16 1 16 1 15 10 12 16 15 10 100 12 1 1 1 1 1 1 100 1 1 100 1 100 1 1
ciInstanceKlass java/lang/reflect/Member 1 1 37 100 1 10 12 1 1 100 1 100 1 1 1 1 3 1 3 1 1 1 1 1 1 1 1 1 1 1 1 1 1 1 1 1 1 1 1
instanceKlass scala/meta/internal/worksheets/WorksheetProvider$$anon$1
instanceKlass java/util/logging/LogManager$Cleaner
instanceKlass scribe/file/Platform$$anon$1
instanceKlass java/util/concurrent/ForkJoinWorkerThread
instanceKlass jdk/internal/misc/InnocuousThread
instanceKlass java/lang/ref/Finalizer$FinalizerThread
instanceKlass java/lang/ref/Reference$ReferenceHandler
instanceKlass java/lang/BaseVirtualThread
ciInstanceKlass java/lang/Thread 1 1 872 10 7 12 1 1 1 9 12 1 1 10 7 12 1 1 10 12 1 10 100 12 1 1 100 1 8 1 10 12 1 1 9 12 1 1 9 12 1 9 12 1 1 7 1 10 12 1 1 10 12 1 10 7 12 1 1 1 10 12 9 12 1 1 10 12 1 7 1 10 12 1 10 12 1 1 10 12 1 1 10 12 1 10 12 1 1 100 1 8 1 10 9 7 12 1 1 1 10 12 1 1 10 3 8 1 7 1 5 0 10 7 12 1 1 1 9 12 1 10 12 1 1 10 7 12 1 1 1 10 7 12 1 1 1 10 12 1 1 10 12 1 1 9 12 1 1 10 7 1 8 1 10 7 1 10 12 1 9 12 1 1 10 7 12 1 1 1 10 10 12 1 1 9 100 12 1 1 1 10 12 1 1 10 12 1 1 10 7 12 1 1 10 12 1 10 12 1 10 7 12 1 1 9 12 1 10 7 12 1 1 1 10 12 1 1 9 12 1 1 9 12 1 1 10 7 12 1 1 1 9 12 1 1 10 7 12 1 1 10 7 12 1 1 1 10 12 1 10 12 1 10 7 12 1 1 9 12 1 8 1 9 7 12 1 1 9 12 1 1 5 0 100 1 10 100 1 10 100 1 10 7 1 10 8 1 10 12 1 1 10 7 12 1 10 12 1 10 12 1 100 1 8 1 10 10 12 1 10 12 1 1 10 100 12 1 1 1 10 100 12 1 1 1 10 12 1 7 1 9 12 1 1 100 1 10 10 12 1 9 12 1 1 10 12 1 1 10 12 1 1 10 12 1 10 12 1 9 12 1 1 10 10 12 1 1 10 12 1 1 11 7 12 1 1 10 7 12 1 1 9 12 1 9 12 1 1 9 12 1 1 10 100 12 1 1 10 12 1 1 9 100 12 1 1 1 10 100 12 1 1 10 12 1 10 12 1 100 1 10 10 12 9 12 1 1 10 12 1 11 100 12 1 1 11 12 1 10 12 1 10 12 1 10 12 1 9 12 1 10 10 12 1 10 12 1 1 9 12 1 9 12 10 12 1 8 1 10 12 1 10 12 1 10 12 1 10 12 1 10 12 1 1 10 12 1 10 12 1 1 10 12 1 10 12 1 10 12 1 10 12 1 10 12 1 1 9 7 12 1 1 1 8 1 10 9 12 1 10 12 1 7 1 8 1 10 10 12 1 8 1 10 12 1 1 9 12 10 12 8 1 10 10 12 1 10 12 1 8 1 10 12 1 10 8 1 10 100 12 1 1 10 12 1 1 100 1 8 1 10 9 12 1 9 12 1 1 10 12 1 1 10 10 12 1 10 12 1 100 10 7 12 1 1 1 9 12 1 10 12 1 1 10 12 1 1 10 100 12 1 1 1 11 7 12 1 1 1 9 100 12 1 1 1 10 100 12 1 1 1 7 1 10 12 1 100 1 10 12 1 10 12 1 1 10 12 1 1 8 1 9 12 1 10 12 1 10 12 1 1 11 7 12 1 1 1 10 12 1 1 1 1 3 1 3 1 3 1 3 1 1 1 1 1 1 1 1 1 1 1 1 1 1 1 1 1 1 1 1 1 7 1 1 1 1 1 1 1 1 1 1 1 1 1 1 1 1 1 1 1 1 100 1 1 1 1 1 1 1 1 1 1 1 1 1 1 1 1 1 1 7 1 7 1 1 1 1 1 1 1 1 1 1 1 1 1 1 1 1 1 1 1 1 1 1 1 1 1 1 1 1 1 1 1 1 1 1 1 1 1 1 1 1 1 1 1 1 1 1 1 1 1 1 1 1 1 1 1 1 1 1 1 1 1 1 1 1 1 1 1 1 1 1 1 1 1 1 100 100 1 1 1 1 1 1 1 1 1 1 1 1 1 1 1 1 1 1 1 1 1 1 1 1 1 1 100 1 100 1 100 1 100 1 100 1 1 100 1 1 1 1 1 1 1 1 1 1 1 1 1 1 1
staticfield java/lang/Thread NEW_THREAD_BINDINGS Ljava/lang/Object; java/lang/Class
staticfield java/lang/Thread EMPTY_STACK_TRACE [Ljava/lang/StackTraceElement; 0 [Ljava/lang/StackTraceElement;
ciInstanceKlass java/lang/Runnable 1 0 11 100 1 100 1 1 1 1 1 1 1
ciInstanceKlass java/lang/System$2 1 1 669 10 7 12 1 1 1 10 7 12 1 1 1 10 12 1 1 10 12 1 1 10 12 1 1 10 12 1 1 10 12 1 1 10 12 1 1 10 12 1 10 12 1 1 10 12 1 1 7 1 10 7 12 1 1 1 10 12 1 1 10 7 12 1 1 1 10 12 1 10 12 1 10 7 12 1 1 1 10 12 1 1 10 12 1 1 10 12 1 1 10 12 1 1 10 7 12 1 1 1 10 12 1 7 1 10 12 1 10 12 1 10 12 1 1 10 12 1 10 12 1 1 10 12 1 10 12 1 10 12 1 10 12 1 10 12 1 10 12 1 1 10 12 1 1 10 12 1 10 12 1 1 10 7 12 1 1 1 10 12 1 10 12 1 1 10 12 1 1 10 12 1 10 12 1 1 10 12 1 10 7 12 1 1 1 10 7 12 1 1 1 10 100 12 1 1 1 10 12 1 1 10 12 1 1 10 12 1 1 10 12 1 1 10 7 12 1 1 1 10 12 1 1 10 12 1 1 9 7 12 1 1 1 9 12 1 1 10 7 12 1 1 1 10 12 1 1 10 7 12 1 1 1 10 12 1 1 10 12 1 1 10 12 1 1 10 12 1 10 7 12 1 1 1 10 12 1 1 10 10 12 1 1 10 12 1 1 10 12 1 1 10 12 1 1 10 12 1 1 10 12 1 1 10 12 1 1 10 12 1 1 10 12 1 1 10 12 1 7 1 10 12 1 1 11 100 12 1 1 10 7 12 1 1 10 12 1 1 10 12 1 10 12 1 1 10 12 1 10 12 1 1 10 12 1 10 12 1 1 10 12 1 1 10 12 1 1 7 1 10 12 1 100 1 10 10 12 1 1 10 12 1 10 7 12 1 1 1 10 12 1 1 8 1 10 12 1 1 10 12 1 1 10 12 1 7 1 7 1 1 1 1 1 1 1 1 1 1 1 1 1 1 1 1 1 1 1 1 1 1 1 1 1 1 1 1 1 1 1 1 1 1 1 1 1 1 1 1 1 1 1 1 1 1 1 1 1 1 1 1 1 1 1 1 1 1 1 1 1 1 1 1 1 1 1 1 1 1 1 1 1 1 1 1 1 1 1 1 1 1 1 1 1 1 1 1 1 1 1 1 1 1 1 1 1 1 1 1 1 1 1 1 1 1 1 1 1 1 1 1 1 1 1 1 1 1 1 1 1 1 1 1 1 1 1 1 1 1 1 1 1 1 1 100 1 1 1 1 1 1 1 1 1 1 1 1 1 1 1 1 1 1 1 1 1 1 1 1 1 1 1 1 1 1 1 1 1 1 1 1 1 1 1 1 1 1 1 1 1 1 1 1 1 1 1 1 1 1 1 1 1 1 1 1 1 1 1 1 1 1 1 1 1 7 1 1 1 1 1 1 1 1 1 1 1 1 1 1 1 1 1 1 1 1 1 1 1 1 1 1 1 1 1 1 1 1 1 1 1 1 1 1 1 1 1 1 1 1 1 12 1 1 1 100 1 1 100 1 1
ciMethod java/lang/System$2 findBootstrapClassOrNull (Ljava/lang/String;)Ljava/lang/Class; 512 0 2855 0 0
ciInstanceKlass jdk/internal/access/JavaLangAccess 1 0 217 100 1 100 1 1 1 1 1 1 1 1 1 1 1 1 1 1 1 1 1 1 1 1 1 1 1 1 1 1 1 1 1 1 1 1 1 1 1 1 1 1 100 1 1 1 1 1 1 1 1 1 1 1 1 1 1 1 1 1 1 1 1 1 1 1 1 1 1 1 1 1 1 1 1 1 1 1 1 1 1 1 1 1 1 1 1 1 1 1 1 1 1 1 1 1 1 1 1 1 1 1 1 100 1 1 1 1 1 1 1 1 1 1 1 1 1 1 1 1 1 1 1 1 1 1 1 1 1 1 1 1 1 1 1 1 1 1 1 1 1 1 1 1 1 1 1 1 1 1 1 1 1 1 1 1 1 1 1 1 1 1 1 1 1 1 1 100 1 1 1 1 1 1 1 1 1 1 1 1 1 1 1 1 1 1 1 1 1 1 1 1 1 1 1 1 1 1 1 1 1 1 1 1 1 1 1 1 1 1 1 1 100 1 100 1 1
ciInstanceKlass java/net/URL 1 1 771 10 7 12 1 1 1 10 12 1 10 7 12 1 1 9 12 1 1 9 12 1 10 7 12 1 1 1 10 12 1 1 10 12 1 1 9 12 1 1 10 7 12 1 1 1 8 1 10 12 1 1 7 1 10 10 12 1 1 8 1 10 12 1 1 9 12 1 100 1 8 1 10 12 1 10 12 1 8 1 9 12 1 10 12 1 1 9 12 1 10 12 1 10 12 1 9 12 1 9 12 1 8 1 9 12 1 10 12 1 1 8 1 9 12 1 1 10 12 1 1 10 7 12 1 1 1 8 1 10 12 1 7 1 10 12 1 10 12 1 10 12 1 10 12 1 1 10 12 1 1 8 1 10 12 1 1 10 12 1 8 1 9 12 1 8 1 10 12 1 10 7 12 1 1 1 7 1 10 12 1 10 12 1 1 10 7 12 1 1 1 100 1 8 1 10 10 12 1 8 1 10 12 1 1 10 12 1 10 12 1 10 12 1 10 12 1 10 12 1 10 12 1 8 1 10 12 1 8 1 10 10 100 1 10 10 12 1 8 1 10 7 12 1 1 1 10 12 1 9 100 12 1 1 1 10 7 12 1 1 1 9 12 1 1 10 12 1 10 100 12 1 1 1 100 1 100 1 10 12 1 10 12 1 10 12 1 10 12 1 10 12 1 10 12 10 10 12 1 10 12 1 10 12 1 1 8 1 9 100 12 1 1 1 10 100 12 1 1 1 10 12 1 1 9 100 12 1 1 1 10 12 1 1 100 1 10 12 1 10 12 1 10 10 12 1 1 10 12 1 1 10 12 1 10 12 1 10 12 1 10 7 12 1 1 1 10 12 1 1 10 12 1 9 12 1 1 9 12 1 1 7 1 8 1 10 10 12 1 9 12 1 1 10 7 12 1 1 8 1 10 100 12 1 1 8 1 10 12 1 1 10 12 1 8 1 8 1 10 7 12 1 1 1 7 1 10 7 12 1 1 1 10 12 1 10 12 1 100 1 10 9 100 12 1 1 1 10 100 12 1 1 10 12 1 1 10 12 1 8 1 100 1 10 10 7 12 1 1 1 10 12 1 8 9 100 12 1 1 1 10 12 1 1 10 12 1 10 12 1 1 10 100 12 1 1 11 7 12 1 1 10 12 1 10 12 1 9 12 1 10 12 1 1 10 100 12 1 1 10 100 12 1 1 1 8 10 100 12 1 1 100 1 10 8 8 10 12 1 8 8 8 100 1 10 12 1 9 12 1 1 10 12 1 10 12 1 1 10 12 1 10 12 10 12 1 1 10 12 1 1 10 10 10 12 1 10 12 1 10 12 1 10 12 1 10 12 1 10 10 12 1 100 1 8 1 10 10 10 12 1 1 10 12 1 10 12 1 1 8 1 7 1 10 10 7 1 10 12 1 9 7 12 1 1 1 9 12 1 1 7 1 10 10 7 12 1 1 1 7 1 1 1 1 1 5 0 1 1 1 1 1 1 1 1 1 1 1 1 1 1 1 1 1 1 1 1 1 1 1 1 1 1 1 1 1 1 1 1 1 1 1 1 1 1 1 1 1 1 1 1 1 1 1 1 7 1 1 1 1 1 1 1 1 1 1 1 1 1 1 1 1 1 1 1 1 1 1 1 1 1 1 1 1 1 1 1 1 1 1 1 1 1 100 1 1 1 1 1 1 1 1 1 1 1 1 1 1 1 1 1 100 1 1 1 1 1 1 1 1 1 1 1 1 1 1 1 1 1 1 1
staticfield java/net/URL defaultFactory Ljava/net/URLStreamHandlerFactory; java/net/URL$DefaultFactory
staticfield java/net/URL handlers Ljava/util/Hashtable; java/util/Hashtable
staticfield java/net/URL streamHandlerLock Ljava/lang/Object; java/lang/Object
staticfield java/net/URL serialPersistentFields [Ljava/io/ObjectStreamField; 7 [Ljava/io/ObjectStreamField;
ciMethod java/lang/System arraycopy (Ljava/lang/Object;ILjava/lang/Object;II)V 256 0 128 0 -1
ciMethod java/lang/System getSecurityManager ()Ljava/lang/SecurityManager; 398 0 32026 0 80
ciMethod java/lang/System allowSecurityManager ()Z 398 0 32038 0 0
ciInstanceKlass java/lang/Module 1 1 1066 10 7 12 1 1 1 9 7 12 1 1 1 10 7 12 1 1 1 9 12 1 9 12 1 1 9 12 1 1 10 12 1 1 10 12 1 10 12 1 1 10 7 12 1 1 1 7 1 10 7 12 1 1 1 10 12 1 1 11 7 12 1 1 1 10 12 1 1 10 7 12 1 1 1 9 100 12 1 1 1 10 7 12 1 1 1 10 12 1 8 1 10 7 12 1 1 1 10 7 12 1 1 1 10 7 12 1 1 1 10 12 1 1 10 12 1 9 12 1 1 10 7 12 1 1 100 1 7 1 10 8 1 10 12 1 1 10 12 1 10 12 10 12 1 10 7 12 1 1 8 1 8 1 10 8 1 8 1 8 1 9 12 1 1 8 1 10 7 12 1 1 1 10 12 1 9 12 1 1 11 12 1 9 7 12 1 1 10 7 12 1 1 1 10 100 12 1 1 1 10 12 1 1 8 1 10 12 1 1 10 12 1 10 12 1 1 9 7 12 1 1 1 10 12 1 1 10 12 1 1 9 12 1 10 12 1 10 12 1 9 12 1 1 11 7 12 1 1 10 12 1 1 9 12 1 9 12 1 10 12 1 10 12 1 100 1 8 1 10 10 12 1 1 10 12 1 8 1 10 12 1 1 8 1 8 1 10 12 1 1 10 12 1 10 12 1 1 18 12 1 1 10 12 1 1 11 12 1 9 12 1 11 12 10 100 12 1 1 100 1 8 1 10 11 12 1 1 10 7 12 1 1 1 10 12 1 10 12 1 1 11 12 1 1 11 7 12 1 1 11 12 1 1 9 12 1 11 12 1 10 12 1 1 10 12 1 1 9 12 1 10 12 10 7 12 1 1 10 7 1 18 12 1 1 11 100 12 1 1 1 18 12 1 11 12 1 1 10 100 12 1 1 1 11 12 1 1 10 7 12 1 1 7 1 11 12 1 7 1 7 1 10 12 1 10 7 12 1 1 1 10 7 12 1 1 1 10 11 7 12 1 8 1 10 10 12 1 1 10 7 12 1 1 10 12 1 10 12 1 7 1 10 12 1 10 11 12 1 1 10 12 10 12 1 1 9 12 1 1 100 1 10 10 12 1 1 11 7 1 10 12 1 1 11 12 1 10 10 12 1 11 10 12 1 1 10 12 1 1 10 12 1 1 10 7 12 1 1 10 12 1 10 12 1 1 10 10 12 1 1 10 12 1 18 12 1 11 12 1 18 12 1 10 12 1 10 12 1 10 12 7 1 10 12 1 10 12 1 10 12 1 9 12 1 7 1 10 10 10 10 12 1 10 12 1 10 12 1 10 12 1 1 10 12 1 1 10 12 1 9 12 1 18 12 1 1 10 7 12 1 1 1 100 1 8 1 10 12 1 1 10 12 1 1 10 7 12 1 1 7 1 10 12 1 1 7 1 8 1 100 1 9 100 12 1 1 1 11 100 12 1 1 10 12 1 1 11 12 1 1 18 12 1 1 11 12 1 1 100 1 10 12 1 10 12 1 1 7 1 7 1 10 12 8 1 10 12 1 1 10 12 1 1 10 100 12 1 1 10 12 1 1 10 12 1 10 12 10 12 1 1 7 1 10 10 12 1 1 10 7 12 1 1 1 100 1 10 12 1 1 10 7 12 1 1 8 1 18 12 1 1 100 1 100 1 9 12 1 1 9 12 1 9 12 1 11 100 12 1 1 1 100 1 11 12 1 1 100 1 10 12 1 8 1 10 12 1 10 12 10 12 1 8 1 10 10 100 12 1 1 7 1 10 10 12 1 10 7 12 1 1 9 12 1 9 12 1 9 12 1 9 12 1 10 12 11 12 1 10 12 1 7 1 1 1 1 1 1 1 1 1 1 1 1 1 1 1 1 1 1 1 1 1 1 1 1 1 1 1 1 1 1 1 1 1 1 1 1 1 1 1 1 1 1 1 1 1 1 1 1 1 1 1 1 1 1 1 1 1 1 1 1 1 1 1 1 1 1 1 1 1 1 1 1 1 1 1 1 1 1 1 1 1 1 1 1 1 1 1 1 1 1 1 1 1 1 1 1 1 1 1 1 1 1 1 1 1 1 1 1 1 1 1 100 100 1 1 1 1 1 1 1 1 1 1 1 1 1 1 1 1 1 1 1 1 1 1 1 1 1 1 1 1 1 100 1 100 1 1 1 1 1 1 1 1 1 1 1 1 1 1 1 1 1 1 1 1 100 1 1 1 1 1 1 1 1 1 1 1 1 1 1 1 1 1 1 1 1 1 1 1 16 15 10 12 16 16 15 10 12 16 16 15 10 16 1 15 10 12 16 1 15 10 12 16 1 16 15 10 12 16 16 1 15 10 12 16 15 10 7 12 1 1 1 15 10 100 12 1 1 1 1 1 1 1 1 1 1 1 1 100 1 100 1 1
staticfield java/lang/Module ALL_UNNAMED_MODULE Ljava/lang/Module; java/lang/Module
staticfield java/lang/Module ALL_UNNAMED_MODULE_SET Ljava/util/Set; java/util/ImmutableCollections$Set12
staticfield java/lang/Module EVERYONE_MODULE Ljava/lang/Module; java/lang/Module
staticfield java/lang/Module EVERYONE_SET Ljava/util/Set; java/util/ImmutableCollections$Set12
staticfield java/lang/Module $assertionsDisabled Z 1
ciMethod java/lang/Module isNamed ()Z 512 0 4592 0 0
ciInstanceKlass java/lang/StringLatin1 1 1 420 7 1 10 7 12 1 1 1 10 12 1 1 10 7 12 1 1 1 10 7 12 1 1 1 10 12 1 10 12 1 1 7 1 5 0 5 0 10 7 12 1 1 1 10 7 12 1 1 1 10 12 1 1 10 7 12 1 1 1 10 7 12 1 1 1 10 12 1 1 10 12 1 1 10 10 12 1 10 12 1 10 9 7 12 1 1 1 10 12 1 1 10 7 12 1 1 1 10 12 10 12 1 1 10 12 1 1 10 12 1 10 12 1 1 10 12 1 10 7 12 1 1 1 10 12 1 10 12 1 9 12 1 1 100 1 10 10 12 1 1 10 7 12 1 1 1 10 12 1 10 12 1 100 1 7 1 8 1 10 12 1 8 1 10 12 1 1 100 1 10 10 12 1 10 7 12 1 1 1 8 1 8 1 8 1 10 12 1 1 10 12 10 100 12 1 1 10 12 1 10 12 1 1 10 12 1 1 10 12 1 1 10 12 1 10 12 10 12 10 12 1 10 12 10 10 12 1 10 12 1 10 12 1 10 100 12 1 1 1 10 100 12 1 1 1 10 12 1 1 10 12 1 1 10 10 7 12 1 1 1 1 1 1 1 1 1 1 1 1 1 1 1 1 1 1 1 1 1 1 1 1 1 1 1 1 1 1 1 1 1 1 1 1 1 1 1 1 1 1 1 1 1 1 1 1 1 1 1 1 1 1 1 1 1 1 1 1 1 1 1 100 1 1 1 1 1 1 1 1 1 1 1 1 1 1 1 1 1 1 1 1 1 1 1 1 1 1 1 1 1 1 1 1 1 1 1 1 1 1 1 1 1 100 1 1 1 1 1 1 1 1 1 1 1 1 1 1 1 1 1 1 1 1 1 1 1 100 1 1 1 1 1 1 1 1 1 1 1 1 1 1 1 1 1 1 1 1 1 1 1 1 1 1 1 100 1 1 1 1
staticfield java/lang/StringLatin1 $assertionsDisabled Z 1
ciInstanceKlass java/lang/Integer 1 1 442 7 1 7 1 7 1 7 1 10 12 1 1 9 12 1 1 9 12 1 1 10 7 12 1 1 1 10 12 1 1 10 100 12 1 1 1 10 10 12 1 1 10 7 12 1 1 1 10 12 1 10 12 1 1 10 7 12 1 1 1 10 12 1 1 10 12 1 1 10 12 1 10 12 1 10 12 1 1 10 10 12 1 100 1 8 1 10 12 1 8 1 7 1 10 12 1 1 10 12 1 1 8 1 10 12 1 1 8 1 10 12 1 1 10 12 1 1 10 12 1 1 3 3 10 7 12 1 1 1 11 7 1 10 12 1 1 11 10 12 1 1 10 12 1 1 8 1 10 12 1 10 12 1 8 1 7 1 10 12 1 8 1 10 12 1 1 10 12 1 8 1 10 12 1 10 12 1 7 1 9 12 1 1 9 12 1 1 10 12 1 10 7 1 9 12 1 10 12 1 10 12 1 10 12 1 1 10 7 12 1 1 1 100 1 100 1 10 12 1 1 10 12 1 1 8 1 8 1 10 12 1 1 8 1 8 1 8 1 8 1 8 1 8 1 10 12 1 10 12 1 10 12 1 5 0 3 3 3 3 10 12 1 10 12 1 3 10 12 1 10 100 12 1 1 1 10 12 1 1 10 12 1 1 8 1 10 7 12 1 1 1 9 12 1 1 7 1 7 1 7 1 1 1 1 3 1 1 1 3 1 3 1 1 5 0 1 1 1 1 1 1 1 1 1 1 100 1 1 1 1 1 1 1 1 1 1 1 1 1 1 1 1 1 1 1 1 1 1 1 1 1 1 1 1 1 1 1 1 1 1 1 1 1 3 1 1 1 1 1 1 1 1 1 1 1 1 1 1 1 1 7 1 1 1 1 1 1 1 1 1 1 1 1 1 1 1 1 1 1 1 1 1 1 1 1 1 1 1 1 1 1 1 1 1 1 1 1 1 1 1 1 1 1 1 1 1 7 1 1 1 1 1 1 1 1 1 100 1 100 1 1
staticfield java/lang/Integer TYPE Ljava/lang/Class; java/lang/Class
staticfield java/lang/Integer digits [C 36
instanceKlass java/util/concurrent/atomic/Striped64
instanceKlass java/math/BigDecimal
instanceKlass com/google/gson/internal/LazilyParsedNumber
instanceKlass scala/math/ScalaNumber
instanceKlass java/math/BigInteger
instanceKlass java/util/concurrent/atomic/AtomicLong
instanceKlass java/util/concurrent/atomic/AtomicInteger
instanceKlass java/lang/Long
instanceKlass java/lang/Integer
instanceKlass java/lang/Short
instanceKlass java/lang/Byte
instanceKlass java/lang/Double
instanceKlass java/lang/Float
ciInstanceKlass java/lang/Number 1 1 37 10 7 12 1 1 1 10 100 12 1 1 1 100 1 1 1 1 5 0 1 1 1 1 1 1 1 1 1 1 1 1 1 1 1 1 1
ciInstanceKlass java/lang/Math 1 1 458 7 1 10 7 12 1 1 1 10 7 12 1 1 1 10 12 1 10 12 1 10 12 1 10 12 1 10 12 1 6 0 6 0 10 12 1 10 12 1 10 12 1 10 12 1 10 12 1 10 12 1 1 10 12 1 10 12 1 10 12 1 10 12 1 10 12 1 10 7 12 1 1 1 100 1 3 3 3 10 7 12 1 1 1 100 1 5 0 5 0 5 0 5 0 5 0 9 100 12 1 1 1 10 100 12 1 1 1 100 1 8 1 10 12 1 8 1 10 12 1 1 10 12 1 1 7 1 5 0 5 0 7 1 3 5 0 3 5 0 10 12 1 10 12 1 10 12 1 10 12 1 10 12 1 8 1 10 12 1 8 1 10 12 1 1 10 12 1 1 9 12 1 1 9 12 1 100 1 7 1 10 10 12 1 1 8 1 10 12 1 10 12 1 1 10 10 12 1 10 12 1 10 12 1 10 12 1 1 8 1 8 1 10 12 1 1 10 12 1 10 12 10 12 10 12 1 10 12 1 10 12 1 10 12 1 10 12 6 0 10 12 1 9 12 1 1 100 1 10 10 12 1 100 1 10 12 1 10 12 1 1 10 12 1 10 12 1 10 12 10 12 1 1 10 12 1 1 10 12 1 1 10 12 6 0 10 12 1 1 10 12 10 12 1 4 10 12 1 10 12 1 10 12 10 12 1 10 12 1 10 12 1 10 12 1 10 12 1 10 12 1 5 0 6 0 4 6 0 4 6 0 4 10 12 1 6 0 10 12 6 0 10 7 12 1 1 1 4 6 0 1 1 1 6 0 1 6 0 1 6 0 1 1 1 1 1 1 1 1 1 1 1 1 1 1 1 1 1 1 1 1 1 1 1 1 1 1 1 1 1 1 1 1 1 1 1 1 1 1 1 1 1 1 1 1 1 1 1 1 1 1 1 1 1 1 1 1 1 1 1 1 1 1 1 1 1 1 1 1 1 1 1 1 1 1 1 1 1 1 1 1 1 1 1 1 1 1 1 1 1 1 1 1 1 1 1 1
staticfield java/lang/Math negativeZeroFloatBits J -2147483648
staticfield java/lang/Math negativeZeroDoubleBits J -9223372036854775808
staticfield java/lang/Math $assertionsDisabled Z 1
ciInstanceKlass jdk/internal/util/ArraysSupport 1 1 396 7 1 7 1 8 1 10 12 1 1 10 12 1 1 10 7 12 1 1 9 7 12 1 1 1 9 12 1 1 10 7 12 1 1 1 9 12 1 1 10 7 12 1 1 1 9 12 1 10 12 9 12 1 10 12 1 1 10 12 10 12 1 1 10 7 12 1 1 1 9 12 1 1 11 100 12 1 1 1 10 7 12 1 1 1 7 1 10 12 1 1 10 12 1 100 1 10 12 1 10 12 100 1 10 12 1 100 1 10 12 1 100 1 7 1 10 8 1 10 12 1 1 10 12 1 10 12 1 1 10 9 12 1 9 12 1 10 12 1 1 9 12 1 9 12 1 9 12 1 9 12 1 9 12 1 9 12 1 9 12 1 10 12 1 1 10 7 12 1 1 1 9 12 1 9 12 1 10 12 1 1 10 12 1 9 12 1 10 12 1 10 7 12 1 1 1 9 12 1 9 12 1 10 12 1 10 12 1 10 7 12 1 1 1 3 10 12 1 7 1 8 1 8 1 8 1 10 10 100 12 1 1 1 11 7 12 1 1 1 10 12 1 10 7 12 1 1 1 10 12 1 1 10 12 1 1 9 12 1 10 12 1 9 12 1 9 12 1 9 12 1 9 12 1 9 12 1 9 12 1 9 12 1 10 7 12 1 1 1 1 1 3 1 3 1 3 1 3 1 3 1 3 1 3 1 3 1 1 1 1 1 1 1 1 1 1 1 1 1 1 1 1 1 1 1 1 1 1 1 1 1 1 1 1 1 1 1 1 1 1 1 1 1 1 1 1 1 1 1 1 1 1 1 1 1 1 1 1 1 1 1 1 1 1 1 1 1 1 1 1 1 1 1 1 1 1 1 1 1 1 1 1 1 1 1 1 1 1 1 1 100 1 1 1 1
staticfield jdk/internal/util/ArraysSupport U Ljdk/internal/misc/Unsafe; jdk/internal/misc/Unsafe
staticfield jdk/internal/util/ArraysSupport BIG_ENDIAN Z 0
staticfield jdk/internal/util/ArraysSupport LOG2_ARRAY_BOOLEAN_INDEX_SCALE I 0
staticfield jdk/internal/util/ArraysSupport LOG2_ARRAY_BYTE_INDEX_SCALE I 0
staticfield jdk/internal/util/ArraysSupport LOG2_ARRAY_CHAR_INDEX_SCALE I 1
staticfield jdk/internal/util/ArraysSupport LOG2_ARRAY_SHORT_INDEX_SCALE I 1
staticfield jdk/internal/util/ArraysSupport LOG2_ARRAY_INT_INDEX_SCALE I 2
staticfield jdk/internal/util/ArraysSupport LOG2_ARRAY_LONG_INDEX_SCALE I 3
staticfield jdk/internal/util/ArraysSupport LOG2_ARRAY_FLOAT_INDEX_SCALE I 2
staticfield jdk/internal/util/ArraysSupport LOG2_ARRAY_DOUBLE_INDEX_SCALE I 3
staticfield jdk/internal/util/ArraysSupport LOG2_BYTE_BIT_SIZE I 3
staticfield jdk/internal/util/ArraysSupport JLA Ljdk/internal/access/JavaLangAccess; java/lang/System$2
ciInstanceKlass java/lang/Character 1 1 604 7 1 7 1 100 1 9 12 1 1 8 1 9 12 1 1 7 1 9 12 1 1 10 7 12 1 1 1 10 100 12 1 1 1 10 100 12 1 1 1 10 7 12 1 1 1 9 7 12 1 1 1 10 12 1 10 12 1 1 10 12 1 1 10 7 12 1 1 10 12 1 1 3 3 3 3 3 10 12 1 1 10 12 1 3 11 7 12 1 1 1 11 12 1 1 10 12 1 1 10 12 1 1 100 1 10 10 12 1 3 10 12 1 1 10 12 1 10 12 1 1 100 1 8 1 10 12 1 1 10 12 1 10 12 1 10 12 1 10 100 12 1 1 1 10 12 1 10 12 1 10 12 1 1 10 12 1 10 7 12 1 1 10 10 12 1 10 10 12 1 10 12 1 1 10 12 1 10 10 12 1 10 12 1 10 12 1 10 12 1 10 12 1 10 12 1 10 12 1 10 12 10 10 12 10 10 12 1 10 10 12 1 10 10 12 1 10 10 12 1 10 12 1 10 12 1 10 12 1 10 12 1 10 12 1 10 12 1 10 10 12 1 10 10 12 1 10 10 12 1 1 10 10 12 1 10 5 0 10 12 1 10 12 1 10 10 12 1 10 10 12 1 1 10 10 12 1 10 10 12 1 9 12 1 1 100 1 10 10 12 1 10 12 1 1 3 10 100 12 1 1 1 10 12 1 10 100 12 1 1 7 1 10 10 12 1 1 10 12 1 1 10 12 1 1 8 1 10 12 1 9 100 12 1 1 1 10 12 1 10 10 12 1 10 12 1 1 10 12 1 10 10 12 1 1 10 10 12 1 1 7 1 8 1 10 12 1 1 10 7 12 1 1 1 8 1 10 12 1 1 9 12 1 1 7 1 7 1 7 1 1 1 1 3 1 3 1 3 1 3 1 1 1 1 1 3 1 1 3 1 3 1 3 1 3 1 3 1 3 1 3 1 3 1 3 1 3 1 3 1 3 1 3 1 3 1 3 1 3 1 3 1 3 1 3 1 3 1 3 1 3 1 3 1 3 1 3 1 3 1 3 1 3 1 1 1 1 1 1 1 1 1 1 1 1 1 1 1 1 1 1 1 3 1 1 1 1 1 1 1 3 1 1 3 1 1 1 1 1 3 1 1 5 0 1 1 1 1 1 1 1 1 1 1 1 1 1 1 1 1 1 1 1 1 1 1 1 1 1 1 1 1 1 1 1 1 1 1 1 1 1 1 1 1 1 1 1 1 1 1 1 1 1 1 1 1 1 1 1 1 1 1 1 1 1 1 1 1 1 1 1 1 1 1 1 1 1 1 1 1 1 1 1 1 1 1 1 1 1 1 1 1 1 1 100 1 100 1 1 1 1 1 1
staticfield java/lang/Character TYPE Ljava/lang/Class; java/lang/Class
staticfield java/lang/Character $assertionsDisabled Z 1
ciInstanceKlass java/lang/StringConcatHelper 1 1 246 7 1 10 7 12 1 1 1 10 7 12 1 1 1 7 1 5 0 7 1 8 1 10 12 1 10 12 1 1 10 12 1 1 10 7 12 1 1 1 10 7 12 1 1 10 12 1 1 10 12 1 10 100 12 1 1 1 10 12 1 1 10 12 1 10 12 1 10 12 1 1 10 10 12 1 10 12 1 10 10 12 1 10 12 1 1 10 12 1 7 1 7 1 10 8 1 10 12 1 1 10 12 1 8 1 10 12 1 1 10 10 12 1 1 10 12 1 1 10 10 12 1 1 10 12 1 1 10 12 1 1 10 12 1 1 10 8 1 9 12 1 1 9 7 12 1 1 1 10 7 12 1 1 1 7 1 9 12 1 1 10 7 12 1 1 1 10 7 12 1 1 1 100 1 100 1 100 1 10 12 1 10 12 1 1 1 1 1 5 0 1 1 1 1 1 1 1 1 1 1 1 1 1 1 1 1 1 1 1 1 1 1 1 1 1 1 1 1 1 1 1 1 1 1 1 1 1 1 1 1 1 1 1 1 1 1 1 1 7 1 1 1 1 1 1
staticfield java/lang/StringConcatHelper UNSAFE Ljdk/internal/misc/Unsafe; jdk/internal/misc/Unsafe
ciInstanceKlass java/util/Arrays 1 1 1020 10 7 12 1 1 1 10 100 12 1 1 1 10 7 12 1 1 1 10 12 1 10 12 1 10 12 1 10 12 1 10 12 1 10 12 1 10 100 12 1 1 1 100 1 7 1 10 8 1 10 12 1 1 10 12 1 8 1 8 1 10 12 1 1 10 12 1 100 1 10 12 1 9 100 12 1 1 1 10 7 12 1 1 100 1 10 12 1 1 10 7 12 1 1 10 7 12 1 1 1 100 1 10 12 1 10 12 1 1 7 1 9 7 12 1 1 1 10 12 1 1 10 100 12 1 1 10 12 1 10 12 1 1 10 12 1 10 12 1 1 7 1 11 12 1 1 10 12 1 10 7 12 1 1 1 10 12 10 12 1 10 12 1 10 12 10 12 1 11 100 12 1 1 1 10 7 12 1 1 1 100 1 10 12 1 10 100 1 10 12 1 10 100 1 10 12 1 10 100 1 10 12 1 10 10 12 1 1 10 12 1 10 12 1 10 12 1 10 12 1 10 12 1 10 7 12 1 1 1 10 12 1 10 7 12 1 1 1 10 12 1 10 12 1 10 7 12 1 1 1 10 12 1 10 12 1 10 12 1 10 12 1 10 12 1 10 12 1 10 12 1 10 12 1 10 12 1 10 12 1 10 12 1 10 12 1 10 12 1 10 12 1 10 12 1 10 12 1 1 10 12 1 1 10 7 12 1 1 1 10 7 1 10 100 1 10 7 1 10 100 1 10 100 1 10 100 1 10 100 1 10 100 1 10 12 1 8 1 7 1 10 12 10 7 12 1 1 1 10 12 10 12 1 10 12 1 10 12 1 10 7 12 1 1 10 12 10 12 1 10 12 1 10 12 10 12 1 1 10 12 1 1 9 7 12 1 1 1 10 12 1 9 7 1 10 12 1 9 10 12 1 9 7 1 10 12 1 9 7 1 10 12 1 9 10 12 1 9 10 12 1 10 12 1 10 12 1 9 12 1 100 1 10 10 12 1 1 10 12 1 10 12 1 10 12 1 10 12 1 10 12 1 10 12 1 10 12 1 10 12 1 10 12 1 8 1 8 1 10 12 1 10 12 1 8 1 10 12 1 10 12 1 10 12 1 10 7 12 1 1 1 3 10 100 1 10 10 12 1 1 11 100 12 1 1 10 12 1 1 10 12 1 10 12 1 10 12 1 10 12 1 10 12 1 10 12 1 10 12 1 10 12 1 11 12 1 8 1 10 11 12 1 11 100 12 1 1 1 11 100 12 1 1 1 11 12 1 1 18 12 1 1 11 12 1 1 11 100 12 1 1 1 18 12 1 11 100 12 1 1 1 18 12 1 11 100 12 1 1 1 18 12 1 100 1 10 7 12 1 1 1 10 12 1 10 12 1 10 12 1 10 12 1 10 12 1 10 12 1 10 12 1 10 12 1 1 10 12 1 10 7 12 1 1 10 12 1 10 12 1 10 12 1 1 10 12 1 10 12 1 10 12 1 1 10 12 1 10 12 1 10 12 1 1 10 12 1 10 12 1 10 12 1 10 12 1 10 12 10 12 1 10 12 10 12 10 12 1 10 12 10 12 1 10 12 1 10 12 1 1 1 1 3 1 3 1 1 1 1 1 1 1 1 1 1 1 1 1 1 1 1 1 1 1 1 1 1 1 1 1 1 1 1 1 1 1 1 1 1 1 1 1 1 1 1 1 1 1 1 1 1 1 1 1 1 1 1 1 1 1 1 1 1 1 1 1 1 1 1 1 1 1 1 1 1 1 1 1 1 1 1 1 1 1 1 1 1 1 1 1 1 1 1 1 1 1 1 1 1 1 1 1 1 1 1 1 1 1 1 1 1 1 1 1 1 1 1 1 1 1 1 1 1 1 1 1 1 1 1 1 1 1 1 1 1 1 1 1 1 1 1 1 1 1 1 1 1 1 1 1 1 1 1 1 1 1 1 1 1 1 1 1 1 1 1 1 1 1 1 1 1 1 1 1 1 1 1 1 1 1 1 1 1 1 1 1 1 1 1 1 1 1 1 1 1 1 1 1 1 1 1 1 1 1 1 1 1 1 1 1 1 1 1 1 1 1 1 1 1 1 1 1 1 1 1 1 1 1 1 1 1 1 1 1 1 1 1 1 1 1 1 1 1 1 1 1 1 1 1 1 1 1 1 1 1 1 1 1 1 1 1 1 1 1 1 100 1 1 16 15 10 12 15 10 12 15 10 12 15 10 12 15 10 100 12 1 1 1 1 1 100 1 100 1 1 1 1 100 1 1 1 1 1 1 100 1 1 100 1 1 100 1 1 1 100 1 100 1 1
staticfield java/util/Arrays $assertionsDisabled Z 1
ciInstanceKlass java/lang/OutOfMemoryError 1 1 26 10 7 12 1 1 1 10 12 1 100 1 1 1 1 5 0 1 1 1 1 1 1 1 1 1
ciMethod java/lang/StringLatin1 equals ([B[B)Z 670 492 2143 0 -1
ciMethod java/lang/StringLatin1 hashCode ([B)I 344 0 7468 0 0
ciMethod java/lang/StringLatin1 inflate ([BI[BII)V 0 0 250 0 -1
ciMethod java/lang/StringLatin1 indexOf ([BIII)I 512 0 14953 0 0
ciMethod java/lang/StringLatin1 indexOfChar ([BIII)I 200 10278 1583 0 -1
ciMethod java/lang/StringLatin1 charAt ([BI)C 596 0 462518 0 0
ciMethod java/lang/StringLatin1 lastIndexOf ([BII)I 202 28912 866 0 448
ciMethod java/lang/StringLatin1 newString ([BII)Ljava/lang/String; 508 0 5406 0 1244
ciMethod java/lang/StringLatin1 replace ([BCC)Ljava/lang/String; 224 6170 790 0 1426
ciMethod java/lang/StringLatin1 canEncode (I)Z 516 0 21534 0 104
ciMethod java/lang/StringLatin1 canEncode (C)Z 668 0 11281 0 104
ciInstanceKlass java/lang/StringUTF16 1 1 638 7 1 7 1 10 7 12 1 1 1 10 7 12 1 1 1 100 1 10 3 7 1 7 1 10 8 1 10 12 1 1 10 12 1 8 1 10 12 1 1 10 12 1 9 12 1 1 10 12 1 1 100 1 8 1 10 12 1 9 12 1 1 9 12 1 10 10 12 1 1 10 12 1 1 10 7 12 1 1 1 10 12 1 10 12 1 1 10 12 1 1 10 12 1 1 10 12 1 1 10 12 1 10 12 1 1 10 12 1 1 10 12 1 1 10 12 1 1 10 12 1 1 10 12 1 10 7 12 1 1 1 10 12 1 1 10 100 12 1 1 1 10 12 1 1 10 12 1 10 12 1 1 10 12 1 1 10 12 1 1 10 12 1 10 12 1 100 1 10 12 1 10 10 12 1 10 12 1 1 10 12 1 10 100 12 1 1 1 10 12 1 1 10 12 10 12 1 1 10 12 1 10 12 1 1 10 12 1 10 12 1 10 12 1 10 12 1 10 100 12 1 1 1 3 10 12 1 10 12 1 10 12 1 10 12 1 10 12 1 10 12 1 1 9 12 1 10 12 1 10 12 10 12 1 1 10 12 1 10 12 1 10 12 1 10 10 12 10 12 10 10 12 1 1 10 12 1 10 12 1 10 12 1 100 1 8 1 8 1 10 12 1 1 100 1 10 10 7 12 1 1 1 10 100 12 1 1 8 1 8 1 8 1 10 12 1 1 10 12 1 1 10 12 10 100 12 1 1 10 12 1 1 10 12 1 1 10 12 1 10 12 10 12 10 12 1 10 12 10 12 1 10 12 1 10 12 1 10 12 1 10 100 12 1 1 1 10 100 12 1 1 1 10 12 1 1 10 12 1 1 11 7 12 1 1 10 12 1 10 12 1 10 12 1 1 10 12 1 5 0 5 0 10 100 12 1 1 1 10 12 1 10 12 10 12 10 7 12 1 1 1 10 7 12 1 1 1 10 12 1 1 1 1 1 1 1 1 1 1 1 1 1 1 1 1 1 1 1 1 1 1 1 1 1 1 1 1 1 1 100 1 1 1 1 1 1 1 1 1 1 1 1 1 1 1 1 1 1 1 1 1 1 1 1 1 1 1 1 1 1 1 1 1 1 1 1 1 1 1 1 1 1 1 1 1 1 1 1 1 1 1 1 1 1 1 1 1 1 1 1 1 1 1 1 1 1 1 1 1 1 1 1 1 1 1 1 1 1 1 1 1 1 1 1 1 1 1 1 1 100 1 1 1 1 1 1 1 1 1 1 1 1 1 1 1 1 1 100 1 1 1 1 1 1 1 1 1 1 1 1 1 1 1 1 1 1 1 1 1 1 1 1 1 1 1 1 1 1 1 1 1 1 1 1 1 1 1 1 1 1 1 1 1 1 1 1 1 1 1 1 1 1 1 1 1 1 1 1 1 100 1 100 1 1 1 1 1
staticfield java/lang/StringUTF16 HI_BYTE_SHIFT I 0
staticfield java/lang/StringUTF16 LO_BYTE_SHIFT I 8
staticfield java/lang/StringUTF16 $assertionsDisabled Z 1
ciMethod java/lang/StringUTF16 checkIndex (I[B)V 66 0 20600 0 -1
ciMethod java/lang/StringUTF16 hashCode ([B)I 0 0 1 0 -1
ciMethod java/lang/StringUTF16 compress ([BII)[B 0 0 450 0 -1
ciMethod java/lang/StringUTF16 indexOf ([BIII)I 0 0 124 0 0
ciMethod java/lang/StringUTF16 indexOfChar ([BIII)I 0 0 124 0 -1
ciMethod java/lang/StringUTF16 getChar ([BI)C 1024 0 11567 0 -1
ciMethod java/lang/StringUTF16 putChar ([BII)V 1024 0 13458 0 -1
ciMethod java/lang/StringUTF16 coderFromArrayLen ([BI)B 334 0 3768 0 -1
ciMethod java/lang/StringUTF16 newBytesFor (I)[B 0 0 4 0 -1
ciMethod java/lang/StringUTF16 charAt ([BI)C 66 0 10443 0 136
ciMethod java/lang/StringUTF16 lastIndexOf ([BII)I 0 0 1 0 -1
ciMethod java/lang/StringUTF16 newString ([BII)Ljava/lang/String; 0 0 248 0 0
ciMethod java/lang/StringUTF16 replace ([BCC)Ljava/lang/String; 0 0 1 0 -1
ciMethod java/lang/StringUTF16 indexOfSupplementary ([BIII)I 0 0 1 0 -1
ciInstanceKlass java/lang/Thread$FieldHolder 1 1 48 10 7 12 1 1 1 9 7 12 1 1 1 9 12 1 1 9 12 1 1 9 12 1 1 9 12 1 1 1 1 1 1 1 1 1 1 100 1 100 1 1 1 1 100 1 1 1
ciInstanceKlass java/lang/Thread$Constants 0 0 59 7 1 10 7 12 1 1 1 100 1 10 10 7 12 1 1 1 7 1 8 1 10 12 1 9 7 12 1 1 1 7 1 7 1 10 12 1 10 12 1 9 12 1 1 1 1 1 1 1 1 1 1 1 1 1 1 1 1
ciInstanceKlass java/lang/ThreadGroup 1 1 404 10 7 12 1 1 1 9 7 12 1 1 1 8 1 9 12 1 1 7 1 9 12 1 1 9 12 1 1 10 7 12 1 1 1 10 12 1 1 10 12 1 10 12 1 10 12 1 10 12 1 1 10 12 1 1 10 12 1 10 12 1 1 10 12 1 10 12 1 10 100 12 1 1 1 10 12 1 1 18 12 1 1 11 7 12 1 1 1 10 7 12 1 1 1 10 7 12 1 10 12 1 1 10 12 1 1 10 12 1 1 10 100 12 1 1 1 10 12 1 11 12 1 1 11 7 12 1 1 11 12 1 1 10 12 1 1 10 12 1 10 12 1 11 12 1 11 12 1 1 10 12 1 100 1 10 18 12 1 1 11 7 12 1 1 1 11 12 1 1 9 12 1 1 10 12 1 1 8 1 10 7 12 1 1 1 10 100 12 1 1 1 10 12 1 1 11 12 10 12 1 1 10 12 1 1 11 7 1 9 12 1 7 1 10 8 1 10 12 1 1 10 12 1 1 8 1 10 12 1 10 7 12 1 1 1 10 12 1 1 10 7 1 8 1 10 8 1 10 12 1 10 12 1 8 1 9 12 1 1 9 12 1 10 100 12 1 1 1 100 9 12 1 1 7 1 9 12 1 10 12 10 12 1 1 100 10 12 9 12 1 10 12 1 100 1 10 11 12 1 1 7 1 10 10 12 1 10 12 1 1 1 1 1 1 1 1 1 1 1 1 1 1 1 1 1 1 3 1 1 1 1 1 1 1 1 1 1 1 1 100 1 1 1 1 1 1 1 1 1 1 1 1 1 1 1 1 1 1 1 1 1 1 1 1 1 1 1 1 1 1 1 1 1 1 1 1 1 1 1 16 15 10 12 16 16 15 10 12 16 15 10 100 12 1 1 1 1 1 100 1 100 1 1
staticfield java/lang/ThreadGroup $assertionsDisabled Z 1
ciInstanceKlass java/lang/Thread$UncaughtExceptionHandler 1 0 16 100 1 100 1 1 1 1 1 1 1 1 100 1 1 1
ciInstanceKlass java/security/AccessControlContext 1 1 375 9 7 12 1 1 1 9 12 1 1 10 100 12 1 1 1 8 1 10 100 12 1 1 1 10 7 12 1 1 1 9 12 1 9 12 1 1 9 12 1 1 10 7 12 1 1 7 1 10 12 1 11 7 12 1 1 1 11 12 1 11 12 1 11 12 1 1 7 1 11 12 1 1 10 12 1 10 7 12 1 1 1 9 100 12 1 1 1 10 7 12 1 1 1 11 100 12 1 1 1 10 7 1 100 1 8 1 10 12 1 10 12 1 1 7 1 10 7 12 1 1 1 9 12 1 9 12 1 9 12 1 9 12 1 1 9 12 1 1 9 12 1 9 12 1 10 7 12 1 1 1 9 12 1 10 12 1 1 10 12 1 1 8 1 10 12 1 1 10 12 1 1 10 7 12 1 1 1 7 1 10 10 12 1 1 10 7 12 1 1 1 10 8 1 10 7 12 1 1 8 1 10 7 12 1 1 8 1 8 1 10 12 1 8 1 10 12 1 8 1 10 12 1 10 12 1 10 12 1 1 8 1 8 1 100 1 10 12 1 10 12 1 1 100 1 10 12 1 8 1 10 12 1 10 12 1 10 8 1 10 12 1 1 10 12 1 1 10 12 1 1 10 12 1 1 10 12 1 10 12 1 11 10 12 1 10 12 1 1 10 10 10 12 1 1 1 1 1 1 1 1 1 1 1 1 1 1 1 1 1 1 1 1 1 1 1 1 100 1 1 1 1 1 1 1 1 1 1 1 1 1 1 1 1 1 1 1 1 1 1 1 1 1 1 1 1 1 1 1 1 1 1 1 1 1 1 1 1 1 1 1 1 1 1 1 1 1 1 1 1 1 3 1 1
instanceKlass java/lang/ThreadBuilders$BoundVirtualThread
instanceKlass java/lang/VirtualThread
ciInstanceKlass java/lang/BaseVirtualThread 0 0 36 10 100 12 1 1 1 100 1 1 1 1 1 1 1 1 1 1 1 1 1 1 1 1 1 1 1 1 100 1 100 1 1 100 1 1
ciInstanceKlass java/lang/VirtualThread 0 0 922 9 7 12 1 1 1 10 7 12 1 1 1 10 100 12 1 1 1 10 7 12 1 1 1 9 12 1 1 9 12 1 1 100 1 10 12 1 9 12 1 1 18 12 1 1 9 12 1 1 10 12 1 1 100 1 10 12 1 10 12 1 1 10 12 1 1 10 12 1 1 10 12 1 10 7 12 1 10 12 1 10 12 1 10 12 1 10 12 1 11 100 12 1 1 1 100 1 10 12 1 1 10 100 12 1 1 1 10 100 12 1 1 1 10 12 1 100 1 10 10 12 1 10 12 1 1 9 12 1 1 10 12 1 1 9 12 1 1 10 12 1 9 12 1 1 9 12 1 100 1 10 10 12 1 10 100 12 1 1 10 9 10 10 12 1 1 10 12 1 1 10 100 12 1 1 10 100 1 10 9 10 10 12 1 7 1 10 12 1 1 10 12 1 10 12 1 10 12 1 1 9 12 1 10 12 1 10 12 1 9 12 1 1 10 12 1 10 12 1 9 12 1 1 10 12 1 10 12 1 10 12 1 11 100 12 1 1 10 12 1 1 10 12 1 1 10 100 1 10 12 1 10 12 1 1 9 12 1 10 12 1 1 10 12 1 1 10 12 1 10 12 1 10 12 1 10 12 9 12 1 1 10 100 12 1 1 10 12 1 10 12 1 1 10 100 12 1 1 10 12 1 100 1 8 1 10 12 1 10 12 1 1 10 12 1 10 12 1 10 100 12 1 1 10 12 1 10 12 1 1 10 12 1 10 12 1 1 10 7 12 1 1 10 12 1 1 10 12 1 1 100 1 10 10 12 1 7 1 9 12 1 1 10 7 12 1 1 10 9 12 1 1 18 9 100 12 1 1 1 11 100 12 1 1 1 11 100 1 11 12 10 12 1 10 12 1 10 12 1 1 10 12 1 100 1 10 10 12 1 10 12 1 1 10 12 1 1 10 12 1 10 12 1 10 12 1 1 10 12 1 10 12 1 1 11 100 12 1 1 11 12 1 10 12 9 100 12 1 1 1 9 12 1 10 12 1 1 9 12 1 9 12 1 9 12 1 7 1 10 10 12 1 1 10 12 1 10 12 7 1 7 1 10 8 1 10 12 1 1 10 12 1 10 12 1 10 10 12 1 8 1 10 10 12 1 10 12 1 10 7 12 1 1 8 1 8 1 10 9 100 12 1 1 1 10 12 1 1 10 12 1 10 10 10 12 9 12 1 10 12 1 1 9 12 1 10 12 1 1 9 12 1 10 12 1 1 18 12 1 1 18 12 1 10 7 12 1 1 1 8 1 10 100 12 1 1 1 10 7 12 1 1 1 18 12 1 10 100 12 1 1 1 100 1 10 12 1 8 1 10 12 1 8 1 10 12 1 1 8 1 8 1 10 100 12 1 1 8 1 10 12 1 8 1 8 1 10 100 12 1 1 1 10 12 1 10 12 1 1 10 12 1 18 12 1 1 18 12 1 1 5 0 9 12 1 10 12 1 18 12 1 100 1 10 12 10 7 12 1 1 10 12 1 1 7 1 8 1 10 10 12 1 10 12 1 1 10 12 1 9 12 1 8 10 12 1 1 8 8 9 12 1 8 10 12 1 1 3 1 3 1 3 1 3 1 3 1 3 1 3 1 3 1 3 1 3 1 3 1 3 3 1 3 1 1 1 1 1 1 1 1 1 1 1 1 1 1 7 1 1 1 1 1 1 1 1 1 1 1 1 1 1 7 1 1 1 1 1 1 1 1 1 1 1 7 1 1 1 1 1 1 1 1 1 1 1 1 1 1 1 1 1 1 1 1 1 1 1 1 1 1 1 1 1 1 1 1 1 1 1 1 1 1 1 1 1 100 1 1 1 1 1 1 1 1 1 1 1 1 1 1 1 1 1 1 1 1 1 1 1 1 1 1 1 1 1 1 1 1 1 1 1 100 1 1 1 1 1 1 1 1 1 1 1 1 1 1 100 1 1 16 15 10 12 15 16 15 10 12 16 15 10 12 16 16 15 10 12 16 15 10 12 16 15 10 12 16 15 10 12 16 1 15 10 100 12 1 1 1 1 1 1 1 7 1 1 100 1 100 1 1
ciInstanceKlass java/lang/ThreadBuilders$BoundVirtualThread 0 0 132 10 7 12 1 1 1 9 7 12 1 1 1 10 7 12 1 1 1 9 12 1 1 10 12 1 1 10 12 1 1 9 12 1 1 10 7 12 1 1 1 10 12 1 1 7 1 8 1 10 12 1 10 12 1 1 10 12 1 1 10 12 1 1 10 7 12 1 1 1 8 1 10 12 1 8 1 10 12 1 1 10 100 12 1 1 9 100 12 1 1 1 10 12 1 1 10 10 12 1 1 1 1 1 1 1 1 1 1 1 1 1 1 1 1 1 1 1 1 1 1 1 1 1 1 1 1 100 1 1 1 1
ciInstanceKlass jdk/internal/vm/ContinuationScope 0 0 50 10 100 12 1 1 1 10 100 12 1 1 1 100 1 9 100 12 1 1 1 10 12 1 1 10 100 12 1 1 1 10 12 1 1 10 12 1 1 1 1 1 1 1 1 1 1 1 1 1
ciInstanceKlass jdk/internal/vm/StackChunk 1 1 32 10 100 12 1 1 1 9 100 12 1 1 1 9 12 1 1 9 12 1 1 1 1 1 1 1 1 1 1 1 1 1
ciInstanceKlass java/lang/Float 1 1 279 7 1 7 1 10 100 12 1 1 1 10 100 12 1 1 1 4 7 1 10 12 1 1 10 12 1 1 8 1 8 1 10 7 12 1 1 1 10 12 1 1 10 12 1 1 10 100 1 4 10 7 12 1 1 9 12 1 1 10 12 1 1 10 12 1 10 10 12 1 1 10 12 1 10 12 1 3 3 100 1 4 4 4 3 10 12 1 1 9 12 1 1 100 1 10 3 3 4 4 10 12 1 3 3 3 10 12 1 1 10 12 1 1 10 12 1 10 100 12 1 1 1 10 12 1 1 10 12 1 1 10 7 12 1 1 1 8 1 10 12 1 1 9 12 1 1 7 1 7 1 7 1 1 1 1 4 1 4 1 1 1 4 1 1 3 1 3 1 3 1 3 1 3 1 1 1 1 5 0 1 1 1 1 1 1 1 1 1 1 100 1 1 1 1 1 1 1 1 1 1 1 1 1 3 1 1 1 1 1 1 1 1 1 1 1 1 1 1 1 1 1 1 1 1 1 1 1 1 1 1 1 1 1 1 1 1 1 1 1 1 1 1 1 1 1 1 1 1 1 1 1 1 1 1 1 1 1 1 1 1 1 1 1 1 1 7 1 1 1 1 1 1 1 100 1 100 1 1
staticfield java/lang/Float TYPE Ljava/lang/Class; java/lang/Class
staticfield java/lang/Float $assertionsDisabled Z 1
ciMethod java/lang/Float isNaN (F)Z 1024 0 6037 0 0
ciInstanceKlass java/lang/Double 1 1 290 7 1 7 1 10 100 12 1 1 1 10 12 1 1 10 7 1 10 12 1 1 10 100 12 1 1 1 6 0 8 1 10 12 1 1 8 1 10 12 1 1 8 1 6 0 10 12 1 1 100 1 5 0 5 0 8 1 8 1 10 7 12 1 1 1 10 7 12 1 1 1 8 1 10 12 1 1 8 1 8 1 8 1 10 12 1 1 10 12 1 10 12 1 1 10 12 1 10 12 1 10 12 1 1 10 12 1 10 7 1 6 0 10 7 12 1 1 9 12 1 1 10 12 1 10 12 1 10 12 1 10 12 1 10 12 1 5 0 10 12 1 1 10 12 1 10 12 1 10 100 12 1 1 1 10 12 1 1 10 12 1 1 8 1 10 7 12 1 1 1 9 12 1 1 7 1 7 1 7 1 1 1 6 0 1 6 0 1 6 0 1 1 1 6 0 1 1 3 1 3 1 3 1 3 1 3 1 1 1 1 5 0 1 1 1 1 1 1 1 1 1 1 1 1 1 1 1 1 100 1 1 1 1 1 1 1 1 1 1 1 1 3 1 1 1 1 1 1 1 1 1 1 1 1 1 1 1 1 1 1 1 1 1 1 1 1 1 1 1 1 1 1 1 1 1 1 7 1 1 1 1 1 1 1 100 1 100 1 1
staticfield java/lang/Double TYPE Ljava/lang/Class; java/lang/Class
ciInstanceKlass java/lang/Byte 1 1 213 7 1 100 1 10 7 12 1 1 1 9 12 1 1 8 1 9 12 1 1 7 1 10 12 1 1 10 12 1 1 10 100 12 1 1 1 10 100 12 1 1 1 9 7 12 1 1 1 10 12 1 1 100 1 7 1 10 12 1 1 8 1 10 12 1 1 8 1 10 12 1 10 12 1 10 12 1 10 12 1 1 10 12 1 10 12 1 10 12 1 1 10 8 1 8 1 10 7 1 9 12 1 1 10 12 1 1 10 12 1 1 10 12 1 1 10 12 1 5 0 10 12 1 1 8 1 10 7 12 1 1 1 9 12 1 1 7 1 7 1 1 1 3 1 3 1 1 1 1 3 1 3 1 1 5 0 1 1 1 1 1 1 1 1 1 1 1 1 1 1 1 1 1 1 1 1 1 1 1 1 1 1 1 1 1 1 1 1 1 1 1 1 1 1 1 1 1 1 1 1 1 1 1 1 1 1 1 1 1 1 1 1
staticfield java/lang/Byte TYPE Ljava/lang/Class; java/lang/Class
ciMethod java/lang/Byte toUnsignedInt (B)I 1024 0 29227 0 80
ciInstanceKlass java/lang/Short 1 1 222 7 1 7 1 100 1 10 7 12 1 1 1 10 12 1 1 100 1 7 1 10 12 1 1 8 1 10 12 1 1 8 1 10 12 1 10 12 1 10 12 1 10 12 1 1 10 12 1 1 10 12 1 9 12 1 1 8 1 9 12 1 1 7 1 10 12 1 1 10 12 1 10 100 12 1 1 1 10 100 12 1 1 1 9 100 12 1 1 1 10 12 1 10 12 1 1 10 8 1 8 1 10 7 1 9 12 1 1 10 12 1 1 10 12 1 1 10 12 1 1 10 12 1 3 3 5 0 10 12 1 1 8 1 10 7 12 1 1 1 9 12 1 1 7 1 7 1 1 1 3 1 3 1 1 1 1 3 1 3 1 1 5 0 1 1 1 1 1 1 1 1 1 1 1 1 1 1 1 1 1 1 1 1 1 1 1 1 1 1 1 3 1 1 1 1 1 1 1 1 1 1 1 1 1 1 1 1 1 1 1 1 1 1 1 1 1 1 1 1 1 1
staticfield java/lang/Short TYPE Ljava/lang/Class; java/lang/Class
ciInstanceKlass java/lang/Long 1 1 506 7 1 7 1 7 1 7 1 10 12 1 1 9 12 1 1 9 7 12 1 1 1 10 7 12 1 1 1 10 12 1 1 10 100 12 1 1 1 10 10 12 10 12 1 10 12 1 10 12 1 5 0 5 0 7 1 10 12 1 1 10 12 1 1 10 12 1 10 12 1 10 12 1 10 12 1 1 10 100 12 1 1 10 12 1 10 12 1 1 10 12 1 1 10 12 1 1 10 12 1 1 10 7 12 1 1 1 10 12 1 1 10 12 1 10 12 1 10 12 1 10 12 1 1 10 10 12 1 5 0 100 1 8 1 10 12 1 8 1 7 1 10 12 1 10 12 1 1 8 1 10 12 1 1 8 1 10 12 1 1 10 12 1 1 10 12 1 1 5 0 5 0 10 100 12 1 1 1 11 7 1 10 12 1 1 11 10 12 1 1 10 12 1 1 8 1 5 0 10 12 1 1 10 12 1 1 8 1 8 1 10 12 1 8 1 10 12 1 10 12 1 5 0 5 0 9 7 12 1 1 1 10 12 1 10 12 1 1 8 1 8 1 10 12 1 1 8 1 8 1 8 1 8 1 8 1 8 1 10 12 1 10 12 1 10 7 1 9 12 1 1 10 12 1 10 12 1 1 10 12 1 1 10 7 12 1 1 1 100 1 100 1 10 12 1 1 10 12 1 10 12 1 10 12 1 5 0 5 0 5 0 10 12 1 1 10 12 1 5 0 5 0 10 12 10 12 1 10 100 12 1 1 1 10 12 1 1 10 12 1 1 8 1 10 7 12 1 1 1 9 12 1 1 7 1 7 1 7 1 1 1 1 5 0 1 1 1 1 3 1 3 1 5 0 1 1 1 1 1 1 1 1 1 1 100 1 1 1 1 1 1 1 1 1 1 1 1 1 1 1 1 1 1 1 1 1 1 1 1 1 1 1 1 1 1 1 1 1 1 1 1 1 1 1 1 1 1 1 1 1 3 1 1 1 1 1 1 1 1 1 1 1 1 1 1 1 7 1 1 1 1 1 1 1 1 1 1 1 1 1 1 1 1 1 1 1 1 1 1 1 1 1 1 1 1 1 1 1 1 1 1 1 1 1 1 1 1 1 1 1 7 1 1 1 1 1 1 1 1 1 100 1 100 1 1
staticfield java/lang/Long TYPE Ljava/lang/Class; java/lang/Class
ciInstanceKlass jdk/internal/vm/vector/VectorSupport 0 0 575 100 1 10 100 12 1 1 1 9 12 1 1 10 12 1 1 100 1 10 12 1 11 100 12 1 1 1 11 100 12 1 1 1 11 100 12 1 1 11 100 12 1 1 11 100 12 1 1 1 11 100 12 1 1 11 100 12 1 1 11 100 12 1 1 11 100 12 1 1 11 100 12 1 1 11 100 12 1 1 11 100 12 1 1 1 11 100 12 1 1 11 100 12 1 1 1 11 100 12 1 1 1 11 100 12 1 1 11 100 12 1 1 1 11 100 12 1 1 100 1 10 12 1 1 11 100 12 1 1 11 100 12 1 1 11 100 12 1 1 11 100 12 1 1 11 100 12 1 1 11 100 12 1 1 9 12 1 1 10 100 12 1 1 11 100 12 1 1 10 12 1 1 10 100 12 1 1 1 10 12 1 10 12 1 1 10 12 1 1 1 1 1 3 1 3 1 3 1 3 1 3 1 3 1 3 1 3 1 3 1 3 1 3 1 3 1 3 1 3 1 3 1 3 1 3 1 3 1 3 1 3 1 3 1 3 1 3 1 3 1 3 1 3 1 3 1 3 1 3 1 3 1 3 1 3 1 3 1 3 1 3 1 3 1 3 1 3 1 3 1 3 1 3 1 3 1 3 1 3 1 3 1 3 1 3 1 3 1 3 1 3 1 3 1 3 1 3 1 1 1 1 1 1 1 1 1 1 1 1 1 1 1 1 1 1 1 1 1 1 1 1 1 1 1 1 1 1 1 1 1 1 1 1 1 1 1 1 1 1 1 1 1 1 1 1 1 1 1 1 1 1 1 1 1 1 1 1 1 1 1 1 1 1 1 1 1 1 1 1 1 1 1 1 1 1 1 1 1 1 1 1 1 1 1 1 1 1 1 1 1 1 1 1 1 1 1 1 1 1 1 1 1 1 1 1 1 1 1 1 1 1 1 1 1 1 1 1 1 1 1 1 1 1 1 1 1 1 1 1 1 1 1 1 1 1 1 1 1 1 1 1 1 1 1 1 1 1 1 1 1 1 1 1 1 1 1 1 1 1 1 1 1 1 1 1 1 1 1 1 1 1 1 1 1 1 1 1 1 1 1 1 1 1 1 1 1 1 1 1 1 1 1 1 1 1 1 1 1 1 1 1 1 1 1 1 1 1 1 1 1 1 1 1 1 1 1 1 1 1 1 1 1 1 1 1 1 1 1 1 1 1 1 1 1 100 1 100 1 100 1 100 1 100 1 1 1 1 1 1 1 1 1 1 1 1 1 1 1 1 1 1 1 1 1 1 1 1 1 1 1 1 1 1 1
instanceKlass jdk/internal/vm/vector/VectorSupport$VectorShuffle
instanceKlass jdk/internal/vm/vector/VectorSupport$VectorMask
instanceKlass jdk/internal/vm/vector/VectorSupport$Vector
ciInstanceKlass jdk/internal/vm/vector/VectorSupport$VectorPayload 0 0 32 10 100 12 1 1 1 9 100 12 1 1 1 10 100 12 1 1 1 1 1 1 1 1 1 1 1 1 1 1 1 1
ciInstanceKlass jdk/internal/vm/vector/VectorSupport$Vector 0 0 28 10 100 12 1 1 1 100 1 1 1 1 1 1 1 1 1 1 1 1 1 1 1 100 1 1 1 1
ciInstanceKlass jdk/internal/vm/vector/VectorSupport$VectorMask 0 0 28 10 100 12 1 1 1 100 1 1 1 1 1 1 1 1 1 1 1 1 1 1 1 100 1 1 1 1
ciInstanceKlass jdk/internal/vm/vector/VectorSupport$VectorShuffle 0 0 28 10 100 12 1 1 1 100 1 1 1 1 1 1 1 1 1 1 1 1 1 1 1 100 1 1 1 1
ciInstanceKlass jdk/internal/vm/FillerObject 0 0 16 10 100 12 1 1 1 100 1 1 1 1 1 1 1 1
instanceKlass java/lang/ref/PhantomReference
instanceKlass java/lang/ref/FinalReference
instanceKlass java/lang/ref/WeakReference
instanceKlass java/lang/ref/SoftReference
ciInstanceKlass java/lang/ref/Reference 1 1 190 9 7 12 1 1 1 9 7 12 1 1 10 12 1 1 10 12 1 1 9 12 1 1 10 12 1 1 9 12 1 1 9 12 1 1 100 1 10 12 1 10 7 12 1 1 10 12 1 10 12 1 1 10 12 1 7 1 8 1 10 12 1 1 7 1 10 12 1 1 10 12 1 1 10 12 1 9 12 1 10 12 1 1 10 12 1 10 12 1 9 12 1 7 1 100 1 10 12 9 12 1 9 12 1 100 1 10 10 12 1 10 10 7 12 1 1 7 1 10 10 7 12 1 1 1 1 1 1 1 1 1 1 1 1 1 1 1 1 1 1 1 7 1 1 1 100 1 1 1 1 1 1 1 1 1 1 1 1 1 1 1 1 1 1 1 1 1 1 1 1 1 1 1 1 1 1 1 1 1 1 1 7 1 7 1 7 1 1 1
staticfield java/lang/ref/Reference processPendingLock Ljava/lang/Object; java/lang/Object
staticfield java/lang/ref/Reference $assertionsDisabled Z 1
ciMethod java/lang/ref/Reference get ()Ljava/lang/Object; 0 0 1 0 -1
ciMethod java/lang/ref/Reference <init> (Ljava/lang/Object;)V 58 0 1564 0 0
ciMethod java/lang/ref/Reference <init> (Ljava/lang/Object;Ljava/lang/ref/ReferenceQueue;)V 512 0 12575 0 114
instanceKlass sun/security/util/MemoryCache$SoftCacheEntry
instanceKlass sun/util/locale/provider/LocaleResources$ResourceReference
instanceKlass sun/util/resources/Bundles$BundleReference
instanceKlass java/lang/invoke/LambdaFormEditor$Transform
instanceKlass jdk/internal/util/SoftReferenceKey
ciInstanceKlass java/lang/ref/SoftReference 1 1 47 10 7 12 1 1 1 9 7 12 1 1 1 9 12 1 10 12 1 10 12 1 1 1 1 1 1 1 1 1 1 1 1 1 1 1 1 1 1 1 1 100 1 1 1 1 1
ciMethod java/lang/ref/SoftReference get ()Ljava/lang/Object; 456 0 11337 0 0
ciMethod java/lang/ref/SoftReference <init> (Ljava/lang/Object;)V 50 0 865 0 0
instanceKlass concurrentrefhashmap/ConcurrentReferenceHashMap$WeakValueReference
instanceKlass concurrentrefhashmap/ConcurrentReferenceHashMap$WeakKeyReference
instanceKlass java/util/logging/LogManager$LoggerWeakRef
instanceKlass java/util/logging/Level$KnownLevel
instanceKlass java/lang/WeakPairMap$WeakRefPeer
instanceKlass java/lang/ClassValue$Entry
instanceKlass jdk/internal/util/WeakReferenceKey
instanceKlass java/lang/ThreadLocal$ThreadLocalMap$Entry
instanceKlass java/util/WeakHashMap$Entry
ciInstanceKlass java/lang/ref/WeakReference 1 1 31 10 7 12 1 1 1 10 12 1 100 1 1 1 1 1 1 1 1 1 1 1 1 1 1 1 1 1 1 1 1
instanceKlass java/lang/ref/Finalizer
ciInstanceKlass java/lang/ref/FinalReference 1 1 50 10 7 12 1 1 1 10 7 12 1 1 1 10 12 1 1 7 1 8 1 10 12 1 1 1 1 1 1 1 1 1 1 1 1 1 1 1 1 1 1 1 1 1 1 1 1 1 7 1
instanceKlass org/h2/util/CloseWatcher
instanceKlass jdk/internal/ref/PhantomCleanable
instanceKlass jdk/internal/ref/Cleaner
ciInstanceKlass java/lang/ref/PhantomReference 1 1 39 10 100 12 1 1 1 10 7 12 1 1 1 1 1 1 1 1 1 1 1 1 1 1 1 1 1 1 1 1 1 1 1 1 1 1 1 1 1
ciInstanceKlass java/lang/ref/Finalizer 1 1 155 9 7 12 1 1 1 10 7 12 1 1 1 9 12 1 1 9 12 1 1 9 12 1 9 12 1 9 12 1 1 10 12 1 7 1 8 1 10 12 1 10 12 1 1 9 12 1 100 1 10 12 1 7 1 11 100 12 1 1 10 12 1 7 1 10 12 1 100 1 10 12 1 10 7 12 1 1 1 10 100 12 1 1 1 100 1 10 10 12 1 7 1 10 12 1 7 1 10 12 1 1 10 12 1 1 10 12 1 10 7 12 1 1 1 7 1 10 7 1 10 10 12 1 1 1 1 1 1 1 1 1 1 1 1 1 1 1 1 1 1 1 1 1 1 1 1 1 1 1 1 1 1 1 1
staticfield java/lang/ref/Finalizer lock Ljava/lang/Object; java/lang/Object
staticfield java/lang/ref/Finalizer ENABLED Z 1
staticfield java/lang/ref/Finalizer $assertionsDisabled Z 1
instanceKlass org/h2/mvstore/db/MVTable$TraceLockEvent
instanceKlass org/h2/engine/IsolationLevel
instanceKlass org/h2/engine/SessionLocal$State
instanceKlass org/h2/mvstore/MVMap$Decision
instanceKlass java/net/Proxy$Type
instanceKlass java/net/StandardProtocolFamily
instanceKlass org/h2/store/FileLockMethod
instanceKlass org/h2/mode/DefaultNullOrdering
instanceKlass org/h2/api/IntervalQualifier
instanceKlass org/h2/engine/Mode$ViewExpressionNames
instanceKlass org/h2/engine/Mode$ExpressionNames
instanceKlass org/h2/engine/Mode$CharPadding
instanceKlass org/h2/engine/NullsDistinct
instanceKlass org/h2/engine/Mode$ModeEnum
instanceKlass org/eclipse/lsp4j/TextDocumentSyncKind
instanceKlass java/security/cert/CertPathValidatorException$BasicReason
instanceKlass com/google/common/cache/LocalCache$EntryFactory
instanceKlass com/google/common/cache/CacheBuilder$NullListener
instanceKlass com/google/common/cache/CacheBuilder$OneWeigher
instanceKlass com/google/common/cache/LocalCache$Strength
instanceKlass com/sun/org/apache/xerces/internal/impl/XMLScanner$NameType
instanceKlass jdk/xml/internal/JdkProperty$ImplPropMap
instanceKlass com/sun/org/apache/xerces/internal/util/Status
instanceKlass javax/xml/catalog/GroupEntry$PreferType
instanceKlass javax/xml/catalog/CatalogResolver$NotFoundAction
instanceKlass javax/xml/catalog/BaseEntry$CatalogEntryType
instanceKlass javax/xml/catalog/CatalogFeatures$State
instanceKlass com/sun/org/apache/xerces/internal/utils/XMLSecurityPropertyManager$Property
instanceKlass com/sun/org/apache/xerces/internal/utils/XMLSecurityPropertyManager$State
instanceKlass javax/xml/catalog/CatalogFeatures$Feature
instanceKlass jdk/xml/internal/JdkProperty$State
instanceKlass jdk/xml/internal/XMLSecurityManager$Processor
instanceKlass jdk/xml/internal/XMLSecurityManager$Limit
instanceKlass java/util/stream/Collector$Characteristics
instanceKlass java/time/format/TextStyle
instanceKlass java/time/format/ResolverStyle
instanceKlass java/time/format/SignStyle
instanceKlass java/time/format/DateTimeFormatterBuilder$SettingsParser
instanceKlass java/time/temporal/JulianFields$Field
instanceKlass java/time/temporal/IsoFields$Unit
instanceKlass java/time/temporal/IsoFields$Field
instanceKlass java/time/zone/ZoneOffsetTransitionRule$TimeDefinition
instanceKlass java/time/DayOfWeek
instanceKlass java/time/Month
instanceKlass sun/misc/Unsafe$MemoryAccessOption
instanceKlass java/security/DrbgParameters$Capability
instanceKlass concurrentrefhashmap/ConcurrentReferenceHashMap$ReferenceType
instanceKlass ch/epfl/scala/bsp4j/ScalaPlatform
instanceKlass org/eclipse/lsp4j/DiagnosticTag
instanceKlass org/eclipse/lsp4j/PrepareSupportDefaultBehavior
instanceKlass org/eclipse/lsp4j/CodeActionTag
instanceKlass org/eclipse/lsp4j/CompletionItemKind
instanceKlass org/eclipse/lsp4j/CompletionItemTag
instanceKlass org/eclipse/lsp4j/InsertTextMode
instanceKlass org/eclipse/lsp4j/SymbolTag
instanceKlass org/eclipse/lsp4j/SymbolKind
instanceKlass com/google/gson/ReflectionAccessFilter$FilterResult
instanceKlass com/google/gson/stream/JsonToken
instanceKlass com/google/gson/Strictness
instanceKlass jdk/internal/logger/BootstrapLogger$LoggingBackend
instanceKlass com/google/gson/ToNumberPolicy
instanceKlass com/google/gson/FieldNamingPolicy
instanceKlass com/google/gson/LongSerializationPolicy
instanceKlass org/eclipse/lsp4j/MessageType
instanceKlass java/lang/classfile/attribute/StackMapFrameInfo$SimpleVerificationTypeInfo
instanceKlass java/lang/reflect/ProxyGenerator$PrimitiveTypeInfo
instanceKlass java/lang/annotation/RetentionPolicy
instanceKlass jdk/internal/icu/util/CodePointTrie$ValueWidth
instanceKlass jdk/internal/icu/util/CodePointTrie$Type
instanceKlass java/text/Normalizer$Form
instanceKlass java/time/temporal/ChronoUnit
instanceKlass java/time/temporal/ChronoField
instanceKlass sun/security/util/DisabledAlgorithmConstraints$Constraint$Operator
instanceKlass java/lang/System$Logger$Level
instanceKlass sun/security/rsa/RSAUtil$KeyType
instanceKlass sun/security/util/KnownOIDs
instanceKlass sun/util/locale/provider/LocaleProviderAdapter$Type
instanceKlass java/lang/invoke/MethodHandleImpl$ArrayAccess
instanceKlass java/util/stream/MatchOps$MatchKind
instanceKlass jdk/internal/foreign/abi/CapturableState
instanceKlass jdk/internal/foreign/abi/Binding$Cast
instanceKlass jdk/internal/foreign/abi/x64/windows/TypeClass
instanceKlass jdk/internal/foreign/abi/StubLocations
instanceKlass java/lang/classfile/Opcode$Kind
instanceKlass java/lang/classfile/Opcode
instanceKlass java/lang/classfile/TypeKind
instanceKlass jdk/internal/classfile/impl/AbstractPoolEntry$Utf8EntryImpl$State
instanceKlass java/lang/classfile/AttributeMapper$AttributeStability
instanceKlass java/lang/classfile/ClassFile$DeadLabelsOption
instanceKlass java/lang/classfile/ClassFile$DeadCodeOption
instanceKlass java/lang/classfile/ClassFile$ShortJumpsOption
instanceKlass java/lang/classfile/ClassFile$ConstantPoolSharingOption
instanceKlass java/lang/classfile/ClassFile$AttributesProcessingOption
instanceKlass java/lang/classfile/ClassFile$LineNumbersOption
instanceKlass java/lang/classfile/ClassFile$DebugElementsOption
instanceKlass java/lang/classfile/ClassFile$StackMapsOption
instanceKlass jdk/internal/foreign/layout/AbstractGroupLayout$Kind
instanceKlass java/util/stream/StreamShape
instanceKlass java/util/stream/StreamOpFlag$Type
instanceKlass java/util/stream/StreamOpFlag
instanceKlass java/util/Locale$Category
instanceKlass jdk/internal/foreign/SystemLookup$WindowsFallbackSymbols
instanceKlass java/nio/file/AccessMode
instanceKlass jdk/internal/util/OperatingSystem
instanceKlass jdk/internal/foreign/CABI
instanceKlass java/util/regex/Pattern$Qtype
instanceKlass scala/meta/pc/PresentationCompilerConfig$ScalaImportsPlacement
instanceKlass scala/meta/pc/SourcePathMode
instanceKlass scala/meta/pc/ContentType
instanceKlass scala/meta/pc/PresentationCompilerConfig$OverrideDefFormat
instanceKlass java/math/RoundingMode
instanceKlass java/lang/invoke/MethodHandles$Lookup$ClassOption
instanceKlass java/lang/invoke/VarHandle$AccessType
instanceKlass java/lang/invoke/VarHandle$AccessMode
instanceKlass java/lang/invoke/MethodHandleImpl$Intrinsic
instanceKlass java/lang/invoke/LambdaForm$BasicType
instanceKlass java/lang/invoke/LambdaForm$Kind
instanceKlass java/lang/constant/DirectMethodHandleDesc$Kind
instanceKlass sun/invoke/util/Wrapper
instanceKlass java/util/zip/ZipCoder$Comparison
instanceKlass java/nio/file/LinkOption
instanceKlass java/util/concurrent/TimeUnit
instanceKlass sun/nio/fs/WindowsPathType
instanceKlass java/nio/file/StandardOpenOption
instanceKlass jdk/internal/vm/Continuation$Pinned
instanceKlass java/io/File$PathStatus
instanceKlass java/lang/module/ModuleDescriptor$Requires$Modifier
instanceKlass java/lang/reflect/AccessFlag$Location
instanceKlass java/lang/reflect/AccessFlag
instanceKlass java/lang/module/ModuleDescriptor$Modifier
instanceKlass java/util/HexFormat$Case
instanceKlass java/lang/reflect/ClassFileFormatVersion
instanceKlass java/lang/Thread$State
ciInstanceKlass java/lang/Enum 1 1 204 9 7 12 1 1 1 9 12 1 1 10 7 12 1 1 1 9 12 1 10 7 12 1 1 1 100 1 10 10 12 1 1 10 12 1 7 1 10 10 7 12 1 1 10 12 1 1 18 12 1 1 10 100 12 1 1 1 10 12 1 1 11 7 12 1 1 1 100 1 8 1 10 12 1 100 1 7 1 10 8 1 10 12 1 1 10 12 1 1 8 1 10 12 1 10 100 1 8 1 10 10 12 1 1 10 100 12 1 1 1 7 1 7 1 7 1 1 1 1 1 1 1 1 1 1 1 1 1 1 1 1 1 1 1 1 1 1 1 1 1 1 1 1 1 1 1 1 1 1 1 1 1 1 1 1 1 1 1 1 1 1 1 3 1 1 1 1 100 1 7 1 1 100 1 1 1 1 1 1 1 1 1 1 1 16 15 10 12 16 15 10 100 12 1 1 1 1 1 100 1 100 1 1
instanceKlass java/lang/ref/ReferenceQueue$Null
instanceKlass java/lang/ref/NativeReferenceQueue
ciInstanceKlass java/lang/ref/ReferenceQueue 1 1 183 9 7 12 1 1 1 11 7 12 1 1 1 11 12 1 9 7 12 1 1 1 11 12 1 10 7 12 1 1 9 12 1 1 7 1 10 9 12 1 1 10 12 1 1 9 7 12 1 1 1 9 12 1 9 12 1 9 12 1 1 100 1 10 9 12 1 1 9 12 1 7 1 10 100 12 1 1 1 10 12 1 10 12 1 1 10 7 12 1 1 1 10 12 1 5 0 10 10 12 10 12 1 1 10 12 1 10 12 1 1 100 1 8 1 10 12 1 10 12 1 10 12 1 1 10 12 11 100 12 1 1 1 10 7 12 1 1 7 1 10 1 1 1 1 1 1 1 1 1 1 100 1 1 1 1 1 1 1 1 1 1 1 1 1 1 1 7 1 1 1 1 1 1 1 1 1 1 1 1 1 1 1
staticfield java/lang/ref/ReferenceQueue NULL Ljava/lang/ref/ReferenceQueue; java/lang/ref/ReferenceQueue$Null
staticfield java/lang/ref/ReferenceQueue ENQUEUED Ljava/lang/ref/ReferenceQueue; java/lang/ref/ReferenceQueue$Null
staticfield java/lang/ref/ReferenceQueue $assertionsDisabled Z 1
ciInstanceKlass java/lang/reflect/Method 1 1 472 9 7 12 1 1 1 10 7 12 1 1 1 10 7 12 1 1 9 12 1 1 10 12 1 1 10 12 1 1 10 7 12 1 1 10 7 12 1 1 1 9 12 1 1 9 12 1 9 12 1 1 9 12 1 9 12 1 9 12 1 1 9 12 1 9 12 1 1 9 12 1 9 12 1 9 12 1 1 100 1 8 1 10 12 1 10 12 1 9 12 1 1 8 1 10 7 12 1 1 10 7 12 1 1 1 10 12 1 1 10 12 1 1 10 12 1 10 12 1 1 10 12 1 1 9 100 12 1 1 1 10 12 1 1 10 12 10 7 12 1 1 10 12 1 1 10 12 1 10 12 1 10 12 1 10 7 12 1 1 1 10 12 1 1 10 7 1 10 7 12 1 1 1 10 7 12 1 1 10 12 1 1 10 12 1 1 10 12 1 10 7 12 1 1 1 10 12 1 10 8 1 10 12 1 10 12 1 7 1 8 1 8 1 8 1 10 12 1 10 12 1 1 10 12 1 1 10 10 12 1 1 10 12 1 11 7 1 10 12 1 9 12 1 1 10 12 1 1 10 12 1 10 12 1 1 10 12 1 1 11 7 12 1 1 1 11 12 1 9 12 1 1 10 12 1 10 12 1 10 12 1 10 12 1 10 12 1 10 12 1 9 12 1 1 10 7 12 1 1 1 10 7 12 1 1 10 12 1 1 10 7 12 1 1 1 10 7 12 1 1 1 10 7 12 1 1 1 11 7 12 1 1 1 10 7 12 1 1 1 7 1 100 1 100 1 10 12 1 10 12 1 1 10 12 1 100 1 8 1 10 12 1 10 10 12 1 1 10 12 1 1 10 12 1 1 10 12 1 1 8 1 10 12 1 1 1 1 1 1 1 1 1 1 1 1 1 1 1 1 1 1 1 1 1 1 1 1 1 1 1 1 1 1 1 1 1 1 1 1 1 1 1 1 1 1 1 1 1 1 1 1 1 1 1 1 1 100 1 100 1 100 1 1 1 1 1 1 1 1 1 1 1 1 1 1 1 1 1 1 1 1 1 1 1 1 1 1 1 1 1 1
ciInstanceKlass java/lang/reflect/Field 1 1 457 9 7 12 1 1 1 10 12 1 1 10 7 12 1 1 1 10 7 12 1 1 9 12 1 1 10 12 1 1 10 12 1 1 10 7 12 1 1 10 7 12 1 1 1 9 12 1 1 9 12 1 9 12 1 9 12 1 1 9 12 1 1 9 12 1 9 12 1 1 9 12 1 1 100 1 8 1 10 12 1 10 12 1 9 12 1 1 9 12 1 10 12 1 10 7 12 1 1 10 12 1 1 10 12 1 1 10 12 1 10 12 1 1 9 100 12 1 1 1 10 100 12 1 1 1 7 1 10 12 1 1 10 12 1 1 10 12 1 1 10 12 1 10 12 1 10 7 1 10 7 12 1 1 7 1 10 8 1 10 12 1 1 10 12 1 1 8 1 10 12 10 12 1 8 1 8 1 10 11 7 1 9 12 1 10 12 1 1 10 12 1 1 11 7 12 1 1 1 10 12 1 11 12 1 1 11 12 1 1 11 12 1 1 11 12 1 1 11 12 1 1 11 12 1 1 11 12 1 1 11 12 1 1 11 12 1 1 11 12 1 1 11 12 1 1 11 12 1 1 11 12 1 1 11 12 1 1 11 12 1 1 11 12 1 1 11 12 1 1 10 12 1 10 7 12 1 1 10 12 1 10 12 1 10 12 1 9 12 1 1 10 7 12 1 1 1 10 12 1 1 10 12 1 10 7 12 1 1 10 12 1 1 11 7 1 10 12 1 7 1 10 100 12 1 1 1 10 7 12 1 1 1 9 12 1 10 7 12 1 1 1 11 7 12 1 1 1 10 12 1 1 10 12 1 1 9 100 12 1 1 10 100 12 1 1 1 10 12 1 1 7 1 1 1 1 1 1 1 1 1 1 1 1 1 1 1 1 1 1 1 1 1 1 1 1 1 1 1 1 1 1 1 1 1 1 1 1 1 1 1 100 1 1 1 1 1 1 1 1 1 1 1 1 1 1 1 1 1 1 1 1 1 1 1 1 1 1 1 1 1 1 1 1 7 1 1 1 1 1 1 1 1 1 100 1 1
ciInstanceKlass java/lang/reflect/Parameter 1 1 243 10 7 12 1 1 1 9 7 12 1 1 1 9 12 1 1 9 12 1 1 9 12 1 10 12 1 1 10 12 1 1 10 7 12 1 1 1 7 1 10 10 12 1 1 11 7 12 1 1 1 10 12 1 10 7 12 1 1 1 10 12 1 1 10 12 1 10 12 1 8 1 8 1 10 7 12 1 1 1 10 12 1 10 12 9 100 12 1 1 1 10 100 12 1 1 1 10 12 1 8 1 10 12 1 9 12 1 1 10 12 1 1 9 12 1 1 10 12 1 1 10 12 1 1 10 12 1 1 10 12 1 10 10 12 1 10 100 12 1 1 1 10 12 1 1 11 7 12 1 1 10 7 12 1 1 7 1 10 100 12 1 1 1 10 12 1 1 10 12 1 1 10 12 1 1 10 12 1 1 9 12 1 100 1 10 11 12 1 1 11 12 1 1 7 1 1 1 1 1 1 1 1 1 1 1 1 1 1 1 1 1 1 1 1 1 1 1 1 1 1 1 1 1 1 1 1 1 1 1 1 1 1 1 1 1 100 1 1 1 1 1 1
ciInstanceKlass java/lang/reflect/RecordComponent 1 1 196 10 7 12 1 1 1 9 7 12 1 1 1 9 12 1 1 9 12 1 10 12 1 1 10 12 1 1 10 100 12 1 1 1 10 12 1 1 9 12 1 1 10 12 1 1 10 12 1 1 10 12 1 10 100 12 1 1 10 100 12 1 1 9 12 1 1 10 100 12 1 1 1 11 100 12 1 1 1 10 9 100 12 1 1 1 10 100 12 1 1 1 9 12 1 1 10 100 12 1 1 1 10 12 1 1 11 7 12 1 1 10 7 12 1 1 7 1 9 12 1 9 12 1 1 9 12 1 10 100 12 1 1 1 10 12 1 1 10 12 1 1 7 1 10 10 12 1 10 12 1 1 8 1 10 12 1 10 12 1 9 12 1 7 1 1 1 1 1 1 1 1 1 1 1 1 1 1 1 1 1 1 1 1 1 1 7 1 1 1 1 1 1 100 1 1
ciInstanceKlass java/lang/StringBuffer 1 1 487 10 7 12 1 1 1 10 12 1 10 12 1 10 12 1 1 9 7 12 1 1 1 10 12 1 1 10 12 1 10 12 1 1 9 12 1 1 10 12 1 10 12 1 1 10 12 1 1 10 12 1 10 12 1 1 10 12 1 10 12 1 1 10 12 1 1 10 7 12 1 1 1 10 12 1 1 10 12 1 10 12 1 10 12 1 10 12 1 10 12 1 10 12 1 10 12 1 10 12 1 10 12 1 10 12 1 10 12 1 10 12 1 10 12 1 10 12 1 1 10 12 1 10 12 1 1 10 12 1 1 10 10 12 1 1 10 12 1 10 12 1 10 12 1 10 12 1 10 12 1 10 12 1 10 12 10 12 1 10 12 1 10 12 1 10 12 1 1 10 12 1 10 12 1 10 10 12 1 1 10 12 1 10 12 1 10 12 1 8 1 10 12 1 10 10 100 12 1 1 1 10 10 12 1 1 9 12 1 1 10 100 12 1 1 10 100 1 8 10 100 12 1 1 1 8 10 12 1 8 1 10 12 1 10 12 1 10 100 12 1 1 1 10 100 12 1 1 1 7 1 10 12 100 1 8 1 10 10 12 1 1 10 12 1 1 10 12 1 10 12 1 10 12 1 1 10 12 1 10 12 1 10 12 1 10 12 1 10 12 1 10 12 10 12 1 10 12 1 10 12 1 10 12 1 10 12 1 10 12 1 10 12 1 10 12 1 10 12 1 10 12 1 10 12 10 12 10 12 1 10 12 1 10 12 1 10 12 10 12 1 10 12 1 10 12 1 10 12 1 10 12 1 10 12 1 10 12 1 10 12 1 10 12 1 10 12 1 10 12 1 7 1 10 12 1 9 7 12 1 1 1 9 7 1 9 12 1 1 7 1 7 1 7 1 7 1 1 1 1 5 0 1 1 1 1 1 1 1 1 1 1 1 1 1 1 1 1 1 1 1 1 1 1 1 1 1 1 1 1 1 1 1 1 1 1 1 1 1 1 1 1 1 1 1 1 1 1 1 1 1 1 1 1 1 1 1 1 1 1 1 1 100 1 1 1 1 1 7 1 1 1 1 1 1 1 1 1 1 1 1 1 1 1 1 1 1
staticfield java/lang/StringBuffer serialPersistentFields [Ljava/io/ObjectStreamField; 3 [Ljava/io/ObjectStreamField;
instanceKlass jdk/internal/loader/BuiltinClassLoader
instanceKlass java/net/URLClassLoader
ciInstanceKlass java/security/SecureClassLoader 1 1 102 10 7 12 1 1 1 7 1 10 12 1 9 7 12 1 1 1 10 12 1 10 12 1 10 12 1 1 10 12 1 1 10 12 1 7 1 10 7 1 10 12 1 7 1 10 12 1 11 7 12 1 1 1 7 1 11 12 1 10 12 1 1 1 1 1 1 1 1 1 1 1 1 1 1 1 1 1 1 1 1 1 1 1 1 1 1 1 1 1 1 1 1 1 1 1 1 100 1 1 1 1
ciMethod java/security/SecureClassLoader getProtectionDomain (Ljava/security/CodeSource;)Ljava/security/ProtectionDomain; 768 0 2541 0 -1
ciMethod java/security/SecureClassLoader defineClass (Ljava/lang/String;Ljava/nio/ByteBuffer;Ljava/security/CodeSource;)Ljava/lang/Class; 0 0 39 0 -1
ciMethod java/security/SecureClassLoader defineClass (Ljava/lang/String;[BIILjava/security/CodeSource;)Ljava/lang/Class; 732 0 2488 0 0
ciInstanceKlass java/net/URLClassLoader 0 0 600 10 7 12 1 1 1 100 1 10 12 1 9 7 12 1 1 1 10 7 12 1 1 1 9 12 1 1 100 1 10 12 1 9 12 1 1 10 12 1 10 10 12 1 10 100 12 1 1 1 10 12 1 1 10 7 12 1 1 1 10 100 12 1 1 1 100 1 10 12 1 1 10 12 1 1 10 12 1 1 100 1 100 1 10 7 12 1 1 1 100 1 8 1 10 12 1 10 7 12 1 1 1 10 12 1 1 10 12 1 1 11 100 12 1 1 1 11 7 12 1 1 1 11 12 1 1 7 1 11 12 1 11 7 12 1 1 10 12 1 11 12 1 11 12 1 1 11 10 12 1 1 10 12 1 1 10 12 1 1 100 1 10 12 1 10 12 1 1 7 1 100 1 10 12 1 1 7 1 10 10 12 1 1 10 100 12 1 1 10 12 1 100 1 7 1 10 8 1 10 12 1 1 8 1 10 12 1 1 10 10 12 1 8 1 8 1 10 12 1 1 10 7 12 1 1 1 10 100 12 1 1 1 10 12 1 1 10 12 1 1 10 12 1 1 10 12 1 10 12 1 100 1 100 1 8 1 10 12 1 10 12 1 1 10 12 1 1 7 1 10 12 1 10 100 12 1 1 1 10 12 1 1 10 12 1 1 10 12 1 1 10 12 1 10 100 12 1 1 1 10 12 1 1 8 1 10 12 1 1 11 100 12 1 1 1 9 100 12 1 1 1 10 100 12 1 1 1 9 12 1 9 12 1 9 12 1 9 12 1 9 12 1 9 12 1 10 7 12 1 1 1 8 1 10 12 1 1 100 1 10 10 12 1 10 12 1 1 10 12 1 1 100 1 10 12 1 10 12 1 1 10 12 1 10 12 1 1 100 1 10 100 12 1 1 9 100 12 1 1 1 10 12 1 8 1 100 1 8 1 10 12 1 10 12 1 8 1 10 12 1 10 12 1 9 12 1 1 10 100 12 1 1 10 12 1 10 12 1 10 100 1 8 1 10 100 1 10 12 1 10 100 12 1 100 1 10 12 1 10 12 1 100 1 10 10 7 12 1 1 1 1 1 1 1 1 1 1 1 1 1 1 1 1 1 1 1 1 1 1 1 1 1 1 1 1 1 1 1 1 1 1 1 1 1 7 1 100 1 7 1 7 1 1 1 1 1 1 1 1 1 1 1 1 1 1 1 1 1 1 1 1 1 1 1 1 1 1 1 1 1 1 1 1 1 1 1 1 1 1 1 1 1 1 1 1 1 1 100 1 1 1 1 1 1 1 1 1 1 1 1 1 1 1 1 1 1 1 1 1 1 1 1 1 1 1 1 1 1 1 1 1 1 1 1 1 100 1 1 1
ciInstanceKlass java/util/jar/Manifest 1 1 320 10 7 12 1 1 1 7 1 10 9 7 12 1 1 1 7 1 10 9 12 1 1 9 12 1 1 10 12 1 10 12 1 1 10 12 1 1 10 12 1 1 10 12 1 1 11 7 1 11 12 1 1 10 12 1 1 10 100 12 1 1 1 100 1 7 1 10 8 1 10 12 1 1 10 12 1 1 10 12 1 10 12 1 11 100 1 10 12 1 10 12 1 1 11 12 1 1 10 12 1 11 12 1 1 11 100 12 1 1 1 11 7 12 1 1 11 12 1 1 100 1 10 12 1 8 1 11 12 1 7 1 10 12 1 1 11 12 1 10 12 1 10 12 1 10 9 7 12 1 1 1 10 12 1 1 10 100 12 1 10 12 1 10 12 1 9 100 12 1 1 1 8 1 10 12 1 8 1 8 1 7 1 10 12 1 10 12 1 10 12 1 1 100 1 8 1 10 12 1 1 8 1 10 10 12 1 1 8 1 10 12 1 1 10 7 12 1 1 1 10 12 1 10 11 12 1 1 10 12 1 1 10 7 12 1 1 1 10 12 1 1 10 12 1 10 12 1 1 11 10 12 1 11 10 12 1 7 1 1 1 1 1 1 1 1 1 1 1 1 1 1 1 1 1 1 1 1 1 1 1 1 1 1 1 1 1 1 1 1 1 1 1 100 1 1 1 1 1 1 1 1 1 1 1 1 1 1 7 1 1 1 1 1 1 1 1 1 1 1
ciMethod java/util/jar/Manifest getTrustedAttributes (Ljava/lang/String;)Ljava/util/jar/Attributes; 542 0 2499 0 0
ciMethod java/util/jar/Manifest getMainAttributes ()Ljava/util/jar/Attributes; 258 0 129 0 0
ciMethod java/util/jar/Manifest getEntries ()Ljava/util/Map; 5798 0 2899 0 -1
ciMethod java/util/jar/Manifest getAttributes (Ljava/lang/String;)Ljava/util/jar/Attributes; 1024 0 7143 0 -1
ciMethod java/util/jar/Manifest <init> (Ljava/util/jar/JarVerifier;Ljava/io/InputStream;Ljava/lang/String;)V 4 0 50 0 0
ciMethod java/util/jar/Manifest <init> (Ljava/io/InputStream;Ljava/lang/String;)V 4 0 47 0 0
ciMethod java/util/jar/Manifest read (Ljava/io/InputStream;Ljava/lang/String;)V 108 9462 54 0 -1
ciMethod java/util/jar/Manifest parseName ([BI)Ljava/lang/String; 1024 0 4413 0 -1
ciInstanceKlass java/io/ByteArrayInputStream 1 1 135 10 7 12 1 1 1 9 7 12 1 1 1 9 12 1 1 9 12 1 9 12 1 10 100 12 1 1 1 10 7 12 1 1 1 10 7 12 1 1 1 10 100 12 1 1 1 10 12 1 1 10 100 12 1 1 1 100 1 100 1 100 1 3 10 100 1 10 100 12 1 1 1 9 12 1 1 100 1 10 10 7 12 1 1 1 1 1 1 1 1 1 1 1 1 1 1 1 1 1 1 1 1 1 1 1 1 1 1 1 1 1 1 1 1 1 1 1 100 1 100 1 1 1 1 1 1 1 1 1 1 1 1 1 1
staticfield java/io/ByteArrayInputStream $assertionsDisabled Z 1
ciMethod java/io/ByteArrayInputStream <init> ([B)V 64 0 41 0 0
instanceKlass java/nio/IntBuffer
instanceKlass java/nio/CharBuffer
instanceKlass java/nio/LongBuffer
instanceKlass java/nio/ByteBuffer
ciInstanceKlass java/nio/Buffer 1 1 256 100 1 10 7 12 1 1 1 9 7 12 1 1 1 9 12 1 9 12 1 1 9 12 1 9 12 1 1 10 12 1 1 10 12 1 1 10 12 100 1 7 1 10 8 1 10 12 1 1 10 12 1 8 1 8 1 10 12 1 1 10 12 1 8 1 9 12 1 1 100 1 8 1 10 12 1 8 1 8 1 9 12 10 12 1 8 1 8 1 8 1 10 12 1 8 1 8 1 8 1 100 1 10 100 1 10 100 1 10 9 12 1 1 10 7 12 1 1 1 100 1 10 12 1 1 10 12 1 10 100 12 1 1 10 7 12 1 1 1 10 7 12 1 1 1 9 12 1 1 10 7 12 1 1 1 9 12 1 1 7 1 10 10 12 1 1 7 1 10 10 7 12 1 1 1 1 1 3 1 1 1 1 1 1 1 1 1 1 1 1 1 1 100 1 1 1 1 1 1 1 7 1 1 1 1 1 1 1 1 1 1 1 1 1 1 1 1 1 1 1 1 1 1 1 1 1 1 1 1 1 1 1 1 1 1 1 1 1 1 1 100 1 100 1 100 1 100 1 100 1 100 1 100 1 1
staticfield java/nio/Buffer UNSAFE Ljdk/internal/misc/Unsafe; jdk/internal/misc/Unsafe
staticfield java/nio/Buffer SCOPED_MEMORY_ACCESS Ljdk/internal/misc/ScopedMemoryAccess; jdk/internal/misc/ScopedMemoryAccess
staticfield java/nio/Buffer IOOBE_FORMATTER Ljava/util/function/BiFunction; jdk/internal/util/Preconditions$4
staticfield java/nio/Buffer $assertionsDisabled Z 1
ciInstanceKlass jdk/internal/util/Preconditions 1 1 194 10 7 12 1 1 1 11 7 12 1 1 1 11 100 12 1 1 1 7 1 100 1 10 7 12 1 1 1 10 12 1 8 1 7 1 10 7 12 1 1 1 10 12 1 1 8 1 8 1 10 7 12 1 1 7 1 10 12 1 8 1 10 7 12 1 1 1 8 1 10 12 1 1 10 12 1 1 11 12 1 8 1 8 1 11 12 1 1 8 1 8 1 8 1 10 12 1 1 10 12 1 1 10 12 1 10 12 1 10 12 1 10 12 7 1 10 10 12 1 1 9 12 1 1 7 1 10 9 12 1 7 1 10 9 12 1 1 1 1 1 1 1 1 1 1 1 1 1 1 1 1 1 1 1 1 1 1 1 1 1 1 1 1 1 1 1 1 1 1 1 1 1 1 1 1 1 1 1 1 1 1 1 1 1 1 1 1 1 1 1 1 1 1
staticfield jdk/internal/util/Preconditions SIOOBE_FORMATTER Ljava/util/function/BiFunction; jdk/internal/util/Preconditions$4
staticfield jdk/internal/util/Preconditions AIOOBE_FORMATTER Ljava/util/function/BiFunction; jdk/internal/util/Preconditions$4
staticfield jdk/internal/util/Preconditions IOOBE_FORMATTER Ljava/util/function/BiFunction; jdk/internal/util/Preconditions$4
ciInstanceKlass java/util/List 1 1 251 10 100 12 1 1 1 11 100 12 1 1 1 11 100 12 1 1 1 11 12 1 1 11 100 12 1 1 11 12 1 1 11 12 1 1 10 100 12 1 1 1 7 1 7 1 10 12 1 1 100 1 10 100 12 1 1 1 11 12 1 1 11 12 1 11 12 1 100 1 10 12 1 11 12 1 1 11 12 1 1 11 12 1 10 7 12 1 1 1 9 7 12 1 1 1 7 1 10 12 10 12 1 7 1 10 12 1 1 10 12 1 10 12 1 1 11 12 1 1 100 1 1 1 1 1 1 1 1 1 1 1 1 1 1 1 1 1 1 1 1 1 1 1 1 1 1 1 1 1 1 1 1 1 1 1 1 1 1 1 1 1 1 1 1 100 1 100 1 1 1 1 1 1 1 1 1 1 1 1 1 1 1 1 1 1 1 1 1 1 1 1 1 1 1 1 1 1 1 1 1 1 1 1 1 1 1 1 1 1 1 1 1 1 1 1 1 1 1 1 1 1 1 1 1 1 1 1 1 1 1 1 1 1 1 1 1 1 1 1 1 1 1 1 100 1 1 100 1 1 1
instanceKlass org/h2/mvstore/MVStoreException
instanceKlass java/nio/file/FileSystemNotFoundException
instanceKlass java/util/concurrent/RejectedExecutionException
instanceKlass org/h2/message/DbException
instanceKlass java/io/UncheckedIOException
instanceKlass scala/meta/internal/metals/Interruptable$MetalsCancelException$
instanceKlass org/eclipse/text/edits/MalformedTreeException
instanceKlass com/google/common/util/concurrent/UncheckedExecutionException
instanceKlass com/google/common/cache/CacheLoader$InvalidCacheLoadException
instanceKlass com/github/plokhotnyuk/jsoniter_scala/core/JsonReaderException
instanceKlass com/typesafe/config/ConfigException
instanceKlass coursier/core/shaded/jsoniter/core/JsonReaderException
instanceKlass org/scalafmt/interfaces/ScalafmtException
instanceKlass scala/meta/internal/metals/BatchedFunction$BatchedFunctionCancelation
instanceKlass org/flywaydb/core/api/FlywayException
instanceKlass java/util/ConcurrentModificationException
instanceKlass org/eclipse/lsp4j/jsonrpc/ResponseErrorException
instanceKlass org/eclipse/lsp4j/jsonrpc/JsonRpcException
instanceKlass org/eclipse/lsp4j/jsonrpc/MessageIssueException
instanceKlass com/google/gson/JsonParseException
instanceKlass java/lang/reflect/UndeclaredThrowableException
instanceKlass java/nio/file/FileSystemAlreadyExistsException
instanceKlass java/lang/WrongThreadException
instanceKlass java/lang/IllegalStateException
instanceKlass java/lang/IndexOutOfBoundsException
instanceKlass java/util/NoSuchElementException
instanceKlass java/lang/UnsupportedOperationException
instanceKlass java/lang/SecurityException
instanceKlass scala/MatchError
instanceKlass java/lang/IllegalArgumentException
instanceKlass java/lang/ArithmeticException
instanceKlass java/lang/NullPointerException
instanceKlass java/lang/IllegalMonitorStateException
instanceKlass java/lang/ArrayStoreException
instanceKlass java/lang/ClassCastException
ciInstanceKlass java/lang/RuntimeException 1 1 40 10 7 12 1 1 1 10 12 1 10 12 1 10 12 1 10 12 1 100 1 1 1 1 5 0 1 1 1 1 1 1 1 1 1 1 1 1 1 1
ciInstanceKlass jdk/internal/util/Preconditions$4 1 1 61 9 7 12 1 1 1 10 7 12 1 1 1 10 100 12 1 1 1 11 100 12 1 1 1 100 1 100 1 100 1 10 12 1 100 1 1 1 1 1 1 1 1 1 1 1 1 1 1 1 1 1 1 1 1 1 12 1 1 1 1
ciInstanceKlass java/util/function/BiFunction 1 1 65 10 100 12 1 1 1 18 12 1 1 11 7 12 1 1 11 100 12 1 7 1 1 1 1 1 1 1 1 1 1 1 1 1 1 1 1 1 1 1 1 1 1 1 1 1 1 1 16 15 11 12 15 10 100 12 1 1 1 1 100 1 100 1 1
ciInstanceKlass java/util/function/Function 1 1 77 10 100 12 1 1 1 18 12 1 1 18 18 12 1 11 7 12 1 7 1 1 1 1 1 1 1 1 1 1 1 1 1 1 1 1 1 1 1 1 1 1 1 1 1 1 1 1 1 1 1 1 1 1 16 15 11 12 15 11 12 15 11 12 15 10 100 12 1 1 1 1 100 1 100 1 1
ciMethod jdk/internal/util/Preconditions checkIndex (IILjava/util/function/BiFunction;)I 988 0 5575 0 -1
ciMethod jdk/internal/util/Preconditions checkFromToIndex (IIILjava/util/function/BiFunction;)I 530 0 11804 0 0
ciMethod jdk/internal/util/Preconditions outOfBoundsCheckFromToIndex (Ljava/util/function/BiFunction;III)Ljava/lang/RuntimeException; 0 0 1 0 -1
ciInstanceKlass java/lang/AssertionStatusDirectives 0 0 24 10 100 12 1 1 1 100 1 1 1 1 1 1 1 1 1 1 1 1 1 1 1 1
instanceKlass jdk/net/UnixDomainPrincipal
instanceKlass java/util/stream/Collectors$CollectorImpl
instanceKlass java/nio/DirectByteBuffer$Deallocator
instanceKlass java/lang/reflect/Executable$ParameterData
instanceKlass jdk/internal/classfile/impl/StackCounter$Target
instanceKlass jdk/internal/classfile/impl/StackMapDecoder$StackMapFrameImpl
instanceKlass jdk/internal/classfile/impl/StackMapDecoder$ObjectVerificationTypeInfoImpl
instanceKlass java/lang/reflect/Proxy$ProxyBuilder$ProxyClassContext
instanceKlass sun/security/pkcs/SignerInfo$AlgorithmInfo
instanceKlass sun/security/pkcs/PKCS9Attribute$AttributeInfo
instanceKlass jdk/internal/misc/ThreadTracker$ThreadRef
instanceKlass jdk/internal/classfile/impl/StackMapGenerator$RawExceptionCatch
instanceKlass jdk/internal/foreign/abi/NativeEntryPoint$CacheKey
instanceKlass jdk/internal/foreign/abi/DowncallLinker$InvocationData
instanceKlass jdk/internal/foreign/abi/x64/windows/CallArranger$Bindings
instanceKlass jdk/internal/foreign/abi/Binding$SegmentOffset
instanceKlass jdk/internal/foreign/abi/Binding$SegmentBase
instanceKlass jdk/internal/foreign/abi/Binding$BufferLoad
instanceKlass jdk/internal/foreign/abi/Binding$VMStore
instanceKlass jdk/internal/foreign/abi/Binding$ShiftRight
instanceKlass jdk/internal/foreign/abi/Binding$ShiftLeft
instanceKlass jdk/internal/foreign/abi/Binding$Dup
instanceKlass jdk/internal/foreign/abi/Binding$BoxAddress
instanceKlass jdk/internal/foreign/abi/Binding$Allocate
instanceKlass jdk/internal/foreign/abi/Binding$Copy
instanceKlass jdk/internal/foreign/abi/Binding$BufferStore
instanceKlass jdk/internal/foreign/abi/Binding$VMLoad
instanceKlass jdk/internal/foreign/abi/LinkerOptions$Critical
instanceKlass jdk/internal/foreign/abi/AbstractLinker$LinkRequest
instanceKlass jdk/internal/foreign/abi/LinkerOptions$FirstVariadicArg
instanceKlass jdk/internal/foreign/abi/LinkerOptions$CaptureCallState
instanceKlass jdk/internal/classfile/impl/ClassHierarchyImpl$ClassHierarchyInfoImpl
instanceKlass java/lang/classfile/ClassHierarchyResolver$1Factory
instanceKlass jdk/internal/classfile/impl/StackMapGenerator$Type
instanceKlass jdk/internal/classfile/impl/AbstractInstruction$SwitchCaseImpl
instanceKlass java/lang/runtime/SwitchBootstraps$1Element
instanceKlass jdk/internal/classfile/impl/DirectCodeBuilder$DeferredLabel
instanceKlass jdk/internal/classfile/impl/ClassFileImpl$AttributeMapperOptionImpl
instanceKlass jdk/internal/classfile/impl/ClassFileImpl$ClassHierarchyResolverOptionImpl
instanceKlass jdk/internal/classfile/impl/ClassFileImpl
instanceKlass jdk/internal/foreign/Utils$BaseAndScale
instanceKlass java/security/SecureClassLoader$CodeSourceKey
instanceKlass jdk/internal/reflect/ReflectionFactory$Config
instanceKlass jdk/internal/foreign/abi/UpcallLinker$CallRegs
instanceKlass jdk/internal/foreign/abi/VMStorage
ciInstanceKlass java/lang/Record 1 1 22 10 7 12 1 1 1 100 1 1 1 1 1 1 1 1 1 1 1 1 1 1
ciMethod java/lang/Record <init> ()V 512 0 4074 0 -1
ciInstanceKlass java/lang/invoke/MethodType 1 1 780 7 1 10 7 12 1 1 1 9 12 1 1 9 12 1 1 9 12 1 1 10 7 12 1 1 1 9 7 12 1 1 8 1 10 100 12 1 1 1 9 7 1 9 7 1 10 12 1 1 7 1 10 8 1 10 12 1 1 10 12 1 10 12 1 1 7 1 8 1 10 12 1 100 1 10 10 12 1 10 12 1 1 10 12 1 1 11 7 12 1 1 1 9 12 1 11 12 1 1 7 10 12 1 1 10 12 1 1 7 1 7 1 10 7 12 1 1 1 10 12 1 10 12 1 9 12 1 1 10 7 12 1 1 10 12 1 1 10 7 12 1 1 1 10 7 12 1 1 1 10 12 1 9 12 1 1 10 12 1 1 10 12 1 1 10 12 1 1 10 12 1 1 10 12 1 1 10 12 1 10 12 1 10 12 1 1 10 12 1 8 1 8 1 10 12 1 1 9 12 1 1 100 1 10 10 12 1 1 10 12 1 10 12 1 1 10 12 1 1 10 12 1 10 12 1 10 12 1 8 1 10 12 1 1 10 100 12 1 1 1 10 12 1 10 12 1 1 10 12 1 10 12 1 10 12 1 1 10 12 1 10 12 1 9 12 1 10 12 1 10 10 12 1 1 10 12 1 9 12 1 1 10 12 1 1 11 12 1 1 10 12 1 1 10 12 1 10 12 1 100 1 8 1 8 1 8 1 10 12 1 10 12 1 10 12 1 1 10 10 12 1 11 12 1 1 11 12 1 10 100 12 1 1 1 9 12 1 10 12 1 10 12 1 1 10 12 1 1 10 12 1 10 12 1 10 100 12 1 1 1 10 12 1 1 10 12 1 10 12 1 10 12 1 10 9 12 1 1 7 1 10 12 1 10 12 1 1 9 100 12 1 1 1 10 7 12 1 1 1 10 7 12 1 1 1 10 12 1 1 10 7 12 1 1 1 10 12 1 1 8 1 10 7 12 1 1 1 11 12 1 1 9 12 1 1 10 12 1 1 10 12 1 10 12 1 1 10 12 1 1 10 7 12 1 1 7 1 10 12 1 1 11 7 12 1 1 18 12 1 1 11 12 1 1 18 12 1 11 12 1 7 1 11 7 12 1 1 10 12 1 100 1 10 12 1 10 100 12 1 1 10 12 1 1 9 12 1 1 9 100 12 1 1 1 10 7 12 1 1 1 9 12 1 10 100 12 1 1 10 12 1 100 10 12 1 1 10 12 1 7 1 10 10 12 1 1 7 1 7 1 9 12 1 1 7 1 7 1 7 1 1 1 5 0 1 1 1 1 1 1 1 3 1 3 1 3 1 1 1 1 1 1 1 1 1 1 1 1 1 1 1 1 1 1 1 1 1 1 1 1 1 1 1 1 1 1 1 1 1 1 1 1 1 1 1 1 1 1 1 1 1 1 1 1 1 1 1 1 1 1 1 1 1 1 1 1 1 1 1 1 1 1 1 1 1 1 1 1 1 1 1 1 1 1 1 1 1 1 1 1 1 1 1 1 1 1 1 1 1 1 1 1 1 1 1 1 1 1 1 1 1 1 1 1 1 1 1 1 1 1 1 1 1 1 1 1 1 1 1 1 1 1 1 1 1 1 100 1 100 1 1 1 1 1 1 1 1 1 1 1 1 1 100 1 1 1 7 1 1 1 1 1 1 1 1 1 1 1 1 1 1 1 1 1 1 1 1 1 1 16 15 10 12 16 16 15 10 12 16 15 10 7 12 1 1 1 1 1 7 1 1 7 1 1 100 1 100 1 1
staticfield java/lang/invoke/MethodType internTable Ljdk/internal/util/ReferencedKeySet; jdk/internal/util/ReferencedKeySet
staticfield java/lang/invoke/MethodType NO_PTYPES [Ljava/lang/Class; 0 [Ljava/lang/Class;
staticfield java/lang/invoke/MethodType objectOnlyTypes [Ljava/lang/invoke/MethodType; 20 [Ljava/lang/invoke/MethodType;
staticfield java/lang/invoke/MethodType METHOD_HANDLE_ARRAY [Ljava/lang/Class; 1 [Ljava/lang/Class;
staticfield java/lang/invoke/MethodType serialPersistentFields [Ljava/io/ObjectStreamField; 0 [Ljava/io/ObjectStreamField;
staticfield java/lang/invoke/MethodType $assertionsDisabled Z 1
ciInstanceKlass java/lang/invoke/TypeDescriptor$OfMethod 1 0 43 100 1 100 1 100 1 1 1 1 1 1 1 1 1 1 1 1 1 1 1 1 1 1 1 1 1 1 1 1 1 1 1 1 1 1 1 1 1 1 100 1 1
instanceKlass java/lang/reflect/InvocationTargetException
instanceKlass java/lang/InstantiationException
instanceKlass java/lang/IllegalAccessException
instanceKlass java/lang/NoSuchFieldException
instanceKlass java/lang/NoSuchMethodException
instanceKlass java/lang/ClassNotFoundException
ciInstanceKlass java/lang/ReflectiveOperationException 1 1 34 10 7 12 1 1 1 10 12 1 10 12 1 10 12 1 100 1 1 1 1 5 0 1 1 1 1 1 1 1 1 1 1 1
instanceKlass java/lang/invoke/NativeMethodHandle
instanceKlass java/lang/invoke/BoundMethodHandle
instanceKlass java/lang/invoke/DelegatingMethodHandle
instanceKlass java/lang/invoke/DirectMethodHandle
ciInstanceKlass java/lang/invoke/MethodHandle 1 1 734 100 1 9 7 12 1 1 1 10 7 12 1 1 1 10 7 12 1 1 1 7 1 7 1 10 12 1 1 9 12 1 1 10 12 1 10 12 1 1 10 12 1 1 10 100 12 1 1 1 10 12 1 1 10 12 1 1 11 7 12 1 1 1 10 12 1 1 10 12 1 10 12 1 9 12 1 1 9 12 1 1 10 7 12 1 1 1 10 12 1 10 12 1 1 10 12 1 10 12 1 100 1 7 1 10 8 1 10 12 1 1 10 12 1 8 1 10 12 1 1 10 12 1 10 7 12 1 1 1 10 12 1 1 10 12 1 1 10 12 1 1 10 7 12 1 1 1 10 12 1 1 10 12 1 1 10 12 1 10 12 1 1 10 7 12 1 1 10 7 12 1 1 10 12 1 10 12 1 10 12 1 1 10 12 1 1 10 12 1 1 10 12 1 1 10 7 12 1 1 1 10 100 12 1 1 1 10 12 1 1 10 12 1 1 10 12 1 1 8 1 10 7 12 1 1 1 8 1 10 12 1 10 12 1 1 10 12 1 1 10 12 1 8 1 10 12 1 1 8 1 10 12 1 8 1 10 7 12 1 1 1 9 12 1 1 100 1 10 9 7 12 1 1 1 9 7 1 8 1 10 12 1 1 10 12 1 10 12 1 1 10 12 1 10 12 1 1 10 12 1 10 12 1 1 10 12 1 10 12 1 1 10 12 1 1 8 1 10 12 1 1 8 1 10 12 1 10 12 1 1 10 12 1 10 12 1 10 12 1 1 9 100 12 1 1 1 10 12 1 1 11 12 1 10 12 1 10 12 1 1 10 100 12 1 1 100 1 11 12 1 10 100 1 11 12 1 7 1 10 12 1 11 12 1 9 100 12 1 1 1 11 12 1 1 11 100 12 1 1 1 10 12 1 1 9 12 1 11 12 1 9 12 1 9 12 1 9 12 1 11 12 1 1 9 12 1 9 12 1 9 12 1 9 12 1 9 12 1 9 12 1 9 12 1 8 1 10 12 1 10 12 1 8 1 10 12 1 10 12 1 10 12 1 1 10 10 10 7 12 1 1 10 12 1 1 100 1 100 1 8 1 8 1 10 10 12 1 1 10 12 1 10 12 1 7 1 10 100 12 1 1 1 10 9 7 12 1 1 1 10 12 1 1 10 12 1 1 8 1 8 1 10 7 12 1 1 9 12 1 9 12 1 1 9 12 1 1 10 12 1 7 1 10 12 1 10 12 1 1 9 12 1 1 9 12 1 1 10 7 12 1 1 1 11 7 12 1 1 9 12 1 10 12 1 1 9 12 1 10 12 1 8 10 12 1 1 8 1 1 1 1 1 1 1 1 7 1 1 1 1 1 1 1 1 1 1 1 1 1 1 1 1 1 1 1 1 1 1 1 1 1 1 1 1 1 1 1 1 100 1 1 1 1 1 1 1 1 1 1 1 1 1 1 1 1 1 1 1 1 1 1 1 1 1 1 1 1 1 1 1 1 1 1 1 1 1 1 1 1 1 1 1 1 1 1 1 1 1 1 1 1 1 1 1 1 1 1 1 1 1 1 1 1 1 1 1 1 1 1 1 1 1 1 1 1 1 1 1 1 1 1 1 1 1 1 100 1 1 100 1 7 1 100 1 1 100 1 1 100 1 1 1 1
staticfield java/lang/invoke/MethodHandle FORM_OFFSET J 24
staticfield java/lang/invoke/MethodHandle UPDATE_OFFSET J 13
staticfield java/lang/invoke/MethodHandle $assertionsDisabled Z 1
instanceKlass org/h2/value/CaseInsensitiveConcurrentMap
ciInstanceKlass java/util/concurrent/ConcurrentHashMap 1 1 1211 7 1 7 1 3 10 12 1 1 3 7 1 10 7 12 1 1 1 7 1 10 7 12 1 1 1 100 1 11 12 1 1 11 12 1 11 12 1 1 9 12 1 1 9 12 1 1 9 12 1 10 7 12 1 1 1 7 1 10 12 1 1 10 12 1 1 10 7 12 1 1 1 4 10 12 1 11 7 12 1 1 1 10 12 1 10 12 1 1 100 1 10 5 0 10 12 1 9 12 1 10 12 1 1 5 0 10 12 1 10 12 1 9 12 1 1 10 12 1 1 9 12 1 9 12 1 1 10 12 1 1 9 12 1 10 12 1 1 9 12 1 1 10 12 1 1 100 1 10 7 1 10 12 1 10 12 1 1 10 12 1 1 10 12 1 1 10 12 1 10 12 1 1 10 12 1 1 100 1 10 12 1 1 7 1 100 1 8 1 10 12 1 10 12 1 1 10 12 1 1 10 10 12 1 11 12 1 1 11 7 12 1 1 1 11 7 12 1 1 1 11 12 1 7 1 11 12 1 11 12 1 10 12 1 1 10 12 1 1 9 12 1 1 10 100 12 1 1 1 9 10 12 1 1 9 12 1 10 12 1 1 5 0 9 12 1 1 7 1 10 12 1 9 12 1 1 7 1 10 12 1 9 12 1 7 1 10 7 1 10 10 12 1 1 8 1 10 12 1 10 12 1 1 11 100 1 10 12 1 10 100 12 1 1 1 8 1 10 100 12 1 1 1 8 1 10 12 1 8 1 10 12 1 10 12 1 1 10 100 12 1 1 10 12 1 10 12 1 10 12 1 9 12 1 9 10 12 1 9 12 1 1 11 100 12 1 1 1 11 7 12 1 1 1 100 1 10 12 11 100 12 1 1 10 11 7 12 1 10 12 1 7 1 10 12 1 100 1 10 10 9 7 12 1 1 1 3 10 7 12 1 1 9 12 1 10 12 1 1 9 12 1 1 9 12 1 10 12 1 1 10 100 12 1 1 9 12 1 9 7 12 1 1 10 12 1 1 10 12 1 3 9 12 1 9 12 1 10 12 1 1 7 1 9 3 9 12 1 7 1 10 12 1 9 12 1 10 12 1 9 12 1 10 12 1 9 12 1 10 100 12 1 1 1 100 10 12 1 7 1 5 0 10 100 12 1 1 100 1 10 12 1 1 10 12 1 10 12 1 100 1 10 12 1 10 100 1 100 1 10 10 12 1 10 100 1 10 12 1 10 100 1 10 12 1 10 7 1 10 12 1 1 100 1 10 12 1 10 10 12 1 100 1 10 12 1 10 10 12 1 100 1 10 12 1 10 100 1 10 12 1 10 100 1 10 12 1 10 100 1 10 12 1 10 100 1 10 12 1 10 100 1 10 12 1 10 100 1 10 12 1 10 100 1 10 12 1 10 100 1 10 10 100 1 10 10 100 1 10 10 100 1 10 12 1 10 100 1 10 12 1 10 100 1 10 12 1 10 100 1 10 12 1 10 100 1 10 12 1 10 100 1 10 10 100 1 10 10 100 1 10 10 100 1 10 12 1 10 100 1 10 12 1 10 100 1 10 12 1 10 100 1 10 12 1 10 100 1 10 12 1 10 10 12 1 10 7 12 1 1 1 10 12 1 7 1 7 1 10 12 1 9 12 1 1 9 12 1 1 10 12 1 1 8 10 12 1 1 8 8 8 8 7 10 12 1 1 10 12 1 100 1 8 1 10 7 1 7 1 7 1 1 1 5 0 1 1 3 1 3 1 1 1 1 3 1 3 1 3 1 1 1 1 1 3 1 3 1 3 1 1 1 1 1 1 1 1 1 1 1 1 1 1 1 1 1 1 1 1 1 1 1 1 1 100 1 1 1 1 1 1 1 1 1 1 1 1 1 1 1 1 1 1 1 1 1 1 1 1 1 1 1 1 1 1 1 1 1 1 1 1 1 1 1 1 1 1 1 1 1 1 1 1 1 1 1 1 1 1 1 1 1 1 1 1 1 1 1 1 1 1 1 1 1 1 1 1 1 1 1 1 1 1 1 1 1 1 1 1 100 1 1 1 1 1 1 1 1 1 1 1 7 1 1 1 1 1 1 1 1 1 1 1 1 1 1 1 1 1 1 1 1 1 1 1 1 1 1 1 1 1 1 1 1 1 1 1 1 1 1 1 1 1 1 1 1 1 1 1 1 1 1 1 1 1 1 1 1 1 1 1 1 1 1 1 1 1 1 1 1 1 1 1 1 1 1 1 1 1 1 1 1 1 1 1 1 1 1 1 1 1 1 1 1 1 1 1 1 1 1 1 1 1 1 1 1 1 1 1 1 1 1 1 1 1 1 1 1 1 1 1 1 1 1 1 1 1 1 1 1 1 1 1 1 1 1 1 1 1 1 1 1 1 1 1 1 1 1 1 1 1 1 1 1 1 1 1 1 1 1 1 1 1 1 1 1 1 1 1 1 1 1 1 1 1 1 1 1 1 1 1 1 1 1 1 1 1 1 1 1 1 1 1 1 1 1 1 1 1 1 1 1 1 1 1 1 1 1 1 1 1 1 1 1 1 1 1 1 1 1 1 1 1 1 1 100 1 100 1 100 1 100 1 100 1 100 1 100 1 100 1 100 1 1 1 1 1 1 1 1 1 1 1 1 1 1 1 1 1 1 1 1 1 1 1 1 1 1 1 1 1 1 1 1 1 1 1 1 1 1 1 1 1 1 1 1 1 1 1 1 1 1 1 1 1 1 1 1 1 1
staticfield java/util/concurrent/ConcurrentHashMap NCPU I 20
staticfield java/util/concurrent/ConcurrentHashMap serialPersistentFields [Ljava/io/ObjectStreamField; 3 [Ljava/io/ObjectStreamField;
staticfield java/util/concurrent/ConcurrentHashMap U Ljdk/internal/misc/Unsafe; jdk/internal/misc/Unsafe
staticfield java/util/concurrent/ConcurrentHashMap SIZECTL J 12
staticfield java/util/concurrent/ConcurrentHashMap TRANSFERINDEX J 40
staticfield java/util/concurrent/ConcurrentHashMap BASECOUNT J 32
staticfield java/util/concurrent/ConcurrentHashMap CELLSBUSY J 44
staticfield java/util/concurrent/ConcurrentHashMap CELLVALUE J 144
staticfield java/util/concurrent/ConcurrentHashMap ABASE I 16
staticfield java/util/concurrent/ConcurrentHashMap ASHIFT I 3
instanceKlass org/h2/mvstore/tx/TransactionMap
instanceKlass org/h2/mvstore/MVMap
instanceKlass com/google/common/cache/LocalCache
instanceKlass java/util/Collections$SingletonMap
instanceKlass java/util/concurrent/ConcurrentSkipListMap
instanceKlass concurrentrefhashmap/ConcurrentReferenceHashMap
instanceKlass com/google/gson/internal/LinkedTreeMap
instanceKlass java/util/EnumMap
instanceKlass scala/collection/convert/JavaCollectionWrappers$MapWrapper
instanceKlass java/util/TreeMap
instanceKlass java/util/IdentityHashMap
instanceKlass java/util/WeakHashMap
instanceKlass java/util/Collections$EmptyMap
instanceKlass java/util/HashMap
instanceKlass sun/util/PreHashedMap
instanceKlass java/util/ImmutableCollections$AbstractImmutableMap
instanceKlass java/util/concurrent/ConcurrentHashMap
ciInstanceKlass java/util/AbstractMap 1 1 198 10 7 12 1 1 1 10 7 12 1 1 1 11 7 12 1 1 1 10 11 12 1 1 11 7 12 1 1 1 11 12 1 1 7 1 11 12 1 10 12 1 1 11 12 1 100 1 10 11 12 1 11 7 1 10 12 1 1 11 12 1 9 12 1 1 7 1 10 12 1 9 12 1 1 7 1 10 11 11 12 1 1 11 12 1 7 1 100 1 11 12 1 8 1 7 1 10 10 12 1 1 8 1 10 12 1 10 12 1 1 10 12 1 1 1 1 1 1 1 1 1 1 1 1 1 1 1 1 1 1 1 1 1 1 1 1 1 1 1 1 1 1 1 1 1 1 1 1 1 1 1 1 7 1 1 1 1 1 1 1 7 1 1 1 1 1 1 1 1 1 100 1 1 1 1 1 1 1 1 1 100 1 100 1 100 1 100 1 100 1 1 1 1 1 1 1 1
ciMethod java/util/concurrent/ConcurrentHashMap get (Ljava/lang/Object;)Ljava/lang/Object; 514 8 11567 0 603
ciMethod java/util/concurrent/ConcurrentHashMap putIfAbsent (Ljava/lang/Object;Ljava/lang/Object;)Ljava/lang/Object; 1024 0 11742 0 104
ciInstanceKlass java/util/concurrent/ConcurrentMap 1 1 201 11 7 12 1 1 1 10 100 12 1 1 11 12 1 1 11 100 12 1 1 1 11 7 12 1 1 1 11 12 1 1 100 1 11 12 1 11 12 1 100 1 11 100 12 1 1 1 18 12 1 11 12 1 1 11 100 12 1 1 11 12 1 1 11 100 12 1 11 12 1 1 11 12 1 1 7 1 7 1 1 1 1 1 1 1 1 1 1 1 1 1 1 1 1 1 1 1 1 1 1 1 1 1 1 1 1 1 1 1 1 1 1 1 1 1 1 1 1 1 1 1 1 1 1 1 1 1 1 1 1 1 1 1 1 1 1 1 1 16 15 11 12 15 10 100 12 1 1 1 1 1 100 1 100 1 1 1 100 1 8 1 1 12 10 1 8 1 1 1 8 1 8 1 1 8 1 1 1 8 1 1 1 8 1 1 8 1 8 1 1 1 8 1 1 1 8 1 1 8 1
ciInstanceKlass java/util/Collection 1 1 115 11 100 12 1 1 1 100 1 11 7 12 1 1 1 10 7 12 1 1 1 11 12 1 1 11 7 12 1 1 1 11 12 1 1 11 7 12 1 1 1 11 12 1 1 10 100 12 1 1 1 11 12 1 10 7 12 1 1 1 100 1 100 1 1 1 1 1 1 1 1 1 1 1 1 1 1 1 1 1 1 1 1 1 1 1 1 1 1 1 1 1 1 1 1 1 1 1 1 1 1 1 1 1 1 1 1 1 1 1 1 1 1 1 1
ciInstanceKlass jdk/internal/loader/ClassLoaders 1 1 185 10 7 12 1 1 1 10 7 12 1 1 1 10 12 1 1 10 100 12 1 1 1 9 7 12 1 1 1 9 12 1 1 9 12 1 1 7 1 11 100 12 1 1 1 100 1 11 12 1 1 11 12 1 1 10 100 12 1 1 1 10 100 12 1 1 1 100 1 100 1 10 7 12 1 1 1 9 12 1 1 8 1 10 7 12 1 1 1 10 12 1 1 7 1 10 12 1 10 12 1 1 7 1 10 12 1 1 10 12 1 1 10 12 1 7 1 10 12 10 12 1 8 1 10 7 12 1 1 8 1 8 1 10 12 1 7 1 10 10 12 1 10 12 1 1 1 1 1 1 1 1 1 1 1 1 1 1 1 1 1 1 1 1 7 1 1 1 1 1 1 1 1 1 1 1 1 1 1 1 1 1 1 1 1
staticfield jdk/internal/loader/ClassLoaders JLA Ljdk/internal/access/JavaLangAccess; java/lang/System$2
staticfield jdk/internal/loader/ClassLoaders BOOT_LOADER Ljdk/internal/loader/ClassLoaders$BootClassLoader; jdk/internal/loader/ClassLoaders$BootClassLoader
staticfield jdk/internal/loader/ClassLoaders PLATFORM_LOADER Ljdk/internal/loader/ClassLoaders$PlatformClassLoader; jdk/internal/loader/ClassLoaders$PlatformClassLoader
staticfield jdk/internal/loader/ClassLoaders APP_LOADER Ljdk/internal/loader/ClassLoaders$AppClassLoader; jdk/internal/loader/ClassLoaders$AppClassLoader
instanceKlass jdk/internal/loader/ClassLoaders$BootClassLoader
instanceKlass jdk/internal/loader/ClassLoaders$PlatformClassLoader
instanceKlass jdk/internal/loader/ClassLoaders$AppClassLoader
ciInstanceKlass jdk/internal/loader/BuiltinClassLoader 1 1 737 9 7 12 1 1 1 10 7 12 1 1 1 10 7 12 1 1 1 9 12 1 1 9 12 1 1 7 1 10 12 1 9 12 1 10 12 1 9 12 1 10 7 12 1 1 1 10 7 12 1 1 1 10 7 12 1 1 1 11 7 12 1 1 1 7 1 7 1 10 10 12 1 1 8 1 10 12 1 10 12 7 1 10 12 1 10 12 1 1 11 7 12 1 1 1 11 7 12 1 1 1 11 12 1 1 7 1 8 1 8 1 10 9 12 1 1 10 7 12 1 1 11 12 1 1 10 12 1 1 10 12 1 1 10 12 1 1 10 7 12 1 1 1 10 12 1 10 7 12 1 1 1 10 12 1 1 11 7 12 1 1 1 10 7 12 1 1 7 1 10 7 12 1 1 1 10 12 1 100 1 8 1 10 12 1 1 10 8 1 10 12 1 1 10 12 1 1 10 12 1 1 11 7 12 1 1 11 12 1 7 1 10 11 12 1 1 11 10 12 1 1 7 1 10 12 1 10 7 12 1 10 12 1 7 1 10 12 1 10 7 12 1 1 1 100 1 10 12 1 1 11 12 1 7 1 100 1 10 12 1 10 12 1 1 100 1 100 1 10 12 1 10 12 1 18 12 1 1 10 12 1 10 12 1 1 18 100 1 10 7 12 1 1 1 7 1 10 10 12 1 1 10 12 1 1 10 12 1 1 10 12 1 9 12 1 1 100 1 10 10 12 1 1 10 12 1 1 10 12 1 10 12 10 12 1 1 10 12 1 1 10 12 1 1 10 12 1 10 12 1 1 18 12 1 7 1 10 12 1 1 10 12 1 10 12 1 1 10 12 1 100 1 10 12 1 7 1 10 12 1 10 7 12 1 1 1 10 12 1 11 12 1 7 1 10 12 1 7 1 100 1 10 12 1 10 12 1 11 12 1 1 10 12 1 1 10 12 1 1 10 12 1 1 10 12 1 1 10 12 1 10 12 1 10 12 1 10 12 1 8 1 10 12 1 1 10 7 12 1 1 10 12 1 100 1 8 1 8 1 10 10 12 1 8 1 8 1 10 7 12 1 1 1 11 7 12 1 1 1 9 7 12 1 1 1 10 7 12 1 1 1 9 12 1 9 12 1 9 12 1 9 12 1 9 12 1 9 12 1 10 7 12 1 1 1 8 1 10 12 1 7 1 10 12 1 1 10 12 1 7 1 10 11 12 1 1 10 12 10 12 1 10 12 1 100 1 10 12 1 10 12 1 10 10 12 1 10 7 12 1 1 8 1 10 7 12 1 1 10 12 1 1 1 1 1 1 1 1 1 1 1 1 1 1 1 1 1 1 1 1 1 1 1 1 1 1 1 1 1 1 1 1 1 1 1 1 1 1 1 1 1 1 1 1 1 1 1 1 1 1 1 1 1 1 1 1 7 1 1 1 1 1 1 1 1 1 1 1 1 1 1 1 1 1 1 7 1 7 1 1 1 1 1 1 1 1 1 1 1 1 1 1 1 1 1 1 1 1 1 1 1 1 1 1 1 1 1 1 1 1 1 1 1 1 1 1 1 1 1 1 1 1 1 1 1 1 1 1 1 100 1 1 16 15 10 12 16 15 10 12 16 15 10 12 16 1 15 10 100 12 1 1 1 1 1 100 1 1 1 1 1 100 1 100 1 1
staticfield jdk/internal/loader/BuiltinClassLoader packageToModule Ljava/util/Map; java/util/concurrent/ConcurrentHashMap
staticfield jdk/internal/loader/BuiltinClassLoader $assertionsDisabled Z 1
ciMethod jdk/internal/loader/BuiltinClassLoader defineOrCheckPackage (Ljava/lang/String;Ljava/util/jar/Manifest;Ljava/net/URL;)Ljava/lang/Package; 768 0 2488 0 0
ciMethod jdk/internal/loader/BuiltinClassLoader hasClassPath ()Z 444 0 5003 0 0
ciMethod jdk/internal/loader/BuiltinClassLoader loadClassOrNull (Ljava/lang/String;Z)Ljava/lang/Class; 512 0 5376 0 0
ciMethod jdk/internal/loader/BuiltinClassLoader isSealed (Ljava/lang/String;Ljava/util/jar/Manifest;)Z 512 0 2305 0 0
ciMethod jdk/internal/loader/BuiltinClassLoader definePackage (Ljava/lang/String;Ljava/util/jar/Manifest;Ljava/net/URL;)Ljava/lang/Package; 56 0 189 0 0
ciMethod jdk/internal/loader/BuiltinClassLoader defineClass (Ljava/lang/String;Ljdk/internal/loader/Resource;)Ljava/lang/Class; 478 0 2486 0 0
ciMethod jdk/internal/loader/BuiltinClassLoader defineClass (Ljava/lang/String;Ljdk/internal/loader/BuiltinClassLoader$LoadedModule;)Ljava/lang/Class; 0 0 40 0 -1
ciMethod jdk/internal/loader/BuiltinClassLoader findLoadedModule (Ljava/lang/String;)Ljdk/internal/loader/BuiltinClassLoader$LoadedModule; 512 0 5374 0 0
ciMethod jdk/internal/loader/BuiltinClassLoader getAndVerifyPackage (Ljava/lang/String;Ljava/util/jar/Manifest;Ljava/net/URL;)Ljava/lang/Package; 768 0 2497 0 0
ciMethod jdk/internal/loader/BuiltinClassLoader findClassInModuleOrNull (Ljdk/internal/loader/BuiltinClassLoader$LoadedModule;Ljava/lang/String;)Ljava/lang/Class; 0 0 40 0 0
ciMethod jdk/internal/loader/BuiltinClassLoader findClassOnClassPathOrNull (Ljava/lang/String;)Ljava/lang/Class; 222 0 2482 0 0
ciMethod jdk/internal/loader/BuiltinClassLoader loadClassOrNull (Ljava/lang/String;)Ljava/lang/Class; 512 0 5334 0 0
ciInstanceKlass jdk/internal/loader/ClassLoaders$AppClassLoader 1 1 119 8 1 10 7 12 1 1 1 10 7 12 1 1 1 10 7 12 1 1 1 10 12 1 1 10 7 12 1 1 1 10 12 1 1 10 12 1 1 7 1 8 1 10 12 10 7 12 1 1 1 10 7 12 1 1 10 12 1 1 10 12 1 1 10 7 12 1 1 1 7 1 10 12 1 1 1 1 1 1 1 1 1 1 1 1 1 1 1 1 1 1 1 1 1 7 1 1 1 1 1 1 1 1 1 1 1 1 1 1 1 1 1 1 1 7 1 1 1
ciInstanceKlass jdk/internal/loader/ClassLoaders$PlatformClassLoader 1 1 42 8 1 10 7 12 1 1 1 10 7 12 1 1 1 7 1 10 12 1 7 1 1 1 1 1 1 1 1 1 1 1 1 1 1 7 1 1 1 100 1 1
ciInstanceKlass java/lang/ArithmeticException 1 1 26 10 100 12 1 1 1 10 12 1 100 1 1 1 1 5 0 1 1 1 1 1 1 1 1 1
ciInstanceKlass java/lang/ArrayStoreException 1 1 26 10 100 12 1 1 1 10 12 1 100 1 1 1 1 5 0 1 1 1 1 1 1 1 1 1
ciInstanceKlass java/lang/ClassCastException 1 1 26 10 100 12 1 1 1 10 12 1 100 1 1 1 1 5 0 1 1 1 1 1 1 1 1 1
ciInstanceKlass java/lang/ClassNotFoundException 1 1 96 7 1 10 7 12 1 1 1 10 12 1 10 12 1 1 10 100 12 1 1 1 8 1 10 100 12 1 1 1 10 7 12 1 1 10 100 12 1 1 1 10 100 12 1 1 1 10 12 1 1 7 1 10 12 1 9 12 1 1 1 1 1 5 0 1 1 1 1 1 1 1 1 1 1 1 1 1 1 1 1 1 1 100 1 1 1 1 1 1 1 1 1 1 1 1
staticfield java/lang/ClassNotFoundException serialPersistentFields [Ljava/io/ObjectStreamField; 1 [Ljava/io/ObjectStreamField;
instanceKlass java/nio/file/ProviderMismatchException
instanceKlass java/lang/NumberFormatException
ciInstanceKlass java/lang/IllegalArgumentException 1 1 35 10 100 12 1 1 1 10 12 1 10 12 1 10 12 1 100 1 1 1 1 5 0 1 1 1 1 1 1 1 1 1 1 1 1
ciMethod java/lang/IllegalArgumentException <init> (Ljava/lang/String;)V 0 0 1 0 -1
ciInstanceKlass java/lang/IllegalMonitorStateException 1 1 26 10 100 12 1 1 1 10 12 1 100 1 1 1 1 5 0 1 1 1 1 1 1 1 1 1
ciInstanceKlass java/lang/BootstrapMethodError 0 0 45 10 100 12 1 1 1 10 12 1 10 12 1 10 100 12 1 1 1 10 100 12 1 1 1 1 1 1 5 0 1 1 1 1 1 1 1 1 1 1 1 100 1 1 1
instanceKlass java/lang/UnsatisfiedLinkError
instanceKlass java/lang/ExceptionInInitializerError
instanceKlass java/lang/IncompatibleClassChangeError
instanceKlass java/lang/BootstrapMethodError
instanceKlass java/lang/NoClassDefFoundError
ciInstanceKlass java/lang/LinkageError 1 1 31 10 7 12 1 1 1 10 12 1 10 12 1 100 1 1 1 1 5 0 1 1 1 1 1 1 1 1 1 1 1
ciInstanceKlass java/lang/NullPointerException 1 1 52 10 7 12 1 1 1 10 12 1 9 7 12 1 1 1 10 12 1 1 9 12 1 1 10 12 1 1 10 12 1 1 1 1 5 0 1 1 1 1 1 1 1 1 100 1 100 1 100 1 1 1
ciMethod java/lang/NullPointerException <init> ()V 0 0 11 0 -1
ciInstanceKlass java/lang/NoClassDefFoundError 0 0 26 10 100 12 1 1 1 10 12 1 100 1 1 1 1 5 0 1 1 1 1 1 1 1 1 1
ciMethod java/lang/NoClassDefFoundError <init> (Ljava/lang/String;)V 0 0 1 0 -1
ciInstanceKlass java/lang/StackOverflowError 1 1 26 10 100 12 1 1 1 10 12 1 100 1 1 1 1 5 0 1 1 1 1 1 1 1 1 1
ciInstanceKlass java/lang/StackTraceElement 0 0 235 10 7 12 1 1 1 10 7 12 1 1 9 12 1 1 9 12 1 1 9 12 1 9 12 1 8 1 10 100 12 1 1 1 7 1 9 12 1 8 1 9 12 1 9 12 1 9 12 1 1 10 12 1 1 10 12 1 8 1 10 100 12 1 1 1 7 1 10 12 1 10 12 1 1 10 12 1 10 12 1 1 10 12 1 10 12 1 10 10 12 1 8 1 10 12 1 10 12 1 1 10 12 1 1 10 12 1 10 12 1 10 12 1 9 12 1 1 10 7 12 1 1 1 10 12 1 1 7 1 10 12 1 1 10 100 12 1 1 10 100 12 1 1 1 10 7 12 1 1 10 100 12 1 1 10 10 12 1 1 10 12 1 1 10 12 1 1 10 12 1 7 1 1 1 1 1 1 1 3 1 3 1 1 5 0 1 1 1 1 1 1 1 1 1 1 1 1 1 1 1 1 1 1 1 1 1 1 1 1 1 1 1 1 1 7 1 7 1 1 1 1 1 1 1 100 1 1 1 1 1 1 1 1 1
instanceKlass java/util/concurrent/locks/AbstractQueuedSynchronizer
ciInstanceKlass java/util/concurrent/locks/AbstractOwnableSynchronizer 1 1 32 10 7 12 1 1 1 9 7 12 1 1 1 100 1 1 1 1 5 0 1 1 1 1 1 1 1 1 1 1 1 1
instanceKlass sun/util/calendar/ZoneInfoFile$Checksum
ciInstanceKlass java/util/zip/CRC32 1 1 175 10 7 12 1 1 1 9 7 12 1 1 1 10 12 1 1 100 1 10 9 7 12 1 1 1 10 12 1 1 10 12 1 1 10 100 12 1 1 1 10 12 1 9 12 1 1 100 1 10 10 12 1 1 9 7 12 1 1 1 11 100 12 1 1 1 100 1 11 12 1 1 10 12 1 1 11 12 1 10 12 1 10 12 1 1 10 12 1 10 12 1 10 100 12 1 1 10 12 1 10 12 1 1 10 12 1 10 12 1 5 0 10 12 1 10 12 1 10 7 12 1 1 1 10 12 1 1 10 12 1 1 10 12 1 10 7 12 1 1 10 12 1 100 1 1 1 1 1 1 1 1 1 1 1 1 1 1 1 1 1 1 100 1 100 1 1 1 1 1 1 1 1 1 1
staticfield java/util/zip/CRC32 $assertionsDisabled Z 1
ciInstanceKlass java/util/zip/Checksum 1 1 86 11 7 12 1 1 1 10 100 12 1 1 1 10 12 1 9 7 12 1 1 1 100 1 10 12 1 1 10 12 1 1 10 12 1 1 10 12 1 10 12 1 10 100 12 1 1 1 10 12 1 10 12 1 1 10 12 1 100 1 1 1 1 1 1 1 1 1 1 1 1 1 1 1 1 1 1 100 1 1 1 1 1 1 1 1
ciMethod java/util/zip/Checksum update ([B)V 516 0 3375 0 -1
ciMethod java/util/zip/CRC32 getValue ()J 516 0 2679 0 -1
ciMethod java/util/zip/CRC32 <init> ()V 516 0 2505 0 -1
ciInstanceKlass jdk/internal/vm/Continuation 1 1 549 9 7 12 1 1 1 9 12 1 9 12 1 100 1 7 1 10 12 1 1 8 1 10 12 1 1 10 12 1 10 12 1 1 10 12 1 9 7 12 1 1 1 11 100 12 1 1 1 10 7 1 9 12 1 1 9 12 1 1 10 8 1 10 12 1 9 12 1 1 10 11 12 1 1 100 1 10 100 12 1 1 1 10 12 1 1 10 12 1 10 12 1 1 11 12 1 1 9 12 1 1 10 12 1 1 18 12 1 1 10 7 12 1 1 1 100 1 10 12 1 11 100 12 1 1 1 10 12 1 9 12 1 10 12 1 1 100 1 8 1 10 12 1 10 12 1 1 9 12 1 1 11 12 1 1 9 12 1 1 8 1 10 11 12 1 1 11 12 1 1 10 12 1 1 10 12 1 1 9 12 1 10 12 1 10 10 12 1 8 1 10 12 1 8 1 8 1 10 7 12 1 1 1 10 7 12 1 1 1 10 12 1 9 12 1 11 12 1 7 1 10 12 1 10 12 1 1 9 12 1 1 7 1 10 12 1 1 9 12 1 1 10 12 1 10 12 1 11 7 12 1 1 10 7 1 10 12 1 8 1 9 12 1 10 12 1 1 9 12 1 1 10 7 12 1 1 8 1 8 1 8 1 8 1 10 12 1 1 10 12 1 10 12 1 10 12 1 10 12 1 1 10 12 1 1 8 1 10 12 1 1 9 12 1 1 10 12 1 1 9 12 1 8 1 10 7 12 1 1 1 10 12 1 8 1 100 1 8 1 10 9 12 1 1 8 1 10 7 12 1 1 10 100 12 1 1 8 1 8 1 10 12 10 7 12 1 1 1 10 7 1 10 7 12 1 1 1 18 11 100 12 1 1 1 18 12 1 11 12 1 1 7 1 10 7 12 1 1 10 12 1 1 8 10 12 1 1 10 7 12 1 1 1 10 7 12 1 1 10 12 1 8 1 10 12 1 7 1 7 1 10 12 1 1 1 1 1 1 1 1 1 1 1 1 1 1 1 1 1 1 1 1 1 1 1 1 1 1 1 1 1 1 1 1 1 1 1 1 1 1 1 1 1 1 1 1 1 1 1 1 1 1 1 1 1 1 1 1 1 1 1 1 1 1 1 1 1 1 1 1 1 1 1 1 1 1 1 100 1 1 16 1 15 10 12 16 15 11 7 12 1 1 1 16 1 16 1 15 10 12 16 15 10 100 12 1 1 1 1 1 1 1 1 100 1 100 1 1
staticfield jdk/internal/vm/Continuation U Ljdk/internal/misc/Unsafe; jdk/internal/misc/Unsafe
staticfield jdk/internal/vm/Continuation MOUNTED_OFFSET J 13
staticfield jdk/internal/vm/Continuation PRESERVE_SCOPED_VALUE_CACHE Z 1
staticfield jdk/internal/vm/Continuation JLA Ljdk/internal/access/JavaLangAccess; java/lang/System$2
staticfield jdk/internal/vm/Continuation $assertionsDisabled Z 1
ciInstanceKlass jdk/internal/misc/UnsafeConstants 1 1 34 10 100 12 1 1 1 9 7 12 1 1 1 9 12 1 9 12 1 1 9 12 1 9 12 1 1 1 1 1 1 1 1 1
staticfield jdk/internal/misc/UnsafeConstants ADDRESS_SIZE0 I 8
staticfield jdk/internal/misc/UnsafeConstants PAGE_SIZE I 4096
staticfield jdk/internal/misc/UnsafeConstants BIG_ENDIAN Z 0
staticfield jdk/internal/misc/UnsafeConstants UNALIGNED_ACCESS Z 1
staticfield jdk/internal/misc/UnsafeConstants DATA_CACHE_LINE_FLUSH_SIZE I 0
instanceKlass org/h2/value/CaseInsensitiveMap
instanceKlass java/lang/ProcessEnvironment
instanceKlass java/util/LinkedHashMap
ciInstanceKlass java/util/HashMap 1 1 629 10 7 12 1 1 1 7 1 10 12 1 1 7 1 10 7 12 1 1 1 100 1 11 12 1 1 11 12 1 11 12 1 1 10 7 12 1 1 1 7 1 3 10 7 12 1 1 1 100 1 7 1 10 8 1 10 12 1 1 10 12 1 10 12 1 1 10 12 1 10 7 12 1 1 1 8 1 10 12 1 9 12 1 1 10 12 1 9 12 1 1 4 10 12 1 10 12 1 1 11 7 12 1 1 9 12 1 1 10 7 12 1 1 1 6 0 10 12 1 1 11 12 1 1 11 7 12 1 1 1 11 7 12 1 1 1 11 12 1 1 7 1 11 12 1 11 12 1 10 12 1 10 12 1 1 9 12 10 12 1 1 9 7 12 1 1 1 9 12 9 12 1 10 12 1 1 9 12 1 7 1 10 12 1 1 10 12 1 1 10 12 1 1 10 12 1 1 10 12 1 1 9 12 1 10 12 1 1 3 4 10 12 1 1 10 12 1 1 9 12 1 1 9 10 12 1 1 10 12 1 1 10 12 1 1 10 12 1 9 12 1 1 7 1 10 12 1 10 12 1 10 100 12 1 1 1 100 1 9 12 1 1 7 1 10 9 12 7 1 10 100 1 10 11 7 12 1 1 1 100 1 10 11 100 12 1 1 11 7 12 1 1 1 10 12 1 100 1 7 1 10 12 1 10 12 1 10 12 1 10 100 12 1 1 10 12 1 1 10 12 1 1 10 100 12 1 1 1 8 10 100 12 1 1 1 100 1 10 4 4 10 12 1 1 10 100 12 1 1 1 10 12 1 8 1 6 0 10 100 12 1 1 1 100 1 11 100 12 1 1 1 10 12 1 10 12 1 10 10 12 1 1 6 0 8 1 10 12 1 10 12 7 1 7 1 1 1 1 5 0 1 3 1 1 1 3 1 3 1 3 1 1 1 1 1 1 1 1 1 1 1 1 1 1 1 1 1 1 1 1 1 1 100 1 1 1 1 1 1 1 1 1 1 1 1 1 1 1 1 1 1 1 1 1 1 1 1 1 1 1 1 1 1 1 1 1 100 1 1 1 1 1 1 1 1 1 1 1 1 1 1 1 1 1 1 1 1 1 1 1 1 1 1 1 1 1 1 1 1 1 1 1 1 1 1 1 1 1 1 1 1 1 1 1 1 1 1 1 7 1 1 1 1 1 1 1 1 1 1 1 1 1 1 1 1 1 1 1 1 1 1 1 1 1 1 1 1 1 1 1 1 1 1 1 1 1 1 1 1 1 1 1 1 1 1 1 1 100 1 1 1 1 1 1 1 1 7 1 1 1 1 1 1 1 1 1 1 1 1 1 1 1 1 1 1 100 1 100 1 100 1 100 1 100 1 100 1 100 1 100 1 1 1 1 1 1 1 1 1 1 1 1 1 1 1 1 1 1
ciMethod java/util/HashMap put (Ljava/lang/Object;Ljava/lang/Object;)Ljava/lang/Object; 888 0 12849 0 -1
ciMethod java/util/HashMap containsKey (Ljava/lang/Object;)Z 6 0 557 0 -1
ciInstanceKlass java/lang/invoke/LambdaForm 1 1 1060 7 1 100 1 10 7 12 1 1 1 9 12 1 1 9 12 1 9 12 1 9 12 1 1 9 12 1 1 9 12 1 1 9 12 1 1 9 12 1 1 9 12 1 10 7 12 1 1 9 12 1 10 12 1 1 100 1 10 10 12 1 1 10 12 1 10 12 1 10 12 1 1 10 12 1 9 12 1 9 12 1 10 12 1 1 10 7 12 1 1 1 10 12 1 1 9 100 12 1 1 1 10 12 1 1 9 7 12 1 1 10 12 1 10 12 1 1 10 12 1 1 10 12 1 1 7 1 10 7 12 1 1 1 10 12 1 1 10 12 1 10 12 1 1 9 12 1 1 9 12 1 9 12 1 1 10 12 1 9 12 1 10 100 12 1 1 1 10 12 1 1 7 1 10 12 1 9 12 1 1 10 7 12 1 1 1 10 12 1 10 12 1 7 1 10 12 1 10 12 1 10 12 1 1 10 12 1 1 10 12 1 10 12 1 10 12 1 10 12 1 1 8 1 10 12 1 10 12 1 10 10 12 1 8 1 8 1 9 12 1 9 12 1 1 10 12 1 1 10 12 1 9 12 1 10 12 1 1 10 7 12 1 1 1 10 12 1 1 10 12 1 10 12 1 10 100 12 1 1 1 9 12 1 10 12 1 8 1 8 1 8 1 8 1 8 1 8 1 8 1 8 1 10 12 1 9 12 1 7 1 10 12 1 1 9 12 1 10 12 1 10 12 1 1 10 12 10 12 1 10 12 1 1 10 12 1 1 10 10 12 1 1 10 12 1 1 7 1 8 1 10 12 1 1 10 12 1 10 12 1 1 10 8 1 10 12 1 1 8 1 8 1 8 1 10 12 1 10 12 1 10 12 1 1 100 1 10 12 1 1 10 12 1 1 10 7 12 1 1 1 10 12 1 1 9 12 1 1 8 1 10 100 12 1 1 1 10 7 12 1 1 10 12 10 12 1 1 10 12 1 1 9 12 1 8 10 12 1 1 100 1 10 12 1 1 10 12 1 9 7 12 1 1 9 7 12 1 1 1 8 1 10 100 12 1 1 10 12 1 1 7 1 7 1 10 10 12 1 1 10 12 1 1 8 1 8 1 7 1 8 1 10 12 10 12 1 10 12 1 10 12 1 1 8 1 8 1 10 12 1 10 12 1 1 8 1 8 1 8 1 7 1 8 1 7 1 8 1 7 1 8 1 10 12 1 8 1 9 10 7 12 1 1 1 10 12 1 9 12 1 1 10 12 1 10 10 12 1 10 12 1 10 12 1 10 12 1 1 10 12 1 10 12 1 1 10 12 1 1 10 12 1 1 10 12 1 1 8 1 100 10 12 1 10 12 1 9 12 1 1 10 7 12 1 1 8 1 8 1 7 1 8 1 8 1 8 1 8 1 8 1 8 1 8 1 8 1 10 12 1 1 10 12 1 1 10 12 1 10 12 1 10 12 1 10 12 1 8 1 8 1 8 1 10 12 1 8 1 10 12 1 8 1 8 1 8 1 8 1 8 1 10 12 1 10 12 1 10 12 1 1 10 7 12 1 1 1 10 12 1 10 12 1 10 12 1 10 12 1 10 12 1 10 12 1 10 12 1 9 12 1 1 8 1 10 12 1 1 9 12 1 1 10 12 1 1 9 12 1 9 12 1 1 9 12 1 9 12 1 1 7 1 10 7 12 1 1 1 9 12 1 10 12 1 10 12 1 8 1 10 12 1 9 12 1 1 7 1 10 7 12 1 1 1 8 1 100 1 10 12 1 9 12 1 9 12 1 10 12 1 10 12 1 10 7 12 1 1 1 10 12 1 9 7 12 1 1 10 12 1 1 10 12 1 10 12 1 10 12 1 9 12 10 12 1 10 10 12 1 9 12 1 9 9 12 1 7 9 12 1 1 10 12 1 1 9 12 1 10 12 1 10 7 1 9 1 1 1 1 3 1 3 1 1 3 1 3 1 1 1 1 1 1 1 1 1 1 1 1 1 1 1 1 1 1 1 1 1 1 1 1 1 1 1 1 1 1 1 1 1 1 1 1 1 1 1 1 1 1 1 1 1 1 1 1 1 1 1 100 1 1 1 1 1 1 1 1 1 1 1 1 1 1 1 1 1 1 1 1 1 1 1 1 1 1 1 1 1 1 1 1 1 1 1 1 1 1 1 1 1 1 1 1 1 1 1 1 1 1 1 1 1 1 1 1 1 1 1 1 1 1 1 100 1 1 1 1 1 1 1 1 1 1 1 1 1 1 1 1 1 1 1 1 1 1 1 1 1 1 1 1 1 1 1 1 1 1 7 1 1 1 1 1 1 1 1 1 1 1 1 1 1 1 1 1 1 1 1 1 1 100 1 1 1 100 1 1 7 1 1 1 1 1 1 1 1 1 1 1
staticfield java/lang/invoke/LambdaForm DEFAULT_CUSTOMIZED Ljava/lang/invoke/MethodHandle; null
staticfield java/lang/invoke/LambdaForm DEFAULT_KIND Ljava/lang/invoke/LambdaForm$Kind; java/lang/invoke/LambdaForm$Kind
staticfield java/lang/invoke/LambdaForm COMPILE_THRESHOLD I 0
staticfield java/lang/invoke/LambdaForm INTERNED_ARGUMENTS [[Ljava/lang/invoke/LambdaForm$Name; 5 [[Ljava/lang/invoke/LambdaForm$Name;
staticfield java/lang/invoke/LambdaForm IMPL_NAMES Ljava/lang/invoke/MemberName$Factory; java/lang/invoke/MemberName$Factory
staticfield java/lang/invoke/LambdaForm LF_identity [Ljava/lang/invoke/LambdaForm; 6 [Ljava/lang/invoke/LambdaForm;
staticfield java/lang/invoke/LambdaForm LF_zero [Ljava/lang/invoke/LambdaForm; 6 [Ljava/lang/invoke/LambdaForm;
staticfield java/lang/invoke/LambdaForm NF_identity [Ljava/lang/invoke/LambdaForm$NamedFunction; 6 [Ljava/lang/invoke/LambdaForm$NamedFunction;
staticfield java/lang/invoke/LambdaForm NF_zero [Ljava/lang/invoke/LambdaForm$NamedFunction; 6 [Ljava/lang/invoke/LambdaForm$NamedFunction;
staticfield java/lang/invoke/LambdaForm createFormsLock Ljava/lang/Object; java/lang/Object
staticfield java/lang/invoke/LambdaForm DEBUG_NAME_COUNTERS Ljava/util/HashMap; null
staticfield java/lang/invoke/LambdaForm DEBUG_NAMES Ljava/util/HashMap; null
staticfield java/lang/invoke/LambdaForm TRACE_INTERPRETER Z 0
staticfield java/lang/invoke/LambdaForm $assertionsDisabled Z 1
ciInstanceKlass java/lang/invoke/MemberName 1 1 728 7 1 7 1 100 1 9 12 1 1 10 7 12 1 1 1 9 12 1 1 10 12 1 1 10 12 1 1 10 12 1 1 10 12 1 10 12 1 1 10 7 12 1 1 1 10 12 1 9 7 12 1 1 10 12 1 7 1 7 1 10 12 1 8 1 10 12 1 1 10 12 1 10 12 1 1 10 12 1 9 12 1 1 8 1 10 100 12 1 1 1 7 1 10 10 12 1 1 100 1 100 1 10 12 1 9 12 1 1 100 1 8 1 10 12 1 10 12 1 10 12 1 10 12 1 10 12 1 1 10 12 1 10 12 1 10 12 1 1 8 1 8 1 10 12 1 8 1 9 12 1 1 3 10 12 1 10 12 1 10 12 1 10 10 7 12 1 1 1 10 12 1 10 12 1 10 12 1 10 12 1 7 1 8 10 12 1 1 10 12 1 1 8 1 9 7 1 8 9 7 1 10 12 1 1 10 12 1 10 12 1 8 1 10 12 1 1 10 12 1 10 12 1 10 12 1 10 12 1 1 7 1 10 12 1 1 10 12 1 8 1 10 12 1 10 12 1 8 1 10 12 1 1 10 12 1 1 7 1 10 12 1 1 10 12 8 1 8 1 7 1 10 12 1 10 100 12 1 1 1 100 1 10 12 10 12 1 10 12 1 10 12 1 10 12 1 10 10 12 1 10 12 1 10 12 1 3 10 12 1 3 10 12 1 3 3 3 3 3 3 10 12 1 3 9 12 1 10 12 1 1 3 10 12 1 10 10 7 12 1 1 1 10 12 1 1 10 7 12 1 1 10 10 12 1 10 12 1 1 10 12 1 10 10 12 1 1 10 12 1 10 12 1 10 12 1 7 1 10 10 10 12 100 1 10 10 10 12 1 1 10 12 1 1 10 10 12 1 8 10 7 1 10 12 1 10 7 1 10 12 1 10 12 1 10 12 1 10 10 12 1 10 12 1 1 10 12 1 1 10 12 1 10 12 1 10 12 1 100 1 10 12 1 1 100 1 8 1 10 7 1 10 12 1 10 12 10 12 1 1 10 12 1 10 12 1 8 1 8 1 8 1 8 1 10 12 1 10 12 1 10 7 12 1 1 1 8 1 8 1 10 12 1 8 1 10 10 10 12 1 10 12 1 8 1 8 1 10 10 12 1 8 1 10 100 12 1 1 1 8 1 100 1 10 12 1 10 12 1 1 10 12 1 8 1 8 1 8 1 8 1 100 1 10 8 1 8 1 8 1 8 1 10 12 1 100 1 100 1 100 1 10 100 1 10 7 1 10 7 12 1 1 1 9 7 12 1 1 1 7 1 7 1 1 1 1 1 1 1 3 1 3 1 3 1 3 1 3 1 3 1 1 1 1 1 1 1 1 3 1 3 1 1 1 1 1 1 1 1 1 1 1 1 1 1 1 1 1 1 1 1 1 1 1 1 1 1 1 1 1 1 1 1 1 1 1 1 1 1 1 1 1 1 1 1 1 1 1 1 1 1 1 1 1 1 1 1 1 1 1 1 1 1 1 1 1 1 1 1 1 1 1 1 1 1 1 1 1 1 1 1 1 1 1 1 1 1 1 1 1 1 1 1 1 1 1 1 1 1 1 7 1 1 1 1 1 1 1 1 1 1 1 1 1 1 1 1
staticfield java/lang/invoke/MemberName $assertionsDisabled Z 1
instanceKlass java/lang/invoke/VarHandleLongs$FieldInstanceReadOnly
instanceKlass java/lang/invoke/VarHandleInts$Array
instanceKlass java/lang/invoke/VarHandleReferences$Array
instanceKlass java/lang/invoke/LazyInitializingVarHandle
instanceKlass java/lang/invoke/VarHandleReferences$FieldStaticReadOnly
instanceKlass java/lang/invoke/VarHandleByteArrayAsDoubles$ByteArrayViewVarHandle
instanceKlass java/lang/invoke/VarHandleByteArrayAsLongs$ByteArrayViewVarHandle
instanceKlass java/lang/invoke/VarHandleByteArrayAsFloats$ByteArrayViewVarHandle
instanceKlass java/lang/invoke/VarHandleByteArrayAsInts$ByteArrayViewVarHandle
instanceKlass java/lang/invoke/VarHandleByteArrayAsChars$ByteArrayViewVarHandle
instanceKlass java/lang/invoke/VarHandleByteArrayAsShorts$ByteArrayViewVarHandle
instanceKlass java/lang/invoke/IndirectVarHandle
instanceKlass java/lang/invoke/VarHandleSegmentViewBase
instanceKlass java/lang/invoke/VarHandleInts$FieldInstanceReadOnly
instanceKlass java/lang/invoke/VarHandleReferences$FieldInstanceReadOnly
instanceKlass java/lang/invoke/VarHandleBooleans$FieldInstanceReadOnly
ciInstanceKlass java/lang/invoke/VarHandle 1 1 474 10 7 12 1 1 1 10 7 12 1 1 9 12 1 1 9 12 1 1 10 12 1 1 8 1 10 12 1 1 10 7 12 1 1 1 10 12 1 1 10 7 12 1 1 1 9 7 12 1 1 1 10 12 1 1 10 7 12 1 1 1 10 12 1 1 9 12 1 10 12 1 9 12 1 1 10 7 12 1 1 10 12 1 9 100 12 1 1 1 9 12 1 1 10 12 1 1 100 1 7 1 10 8 1 10 12 1 1 10 12 1 8 1 10 12 1 10 12 1 9 12 1 1 9 12 1 10 12 1 10 12 1 1 10 12 1 10 10 7 12 1 1 1 10 12 1 1 10 12 1 1 10 7 12 1 1 1 10 100 12 1 1 1 10 100 12 1 1 1 9 12 1 1 9 10 12 1 10 12 1 1 10 12 1 1 10 12 1 10 7 12 1 1 1 9 12 1 1 10 12 1 1 9 12 1 10 12 1 10 12 1 10 7 12 1 1 100 1 10 9 7 12 1 1 1 9 12 1 1 10 7 12 1 1 1 10 12 1 10 12 1 10 12 1 10 12 1 10 12 1 10 12 1 1 8 10 12 1 1 7 1 10 12 1 1 7 1 1 1 1 1 1 1 1 1 1 1 1 1 1 1 1 1 1 1 1 1 1 1 1 1 1 1 1 1 1 1 1 1 1 1 1 1 1 1 1 1 1 1 1 1 1 1 1 1 1 1 1 1 1 1 1 1 1 1 1 1 1 1 1 1 100 1 1 1 1 1 1 1 1 100 1 1 1 1 1 1 1 1 1 1 1 1 100 1 100 1 1 100 1 100 1 100 1 100 1 100 1 100 1 100 1 100 1 100 1 100 1 100 1 100 1 100 1 100 1 100 1 100 1 100 1 100 1 100 1 100 1 100 1 100 1 100 1 100 1 100 1 100 1 100 1 100 1 100 1 100 1 100 1 100 1 100 1 100 1 100 1 100 1 1 1 1 1 1 100 1 1 1 100 1 1 100 1 100 1 100 1 100 1 100 1 100 1 1 1 1 100 1 100 1 100 1 100 1 100 1 100 1 100 1 100 1
staticfield java/lang/invoke/VarHandle VFORM_OFFSET J 16
staticfield java/lang/invoke/VarHandle $assertionsDisabled Z 1
ciInstanceKlass java/lang/Iterable 1 1 62 10 7 12 1 1 1 11 7 12 1 1 1 11 7 12 1 1 1 11 12 1 1 11 7 12 1 1 1 10 100 12 1 1 1 100 1 1 1 1 1 1 1 1 1 1 1 1 1 1 1 1 1 1 1 1 1 1 1 1 1 1
instanceKlass jdk/internal/reflect/DirectMethodHandleAccessor
ciInstanceKlass jdk/internal/reflect/MethodAccessorImpl 1 1 38 10 7 12 1 1 1 10 100 12 1 1 1 100 1 1 1 1 1 1 1 100 1 100 1 1 1 1 1 1 1 1 1 1 1 1 1 1
ciInstanceKlass jdk/internal/reflect/MethodAccessor 1 0 17 100 1 100 1 1 1 1 100 1 100 1 1 1 1 1 1
instanceKlass jdk/internal/reflect/FieldAccessorImpl
instanceKlass jdk/internal/reflect/ConstructorAccessorImpl
instanceKlass jdk/internal/reflect/MethodAccessorImpl
ciInstanceKlass jdk/internal/reflect/MagicAccessorImpl 1 1 16 10 7 12 1 1 1 100 1 1 1 1 1 1 1 1
ciInstanceKlass jdk/internal/reflect/DelegatingClassLoader 0 0 18 10 100 12 1 1 1 100 1 1 1 1 1 1 1 1 1 1
ciInstanceKlass java/util/Objects 1 1 184 10 7 12 1 1 1 100 1 8 1 10 12 1 10 12 1 1 10 7 12 1 1 1 10 12 1 1 10 12 1 10 7 12 1 1 1 10 12 1 1 10 7 12 1 1 1 7 1 10 10 12 1 1 10 7 12 1 1 10 12 1 1 8 1 10 7 12 1 1 1 10 7 12 1 1 1 10 11 100 12 1 1 1 100 1 10 10 12 1 8 1 10 12 1 8 1 100 1 11 12 1 1 8 1 10 7 12 1 1 1 10 12 1 1 10 12 1 10 12 1 10 12 1 10 12 1 1 1 1 1 1 1 1 1 1 1 1 1 1 1 1 1 1 1 1 1 1 1 1 1 1 1 1 1 1 1 1 1 1 1 1 1 1 1 1 1 1 1 1 1 1 1 1 1 1 1 1 1 1 1 1 1 1
ciInstanceKlass jdk/internal/reflect/CallerSensitive 0 0 17 100 1 100 1 100 1 1 1 1 1 1 1 1 1 1 1
ciInstanceKlass jdk/internal/reflect/DirectConstructorHandleAccessor$NativeAccessor 1 1 44 10 7 12 1 1 1 9 7 12 1 1 1 10 12 1 1 1 1 1 1 1 1 1 1 1 1 1 1 1 1 1 100 1 100 1 1 1 1 1 100 1 1 1
ciInstanceKlass jdk/internal/reflect/ConstructorAccessor 1 0 16 100 1 100 1 1 1 1 100 1 100 1 100 1 1 1
instanceKlass jdk/internal/reflect/DirectConstructorHandleAccessor
instanceKlass jdk/internal/reflect/SerializationConstructorAccessorImpl
instanceKlass jdk/internal/reflect/DirectConstructorHandleAccessor$NativeAccessor
ciInstanceKlass jdk/internal/reflect/ConstructorAccessorImpl 1 1 27 10 7 12 1 1 1 100 1 100 1 1 1 1 1 1 1 1 1 100 1 100 1 100 1 1 1
ciInstanceKlass jdk/internal/reflect/SerializationConstructorAccessorImpl 0 0 16 10 100 12 1 1 1 100 1 1 1 1 1 1 1 1
ciInstanceKlass jdk/internal/reflect/ConstantPool 1 1 142 10 7 12 1 1 1 9 7 12 1 1 1 10 12 1 1 10 12 1 1 10 12 1 10 12 1 1 10 12 1 1 10 12 1 10 12 1 1 10 12 1 10 12 1 1 10 12 1 10 12 1 10 12 1 10 12 1 1 10 12 1 1 10 12 1 1 10 12 1 1 10 12 1 10 12 1 1 10 100 12 1 1 1 8 11 7 12 1 1 1 10 7 12 1 1 1 1 1 1 1 1 1 1 1 1 1 1 1 1 1 1 1 1 1 1 1 1 1 1 1 1 1 1 1 1 1 1 1 1 1 1 1 1 1 1 1 1 1 1 1 1
instanceKlass java/lang/invoke/VolatileCallSite
instanceKlass java/lang/invoke/MutableCallSite
instanceKlass java/lang/invoke/ConstantCallSite
ciInstanceKlass java/lang/invoke/CallSite 1 1 308 10 7 12 1 1 1 10 7 12 1 1 1 9 7 12 1 1 1 10 12 1 1 9 12 1 1 10 7 12 1 1 1 10 12 1 7 1 10 12 1 1 10 12 1 1 9 100 12 1 1 1 10 7 12 1 1 10 12 1 1 100 1 7 1 10 10 7 12 1 1 1 10 12 1 1 8 1 10 12 1 10 12 1 1 10 12 1 10 12 1 1 10 12 1 1 10 10 100 12 1 1 10 12 1 1 9 12 1 9 100 12 1 1 1 8 1 10 7 12 1 1 1 10 12 1 1 7 1 10 12 1 1 9 12 1 8 1 100 1 10 12 1 10 12 1 100 1 8 1 10 10 12 1 10 12 1 1 100 1 10 12 1 1 10 12 1 10 12 1 10 12 1 1 10 12 1 1 9 12 1 1 8 10 12 1 1 9 12 1 1 100 1 10 10 12 1 10 7 12 1 1 1 10 12 1 1 10 12 1 1 10 12 1 10 7 12 1 1 1 7 1 8 1 10 10 12 10 12 1 1 7 1 7 1 7 1 8 1 10 12 1 10 7 12 1 1 1 1 1 1 1 1 1 1 1 1 1 1 1 1 1 1 1 1 1 1 1 1 1 1 1 1 1 1 1 1 1 1 1 1 1 1 1 1 1 1 1 1 1 1 1 1 1 1 1 1 1 1 1 1 7 1 7 1 1 1 1
staticfield java/lang/invoke/CallSite $assertionsDisabled Z 1
ciInstanceKlass java/lang/invoke/ConstantCallSite 1 1 65 10 7 12 1 1 1 9 7 12 1 1 1 9 12 1 1 10 7 12 1 1 1 10 12 1 100 1 10 12 9 12 1 1 100 1 10 10 12 1 1 10 12 1 1 1 1 1 1 1 1 1 1 1 1 1 100 1 1 1 1 1 1 1 1
staticfield java/lang/invoke/ConstantCallSite UNSAFE Ljdk/internal/misc/Unsafe; jdk/internal/misc/Unsafe
instanceKlass java/lang/invoke/DirectMethodHandle$StaticAccessor
instanceKlass java/lang/invoke/DirectMethodHandle$Special
instanceKlass java/lang/invoke/DirectMethodHandle$Interface
instanceKlass java/lang/invoke/DirectMethodHandle$Accessor
instanceKlass java/lang/invoke/DirectMethodHandle$Constructor
ciInstanceKlass java/lang/invoke/DirectMethodHandle 1 1 923 7 1 7 1 100 1 7 1 7 1 10 7 12 1 1 1 10 7 12 1 1 1 7 1 10 12 1 10 12 1 1 10 7 12 1 1 10 12 1 1 10 12 1 10 12 1 7 1 10 12 1 1 10 12 1 1 10 12 1 10 12 1 1 10 7 12 1 1 1 10 12 1 9 12 1 1 100 1 10 9 12 1 1 9 12 1 10 12 1 10 12 1 10 12 1 1 10 12 1 10 12 1 10 12 1 10 7 12 1 1 1 10 12 1 10 12 1 1 8 1 10 12 1 1 7 1 10 12 1 7 1 10 10 12 1 10 12 1 10 12 1 10 7 12 1 1 1 10 12 1 1 7 1 10 12 1 10 12 1 7 1 10 12 1 10 12 1 1 10 12 1 1 10 12 8 10 7 12 1 1 1 10 12 1 10 12 1 10 12 1 1 10 12 1 9 7 12 1 1 1 7 1 10 12 1 10 7 12 1 1 1 10 12 1 10 12 1 1 9 12 1 1 7 1 10 8 1 10 12 1 1 10 12 1 1 8 1 10 12 1 10 12 1 10 10 12 1 10 12 1 10 12 1 10 12 1 10 12 1 1 10 12 1 10 12 1 1 10 12 1 10 12 1 1 10 10 7 12 1 1 1 10 12 1 10 12 1 1 10 12 1 10 12 1 1 8 1 9 7 12 1 1 1 8 1 9 12 1 9 12 1 8 1 9 12 1 9 12 1 8 1 9 12 1 9 12 1 8 1 10 12 1 10 12 1 1 9 12 1 1 7 1 10 12 1 1 7 1 10 7 12 1 1 1 10 12 1 1 10 12 1 10 12 1 1 7 1 10 12 1 1 10 12 1 10 12 1 1 7 1 10 12 1 1 10 12 1 10 7 12 1 1 1 10 12 1 10 12 1 1 10 12 1 9 12 1 1 10 7 1 9 12 9 12 1 10 7 12 1 1 1 10 12 1 7 1 7 1 7 1 9 12 1 1 10 7 12 1 1 1 10 12 10 12 1 7 1 10 12 1 10 12 1 1 8 1 9 12 1 9 12 1 10 12 1 1 9 12 1 1 10 7 12 1 1 1 9 12 1 1 9 12 1 1 10 12 1 10 12 1 10 12 1 10 12 1 1 10 12 1 9 12 1 10 12 1 10 12 1 10 12 1 10 12 1 1 10 12 1 1 9 12 1 1 10 12 1 1 9 7 12 1 1 1 9 12 1 9 12 1 9 12 1 9 12 1 9 12 1 9 12 1 9 12 1 9 12 1 9 12 1 9 12 1 9 12 1 9 12 1 9 12 1 9 12 1 9 12 1 9 12 1 9 12 1 9 12 1 9 12 1 9 12 1 9 12 1 9 12 1 9 12 1 9 12 1 9 12 1 9 12 1 9 12 1 9 12 1 9 12 1 9 12 1 9 12 1 9 12 1 9 12 1 9 12 1 9 12 1 9 12 1 8 1 9 12 1 1 9 12 1 1 10 12 1 10 12 1 1 9 7 1 10 12 1 9 12 1 1 10 12 10 12 1 10 12 1 10 12 1 10 12 1 10 8 1 8 1 8 1 8 1 10 12 1 1 9 12 1 1 10 12 1 10 100 12 1 1 1 8 9 12 1 1 10 12 1 1 8 1 8 8 9 12 1 8 1 8 8 8 8 8 1 8 10 12 1 7 1 10 12 1 8 1 8 1 10 12 1 10 12 1 10 12 1 10 12 1 1 7 1 1 1 1 3 1 3 1 3 1 3 1 3 1 3 1 3 1 3 1 3 1 3 1 1 1 1 1 1 1 1 1 1 3 1 3 1 1 1 1 3 1 1 1 1 1 1 1 1 1 1 1 1 1 1 1 1 1 1 1 1 1 1 1 1 1 1 1 1 1 1 1 1 1 1 1 1 1 1 1 1 1 1 1 1 1 1 1 1 1 1 1 1 1 1 1 1 1 1 100 1 1 1 1 1 1 1 1 1 100 1 1 1 1 1 1 1 1 1 1 1 1 1 1 1 1 1 1 1 1 1 1 1 1 1 1 1 1 1 1 1 1 1 1 1 1 1 1 1 1 1 1 1 1 1 1 1 1 1 1 1 1
staticfield java/lang/invoke/DirectMethodHandle IMPL_NAMES Ljava/lang/invoke/MemberName$Factory; java/lang/invoke/MemberName$Factory
staticfield java/lang/invoke/DirectMethodHandle FT_UNCHECKED_REF I 8
staticfield java/lang/invoke/DirectMethodHandle ACCESSOR_FORMS [Ljava/lang/invoke/LambdaForm; 132 [Ljava/lang/invoke/LambdaForm;
staticfield java/lang/invoke/DirectMethodHandle ALL_WRAPPERS [Lsun/invoke/util/Wrapper; 10 [Lsun/invoke/util/Wrapper;
staticfield java/lang/invoke/DirectMethodHandle NFS [Ljava/lang/invoke/LambdaForm$NamedFunction; 12 [Ljava/lang/invoke/LambdaForm$NamedFunction;
staticfield java/lang/invoke/DirectMethodHandle OBJ_OBJ_TYPE Ljava/lang/invoke/MethodType; java/lang/invoke/MethodType
staticfield java/lang/invoke/DirectMethodHandle LONG_OBJ_TYPE Ljava/lang/invoke/MethodType; java/lang/invoke/MethodType
staticfield java/lang/invoke/DirectMethodHandle $assertionsDisabled Z 1
ciInstanceKlass java/lang/invoke/MutableCallSite 0 0 63 10 100 12 1 1 1 10 12 1 9 100 12 1 1 1 10 12 1 10 12 1 1 9 12 1 1 10 100 12 1 1 1 10 100 12 1 1 1 10 12 1 1 1 1 1 1 1 1 1 1 1 1 1 1 1 1 1 1 100 1 1 1
ciInstanceKlass java/lang/invoke/VolatileCallSite 0 0 37 10 100 12 1 1 1 10 12 1 10 100 12 1 1 1 10 12 1 10 12 1 1 1 1 1 1 1 1 1 1 1 1 1 1 1 1
ciInstanceKlass java/lang/invoke/ResolvedMethodName 1 1 25 10 100 12 1 1 1 9 100 12 1 1 1 1 1 1 1 1 1 1 1 1 1 1 1
ciInstanceKlass java/lang/invoke/MethodHandleNatives 1 1 694 100 1 10 7 12 1 1 1 9 7 12 1 1 1 10 12 1 1 100 1 10 10 12 1 1 10 12 1 10 12 1 8 1 8 1 8 1 8 1 8 1 8 1 8 1 8 1 8 1 8 1 10 12 1 1 7 1 10 7 12 1 1 1 10 7 12 1 1 1 7 1 10 10 12 1 1 8 1 10 12 1 8 1 10 12 1 1 8 1 10 12 1 1 9 7 12 1 1 1 8 1 10 100 12 1 1 1 7 1 10 12 100 1 100 1 8 1 7 1 10 10 12 1 7 1 9 7 12 1 1 10 12 1 1 10 12 1 10 7 12 1 1 1 10 12 1 1 9 12 1 8 1 10 12 1 1 10 12 1 8 1 10 12 1 1 7 1 10 12 1 10 7 12 1 1 1 10 12 1 10 12 1 1 10 12 1 1 8 1 10 12 1 1 8 1 10 12 1 8 1 8 1 8 1 7 1 10 12 1 8 1 10 7 12 1 1 1 10 12 1 1 10 7 12 1 1 10 10 12 1 1 10 12 1 10 7 12 1 1 1 100 1 8 1 10 100 12 1 1 1 7 1 8 1 10 12 1 8 1 8 1 8 1 8 1 8 1 10 12 1 1 10 12 1 1 10 12 1 10 12 1 1 10 12 1 1 7 1 10 12 1 7 1 7 1 10 12 1 10 12 1 8 1 8 1 10 10 12 1 1 10 12 1 1 8 1 10 7 12 1 1 8 1 8 1 10 12 1 1 10 7 12 1 1 1 100 1 10 12 1 1 7 1 9 12 1 1 10 7 12 1 1 1 10 10 12 1 9 12 1 10 12 1 9 12 1 9 12 1 10 12 1 1 10 12 1 10 12 1 1 7 1 7 1 10 12 1 1 10 12 1 10 12 1 1 10 7 12 1 1 1 10 12 1 8 1 10 12 1 10 12 1 10 12 1 1 10 12 1 10 7 12 1 1 1 10 12 1 1 100 1 8 1 10 9 7 12 1 1 1 10 12 1 1 10 12 1 1 7 1 10 12 1 1 10 12 1 1 100 1 100 1 10 10 100 1 100 1 10 100 1 10 10 12 1 1 10 7 1 10 12 1 10 12 1 1 10 12 1 1 10 12 1 1 10 12 1 10 12 1 1 10 8 1 10 12 1 10 12 1 10 12 1 10 12 1 10 12 1 1 10 12 1 10 12 1 10 12 1 10 10 7 12 1 1 10 12 1 1 1 1 1 1 1 1 1 1 1 1 1 7 1 1 1 1 1 1 1 1 1 1 1 1 1 1 1 1 1 1 1 1 1 1 1 1 1 1 1 1 1 1 1 1 1 1 1 1 1 1 1 1 1 1 1 1 1 1 1 1 1 1 1 1 1 1 1 1 1 1 1 1 1 1 1 1 1 100 1 1 1 1 1 1 1 1 1 1 1 1 1 1 1 1 1 1 1 1 1 1 1 1 1 1 1 1 1 1 1 1 1 1 1 100 1 1 1 1 1 1 1 1 1 1 1 1 1 1 1 1 1 1 1 1 1 1 1 1 1 1 1 1 7 1 1 1 1 1 1 1 100 1 1 1
staticfield java/lang/invoke/MethodHandleNatives $assertionsDisabled Z 1
ciInstanceKlass java/lang/invoke/MethodHandleNatives$CallSiteContext 1 1 49 10 7 12 1 1 1 7 1 10 10 7 12 1 1 1 10 7 12 1 1 1 10 100 12 1 1 1 100 1 1 1 1 1 1 1 1 1 1 1 1 1 1 1 1 1 100 1 1
ciInstanceKlass jdk/internal/foreign/abi/NativeEntryPoint 1 1 199 10 7 12 1 1 1 9 7 12 1 1 1 9 12 1 1 100 1 8 1 10 12 1 10 12 1 1 7 1 10 7 12 1 1 1 10 12 1 9 12 1 1 18 12 1 1 10 7 12 1 1 1 10 7 12 1 1 1 9 7 12 1 1 1 7 1 10 8 1 10 12 1 1 10 12 1 10 12 1 1 8 1 10 12 1 1 7 1 8 1 10 12 1 10 12 1 1 7 1 8 1 10 10 12 1 9 12 1 1 18 12 1 1 10 7 12 1 1 1 10 12 1 1 10 12 1 10 7 12 1 1 1 10 1 1 1 1 1 1 1 1 1 1 1 1 1 1 1 1 1 1 1 1 1 1 1 1 1 1 1 1 1 1 1 1 1 1 1 1 1 16 1 15 10 12 16 1 16 15 10 12 15 10 7 12 1 1 1 1 1 100 1 1 100 1 100 1 1
staticfield jdk/internal/foreign/abi/NativeEntryPoint CLEANER Ljava/lang/ref/Cleaner; java/lang/ref/Cleaner
staticfield jdk/internal/foreign/abi/NativeEntryPoint NEP_CACHE Ljdk/internal/foreign/abi/SoftReferenceCache; jdk/internal/foreign/abi/SoftReferenceCache
ciInstanceKlass jdk/internal/foreign/abi/ABIDescriptor 1 1 55 10 7 12 1 1 1 9 7 12 1 1 1 9 12 1 1 9 12 1 9 12 1 9 12 1 1 9 12 1 9 12 1 1 9 12 1 9 12 1 9 12 1 9 12 1 1 1 1 1 1 1 1 1 1
ciInstanceKlass jdk/internal/foreign/abi/VMStorage 1 1 91 10 7 12 1 1 1 9 7 12 1 1 1 9 12 1 1 9 12 1 1 9 12 1 1 7 1 10 8 1 10 12 1 1 10 12 1 10 12 1 1 10 12 1 18 12 1 18 12 1 1 18 12 1 1 1 1 1 1 1 1 1 1 1 1 1 1 1 1 1 1 1 8 1 15 15 15 15 15 10 7 12 1 1 1 1 100 1 100 1 1
ciInstanceKlass jdk/internal/foreign/abi/UpcallLinker$CallRegs 0 0 66 10 7 12 1 1 1 9 7 12 1 1 1 9 12 1 18 12 1 1 18 12 1 1 18 12 1 1 1 1 1 1 1 1 1 1 1 1 1 1 1 1 1 1 100 1 1 1 8 1 15 15 15 10 100 12 1 1 1 1 1 100 1 100 1 1
instanceKlass java/lang/StackFrameInfo
ciInstanceKlass java/lang/ClassFrameInfo 0 0 126 10 7 12 1 1 1 9 7 12 1 1 1 7 1 3 9 12 1 1 9 12 1 1 7 1 9 12 1 1 3 11 100 12 1 1 1 11 12 1 10 12 1 1 10 12 1 1 10 12 1 100 1 10 10 12 1 1 8 1 8 1 10 12 7 1 10 10 12 1 1 8 1 10 12 1 8 1 10 12 8 1 10 12 1 10 100 12 1 1 1 7 1 1 1 1 1 1 1 1 1 1 1 1 1 1 1 1 1 1 1 1 1 1 1 1 1 1 1 7 1 1 1 1 1 1
ciInstanceKlass java/lang/StackWalker$StackFrame 0 0 41 100 1 10 12 1 1 100 1 100 1 1 1 1 1 1 1 1 1 1 1 1 1 1 1 1 1 1 1 1 1 1 1 1 1 1 1 100 1 1 1
ciInstanceKlass java/lang/StackWalker 0 0 259 9 7 12 1 1 1 10 100 12 1 1 1 100 1 10 100 12 1 1 1 10 12 1 1 11 100 12 1 1 1 10 12 1 1 10 12 1 1 10 12 1 1 100 1 8 1 10 12 1 10 12 1 10 12 1 10 7 12 1 1 9 12 1 1 9 12 1 1 9 12 1 1 9 12 1 1 10 12 1 1 9 12 1 1 9 12 1 1 9 12 1 1 10 7 12 1 1 1 11 12 1 1 100 1 8 1 10 10 7 12 1 1 9 12 1 1 10 12 1 1 10 100 12 1 1 1 10 100 12 1 1 1 18 12 1 1 100 1 8 1 10 8 1 10 12 1 1 10 100 12 1 1 1 10 12 1 1 10 12 1 9 100 12 1 1 11 100 12 1 1 1 10 12 1 1 1 1 1 1 1 1 1 1 1 1 1 1 1 1 1 1 1 1 1 1 1 1 1 1 1 1 1 1 1 1 1 1 1 1 1 1 1 1 1 1 1 1 1 1 1 1 1 1 1 1 1 1 1 1 1 1 7 1 1 16 15 10 12 16 1 15 10 100 12 1 1 1 1 1 1 1 1 1 100 1 100 1 1
instanceKlass java/lang/LiveStackFrameInfo
ciInstanceKlass java/lang/StackFrameInfo 0 0 150 10 100 12 1 1 1 9 100 12 1 1 1 9 12 1 1 11 100 12 1 1 1 10 12 1 1 10 100 12 1 1 1 9 12 1 1 10 12 1 1 9 12 1 1 100 1 10 12 10 12 1 9 12 1 100 1 100 1 10 12 1 1 11 12 1 1 10 12 1 10 12 1 10 12 1 1 9 12 1 1 10 12 1 1 10 100 12 1 1 10 12 1 1 9 12 1 10 100 12 1 1 1 9 12 1 1 10 100 1 10 12 1 9 12 1 1 10 12 1 1 10 12 1 1 1 1 1 1 1 1 1 1 1 1 1 1 1 1 100 1 100 1 1 1 1 1 1 1 1
ciInstanceKlass java/lang/LiveStackFrameInfo 0 0 97 10 7 12 1 1 1 9 7 12 1 1 1 9 12 1 9 12 1 9 12 1 9 12 1 1 7 1 10 12 1 1 10 12 1 8 1 10 12 1 1 8 1 8 1 8 1 10 100 1 10 12 1 100 1 10 12 1 7 1 7 1 1 1 3 1 3 1 1 1 1 1 1 1 1 1 1 1 1 1 1 1 1 1 1 1 1 1 1 1 1 1 1 1 100 1 1
ciInstanceKlass java/lang/LiveStackFrame 0 0 132 100 1 10 100 12 1 1 1 11 7 12 1 1 1 11 12 1 10 7 12 1 1 1 100 1 8 1 10 12 1 1 10 7 12 1 1 1 9 100 12 1 1 1 10 7 12 1 1 1 10 7 12 1 1 1 11 12 1 10 12 1 7 1 7 1 1 1 1 1 1 1 1 1 1 1 1 1 1 1 1 1 1 1 1 1 1 1 1 1 1 1 1 100 1 1 1 1 1 1 1 100 1 8 10 1 1 1 8 1 1 1 8 1 1 1 8 1 1 1 8 1 1 8 1 1 1 8 1 1 8 1
ciInstanceKlass java/lang/StackStreamFactory$AbstractStackWalker 1 0 364 100 1 7 1 3 10 7 12 1 1 1 10 7 12 1 1 10 7 12 1 1 1 9 12 1 1 9 12 1 1 9 12 1 1 9 12 1 9 12 1 10 7 12 1 1 1 10 12 1 1 10 7 12 1 1 9 12 1 1 9 12 1 1 10 12 1 1 9 12 1 1 10 100 12 1 1 1 10 12 1 1 9 12 1 1 9 7 12 1 1 1 7 1 10 8 1 10 12 1 1 10 12 1 8 1 10 12 1 1 10 100 12 1 1 1 100 1 8 1 10 12 1 8 1 10 12 10 100 12 1 1 9 12 1 1 8 1 5 0 8 1 8 1 9 12 1 1 10 12 1 1 18 12 1 1 10 7 12 1 1 1 10 12 1 1 10 12 1 10 12 1 9 100 12 1 1 1 10 12 1 1 9 12 1 10 12 1 10 12 1 10 12 1 10 12 1 10 12 1 10 12 1 1 8 1 10 12 1 10 12 1 10 12 1 10 12 1 1 8 1 10 12 1 1 10 12 1 1 10 12 1 1 10 12 1 10 12 1 10 12 1 9 12 1 8 1 10 12 1 8 1 10 12 1 10 12 1 1 10 12 1 10 12 1 10 12 1 1 10 12 1 10 12 1 10 12 1 10 12 1 10 12 1 10 12 1 1 10 12 1 10 12 1 10 12 1 10 12 1 8 1 1 1 1 1 1 1 1 1 1 1 1 1 7 1 1 1 1 1 1 7 1 1 1 1 7 1 1 1 1 1 1 1 1 1 1 1 1 1 1 1 1 1 1 16 15 15 10 100 12 1 1 1 1 1 1 1 1 100 1 100 1 1
ciInstanceKlass jdk/internal/module/Modules 1 1 507 10 7 12 1 1 1 9 7 12 1 1 1 11 7 12 1 1 1 11 12 1 1 11 12 1 1 11 12 1 1 11 12 1 11 12 1 11 12 1 11 12 1 11 12 1 11 12 1 1 10 7 12 1 1 1 10 100 12 1 1 1 18 12 1 1 10 7 12 1 1 1 7 1 10 7 12 1 1 1 10 100 12 1 1 1 10 100 12 1 1 10 12 1 1 11 12 1 9 12 1 1 11 100 12 1 1 1 10 12 1 1 10 10 12 1 10 9 12 1 1 10 100 12 1 1 10 12 1 1 10 100 12 1 1 100 1 11 100 12 1 1 1 10 100 12 1 1 1 11 100 12 1 1 10 12 1 1 10 100 12 1 1 10 100 12 1 1 1 10 12 1 1 10 12 1 1 11 12 1 1 18 12 1 1 11 100 12 1 1 10 100 12 1 1 1 11 100 12 1 1 1 7 1 11 12 1 1 11 7 12 1 1 1 11 12 1 1 10 12 1 1 10 100 12 1 1 18 12 1 1 11 12 1 1 18 12 1 1 11 12 1 1 10 12 1 18 18 10 12 1 1 9 12 1 1 11 7 12 1 1 1 100 1 10 11 12 1 11 12 1 1 11 12 1 1 10 100 1 10 12 1 1 10 100 12 1 1 10 12 1 1 11 12 10 12 1 1 7 1 10 18 12 1 10 12 1 1 7 1 8 1 10 12 1 10 100 12 1 1 18 12 1 11 11 12 10 12 1 10 10 100 1 18 12 1 10 10 10 7 12 1 1 10 7 12 1 1 1 10 12 1 1 1 1 1 1 1 1 1 1 1 1 1 1 1 1 1 1 1 1 1 1 1 1 1 1 1 1 1 1 1 1 1 100 1 1 1 1 1 1 1 1 1 1 1 1 1 1 1 1 1 1 1 1 1 1 1 1 1 1 1 1 1 1 1 1 1 1 1 7 1 1 1 1 1 1 1 1 1 1 1 1 1 1 1 1 1 1 1 1 1 1 1 16 15 10 12 1 16 16 15 10 12 1 16 1 16 1 15 10 12 1 16 1 16 1 15 10 12 16 1 15 10 16 1 15 10 12 16 1 15 10 12 16 15 10 12 16 15 10 12 15 10 100 12 1 1 1 1 1 1 100 1 100 1 1
staticfield jdk/internal/module/Modules JLA Ljdk/internal/access/JavaLangAccess; java/lang/System$2
staticfield jdk/internal/module/Modules JLMA Ljdk/internal/access/JavaLangModuleAccess; java/lang/module/ModuleDescriptor$1
staticfield jdk/internal/module/Modules $assertionsDisabled Z 1
ciInstanceKlass java/util/ArrayList 1 1 509 10 7 12 1 1 1 7 1 9 7 12 1 1 1 9 12 1 100 1 7 1 10 8 1 10 12 1 1 10 12 1 10 12 1 1 10 12 1 9 12 1 11 7 12 1 1 1 9 12 1 1 11 12 1 1 7 10 7 12 1 1 1 9 12 1 10 12 1 10 12 1 1 10 7 12 1 1 1 10 7 12 1 1 1 10 12 1 1 10 12 1 1 10 12 1 1 10 12 1 10 12 1 1 100 1 7 1 10 12 1 10 10 7 12 1 1 1 10 7 12 1 1 10 12 1 100 1 10 10 12 10 12 1 1 10 12 1 1 10 12 1 10 12 10 12 1 1 7 1 10 12 1 1 10 12 1 1 10 12 1 100 1 10 11 12 1 1 11 7 12 1 1 1 11 12 1 10 12 1 10 12 1 10 12 1 1 100 1 10 12 1 1 10 10 12 1 1 10 12 1 8 1 8 1 8 1 8 1 10 12 1 1 10 12 1 1 11 12 1 7 1 10 100 12 1 1 10 12 1 10 12 1 1 10 100 12 1 1 10 12 1 10 100 12 1 1 1 11 100 12 1 1 1 10 12 1 100 1 8 1 10 100 1 10 12 1 7 1 10 12 1 10 12 1 1 7 1 10 12 1 10 12 1 1 11 100 12 1 1 7 1 10 12 1 10 12 1 1 11 100 12 1 1 10 12 1 1 10 12 1 1 10 12 1 1 10 12 1 1 11 100 12 1 1 10 12 1 1 7 1 7 1 7 1 1 1 1 5 0 1 3 1 1 1 1 1 1 1 1 1 1 1 1 1 1 1 1 1 1 1 1 1 1 1 1 1 1 1 1 1 1 1 1 1 1 1 1 1 1 1 1 1 1 1 1 1 1 1 1 1 1 1 1 1 1 1 1 1 1 1 1 1 1 1 1 1 1 1 1 1 1 1 1 1 1 1 1 1 1 1 1 1 1 1 1 1 1 1 1 1 1 1 1 1 1 1 1 1 1 1 1 1 1 1 1 100 1 1 1 1 7 1 1 1 1 1 1 1 1 1 1 1 1 1 1 1 1 1 1 1 1 1 1 1 1 1 1 1 1 1 100 1 1 1 1 1 1 1 1 1 1 1 1 1 1 1 1 1 1 100 1 100 1 1 1 1 1 1
staticfield java/util/ArrayList EMPTY_ELEMENTDATA [Ljava/lang/Object; 0 [Ljava/lang/Object;
staticfield java/util/ArrayList DEFAULTCAPACITY_EMPTY_ELEMENTDATA [Ljava/lang/Object; 0 [Ljava/lang/Object;
ciInstanceKlass java/util/SequencedCollection 1 1 104 100 1 10 12 1 1 11 7 12 1 1 1 11 7 12 1 1 1 11 12 1 1 11 12 1 7 1 7 1 1 1 1 1 1 1 1 1 1 1 1 1 1 1 1 1 1 1 1 1 1 1 1 1 1 1 1 1 100 1 8 1 12 10 1 1 8 1 1 1 8 1 1 8 1 1 1 8 1 1 8 1 1 1 8 1 1 8 1 8 1 1 8 1 1 1 8 1 1 8 1 1 8 1
ciInstanceKlass java/util/RandomAccess 1 0 7 100 1 100 1 1 1
instanceKlass java/util/IdentityHashMap$Values
instanceKlass java/util/HashMap$Values
instanceKlass java/util/LinkedHashMap$LinkedValues
instanceKlass java/util/AbstractMap$2
instanceKlass java/util/AbstractQueue
instanceKlass java/util/ArrayDeque
instanceKlass java/util/AbstractSet
instanceKlass java/util/ImmutableCollections$AbstractImmutableCollection
instanceKlass java/util/AbstractList
ciInstanceKlass java/util/AbstractCollection 1 1 160 10 7 12 1 1 1 10 7 12 1 1 1 10 12 1 1 11 7 12 1 1 1 11 12 1 1 10 12 1 1 10 100 12 1 1 1 10 12 1 1 10 12 1 1 10 7 12 1 1 10 7 12 1 1 1 7 1 10 7 12 1 1 1 10 100 12 1 1 1 100 1 10 11 12 1 11 7 1 10 12 1 10 12 1 10 100 12 1 1 1 11 8 1 7 1 10 10 12 1 1 8 1 10 12 1 10 12 1 1 1 1 1 1 1 1 1 1 1 1 1 1 1 1 1 1 1 1 1 1 1 1 1 1 1 1 1 1 1 1 1 1 1 1 1 1 1 1 1 1 1 1 1 1 1 1 1 1 1 1
ciMethod java/util/AbstractCollection <init> ()V 848 0 12746 0 0
instanceKlass java/util/AbstractSequentialList
instanceKlass scala/collection/convert/JavaCollectionWrappers$SeqWrapper
instanceKlass scala/collection/convert/JavaCollectionWrappers$MutableBufferWrapper
instanceKlass java/util/Collections$SingletonList
instanceKlass java/util/Vector
instanceKlass sun/security/jca/ProviderList$3
instanceKlass java/util/Collections$CopiesList
instanceKlass java/util/ArrayList$SubList
instanceKlass java/util/Arrays$ArrayList
instanceKlass java/util/Collections$EmptyList
instanceKlass java/util/ArrayList
ciInstanceKlass java/util/AbstractList 1 1 218 10 7 12 1 1 1 9 7 12 1 1 1 10 12 1 1 10 12 1 1 100 1 10 10 12 1 1 11 100 12 1 1 1 11 12 1 1 11 12 1 10 7 12 1 1 1 10 12 1 11 12 1 11 12 1 11 12 1 10 12 1 1 10 12 1 1 11 7 12 1 1 1 11 7 1 11 7 1 10 12 1 100 1 10 12 1 10 12 1 1 7 1 100 1 10 12 1 100 1 10 100 1 7 1 10 8 1 10 12 1 1 10 12 1 10 12 1 1 10 12 1 8 1 100 1 8 1 8 1 8 1 10 7 1 11 10 10 12 1 11 12 1 10 12 1 1 8 1 8 1 1 1 1 1 1 1 1 1 1 1 1 1 1 1 1 1 1 1 1 1 1 1 1 1 1 1 1 1 1 1 1 1 1 1 1 1 1 1 1 1 1 1 1 1 1 1 1 1 1 1 1 1 1 1 1 1 1 100 1 100 1 1 1 1 1 1 1
ciMethod java/util/AbstractList <init> ()V 34 0 7006 0 0
ciMethod java/util/ArrayList size ()I 256 0 128 0 -1
ciMethod java/util/ArrayList add (Ljava/lang/Object;)Z 512 0 7697 0 -1
ciMethod java/util/ArrayList toArray ([Ljava/lang/Object;)[Ljava/lang/Object; 6 0 1274 0 -1
ciMethod java/util/ArrayList addAll (Ljava/util/Collection;)Z 0 0 521 0 -1
ciMethod java/util/ArrayList get (I)Ljava/lang/Object; 512 0 9023 0 -1
ciMethod java/util/ArrayList <init> ()V 22 0 3997 0 0
instanceKlass java/nio/MappedByteBuffer
instanceKlass java/nio/HeapByteBuffer
ciInstanceKlass java/nio/ByteBuffer 1 1 446 10 7 12 1 1 1 9 7 12 1 1 1 10 7 12 1 1 1 9 12 1 1 9 12 1 9 12 1 1 9 12 1 1 10 12 1 10 12 1 7 1 10 12 1 10 12 1 1 7 1 10 12 1 10 12 1 100 1 100 1 10 12 1 10 12 1 1 10 7 12 1 1 1 10 12 1 1 10 12 1 100 1 10 10 12 1 1 10 12 1 10 12 1 10 12 100 1 5 0 9 12 1 1 9 12 1 9 12 1 1 10 12 1 1 10 12 1 1 10 7 12 1 1 1 10 7 12 1 1 1 10 12 1 10 12 1 1 10 12 1 1 100 1 10 100 1 10 10 12 1 1 9 12 1 10 12 1 100 1 10 10 12 1 10 12 1 10 12 10 12 1 9 12 100 1 10 10 12 1 10 12 10 12 1 1 10 12 1 10 12 1 10 12 1 10 12 1 7 1 10 10 7 12 1 1 1 10 7 12 1 1 1 10 12 1 1 8 1 10 12 1 8 1 8 1 10 12 1 8 1 10 12 1 10 100 12 1 1 1 10 100 12 1 1 1 10 12 1 1 10 7 1 9 12 1 8 1 10 12 1 8 1 8 1 10 10 12 1 10 12 1 1 10 12 1 1 10 12 10 12 1 1 10 12 10 12 10 12 10 12 10 12 10 12 10 12 1 1 10 12 1 9 12 1 1 7 10 7 12 1 1 1 7 1 1 1 1 1 1 1 1 1 1 1 1 100 1 1 1 1 1 1 1 1 1 1 1 1 1 1 1 1 1 1 1 1 1 7 1 1 1 1 1 1 1 1 1 1 1 1 1 1 1 1 1 1 1 1 1 1 1 1 1 1 1 1 1 1 1 1 1 1 1 1 1 1 1 1 1 1 1 1 1 1 1 1 1 1 1 1 1 1 1 1 1 1 1 1 1 1 1 1 1 1 1 1 1 1 1 1 1 1 1 1 1 1 1 1 1 1 1 1 1 1 1 1 1 1 1 1 1 1 1 100 1
staticfield java/nio/ByteBuffer ARRAY_BASE_OFFSET J 16
staticfield java/nio/ByteBuffer $assertionsDisabled Z 1
ciInstanceKlass jdk/internal/loader/BootLoader 1 1 258 10 7 12 1 1 1 9 7 12 1 1 1 10 7 12 1 1 1 10 7 12 1 1 1 9 12 1 1 9 12 1 1 10 7 12 1 1 1 10 12 1 1 9 12 1 1 11 7 12 1 1 1 10 12 1 10 7 12 1 1 1 10 7 12 1 1 1 10 12 1 1 10 7 12 1 1 1 100 1 10 12 1 10 7 12 1 1 1 10 12 1 1 10 12 1 1 10 12 1 10 12 1 1 10 12 1 1 10 12 1 1 10 10 7 12 1 1 1 10 12 1 1 10 12 1 10 100 12 1 1 1 10 12 1 1 10 100 12 1 1 1 18 12 1 1 11 100 12 1 1 1 10 7 12 1 1 1 10 7 12 1 1 9 12 1 1 11 12 1 1 11 12 1 1 10 12 1 1 7 1 10 10 12 1 1 1 1 1 1 1 1 1 1 1 1 1 1 1 1 1 1 1 1 1 1 1 1 1 1 1 1 1 100 1 1 1 1 1 1 1 1 100 1 1 1 1 1 1 1 1 1 1 100 1 100 1 1 16 1 15 10 12 16 15 10 100 12 1 1 1 1 1 100 1 100 1 1
staticfield jdk/internal/loader/BootLoader JLA Ljdk/internal/access/JavaLangAccess; java/lang/System$2
staticfield jdk/internal/loader/BootLoader UNNAMED_MODULE Ljava/lang/Module; java/lang/Module
staticfield jdk/internal/loader/BootLoader JAVA_HOME Ljava/lang/String; "C:\Program Files\Java\jdk-23"
staticfield jdk/internal/loader/BootLoader CLASS_LOADER_VALUE_MAP Ljava/util/concurrent/ConcurrentHashMap; java/util/concurrent/ConcurrentHashMap
staticfield jdk/internal/loader/BootLoader NATIVE_LIBS Ljdk/internal/loader/NativeLibraries; jdk/internal/loader/NativeLibraries
ciMethod jdk/internal/loader/BootLoader getUnnamedModule ()Ljava/lang/Module; 0 0 1 0 -1
ciInstanceKlass java/security/PrivilegedAction 1 0 14 100 1 100 1 1 1 1 1 1 1 1 1 1
ciInstanceKlass java/lang/annotation/Annotation 1 0 17 100 1 100 1 1 1 1 1 1 1 1 1 1 1 1 1
instanceKlass org/h2/store/fs/mem/FileMemData$Cache
ciInstanceKlass java/util/LinkedHashMap 1 1 386 9 7 12 1 1 1 9 12 1 1 9 12 1 9 7 12 1 1 9 12 1 10 7 12 1 1 1 10 12 1 1 10 12 1 1 9 12 1 9 12 1 1 9 12 1 10 12 1 1 100 1 10 10 12 1 1 10 12 1 10 12 1 1 9 12 1 1 9 12 1 10 12 1 1 10 100 12 1 1 1 10 12 1 10 12 1 10 12 10 12 1 1 10 7 12 1 1 1 10 12 1 1 10 12 1 1 9 7 1 10 12 1 10 12 1 1 9 12 1 1 7 1 10 12 1 100 1 100 1 10 10 12 1 1 10 12 1 1 9 12 1 1 7 1 10 7 1 10 12 1 9 12 1 7 1 10 100 1 10 11 100 12 1 1 1 100 1 10 11 100 12 1 1 100 1 7 1 10 8 1 10 12 1 1 10 12 1 10 12 1 1 10 12 1 10 12 1 1 10 100 1 10 12 1 7 1 1 1 1 5 0 1 1 1 3 1 3 1 3 1 1 1 1 1 1 1 1 1 1 1 1 1 1 1 1 1 1 1 1 1 1 1 1 1 1 1 1 1 1 1 1 1 1 1 1 1 1 1 1 1 1 1 1 1 1 1 7 1 1 1 1 1 1 1 1 100 1 1 1 1 1 1 1 1 1 1 1 1 1 1 1 1 1 1 1 1 1 1 1 1 1 1 1 1 100 1 1 1 1 1 1 1 1 1 1 1 1 1 1 100 1 1 1 1 1 1 1 1 1 7 1 1 1 1 1 1 1 1 1 1 1 1 1 1 1 1 1 1 1 1 1 1 1 1 1 1 1 1 1 1 1 100 1 100 1 100 1 100 1 1 1 1 1 100 1 7 1 1 1 1 1 1 1 1 1
ciInstanceKlass java/util/SequencedMap 1 1 150 11 7 12 1 1 1 11 100 12 1 1 1 11 7 12 1 1 1 100 1 11 12 1 1 100 1 10 12 1 1 11 12 1 1 11 12 1 1 100 1 10 12 100 1 10 12 1 100 1 10 100 1 10 7 1 7 1 1 1 1 1 1 1 1 1 1 1 1 1 1 1 1 1 1 1 1 1 1 1 1 1 1 1 1 1 1 1 1 1 1 1 1 1 1 1 1 1 1 1 1 1 1 1 1 1 1 100 1 8 1 12 10 1 1 8 1 1 1 8 1 1 8 1 1 8 1 1 1 8 1 1 8 1 1 8 1 8 1 1 1 8 1 1 1 8 1 1 8 1
ciMethod java/util/Map computeIfAbsent (Ljava/lang/Object;Ljava/util/function/Function;)Ljava/lang/Object; 1024 0 1122 0 -1
ciMethod java/util/LinkedHashMap <init> (I)V 1024 0 4480 0 0
ciMethod java/util/LinkedHashMap newLinkedHashMap (I)Ljava/util/LinkedHashMap; 1024 0 4480 0 0
ciInstanceKlass java/lang/Package 1 1 356 10 7 12 1 1 1 9 12 1 1 9 7 12 1 1 1 9 12 1 9 12 1 9 12 1 9 12 1 9 12 1 10 12 1 1 10 7 12 1 1 1 9 12 1 1 10 7 12 1 1 1 9 12 1 10 12 1 1 10 100 12 1 1 1 100 1 10 7 12 1 1 1 10 7 12 1 1 1 100 1 8 1 10 12 1 1 8 1 10 12 1 1 10 7 12 1 1 1 7 1 10 12 1 8 1 10 12 1 1 10 12 1 10 12 1 10 12 1 1 10 100 12 1 1 1 10 100 12 1 1 1 10 7 12 1 1 1 10 12 1 1 10 100 12 1 1 10 12 1 1 10 12 1 1 18 12 1 1 11 100 12 1 1 1 100 1 10 12 1 10 12 1 8 1 8 1 8 1 9 12 1 1 8 1 18 12 1 1 10 7 12 1 1 1 10 12 1 1 10 100 1 10 12 1 10 7 12 1 1 1 11 7 12 1 1 1 10 12 1 1 10 12 1 1 10 12 1 10 12 1 10 12 1 10 12 1 10 10 7 12 1 1 10 12 1 1 1 1 1 1 1 1 1 1 1 1 1 1 1 1 1 1 1 1 1 1 1 1 1 1 1 1 1 1 1 1 1 1 1 1 100 100 1 1 1 1 1 1 1 1 1 1 1 1 1 1 1 1 1 1 1 1 1 100 1 1 1 1 1 1 1 1 1 1 1 1 1 1 1 1 1 1 1 1 1 1 1 16 1 15 10 12 16 16 1 15 10 12 1 16 15 10 100 12 1 1 1 1 1 1 100 1 100 1 1
instanceKlass java/lang/Package
ciInstanceKlass java/lang/NamedPackage 1 1 118 10 7 12 1 1 1 10 7 12 1 1 1 10 7 12 1 1 7 1 7 1 10 8 1 10 12 1 1 10 12 1 10 12 1 1 10 12 1 10 12 1 9 7 12 1 1 1 9 12 1 1 10 12 1 1 10 100 12 1 1 1 10 12 1 10 100 12 1 1 1 10 100 12 1 1 1 100 1 10 12 1 1 10 100 12 1 1 1 10 12 1 1 100 1 100 1 10 12 1 1 1 1 1 1 1 1 1 1 1 1 1 1 1 1 1 1 1
ciMethod java/lang/NamedPackage module ()Ljava/lang/Module; 256 0 128 0 0
ciMethod java/lang/NamedPackage <init> (Ljava/lang/String;Ljava/lang/Module;)V 56 0 194 0 -1
ciMethod java/lang/Package isSealed ()Z 512 0 2307 0 0
ciMethod java/lang/Package isSealed (Ljava/net/URL;)Z 0 0 1 0 -1
ciMethod java/lang/Package <init> (Ljava/lang/String;Ljava/lang/String;Ljava/lang/String;Ljava/lang/String;Ljava/lang/String;Ljava/lang/String;Ljava/lang/String;Ljava/net/URL;Ljava/lang/ClassLoader;)V 390 0 190 0 -1
instanceKlass java/security/cert/X509Certificate
ciInstanceKlass java/security/cert/Certificate 1 1 124 10 7 12 1 1 1 9 7 12 1 1 1 9 12 1 1 10 7 12 1 1 1 10 7 12 1 1 1 100 1 10 12 1 1 100 1 10 100 1 10 12 1 1 10 12 1 100 1 7 1 10 8 1 10 12 1 1 8 1 10 12 1 1 10 12 1 10 12 1 7 1 1 1 1 5 0 1 1 1 1 1 1 1 1 1 1 1 1 1 1 1 1 1 1 100 1 1 1 100 1 100 1 100 1 100 1 1 1 1 1 1 1 1 1 1 1 100 1 1 1 1 1 1
ciInstanceKlass sun/security/util/Debug 1 1 565 10 7 12 1 1 1 9 7 12 1 1 1 10 100 12 1 1 8 1 10 12 1 8 1 8 1 8 1 8 1 8 1 8 1 8 1 8 1 8 1 8 1 8 1 8 1 8 1 8 1 8 1 8 1 8 1 8 1 8 1 8 1 8 1 8 1 8 1 8 1 8 1 8 1 8 1 8 1 8 1 8 1 8 1 8 1 8 1 8 1 8 1 8 1 8 1 8 1 8 1 8 1 8 1 8 1 8 1 8 1 8 1 8 1 8 1 8 1 8 1 8 1 8 1 8 1 8 1 10 12 1 1 10 7 12 1 1 1 10 12 1 1 10 9 12 1 1 10 12 1 10 7 12 1 1 18 12 1 1 10 12 1 1 7 1 9 12 1 1 9 12 1 9 12 1 9 12 1 9 12 1 10 12 1 1 10 12 1 1 10 12 1 1 10 12 1 1 8 1 10 12 1 1 8 1 9 100 12 1 1 1 10 12 1 1 8 1 10 12 1 8 1 8 1 7 1 10 10 12 1 1 10 12 1 1 8 1 10 12 1 8 1 10 12 1 1 10 7 12 1 1 8 1 10 12 1 1 10 12 1 8 1 8 1 8 1 8 1 10 7 12 1 1 1 10 12 1 1 10 7 12 1 1 1 10 12 1 8 1 10 12 1 10 12 1 10 12 1 1 9 100 12 1 1 1 10 100 12 1 1 1 10 100 12 1 1 1 8 1 8 1 10 100 12 1 1 10 12 8 1 8 1 10 12 8 1 8 1 8 1 8 1 10 12 8 1 8 1 8 1 10 100 12 1 1 1 10 12 1 1 10 100 12 1 1 10 12 1 10 12 1 1 8 1 10 12 1 1 10 12 1 1 8 1 8 1 8 1 9 12 1 8 1 10 100 12 1 1 1 10 12 1 1 10 12 1 1 10 12 18 12 1 1 11 100 12 1 1 1 18 11 12 1 1 11 12 1 1 8 1 10 100 12 1 1 1 11 7 12 1 1 11 12 1 11 12 1 8 1 8 1 10 7 12 1 1 1 8 1 8 1 10 12 1 8 1 10 12 1 1 10 12 1 1 1 1 1 1 1 1 1 1 1 1 1 1 1 1 1 1 1 1 1 1 1 1 1 1 1 1 1 1 1 1 1 1 1 1 1 1 1 1 1 1 1 1 1 1 1 1 1 1 1 1 1 1 1 1 1 1 1 1 1 1 1 16 15 10 12 16 16 15 10 12 16 15 10 12 16 15 10 100 12 1 1 1 1 1 1 100 1 100 1 1
ciMethod sun/security/util/Debug println (Ljava/lang/String;)V 0 0 1 0 -1
ciInstanceKlass java/security/SecureClassLoader$CodeSourceKey 1 1 74 10 7 12 1 1 1 9 7 12 1 1 1 10 7 12 1 1 1 10 7 12 1 1 1 10 12 1 1 10 12 1 1 18 12 1 1 1 1 1 1 1 1 1 1 1 1 1 1 1 1 1 1 1 7 1 1 1 8 15 15 10 100 12 1 1 1 1 1 100 1 100 1 1
ciMethod java/security/SecureClassLoader$CodeSourceKey <init> (Ljava/security/CodeSource;)V 768 0 2541 0 -1
ciInstanceKlass java/security/SecureClassLoader$1 1 1 95 9 7 12 1 1 1 10 7 12 1 1 1 9 7 12 1 1 1 10 7 12 1 1 1 7 1 10 12 1 9 7 12 1 1 1 7 1 10 8 1 10 12 1 1 10 12 1 10 12 1 1 10 100 12 1 1 1 8 1 10 12 1 1 7 1 1 1 1 1 1 1 1 1 1 1 1 1 1 1 100 1 1 1 1 1 1 1 12 1 1 1 1 1 1
ciMethod java/security/SecureClassLoader$1 <init> (Ljava/security/SecureClassLoader;)V 768 0 2541 0 -1
ciInstanceKlass java/util/concurrent/ConcurrentHashMap$KeySetView 1 1 189 10 7 12 1 1 1 9 7 12 1 1 1 9 12 1 1 10 7 12 1 1 1 10 12 1 1 9 12 1 1 7 1 10 12 1 100 1 10 12 1 10 12 1 1 11 100 12 1 1 1 11 100 12 1 1 1 11 12 1 1 10 10 100 12 1 1 1 100 1 10 12 1 1 11 10 12 1 1 100 1 10 12 1 100 1 10 100 1 10 12 1 10 12 1 1 9 100 12 1 1 11 100 12 1 1 1 10 12 1 10 12 1 1 100 1 1 1 1 5 0 1 1 1 1 1 1 1 1 1 1 1 1 1 1 1 1 1 1 1 1 1 1 100 1 1 1 1 1 1 1 1 1 1 1 1 1 1 1 1 1 1 1 1 1 1 1 1 1 1 1 1 1 1 1 1 1 1 1 1 1 1 1 1 1 1 1 1 1
ciInstanceKlass java/util/Hashtable$Entry 1 1 98 10 7 12 1 1 1 9 7 12 1 1 1 9 12 1 1 9 12 1 9 12 1 1 10 12 1 1 10 12 1 100 1 10 7 1 11 12 1 10 12 1 1 11 12 1 10 100 12 1 1 1 7 1 10 10 12 1 1 10 12 1 1 8 1 10 1 1 1 1 1 1 1 1 1 1 1 1 1 1 1 1 1 1 1 1 1 1 1 1 1 1 7 1 1 1 7 1
ciInstanceKlass jdk/internal/ref/CleanerImpl$PhantomCleanableRef 1 1 51 10 7 12 1 1 1 9 7 12 1 1 1 10 12 1 11 7 12 1 1 100 1 8 1 10 12 1 8 1 1 1 1 1 1 1 1 1 1 1 1 1 1 1 1 1 1 100 1 1 1
ciInstanceKlass java/lang/ref/Cleaner$Cleanable 1 0 14 100 1 100 1 1 1 1 1 1 100 1 1 1
instanceKlass sun/security/util/DerOutputStream
ciInstanceKlass java/io/ByteArrayOutputStream 1 1 145 10 7 12 1 1 1 10 7 12 1 1 100 1 7 1 10 8 1 10 12 1 1 10 12 1 10 12 1 1 10 12 1 9 12 1 1 10 7 12 1 1 1 10 7 12 1 1 1 9 12 1 1 10 12 1 10 7 12 1 1 10 7 12 1 1 1 10 12 1 1 10 7 12 1 1 1 10 12 1 1 10 12 1 10 7 1 10 12 10 12 1 10 12 1 10 12 1 1 1 1 1 1 1 1 1 1 1 1 1 1 1 1 1 1 1 1 7 1 7 1 100 1 100 1 1 1 1 1 1 1 1 100 1 1 1 1 1 1 1 1 1 1 1 1
ciMethod java/io/ByteArrayOutputStream <init> ()V 1024 0 5527 0 0
ciMethod java/io/ByteArrayOutputStream <init> (I)V 1024 0 5544 0 0
ciInstanceKlass jdk/internal/loader/URLClassPath 1 1 495 10 7 12 1 1 1 7 1 10 9 7 12 1 1 1 7 1 10 9 12 1 1 9 12 1 1 10 12 1 7 1 10 10 12 1 1 10 9 12 1 9 12 1 1 8 1 11 100 12 1 1 1 9 12 1 1 9 12 1 9 12 1 1 10 12 1 9 7 12 1 1 1 10 7 12 1 1 1 10 12 1 1 10 12 1 10 12 1 1 10 12 1 1 10 12 1 1 10 12 1 1 7 1 7 1 10 10 100 12 1 1 1 10 12 1 1 11 7 12 1 1 11 12 1 1 7 1 10 12 1 7 1 11 7 1 10 12 1 10 12 1 1 10 12 1 1 10 12 1 10 12 1 1 10 7 12 1 1 1 10 12 1 1 100 1 10 12 1 1 10 12 1 1 9 12 1 9 7 12 1 1 1 7 1 10 8 1 10 12 1 1 8 1 10 12 1 1 10 100 12 1 1 10 12 1 1 7 1 10 12 1 10 100 1 10 10 12 1 1 10 12 1 10 7 12 1 1 1 10 12 1 10 12 1 10 12 1 1 10 12 1 1 100 1 8 1 10 12 1 8 1 10 12 1 1 7 1 10 12 1 10 7 12 1 1 1 7 1 10 12 1 1 9 12 1 1 11 100 12 1 1 1 10 12 1 10 12 1 7 1 10 12 1 1 10 12 1 1 10 100 12 1 1 1 10 7 12 1 1 1 100 1 10 100 12 1 1 8 1 10 12 1 10 12 1 10 12 1 100 1 8 1 100 1 10 12 1 1 10 12 1 10 12 1 10 12 1 1 10 7 12 1 1 1 8 1 10 7 12 1 1 1 9 12 1 8 1 8 1 8 1 10 12 1 9 12 1 8 1 8 1 9 12 1 8 1 9 12 1 10 7 12 1 1 1 1 1 8 1 1 1 1 1 1 1 1 1 1 1 1 1 1 1 1 1 1 7 1 1 1 1 1 1 1 1 1 1 1 1 1 1 1 1 1 1 7 1 1 1 1 1 1 1 1 1 1 1 1 1 1 1 1 1 1 1 1 1 1 1 1 1 1 1 1 1 1 1 1 1 1 1 1 1 1 1 1 1 1 100 1 100 1 100 1 100 1 100 1 100 1 1 1 1 1
staticfield jdk/internal/loader/URLClassPath JAVA_VERSION Ljava/lang/String; "23.0.2"
staticfield jdk/internal/loader/URLClassPath DEBUG Z 0
staticfield jdk/internal/loader/URLClassPath DISABLE_JAR_CHECKING Z 0
staticfield jdk/internal/loader/URLClassPath DISABLE_ACC_CHECKING Z 0
staticfield jdk/internal/loader/URLClassPath DISABLE_CP_URL_CHECK Z 0
staticfield jdk/internal/loader/URLClassPath DEBUG_CP_URL_CHECK Z 0
staticfield jdk/internal/loader/URLClassPath JNUA Ljdk/internal/access/JavaNetURLAccess; java/net/URL$3
ciMethod jdk/internal/loader/URLClassPath getResource (Ljava/lang/String;Z)Ljdk/internal/loader/Resource; 478 472 1056 0 0
ciMethod jdk/internal/loader/URLClassPath push ([Ljava/net/URL;)V 0 0 1 0 -1
ciMethod jdk/internal/loader/URLClassPath getLoader (Ljava/net/URL;)Ljdk/internal/loader/URLClassPath$Loader; 4 0 134 2 -1
ciMethod jdk/internal/loader/URLClassPath getLoader (I)Ljdk/internal/loader/URLClassPath$Loader; 514 4 6666 0 7450
instanceKlass sun/net/www/protocol/jrt/JavaRuntimeURLConnection$1
instanceKlass jdk/internal/loader/URLClassPath$JarLoader$2
ciInstanceKlass jdk/internal/loader/Resource 1 1 117 10 7 12 1 1 1 9 7 12 1 1 1 10 12 1 1 10 12 1 10 7 12 1 1 1 10 12 1 1 100 1 7 1 3 10 7 12 1 1 1 10 7 12 1 1 1 10 7 12 1 1 1 100 1 8 1 10 12 1 10 12 1 100 1 10 12 1 1 10 12 1 7 1 11 12 1 1 1 1 1 1 1 1 1 1 1 1 1 1 1 1 1 1 1 1 1 1 1 1 1 1 1 1 100 7 1 1 1 1 1 1 1 1 1 1 1
ciMethod jdk/internal/loader/Resource getBytes ()[B 512 1482 2488 0 -1
ciMethod jdk/internal/loader/Resource getInputStream ()Ljava/io/InputStream; 0 0 1 0 -1
ciMethod jdk/internal/loader/Resource getCodeSourceURL ()Ljava/net/URL; 0 0 1 0 -1
ciMethod jdk/internal/loader/Resource getManifest ()Ljava/util/jar/Manifest; 0 0 1 0 -1
ciMethod jdk/internal/loader/Resource getByteBuffer ()Ljava/nio/ByteBuffer; 734 0 2488 0 0
ciMethod jdk/internal/loader/Resource getCodeSigners ()[Ljava/security/CodeSigner; 0 0 1 0 -1
ciMethod jdk/internal/loader/Resource cachedInputStream ()Ljava/io/InputStream; 512 0 5004 0 -1
ciInstanceKlass jdk/internal/access/JavaUtilJarAccess 1 0 20 100 1 100 1 1 1 1 100 1 1 1 1 1 1 1 1 1 1 1
ciMethod jdk/internal/access/JavaUtilJarAccess getTrustedAttributes (Ljava/util/jar/Manifest;Ljava/lang/String;)Ljava/util/jar/Attributes; 0 0 1 0 -1
ciMethod jdk/internal/access/JavaUtilJarAccess ensureInitialization (Ljava/util/jar/JarFile;)V 0 0 1 0 -1
ciInstanceKlass java/util/jar/Attributes$Name 1 1 231 9 7 12 1 1 1 11 7 12 1 1 1 10 12 1 1 10 7 12 1 1 10 12 1 1 9 12 1 1 10 7 12 1 1 1 9 12 1 1 8 10 7 12 1 1 1 10 12 1 1 100 1 10 10 12 1 1 10 12 1 1 11 12 1 1 10 7 12 1 1 1 8 1 9 12 1 1 8 1 9 12 1 8 1 9 12 1 8 1 9 12 1 8 1 9 12 1 8 1 9 12 1 8 1 9 12 1 8 1 9 12 1 8 1 9 12 1 8 1 9 12 1 8 1 9 12 1 8 1 9 12 1 8 1 9 12 1 8 1 9 12 1 8 1 9 12 1 8 1 9 12 1 8 1 9 12 1 8 1 9 12 1 7 1 10 12 1 10 12 1 1 8 1 8 1 8 1 8 1 8 1 8 1 8 1 8 1 8 1 11 12 1 1 1 1 1 1 1 1 1 1 1 1 1 1 1 1 1 1 1 1 1 1 1 1 1 1 1 1 1 1 1 1 1 1 1 1 100 1 1
staticfield java/util/jar/Attributes$Name MANIFEST_VERSION Ljava/util/jar/Attributes$Name; java/util/jar/Attributes$Name
staticfield java/util/jar/Attributes$Name SIGNATURE_VERSION Ljava/util/jar/Attributes$Name; java/util/jar/Attributes$Name
staticfield java/util/jar/Attributes$Name CONTENT_TYPE Ljava/util/jar/Attributes$Name; java/util/jar/Attributes$Name
staticfield java/util/jar/Attributes$Name CLASS_PATH Ljava/util/jar/Attributes$Name; java/util/jar/Attributes$Name
staticfield java/util/jar/Attributes$Name MAIN_CLASS Ljava/util/jar/Attributes$Name; java/util/jar/Attributes$Name
staticfield java/util/jar/Attributes$Name SEALED Ljava/util/jar/Attributes$Name; java/util/jar/Attributes$Name
staticfield java/util/jar/Attributes$Name EXTENSION_LIST Ljava/util/jar/Attributes$Name; java/util/jar/Attributes$Name
staticfield java/util/jar/Attributes$Name EXTENSION_NAME Ljava/util/jar/Attributes$Name; java/util/jar/Attributes$Name
staticfield java/util/jar/Attributes$Name EXTENSION_INSTALLATION Ljava/util/jar/Attributes$Name; java/util/jar/Attributes$Name
staticfield java/util/jar/Attributes$Name IMPLEMENTATION_TITLE Ljava/util/jar/Attributes$Name; java/util/jar/Attributes$Name
staticfield java/util/jar/Attributes$Name IMPLEMENTATION_VERSION Ljava/util/jar/Attributes$Name; java/util/jar/Attributes$Name
staticfield java/util/jar/Attributes$Name IMPLEMENTATION_VENDOR Ljava/util/jar/Attributes$Name; java/util/jar/Attributes$Name
staticfield java/util/jar/Attributes$Name IMPLEMENTATION_VENDOR_ID Ljava/util/jar/Attributes$Name; java/util/jar/Attributes$Name
staticfield java/util/jar/Attributes$Name IMPLEMENTATION_URL Ljava/util/jar/Attributes$Name; java/util/jar/Attributes$Name
staticfield java/util/jar/Attributes$Name SPECIFICATION_TITLE Ljava/util/jar/Attributes$Name; java/util/jar/Attributes$Name
staticfield java/util/jar/Attributes$Name SPECIFICATION_VERSION Ljava/util/jar/Attributes$Name; java/util/jar/Attributes$Name
staticfield java/util/jar/Attributes$Name SPECIFICATION_VENDOR Ljava/util/jar/Attributes$Name; java/util/jar/Attributes$Name
staticfield java/util/jar/Attributes$Name MULTI_RELEASE Ljava/util/jar/Attributes$Name; java/util/jar/Attributes$Name
ciInstanceKlass java/util/jar/Attributes 1 1 316 10 7 12 1 1 1 10 7 12 1 1 10 7 12 1 1 1 9 12 1 1 10 12 1 11 7 12 1 1 1 10 7 12 1 1 1 10 7 1 11 12 1 1 10 11 12 1 11 12 1 1 11 12 1 10 7 12 1 1 7 1 10 11 12 1 1 11 100 12 1 1 1 11 7 12 1 1 1 11 12 1 1 100 1 11 12 1 11 12 1 11 12 1 11 12 1 1 11 12 1 11 12 1 11 12 1 1 11 12 1 11 12 1 10 12 1 7 1 10 10 10 12 1 10 12 1 1 10 12 1 1 8 1 10 12 1 10 10 7 12 1 1 1 10 12 1 1 9 12 1 1 10 10 12 1 9 12 1 9 7 12 1 1 1 10 12 1 1 10 100 12 1 1 1 10 12 1 1 10 12 1 1 7 1 10 10 7 12 1 1 1 100 1 10 8 1 10 12 1 1 8 1 10 12 1 8 1 10 12 1 10 12 1 1 10 12 1 10 12 1 8 1 10 12 1 10 12 1 1 8 1 10 100 12 1 1 1 8 1 8 1 10 12 1 100 1 8 1 8 1 7 1 1 1 1 1 1 1 1 1 1 1 1 1 1 1 1 1 1 1 1 1 1 1 1 1 1 1 1 1 1 1 1 1 1 1 1 1 1 1 1 1 1 1 1 1 1 1 1 1 1 1 1 1 1 1 100 1 1 1 1 1 1 1 1
ciMethod java/util/jar/Attributes size ()I 1024 0 4413 0 -1
ciMethod java/util/jar/Attributes get (Ljava/lang/Object;)Ljava/lang/Object; 316 0 3664 0 -1
ciMethod java/util/jar/Attributes getValue (Ljava/util/jar/Attributes$Name;)Ljava/lang/String; 316 0 3662 0 0
ciMethod java/util/jar/Attributes read (Ljava/util/jar/Manifest$FastInputStream;[BLjava/lang/String;I)I 1024 978 4402 0 -1
ciMethod java/util/jar/Attributes <init> (I)V 1024 0 4479 0 0
ciMethod java/util/jar/Attributes <init> ()V 4 0 66 0 0
instanceKlass sun/net/www/protocol/jar/URLJarFile
ciInstanceKlass java/util/jar/JarFile 1 1 695 7 1 9 12 1 1 9 12 1 100 1 10 12 1 1 7 1 10 12 1 10 12 1 10 12 1 9 12 1 1 10 7 12 1 1 1 9 12 1 10 7 12 1 1 1 9 12 1 9 12 1 1 10 7 12 1 1 1 10 12 1 1 9 12 1 10 12 1 1 9 12 9 12 1 10 12 1 1 100 1 10 12 1 1 9 12 1 1 10 7 12 1 1 1 7 1 10 12 1 1 10 12 1 1 9 12 1 9 12 1 1 11 7 12 1 1 1 7 1 10 7 12 1 1 1 10 12 1 9 12 1 1 9 12 1 1 8 1 10 100 12 1 1 7 1 10 12 1 10 10 12 1 10 12 1 1 10 12 1 10 7 12 1 1 7 1 10 12 1 1 10 12 1 10 12 1 1 10 12 1 1 10 11 12 1 1 11 12 1 1 11 12 1 18 12 1 1 11 100 12 1 1 1 18 12 1 1 11 12 1 1 11 12 1 1 18 18 10 12 7 1 10 12 1 8 1 10 7 12 1 1 1 10 12 1 10 12 1 1 10 12 1 1 100 1 10 12 1 8 1 11 12 1 1 7 1 10 12 10 12 1 1 10 12 1 8 1 10 12 10 12 1 1 10 12 1 11 12 1 1 10 12 1 11 12 1 1 11 7 12 1 1 1 11 7 12 1 1 11 12 1 10 12 1 1 100 1 8 1 10 7 1 9 12 1 1 10 12 1 8 1 10 12 1 9 12 1 1 10 12 1 1 10 12 1 1 100 1 8 1 10 7 12 1 1 10 12 1 8 1 10 12 1 8 1 10 7 12 1 1 1 9 7 12 1 1 8 1 10 12 1 8 1 10 8 1 8 1 10 3 10 12 1 1 10 12 1 1 100 1 8 1 8 1 10 8 1 10 12 1 10 12 1 10 12 1 10 12 1 1 7 1 10 12 1 10 12 1 1 9 12 1 1 9 12 1 10 7 12 1 1 9 12 1 9 12 1 9 12 1 9 12 1 10 12 1 1 9 12 1 9 12 1 9 12 1 7 1 10 7 1 10 12 1 10 12 1 1 9 100 12 1 1 1 10 12 1 1 10 7 12 1 1 9 7 12 1 1 1 10 7 12 1 1 10 12 1 7 1 10 12 10 12 1 10 12 1 10 7 12 1 1 1 10 12 1 1 7 1 10 10 7 12 1 1 1 10 12 1 1 8 1 10 7 12 1 1 1 10 7 12 1 1 10 12 1 8 1 8 1 10 12 1 10 12 1 8 1 10 12 1 1 8 1 1 1 1 1 1 1 1 8 1 1 1 1 1 1 1 1 1 1 1 1 1 1 1 1 1 1 1 1 1 1 1 1 1 100 1 1 1 1 1 1 1 1 1 1 1 1 1 1 1 1 1 100 1 1 1 1 1 1 1 1 1 1 1 1 1 1 1 1 1 100 1 1 1 1 1 1 1 1 1 1 1 1 7 1 1 1 1 1 1 1 1 1 1 1 1 1 16 15 10 12 16 16 15 10 12 1 16 15 16 16 1 15 10 100 12 1 1 1 1 1 1 1 1 1 1 100 1 100 1 1
staticfield java/util/jar/JarFile BASE_VERSION Ljava/lang/Runtime$Version; java/lang/Runtime$Version
staticfield java/util/jar/JarFile BASE_VERSION_FEATURE I 8
staticfield java/util/jar/JarFile RUNTIME_VERSION Ljava/lang/Runtime$Version; java/lang/Runtime$Version
staticfield java/util/jar/JarFile MULTI_RELEASE_ENABLED Z 1
staticfield java/util/jar/JarFile MULTI_RELEASE_FORCED Z 0
staticfield java/util/jar/JarFile JUZFA Ljdk/internal/access/JavaUtilZipFileAccess; java/util/zip/ZipFile$1
staticfield java/util/jar/JarFile CLASSPATH_CHARS [B 12
staticfield java/util/jar/JarFile CLASSPATH_LASTOCC [B 65
staticfield java/util/jar/JarFile CLASSPATH_OPTOSFT [B 12
staticfield java/util/jar/JarFile MULTIRELEASE_CHARS [B 19
staticfield java/util/jar/JarFile MULTIRELEASE_LASTOCC [B 65
staticfield java/util/jar/JarFile MULTIRELEASE_OPTOSFT [B 19
ciInstanceKlass java/util/zip/ZipConstants 1 0 78 100 1 100 1 1 1 1 5 0 1 5 0 1 5 0 1 5 0 1 1 3 1 3 1 3 1 3 1 3 1 3 1 3 1 3 1 3 1 3 1 1 3 1 3 1 1 1 3 1 1 1 1 1 1 1 3 1 3 1 1 1 3 1 3 1 3 1 3 1 3 1 1 1 1 1 1 1
instanceKlass java/util/jar/JarFile
ciInstanceKlass java/util/zip/ZipFile 1 1 566 7 1 7 1 7 1 10 12 1 1 7 1 10 12 1 9 7 12 1 1 1 10 12 1 10 7 12 1 1 100 1 7 1 10 8 1 10 12 1 1 10 7 12 1 1 1 10 12 1 1 10 10 12 1 10 7 12 1 1 1 10 7 12 1 1 10 12 1 8 1 10 7 12 1 1 1 9 12 1 1 10 12 1 9 12 1 10 12 1 1 7 1 10 7 12 1 1 1 10 12 1 9 12 1 1 10 7 12 1 1 1 10 12 1 1 10 12 1 10 12 1 10 12 1 9 12 1 1 9 7 12 1 1 1 9 12 1 1 10 12 1 8 1 10 12 1 1 10 12 1 1 8 1 9 12 1 1 9 12 1 9 12 10 12 1 1 9 12 1 1 7 1 9 12 1 10 12 1 10 12 1 1 11 7 12 1 1 1 10 12 1 1 5 0 5 0 5 0 5 0 7 1 10 12 1 100 1 8 1 10 8 1 10 12 1 1 100 1 9 12 1 10 12 1 100 1 18 12 1 1 10 12 1 10 100 12 1 1 1 10 12 1 10 12 1 1 7 1 10 12 1 18 18 10 12 1 10 12 1 10 7 12 1 1 1 10 12 1 1 8 1 10 12 1 1 10 12 1 7 1 9 12 1 1 11 7 12 1 1 1 10 10 12 1 9 12 1 10 12 1 9 12 1 1 10 12 1 9 12 1 9 12 1 10 12 1 9 12 1 9 12 1 10 12 1 10 12 1 3 9 12 1 10 7 12 1 1 1 10 12 1 1 9 12 9 12 1 1 10 12 1 100 1 10 12 1 1 100 1 8 1 10 8 1 8 1 9 12 1 1 9 12 1 7 1 10 10 12 1 11 7 1 11 12 1 1 9 12 1 9 12 1 8 1 10 7 12 1 1 1 8 1 10 12 1 100 1 10 12 1 9 12 1 7 1 10 10 7 12 1 1 1 7 1 1 1 1 1 3 1 3 1 3 1 3 1 1 1 1 1 1 100 1 1 1 1 1 1 1 1 1 1 100 1 1 1 1 1 1 7 1 1 1 1 1 1 1 1 1 1 1 1 1 7 1 1 1 1 1 1 1 1 1 1 1 1 1 1 1 1 1 1 100 1 1 1 1 1 1 1 1 1 1 1 100 1 1 1 1 1 1 1 1 1 1 1 1 1 1 1 1 1 100 1 100 1 100 1 100 1 1 16 1 15 10 12 16 15 16 15 10 12 16 15 10 100 12 1 1 1 1 1 1 1 1 1 1 1 1 1 100 1 100 1 1
staticfield java/util/zip/ZipFile DISABLE_ZIP64_EXTRA_VALIDATION Z 0
ciMethod java/util/zip/ZipFile getName ()Ljava/lang/String; 12 0 6 0 0
ciMethod java/util/zip/ZipFile getInputStream (Ljava/util/zip/ZipEntry;)Ljava/io/InputStream; 436 0 2720 0 0
ciMethod java/util/zip/ZipFile getEntry (Ljava/lang/String;)Ljava/util/zip/ZipEntry; 514 0 7351 0 -1
ciMethod java/util/zip/ZipFile ensureOpen ()V 512 0 5407 0 -1
ciMethod java/util/zip/ZipFile getManifestNum ()I 0 0 4 0 0
ciMethod java/util/jar/JarFile getEntry (Ljava/lang/String;)Ljava/util/zip/ZipEntry; 514 0 6757 0 -1
ciMethod java/util/jar/JarFile getManifest ()Ljava/util/jar/Manifest; 172 0 2492 0 0
ciMethod java/util/jar/JarFile getJarEntry (Ljava/lang/String;)Ljava/util/jar/JarEntry; 514 0 7872 0 -1
ciMethod java/util/jar/JarFile ensureInitialization ()V 734 0 2489 0 0
ciMethod java/util/jar/JarFile getBytes (Ljava/util/zip/ZipEntry;)[B 4 0 177 0 0
ciMethod java/util/jar/JarFile getManifestFromReference ()Ljava/util/jar/Manifest; 172 0 2796 0 0
ciMethod java/util/jar/JarFile getManEntry ()Ljava/util/jar/JarEntry; 8 0 223 0 0
ciMethod java/util/jar/JarFile maybeInstantiateVerifier ()V 514 0 5437 0 6626
ciMethod java/util/jar/JarFile initializeVerifier ()V 0 0 3 0 0
ciMethod java/util/jar/JarFile beginInit ()Ljava/lang/Object; 0 0 3 0 0
ciMethod java/util/jar/JarFile endInit (Ljava/lang/Object;)V 0 0 3 0 0
ciInstanceKlass java/util/jar/JarVerifier 1 1 390 10 7 12 1 1 1 9 7 12 1 1 1 9 12 1 9 12 1 9 12 1 1 9 12 1 1 7 1 10 9 12 1 1 9 12 1 10 12 1 9 12 1 7 1 10 9 12 1 1 7 1 10 9 12 1 1 9 12 1 1 7 1 10 9 12 1 1 9 12 1 1 7 1 10 8 1 10 12 1 1 10 7 12 1 1 1 10 12 1 10 7 12 1 1 1 10 7 12 1 1 1 10 12 1 1 10 7 12 1 1 1 9 7 12 1 1 1 10 7 12 1 1 1 100 1 8 1 10 12 1 1 8 1 10 12 1 10 12 1 10 12 1 8 1 10 12 1 10 12 1 1 8 1 10 12 1 10 12 1 1 10 12 1 10 12 1 1 10 12 1 1 10 12 1 10 12 10 12 1 1 9 12 1 1 10 12 1 1 10 12 1 1 9 12 1 1 8 1 8 1 10 12 1 10 12 1 1 10 12 1 10 12 1 1 10 12 1 1 10 12 1 1 11 7 12 1 1 11 12 1 1 10 12 1 8 1 10 12 1 1 10 12 1 1 10 12 1 1 9 12 1 9 12 1 1 7 1 10 12 10 12 1 10 12 1 7 8 1 10 12 1 7 1 7 1 7 1 7 1 8 1 10 12 1 10 12 1 1 7 10 7 12 1 1 1 10 7 12 1 1 1 10 12 1 1 10 12 1 7 1 10 12 1 1 7 10 12 1 10 12 1 8 1 10 12 1 1 1 1 1 1 1 1 1 1 1 1 1 1 1 1 1 1 1 1 1 1 1 1 1 1 1 1 1 1 1 1 1 1 1 1 1 1 1 7 1 7 1 1 1 1 1 1 1 1 1 1 1 1 1 1 1 1 1 1 100 1 1 1
staticfield java/util/jar/JarVerifier debug Lsun/security/util/Debug; null
ciMethod java/util/jar/JarVerifier update (I[BIILsun/security/util/ManifestEntryVerifier;)V 516 0 1015 0 -1
ciMethod java/util/jar/JarVerifier isTrustedManifestEntry (Ljava/lang/String;)Z 0 0 1 0 -1
ciMethod java/util/jar/JarVerifier beginEntry (Ljava/util/jar/JarEntry;Lsun/security/util/ManifestEntryVerifier;)V 512 0 310 0 -1
ciMethod java/util/jar/JarVerifier doneWithMeta ()V 6 0 3 0 -1
ciMethod java/util/jar/JarVerifier nothingToVerify ()Z 6 0 3 0 -1
ciMethod java/util/jar/JarVerifier <init> (Ljava/lang/String;[B)V 6 0 3 0 0
ciInstanceKlass java/util/jar/Manifest$FastInputStream 1 1 96 10 7 12 1 1 1 10 7 12 1 1 9 12 1 1 9 12 1 9 12 1 1 10 12 1 1 10 100 12 1 1 1 9 12 1 1 10 7 12 1 1 1 10 7 12 1 1 1 10 12 1 10 12 1 1 10 12 1 1 10 12 1 1 1 1 1 1 1 1 1 100 1 1 1 1 1 1 1 1 1 1 1 1 100 1 1 1 1 1 1 1 100 1 1 1
ciMethod java/util/jar/Manifest$FastInputStream readLine ([B)I 976 0 10644 0 -1
ciMethod java/util/jar/Manifest$FastInputStream peek ()B 1024 0 6581 0 -1
ciMethod java/util/jar/Manifest$FastInputStream <init> (Ljava/io/InputStream;)V 4 0 67 0 -1
ciInstanceKlass jdk/internal/loader/BuiltinClassLoader$LoadedModule 1 1 95 10 7 12 1 1 1 10 7 12 1 1 1 10 7 12 1 1 1 7 1 9 7 12 1 1 1 8 1 10 12 1 1 10 7 12 1 1 1 10 12 1 1 9 12 1 1 9 12 1 1 9 12 1 1 10 12 1 1 10 7 12 1 1 10 12 1 1 100 1 100 1 1 1 1 1 1 1 1 1 1 1 7 1 7 1 1 1 7 1 1 1 1 1 1
ciMethod jdk/internal/loader/BuiltinClassLoader$LoadedModule loader ()Ljdk/internal/loader/BuiltinClassLoader; 68 0 34 0 0
ciInstanceKlass jdk/internal/loader/ClassLoaders$BootClassLoader 1 1 42 10 7 12 1 1 1 9 7 12 1 1 1 11 7 12 1 1 1 100 1 1 1 1 1 1 1 1 1 1 1 1 1 1 1 1 1 1 1 1 1 1
ciMethod jdk/internal/loader/ClassLoaders$BootClassLoader loadClassOrNull (Ljava/lang/String;Z)Ljava/lang/Class; 512 0 2825 0 0
ciInstanceKlass sun/net/util/URLUtil 1 1 146 10 7 12 1 1 1 7 1 10 10 7 12 1 1 1 8 1 8 1 8 1 9 100 12 1 1 1 10 7 12 1 1 1 10 12 1 1 8 1 10 12 1 10 12 1 1 10 12 1 1 10 12 1 8 1 10 12 1 10 12 1 10 12 1 10 8 1 10 12 1 1 8 1 10 7 12 1 1 1 8 1 8 1 8 1 10 12 1 1 10 12 1 10 12 1 1 10 12 1 10 12 1 1 10 100 12 1 1 1 10 12 1 10 12 1 100 1 10 1 1 1 1 1 1 1 1 1 1 1 1 1 1 1 1 1 1 1 1 1 1 1 100 1 1 1
ciMethod sun/net/util/URLUtil urlNoFragString (Ljava/net/URL;)Ljava/lang/String; 264 0 2699 0 -1
instanceKlass java/util/concurrent/ConcurrentHashMap$ForwardingNode
instanceKlass java/util/concurrent/ConcurrentHashMap$ReservationNode
ciInstanceKlass java/util/concurrent/ConcurrentHashMap$Node 1 1 97 10 7 12 1 1 1 9 7 12 1 1 1 9 12 1 1 9 12 1 10 12 1 9 12 1 1 10 12 1 1 10 100 12 1 1 1 100 1 10 100 1 11 12 1 1 11 12 1 10 12 1 1 1 1 1 1 1 1 1 1 1 1 1 1 1 1 1 1 1 1 1 1 1 1 1 1 1 1 1 1 1 1 1 1 1 1 1 1 1 100 1 1 1 100 1 1
ciMethod java/util/concurrent/ConcurrentHashMap$Node find (ILjava/lang/Object;)Ljava/util/concurrent/ConcurrentHashMap$Node; 0 0 1 0 -1
ciMethod java/util/concurrent/ConcurrentHashMap$Node <init> (ILjava/lang/Object;Ljava/lang/Object;)V 514 0 13279 0 -1
ciInstanceKlass java/util/concurrent/ConcurrentHashMap$ReservationNode 1 1 34 100 1 10 7 12 1 1 1 100 1 1 1 1 1 1 1 1 1 1 1 1 1 1 1 1 1 1 1 1 1 1 1 1
ciInstanceKlass java/util/concurrent/ConcurrentHashMap$ForwardingNode 1 1 71 100 1 10 7 12 1 1 1 9 7 12 1 1 1 10 12 1 1 9 12 1 1 9 12 1 1 10 100 12 1 1 1 10 12 1 1 9 12 1 1 1 1 1 1 1 1 1 1 1 1 1 1 1 1 1 1 1 1 1 1 1 100 1 1 1 1 1 1 1 1
ciInstanceKlass java/util/ArrayList$Itr 1 1 104 9 7 12 1 1 1 10 7 12 1 1 1 9 12 1 1 9 7 12 1 1 9 12 1 9 12 1 9 12 1 10 12 1 100 1 10 9 12 1 1 100 1 10 100 1 10 10 12 1 1 100 1 10 100 12 1 1 1 10 12 1 1 11 100 12 1 1 1 100 1 1 1 1 1 1 1 1 1 1 1 1 1 1 1 1 100 1 1 1 1 1 1 1 1 1 1 1 1 1 1 1 1 1
ciInstanceKlass jdk/internal/access/JavaUtilZipFileAccess 1 0 31 100 1 100 1 1 1 1 1 1 1 1 1 1 1 1 1 1 1 1 1 1 1 1 1 1 1 1 1 1 1
ciMethod jdk/internal/access/JavaUtilZipFileAccess getManifestNum (Ljava/util/jar/JarFile;)I 0 0 1 0 -1
ciMethod jdk/internal/access/JavaUtilZipFileAccess getManifestName (Ljava/util/jar/JarFile;Z)Ljava/lang/String; 0 0 1 0 -1
ciMethod jdk/internal/access/JavaUtilZipFileAccess getManifestAndSignatureRelatedFiles (Ljava/util/jar/JarFile;)Ljava/util/List; 0 0 1 0 -1
ciInstanceKlass java/lang/ref/ReferenceQueue$Null 1 1 29 10 7 12 1 1 1 100 1 1 1 1 1 1 1 1 1 1 1 1 1 1 1 1 1 1 1 1 1
ciInstanceKlass java/util/Collections$SetFromMap 1 1 182 10 7 12 1 1 1 9 7 12 1 1 1 11 7 12 1 1 1 9 12 1 1 11 12 1 11 12 1 1 11 12 1 1 11 12 1 1 11 12 1 1 9 7 12 1 1 1 11 12 1 1 11 7 12 1 1 1 11 12 1 1 11 12 1 11 12 1 1 11 12 1 11 12 1 11 12 1 1 11 12 1 11 12 1 11 12 1 1 11 12 1 1 11 12 1 1 11 12 1 1 11 12 1 10 100 12 1 1 100 1 8 1 10 12 1 7 1 1 1 1 1 1 1 5 0 1 1 1 1 1 1 1 1 1 1 1 1 1 1 1 1 1 1 1 1 1 1 1 1 1 1 1 1 1 1 1 1 1 1 1 1 1 1 1 1 1 100 1 7 1 1 100 1 1 1 1 1 100 1 1 1
instanceKlass sun/net/www/protocol/jar/URLJarFile$URLJarFileEntry
instanceKlass java/util/jar/JarFile$JarFileEntry
ciInstanceKlass java/util/jar/JarEntry 1 1 60 10 7 12 1 1 1 10 12 1 10 7 1 9 12 1 1 9 12 1 1 9 12 1 1 10 100 12 1 1 10 100 10 12 1 1 1 1 1 1 1 1 1 1 1 1 1 1 1 1 100 1 1 1 1 1 1 1 1 1
instanceKlass java/util/jar/JarEntry
ciInstanceKlass java/util/zip/ZipEntry 1 1 327 100 1 7 1 10 7 12 1 1 1 5 0 9 7 12 1 1 1 9 12 1 9 12 1 9 12 1 9 12 1 1 9 12 1 1 9 12 1 9 12 1 8 1 10 7 12 1 1 1 10 7 12 1 1 1 3 100 1 8 1 10 12 1 9 12 1 8 1 9 12 1 1 9 12 1 9 12 1 9 12 1 1 9 12 1 10 12 1 1 5 0 5 0 10 12 1 1 10 100 12 1 1 9 100 12 1 1 1 10 100 12 1 1 1 10 12 1 1 10 12 1 10 12 1 10 12 1 10 12 1 10 12 1 10 12 1 5 0 10 12 1 3 10 100 12 1 1 1 10 100 12 1 1 1 10 12 1 1 10 12 1 10 10 12 1 1 5 0 5 0 5 0 5 0 5 0 5 0 10 12 1 8 1 10 12 1 1 10 12 1 8 1 8 1 8 1 8 1 8 1 10 12 1 1 8 1 10 12 1 1 10 12 1 1 5 0 10 12 1 1 10 7 12 1 1 1 10 12 1 10 12 1 8 1 10 12 1 1 10 12 1 1 10 12 1 10 12 1 1 10 100 100 1 7 1 10 12 1 7 1 7 1 1 1 3 1 3 1 1 1 1 1 1 1 1 1 1 1 1 1 1 1 1 1 1 1 1 1 1 1 1 1 1 1 1 1 1 1 1 1 1 1 1 1 1 1 1 1 1 1 1 1 1 1 1 1 1 1 1 1 1 1 1 1 1 1
ciMethod java/util/zip/ZipEntry getName ()Ljava/lang/String; 256 0 128 0 -1
ciMethod java/util/zip/ZipEntry getSize ()J 256 0 128 0 -1
ciMethod java/util/zip/ZipEntry getCrc ()J 256 0 128 0 -1
ciMethod java/util/jar/JarEntry getCodeSigners ()[Ljava/security/CodeSigner; 0 0 1 0 -1
ciInstanceKlass jdk/internal/module/SystemModuleFinders$SystemModuleReader 1 1 252 10 7 12 1 1 1 10 100 12 1 1 1 10 7 12 1 1 1 10 100 12 1 1 1 10 7 12 1 1 1 100 1 100 1 10 12 1 1 10 7 12 1 1 10 7 12 1 1 1 9 12 1 1 10 7 12 1 1 1 9 12 1 1 8 1 10 12 1 10 7 12 1 1 1 10 7 12 1 1 1 10 12 1 1 10 12 1 1 9 7 12 1 1 1 8 1 7 1 10 8 1 10 12 1 1 10 12 1 1 11 100 12 1 1 1 10 7 12 1 1 1 10 12 1 1 10 12 1 1 18 12 1 1 10 12 1 1 10 7 12 1 1 1 10 12 1 1 7 1 10 12 1 10 12 1 1 10 12 1 1 10 12 1 1 10 12 1 100 1 10 10 100 12 1 1 1 7 1 1 1 1 1 1 1 1 1 1 1 1 1 1 1 1 1 1 1 1 1 1 1 1 1 1 1 1 1 1 1 1 1 1 7 1 1 1 100 1 1 1 1 1 1 1 1 1 1 1 1 1 1 16 15 10 12 16 15 10 7 12 1 1 1 1 1 1 1 100 1 100 1 1
ciInstanceKlass java/util/ArrayDeque 1 1 438 7 1 9 7 12 1 1 1 3 10 12 1 1 10 7 12 1 1 1 9 12 1 1 9 12 1 10 7 12 1 1 1 100 1 8 1 10 12 1 1 3 10 7 12 1 1 7 1 11 7 12 1 1 1 10 12 1 10 12 1 1 100 1 10 100 1 10 10 12 1 10 12 1 10 12 1 10 18 12 1 1 11 12 1 1 10 12 1 1 10 12 1 10 12 1 1 100 1 10 10 12 1 10 12 1 1 10 12 1 1 10 12 1 1 10 12 1 10 12 1 10 12 1 10 12 1 10 12 1 1 7 1 10 12 1 100 1 10 100 1 10 10 100 12 1 1 1 11 100 12 1 10 12 1 1 18 12 1 1 18 11 100 12 1 10 12 1 1 10 12 1 1 10 12 1 1 10 12 1 1 10 12 1 1 10 12 1 7 10 12 1 1 10 12 1 1 10 12 1 1 10 100 12 1 1 10 12 1 100 1 100 1 10 10 100 12 1 1 10 12 1 10 12 1 10 100 12 1 1 10 12 1 10 100 12 1 1 1 11 100 12 1 1 1 10 12 1 7 1 9 12 1 1 8 1 10 12 1 1 10 100 12 1 1 1 8 1 10 12 1 1 10 12 1 11 12 1 7 1 7 1 7 1 1 1 1 1 5 0 1 1 1 1 1 1 1 1 1 1 1 1 1 1 1 1 1 1 1 1 1 1 1 1 1 1 1 1 1 1 1 1 1 1 1 1 1 1 1 1 1 1 1 1 1 1 1 1 1 1 1 1 1 1 1 1 1 1 1 1 1 1 1 1 1 1 1 1 1 1 1 1 1 1 1 1 1 1 1 1 1 1 1 1 1 1 100 1 1 1 1 1 1 1 1 7 1 1 1 1 1 1 1 1 1 1 1 100 1 1 1 7 1 1 1 1 1 1 1 1 1 1 1 16 15 16 15 10 12 15 10 12 15 10 100 12 1 1 1 1 1 1 1 100 1 100 1 1
ciMethod java/util/ArrayDeque pollFirst ()Ljava/lang/Object; 278 0 3584 0 -1
instanceKlass jdk/internal/loader/URLClassPath$JarLoader
ciInstanceKlass jdk/internal/loader/URLClassPath$Loader 1 1 134 10 7 12 1 1 1 9 7 12 1 1 1 7 1 10 100 12 1 1 1 10 12 1 100 1 10 100 12 1 1 1 10 12 1 1 100 1 8 1 10 12 1 1 10 12 1 1 10 100 12 1 1 1 10 12 1 1 10 7 12 1 1 7 1 100 1 10 12 1 1 10 100 12 1 1 1 9 12 1 1 100 1 10 12 1 10 12 1 1 10 100 1 7 1 1 1 1 1 1 1 1 1 1 1 1 1 1 1 1 1 1 1 1 1 1 1 1 7 1 1 1 1 1 100 1 1 1 1 1 1 1 1 1
ciMethod jdk/internal/loader/URLClassPath$Loader getResource (Ljava/lang/String;Z)Ljdk/internal/loader/Resource; 0 0 1 0 -1
ciMethod jdk/internal/loader/URLClassPath$Loader getClassPath ()[Ljava/net/URL; 0 0 1 0 -1
ciInstanceKlass jdk/internal/loader/URLClassPath$JarLoader 1 1 445 7 1 8 1 8 1 7 1 10 12 1 1 10 12 1 1 8 1 10 12 1 10 12 1 1 10 7 12 1 1 1 10 7 12 1 1 9 12 1 1 9 12 1 1 9 12 1 1 10 12 1 7 1 10 12 1 9 12 1 10 7 12 1 1 8 1 10 12 1 10 7 12 1 1 1 7 1 10 12 1 10 7 12 1 1 1 7 1 10 12 1 1 7 1 10 7 12 1 1 1 9 12 1 9 12 1 1 11 100 12 1 1 1 8 1 10 12 1 10 12 1 1 10 12 1 1 7 1 10 10 12 1 1 7 1 10 12 1 10 7 1 10 100 1 10 12 1 1 10 12 1 10 12 1 1 10 12 1 1 8 1 10 12 1 10 12 1 1 8 1 9 12 1 1 10 100 12 1 1 1 100 1 10 12 1 1 10 12 1 10 7 12 1 1 10 7 12 1 1 1 10 12 1 100 1 7 1 10 12 1 10 12 1 1 10 7 12 1 1 7 1 10 12 10 12 1 1 10 12 1 1 10 7 12 1 1 1 11 7 12 1 1 1 10 12 1 1 10 7 12 1 1 1 9 7 12 1 1 1 10 7 12 1 1 1 10 12 1 1 7 1 10 10 12 1 1 10 12 1 10 12 1 9 12 1 10 12 1 1 9 12 1 9 12 1 1 8 1 8 1 10 100 12 1 1 10 100 12 1 1 1 100 1 10 12 1 1 10 12 1 10 12 1 10 12 1 1 9 12 1 1 10 12 1 1 10 12 1 10 10 12 1 10 12 1 10 12 1 1 8 1 10 12 1 10 100 12 1 1 1 10 12 1 100 1 10 12 1 1 1 1 1 1 1 1 1 1 1 1 1 1 1 1 1 100 1 1 1 1 1 1 1 1 1 1 1 1 1 1 1 1 1 1 1 1 7 1 1 1 1 1 1 1 1 1 1 1 1 1 1 1 1 1 1 1 1 1 1 1 1 1 1 1 1 1 1 1 1 100 1 100 1 1 1
staticfield jdk/internal/loader/URLClassPath$JarLoader zipAccess Ljdk/internal/access/JavaUtilZipFileAccess; java/util/zip/ZipFile$1
ciMethod jdk/internal/loader/URLClassPath$JarLoader getResource (Ljava/lang/String;Z)Ljdk/internal/loader/Resource; 514 0 9826 0 3293
ciMethod jdk/internal/loader/URLClassPath$JarLoader checkResource (Ljava/lang/String;ZLjava/util/jar/JarEntry;)Ljdk/internal/loader/Resource; 260 0 2495 0 -1
ciMethod jdk/internal/loader/URLClassPath$JarLoader ensureOpen ()V 514 0 7026 0 -1
ciInstanceKlass jdk/internal/loader/URLClassPath$JarLoader$2 1 1 133 9 7 12 1 1 1 9 12 1 1 9 12 1 1 9 12 1 1 10 7 12 1 1 1 9 12 1 1 9 7 12 1 1 9 12 1 1 10 7 12 1 1 1 10 7 12 1 1 1 10 7 12 1 1 1 11 7 12 1 1 1 10 12 1 1 10 12 1 1 10 12 1 1 10 12 1 1 7 1 10 10 12 1 1 10 12 1 10 12 1 100 1 8 1 10 12 1 1 1 1 1 1 1 1 1 1 1 1 1 1 1 1 1 1 1 1 1 1 1 1 100 1 1 1 12 1 1 1 7 1 1 1
ciMethod jdk/internal/loader/URLClassPath$JarLoader$2 getBytes ()[B 516 0 2502 0 0
ciMethod jdk/internal/loader/URLClassPath$JarLoader$2 getCodeSourceURL ()Ljava/net/URL; 516 0 2306 0 106
ciMethod jdk/internal/loader/URLClassPath$JarLoader$2 getManifest ()Ljava/util/jar/Manifest; 734 0 2489 0 0
ciMethod jdk/internal/loader/URLClassPath$JarLoader$2 getCodeSigners ()[Ljava/security/CodeSigner; 732 0 2502 0 0
ciInstanceKlass jdk/internal/loader/ClassLoaderValue 1 1 44 10 7 12 1 1 1 10 100 12 1 1 1 10 100 12 1 1 1 10 100 12 1 1 1 1 1 1 1 1 1 1 1 1 1 1 1 1 1 1 1 1 1 1
ciInstanceKlass java/lang/Package$VersionInfo 1 1 61 9 7 12 1 1 1 10 12 1 1 10 7 12 1 1 9 12 1 1 9 12 1 9 12 1 9 12 1 9 12 1 9 12 1 9 12 1 1 1 1 1 1 1 1 1 1 1 1 1 1 1 1 1 1 1 1 7 1 1 1
staticfield java/lang/Package$VersionInfo NULL_VERSION_INFO Ljava/lang/Package$VersionInfo; java/lang/Package$VersionInfo
ciMethod java/lang/Package$VersionInfo <init> (Ljava/lang/String;Ljava/lang/String;Ljava/lang/String;Ljava/lang/String;Ljava/lang/String;Ljava/lang/String;Ljava/net/URL;)V 296 0 143 0 -1
ciMethod java/lang/Package$VersionInfo getInstance (Ljava/lang/String;Ljava/lang/String;Ljava/lang/String;Ljava/lang/String;Ljava/lang/String;Ljava/lang/String;Ljava/net/URL;)Ljava/lang/Package$VersionInfo; 390 0 190 0 -1
ciInstanceKlass java/nio/DirectByteBufferR 1 1 263 10 7 12 1 1 1 9 7 12 1 1 1 10 12 1 10 12 1 10 12 1 1 10 12 1 9 12 1 100 1 10 12 1 10 12 1 1 10 12 1 1 9 12 1 1 10 10 100 12 1 1 1 10 12 1 10 12 1 10 12 1 1 100 1 10 9 12 1 9 12 1 1 5 0 9 12 1 100 1 10 12 1 100 1 10 9 12 1 100 1 10 12 1 100 1 10 100 1 10 100 1 10 100 1 10 100 1 10 5 0 100 1 10 100 1 10 7 1 10 100 1 10 5 0 100 1 10 100 1 10 100 1 10 100 1 10 100 1 10 100 1 10 100 1 10 100 1 10 100 1 10 100 1 10 100 1 10 100 1 10 10 12 1 10 12 1 1 10 12 10 7 12 1 1 100 1 1 1 1 1 1 1 1 1 1 1 1 1 1 1 1 1 1 1 1 1 1 1 1 1 1 1 1 1 1 1 1 1 1 1 1 1 1 1 1 1 100 1 1 1 1 1 1 1 100 1 1 1 1 1 1 100 1 1 1 1 1 1 100 1 1 1 1 1 1 1 100 1 1 1 1 1 1 1 100 1 1 1 1 1 1 1
staticfield java/nio/DirectByteBufferR $assertionsDisabled Z 1
ciInstanceKlass java/util/zip/ZipUtils 1 1 331 7 1 7 1 100 1 10 7 12 1 1 1 5 0 5 0 9 7 12 1 1 1 10 7 12 1 1 1 10 12 1 1 9 12 1 5 0 5 0 5 0 5 0 5 0 5 0 10 100 12 1 1 1 10 100 12 1 1 1 10 12 1 1 10 100 12 1 1 1 10 12 1 1 10 12 1 1 100 1 10 12 1 1 100 1 10 12 1 10 12 1 1 10 12 1 10 12 1 1 10 12 1 10 12 1 10 12 1 10 12 1 10 12 1 5 0 10 12 1 1 10 12 1 1 5 0 100 1 5 0 10 100 12 1 1 1 10 12 1 1 10 12 1 1 10 12 1 1 10 12 1 10 12 1 10 12 1 10 12 1 8 1 10 7 12 1 1 1 9 12 1 1 9 12 1 1 10 7 12 1 1 1 7 1 9 12 1 10 12 1 1 10 7 12 1 1 1 9 12 1 1 10 7 12 1 1 1 9 12 1 1 10 12 1 1 8 1 10 12 1 1 8 1 1 1 1 5 0 1 5 0 1 1 3 1 3 1 5 0 1 3 1 1 1 1 1 1 1 1 1 1 1 1 1 1 1 1 1 1 1 1 1 1 1 1 1 1 1 1 1 1 1 1 1 1 1 1 1 1 1 1 1 1 1 1 1 1 1 1 1 1 1 1 1 1 1 1 1 1 1 1 1 1 1 1 1 1 1 1 1 1 1 1 1 1 1 1 1 1 1 1 1 1 1 1 1 1 1 1 1
staticfield java/util/zip/ZipUtils NIO_ACCESS Ljdk/internal/access/JavaNioAccess; java/nio/Buffer$2
staticfield java/util/zip/ZipUtils defaultBuf Ljava/nio/ByteBuffer; java/nio/HeapByteBuffer
staticfield java/util/zip/ZipUtils unsafe Ljdk/internal/misc/Unsafe; jdk/internal/misc/Unsafe
staticfield java/util/zip/ZipUtils byteBufferArrayOffset J 56
staticfield java/util/zip/ZipUtils byteBufferOffsetOffset J 36
ciMethod java/util/zip/ZipUtils CENHOW ([BI)I 1024 0 13475 0 -1
ciMethod java/util/zip/ZipUtils CENLEN ([BI)J 1024 0 15942 0 -1
ciInstanceKlass java/util/jar/JarFile$JarFileEntry 1 1 129 9 7 12 1 1 1 10 7 12 1 1 1 9 12 1 1 10 12 1 10 7 12 1 1 1 10 12 1 1 10 100 12 1 1 1 10 12 1 1 100 1 100 1 10 12 1 9 12 1 1 9 12 1 1 10 12 1 1 10 100 12 1 1 1 10 100 12 1 1 9 12 1 1 10 12 1 1 10 7 10 12 1 1 9 12 1 1 9 12 1 10 100 12 1 1 1 10 12 1 1 1 1 1 1 1 1 1 1 1 1 1 1 1 1 1 1 1 1 1 1 1 1 1 1 1 1 1 1
ciMethod java/util/jar/JarFile$JarFileEntry getName ()Ljava/lang/String; 256 0 128 0 0
ciInstanceKlass sun/security/util/SignatureFileVerifier 1 1 731 7 1 10 7 12 1 1 1 9 7 12 1 1 1 7 1 10 9 12 1 1 10 7 12 1 1 1 7 1 10 12 1 9 12 1 1 10 12 1 1 10 7 12 1 1 1 9 12 1 1 8 1 10 7 12 1 1 1 9 12 1 1 10 12 1 1 10 7 12 1 1 1 10 12 1 1 9 7 12 1 1 1 10 12 1 1 9 12 1 1 9 12 1 1 9 12 1 1 10 12 1 1 8 1 10 12 1 1 10 12 1 1 8 1 10 12 1 8 1 8 1 8 1 11 100 12 1 1 1 10 12 1 8 1 10 12 1 1 8 1 8 1 8 1 8 1 8 1 8 1 10 12 1 10 12 1 8 1 8 1 10 12 1 1 10 12 1 10 12 1 1 9 12 1 1 10 12 1 1 7 1 10 12 1 10 12 1 1 100 1 10 12 1 1 7 1 10 7 1 10 10 12 1 1 10 12 1 1 9 7 12 1 1 1 10 7 12 1 1 1 8 1 10 12 1 1 100 1 7 1 10 8 1 10 12 1 1 10 12 1 10 12 1 10 12 1 1 7 1 10 12 1 9 12 1 1 8 1 10 7 12 1 1 1 11 7 12 1 1 1 11 7 12 1 1 1 11 12 1 9 7 12 1 1 1 11 7 1 10 12 1 1 11 12 1 1 10 12 1 1 10 12 1 1 8 1 7 1 11 12 1 11 12 10 12 1 1 8 1 10 12 8 1 10 12 1 1 9 12 1 1 8 1 10 7 12 1 1 8 1 11 8 1 10 12 1 1 10 100 12 1 1 1 10 12 1 1 100 1 9 12 1 10 12 1 8 1 8 1 8 1 10 12 1 10 12 1 8 1 11 12 1 8 1 7 1 8 1 8 1 10 10 12 1 8 1 10 10 8 1 10 12 1 1 11 7 12 1 1 10 12 1 10 7 12 1 1 1 10 7 12 1 1 1 10 7 12 1 1 1 8 1 8 1 10 100 12 1 1 1 10 12 1 1 8 1 10 12 10 12 1 1 8 1 8 1 10 100 1 8 1 10 12 1 1 10 9 12 1 10 12 1 1 8 1 10 100 12 1 1 8 1 10 8 1 8 1 8 1 10 12 1 10 12 1 8 1 8 1 10 12 1 8 1 8 1 8 1 8 1 8 1 8 1 8 1 8 1 10 12 1 1 10 12 1 1 7 1 10 7 1 10 12 1 1 10 12 1 10 8 1 10 12 1 10 12 1 10 12 1 1 7 1 10 10 12 1 1 10 12 1 1 10 7 1 10 12 1 10 12 1 1 10 10 7 12 1 1 1 8 1 3 10 7 12 1 1 1 10 12 1 3 8 1 10 12 1 8 1 10 12 1 8 1 8 1 10 12 1 9 12 1 1 1 1 1 1 1 1 1 1 1 1 1 1 1 1 1 1 1 1 100 7 1 1 100 1 100 1 1 1 1 1 1 1 1 1 1 1 1 1 1 1 1 1 1 1 1 1 1 1 1 1 1 1 1 1 1 1 1 1 1 1 1 1 1 1 1 1 1 1 100 1 1 1 1 1 1 1 1 1 1 1 1 1 1 1 1 1 1 1 1 1 1 1 1 1 1 1 1 1 1 100 1 1 1 1 1 1 1 1 1 1 1 1 1 1 1 1 1
staticfield sun/security/util/SignatureFileVerifier debug Lsun/security/util/Debug; null
staticfield sun/security/util/SignatureFileVerifier ATTR_DIGEST Ljava/lang/String; "-DIGEST-MANIFEST-MAIN-ATTRIBUTES"
staticfield sun/security/util/SignatureFileVerifier MAX_SIG_FILE_SIZE I 16000000
ciInstanceKlass java/util/jar/JavaUtilJarAccessImpl 1 1 54 10 7 12 1 1 1 10 7 12 1 1 1 10 7 12 1 1 1 10 12 1 10 12 1 10 12 1 1 100 1 100 1 1 1 1 1 1 1 1 1 1 1 100 1 1 1 1 1 1 1 1 1 1
ciMethod java/util/jar/JavaUtilJarAccessImpl getTrustedAttributes (Ljava/util/jar/Manifest;Ljava/lang/String;)Ljava/util/jar/Attributes; 542 0 2499 0 0
ciMethod java/util/jar/JavaUtilJarAccessImpl ensureInitialization (Ljava/util/jar/JarFile;)V 734 0 2489 0 0
ciInstanceKlass java/util/zip/ZipFile$CleanableResource 1 1 167 100 1 10 7 12 1 1 1 10 7 12 1 1 1 10 7 12 1 1 1 9 7 12 1 1 1 7 1 10 10 7 12 1 1 1 9 12 1 1 7 1 10 9 12 1 1 10 7 12 1 1 1 9 12 1 1 11 7 12 1 1 11 7 12 1 1 1 7 1 10 12 1 10 12 1 11 12 1 1 10 12 1 11 7 12 1 1 1 100 1 11 12 1 1 100 1 11 12 1 10 12 1 100 1 10 12 1 1 10 12 1 1 100 1 10 12 1 100 1 1 1 1 1 1 1 1 1 1 1 1 1 1 1 1 1 1 1 100 1 100 1 1 1 1 1 1 100 1 1 1 1 1 1 1 1 1 1 1 1 1 1 1 1 1 1 1
ciInstanceKlass java/util/zip/ZipFile$Source 1 1 711 100 1 100 1 7 1 7 1 9 7 12 1 1 1 10 12 1 1 5 0 8 1 10 12 1 1 10 12 1 1 10 12 1 8 1 7 1 10 12 1 1 8 1 10 12 1 1 10 12 1 8 1 10 12 1 1 10 12 1 10 12 1 10 12 1 5 0 5 0 8 1 9 12 1 1 10 12 1 1 10 12 1 5 0 10 12 1 10 12 1 10 12 1 3 8 1 10 12 1 1 10 7 12 1 1 1 3 9 12 1 1 9 12 1 1 9 12 1 10 12 1 7 1 8 1 8 1 8 1 7 1 10 12 1 8 1 7 1 10 12 1 1 10 7 12 1 1 1 10 12 1 1 8 1 10 12 1 1 7 1 10 12 1 8 1 8 1 8 1 8 1 8 1 8 1 7 1 9 12 1 1 10 7 12 1 1 10 7 12 1 1 7 1 7 1 10 7 12 1 1 1 10 12 1 100 1 100 1 10 12 1 9 12 1 1 10 7 12 1 1 1 9 12 1 10 12 1 10 12 1 1 10 12 1 9 12 1 1 10 12 1 10 9 12 1 9 12 1 9 12 1 1 10 100 12 1 1 1 10 7 12 1 1 1 9 12 1 1 8 1 11 100 12 1 1 1 9 12 1 1 7 1 10 12 1 10 12 1 10 12 1 1 10 12 1 1 10 12 1 1 5 0 9 12 1 10 9 12 1 9 12 1 9 12 1 10 12 1 1 10 7 12 1 1 1 10 12 1 1 10 12 1 10 12 1 1 8 1 7 1 10 5 0 10 7 12 1 1 1 8 1 10 12 1 1 10 12 1 1 9 12 1 10 12 1 9 12 1 1 10 12 1 9 12 1 9 12 1 10 12 1 5 0 10 12 1 9 12 1 8 1 5 0 5 0 10 12 1 5 0 10 12 1 10 12 1 10 12 1 100 1 10 12 10 12 1 1 9 12 1 9 12 1 8 1 8 1 5 0 8 1 8 1 10 12 1 10 12 1 10 12 1 10 12 1 1 10 12 1 1 10 12 1 7 1 10 12 10 12 1 1 10 12 1 7 1 10 11 7 1 10 12 1 1 10 12 1 1 10 12 1 10 12 1 11 11 12 1 1 11 7 12 1 1 11 12 1 1 10 12 1 1 10 12 1 1 10 12 1 9 7 12 1 1 10 12 1 1 10 7 12 1 1 10 12 1 10 12 1 9 12 1 1 9 12 1 9 100 12 1 1 1 10 12 1 9 100 12 1 1 1 10 12 1 1 10 100 12 1 1 1 100 1 10 10 12 1 10 7 12 1 1 10 12 1 1 9 12 1 1 10 10 7 12 1 1 1 1 1 3 1 1 1 3 1 1 1 3 1 1 1 1 1 1 1 1 1 1 1 1 1 1 1 1 1 1 1 1 100 1 1 1 1 1 1 1 1 1 1 1 1 1 1 1 1 1 1 1 1 1 7 1 1 1 1 1 1 1 1 1 1 1 1 1 1 1 1 1 1 1 1 1 1 1 1 1 1 1 1 1 1 1 1 1 1 1 1 1 1 1 1 1 100 1 1 1 1 1 1 1 1 1 1 1 1 1 1 1 1 1 1 1 1 1 1 1 1 100 1 1
staticfield java/util/zip/ZipFile$Source JUJA Ljdk/internal/access/JavaUtilJarAccess; java/util/jar/JavaUtilJarAccessImpl
staticfield java/util/zip/ZipFile$Source EMPTY_META_VERSIONS [I 0
staticfield java/util/zip/ZipFile$Source files Ljava/util/HashMap; java/util/HashMap
staticfield java/util/zip/ZipFile$Source builtInFS Ljava/nio/file/FileSystem; sun/nio/fs/WindowsFileSystem
staticfield java/util/zip/ZipFile$Source $assertionsDisabled Z 1
ciMethod java/util/zip/ZipFile$Source getEntryPos (Ljava/lang/String;Z)I 514 814 5784 0 -1
ciInstanceKlass java/util/zip/ZipFile$ZipFileInputStream 1 1 180 100 1 100 1 9 7 12 1 1 1 10 7 12 1 1 1 10 7 12 1 1 1 9 12 1 1 10 12 1 9 12 1 10 12 1 9 12 1 5 0 10 12 1 1 9 7 12 1 1 1 9 7 12 1 1 1 9 7 12 1 1 10 12 1 1 10 12 1 10 12 1 10 12 1 10 12 1 1 100 1 8 1 10 12 1 10 12 1 1 5 0 8 1 10 12 1 1 10 12 1 9 12 1 10 12 1 10 12 1 1 10 12 1 10 12 1 10 12 1 1 7 1 5 0 3 9 12 1 1 9 12 1 1 11 7 12 1 1 1 1 1 1 1 1 1 1 1 1 1 1 100 1 1 1 1 1 1 1 1 100 1 1 7 1 7 1 1 1 1 1 1 1 1 1 1 1 1 1 1
ciMethod java/util/zip/ZipFile$ZipFileInputStream <init> (Ljava/util/zip/ZipFile;[BI)V 512 0 2727 0 -1
ciInstanceKlass java/util/zip/ZipFile$ZipFileInflaterInputStream 1 1 155 10 7 12 1 1 1 10 7 12 1 1 1 9 12 1 1 10 7 12 1 1 9 12 1 1 10 7 12 1 1 1 7 1 10 12 1 10 7 12 1 1 1 9 12 1 1 9 12 1 10 12 1 1 9 7 12 1 1 1 9 12 1 1 11 7 12 1 1 1 11 7 12 1 1 100 1 8 1 10 12 1 9 12 1 1 9 12 1 1 10 7 12 1 1 1 9 12 1 1 9 12 1 1 10 7 12 1 1 1 7 1 10 12 1 1 10 12 1 7 1 5 0 3 1 1 1 1 1 1 1 1 1 1 7 1 7 1 1 100 1 1 1 1 1 1 1 1 1 1 1 1 1 1 1
instanceKlass java/util/zip/ZipInputStream
instanceKlass java/util/zip/ZipFile$ZipFileInflaterInputStream
ciInstanceKlass java/util/zip/InflaterInputStream 1 1 180 9 7 12 1 1 1 100 1 8 1 10 12 1 1 10 7 12 1 1 9 12 1 9 12 1 9 12 1 1 100 1 10 12 1 100 1 8 1 10 9 12 1 1 9 12 1 10 12 1 7 1 10 10 12 1 10 12 1 10 12 1 1 10 7 12 1 1 1 10 7 12 1 1 1 10 12 1 1 10 12 1 10 12 1 10 12 1 10 12 1 10 12 1 100 1 10 12 1 1 100 1 8 1 10 8 1 7 1 5 0 10 100 12 1 1 1 10 12 1 10 12 1 9 12 1 1 10 7 12 1 1 10 9 12 1 1 100 1 8 1 10 10 12 1 1 8 1 1 1 1 1 1 1 1 1 1 1 1 1 1 1 1 1 100 7 1 1 1 1 1 1 1 1 1 1 1 1 1 1
ciMethod java/util/zip/InflaterInputStream close ()V 768 0 2729 0 -1
ciMethod java/util/zip/ZipFile$ZipFileInflaterInputStream close ()V 768 0 2731 0 0
ciMethod java/util/zip/ZipFile$ZipFileInflaterInputStream <init> (Ljava/util/zip/ZipFile;Ljava/util/zip/ZipFile$ZipFileInputStream;Ljava/util/zip/ZipFile$CleanableResource;I)V 512 0 2727 0 -1
ciInstanceKlass java/util/zip/ZipFile$1 1 1 101 10 7 12 1 1 1 9 7 12 1 1 1 9 100 12 1 1 1 9 100 12 1 1 1 10 12 1 1 10 12 1 1 10 12 1 1 10 12 1 1 10 12 1 1 10 12 1 1 10 12 1 9 100 12 1 1 1 100 1 100 1 1 1 1 1 1 1 1 1 1 1 1 1 1 1 1 1 1 1 1 1 1 1 1 1 1 1 1 1 1 1 1 1 1 1 1 1 1 1 1
ciMethod java/util/zip/ZipFile$1 getManifestNum (Ljava/util/jar/JarFile;)I 0 0 3 0 0
ciInstanceKlass sun/nio/ByteBuffered 0 0 12 100 1 100 1 1 1 1 100 1 1 1
ciMethod sun/nio/ByteBuffered getByteBuffer ()Ljava/nio/ByteBuffer; 0 0 1 0 -1
ciInstanceKlass jdk/internal/util/StrongReferenceKey 1 1 82 10 7 12 1 1 1 9 7 12 1 1 1 7 1 11 12 1 1 10 10 7 12 1 1 1 10 12 1 1 7 1 10 10 12 1 1 10 7 12 1 1 1 10 12 1 1 8 1 10 7 12 1 1 1 10 12 1 10 12 1 1 1 1 1 1 1 1 1 1 1 1 1 1 1 1 1 1 1 1 1 1
ciMethod java/util/Set add (Ljava/lang/Object;)Z 0 0 1 0 -1
ciMethod java/lang/ref/Cleaner$Cleanable clean ()V 0 0 1 0 -1
ciMethod java/util/Objects requireNonNull (Ljava/lang/Object;)Ljava/lang/Object; 1024 0 77793 0 -1
ciMethod java/util/Objects requireNonNull (Ljava/lang/Object;Ljava/lang/String;)Ljava/lang/Object; 516 0 39287 0 -1
ciMethod java/util/Objects equals (Ljava/lang/Object;Ljava/lang/Object;)Z 622 0 19851 0 -1
ciMethod java/util/HashMap calculateHashMapCapacity (I)I 1024 0 6044 0 0
ciMethod java/util/HashMap tableSizeFor (I)I 1024 0 6098 0 0
ciMethod java/util/HashMap <init> ()V 544 0 2142 0 0
ciMethod java/util/HashMap <init> (IF)V 1024 0 5818 0 304
ciMethod java/util/HashMap <init> (I)V 1024 0 5495 0 0
ciMethod java/util/concurrent/ConcurrentHashMap addCount (JI)V 514 0 6419 0 -1
ciMethod java/util/concurrent/ConcurrentHashMap treeifyBin ([Ljava/util/concurrent/ConcurrentHashMap$Node;I)V 0 0 1 0 -1
ciMethod java/util/concurrent/ConcurrentHashMap helpTransfer ([Ljava/util/concurrent/ConcurrentHashMap$Node;Ljava/util/concurrent/ConcurrentHashMap$Node;)[Ljava/util/concurrent/ConcurrentHashMap$Node; 0 0 1 0 -1
ciMethod java/util/concurrent/ConcurrentHashMap casTabAt ([Ljava/util/concurrent/ConcurrentHashMap$Node;ILjava/util/concurrent/ConcurrentHashMap$Node;Ljava/util/concurrent/ConcurrentHashMap$Node;)Z 488 0 1268 0 -1
ciMethod java/util/concurrent/ConcurrentHashMap initTable ()[Ljava/util/concurrent/ConcurrentHashMap$Node; 14 0 232 0 -1
ciMethod java/util/concurrent/ConcurrentHashMap putVal (Ljava/lang/Object;Ljava/lang/Object;Z)Ljava/lang/Object; 514 18 12774 0 -1
ciMethod java/util/concurrent/ConcurrentHashMap tabAt ([Ljava/util/concurrent/ConcurrentHashMap$Node;I)Ljava/util/concurrent/ConcurrentHashMap$Node; 702 0 5485 0 92
ciMethod java/util/concurrent/ConcurrentHashMap spread (I)I 682 0 27226 0 0
ciMethod java/util/AbstractMap <init> ()V 646 0 8710 0 0
ciMethod java/lang/RuntimeException <init> (Ljava/lang/Throwable;)V 0 0 1 0 -1
ciMethod java/util/List iterator ()Ljava/util/Iterator; 0 0 1 0 -1
ciMethod java/lang/OutOfMemoryError <init> (Ljava/lang/String;)V 0 0 1 0 -1
ciMethod java/util/Arrays copyOfRange ([BII)[B 512 0 5392 0 992
ciMethod java/lang/StringConcatHelper stringOf (Ljava/lang/Object;)Ljava/lang/String; 512 0 11545 0 0
ciMethod java/lang/StringConcatHelper checkOverflow (J)J 512 0 11284 0 0
ciMethod java/lang/StringConcatHelper initialCoder ()J 512 0 5415 0 0
ciMethod java/lang/StringConcatHelper prepend (J[BLjava/lang/String;)J 512 0 7747 0 0
ciMethod java/lang/StringConcatHelper mix (JLjava/lang/String;)J 512 0 11272 0 174
ciMethod java/lang/StringConcatHelper simpleConcat (Ljava/lang/Object;Ljava/lang/Object;)Ljava/lang/String; 512 0 5576 0 -1
ciMethod java/lang/StringConcatHelper newString ([BJ)Ljava/lang/String; 512 0 5385 0 348
ciMethod java/lang/StringConcatHelper newArray (J)[B 512 0 6483 0 -1
ciMethod jdk/internal/util/ArraysSupport hashCodeOfUnsigned ([BIII)I 344 0 12463 0 664
ciMethod jdk/internal/util/ArraysSupport vectorizedHashCode (Ljava/lang/Object;IIII)I 834 0 7129 0 -1
ciMethod java/lang/Math ceil (D)D 1024 0 6160 0 -1
ciMethod java/lang/Math max (II)I 582 0 119598 0 -1
ciMethod java/lang/Math min (II)I 512 0 36503 0 -1
ciMethod java/lang/Math min (FF)F 84 0 42 0 -1
ciMethod java/lang/Integer numberOfLeadingZeros (I)I 36 0 5138 0 -1
ciMethod jdk/internal/access/JavaLangAccess findBootstrapClassOrNull (Ljava/lang/String;)Ljava/lang/Class; 0 0 1 0 -1
ciMethod java/lang/Thread currentThread ()Ljava/lang/Thread; 0 0 1 0 -1
ciMethod java/lang/ClassLoader getUnnamedModule ()Ljava/lang/Module; 256 0 128 0 -1
ciMethod java/lang/ClassLoader getDefinedPackage (Ljava/lang/String;)Ljava/lang/Package; 768 0 2497 0 0
ciMethod java/lang/ClassLoader findLoadedClass0 (Ljava/lang/String;)Ljava/lang/Class; 256 0 128 0 -1
ciMethod java/lang/ClassLoader findBootstrapClass (Ljava/lang/String;)Ljava/lang/Class; 256 0 128 0 -1
ciMethod java/lang/ClassLoader compareCerts ([Ljava/security/cert/Certificate;[Ljava/security/cert/Certificate;)Z 512 0 2347 0 -1
ciMethod java/lang/ClassLoader postDefineClass (Ljava/lang/Class;Ljava/security/ProtectionDomain;)V 766 0 2541 0 -1
ciMethod java/lang/ClassLoader defineClass1 (Ljava/lang/ClassLoader;Ljava/lang/String;[BIILjava/security/ProtectionDomain;Ljava/lang/String;)Ljava/lang/Class; 256 0 128 0 -1
ciMethod java/lang/ClassLoader defineClassSourceLocation (Ljava/security/ProtectionDomain;)Ljava/lang/String; 768 0 2541 0 -1
ciMethod java/lang/ClassLoader preDefineClass (Ljava/lang/String;Ljava/security/ProtectionDomain;)Ljava/security/ProtectionDomain; 768 0 2541 0 -1
ciMethod java/lang/ClassLoader checkCerts (Ljava/lang/String;Ljava/security/CodeSource;)V 768 0 2541 0 -1
ciMethod java/lang/ClassLoader getBuiltinPlatformClassLoader ()Ljava/lang/ClassLoader; 6 0 1079 0 -1
ciMethod java/lang/ClassLoader checkName (Ljava/lang/String;)Z 512 0 5380 0 446
ciMethod java/lang/ClassLoader defineClass (Ljava/lang/String;[BIILjava/security/ProtectionDomain;)Ljava/lang/Class; 768 0 2502 0 -1
ciMethod java/lang/ClassLoader resolveClass (Ljava/lang/Class;)V 0 0 1 0 -1
ciMethod java/lang/ClassLoader findBootstrapClassOrNull (Ljava/lang/String;)Ljava/lang/Class; 512 0 2855 0 0
ciMethod java/lang/ClassLoader findLoadedClass (Ljava/lang/String;)Ljava/lang/Class; 512 0 5382 0 0
ciMethod jdk/internal/misc/Unsafe allocateUninitializedArray (Ljava/lang/Class;I)Ljava/lang/Object; 512 0 5511 0 352
ciMethod jdk/internal/misc/Unsafe getReferenceAcquire (Ljava/lang/Object;J)Ljava/lang/Object; 702 0 5485 0 -1
ciMethod jdk/internal/misc/Unsafe allocateUninitializedArray0 (Ljava/lang/Class;I)Ljava/lang/Object; 512 0 5515 0 -1
ciMethod java/io/InputStream close ()V 0 0 1 0 -1
ciMethod java/io/InputStream <init> ()V 368 0 5897 0 0
ciMethod java/util/Iterator next ()Ljava/lang/Object; 0 0 1 0 -1
ciMethod java/util/Iterator hasNext ()Z 0 0 1 0 -1
ciMethod java/util/Set remove (Ljava/lang/Object;)Z 0 0 1 0 -1
ciMethod java/lang/InternalError <init> (Ljava/lang/String;)V 0 0 1 0 -1
ciMethod java/lang/InternalError <init> (Ljava/lang/Throwable;)V 0 0 1 0 -1
ciMethod jdk/internal/misc/VM isModuleSystemInited ()Z 242 0 3871 0 0
ciMethod java/lang/String intern ()Ljava/lang/String; 256 0 128 0 -1
ciMethod java/lang/String concat (Ljava/lang/String;)Ljava/lang/String; 512 0 5099 0 0
ciMethod java/lang/String equalsIgnoreCase (Ljava/lang/String;)Z 512 0 3624 0 0
ciMethod java/lang/String replace (CC)Ljava/lang/String; 512 0 5450 0 1573
ciMethod java/lang/String substring (II)Ljava/lang/String; 270 0 7761 0 0
ciMethod java/lang/String lastIndexOf (II)I 514 0 21571 0 0
ciMethod java/lang/String lastIndexOf (I)I 512 0 19075 0 464
ciMethod java/lang/String startsWith (Ljava/lang/String;)Z 516 0 23565 0 -1
ciMethod java/lang/String regionMatches (ZILjava/lang/String;II)Z 440 0 5786 0 -1
ciMethod java/lang/String getBytes ([BIB)V 512 0 7756 0 0
ciMethod java/lang/String checkBoundsBeginEnd (III)V 514 0 7886 0 0
ciMethod java/lang/String isLatin1 ()Z 906 0 524373 0 88
ciMethod java/lang/String coder ()B 1024 0 248926 0 88
ciMethod java/lang/String indexOf (I)I 512 0 8660 0 0
ciMethod java/lang/String checkIndex (II)V 662 0 483200 0 120
ciMethod java/lang/String <init> (Ljava/lang/String;)V 0 0 162 0 0
ciMethod java/lang/String <init> ([BB)V 562 0 13035 0 86
ciMethod java/lang/String <init> ([BLjava/nio/charset/Charset;)V 512 0 452 0 -1
ciMethod java/util/Hashtable <init> ()V 18 0 9 0 0
ciMethod java/util/Hashtable <init> (I)V 22 0 11 0 0
ciMethod java/util/Hashtable <init> (IF)V 40 0 20 0 0
ciMethod java/util/Dictionary <init> ()V 82 0 41 0 0
ciMethod java/lang/Throwable addSuppressed (Ljava/lang/Throwable;)V 0 0 1 0 -1
ciMethod java/io/OutputStream <init> ()V 1024 0 5561 0 0
ciMethod java/lang/StringBuilder append (I)Ljava/lang/StringBuilder; 6 0 8671 0 -1
ciMethod java/lang/StringBuilder append (Ljava/lang/String;)Ljava/lang/StringBuilder; 10 0 61476 0 -1
ciMethod java/lang/StringBuilder append (Ljava/lang/Object;)Ljava/lang/StringBuilder; 4 0 548 0 -1
ciMethod java/lang/StringBuilder <init> ()V 8 0 22516 0 -1
ciMethod java/util/Map put (Ljava/lang/Object;Ljava/lang/Object;)Ljava/lang/Object; 0 0 1 0 -1
ciMethod java/util/Map get (Ljava/lang/Object;)Ljava/lang/Object; 0 0 1 0 -1
ciMethod java/security/CodeSource getCertificates ()[Ljava/security/cert/Certificate; 512 0 5082 0 -1
ciMethod java/security/CodeSource <init> (Ljava/net/URL;[Ljava/security/CodeSigner;)V 732 0 2527 0 0
ciMethod java/security/ProtectionDomain getCodeSource ()Ljava/security/CodeSource; 256 0 128 0 -1
ciMethod java/security/AccessController doPrivileged (Ljava/security/PrivilegedAction;)Ljava/lang/Object; 98 0 918 0 -1
ciMethod jdk/internal/access/SharedSecrets javaUtilJarAccess ()Ljdk/internal/access/JavaUtilJarAccess; 514 0 5140 0 0
ciMethod jdk/internal/access/SharedSecrets ensureClassInitialized (Ljava/lang/Class;)V 8 0 5 0 -1
ciMethod java/lang/Object <init> ()V 1024 0 255133 0 136
instanceKlass java/security/AccessControlException
ciInstanceKlass java/lang/SecurityException 0 0 35 10 100 12 1 1 1 10 12 1 10 12 1 10 12 1 100 1 1 1 1 5 0 1 1 1 1 1 1 1 1 1 1 1 1
ciInstanceKlass java/lang/AssertionError 0 0 79 10 100 12 1 1 1 10 12 1 10 100 12 1 1 1 10 100 1 100 1 10 12 1 1 10 12 1 10 12 1 10 12 1 10 12 1 10 12 1 10 12 1 10 12 1 1 1 1 5 0 1 1 1 1 1 1 1 1 1 1 100 1 1 1 1 1 1 1 1 1 1 1 1 1 1 1 1 1
instanceKlass java/nio/channels/NonWritableChannelException
instanceKlass java/nio/channels/OverlappingFileLockException
instanceKlass java/util/concurrent/CancellationException
ciInstanceKlass java/lang/IllegalStateException 0 0 35 10 100 12 1 1 1 10 12 1 10 12 1 10 12 1 100 1 1 1 1 5 0 1 1 1 1 1 1 1 1 1 1 1 1
instanceKlass java/io/InterruptedIOException
instanceKlass java/net/UnknownHostException
instanceKlass java/net/SocketException
instanceKlass java/io/CharConversionException
instanceKlass java/net/MalformedURLException
instanceKlass java/util/zip/ZipException
instanceKlass java/io/EOFException
instanceKlass com/google/gson/stream/MalformedJsonException
instanceKlass java/nio/file/FileSystemException
instanceKlass java/io/ObjectStreamException
instanceKlass java/io/FileNotFoundException
ciInstanceKlass java/io/IOException 1 1 34 10 7 12 1 1 1 10 12 1 10 12 1 10 12 1 100 1 1 1 1 5 0 1 1 1 1 1 1 1 1 1 1 1
ciInstanceKlass java/io/FileNotFoundException 1 1 49 10 7 12 1 1 1 10 12 1 100 1 10 10 12 1 1 8 1 8 1 8 1 10 12 1 1 100 1 1 1 1 5 0 1 1 1 1 1 1 1 1 1 1 1 100 1 1 1
ciInstanceKlass scala/meta/io/AbsolutePath$$anon$3 1 1 28 1 100 1 7 1 1 100 1 1 12 1 1 1 12 10 1 1 1 1 1 1 1 1 1 1 1 1
ciInstanceKlass java/util/jar/JarFile$ThreadTrackHolder 1 1 29 10 100 12 1 1 1 7 1 10 9 7 12 1 1 1 1 1 1 1 1 1 1 1 1 100 1 1 1
staticfield java/util/jar/JarFile$ThreadTrackHolder TRACKER Ljdk/internal/misc/ThreadTracker; jdk/internal/misc/ThreadTracker
ciInstanceKlass jdk/internal/misc/ThreadTracker 1 1 88 10 7 12 1 1 1 10 7 12 1 1 1 9 7 12 1 1 1 7 1 10 7 12 1 1 1 10 12 1 11 7 12 1 1 1 9 12 1 1 100 1 10 10 12 1 11 12 1 11 12 1 10 7 12 1 1 1 1 1 1 1 1 1 1 1 1 1 1 1 1 1 1 1 1 1 1 1 1 1 1 1 1 1 100 1 1 1
staticfield jdk/internal/misc/ThreadTracker $assertionsDisabled Z 1
ciInstanceKlass jdk/internal/misc/ThreadTracker$ThreadRef 1 1 68 10 7 12 1 1 1 9 7 12 1 1 1 10 7 12 1 1 1 10 7 12 1 1 1 18 12 1 1 1 1 1 1 1 1 1 1 1 1 1 1 1 1 1 1 1 1 1 7 1 1 1 8 15 15 10 100 12 1 1 1 1 1 100 1 100 1 1
ciInstanceKlass sun/security/util/ManifestEntryVerifier 1 1 379 10 7 12 1 1 1 9 7 12 1 1 1 9 12 1 1 9 12 1 1 7 1 10 12 1 9 12 1 1 7 1 10 9 12 1 1 9 12 1 9 12 1 9 12 1 1 10 12 1 9 12 1 1 10 7 12 1 1 1 7 1 10 8 1 10 12 1 1 10 12 1 1 8 1 10 7 12 1 1 1 11 7 12 1 1 1 11 7 12 1 1 1 11 12 1 1 7 1 11 12 1 10 9 7 12 1 1 1 10 7 12 1 1 1 8 1 10 12 1 1 10 12 1 1 10 12 1 1 10 12 1 1 7 1 9 7 12 1 1 1 10 12 1 1 10 12 1 1 100 1 10 12 1 10 12 1 1 10 7 12 1 1 1 11 12 1 10 7 12 1 1 1 10 12 1 10 12 1 10 12 1 1 10 12 1 10 12 1 100 1 8 1 10 12 1 10 7 1 7 10 12 1 1 10 12 1 11 7 1 7 1 7 1 10 12 1 10 12 1 1 9 12 1 1 11 9 12 1 10 12 1 7 1 10 12 1 1 9 12 1 1 8 1 8 1 10 7 12 1 1 8 1 10 100 12 1 1 1 10 12 1 1 8 1 10 12 10 12 1 1 8 1 10 12 1 10 10 100 1 8 1 8 1 10 12 1 1 10 7 12 1 1 1 10 12 1 1 100 1 8 1 10 12 1 8 1 10 12 1 1 1 1 1 1 1 1 1 1 1 1 1 1 1 1 1 1 1 1 1 1 1 100 1 1 100 1 1 1 1 1 1 1 1 1 1 1 1 1 1 1 1 1 1 1 1 1 1 1 1 1 1 1 1 100 1 1 1 1 1 1 1 1 1 1 1 1 1 1
staticfield sun/security/util/ManifestEntryVerifier debug Lsun/security/util/Debug; null
ciInstanceKlass java/security/cert/CertificateFactory 1 1 155 10 7 12 1 1 1 9 7 12 1 1 1 9 12 1 1 9 12 1 1 8 1 10 7 12 1 1 1 8 1 7 1 10 7 12 1 1 1 9 7 12 1 1 1 9 10 12 1 100 1 100 1 100 1 10 10 12 1 1 8 1 10 12 1 1 10 12 1 10 12 1 10 12 1 10 12 1 1 10 7 12 1 1 1 10 12 1 1 10 12 1 1 10 12 1 10 12 1 10 12 1 1 10 12 1 1 10 12 1 1 1 1 1 1 1 1 1 1 1 1 1 1 100 1 1 1 1 1 1 1 1 1 1 1 1 1 1 1 1 1 1 1 1 1 1 1 100 1 1 1 1 1 1 1
ciInstanceKlass sun/security/x509/X509CertImpl 1 1 1180 10 7 12 1 1 1 9 7 12 1 1 1 9 12 1 1 9 12 1 1 9 12 1 7 1 10 12 1 9 12 1 1 10 100 12 1 1 1 100 7 1 10 12 1 10 12 1 1 100 1 100 1 100 1 10 8 1 10 12 1 1 10 12 1 10 12 1 1 10 12 1 100 1 10 12 1 100 1 3 10 12 1 10 12 1 1 10 12 1 10 8 1 10 12 1 8 1 100 1 100 1 9 100 12 1 1 1 10 12 1 10 12 1 10 12 1 8 1 10 12 1 100 1 8 1 10 100 12 1 1 1 100 1 10 8 1 10 12 1 1 10 100 12 1 1 1 10 12 1 8 1 10 10 100 12 1 1 1 10 100 12 1 1 10 12 1 10 12 1 1 8 1 10 12 1 1 9 12 1 1 11 100 1 9 12 1 1 9 12 1 1 100 1 8 1 10 10 7 12 1 1 10 12 1 1 10 100 12 1 1 1 10 12 1 10 12 1 10 100 12 1 1 1 10 12 1 1 100 1 10 10 12 1 1 100 1 10 12 1 10 7 12 1 1 10 12 1 1 10 12 1 10 12 1 10 12 1 1 10 12 1 1 10 12 1 1 10 7 1 10 12 1 10 12 1 1 10 12 1 1 10 10 10 12 1 10 12 1 1 10 12 1 10 12 1 100 1 10 10 12 1 1 10 12 1 1 100 1 100 1 8 1 10 8 1 10 100 12 1 1 100 1 10 8 1 10 12 1 8 1 8 1 10 12 1 1 8 1 10 12 1 1 10 7 12 1 1 10 12 1 1 10 100 12 1 1 10 12 1 1 10 7 12 1 1 1 10 12 1 1 10 7 12 1 1 10 12 1 1 10 7 12 1 1 1 10 12 1 10 12 1 1 10 12 1 100 1 8 1 10 10 12 1 1 10 100 1 10 12 1 10 12 1 1 10 100 12 1 1 1 10 12 1 10 12 1 1 10 100 12 1 1 1 10 12 1 1 10 100 1 9 100 12 1 1 1 10 12 1 1 9 12 1 100 1 9 12 1 100 1 9 12 1 100 1 9 12 1 100 1 9 12 1 100 1 9 12 1 100 1 9 12 1 100 1 9 12 1 100 1 9 12 1 100 1 9 12 1 9 12 1 100 1 10 12 1 1 10 7 12 1 1 100 1 10 10 12 1 1 11 100 12 1 1 1 11 100 12 1 1 11 12 1 100 1 10 12 1 10 12 1 11 100 12 1 1 10 12 1 1 11 100 12 1 1 1 11 12 1 1 10 12 1 10 11 12 1 10 12 1 1 10 100 12 1 1 10 12 1 1 10 12 1 10 12 1 7 1 8 1 10 12 1 10 7 12 1 1 1 9 12 1 1 10 12 1 10 12 1 1 10 100 12 1 1 1 10 12 1 100 1 100 1 10 12 1 10 9 100 12 1 1 1 10 12 1 10 12 10 12 1 9 100 12 1 1 1 10 12 1 10 10 12 1 1 10 12 1 10 12 1 10 100 1 10 12 1 100 1 10 10 12 1 11 100 1 100 1 10 12 1 10 11 100 12 1 1 10 12 1 1 11 100 1 10 100 1 10 10 12 1 100 1 10 100 1 10 100 1 8 1 10 100 1 10 11 100 1 10 10 12 1 10 12 1 10 12 1 1 11 12 1 10 12 1 11 12 1 1 9 12 1 1 10 12 1 10 12 1 1 10 12 1 1 9 12 1 10 9 12 1 10 9 12 1 10 9 12 1 100 1 9 12 1 1 9 12 1 1 8 1 10 10 7 12 1 1 1 10 12 1 8 1 10 12 1 8 1 10 12 1 10 12 1 8 1 8 1 10 12 10 12 1 1 10 12 1 1 10 12 1 8 1 10 10 12 1 10 10 12 1 1 10 12 1 1 100 1 10 10 12 1 1 8 1 8 1 10 100 1 10 12 1 1 10 12 1 10 12 1 10 10 12 1 1 10 12 1 10 12 1 10 18 12 1 1 10 12 1 1 10 100 12 1 1 10 12 1 1 10 100 12 1 1 10 12 1 10 12 1 100 1 8 1 8 1 10 100 12 1 1 10 12 1 1 10 12 1 1 8 1 100 1 8 1 10 100 1 1 1 1 5 0 1 8 1 1 1 3 1 1 1 1 1 1 1 1 1 1 1 1 1 1 1 1 1 1 1 1 1 1 1 1 1 1 100 1 1 1 1 1 1 1 1 1 1 1 1 1 100 1 100 1 1 1 1 1 1 1 1 1 1 100 1 1 1 1 1 1 1 1 1 100 1 1 1 1 1 1 1 1 1 100 1 1 1 1 1 1 1 1 1 1 1 1 1 1 1 1 1 1 1 1 1 1 1 1 1 1 1 1 1 1 1 1 1 1 1 1 1 1 1 1 1 1 1 1 1 1 1 1 1 1 1 1 1 1 1 1 1 1 1 1 100 1 1 1 1 1 1 1 1 1 1 1 1 1 1 1 1 1 1 1 1 1 1 1 1 1 1 100 1 1 1 1 1 1 1 1 1 1 1 1 1 1 1 1 1 1 1 1 1 1 1 1 100 1 1 1 1 1 1 1 1 1 1 1 1 1 1 1 1 1 1 1 1 1 1 1 1 1 1 100 1 1 1 1 1 1 1 16 15 10 12 16 1 15 10 100 12 1 1 1 1 100 1 100 1 1
instanceKlass sun/security/provider/certpath/X509CertPath
ciInstanceKlass java/security/cert/CertPath 1 1 154 10 7 12 1 1 1 9 7 12 1 1 1 10 12 1 1 10 100 12 1 1 1 10 12 1 1 11 100 1 10 12 1 1 11 100 1 10 11 12 1 1 8 1 10 12 1 1 8 1 11 12 1 10 12 1 8 1 10 12 1 8 1 11 100 12 1 1 1 8 1 8 1 11 12 1 1 100 1 10 8 1 8 1 8 1 100 1 10 12 1 1 10 12 1 100 1 100 1 8 1 10 12 1 10 12 1 1 100 1 1 1 1 5 0 1 1 1 1 1 1 1 1 1 1 1 1 1 1 1 1 1 1 1 1 1 1 1 100 1 1 1 1 1 1 1 1 100 1 1 1 1 1 1
ciInstanceKlass java/security/CodeSigner 1 1 126 10 7 12 1 1 1 9 7 12 1 1 1 100 1 10 9 12 1 1 9 12 1 1 10 100 12 1 1 1 10 100 12 1 1 10 12 1 1 10 12 1 1 10 12 1 1 10 12 1 100 1 10 8 1 10 12 1 1 8 1 10 12 1 1 11 100 12 1 1 1 10 12 1 8 1 8 1 10 12 1 1 10 100 12 1 1 100 1 8 1 10 12 1 100 1 1 1 1 5 0 1 1 1 1 1 1 1 100 1 1 1 1 1 1 1 1 1 1 1 100 1 100 1 1 1
ciInstanceKlass java/util/jar/JarVerifier$VerifierStream 1 1 107 10 7 12 1 1 1 10 7 12 1 1 1 9 7 12 1 1 1 9 12 1 1 7 1 9 7 12 1 1 1 10 12 1 9 12 1 1 10 12 1 1 10 7 12 1 1 1 9 12 1 1 10 12 1 1 10 12 1 10 12 1 1 10 12 1 10 12 1 10 12 1 10 12 1 100 1 8 1 10 12 1 1 1 1 1 1 1 1 1 1 1 1 100 1 1 1 1 1 1 1 1 1 1 1 1 1
instanceKlass com/sun/org/apache/xerces/internal/impl/XMLEntityScanner$1
ciInstanceKlass java/io/EOFException 1 1 26 10 7 12 1 1 1 10 12 1 100 1 1 1 1 5 0 1 1 1 1 1 1 1 1 1
ciInstanceKlass java/util/zip/ZipException 0 0 26 10 100 12 1 1 1 10 12 1 100 1 1 1 1 5 0 1 1 1 1 1 1 1 1 1
ciMethodData java/lang/Byte toUnsignedInt (B)I 2 28715 orig 80 0 0 0 0 0 0 0 0 0 0 0 0 255 127 0 0 0 0 0 0 0 0 0 0 0 0 0 0 0 0 0 0 0 0 0 0 0 0 0 0 0 0 0 0 0 0 0 0 0 0 0 0 0 0 0 0 0 0 0 0 0 0 0 0 0 0 0 0 0 0 0 0 0 0 0 0 0 0 0 0 data 4 0x0 0x9 0x1 0x0 oops 0 methods 0
ciMethodData java/lang/Object <init> ()V 2 254621 orig 80 1 0 0 0 0 0 0 0 0 0 0 0 255 127 0 0 0 0 0 0 0 0 0 0 0 0 0 0 0 0 0 0 0 0 0 0 0 0 0 0 0 0 0 0 0 0 0 0 0 0 0 0 0 0 0 0 0 0 0 0 0 0 0 0 0 0 0 0 0 0 0 0 0 0 0 0 0 0 0 0 data 4 0x0 0x9 0x1 0x0 oops 0 methods 0
ciMethodData java/lang/String isLatin1 ()Z 2 523936 orig 80 0 0 0 0 0 0 0 0 0 0 0 0 2 2 0 0 0 0 0 0 0 0 0 0 0 0 0 0 0 0 0 0 0 0 0 0 0 0 0 1 0 0 0 0 0 0 0 0 0 0 0 0 0 0 0 0 0 0 0 0 0 0 0 0 0 0 0 0 0 0 0 0 0 0 0 0 0 0 0 0 data 18 0x30007 0x0 0x58 0x7fe9e 0x80000006000a0007 0x47 0x38 0x7fe58 0xe0003 0x7fe58 0x18 0x0 0x0 0x0 0x0 0x9 0x1 0x0 oops 0 methods 0
ciMethodData java/lang/String hashCode ()I 2 16408 orig 80 1 0 0 0 0 0 0 0 0 0 0 0 255 127 0 0 0 0 0 0 0 0 0 0 0 0 0 0 0 0 0 0 0 0 0 0 0 0 0 0 0 0 0 0 0 0 0 0 0 0 0 0 0 0 0 0 0 0 0 0 0 0 0 0 0 0 0 0 0 0 0 0 0 0 0 0 0 0 0 0 data 41 0x60007 0x2394 0x100 0x1c84 0xd0007 0x3 0xe0 0x1c81 0x110005 0x1c81 0x0 0x0 0x0 0x0 0x140007 0x0 0x48 0x1c81 0x1b0002 0x1c81 0x1e0003 0x1c82 0x28 0x250002 0x0 0x2a0007 0x1c81 0x38 0x1 0x320003 0x1 0x18 0x0 0x0 0x0 0x0 0x0 0x0 0x9 0x1 0xe oops 0 methods 0
ciMethodData java/lang/StringLatin1 hashCode ([B)I 2 7296 orig 80 0 0 0 0 0 0 0 0 0 0 0 0 2 2 0 0 0 0 0 0 0 0 0 0 0 0 0 0 0 0 0 0 0 0 0 0 0 0 0 0 0 0 0 0 0 0 0 0 0 0 0 0 0 0 0 0 0 0 0 0 0 0 0 0 0 0 0 0 0 0 0 0 0 0 0 0 0 0 0 0 data 11 0x50002 0x1c80 0x0 0x0 0x0 0x0 0x0 0x0 0x9 0x1 0x0 oops 0 methods 0
ciMethodData jdk/internal/util/ArraysSupport hashCodeOfUnsigned ([BIII)I 2 12291 orig 80 1 0 0 0 0 0 0 0 0 0 0 0 2 2 0 0 0 0 0 0 0 0 0 0 0 0 0 0 0 0 0 0 0 0 0 0 0 0 0 2 0 0 0 0 0 0 0 0 0 0 0 0 0 0 0 0 0 0 0 0 0 0 0 0 0 0 0 0 0 0 0 0 0 0 0 0 0 0 0 0 data 30 0x8000000600010008 0x6 0x3001 0x80 0x1 0x40 0x3 0x58 0x1d0003 0x1 0x50 0x270002 0x3 0x2b0003 0x3 0x28 0x330002 0x3001 0x0 0x0 0x0 0x0 0x0 0x0 0x9 0x4 0x0 0x0 0x0 0x0 oops 0 methods 0
ciMethodData java/lang/StringLatin1 charAt ([BI)C 2 462220 orig 80 0 0 0 0 0 0 0 0 0 0 0 0 2 2 0 0 0 0 0 0 0 0 0 0 0 0 0 0 0 0 0 0 0 0 0 0 0 0 0 0 0 0 0 0 0 0 0 0 0 0 0 0 0 0 0 0 0 0 0 0 0 0 0 0 0 0 0 0 0 0 0 0 0 0 0 0 0 0 0 0 data 12 0x30002 0x70d8c 0x0 0x0 0x0 0x0 0x0 0x0 0x9 0x2 0x0 0x0 oops 0 methods 0
ciMethodData java/lang/String checkIndex (II)V 2 482869 orig 80 0 0 0 0 0 0 0 0 0 0 0 0 2 2 0 0 0 0 0 0 0 0 0 0 0 0 0 0 0 0 0 0 0 0 0 0 0 0 0 0 0 0 0 0 0 0 0 0 0 0 0 0 0 0 0 0 0 0 0 0 0 0 0 0 0 0 0 0 0 0 0 0 0 0 0 0 0 0 0 0 data 12 0x50002 0x75e35 0x0 0x0 0x0 0x0 0x0 0x0 0x9 0x2 0x0 0x0 oops 0 methods 0
ciMethodData java/lang/String equals (Ljava/lang/Object;)Z 2 5126 orig 80 0 0 0 0 0 0 0 0 0 0 0 0 2 2 0 0 0 0 0 0 0 0 0 0 0 0 0 0 0 0 0 0 0 0 0 0 0 0 0 0 0 0 0 0 0 0 0 0 0 0 0 0 0 0 0 0 0 0 0 0 0 0 0 0 0 0 0 0 0 0 0 0 0 0 0 0 0 0 0 0 data 47 0x20007 0xddd 0x20 0x629 0x80104 0x0 0x202c2186398 0xddc 0x0 0x0 0xb0007 0x1 0xd8 0xddc 0xf0004 0x0 0x202c2186398 0xddc 0x0 0x0 0x160007 0x0 0x40 0xddc 0x210007 0x0 0x68 0xddc 0x2c0002 0xddc 0x2f0007 0x6b1 0x38 0x72b 0x330003 0x72b 0x18 0x0 0x0 0x0 0x0 0x0 0x0 0x9 0x2 0x0 0x0 oops 2 6 java/lang/String 16 java/lang/String methods 0
ciMethodData java/util/Objects requireNonNull (Ljava/lang/Object;)Ljava/lang/Object; 2 77281 orig 80 0 0 0 0 0 0 0 0 0 0 0 0 2 2 0 0 0 0 0 0 0 0 0 0 0 0 0 0 0 0 0 0 0 0 0 0 0 0 0 0 0 0 0 0 0 0 0 0 0 0 0 0 0 0 0 0 0 0 0 0 0 0 0 0 0 0 0 0 0 0 0 0 0 0 0 0 0 0 0 0 data 15 0x10007 0x12de2 0x30 0x0 0x80002 0x0 0x0 0x0 0x0 0x0 0x0 0x0 0x9 0x1 0x0 oops 0 methods 0
ciMethodData java/lang/String coder ()B 2 248414 orig 80 0 0 0 0 0 0 0 0 0 0 0 0 255 127 0 0 0 0 0 0 0 0 0 0 0 0 0 0 0 0 0 0 0 0 0 0 0 0 0 0 0 0 0 0 0 0 0 0 0 0 0 0 0 0 0 0 0 0 0 0 0 0 0 0 0 0 0 0 0 0 0 0 0 0 0 0 0 0 0 0 data 14 0x30007 0x0 0x38 0x3ca5f 0xa0003 0x3ca5f 0x18 0x0 0x0 0x0 0x0 0x9 0x1 0x0 oops 0 methods 0
ciMethodData java/lang/String charAt (I)C 2 462041 orig 80 1 0 0 0 0 0 0 0 0 0 0 0 255 127 0 0 0 0 0 0 0 0 0 0 0 0 0 0 0 0 0 0 0 0 0 0 0 0 0 0 0 0 0 0 0 0 0 0 0 0 0 0 0 0 0 0 0 0 0 0 0 0 0 0 0 0 0 0 0 0 0 0 0 0 0 0 0 0 0 0 data 24 0x10005 0x70cda 0x0 0x0 0x0 0x0 0x40007 0x2 0x30 0x70cd9 0xc0002 0x70cd9 0x150002 0x2 0x0 0x0 0x0 0x0 0x0 0x0 0x9 0x2 0x0 0x0 oops 0 methods 0
ciMethodData java/util/AbstractCollection <init> ()V 2 12322 orig 80 0 0 0 0 0 0 0 0 0 0 0 0 2 2 0 0 0 0 0 0 0 0 0 0 0 0 0 0 0 0 0 0 0 0 0 0 0 0 0 0 0 0 0 0 0 0 0 0 0 0 0 0 0 0 0 0 0 0 0 0 0 0 0 0 0 0 0 0 0 0 0 0 0 0 0 0 0 0 0 0 data 7 0x10002 0x3022 0x0 0x0 0x9 0x1 0x0 oops 0 methods 0
ciMethodData java/lang/StringUTF16 charAt ([BI)C 2 10410 orig 80 0 0 0 0 0 0 0 0 0 0 0 0 2 2 0 0 0 0 0 0 0 0 0 0 0 0 0 0 0 0 0 0 0 0 0 0 0 0 0 0 0 0 0 0 0 0 0 0 0 0 0 0 0 0 0 0 0 0 0 0 0 0 0 0 0 0 0 0 0 0 0 0 0 0 0 0 0 0 0 0 data 14 0x20002 0x28aa 0x70002 0x381 0x0 0x0 0x0 0x0 0x0 0x0 0x9 0x2 0x0 0x0 oops 0 methods 0
ciMethodData java/lang/String length ()I 2 181597 orig 80 0 0 0 0 0 0 0 0 0 0 0 0 255 127 0 0 0 0 0 0 0 0 0 0 0 0 0 0 0 0 0 0 0 0 0 0 0 0 0 0 0 0 0 0 0 0 0 0 0 0 0 0 0 0 0 0 0 0 0 0 0 0 0 0 0 0 0 0 0 0 0 0 0 0 0 0 0 0 0 0 data 15 0x60005 0x2c55d 0x0 0x0 0x0 0x0 0x0 0x0 0x0 0x0 0x0 0x0 0x9 0x1 0x0 oops 0 methods 0
ciMethodData java/lang/String isEmpty ()Z 2 37698 orig 80 0 0 0 0 0 0 0 0 0 0 0 0 2 2 0 0 0 0 0 0 0 0 0 0 0 0 0 0 0 0 0 0 0 0 0 0 0 0 0 0 0 0 0 0 0 0 0 0 0 0 0 0 0 0 0 0 0 0 0 0 0 0 0 0 0 0 0 0 0 0 0 0 0 0 0 0 0 0 0 0 data 14 0x50007 0x6e19 0x38 0x2529 0x90003 0x2529 0x18 0x0 0x0 0x0 0x0 0x9 0x1 0x0 oops 0 methods 0
ciMethodData java/lang/StringLatin1 canEncode (I)Z 2 21276 orig 80 0 0 0 0 0 0 0 0 0 0 0 0 2 2 0 0 0 0 0 0 0 0 0 0 0 0 0 0 0 0 0 0 0 0 0 0 0 0 0 0 0 0 0 0 0 0 0 0 0 0 0 0 0 0 0 0 0 0 0 0 0 0 0 0 0 0 0 0 0 0 0 0 0 0 0 0 0 0 0 0 data 15 0x10007 0x0 0x58 0x531c 0x80007 0x0 0x38 0x531c 0xc0003 0x531c 0x18 0x0 0x9 0x1 0x0 oops 0 methods 0
ciMethodData java/lang/String indexOf (I)I 2 8404 orig 80 1 0 0 0 0 0 0 0 0 0 0 0 255 127 0 0 0 0 0 0 0 0 0 0 0 0 0 0 0 0 0 0 0 0 0 0 0 0 0 1 0 0 0 0 0 0 0 0 0 0 0 0 0 0 0 0 0 0 0 0 0 0 0 0 0 0 0 0 0 0 0 0 0 0 0 0 0 0 0 0 data 27 0x10005 0x20d4 0x0 0x0 0x0 0x0 0x8000000600040007 0x7c 0x48 0x2059 0x120002 0x2059 0x150003 0x2059 0x28 0x250002 0x7c 0x0 0x0 0x0 0x0 0x0 0x0 0x9 0x2 0x0 0x0 oops 0 methods 0
ciMethodData java/lang/StringLatin1 indexOf ([BIII)I 2 14697 orig 80 0 0 0 0 0 0 0 0 0 0 0 0 2 2 0 0 0 0 0 0 0 0 0 0 0 0 0 0 0 0 0 0 0 0 0 0 0 0 0 0 0 0 0 0 0 0 0 0 0 0 0 0 0 0 0 0 0 0 0 0 0 0 0 0 0 0 0 0 0 0 0 0 0 0 0 0 0 0 0 0 data 20 0x10002 0x3969 0x40007 0x3969 0x20 0x0 0xd0002 0x3969 0x0 0x0 0x0 0x0 0x0 0x0 0x9 0x4 0x0 0x0 0x0 0x0 oops 0 methods 0
ciMethodData java/lang/StringUTF16 indexOf ([BIII)I 1 124 orig 80 0 0 0 0 0 0 0 0 0 0 0 0 2 2 0 0 0 0 0 0 0 0 0 0 0 0 0 0 0 0 0 0 0 0 0 0 0 0 0 0 0 0 0 0 0 0 0 0 0 0 0 0 0 0 0 0 0 0 0 0 0 0 0 0 0 0 0 0 0 0 0 0 0 0 0 0 0 0 0 0 data 20 0x30007 0x0 0x30 0x7c 0xa0002 0x7c 0x120002 0x0 0x0 0x0 0x0 0x0 0x0 0x0 0x9 0x4 0x0 0x0 0x0 0x0 oops 0 methods 0
ciMethodData java/lang/String getBytes ([BIB)V 2 7500 orig 80 1 0 0 0 0 0 0 0 0 0 0 0 255 127 0 0 0 0 0 0 0 0 0 0 0 0 0 0 0 0 0 0 0 0 0 0 0 0 0 1 0 0 0 0 0 0 0 0 0 0 0 0 0 0 0 0 0 0 0 0 0 0 0 0 0 0 0 0 0 0 0 0 0 0 0 0 0 0 0 0 data 29 0x10005 0x1d4c 0x0 0x0 0x0 0x0 0x8000000600050007 0xf7 0x48 0x1c56 0x160002 0x1c56 0x190003 0x1c56 0x28 0x280002 0xf7 0x0 0x0 0x0 0x0 0x0 0x0 0x9 0x4 0x0 0xffffffffffffffff 0x0 0x0 oops 0 methods 0
ciMethodData java/lang/StringLatin1 lastIndexOf ([BII)I 2 765 orig 80 0 0 0 0 0 0 0 0 0 0 0 0 2 2 0 0 0 0 0 0 0 0 0 0 0 0 0 0 0 0 0 0 0 0 0 0 0 0 0 0 0 0 0 0 0 0 0 0 0 0 0 0 0 0 0 0 0 0 0 0 0 0 0 0 0 0 0 0 0 0 0 0 0 0 0 0 0 0 0 0 data 30 0x10002 0x2fd 0x40007 0x2fd 0x20 0x0 0xe0002 0x2fd 0x130007 0x96 0x58 0x8809 0x1b0007 0x85a2 0x20 0x267 0x230003 0x85a2 0xffffffffffffffc0 0x0 0x0 0x0 0x0 0x0 0x0 0x9 0x3 0x0 0x0 0x0 oops 0 methods 0
ciMethodData java/util/Arrays copyOfRange ([BII)[B 2 5136 orig 80 0 0 0 0 0 0 0 0 0 0 0 0 255 127 0 0 0 0 0 0 0 0 0 0 0 0 0 0 0 0 0 0 0 0 0 0 0 0 0 0 0 0 0 0 0 0 0 0 0 0 0 0 0 0 0 0 0 0 0 0 0 0 0 0 0 0 0 0 0 0 0 0 0 0 0 0 0 0 0 0 data 67 0x10007 0xbe5 0xa0 0x82b 0x70007 0x58f 0x80 0x29c 0xb0005 0x0 0x0 0x0 0x0 0x0 0xe0004 0x0 0x0 0x0 0x0 0x0 0x170007 0x1174 0x100 0x0 0x220002 0x0 0x260005 0x0 0x0 0x0 0x0 0x0 0x2c0005 0x0 0x0 0x0 0x0 0x0 0x300005 0x0 0x0 0x0 0x0 0x0 0x330005 0x0 0x0 0x0 0x0 0x0 0x360002 0x0 0x490002 0x1174 0x4c0002 0x1174 0x0 0x0 0x0 0x0 0x0 0x0 0x9 0x3 0xffffffffffffffff 0x0 0x0 oops 0 methods 0
ciMethodData java/lang/System getSecurityManager ()Ljava/lang/SecurityManager; 2 31838 orig 80 0 0 0 0 0 0 0 0 0 0 0 0 2 2 0 0 0 0 0 0 0 0 0 0 0 0 0 0 0 0 0 0 0 0 0 0 0 0 0 0 0 0 0 0 0 0 0 0 0 0 0 0 0 0 0 0 0 0 0 0 0 0 0 0 0 0 0 0 0 0 0 0 0 0 0 0 0 0 0 0 data 14 0x2 0x7c5e 0x30007 0x7c34 0x20 0x2a 0x0 0x0 0x0 0x0 0x0 0x0 0x9 0x0 oops 0 methods 0
ciMethodData java/lang/System allowSecurityManager ()Z 2 31839 orig 80 0 0 0 0 0 0 0 0 0 0 0 0 2 2 0 0 0 0 0 0 0 0 0 0 0 0 0 0 0 0 0 0 0 0 0 0 0 0 0 0 0 0 0 0 0 0 0 0 0 0 0 0 0 0 0 0 0 0 0 0 0 0 0 0 0 0 0 0 0 0 0 0 0 0 0 0 0 0 0 0 data 11 0x40007 0x7c35 0x38 0x2a 0x80003 0x2a 0x18 0x0 0x0 0x9 0x0 oops 0 methods 0
ciMethodData java/lang/String substring (II)Ljava/lang/String; 2 7627 orig 80 1 0 0 0 0 0 0 0 0 0 0 0 255 127 0 0 0 0 0 0 0 0 0 0 0 0 0 0 0 0 0 0 0 0 0 0 0 0 0 1 0 0 0 0 0 0 0 0 0 0 0 0 0 0 0 0 0 0 0 0 0 0 0 0 0 0 0 0 0 0 0 0 0 0 0 0 0 0 0 0 data 44 0x10005 0x1dcb 0x0 0x0 0x0 0x0 0x80002 0x1dcb 0xc0007 0xbbf 0x40 0x120c 0x110007 0xf6e 0x20 0x29e 0x1c0005 0x1b2d 0x0 0x0 0x0 0x0 0x80000006001f0007 0xf8 0x48 0x1a36 0x290002 0x1a36 0x2c0003 0x1a36 0x28 0x360002 0xf8 0x0 0x0 0x0 0x0 0x0 0x0 0x9 0x3 0x0 0x0 0x0 oops 0 methods 0
ciMethodData java/util/concurrent/ConcurrentHashMap putVal (Ljava/lang/Object;Ljava/lang/Object;Z)Ljava/lang/Object; 2 12586 orig 80 2 0 0 0 0 0 0 0 0 0 0 0 255 127 0 0 0 0 0 0 0 0 0 0 0 0 0 0 0 0 0 0 0 0 0 0 0 0 0 2 0 0 0 0 0 0 0 0 0 0 0 0 0 0 0 0 0 0 0 0 0 0 0 0 0 0 0 0 0 0 0 0 0 0 0 0 0 0 0 0 data 241 0x10007 0x0 0x40 0x312a 0x50007 0x312a 0x30 0x0 0xc0002 0x0 0x110005 0x19d6 0x202c2186398 0x1753 0x202c75c7e98 0x1 0x140002 0x312a 0x240007 0x6f 0x40 0x312a 0x2d0007 0x312a 0x68 0x0 0x310005 0x6f 0x0 0x0 0x0 0x0 0x360003 0x6f 0x5b8 0x450002 0x312a 0x4b0007 0x1651 0x78 0x1ad9 0x5b0002 0x1ad9 0x5e0002 0x1ad9 0x610007 0x0 0x550 0x1ad9 0x640003 0x1ad9 0x548 0x700007 0x1651 0x68 0x0 0x780005 0x0 0x0 0x0 0x0 0x0 0x7d0003 0x0 0x4c8 0x810007 0x464 0xf0 0x11ed 0x880007 0xe01 0xd0 0x3ec 0x8000000600940007 0x2 0x90 0x3eb 0x990007 0x0 0x90 0x3eb 0x9f0005 0x0 0x202c2186398 0x3eb 0x0 0x0 0xa20007 0x0 0x40 0x3eb 0xad0007 0x0 0x20 0x3ed 0xc00002 0x1265 0xc50007 0x0 0x308 0x1265 0xca0007 0x0 0x180 0x1265 0xdb0007 0x1665 0xe8 0x1ee 0xe70007 0x0 0x90 0x1ee 0xec0007 0x0 0xa8 0x1ee 0xf20005 0x0 0x202c2186398 0x1ee 0x0 0x0 0xf50007 0x0 0x58 0x1ee 0x8000000601000007 0x14b 0x98 0xa4 0x1090003 0xa4 0x78 0x1180007 0x5ee 0x48 0x1077 0x1250002 0x1077 0x12b0003 0x1077 0x30 0x1310003 0x5ee 0xfffffffffffffed0 0x1340003 0x1266 0x180 0x1390004 0x0 0x0 0x0 0x0 0x0 0x13c0007 0x0 0xd8 0x0 0x1440004 0x0 0x0 0x0 0x0 0x0 0x14b0005 0x0 0x0 0x0 0x0 0x0 0x1510007 0x0 0x40 0x0 0x15c0007 0x0 0x20 0x0 0x1650003 0x0 0x78 0x16a0004 0x0 0x0 0x0 0x0 0x0 0x16d0007 0x0 0x30 0x0 0x1760002 0x0 0x17d0003 0x1266 0x18 0x18a0007 0x0 0x90 0x1266 0x1910007 0x1266 0x50 0x0 0x1990005 0x0 0x0 0x0 0x0 0x0 0x19e0007 0x1077 0x38 0x1ef 0x1a40003 0x6f 0xfffffffffffff9d8 0x1ab0005 0x2b50 0x0 0x0 0x0 0x0 0x0 0x0 0x0 0x0 0x0 0x0 0x0 0x0 0x0 0x9 0x4 0x0 0x0 0x0 0x0 0x1800001 0x1800001 oops 4 12 java/lang/String 14 jdk/internal/loader/ClassLoaderValue 83 java/lang/String 119 java/lang/String methods 0
ciMethodData java/util/concurrent/ConcurrentHashMap tabAt ([Ljava/util/concurrent/ConcurrentHashMap$Node;I)Ljava/util/concurrent/ConcurrentHashMap$Node; 2 5134 orig 80 0 0 0 0 0 0 0 0 0 0 0 0 0 0 0 0 0 0 0 0 0 0 0 0 0 0 0 0 0 0 0 0 0 0 0 0 0 0 0 0 0 0 0 0 0 0 0 0 0 0 0 0 0 0 0 0 0 0 0 0 0 0 0 0 0 0 0 0 0 0 0 0 0 0 0 0 0 0 0 0 data 25 0xf000b 0x140e 0x0 0x0 0x0 0x0 0x2 0x1 0x202c8eb46f8 0x120104 0x0 0x202c8eb4648 0xa54 0x202c22e60d0 0x300 0x0 0x0 0x0 0x0 0x0 0x0 0x9 0x2 0x0 0x0 oops 3 8 [Ljava/util/concurrent/ConcurrentHashMap$Node; 11 java/util/concurrent/ConcurrentHashMap$Node 13 java/util/concurrent/ConcurrentHashMap$ForwardingNode methods 0
ciMethodData java/util/concurrent/ConcurrentHashMap spread (I)I 2 26891 orig 80 0 0 0 0 0 0 0 0 0 0 0 0 2 2 0 0 0 0 0 0 0 0 0 0 0 0 0 0 0 0 0 0 0 0 0 0 0 0 0 0 0 0 0 0 0 0 0 0 0 0 0 0 0 0 0 0 0 0 0 0 0 0 0 0 0 0 0 0 0 0 0 0 0 0 0 0 0 0 0 0 data 5 0x0 0x0 0x9 0x1 0x0 oops 0 methods 0
ciMethodData java/util/concurrent/ConcurrentHashMap putIfAbsent (Ljava/lang/Object;Ljava/lang/Object;)Ljava/lang/Object; 2 11230 orig 80 0 0 0 0 0 0 0 0 0 0 0 0 255 127 0 0 0 0 0 0 0 0 0 0 0 0 0 0 0 0 0 0 0 0 0 0 0 0 0 0 0 0 0 0 0 0 0 0 0 0 0 0 0 0 0 0 0 0 0 0 0 0 0 0 0 0 0 0 0 0 0 0 0 0 0 0 0 0 0 0 data 17 0x40005 0x2bdf 0x0 0x0 0x0 0x0 0x0 0x0 0x0 0x0 0x0 0x0 0x9 0x3 0xffffffffffffffff 0xffffffffffffffff 0xffffffffffffffff oops 0 methods 0
ciMethodData java/util/AbstractMap <init> ()V 2 8387 orig 80 0 0 0 0 0 0 0 0 0 0 0 0 2 2 0 0 0 0 0 0 0 0 0 0 0 0 0 0 0 0 0 0 0 0 0 0 0 0 0 0 0 0 0 0 0 0 0 0 0 0 0 0 0 0 0 0 0 0 0 0 0 0 0 0 0 0 0 0 0 0 0 0 0 0 0 0 0 0 0 0 data 7 0x10002 0x20c3 0x0 0x0 0x9 0x1 0x0 oops 0 methods 0
ciMethodData java/util/HashMap <init> ()V 2 1870 orig 80 0 0 0 0 0 0 0 0 0 0 0 0 2 2 0 0 0 0 0 0 0 0 0 0 0 0 0 0 0 0 0 0 0 0 0 0 0 0 0 0 0 0 0 0 0 0 0 0 0 0 0 0 0 0 0 0 0 0 0 0 0 0 0 0 0 0 0 0 0 0 0 0 0 0 0 0 0 0 0 0 data 9 0x10002 0x74e 0x0 0x0 0x0 0x0 0x9 0x1 0x20 oops 0 methods 0
ciMethodData java/lang/StringLatin1 canEncode (C)Z 2 10947 orig 80 0 0 0 0 0 0 0 0 0 0 0 0 2 2 0 0 0 0 0 0 0 0 0 0 0 0 0 0 0 0 0 0 0 0 0 0 0 0 0 1 0 0 0 0 0 0 0 0 0 0 0 0 0 0 0 0 0 0 0 0 0 0 0 0 0 0 0 0 0 0 0 0 0 0 0 0 0 0 0 0 data 11 0x8000000600040007 0x2 0x38 0x2ac2 0x80003 0x2ac2 0x18 0x0 0x9 0x1 0x0 oops 0 methods 0
ciMethodData java/lang/String <init> ([BB)V 2 12754 orig 80 0 0 0 0 0 0 0 0 0 0 0 0 2 2 0 0 0 0 0 0 0 0 0 0 0 0 0 0 0 0 0 0 0 0 0 0 0 0 0 0 0 0 0 0 0 0 0 0 0 0 0 0 0 0 0 0 0 0 0 0 0 0 0 0 0 0 0 0 0 0 0 0 0 0 0 0 0 0 0 0 data 11 0x10002 0x31d2 0x0 0x0 0x0 0x0 0x9 0x3 0xc 0x0 0x0 oops 0 methods 0
ciMethodData jdk/internal/util/Preconditions checkFromToIndex (IIILjava/util/function/BiFunction;)I 2 11539 orig 80 0 0 0 0 0 0 0 0 0 0 0 0 2 2 0 0 0 0 0 0 0 0 0 0 0 0 0 0 0 0 0 0 0 0 0 0 0 0 0 0 0 0 0 0 0 0 0 0 0 0 0 0 0 0 0 0 0 0 0 0 0 0 0 0 0 0 0 0 0 0 0 0 0 0 0 0 0 0 0 0 data 26 0x10007 0x0 0x60 0x2d13 0x60007 0x0 0x40 0x2d13 0xb0007 0x2d13 0x30 0x0 0x120002 0x0 0x0 0x0 0x0 0x0 0x0 0x0 0x9 0x4 0x0 0x0 0x0 0x0 oops 0 methods 0
ciMethodData java/lang/Float isNaN (F)Z 2 5525 orig 80 0 0 0 0 0 0 0 0 0 0 0 0 255 127 0 0 0 0 0 0 0 0 0 0 0 0 0 0 0 0 0 0 0 0 0 0 0 0 0 0 0 0 0 0 0 0 0 0 0 0 0 0 0 0 0 0 0 0 0 0 0 0 0 0 0 0 0 0 0 0 0 0 0 0 0 0 0 0 0 0 data 11 0x30007 0x1596 0x38 0x0 0x70003 0x0 0x18 0x0 0x9 0x1 0x0 oops 0 methods 0
ciMethodData java/util/HashMap tableSizeFor (I)I 2 5586 orig 80 0 0 0 0 0 0 0 0 0 0 0 0 255 127 0 0 0 0 0 0 0 0 0 0 0 0 0 0 0 0 0 0 0 0 0 0 0 0 0 0 0 0 0 0 0 0 0 0 0 0 0 0 0 0 0 0 0 0 0 0 0 0 0 0 0 0 0 0 0 0 0 0 0 0 0 0 0 0 0 0 data 25 0x40002 0x15d3 0xa0007 0x15c2 0x38 0x11 0xe0003 0x11 0x50 0x140007 0x15c2 0x38 0x0 0x190003 0x0 0x18 0x0 0x0 0x0 0x0 0x0 0x0 0x9 0x1 0x0 oops 0 methods 0
ciMethodData java/io/OutputStream <init> ()V 2 5049 orig 80 0 0 0 0 0 0 0 0 0 0 0 0 0 0 0 0 0 0 0 0 0 0 0 0 0 0 0 0 0 0 0 0 0 0 0 0 0 0 0 0 0 0 0 0 0 0 0 0 0 0 0 0 0 0 0 0 0 0 0 0 0 0 0 0 0 0 0 0 0 0 0 0 0 0 0 0 0 0 0 0 data 7 0x10002 0x13ba 0x0 0x0 0x9 0x1 0x0 oops 0 methods 0
ciMethodData java/util/HashMap <init> (I)V 2 4983 orig 80 0 0 0 0 0 0 0 0 0 0 0 0 0 0 0 0 0 0 0 0 0 0 0 0 0 0 0 0 0 0 0 0 0 0 0 0 0 0 0 0 0 0 0 0 0 0 0 0 0 0 0 0 0 0 0 0 0 0 0 0 0 0 0 0 0 0 0 0 0 0 0 0 0 0 0 0 0 0 0 0 data 9 0x40002 0x1378 0x0 0x0 0x0 0x9 0x2 0x30 0x0 oops 0 methods 0
ciMethodData java/util/HashMap <init> (IF)V 2 5306 orig 80 0 0 0 0 0 0 0 0 0 0 0 0 255 127 0 0 0 0 0 0 0 0 0 0 0 0 0 0 0 0 0 0 0 0 0 0 0 0 0 0 0 0 0 0 0 0 0 0 0 0 0 0 0 0 0 0 0 0 0 0 0 0 0 0 0 0 0 0 0 0 0 0 0 0 0 0 0 0 0 0 data 77 0x10002 0x14bb 0x50007 0x14bb 0xd0 0x0 0x100002 0x0 0x150005 0x0 0x0 0x0 0x0 0x0 0x190005 0x0 0x0 0x0 0x0 0x0 0x1c0005 0x0 0x0 0x0 0x0 0x0 0x1f0002 0x0 0x260007 0x14bb 0x20 0x0 0x2f0007 0x0 0x50 0x14bb 0x330002 0x14bb 0x360007 0x14bb 0xd0 0x0 0x410002 0x0 0x460005 0x0 0x0 0x0 0x0 0x0 0x4a0005 0x0 0x0 0x0 0x0 0x0 0x4d0005 0x0 0x0 0x0 0x0 0x0 0x500002 0x0 0x5b0002 0x14bb 0x0 0x0 0x0 0x0 0x0 0x0 0x9 0x3 0x30 0x0 0x0 oops 0 methods 0
ciMethodData java/util/HashMap calculateHashMapCapacity (I)I 2 5532 orig 80 0 0 0 0 0 0 0 0 0 0 0 0 227 240 38 223 0 0 0 0 0 0 0 0 0 0 0 0 0 0 0 0 0 0 0 0 0 0 0 0 0 0 0 0 0 0 0 0 0 0 0 0 0 0 0 0 0 0 0 0 0 0 0 0 0 0 0 0 0 0 0 0 0 0 0 0 0 0 0 0 data 11 0x60002 0x159d 0x0 0x0 0x0 0x0 0x0 0x0 0x9 0x1 0x0 oops 0 methods 0
ciMethodData java/util/jar/Attributes <init> (I)V 2 3967 orig 80 0 0 0 0 0 0 0 0 0 0 0 0 9 0 0 0 0 0 0 0 0 0 0 0 0 0 0 0 0 0 0 0 0 0 0 0 0 0 0 0 0 0 0 0 0 0 0 0 0 0 0 0 0 0 0 0 0 0 0 0 0 0 0 0 0 0 0 0 0 0 0 0 0 0 0 0 0 0 0 0 data 14 0x10002 0xf80 0x60002 0xf80 0x0 0x0 0x0 0x0 0x0 0x0 0x9 0x2 0x0 0x0 oops 0 methods 0
ciMethodData java/util/LinkedHashMap newLinkedHashMap (I)Ljava/util/LinkedHashMap; 2 3968 orig 80 0 0 0 0 0 0 0 0 0 0 0 0 255 127 0 0 0 0 0 0 0 0 0 0 0 0 0 0 0 0 0 0 0 0 0 0 0 0 0 0 0 0 0 0 0 0 0 0 0 0 0 0 0 0 0 0 0 0 0 0 0 0 0 0 0 0 0 0 0 0 0 0 0 0 0 0 0 0 0 0 data 39 0x10007 0xf81 0xd0 0x0 0xc0002 0x0 0x110005 0x0 0x0 0x0 0x0 0x0 0x150005 0x0 0x0 0x0 0x0 0x0 0x180005 0x0 0x0 0x0 0x0 0x0 0x1b0002 0x0 0x240002 0xf81 0x270002 0xf81 0x0 0x0 0x0 0x0 0x0 0x0 0x9 0x1 0x0 oops 0 methods 0
ciMethodData java/util/LinkedHashMap <init> (I)V 2 3968 orig 80 0 0 0 0 0 0 0 0 0 0 0 0 255 127 0 0 0 0 0 0 0 0 0 0 0 0 0 0 0 0 0 0 0 0 0 0 0 0 0 0 0 0 0 0 0 0 0 0 0 0 0 0 0 0 0 0 0 0 0 0 0 0 0 0 0 0 0 0 0 0 0 0 0 0 0 0 0 0 0 0 data 10 0x20002 0xf81 0x0 0x0 0x0 0x0 0x9 0x2 0x170 0x0 oops 0 methods 0
ciMethodData java/io/ByteArrayOutputStream <init> ()V 2 5015 orig 80 0 0 0 0 0 0 0 0 0 0 0 0 9 0 0 0 0 0 0 0 0 0 0 0 0 0 0 0 0 0 0 0 0 0 0 0 0 0 0 0 0 0 0 0 0 0 0 0 0 0 0 0 0 0 0 0 0 0 0 0 0 0 0 0 0 0 0 0 0 0 0 0 0 0 0 0 0 0 0 0 data 7 0x30002 0x1398 0x0 0x0 0x9 0x1 0x0 oops 0 methods 0
ciMethodData java/io/ByteArrayOutputStream <init> (I)V 2 5032 orig 80 0 0 0 0 0 0 0 0 0 0 0 0 255 127 0 0 0 0 0 0 0 0 0 0 0 0 0 0 0 0 0 0 0 0 0 0 0 0 0 0 0 0 0 0 0 0 0 0 0 0 0 0 0 0 0 0 0 0 0 0 0 0 0 0 0 0 0 0 0 0 0 0 0 0 0 0 0 0 0 0 data 38 0x10002 0x13a9 0x50007 0x13a9 0xd0 0x0 0x100002 0x0 0x150005 0x0 0x0 0x0 0x0 0x0 0x190005 0x0 0x0 0x0 0x0 0x0 0x1c0005 0x0 0x0 0x0 0x0 0x0 0x1f0002 0x0 0x0 0x0 0x0 0x0 0x0 0x0 0x9 0x2 0x0 0x0 oops 0 methods 0
ciMethodData java/util/jar/Manifest getAttributes (Ljava/lang/String;)Ljava/util/jar/Attributes; 2 6637 orig 80 0 0 0 0 0 0 0 0 0 0 0 0 255 127 0 0 0 0 0 0 0 0 0 0 0 0 0 0 0 0 0 0 0 0 0 0 0 0 0 0 0 0 0 0 0 0 0 0 0 0 0 0 0 0 0 0 0 0 0 0 0 0 0 0 0 0 0 0 0 0 0 0 0 0 0 0 0 0 0 0 data 28 0x10005 0x0 0x202c2189858 0x19ee 0x0 0x0 0x50005 0x0 0x202c8cdc1a0 0x19ee 0x0 0x0 0xa0104 0x0 0x202c7f96068 0xed 0x0 0x0 0x0 0x0 0x0 0x0 0x0 0x0 0x9 0x2 0x0 0x0 oops 3 2 java/util/jar/Manifest 8 java/util/HashMap 14 java/util/jar/Attributes methods 0
ciMethodData java/lang/String checkBoundsBeginEnd (III)V 2 7629 orig 80 0 0 0 0 0 0 0 0 0 0 0 0 2 2 0 0 0 0 0 0 0 0 0 0 0 0 0 0 0 0 0 0 0 0 0 0 0 0 0 0 0 0 0 0 0 0 0 0 0 0 0 0 0 0 0 0 0 0 0 0 0 0 0 0 0 0 0 0 0 0 0 0 0 0 0 0 0 0 0 0 data 13 0x60002 0x1dcd 0x0 0x0 0x0 0x0 0x0 0x0 0x9 0x3 0x0 0x0 0x0 oops 0 methods 0
ciMethodData java/lang/StringLatin1 newString ([BII)Ljava/lang/String; 2 5152 orig 80 0 0 0 0 0 0 0 0 0 0 0 0 2 2 0 0 0 0 0 0 0 0 0 0 0 0 0 0 0 0 0 0 0 0 0 0 0 0 0 0 0 0 0 0 0 0 0 0 0 0 0 0 0 0 0 0 0 0 0 0 0 0 0 0 0 0 0 0 0 0 0 0 0 0 0 0 0 0 0 0 data 19 0x10007 0x141f 0x20 0x1 0x100002 0x141f 0x140002 0x141f 0x0 0x0 0x0 0x0 0x0 0x0 0x9 0x3 0x0 0x0 0x0 oops 0 methods 0
ciMethodData java/lang/StringUTF16 newString ([BII)Ljava/lang/String; 1 248 orig 80 0 0 0 0 0 0 0 0 0 0 0 0 2 2 0 0 0 0 0 0 0 0 0 0 0 0 0 0 0 0 0 0 0 0 0 0 0 0 0 0 0 0 0 0 0 0 0 0 0 0 0 0 0 0 0 0 0 0 0 0 0 0 0 0 0 0 0 0 0 0 0 0 0 0 0 0 0 0 0 0 data 29 0x10007 0xf8 0x20 0x0 0xb0007 0x0 0x50 0xf8 0x110002 0xf8 0x170002 0xf8 0x230002 0xf8 0x360002 0x0 0x3a0002 0x0 0x0 0x0 0x0 0x0 0x0 0x0 0x9 0x3 0xffffffffffffffff 0x0 0x0 oops 0 methods 0
ciMethodData java/lang/String lastIndexOf (II)I 2 21314 orig 80 0 0 0 0 0 0 0 0 0 0 0 0 255 127 0 0 0 0 0 0 0 0 0 0 0 0 0 0 0 0 0 0 0 0 0 0 0 0 0 0 0 0 0 0 0 0 0 0 0 0 0 0 0 0 0 0 0 0 0 0 0 0 0 0 0 0 0 0 0 0 0 0 0 0 0 0 0 0 0 0 data 28 0x10005 0x5342 0x0 0x0 0x0 0x0 0x40007 0x0 0x48 0x5342 0xd0002 0x5342 0x100003 0x5342 0x28 0x190002 0x0 0x0 0x0 0x0 0x0 0x0 0x0 0x9 0x3 0x0 0x0 0x0 oops 0 methods 0
ciMethodData java/lang/String lastIndexOf (I)I 2 18819 orig 80 0 0 0 0 0 0 0 0 0 0 0 0 255 127 0 0 0 0 0 0 0 0 0 0 0 0 0 0 0 0 0 0 0 0 0 0 0 0 0 0 0 0 0 0 0 0 0 0 0 0 0 0 0 0 0 0 0 0 0 0 0 0 0 0 0 0 0 0 0 0 0 0 0 0 0 0 0 0 0 0 data 22 0x30005 0x4983 0x0 0x0 0x0 0x0 0x80005 0x4983 0x0 0x0 0x0 0x0 0x0 0x0 0x0 0x0 0x0 0x0 0x9 0x2 0x0 0x0 oops 0 methods 0
ciMethodData java/util/Objects requireNonNull (Ljava/lang/Object;Ljava/lang/String;)Ljava/lang/Object; 2 39035 orig 80 0 0 0 0 0 0 0 0 0 0 0 0 2 2 0 0 0 0 0 0 0 0 0 0 0 0 0 0 0 0 0 0 0 0 0 0 0 0 0 0 0 0 0 0 0 0 0 0 0 0 0 0 0 0 0 0 0 0 0 0 0 0 0 0 0 0 0 0 0 0 0 0 0 0 0 0 0 0 0 0 data 16 0x10007 0x987b 0x30 0x0 0x90002 0x0 0x0 0x0 0x0 0x0 0x0 0x0 0x9 0x2 0x0 0x0 oops 0 methods 0
ciMethodData java/util/concurrent/ConcurrentHashMap get (Ljava/lang/Object;)Ljava/lang/Object; 2 11310 orig 80 1 0 0 0 0 0 0 0 0 0 0 0 255 127 0 0 0 0 0 0 0 0 0 0 0 0 0 0 0 0 0 0 0 0 0 0 0 0 0 1 0 0 0 0 0 0 0 0 0 0 0 0 0 0 0 0 0 0 0 0 0 0 0 0 0 0 0 0 0 0 0 0 0 0 0 0 0 0 0 0 data 97 0x10005 0x385 0x202c2186398 0x143c 0x202c23abca0 0x146d 0x40002 0x2c2e 0xf0007 0x26 0x278 0x2c08 0x170007 0x0 0x258 0x2c08 0x220002 0x2c08 0x270007 0xce5 0x228 0x1f23 0x330007 0xc91 0xb0 0x1292 0x3e0007 0x39f 0x90 0xef3 0x430007 0x0 0xf8 0xef3 0x490005 0x157 0x202c2186398 0x54f 0x202c23abca0 0x84d 0x80000006004c0007 0x2 0xa8 0xef2 0x560007 0xc91 0x88 0x0 0x5d0005 0x0 0x0 0x0 0x0 0x0 0x630007 0x0 0x38 0x0 0x6b0003 0x0 0x18 0x760007 0x777 0xd0 0x6cb 0x7f0007 0x1af 0xffffffffffffffe0 0x51c 0x8a0007 0x13b 0x90 0x3e1 0x8f0007 0x0 0xffffffffffffffa0 0x3e1 0x950005 0x29 0x202c23abca0 0x1a8 0x202c2186398 0x210 0x980007 0x0 0xffffffffffffff50 0x3e1 0x0 0x0 0x0 0x0 0x0 0x0 0x9 0x2 0x0 0x0 oops 6 2 java/lang/String 4 jdk/internal/util/StrongReferenceKey 36 java/lang/String 38 jdk/internal/util/StrongReferenceKey 79 jdk/internal/util/StrongReferenceKey 81 java/lang/String methods 0
ciMethodData java/lang/StringConcatHelper stringOf (Ljava/lang/Object;)Ljava/lang/String; 2 11289 orig 80 0 0 0 0 0 0 0 0 0 0 0 0 255 127 0 0 0 0 0 0 0 0 0 0 0 0 0 0 0 0 0 0 0 0 0 0 0 0 0 0 0 0 0 0 0 0 0 0 0 0 0 0 0 0 0 0 0 0 0 0 0 0 0 0 0 0 0 0 0 0 0 0 0 0 0 0 0 0 0 0 data 26 0x10007 0x1 0x70 0x2c18 0x50005 0x25d2 0x202c2186398 0x644 0x202c846aa10 0x2 0xa0007 0x2c18 0x38 0x0 0xf0003 0x1 0x18 0x0 0x0 0x0 0x0 0x0 0x0 0x9 0x1 0x0 oops 2 6 java/lang/String 8 scala/meta/io/AbsolutePath$$anon$3 methods 0
ciMethodData java/lang/String toString ()Ljava/lang/String; 2 11386 orig 80 0 0 0 0 0 0 0 0 0 0 0 0 2 2 0 0 0 0 0 0 0 0 0 0 0 0 0 0 0 0 0 0 0 0 0 0 0 0 0 0 0 0 0 0 0 0 0 0 0 0 0 0 0 0 0 0 0 0 0 0 0 0 0 0 0 0 0 0 0 0 0 0 0 0 0 0 0 0 0 0 data 5 0x0 0x0 0x9 0x1 0x0 oops 0 methods 0
ciMethodData java/lang/StringConcatHelper mix (JLjava/lang/String;)J 2 11016 orig 80 0 0 0 0 0 0 0 0 0 0 0 0 255 127 0 0 0 0 0 0 0 0 0 0 0 0 0 0 0 0 0 0 0 0 0 0 0 0 0 0 0 0 0 0 0 0 0 0 0 0 0 0 0 0 0 0 0 0 0 0 0 0 0 0 0 0 0 0 0 0 0 0 0 0 0 0 0 0 0 0 data 29 0x20005 0x2b08 0x0 0x0 0x0 0x0 0x90005 0x2b08 0x0 0x0 0x0 0x0 0xd0007 0x2a8c 0x20 0x7c 0x170002 0x2b08 0x0 0x0 0x0 0x0 0x0 0x0 0x9 0x3 0x0 0x0 0x0 oops 0 methods 0
ciMethodData java/lang/StringConcatHelper checkOverflow (J)J 2 11028 orig 80 0 0 0 0 0 0 0 0 0 0 0 0 2 2 0 0 0 0 0 0 0 0 0 0 0 0 0 0 0 0 0 0 0 0 0 0 0 0 0 0 0 0 0 0 0 0 0 0 0 0 0 0 0 0 0 0 0 0 0 0 0 0 0 0 0 0 0 0 0 0 0 0 0 0 0 0 0 0 0 0 data 14 0x20007 0x0 0x20 0x2b14 0xd0002 0x0 0x0 0x0 0x0 0x0 0x9 0x2 0x0 0x0 oops 0 methods 0
ciMethodData java/lang/StringConcatHelper prepend (J[BLjava/lang/String;)J 2 7491 orig 80 1 0 0 0 0 0 0 0 0 0 0 0 255 127 0 0 0 0 0 0 0 0 0 0 0 0 0 0 0 0 0 0 0 0 0 0 0 0 0 1 0 0 0 0 0 0 0 0 0 0 0 0 0 0 0 0 0 0 0 0 0 0 0 0 0 0 0 0 0 0 0 0 0 0 0 0 0 0 0 0 data 37 0x20005 0x1d43 0x0 0x0 0x0 0x0 0x80000006000d0007 0x173 0x68 0x1bd1 0x150005 0x1bd1 0x0 0x0 0x0 0x0 0x180003 0x1bd1 0x48 0x200005 0x173 0x0 0x0 0x0 0x0 0x0 0x0 0x0 0x0 0x0 0x0 0x9 0x4 0x0 0x0 0xffffffffffffffff 0x0 oops 0 methods 0
ciMethod java/lang/SecurityException <init> (Ljava/lang/String;)V 0 0 1 0 -1
ciMethodData java/lang/StringConcatHelper newArray (J)[B 2 6227 orig 80 0 0 0 0 0 0 0 0 0 0 0 0 255 127 0 0 0 0 0 0 0 0 0 0 0 0 0 0 0 0 0 0 0 0 0 0 0 0 0 0 0 0 0 0 0 0 0 0 0 0 0 0 0 0 0 0 0 0 0 0 0 0 0 0 0 0 0 0 0 0 0 0 0 0 0 0 0 0 0 0 data 28 0xd0007 0x1853 0x30 0x0 0x160002 0x0 0x210005 0x1853 0x0 0x0 0x0 0x0 0x240004 0x0 0x202c21a3e18 0x1853 0x0 0x0 0x0 0x0 0x0 0x0 0x0 0x0 0x9 0x2 0x0 0x0 oops 1 14 [B methods 0
ciMethodData jdk/internal/misc/Unsafe allocateUninitializedArray (Ljava/lang/Class;I)Ljava/lang/Object; 2 5255 orig 80 1 0 0 0 0 0 0 0 0 0 0 0 255 127 0 0 0 0 0 0 4 0 0 0 0 0 0 0 0 0 0 0 0 0 0 0 0 0 0 0 0 0 0 0 0 0 0 0 0 0 0 0 0 0 0 0 0 0 0 0 0 0 0 0 0 0 0 0 0 0 0 0 0 0 0 0 0 0 0 0 data 41 0x10007 0x1487 0x30 0x0 0xb0002 0x0 0x100005 0x1487 0x0 0x0 0x0 0x0 0x130007 0x1487 0x30 0x0 0x1d0002 0x0 0x220007 0x1487 0x30 0x0 0x2c0002 0x0 0x8000000400330005 0x148b 0x0 0x0 0x0 0x0 0x0 0x0 0x0 0x0 0x0 0x0 0x9 0x3 0x0 0x0 0x0 oops 0 methods 0
ciMethodData java/lang/StringLatin1 replace ([BCC)Ljava/lang/String; 2 678 orig 80 0 0 0 0 0 0 0 0 0 0 0 0 2 2 0 0 0 0 0 0 0 0 0 0 0 0 0 0 0 0 0 0 0 0 0 0 0 0 0 0 0 0 0 0 0 0 0 0 0 0 0 0 0 0 0 0 0 0 0 0 0 0 0 0 0 0 0 0 0 0 0 0 0 0 0 0 0 0 0 0 data 85 0x10002 0x2a6 0x40007 0x0 0x240 0x2a6 0x130007 0x2f 0x58 0xec1 0x1c0007 0xc4a 0xffffffffffffffe0 0x277 0x1f0003 0x277 0x18 0x250007 0x2f 0x1c8 0x277 0x290002 0x277 0x2c0007 0x0 0xe8 0x277 0x310002 0x277 0x3d0007 0x277 0x38 0xb5e 0x4c0003 0xb5e 0xffffffffffffffe0 0x520007 0x277 0x70 0x4c93 0x630007 0x44fd 0x38 0x796 0x680003 0x796 0x18 0x710003 0x4c93 0xffffffffffffffa8 0x7b0002 0x277 0x800002 0x0 0x8c0002 0x0 0x920007 0x0 0x80 0x0 0xa70007 0x0 0x38 0x0 0xab0003 0x0 0x18 0xb00002 0x0 0xb60003 0x0 0xffffffffffffff98 0xc00002 0x0 0x0 0x0 0x0 0x0 0x0 0x0 0x9 0x3 0x0 0x0 0x0 oops 0 methods 0
ciMethodData java/lang/ClassLoader checkName (Ljava/lang/String;)Z 2 5124 orig 80 0 0 0 0 0 0 0 0 0 0 0 0 255 127 0 0 0 0 0 0 0 0 0 0 0 0 0 0 0 0 0 0 0 0 0 0 0 0 0 0 0 0 0 0 0 0 0 0 0 0 0 0 0 0 0 0 0 0 0 0 0 0 0 0 0 0 0 0 0 0 0 0 0 0 0 0 0 0 0 0 data 43 0x10007 0x0 0x70 0x1404 0x50005 0x1404 0x0 0x0 0x0 0x0 0x80007 0x1404 0x20 0x0 0x100005 0x1404 0x0 0x0 0x0 0x0 0x140007 0x0 0x70 0x1404 0x190005 0x1404 0x0 0x0 0x0 0x0 0x1e0007 0x1404 0x20 0x0 0x0 0x0 0x0 0x0 0x0 0x0 0x9 0x1 0x0 oops 0 methods 0
ciMethodData java/lang/ref/Reference <init> (Ljava/lang/Object;Ljava/lang/ref/ReferenceQueue;)V 2 12319 orig 80 0 0 0 0 0 0 0 0 0 0 0 0 2 2 0 0 0 0 0 0 0 0 0 0 0 0 0 0 0 0 0 0 0 0 0 0 0 0 0 0 0 0 0 0 0 0 0 0 0 0 0 0 0 0 0 0 0 0 0 0 0 0 0 0 0 0 0 0 0 0 0 0 0 0 0 0 0 0 0 0 data 20 0x10002 0x301f 0xb0007 0x2a20 0x38 0x5ff 0x110003 0x5ff 0x18 0x0 0x0 0x0 0x0 0x0 0x0 0x9 0x3 0xc 0x0 0x0 oops 0 methods 0
ciMethodData java/lang/String equalsIgnoreCase (Ljava/lang/String;)Z 2 3381 orig 80 0 0 0 0 0 0 0 0 0 0 0 0 255 127 0 0 0 0 0 0 0 0 0 0 0 0 0 0 0 0 0 0 0 0 0 0 0 0 0 0 0 0 0 0 0 0 0 0 0 0 0 0 0 0 0 0 0 0 0 0 0 0 0 0 0 0 0 0 0 0 0 0 0 0 0 0 0 0 0 0 data 56 0x20007 0xc1a 0x38 0x11b 0x60003 0x11b 0x150 0xa0007 0x988 0x138 0x292 0xe0005 0x292 0x0 0x0 0x0 0x0 0x120005 0x292 0x0 0x0 0x0 0x0 0x150007 0x234 0xb8 0x5e 0x1e0005 0x5e 0x0 0x0 0x0 0x0 0x210005 0x5e 0x0 0x0 0x0 0x0 0x240007 0x8 0x38 0x56 0x280003 0x56 0x18 0x0 0x0 0x0 0x0 0x0 0x0 0x9 0x2 0xffffffffffffffff 0xffffffffffffffff oops 0 methods 0
ciMethodData java/util/jar/JarFile maybeInstantiateVerifier ()V 2 5180 orig 80 0 0 0 0 0 0 0 0 0 0 0 0 255 127 0 0 0 0 0 0 0 0 0 0 0 0 0 0 0 0 0 0 0 0 0 0 0 0 0 0 0 0 0 0 0 0 0 0 0 0 0 0 0 0 0 0 0 0 0 0 0 0 0 0 0 0 0 0 0 0 0 0 0 0 0 0 0 0 0 0 data 33 0x40007 0x1177 0x20 0x2c5 0xc0007 0x1149 0xa0 0x2e 0x140005 0x0 0x202c7c2f098 0x2e 0x0 0x0 0x1b0007 0x2c 0x50 0x2 0x1f0005 0x0 0x202c8cdffe0 0x2 0x0 0x0 0x0 0x0 0x0 0x0 0x0 0x0 0x9 0x1 0xffffffffffffffff oops 2 10 java/util/zip/ZipFile$1 20 java/util/jar/JarFile methods 0
ciMethodData java/util/jar/JarFile getManEntry ()Ljava/util/jar/JarEntry; 1 219 orig 80 0 0 0 0 0 0 0 0 0 0 0 0 2 2 0 0 0 0 0 0 0 0 0 0 0 0 0 0 0 0 0 0 0 0 0 0 0 0 0 0 0 0 0 0 0 0 0 0 0 0 0 0 0 0 0 0 0 0 0 0 0 0 0 0 0 0 0 0 0 0 0 0 0 0 0 0 0 0 0 0 data 31 0x40007 0x31 0xb0 0xaa 0xc0005 0x0 0x202c7c2f098 0xaa 0x0 0x0 0x130007 0x5 0x60 0xa5 0x190002 0xa5 0x1c0004 0x0 0x202c7d85348 0xa5 0x0 0x0 0x0 0x0 0x0 0x0 0x0 0x0 0x9 0x1 0xffffffffffffffff oops 2 6 java/util/zip/ZipFile$1 18 java/util/jar/JarFile$JarFileEntry methods 0
ciMethodData java/util/jar/JarFile getBytes (Ljava/util/zip/ZipEntry;)[B 1 175 orig 80 0 0 0 0 0 0 0 0 0 0 0 0 255 127 0 0 0 0 0 0 0 0 0 0 0 0 0 0 0 0 0 0 0 0 0 0 0 0 0 0 0 0 0 0 0 0 0 0 0 0 0 0 0 0 0 0 0 0 0 0 0 0 0 0 0 0 0 0 0 0 0 0 0 0 0 0 0 0 0 0 data 176 0x20002 0xaf 0x70005 0x0 0x202c7d85348 0xaf 0x0 0x0 0x110007 0xaf 0x1f0 0x0 0x1c0002 0x0 0x220005 0x0 0x0 0x0 0x0 0x0 0x260005 0x0 0x0 0x0 0x0 0x0 0x2c0005 0x0 0x0 0x0 0x0 0x0 0x300005 0x0 0x0 0x0 0x0 0x0 0x330005 0x0 0x0 0x0 0x0 0x0 0x390005 0x0 0x0 0x0 0x0 0x0 0x3f0005 0x0 0x0 0x0 0x0 0x0 0x450005 0x0 0x0 0x0 0x0 0x0 0x480005 0x0 0x0 0x0 0x0 0x0 0x4b0002 0x0 0x560007 0x0 0x88 0xaf 0x5e0007 0x3 0x68 0xac 0x6d0005 0x0 0x202c7d853f8 0xac 0x0 0x0 0x720003 0xac 0x48 0x760005 0x0 0x202c7d853f8 0x3 0x0 0x0 0x830007 0x0 0x150 0xaf 0x8a0007 0xaf 0x130 0x0 0x950002 0x0 0x9b0005 0x0 0x0 0x0 0x0 0x0 0xa00005 0x0 0x0 0x0 0x0 0x0 0xa60005 0x0 0x0 0x0 0x0 0x0 0xab0005 0x0 0x0 0x0 0x0 0x0 0xae0005 0x0 0x0 0x0 0x0 0x0 0xb10002 0x0 0xba0007 0x0 0x50 0xaf 0xbe0005 0x0 0x202c7d853f8 0xaf 0x0 0x0 0xc60007 0x0 0x98 0x0 0xca0005 0x0 0x0 0x0 0x0 0x0 0xcd0003 0x0 0x48 0xd50005 0x0 0x0 0x0 0x0 0x0 0x0 0x0 0x0 0x0 0x0 0x0 0x9 0x2 0x0 0x0 0xc40001 0xd00001 oops 4 4 java/util/jar/JarFile$JarFileEntry 80 java/util/zip/ZipFile$ZipFileInflaterInputStream 89 java/util/zip/ZipFile$ZipFileInflaterInputStream 141 java/util/zip/ZipFile$ZipFileInflaterInputStream methods 0
ciMethodData java/util/jar/JarFile getManifest ()Ljava/util/jar/Manifest; 2 2406 orig 80 0 0 0 0 0 0 0 0 0 0 0 0 255 127 0 0 0 0 0 0 0 0 0 0 0 0 0 0 0 0 0 0 0 0 0 0 0 0 0 0 0 0 0 0 0 0 0 0 0 0 0 0 0 0 0 0 0 0 0 0 0 0 0 0 0 0 0 0 0 0 0 0 0 0 0 0 0 0 0 0 data 15 0x10005 0x966 0x0 0x0 0x0 0x0 0x0 0x0 0x0 0x0 0x0 0x0 0x9 0x1 0x0 oops 0 methods 0
ciMethodData java/util/jar/JarFile getManifestFromReference ()Ljava/util/jar/Manifest; 2 2710 orig 80 0 0 0 0 0 0 0 0 0 0 0 0 255 127 0 0 0 0 0 0 0 0 0 0 0 0 0 0 0 0 0 0 0 0 0 0 0 0 0 0 0 0 0 0 0 0 0 0 0 0 0 0 0 0 0 0 0 0 0 0 0 0 0 0 0 0 0 0 0 0 0 0 0 0 0 0 0 0 0 0 data 149 0x40007 0x33 0x98 0xa63 0xb0005 0x0 0x202c2187378 0xa63 0x0 0x0 0xe0004 0x0 0x202c2189858 0xa63 0x0 0x0 0x110003 0xa63 0x18 0x170007 0xa63 0x3a0 0x33 0x1b0005 0x33 0x0 0x0 0x0 0x0 0x200007 0x3 0x350 0x30 0x270007 0x2d 0x1d0 0x3 0x2c0005 0x3 0x0 0x0 0x0 0x0 0x340007 0x0 0x118 0x3 0x3b0005 0x0 0x202c7c2f098 0x3 0x0 0x0 0x410007 0x0 0x78 0x3 0x4a0005 0x0 0x202c7d85348 0x3 0x0 0x0 0x4e0002 0x3 0x540003 0x3 0x68 0x5a0007 0x0 0x50 0x0 0x620005 0x0 0x0 0x0 0x0 0x0 0x720002 0x3 0x760005 0x0 0x202c8cdffe0 0x3 0x0 0x0 0x790002 0x3 0x7d0003 0x3 0x168 0x820002 0x2d 0x8c0005 0x0 0x202c8cdffe0 0x2d 0x0 0x0 0x8f0002 0x2d 0x940007 0x0 0x100 0x2d 0x980005 0x0 0x202c7d853f8 0x2d 0x0 0x0 0x9b0003 0x2d 0xb0 0xa10007 0x0 0x98 0x0 0xa50005 0x0 0x0 0x0 0x0 0x0 0xa80003 0x0 0x48 0xb10005 0x0 0x0 0x0 0x0 0x0 0xbd0002 0x30 0x0 0x0 0x0 0x0 0x0 0x0 0x0 0x0 0x0 0x9 0x1 0x0 0x9e0001 0xab0001 oops 7 6 java/lang/ref/SoftReference 12 java/util/jar/Manifest 49 java/util/zip/ZipFile$1 59 java/util/jar/JarFile$JarFileEntry 82 java/util/jar/JarFile 95 java/util/jar/JarFile 107 java/util/zip/ZipFile$ZipFileInflaterInputStream methods 0
ciMethodData java/util/jar/Attributes <init> ()V 1 64 orig 80 0 0 0 0 0 0 0 0 0 0 0 0 2 2 0 0 0 0 0 0 0 0 0 0 0 0 0 0 0 0 0 0 0 0 0 0 0 0 0 0 0 0 0 0 0 0 0 0 0 0 0 0 0 0 0 0 0 0 0 0 0 0 0 0 0 0 0 0 0 0 0 0 0 0 0 0 0 0 0 0 data 7 0x30002 0x40 0x0 0x0 0x9 0x1 0x0 oops 0 methods 0
ciMethodData java/io/InputStream <init> ()V 2 5713 orig 80 0 0 0 0 0 0 0 0 0 0 0 0 2 2 0 0 0 0 0 0 0 0 0 0 0 0 0 0 0 0 0 0 0 0 0 0 0 0 0 0 0 0 0 0 0 0 0 0 0 0 0 0 0 0 0 0 0 0 0 0 0 0 0 0 0 0 0 0 0 0 0 0 0 0 0 0 0 0 0 0 data 7 0x10002 0x1651 0x0 0x0 0x9 0x1 0x0 oops 0 methods 0
ciMethodData java/util/jar/Attributes getValue (Ljava/util/jar/Attributes$Name;)Ljava/lang/String; 2 3506 orig 80 0 0 0 0 0 0 0 0 0 0 0 0 255 127 0 0 0 0 0 0 0 0 0 0 0 0 0 0 0 0 0 0 0 0 0 0 0 0 0 0 0 0 0 0 0 0 0 0 0 0 0 0 0 0 0 0 0 0 0 0 0 0 0 0 0 0 0 0 0 0 0 0 0 0 0 0 0 0 0 0 data 22 0x20005 0x0 0x202c7f96068 0xdb2 0x0 0x0 0x50104 0x0 0x202c2186398 0x291 0x0 0x0 0x0 0x0 0x0 0x0 0x0 0x0 0x9 0x2 0x0 0x0 oops 2 2 java/util/jar/Attributes 8 java/lang/String methods 0
ciMethodData java/util/jar/Attributes get (Ljava/lang/Object;)Ljava/lang/Object; 2 3506 orig 80 0 0 0 0 0 0 0 0 0 0 0 0 2 2 0 0 0 0 0 0 0 0 0 0 0 0 0 0 0 0 0 0 0 0 0 0 0 0 0 0 0 0 0 0 0 0 0 0 0 0 0 0 0 0 0 0 0 0 0 0 0 0 0 0 0 0 0 0 0 0 0 0 0 0 0 0 0 0 0 0 data 16 0x50005 0x0 0x202c7f97bc8 0xdb2 0x0 0x0 0x0 0x0 0x0 0x0 0x0 0x0 0x9 0x2 0x0 0xffffffffffffffff oops 1 2 java/util/LinkedHashMap methods 0
ciMethodData java/lang/StringConcatHelper initialCoder ()J 2 5159 orig 80 0 0 0 0 0 0 0 0 0 0 0 0 2 2 0 0 0 0 0 0 0 0 0 0 0 0 0 0 0 0 0 0 0 0 0 0 0 0 0 0 0 0 0 0 0 0 0 0 0 0 0 0 0 0 0 0 0 0 0 0 0 0 0 0 0 0 0 0 0 0 0 0 0 0 0 0 0 0 0 0 data 12 0x30007 0x0 0x38 0x1427 0x70003 0x1427 0x18 0x0 0x0 0x0 0x9 0x0 oops 0 methods 0
ciMethodData java/lang/StringConcatHelper simpleConcat (Ljava/lang/Object;Ljava/lang/Object;)Ljava/lang/String; 2 5320 orig 80 0 0 0 0 0 0 0 0 0 0 0 0 255 127 0 0 0 0 0 0 0 0 0 0 0 0 0 0 0 0 0 0 0 0 0 0 0 0 0 0 0 0 0 0 0 0 0 0 0 0 0 0 0 0 0 0 0 0 0 0 0 0 0 0 0 0 0 0 0 0 0 0 0 0 0 0 0 0 0 0 data 52 0x10002 0x14c8 0x60002 0x14c8 0xb0005 0x14c8 0x0 0x0 0x0 0x0 0xe0007 0x1426 0x30 0xa2 0x160002 0xa2 0x1b0005 0x1426 0x0 0x0 0x0 0x0 0x1e0007 0x1426 0x30 0x0 0x260002 0x0 0x2a0002 0x1426 0x2e0002 0x1426 0x360002 0x1426 0x3d0002 0x1426 0x470002 0x1426 0x510002 0x1426 0x5a0002 0x1426 0x0 0x0 0x0 0x0 0x0 0x0 0x9 0x2 0x0 0x0 oops 0 methods 0
ciMethodData java/lang/StringConcatHelper newString ([BJ)Ljava/lang/String; 2 5129 orig 80 0 0 0 0 0 0 0 0 0 0 0 0 255 127 0 0 0 0 0 0 0 0 0 0 0 0 0 0 0 0 0 0 0 0 0 0 0 0 0 0 0 0 0 0 0 0 0 0 0 0 0 0 0 0 0 0 0 0 0 0 0 0 0 0 0 0 0 0 0 0 0 0 0 0 0 0 0 0 0 0 data 51 0x30007 0x7c 0x30 0x138d 0xc0002 0x138d 0x150007 0x0 0x30 0x7c 0x1e0002 0x7c 0x2a0002 0x0 0x2f0005 0x0 0x0 0x0 0x0 0x0 0x340005 0x0 0x0 0x0 0x0 0x0 0x390005 0x0 0x0 0x0 0x0 0x0 0x3c0005 0x0 0x0 0x0 0x0 0x0 0x3f0002 0x0 0x0 0x0 0x0 0x0 0x0 0x0 0x9 0x3 0x0 0x0 0x0 oops 0 methods 0
ciMethodData java/lang/String concat (Ljava/lang/String;)Ljava/lang/String; 2 4843 orig 80 0 0 0 0 0 0 0 0 0 0 0 0 255 127 0 0 0 0 0 0 0 0 0 0 0 0 0 0 0 0 0 0 0 0 0 0 0 0 0 0 0 0 0 0 0 0 0 0 0 0 0 0 0 0 0 0 0 0 0 0 0 0 0 0 0 0 0 0 0 0 0 0 0 0 0 0 0 0 0 0 data 22 0x10005 0x12eb 0x0 0x0 0x0 0x0 0x40007 0x12eb 0x20 0x0 0xb0002 0x12eb 0x0 0x0 0x0 0x0 0x0 0x0 0x9 0x2 0x0 0x0 oops 0 methods 0
ciMethodData java/lang/String <init> (Ljava/lang/String;)V 1 162 orig 80 0 0 0 0 0 0 0 0 0 0 0 0 2 2 0 0 0 0 0 0 0 0 0 0 0 0 0 0 0 0 0 0 0 0 0 0 0 0 0 0 0 0 0 0 0 0 0 0 0 0 0 0 0 0 0 0 0 0 0 0 0 0 0 0 0 0 0 0 0 0 0 0 0 0 0 0 0 0 0 0 data 10 0x10002 0xa2 0x0 0x0 0x0 0x0 0x9 0x2 0xe 0x0 oops 0 methods 0
ciMethod java/lang/AssertionError <init> ()V 0 0 1 0 -1
ciMethodData java/lang/String replace (CC)Ljava/lang/String; 2 5194 orig 80 0 0 0 0 0 0 0 0 0 0 0 0 255 127 0 0 0 0 0 0 0 0 0 0 0 0 0 0 0 0 0 0 0 0 0 0 0 0 0 0 0 0 0 0 0 0 0 0 0 0 0 0 0 0 0 0 0 0 0 0 0 0 0 0 0 0 0 0 0 0 0 0 0 0 0 0 0 0 0 0 data 36 0x20007 0x0 0xc8 0x144a 0x60005 0x144a 0x0 0x0 0x0 0x0 0x90007 0x0 0x48 0x144a 0x120002 0x144a 0x150003 0x144a 0x28 0x1e0002 0x0 0x230007 0x5c 0x20 0x13ee 0x0 0x0 0x0 0x0 0x0 0x0 0x9 0x3 0x0 0x0 0x0 oops 0 methods 0
ciMethodData jdk/internal/loader/BuiltinClassLoader loadClassOrNull (Ljava/lang/String;Z)Ljava/lang/Class; 2 5120 orig 80 0 0 0 0 0 0 0 0 0 0 0 0 255 127 0 0 0 0 0 0 0 0 0 0 0 0 0 0 0 0 0 0 0 0 0 0 0 0 0 0 0 0 0 0 0 0 0 0 0 0 0 0 0 0 0 0 0 0 0 0 0 0 0 0 0 0 0 0 0 0 0 0 0 0 0 0 0 0 0 0 data 123 0x20005 0x0 0x202c2189a08 0xa69 0x202c2189a98 0x997 0xa0005 0x1400 0x0 0x0 0x0 0x0 0x110007 0x7 0x2a0 0x13f9 0x160005 0x13f9 0x0 0x0 0x0 0x0 0x1d0007 0x1286 0x130 0x173 0x220005 0x0 0x202c85b0920 0x173 0x0 0x0 0x2a0007 0x150 0x98 0x23 0x2d0002 0x23 0x300007 0x0 0x98 0x23 0x370005 0x23 0x0 0x0 0x0 0x0 0x3c0003 0x23 0x48 0x420005 0x150 0x0 0x0 0x0 0x0 0x470003 0x173 0x138 0x4e0007 0x0 0x50 0x1286 0x560005 0x1286 0x0 0x0 0x0 0x0 0x5d0007 0x0 0xd0 0x1286 0x610005 0x0 0x202c2189a98 0x943 0x202c2189a08 0x943 0x640007 0x943 0x80 0x943 0x670002 0x943 0x6a0007 0x0 0x50 0x943 0x6f0005 0x943 0x0 0x0 0x0 0x0 0x750007 0x13ff 0x70 0x0 0x7a0007 0x0 0x50 0x0 0x800005 0x0 0x0 0x0 0x0 0x0 0x0 0x0 0x0 0x0 0x0 0x0 0x9 0x3 0x0 0xffffffffffffffff 0x0 0x880001 0x880001 oops 5 2 jdk/internal/loader/ClassLoaders$AppClassLoader 4 jdk/internal/loader/ClassLoaders$PlatformClassLoader 28 jdk/internal/loader/BuiltinClassLoader$LoadedModule 76 jdk/internal/loader/ClassLoaders$PlatformClassLoader 78 jdk/internal/loader/ClassLoaders$AppClassLoader methods 0
ciMethodData java/lang/ClassLoader getClassLoadingLock (Ljava/lang/String;)Ljava/lang/Object; 2 5122 orig 80 0 0 0 0 0 0 0 0 0 0 0 0 255 127 0 0 0 0 0 0 0 0 0 0 0 0 0 0 0 0 0 0 0 0 0 0 0 0 0 0 0 0 0 0 0 0 0 0 0 0 0 0 0 0 0 0 0 0 0 0 0 0 0 0 0 0 0 0 0 0 0 0 0 0 0 0 0 0 0 0 data 26 0x60007 0x0 0x80 0x1402 0xd0002 0x1402 0x170005 0x0 0x202c2189bb8 0x1402 0x0 0x0 0x1c0007 0x8 0x20 0x13fa 0x0 0x0 0x0 0x0 0x0 0x0 0x9 0x2 0x0 0xffffffffffffffff oops 1 8 java/util/concurrent/ConcurrentHashMap methods 0
ciMethodData java/lang/ClassLoader findLoadedClass (Ljava/lang/String;)Ljava/lang/Class; 2 5126 orig 80 0 0 0 0 0 0 0 0 0 0 0 0 255 127 0 0 0 0 0 0 0 0 0 0 0 0 0 0 0 0 0 0 0 0 0 0 0 0 0 0 0 0 0 0 0 0 0 0 0 0 0 0 0 0 0 0 0 0 0 0 0 0 0 0 0 0 0 0 0 0 0 0 0 0 0 0 0 0 0 0 data 22 0x10002 0x1406 0x40007 0x1406 0x20 0x0 0xb0005 0x1406 0x0 0x0 0x0 0x0 0x0 0x0 0x0 0x0 0x0 0x0 0x9 0x2 0x0 0x0 oops 0 methods 0
ciMethodData jdk/internal/misc/VM isModuleSystemInited ()Z 2 3755 orig 80 0 0 0 0 0 0 0 0 0 0 0 0 2 2 0 0 0 0 0 0 0 0 0 0 0 0 0 0 0 0 0 0 0 0 0 0 0 0 0 0 0 0 0 0 0 0 0 0 0 0 0 0 0 0 0 0 0 0 0 0 0 0 0 0 0 0 0 0 0 0 0 0 0 0 0 0 0 0 0 0 data 11 0x40007 0x0 0x38 0xeab 0x80003 0xeab 0x18 0x0 0x0 0x9 0x0 oops 0 methods 0
ciMethodData jdk/internal/loader/BuiltinClassLoader findLoadedModule (Ljava/lang/String;)Ljdk/internal/loader/BuiltinClassLoader$LoadedModule; 2 5120 orig 80 0 0 0 0 0 0 0 0 0 0 0 0 255 127 0 0 0 0 0 0 0 0 0 0 0 0 0 0 0 0 0 0 0 0 0 0 0 0 0 0 0 0 0 0 0 0 0 0 0 0 0 0 0 0 0 0 0 0 0 0 0 0 0 0 0 0 0 0 0 0 0 0 0 0 0 0 0 0 0 0 data 38 0x30005 0x1400 0x0 0x0 0x0 0x0 0x80007 0x1400 0x20 0x0 0x100005 0x1400 0x0 0x0 0x0 0x0 0x180005 0x0 0x202c2189bb8 0x1400 0x0 0x0 0x1d0104 0x0 0x202c85b0920 0x178 0x0 0x0 0x0 0x0 0x0 0x0 0x0 0x0 0x9 0x2 0x0 0x0 oops 2 18 java/util/concurrent/ConcurrentHashMap 24 jdk/internal/loader/BuiltinClassLoader$LoadedModule methods 0
ciMethodData jdk/internal/loader/BuiltinClassLoader findClassInModuleOrNull (Ljdk/internal/loader/BuiltinClassLoader$LoadedModule;Ljava/lang/String;)Ljava/lang/Class; 1 40 orig 80 0 0 0 0 0 0 0 0 0 0 0 0 0 0 0 0 0 0 0 0 0 0 0 0 0 0 0 0 0 0 0 0 0 0 0 0 0 0 0 0 0 0 0 0 0 0 0 0 0 0 0 0 0 0 0 0 0 0 0 0 0 0 0 0 0 0 0 0 0 0 0 0 0 0 0 0 0 0 0 0 data 39 0x2 0x28 0x30007 0x0 0x50 0x28 0x90005 0x28 0x0 0x0 0x0 0x0 0x10000a 0x0 0x5 0x0 0x0 0x1 0x0 0x0 0x170002 0x0 0x1a0004 0x0 0x0 0x0 0x0 0x0 0x0 0x0 0x0 0x0 0x0 0x0 0x9 0x3 0xffffffffffffffff 0xffffffffffffffff 0xffffffffffffffff oops 0 methods 0
ciMethodData jdk/internal/loader/BuiltinClassLoader defineClass (Ljava/lang/String;Ljdk/internal/loader/BuiltinClassLoader$LoadedModule;)Ljava/lang/Class; 1 40 orig 80 0 0 0 0 0 0 0 0 0 0 0 0 255 127 0 0 0 0 0 0 0 0 0 0 0 0 0 0 0 0 0 0 0 0 0 0 0 0 0 0 0 0 0 0 0 0 0 0 0 0 0 0 0 0 0 0 0 0 0 0 0 0 0 0 0 0 0 0 0 0 0 0 0 0 0 0 0 0 0 0 data 135 0x10005 0x0 0x202c85b0920 0x28 0x0 0x0 0x70005 0x28 0x0 0x0 0x0 0x0 0x170005 0x28 0x0 0x0 0x0 0x0 0x1c0005 0x28 0x0 0x0 0x0 0x0 0x230004 0x0 0x202c75b3228 0x28 0x0 0x0 0x260007 0x28 0x118 0x0 0x2b0004 0x0 0x0 0x0 0x0 0x0 0x300005 0x0 0x0 0x0 0x0 0x0 0x370007 0x0 0x80 0x0 0x3c0005 0x0 0x0 0x0 0x0 0x0 0x430005 0x0 0x0 0x0 0x0 0x0 0x480003 0x0 0xd8 0x4f0005 0x0 0x202c75b3228 0x28 0x0 0x0 0x550005 0x28 0x0 0x0 0x0 0x0 0x580104 0x0 0x202c75b32d8 0x27 0x0 0x0 0x5e0005 0x0 0x202c85b0920 0x28 0x0 0x0 0x650007 0x27 0x20 0x1 0x710104 0x0 0x0 0x0 0x0 0x0 0x740002 0x27 0x7f0005 0x27 0x0 0x0 0x0 0x0 0x880005 0x0 0x202c75b3228 0x27 0x0 0x0 0x960005 0x0 0x0 0x0 0x0 0x0 0x0 0x0 0x0 0x0 0x0 0x0 0x9 0x3 0x0 0x0 0x0 0x900001 0x900001 0x9e0001 0x9e0001 0x9e0001 oops 6 2 jdk/internal/loader/BuiltinClassLoader$LoadedModule 26 jdk/internal/module/SystemModuleFinders$SystemModuleReader 67 jdk/internal/module/SystemModuleFinders$SystemModuleReader 79 java/nio/DirectByteBufferR 85 jdk/internal/loader/BuiltinClassLoader$LoadedModule 109 jdk/internal/module/SystemModuleFinders$SystemModuleReader methods 0
ciMethodData jdk/internal/loader/BuiltinClassLoader loadClassOrNull (Ljava/lang/String;)Ljava/lang/Class; 2 5082 orig 80 0 0 0 0 0 0 0 0 0 0 0 0 255 127 0 0 0 0 0 0 0 0 0 0 0 0 0 0 0 0 0 0 0 0 0 0 0 0 0 0 0 0 0 0 0 0 0 0 0 0 0 0 0 0 0 0 0 0 0 0 0 0 0 0 0 0 0 0 0 0 0 0 0 0 0 0 0 0 0 0 data 16 0x30005 0x0 0x202c2189a98 0x962 0x202c225f340 0xa78 0x0 0x0 0x0 0x0 0x0 0x0 0x9 0x2 0xffffffffffffffff 0xffffffffffffffff oops 2 2 jdk/internal/loader/ClassLoaders$PlatformClassLoader 4 jdk/internal/loader/ClassLoaders$BootClassLoader methods 0
ciMethodData jdk/internal/loader/BuiltinClassLoader hasClassPath ()Z 2 4791 orig 80 0 0 0 0 0 0 0 0 0 0 0 0 2 2 0 0 0 0 0 0 0 0 0 0 0 0 0 0 0 0 0 0 0 0 0 0 0 0 0 0 0 0 0 0 0 0 0 0 0 0 0 0 0 0 0 0 0 0 0 0 0 0 0 0 0 0 0 0 0 0 0 0 0 0 0 0 0 0 0 0 data 16 0x40007 0x963 0x38 0x954 0x80003 0x954 0x18 0x0 0x0 0x0 0x0 0x0 0x0 0x9 0x1 0x0 oops 0 methods 0
ciMethodData jdk/internal/loader/BuiltinClassLoader findClassOnClassPathOrNull (Ljava/lang/String;)Ljava/lang/Class; 2 2376 orig 80 0 0 0 0 0 0 0 0 0 0 0 0 255 127 0 0 0 0 0 0 0 0 0 0 0 0 0 0 0 0 0 0 0 0 0 0 0 0 0 0 0 0 0 0 0 0 0 0 0 0 0 0 0 0 0 0 0 0 0 0 0 0 0 0 0 0 0 0 0 0 0 0 0 0 0 0 0 0 0 0 data 55 0x50005 0x948 0x0 0x0 0x0 0x0 0xa0005 0x948 0x0 0x0 0x0 0x0 0xe0002 0x948 0x110007 0x0 0xa0 0x948 0x1a0005 0x0 0x202c8598758 0x948 0x0 0x0 0x1f0007 0x1 0x50 0x947 0x250005 0x947 0x0 0x0 0x0 0x0 0x340002 0x0 0x390002 0x0 0x3c0004 0x0 0x0 0x0 0x0 0x0 0x0 0x0 0x0 0x0 0x0 0x0 0x9 0x2 0xffffffffffffffff 0xffffffffffffffff 0x290001 oops 1 20 jdk/internal/loader/URLClassPath methods 0
ciMethodData jdk/internal/access/SharedSecrets javaUtilJarAccess ()Ljdk/internal/access/JavaUtilJarAccess; 2 4883 orig 80 0 0 0 0 0 0 0 0 0 0 0 0 2 2 0 0 0 0 0 0 0 0 0 0 0 0 0 0 0 0 0 0 0 0 0 0 0 0 0 0 0 0 0 0 0 0 0 0 0 0 0 0 0 0 0 0 0 0 0 0 0 0 0 0 0 0 0 0 0 0 0 0 0 0 0 0 0 0 0 0 data 14 0x50007 0x1313 0x30 0x0 0xa0002 0x0 0x0 0x0 0x0 0x0 0x0 0x0 0x9 0x0 oops 0 methods 0
ciMethodData jdk/internal/loader/URLClassPath$JarLoader ensureOpen ()V 2 6769 orig 80 0 0 0 0 0 0 0 0 0 0 0 0 255 127 0 0 0 0 0 0 0 0 0 0 0 0 0 0 0 0 0 0 0 0 0 0 0 0 0 0 0 0 0 0 0 0 0 0 0 0 0 0 0 0 0 0 0 0 0 0 0 0 0 0 0 0 0 0 0 0 0 0 0 0 0 0 0 0 0 0 data 33 0x40007 0x19ce 0xb8 0xa3 0xc0002 0xa3 0x130002 0xa3 0x170003 0xa1 0x78 0x1c0005 0x0 0x0 0x0 0x0 0x0 0x1f0004 0x0 0x202c75b3aa8 0x2 0x0 0x0 0x0 0x0 0x0 0x0 0x0 0x0 0x9 0x1 0x0 0x1a0201 oops 1 19 java/io/FileNotFoundException methods 0
ciMethodData jdk/internal/loader/Resource cachedInputStream ()Ljava/io/InputStream; 2 4748 orig 80 0 0 0 0 0 0 0 0 0 0 0 0 255 127 0 0 0 0 0 0 0 0 0 0 0 0 0 0 0 0 0 0 0 0 0 0 0 0 0 0 0 0 0 0 0 0 0 0 0 0 0 0 0 0 0 0 0 0 0 0 0 0 0 0 0 0 0 0 0 0 0 0 0 0 0 0 0 0 0 0 data 19 0x40007 0x946 0x50 0x946 0x90005 0x0 0x202c8cf3850 0x946 0x0 0x0 0x0 0x0 0x0 0x0 0x0 0x0 0x9 0x1 0xffffffffffffffff oops 1 6 jdk/internal/loader/URLClassPath$JarLoader$2 methods 0
ciMethodData java/security/CodeSource getCertificates ()[Ljava/security/cert/Certificate; 2 4826 orig 80 0 0 0 0 0 0 0 0 0 0 0 0 255 127 0 0 0 0 0 0 0 0 0 0 0 0 0 0 0 0 0 0 0 0 0 0 0 0 0 0 0 0 0 0 0 0 0 0 0 0 0 0 0 0 0 0 0 0 0 0 0 0 0 0 0 0 0 0 0 0 0 0 0 0 0 0 0 0 0 0 data 80 0x40007 0x1082 0x80 0x258 0xb0005 0x0 0x202c7f3fc18 0x258 0x0 0x0 0xe0004 0x0 0x202c7f3fc18 0x258 0x0 0x0 0x160007 0x1080 0x1b8 0x2 0x1d0002 0x2 0x290007 0x2 0xc8 0x2 0x330005 0x0 0x0 0x0 0x0 0x0 0x360005 0x0 0x0 0x0 0x0 0x0 0x390005 0x0 0x202c2189cf8 0x2 0x0 0x0 0x400003 0x2 0xffffffffffffff50 0x490005 0x0 0x202c2189cf8 0x2 0x0 0x0 0x4c0004 0x0 0x202c7f3fc18 0x2 0x0 0x0 0x560005 0x0 0x202c7f3fc18 0x2 0x0 0x0 0x590004 0x0 0x202c7f3fc18 0x2 0x0 0x0 0x0 0x0 0x0 0x0 0x0 0x0 0x9 0x1 0x10 oops 7 6 [Ljava/security/cert/Certificate; 12 [Ljava/security/cert/Certificate; 40 java/util/ArrayList 49 java/util/ArrayList 55 [Ljava/security/cert/Certificate; 61 [Ljava/security/cert/Certificate; 67 [Ljava/security/cert/Certificate; methods 0
ciMethodData java/util/ArrayList <init> ()V 2 3986 orig 80 0 0 0 0 0 0 0 0 0 0 0 0 2 2 0 0 0 0 0 0 0 0 0 0 0 0 0 0 0 0 0 0 0 0 0 0 0 0 0 0 0 0 0 0 0 0 0 0 0 0 0 0 0 0 0 0 0 0 0 0 0 0 0 0 0 0 0 0 0 0 0 0 0 0 0 0 0 0 0 0 data 9 0x10002 0xf92 0x0 0x0 0x0 0x0 0x9 0x1 0x0 oops 0 methods 0
ciMethodData java/util/AbstractList <init> ()V 2 6989 orig 80 0 0 0 0 0 0 0 0 0 0 0 0 2 2 0 0 0 0 0 0 0 0 0 0 0 0 0 0 0 0 0 0 0 0 0 0 0 0 0 0 0 0 0 0 0 0 0 0 0 0 0 0 0 0 0 0 0 0 0 0 0 0 0 0 0 0 0 0 0 0 0 0 0 0 0 0 0 0 0 0 data 9 0x10002 0x1b4d 0x0 0x0 0x0 0x0 0x9 0x1 0x0 oops 0 methods 0
ciMethodData jdk/internal/loader/URLClassPath getLoader (I)Ljdk/internal/loader/URLClassPath$Loader; 2 6409 orig 80 1 0 0 0 0 0 0 0 0 0 0 0 255 127 0 0 0 1 0 0 0 0 0 0 0 0 0 0 0 0 0 0 0 0 0 0 0 0 0 0 0 0 0 0 0 0 0 0 0 0 0 0 0 0 0 0 0 0 0 0 0 0 0 0 0 0 0 0 0 0 0 0 0 0 0 0 0 0 0 0 data 166 0x40007 0x1909 0x20 0x0 0xd0005 0x0 0x202c2189cf8 0x198d 0x0 0x0 0x130007 0x1909 0x3f0 0x84 0x210005 0x0 0x202c8cdb120 0x84 0x0 0x0 0x8000000100240104 0x0 0x202c21896a8 0x84 0x0 0x0 0x290007 0x84 0x20 0x1 0x320003 0x84 0x18 0x3d0002 0x84 0x460005 0x0 0x202c8cdc1a0 0x84 0x0 0x0 0x490007 0x84 0x38 0x0 0x4c0003 0x0 0xfffffffffffffeb8 0x510005 0x84 0x0 0x0 0x0 0x0 0x580005 0x0 0x202c7e7fe78 0x82 0x0 0x0 0x5f0007 0x81 0x50 0x1 0x650005 0x1 0x0 0x0 0x0 0x0 0x680003 0x82 0x198 0x6d0003 0x2 0xfffffffffffffdd8 0x750007 0x0 0x150 0x0 0x7f0002 0x0 0x840005 0x0 0x0 0x0 0x0 0x0 0x880005 0x0 0x0 0x0 0x0 0x0 0x8d0005 0x0 0x0 0x0 0x0 0x0 0x920005 0x0 0x0 0x0 0x0 0x0 0x950005 0x0 0x0 0x0 0x0 0x0 0x980005 0x0 0x0 0x0 0x0 0x0 0x9b0003 0x0 0xfffffffffffffc70 0xa40005 0x0 0x202c2189cf8 0x82 0x0 0x0 0xaf0005 0x0 0x202c8cdc1a0 0x82 0x0 0x0 0xb30003 0x82 0xfffffffffffffbf8 0xbb0005 0x0 0x202c2189cf8 0x1909 0x0 0x0 0xbe0004 0x0 0x202c7e7fe78 0x1909 0x0 0x0 0x0 0x0 0x0 0x0 0x0 0x0 0x0 0x0 0x0 0x9 0x2 0x0 0x0 0x350001 0x350001 0x350001 0x6b0201 0x700001 oops 9 6 java/util/ArrayList 16 java/util/ArrayDeque 22 java/net/URL 37 java/util/HashMap 56 jdk/internal/loader/URLClassPath$JarLoader 123 java/util/ArrayList 129 java/util/HashMap 138 java/util/ArrayList 144 jdk/internal/loader/URLClassPath$JarLoader methods 0
ciMethodData jdk/internal/loader/URLClassPath$JarLoader getResource (Ljava/lang/String;Z)Ljdk/internal/loader/Resource; 2 9569 orig 80 2 0 0 0 0 0 0 0 0 0 0 0 255 127 0 0 0 0 0 0 0 0 0 0 0 0 0 0 0 0 0 0 0 0 0 0 0 0 0 0 0 0 0 0 0 0 0 0 0 0 0 0 0 0 0 0 0 0 0 0 0 0 0 0 0 0 0 0 0 0 0 0 0 0 0 0 0 0 0 0 data 39 0x10005 0x2561 0x0 0x0 0x0 0x0 0x40003 0x2561 0x28 0xd0002 0x0 0x160005 0x0 0x202c8cdffe0 0x2561 0x0 0x0 0x1b0007 0x234e 0x50 0x213 0x220005 0x0 0x202c7e7fe78 0x213 0x0 0x0 0x0 0x0 0x0 0x0 0x0 0x0 0x9 0x3 0x0 0xffffffffffffffff 0x0 0x70001 oops 2 13 java/util/jar/JarFile 23 jdk/internal/loader/URLClassPath$JarLoader methods 0
ciMethodData java/util/jar/JarFile getJarEntry (Ljava/lang/String;)Ljava/util/jar/JarEntry; 2 7615 orig 80 0 0 0 0 0 0 0 0 0 0 0 0 255 127 0 0 0 0 0 0 0 0 0 0 0 0 0 0 0 0 0 0 0 0 0 0 0 0 0 0 0 0 0 0 0 0 0 0 0 0 0 0 0 0 0 0 0 0 0 0 0 0 0 0 0 0 0 0 0 0 0 0 0 0 0 0 0 0 0 0 data 22 0x20005 0x0 0x202c8cdffe0 0x1dbf 0x0 0x0 0x50104 0x0 0x202c7d85348 0x205 0x0 0x0 0x0 0x0 0x0 0x0 0x0 0x0 0x9 0x2 0xffffffffffffffff 0xffffffffffffffff oops 2 2 java/util/jar/JarFile 8 java/util/jar/JarFile$JarFileEntry methods 0
ciMethodData java/lang/ref/SoftReference get ()Ljava/lang/Object; 2 11109 orig 80 1 0 0 0 0 0 0 0 0 0 0 0 2 2 0 0 0 0 0 0 0 0 0 0 0 0 0 0 0 0 0 0 0 0 0 0 0 0 0 1 0 0 0 0 0 0 0 0 0 0 0 0 0 0 0 0 0 0 0 0 0 0 0 0 0 0 0 0 0 0 0 0 0 0 0 0 0 0 0 0 data 19 0x10002 0x2b65 0x60007 0x0 0x40 0x2b65 0x8000000600110007 0x2ad4 0x20 0x92 0x0 0x0 0x0 0x0 0x0 0x0 0x9 0x1 0xc0 oops 0 methods 0
ciMethodData java/util/zip/ZipFile$1 getManifestNum (Ljava/util/jar/JarFile;)I 1 3 orig 80 0 0 0 0 0 0 0 0 0 0 0 0 255 127 0 0 0 0 0 0 0 0 0 0 0 0 0 0 0 0 0 0 0 0 0 0 0 0 0 0 0 0 0 0 0 0 0 0 0 0 0 0 0 0 0 0 0 0 0 0 0 0 0 0 0 0 0 0 0 0 0 0 0 0 0 0 0 0 0 0 data 16 0x10005 0x3 0x0 0x0 0x0 0x0 0x0 0x0 0x0 0x0 0x0 0x0 0x9 0x2 0x0 0x0 oops 0 methods 0
ciMethodData java/util/zip/ZipFile getManifestNum ()I 1 4 orig 80 0 0 0 0 0 0 0 0 0 0 0 0 255 127 0 0 0 0 0 0 0 0 0 0 0 0 0 0 0 0 0 0 0 0 0 0 0 0 0 0 0 0 0 0 0 0 0 0 0 0 0 0 0 0 0 0 0 0 0 0 0 0 0 0 0 0 0 0 0 0 0 0 0 0 0 0 0 0 0 0 data 17 0x50005 0x4 0x0 0x0 0x0 0x0 0x0 0x0 0x0 0x0 0x0 0x0 0x9 0x1 0x0 0x150001 0x150001 oops 0 methods 0
ciMethodData java/util/jar/Manifest <init> (Ljava/util/jar/JarVerifier;Ljava/io/InputStream;Ljava/lang/String;)V 1 48 orig 80 0 0 0 0 0 0 0 0 0 0 0 0 255 127 0 0 0 0 0 0 0 0 0 0 0 0 0 0 0 0 0 0 0 0 0 0 0 0 0 0 0 0 0 0 0 0 0 0 0 0 0 0 0 0 0 0 0 0 0 0 0 0 0 0 0 0 0 0 0 0 0 0 0 0 0 0 0 0 0 0 data 24 0x10002 0x30 0x90002 0x30 0x140002 0x30 0x1d0005 0x30 0x0 0x0 0x0 0x0 0x0 0x0 0x0 0x0 0x0 0x0 0x9 0x4 0xffffffffffffffff 0x0 0xffffffffffffffff 0xffffffffffffffff oops 0 methods 0
ciMethodData java/util/zip/ZipFile getInputStream (Ljava/util/zip/ZipEntry;)Ljava/io/InputStream; 2 2515 orig 80 0 0 0 0 0 0 0 0 0 0 0 0 255 127 0 0 0 0 0 0 0 0 0 0 0 0 0 0 0 0 0 0 0 0 0 0 0 0 0 0 0 0 0 0 0 0 0 0 0 0 0 0 0 0 0 0 0 0 0 0 0 0 0 0 0 0 0 0 0 0 0 0 0 0 0 0 0 0 0 0 data 97 0x30002 0x9d3 0x1f0005 0x9d3 0x0 0x0 0x0 0x0 0x2a0002 0x9d3 0x2d0007 0x33 0x38 0x9a0 0x350003 0x9a0 0x48 0x3f0005 0x33 0x0 0x0 0x0 0x0 0x450007 0x9d3 0x20 0x0 0x580002 0x9d3 0x620002 0x9d3 0x650008 0x6 0x0 0x130 0x0 0x40 0x9d3 0x88 0x890005 0x0 0x0 0x0 0x0 0x0 0x920003 0x0 0x18 0xa80002 0x9d3 0xb70007 0x9b2 0x20 0x21 0xc30007 0x9d3 0x20 0x0 0xd80002 0x9d3 0xe70005 0x0 0x202c75c8cb0 0x9d3 0x0 0x0 0xf00003 0x9d3 0x18 0x1070002 0x0 0x0 0x0 0x0 0x0 0x0 0x0 0x0 0x0 0x0 0x0 0x0 0x0 0x0 0x0 0x9 0x2 0x0 0x0 0x950001 0x950001 0xf30001 0xf30001 0x10b0001 0x10b0001 0x10b0001 0x10b0001 oops 1 62 java/util/Collections$SetFromMap methods 0
ciMethodData java/util/jar/Manifest <init> (Ljava/io/InputStream;Ljava/lang/String;)V 1 45 orig 80 0 0 0 0 0 0 0 0 0 0 0 0 2 2 0 0 0 0 0 0 0 0 0 0 0 0 0 0 0 0 0 0 0 0 0 0 0 0 0 0 0 0 0 0 0 0 0 0 0 0 0 0 0 0 0 0 0 0 0 0 0 0 0 0 0 0 0 0 0 0 0 0 0 0 0 0 0 0 0 0 data 9 0x40002 0x2d 0x0 0x0 0x9 0x3 0x0 0x0 0x0 oops 0 methods 0
ciMethodData java/lang/ref/SoftReference <init> (Ljava/lang/Object;)V 1 840 orig 80 0 0 0 0 0 0 0 0 0 0 0 0 2 2 0 0 0 0 0 0 0 0 0 0 0 0 0 0 0 0 0 0 0 0 0 0 0 0 0 0 0 0 0 0 0 0 0 0 0 0 0 0 0 0 0 0 0 0 0 0 0 0 0 0 0 0 0 0 0 0 0 0 0 0 0 0 0 0 0 0 data 10 0x20002 0x348 0x0 0x0 0x0 0x0 0x9 0x2 0x0 0x0 oops 0 methods 0
ciMethodData java/lang/ref/Reference <init> (Ljava/lang/Object;)V 2 1535 orig 80 0 0 0 0 0 0 0 0 0 0 0 0 2 2 0 0 0 0 0 0 0 0 0 0 0 0 0 0 0 0 0 0 0 0 0 0 0 0 0 0 0 0 0 0 0 0 0 0 0 0 0 0 0 0 0 0 0 0 0 0 0 0 0 0 0 0 0 0 0 0 0 0 0 0 0 0 0 0 0 0 data 8 0x30002 0x5ff 0x0 0x0 0x9 0x2 0x0 0x0 oops 0 methods 0
ciMethodData java/lang/System$2 findBootstrapClassOrNull (Ljava/lang/String;)Ljava/lang/Class; 2 2599 orig 80 0 0 0 0 0 0 0 0 0 0 0 0 2 2 0 0 0 0 0 0 0 0 0 0 0 0 0 0 0 0 0 0 0 0 0 0 0 0 0 0 0 0 0 0 0 0 0 0 0 0 0 0 0 0 0 0 0 0 0 0 0 0 0 0 0 0 0 0 0 0 0 0 0 0 0 0 0 0 0 0 data 12 0x10002 0xa27 0x0 0x0 0x0 0x0 0x0 0x0 0x9 0x2 0x0 0x0 oops 0 methods 0
ciMethodData java/lang/ClassLoader findBootstrapClassOrNull (Ljava/lang/String;)Ljava/lang/Class; 2 2599 orig 80 0 0 0 0 0 0 0 0 0 0 0 0 2 2 0 0 0 0 0 0 0 0 0 0 0 0 0 0 0 0 0 0 0 0 0 0 0 0 0 0 0 0 0 0 0 0 0 0 0 0 0 0 0 0 0 0 0 0 0 0 0 0 0 0 0 0 0 0 0 0 0 0 0 0 0 0 0 0 0 0 data 17 0x10002 0xa27 0x40007 0xa27 0x20 0x0 0xa0002 0xa27 0x0 0x0 0x0 0x0 0x0 0x0 0x9 0x1 0xffffffffffffffff oops 0 methods 0
ciMethodData jdk/internal/loader/ClassLoaders$BootClassLoader loadClassOrNull (Ljava/lang/String;Z)Ljava/lang/Class; 2 2571 orig 80 0 0 0 0 0 0 0 0 0 0 0 0 2 2 0 0 0 0 0 0 0 0 0 0 0 0 0 0 0 0 0 0 0 0 0 0 0 0 0 0 0 0 0 0 0 0 0 0 0 0 0 0 0 0 0 0 0 0 0 0 0 0 0 0 0 0 0 0 0 0 0 0 0 0 0 0 0 0 0 0 data 17 0x40005 0x0 0x202c2264198 0xa0b 0x0 0x0 0x0 0x0 0x0 0x0 0x0 0x0 0x9 0x3 0x0 0x0 0x0 oops 1 2 java/lang/System$2 methods 0
ciMethodData jdk/internal/loader/URLClassPath getResource (Ljava/lang/String;Z)Ljdk/internal/loader/Resource; 2 819 orig 80 2 0 0 0 0 0 0 0 0 0 0 0 255 127 0 0 0 0 0 0 0 0 0 0 0 0 0 0 0 0 0 0 0 0 0 0 0 0 0 1 0 0 0 0 0 0 0 0 0 0 0 0 0 0 0 0 0 0 0 0 0 0 0 0 0 0 0 0 0 0 0 0 0 0 0 0 0 0 0 0 data 70 0x30007 0x333 0x120 0x0 0xd0002 0x0 0x120005 0x0 0x0 0x0 0x0 0x0 0x160005 0x0 0x0 0x0 0x0 0x0 0x1b0005 0x0 0x0 0x0 0x0 0x0 0x1e0005 0x0 0x0 0x0 0x0 0x0 0x210005 0x0 0x0 0x0 0x0 0x0 0x2a0005 0x5b2e 0x0 0x0 0x0 0x0 0x80000006002f0007 0x1 0x88 0x5b2e 0x350005 0x0 0x202c7e7fe78 0x5b2e 0x0 0x0 0x3c0007 0x57fb 0x20 0x333 0x450003 0x57fb 0xffffffffffffff60 0x0 0x0 0x0 0x0 0x0 0x0 0x9 0x3 0x0 0x0 0x0 oops 1 48 jdk/internal/loader/URLClassPath$JarLoader methods 0
ciMethodData jdk/internal/loader/BuiltinClassLoader defineClass (Ljava/lang/String;Ljdk/internal/loader/Resource;)Ljava/lang/Class; 2 2249 orig 80 0 0 0 0 0 0 0 0 0 0 0 0 255 127 0 0 0 0 0 0 0 0 0 0 0 0 0 0 0 0 0 0 0 0 0 0 0 0 0 0 0 0 0 0 0 0 0 0 0 0 0 0 0 0 0 0 0 0 0 0 0 0 0 0 0 0 0 0 0 0 0 0 0 0 0 0 0 0 0 0 data 89 0x10005 0x0 0x202c8cf3850 0x8c9 0x0 0x0 0x80005 0x8c9 0x0 0x0 0x0 0x0 0x100007 0x0 0xb0 0x8c9 0x170005 0x8c9 0x0 0x0 0x0 0x0 0x1d0005 0x0 0x202c8cf3850 0x8c9 0x0 0x0 0x280005 0x0 0x202c2189a08 0x8c9 0x0 0x0 0x2d0005 0x0 0x202c8cf3850 0x8c9 0x0 0x0 0x340007 0x8c9 0x90 0x0 0x380005 0x0 0x0 0x0 0x0 0x0 0x440002 0x0 0x4f0005 0x0 0x0 0x0 0x0 0x0 0x540005 0x0 0x202c8cf3850 0x8c9 0x0 0x0 0x5a0005 0x0 0x202c8cf3850 0x8c9 0x0 0x0 0x660002 0x8c9 0x750005 0x8c9 0x0 0x0 0x0 0x0 0x0 0x0 0x0 0x0 0x0 0x0 0x9 0x3 0x0 0x0 0x0 oops 6 2 jdk/internal/loader/URLClassPath$JarLoader$2 24 jdk/internal/loader/URLClassPath$JarLoader$2 30 jdk/internal/loader/ClassLoaders$AppClassLoader 36 jdk/internal/loader/URLClassPath$JarLoader$2 60 jdk/internal/loader/URLClassPath$JarLoader$2 66 jdk/internal/loader/URLClassPath$JarLoader$2 methods 0
ciMethodData java/lang/Module isNamed ()Z 2 4336 orig 80 0 0 0 0 0 0 0 0 0 0 0 0 2 2 0 0 0 0 0 0 0 0 0 0 0 0 0 0 0 0 0 0 0 0 0 0 0 0 0 0 0 0 0 0 0 0 0 0 0 0 0 0 0 0 0 0 0 0 0 0 0 0 0 0 0 0 0 0 0 0 0 0 0 0 0 0 0 0 0 0 data 16 0x40007 0xdbe 0x38 0x332 0x80003 0x332 0x18 0x0 0x0 0x0 0x0 0x0 0x0 0x9 0x1 0x0 oops 0 methods 0
ciMethodData java/lang/Record <init> ()V 2 3818 orig 80 0 0 0 0 0 0 0 0 0 0 0 0 2 2 0 0 0 0 0 0 0 0 0 0 0 0 0 0 0 0 0 0 0 0 0 0 0 0 0 0 0 0 0 0 0 0 0 0 0 0 0 0 0 0 0 0 0 0 0 0 0 0 0 0 0 0 0 0 0 0 0 0 0 0 0 0 0 0 0 0 data 7 0x10002 0xeea 0x0 0x0 0x9 0x1 0x0 oops 0 methods 0
ciMethodData jdk/internal/loader/Resource getBytes ()[B 2 2246 orig 80 0 0 0 0 0 0 0 0 0 0 0 0 255 127 0 0 0 0 0 0 0 0 0 0 0 0 0 0 0 0 0 0 0 0 0 0 0 0 0 0 0 0 0 0 0 0 0 0 0 0 0 0 0 0 0 0 0 0 0 0 0 0 0 0 0 0 0 0 0 0 0 0 0 0 0 0 0 0 0 0 data 146 0x10005 0x8c6 0x0 0x0 0x0 0x0 0x50002 0x8c6 0xa0005 0x0 0x202c8cf3850 0x8c6 0x0 0x0 0xf0003 0x8c6 0x40 0x140002 0x0 0x1a0003 0x0 0xffffffffffffffa8 0x240007 0x8c6 0x20 0x0 0x320007 0x8c6 0x1a0 0x191b 0x390007 0x92 0x78 0x1889 0x470002 0x1889 0x4e0007 0x1889 0x20 0x0 0x5e0002 0x1889 0x620003 0x1889 0x18 0x750005 0x0 0x202c7d853f8 0x1663 0x202c75c4500 0x2b8 0x7a0003 0x191b 0x28 0x7f0002 0x0 0x870007 0x191b 0x98 0x0 0x8e0007 0x0 0x30 0x0 0x970002 0x0 0x9f0007 0x0 0x60 0x0 0xa50002 0x0 0xa90003 0x0 0x30 0xb30003 0x191b 0xfffffffffffffe78 0xb70005 0x0 0x202c7d853f8 0x799 0x202c75c4500 0x12d 0xba0003 0x8c6 0x30 0xc10003 0x0 0x18 0xc70007 0x8c6 0x138 0x0 0xca0002 0x0 0xcd0005 0x0 0x0 0x0 0x0 0x0 0xd00003 0x0 0xd8 0xd60005 0x0 0x0 0x0 0x0 0x0 0xd90003 0x0 0x30 0xe00003 0x0 0x18 0xe60007 0x0 0x60 0x0 0xe90002 0x0 0xec0005 0x0 0x0 0x0 0x0 0x0 0x0 0x0 0x0 0x0 0x0 0x0 0x9 0x1 0x0 0x120001 0x7d0001 0xbd0001 0xc40001 0xd30001 0xdc0001 0xe30001 0xd30001 oops 5 10 jdk/internal/loader/URLClassPath$JarLoader$2 47 java/util/zip/ZipFile$ZipFileInflaterInputStream 49 java/util/jar/JarVerifier$VerifierStream 80 java/util/zip/ZipFile$ZipFileInflaterInputStream 82 java/util/jar/JarVerifier$VerifierStream methods 0
ciMethodData jdk/internal/loader/URLClassPath$JarLoader$2 getCodeSourceURL ()Ljava/net/URL; 2 2048 orig 80 0 0 0 0 0 0 0 0 0 0 0 0 2 2 0 0 0 0 0 0 0 0 0 0 0 0 0 0 0 0 0 0 0 0 0 0 0 0 0 0 0 0 0 0 0 0 0 0 0 0 0 0 0 0 0 0 0 0 0 0 0 0 0 0 0 0 0 0 0 0 0 0 0 0 0 0 0 0 0 0 data 7 0x0 0x0 0x0 0x0 0x9 0x1 0x0 oops 0 methods 0
ciMethodData jdk/internal/loader/URLClassPath$JarLoader$2 getBytes ()[B 2 2244 orig 80 0 0 0 0 0 0 0 0 0 0 0 0 255 127 0 0 0 0 0 0 0 0 0 0 0 0 0 0 0 0 0 0 0 0 0 0 0 0 0 0 0 0 0 0 0 0 0 0 0 0 0 0 0 0 0 0 0 0 0 0 0 0 0 0 0 0 0 0 0 0 0 0 0 0 0 0 0 0 0 0 data 37 0x10002 0x8c4 0x90002 0x8c4 0xf0005 0x0 0x202c7f3de50 0x8c4 0x0 0x0 0x130005 0x0 0x202c7f3de50 0x8c4 0x0 0x0 0x1a0005 0x0 0x202c7d85348 0x8c4 0x0 0x0 0x1e0007 0x8c4 0x30 0x0 0x280002 0x0 0x0 0x0 0x0 0x0 0x0 0x0 0x9 0x1 0xffffffffffffffff oops 3 6 java/util/zip/CRC32 12 java/util/zip/CRC32 18 java/util/jar/JarFile$JarFileEntry methods 0
ciMethodData java/lang/ClassLoader definePackage (Ljava/lang/String;Ljava/lang/Module;)Ljava/lang/Package; 2 2053 orig 80 0 0 0 0 0 0 0 0 0 0 0 0 255 127 0 0 0 0 0 0 0 0 0 0 0 0 0 0 0 0 0 0 0 0 0 0 0 0 0 0 0 0 0 0 0 0 0 0 0 0 0 0 0 0 0 0 0 0 0 0 0 0 0 0 0 0 0 0 0 0 0 0 0 0 0 0 0 0 0 0 data 101 0x10005 0x805 0x0 0x0 0x0 0x0 0x40007 0x805 0x120 0x0 0x80005 0x0 0x0 0x0 0x0 0x0 0xb0007 0x0 0xd0 0x0 0x160002 0x0 0x1c0005 0x0 0x0 0x0 0x0 0x0 0x200005 0x0 0x0 0x0 0x0 0x0 0x230005 0x0 0x0 0x0 0x0 0x0 0x260002 0x0 0x2f0005 0x0 0x202c2189bb8 0x805 0x0 0x0 0x320004 0x0 0x202c8cf33d0 0x805 0x0 0x0 0x370004 0x0 0x202c8cf33d0 0x805 0x0 0x0 0x3a0007 0x0 0x50 0x805 0x3e0004 0x0 0x202c8cf33d0 0x805 0x0 0x0 0x49000a 0x0 0x5 0x0 0x0 0x1 0x0 0x0 0x4e0005 0x0 0x0 0x0 0x0 0x0 0x510004 0x0 0x0 0x0 0x0 0x0 0x0 0x0 0x0 0x0 0x0 0x0 0x9 0x3 0x0 0x0 0x0 oops 4 44 java/util/concurrent/ConcurrentHashMap 50 java/lang/Package 56 java/lang/Package 66 java/lang/Package methods 0
ciMethodData java/lang/Package isSealed ()Z 2 2053 orig 80 0 0 0 0 0 0 0 0 0 0 0 0 255 127 0 0 0 0 0 0 0 0 0 0 0 0 0 0 0 0 0 0 0 0 0 0 0 0 0 0 0 0 0 0 0 0 0 0 0 0 0 0 0 0 0 0 0 0 0 0 0 0 0 0 0 0 0 0 0 0 0 0 0 0 0 0 0 0 0 0 data 32 0x10005 0x0 0x202c8cf33d0 0x805 0x0 0x0 0x40005 0x805 0x0 0x0 0x0 0x0 0x70007 0x0 0x40 0x805 0x110007 0x805 0x38 0x0 0x150003 0x0 0x18 0x0 0x0 0x0 0x0 0x0 0x0 0x9 0x1 0x0 oops 1 2 java/lang/Package methods 0
ciMethodData jdk/internal/loader/BuiltinClassLoader isSealed (Ljava/lang/String;Ljava/util/jar/Manifest;)Z 2 2052 orig 80 0 0 0 0 0 0 0 0 0 0 0 0 255 127 0 0 0 0 0 0 0 0 0 0 0 0 0 0 0 0 0 0 0 0 0 0 0 0 0 0 0 0 0 0 0 0 0 0 0 0 0 0 0 0 0 0 0 0 0 0 0 0 0 0 0 0 0 0 0 0 0 0 0 0 0 0 0 0 0 0 data 67 0x2 0x804 0x90005 0x804 0x0 0x0 0x0 0x0 0xe0005 0x804 0x0 0x0 0x0 0x0 0x110005 0x0 0x202c8cf6ed8 0x804 0x0 0x0 0x1b0007 0x804 0x50 0x0 0x220005 0x0 0x0 0x0 0x0 0x0 0x290007 0x0 0xa0 0x804 0x2d0005 0x0 0x202c2189858 0x804 0x0 0x0 0x320007 0x0 0x50 0x804 0x390005 0x0 0x202c7f96068 0x804 0x0 0x0 0x430005 0x804 0x0 0x0 0x0 0x0 0x0 0x0 0x0 0x0 0x0 0x0 0x9 0x3 0x0 0x0 0x0 oops 3 16 java/util/jar/JavaUtilJarAccessImpl 36 java/util/jar/Manifest 46 java/util/jar/Attributes methods 0
ciMethodData java/lang/ClassLoader compareCerts ([Ljava/security/cert/Certificate;[Ljava/security/cert/Certificate;)Z 2 2091 orig 80 0 0 0 0 0 0 0 0 0 0 0 0 255 127 0 0 0 0 0 0 0 0 0 0 0 0 0 0 0 0 0 0 0 0 0 0 0 0 0 0 0 0 0 0 0 0 0 0 0 0 0 0 0 0 0 0 0 0 0 0 0 0 0 0 0 0 0 0 0 0 0 0 0 0 0 0 0 0 0 0 data 88 0x20007 0x123 0x58 0x708 0x70007 0x0 0x38 0x708 0xb0003 0x708 0x18 0x140007 0x123 0x20 0x0 0x280007 0x123 0xf8 0x369 0x430007 0x0 0xa0 0x6d2 0x510005 0x0 0x202c743c580 0x6d2 0x0 0x0 0x540007 0x369 0x38 0x369 0x590003 0x369 0x30 0x5f0003 0x369 0xffffffffffffff78 0x630007 0x369 0x20 0x0 0x6b0003 0x369 0xffffffffffffff20 0x7d0007 0x123 0xf8 0x369 0x980007 0x0 0xa0 0x6d2 0xa60005 0x0 0x202c743c580 0x6d2 0x0 0x0 0xa90007 0x369 0x38 0x369 0xae0003 0x369 0x30 0xb40003 0x369 0xffffffffffffff78 0xb80007 0x369 0x20 0x0 0xc00003 0x369 0xffffffffffffff20 0x0 0x0 0x0 0x0 0x0 0x0 0x9 0x3 0x0 0x0 0x0 oops 2 25 sun/security/x509/X509CertImpl 56 sun/security/x509/X509CertImpl methods 0
ciMethodData java/util/jar/JavaUtilJarAccessImpl getTrustedAttributes (Ljava/util/jar/Manifest;Ljava/lang/String;)Ljava/util/jar/Attributes; 2 2228 orig 80 0 0 0 0 0 0 0 0 0 0 0 0 255 127 0 0 0 0 0 0 0 0 0 0 0 0 0 0 0 0 0 0 0 0 0 0 0 0 0 0 0 0 0 0 0 0 0 0 0 0 0 0 0 0 0 0 0 0 0 0 0 0 0 0 0 0 0 0 0 0 0 0 0 0 0 0 0 0 0 0 data 17 0x20005 0x0 0x202c2189858 0x8b4 0x0 0x0 0x0 0x0 0x0 0x0 0x0 0x0 0x9 0x3 0x0 0x0 0x0 oops 1 2 java/util/jar/Manifest methods 0
ciMethodData java/util/jar/Manifest getTrustedAttributes (Ljava/lang/String;)Ljava/util/jar/Attributes; 2 2228 orig 80 0 0 0 0 0 0 0 0 0 0 0 0 255 127 0 0 0 0 0 0 0 0 0 0 0 0 0 0 0 0 0 0 0 0 0 0 0 0 0 0 0 0 0 0 0 0 0 0 0 0 0 0 0 0 0 0 0 0 0 0 0 0 0 0 0 0 0 0 0 0 0 0 0 0 0 0 0 0 0 0 data 56 0x20005 0x0 0x202c2189858 0x8b4 0x0 0x0 0x70007 0x8b4 0x140 0x0 0xe0007 0x0 0x120 0x0 0x160005 0x0 0x0 0x0 0x0 0x0 0x190007 0x0 0xd0 0x0 0x240002 0x0 0x290005 0x0 0x0 0x0 0x0 0x0 0x2d0005 0x0 0x0 0x0 0x0 0x0 0x300005 0x0 0x0 0x0 0x0 0x0 0x330002 0x0 0x0 0x0 0x0 0x0 0x0 0x0 0x9 0x2 0x0 0x0 oops 1 2 java/util/jar/Manifest methods 0
ciMethodData java/util/zip/ZipFile$ZipFileInflaterInputStream close ()V 2 2353 orig 80 0 0 0 0 0 0 0 0 0 0 0 0 2 2 0 0 0 0 0 0 0 0 0 0 0 0 0 0 0 0 0 0 0 0 0 0 0 0 0 0 0 0 0 0 0 0 0 0 0 0 0 0 0 0 0 0 0 0 0 0 0 0 0 0 0 0 0 0 0 0 0 0 0 0 0 0 0 0 0 0 data 32 0x40007 0x92d 0x20 0x4 0xe0002 0x92d 0x290005 0x0 0x202c75c8cb0 0x92d 0x0 0x0 0x310003 0x92d 0x18 0x3d0005 0x0 0x202c75bab58 0x92d 0x0 0x0 0x0 0x0 0x0 0x0 0x0 0x0 0x9 0x1 0xffffffffffffffff 0x340001 0x340001 oops 2 8 java/util/Collections$SetFromMap 17 jdk/internal/ref/CleanerImpl$PhantomCleanableRef methods 0
ciMethodData jdk/internal/loader/URLClassPath$JarLoader$2 getManifest ()Ljava/util/jar/Manifest; 2 2122 orig 80 0 0 0 0 0 0 0 0 0 0 0 0 255 127 0 0 0 0 0 0 0 0 0 0 0 0 0 0 0 0 0 0 0 0 0 0 0 0 0 0 0 0 0 0 0 0 0 0 0 0 0 0 0 0 0 0 0 0 0 0 0 0 0 0 0 0 0 0 0 0 0 0 0 0 0 0 0 0 0 0 data 23 0x2 0x84a 0xa0005 0x0 0x202c8cf6ed8 0x84a 0x0 0x0 0x160005 0x0 0x202c8cdffe0 0x84a 0x0 0x0 0x0 0x0 0x0 0x0 0x0 0x0 0x9 0x1 0x0 oops 2 4 java/util/jar/JavaUtilJarAccessImpl 10 java/util/jar/JarFile methods 0
ciMethodData java/util/jar/JavaUtilJarAccessImpl ensureInitialization (Ljava/util/jar/JarFile;)V 2 2122 orig 80 0 0 0 0 0 0 0 0 0 0 0 0 255 127 0 0 0 0 0 0 0 0 0 0 0 0 0 0 0 0 0 0 0 0 0 0 0 0 0 0 0 0 0 0 0 0 0 0 0 0 0 0 0 0 0 0 0 0 0 0 0 0 0 0 0 0 0 0 0 0 0 0 0 0 0 0 0 0 0 0 data 16 0x10005 0x0 0x202c8cdffe0 0x84a 0x0 0x0 0x0 0x0 0x0 0x0 0x0 0x0 0x9 0x2 0x0 0x0 oops 1 2 java/util/jar/JarFile methods 0
ciMethodData java/util/jar/JarFile ensureInitialization ()V 2 2122 orig 80 0 0 0 0 0 0 0 0 0 0 0 0 255 127 0 0 0 0 0 0 0 0 0 0 0 0 0 0 0 0 0 0 0 0 0 0 0 0 0 0 0 0 0 0 0 0 0 0 0 0 0 0 0 0 0 0 0 0 0 0 0 0 0 0 0 0 0 0 0 0 0 0 0 0 0 0 0 0 0 0 data 45 0x10005 0x84a 0x0 0x0 0x0 0x0 0x40003 0x84a 0x28 0xd0002 0x0 0x150007 0x71c 0xb8 0x12e 0x1c0007 0x12b 0x98 0x3 0x1f0002 0x3 0x240005 0x3 0x0 0x0 0x0 0x0 0x2d0002 0x3 0x300003 0x3 0x28 0x350002 0x0 0x0 0x0 0x0 0x0 0x0 0x0 0x9 0x1 0x0 0x70001 0x330001 oops 0 methods 0
ciMethodData jdk/internal/loader/Resource getByteBuffer ()Ljava/nio/ByteBuffer; 2 2135 orig 80 0 0 0 0 0 0 0 0 0 0 0 0 255 127 0 0 0 0 0 0 0 0 0 0 0 0 0 0 0 0 0 0 0 0 0 0 0 0 0 0 0 0 0 0 0 0 0 0 0 0 0 0 0 0 0 0 0 0 0 0 0 0 0 0 0 0 0 0 0 0 0 0 0 0 0 0 0 0 0 0 data 37 0x10005 0x857 0x0 0x0 0x0 0x0 0x60004 0x0 0x202c7d853f8 0x72a 0x202c75c4500 0x12d 0x90007 0x857 0x80 0x0 0xd0004 0x0 0x0 0x0 0x0 0x0 0x100005 0x0 0x0 0x0 0x0 0x0 0x0 0x0 0x0 0x0 0x0 0x0 0x9 0x1 0xffffffffffffffff oops 2 8 java/util/zip/ZipFile$ZipFileInflaterInputStream 10 java/util/jar/JarVerifier$VerifierStream methods 0
ciMethodData jdk/internal/loader/URLClassPath$JarLoader$2 getCodeSigners ()[Ljava/security/CodeSigner; 2 2136 orig 80 0 0 0 0 0 0 0 0 0 0 0 0 255 127 0 0 0 0 0 0 0 0 0 0 0 0 0 0 0 0 0 0 0 0 0 0 0 0 0 0 0 0 0 0 0 0 0 0 0 0 0 0 0 0 0 0 0 0 0 0 0 0 0 0 0 0 0 0 0 0 0 0 0 0 0 0 0 0 0 0 data 15 0x40005 0x0 0x202c7d85348 0x858 0x0 0x0 0x0 0x0 0x0 0x0 0x0 0x0 0x9 0x1 0x0 oops 1 2 java/util/jar/JarFile$JarFileEntry methods 0
ciMethodData java/security/CodeSource <init> (Ljava/net/URL;[Ljava/security/CodeSigner;)V 2 2175 orig 80 0 0 0 0 0 0 0 0 0 0 0 0 255 127 0 0 0 0 0 0 0 0 0 0 0 0 0 0 0 0 0 0 0 0 0 0 0 0 0 0 0 0 0 0 0 0 0 0 0 0 0 0 0 0 0 0 0 0 0 0 0 0 0 0 0 0 0 0 0 0 0 0 0 0 0 0 0 0 0 0 data 35 0x10002 0x87f 0x190007 0x0 0x30 0x87f 0x1e0002 0x87f 0x250007 0x752 0x80 0x12d 0x2a0005 0x0 0x0 0x0 0x0 0x0 0x2d0004 0x0 0x202c8cf2bd0 0x12d 0x0 0x0 0x0 0x0 0x0 0x0 0x0 0x0 0x9 0x3 0xdc 0x0 0xffffffffffffffff oops 1 20 [Ljava/security/CodeSigner; methods 0
ciMethodData java/security/SecureClassLoader defineClass (Ljava/lang/String;[BIILjava/security/CodeSource;)Ljava/lang/Class; 2 2136 orig 80 0 0 0 0 0 0 0 0 0 0 0 0 255 127 0 0 0 0 0 0 0 0 0 0 0 0 0 0 0 0 0 0 0 0 0 0 0 0 0 0 0 0 0 0 0 0 0 0 0 0 0 0 0 0 0 0 0 0 0 0 0 0 0 0 0 0 0 0 0 0 0 0 0 0 0 0 0 0 0 0 data 26 0x90005 0x858 0x0 0x0 0x0 0x0 0xc0005 0x858 0x0 0x0 0x0 0x0 0x0 0x0 0x0 0x0 0x0 0x0 0x9 0x6 0xffffffffffffffff 0xffffffffffffffff 0xffffffffffffffff 0x0 0x0 0x0 oops 0 methods 0
ciMethodData jdk/internal/loader/BuiltinClassLoader defineOrCheckPackage (Ljava/lang/String;Ljava/util/jar/Manifest;Ljava/net/URL;)Ljava/lang/Package; 2 2113 orig 80 0 0 0 0 0 0 0 0 0 0 0 0 255 127 0 0 0 0 0 0 0 0 0 0 0 0 0 0 0 0 0 0 0 0 0 0 0 0 0 0 0 0 0 0 0 0 0 0 0 0 0 0 0 0 0 0 0 0 0 0 0 0 0 0 0 0 0 0 0 0 0 0 0 0 0 0 0 0 0 0 data 77 0x40005 0x841 0x0 0x0 0x0 0x0 0xb0007 0x79f 0x1d0 0xa2 0xf0007 0x1 0x68 0xa1 0x160005 0xa1 0x0 0x0 0x0 0x0 0x1b0003 0xa1 0x48 0x270005 0x0 0x202c2189a08 0x1 0x0 0x0 0x2c0003 0xa2 0x118 0x350005 0x0 0x0 0x0 0x0 0x0 0x3c0007 0x0 0xd0 0x0 0x470002 0x0 0x4d0005 0x0 0x0 0x0 0x0 0x0 0x510005 0x0 0x0 0x0 0x0 0x0 0x540005 0x0 0x0 0x0 0x0 0x0 0x570002 0x0 0x0 0x0 0x0 0x0 0x0 0x0 0x9 0x4 0x0 0x0 0x0 0x0 0x2f0001 oops 1 25 jdk/internal/loader/ClassLoaders$AppClassLoader methods 0
ciMethodData java/lang/ClassLoader getDefinedPackage (Ljava/lang/String;)Ljava/lang/Package; 2 2113 orig 80 0 0 0 0 0 0 0 0 0 0 0 0 255 127 0 0 0 0 0 0 0 0 0 0 0 0 0 0 0 0 0 0 0 0 0 0 0 0 0 0 0 0 0 0 0 0 0 0 0 0 0 0 0 0 0 0 0 0 0 0 0 0 0 0 0 0 0 0 0 0 0 0 0 0 0 0 0 0 0 0 data 40 0x40002 0x841 0xd0005 0x0 0x202c2189bb8 0x841 0x0 0x0 0x100104 0x0 0x202c8cf33d0 0x79f 0x0 0x0 0x150007 0x79f 0x20 0xa2 0x1d0005 0x0 0x202c8cf33d0 0x79f 0x0 0x0 0x200005 0x0 0x202c2189a08 0x79f 0x0 0x0 0x0 0x0 0x0 0x0 0x0 0x0 0x9 0x2 0x0 0x0 oops 4 4 java/util/concurrent/ConcurrentHashMap 10 java/lang/Package 20 java/lang/Package 26 jdk/internal/loader/ClassLoaders$AppClassLoader methods 0
ciMethodData jdk/internal/loader/BuiltinClassLoader getAndVerifyPackage (Ljava/lang/String;Ljava/util/jar/Manifest;Ljava/net/URL;)Ljava/lang/Package; 2 2113 orig 80 0 0 0 0 0 0 0 0 0 0 0 0 255 127 0 0 0 0 0 0 0 0 0 0 0 0 0 0 0 0 0 0 0 0 0 0 0 0 0 0 0 0 0 0 0 0 0 0 0 0 0 0 0 0 0 0 0 0 0 0 0 0 0 0 0 0 0 0 0 0 0 0 0 0 0 0 0 0 0 0 data 112 0x20005 0x841 0x0 0x0 0x0 0x0 0x90007 0xa2 0x2f0 0x79f 0xe0005 0x0 0x202c8cf33d0 0x79f 0x0 0x0 0x110007 0x79f 0x150 0x0 0x170005 0x0 0x0 0x0 0x0 0x0 0x1a0007 0x0 0x250 0x0 0x250002 0x0 0x2b0005 0x0 0x0 0x0 0x0 0x0 0x2f0005 0x0 0x0 0x0 0x0 0x0 0x350005 0x0 0x0 0x0 0x0 0x0 0x380005 0x0 0x0 0x0 0x0 0x0 0x3b0002 0x0 0x400007 0x2 0x150 0x79d 0x460005 0x79d 0x0 0x0 0x0 0x0 0x490007 0x79d 0x100 0x0 0x540002 0x0 0x5a0005 0x0 0x0 0x0 0x0 0x0 0x5e0005 0x0 0x0 0x0 0x0 0x0 0x640005 0x0 0x0 0x0 0x0 0x0 0x670005 0x0 0x0 0x0 0x0 0x0 0x6a0002 0x0 0x0 0x0 0x0 0x0 0x0 0x0 0x9 0x4 0x0 0x0 0x0 0x0 oops 1 12 java/lang/Package methods 0
ciMethodData jdk/internal/loader/BuiltinClassLoader definePackage (Ljava/lang/String;Ljava/util/jar/Manifest;Ljava/net/URL;)Ljava/lang/Package; 1 161 orig 80 0 0 0 0 0 0 0 0 0 0 0 0 255 127 0 0 0 0 0 0 0 0 0 0 0 0 0 0 0 0 0 0 0 0 0 0 0 0 0 0 0 0 0 0 0 0 0 0 0 0 0 0 0 0 0 0 0 0 0 0 0 0 0 0 0 0 0 0 0 0 0 0 0 0 0 0 0 0 0 0 data 178 0x190007 0x0 0x500 0xa1 0x1c0002 0xa1 0x250005 0xa1 0x0 0x0 0x0 0x0 0x2a0005 0xa1 0x0 0x0 0x0 0x0 0x2d0005 0x0 0x202c8cf6ed8 0xa1 0x0 0x0 0x360007 0xa1 0x170 0x0 0x3e0005 0x0 0x0 0x0 0x0 0x0 0x480005 0x0 0x0 0x0 0x0 0x0 0x520005 0x0 0x0 0x0 0x0 0x0 0x5c0005 0x0 0x0 0x0 0x0 0x0 0x660005 0x0 0x0 0x0 0x0 0x0 0x700005 0x0 0x0 0x0 0x0 0x0 0x7a0005 0x0 0x0 0x0 0x0 0x0 0x800005 0x0 0x202c2189858 0xa1 0x0 0x0 0x870007 0x0 0x250 0xa1 0x8c0007 0x0 0x50 0xa1 0x940005 0x0 0x202c7f96068 0xa1 0x0 0x0 0x9b0007 0x0 0x50 0xa1 0xa30005 0x0 0x202c7f96068 0xa1 0x0 0x0 0xaa0007 0x0 0x50 0xa1 0xb20005 0x0 0x202c7f96068 0xa1 0x0 0x0 0xb90007 0x0 0x50 0xa1 0xc10005 0x0 0x202c7f96068 0xa1 0x0 0x0 0xc80007 0x0 0x50 0xa1 0xd00005 0x0 0x202c7f96068 0xa1 0x0 0x0 0xd70007 0x0 0x50 0xa1 0xdf0005 0x0 0x202c7f96068 0xa1 0x0 0x0 0xe60007 0x0 0x50 0xa1 0xee0005 0x0 0x202c7f96068 0xa1 0x0 0x0 0xf80005 0xa1 0x0 0x0 0x0 0x0 0xfb0007 0xa1 0x20 0x0 0x1110005 0x0 0x202c2189a08 0xa1 0x0 0x0 0x0 0x0 0x0 0x0 0x0 0x0 0x9 0x4 0x0 0x0 0x0 0x0 oops 10 20 java/util/jar/JavaUtilJarAccessImpl 72 java/util/jar/Manifest 86 java/util/jar/Attributes 96 java/util/jar/Attributes 106 java/util/jar/Attributes 116 java/util/jar/Attributes 126 java/util/jar/Attributes 136 java/util/jar/Attributes 146 java/util/jar/Attributes 162 jdk/internal/loader/ClassLoaders$AppClassLoader methods 0
ciMethodData java/lang/ClassLoader definePackage (Ljava/lang/String;Ljava/lang/String;Ljava/lang/String;Ljava/lang/String;Ljava/lang/String;Ljava/lang/String;Ljava/lang/String;Ljava/net/URL;)Ljava/lang/Package; 1 162 orig 80 0 0 0 0 0 0 0 0 0 0 0 0 255 127 0 0 0 0 0 0 0 0 0 0 0 0 0 0 0 0 0 0 0 0 0 0 0 0 0 0 0 0 0 0 0 0 0 0 0 0 0 0 0 0 0 0 0 0 0 0 0 0 0 0 0 0 0 0 0 0 0 0 0 0 0 0 0 0 0 0 data 33 0x10002 0xa2 0x170002 0xa2 0x230005 0x0 0x202c2189bb8 0xa2 0x0 0x0 0x260007 0xa2 0x30 0x0 0x2e0002 0x0 0x0 0x0 0x0 0x0 0x0 0x0 0x9 0x9 0x0 0x0 0x0 0x0 0x0 0x0 0x0 0x0 0x0 oops 1 6 java/util/concurrent/ConcurrentHashMap methods 0
ciMethodData java/security/SecureClassLoader getProtectionDomain (Ljava/security/CodeSource;)Ljava/security/ProtectionDomain; 2 2157 orig 80 0 0 0 0 0 0 0 0 0 0 0 0 2 2 0 0 0 0 0 0 0 0 0 0 0 0 0 0 0 0 0 0 0 0 0 0 0 0 0 0 0 0 0 0 0 0 0 0 0 0 0 0 0 0 0 0 0 0 0 0 0 0 0 0 0 0 0 0 0 0 0 0 0 0 0 0 0 0 0 0 data 30 0x10007 0x86d 0x20 0x0 0xb0002 0x86d 0x190002 0x86d 0x1c0005 0x0 0x202c2189bb8 0x86d 0x0 0x0 0x210004 0x0 0x202c21869c8 0x86d 0x0 0x0 0x0 0x0 0x0 0x0 0x0 0x0 0x9 0x2 0x0 0x0 oops 2 10 java/util/concurrent/ConcurrentHashMap 16 java/security/ProtectionDomain methods 0
ciMethodData java/security/SecureClassLoader$CodeSourceKey <init> (Ljava/security/CodeSource;)V 2 2157 orig 80 0 0 0 0 0 0 0 0 0 0 0 0 2 2 0 0 0 0 0 0 0 0 0 0 0 0 0 0 0 0 0 0 0 0 0 0 0 0 0 0 0 0 0 0 0 0 0 0 0 0 0 0 0 0 0 0 0 0 0 0 0 0 0 0 0 0 0 0 0 0 0 0 0 0 0 0 0 0 0 0 data 10 0x10002 0x86d 0x0 0x0 0x0 0x0 0x9 0x2 0x4 0x0 oops 0 methods 0
ciMethodData java/security/SecureClassLoader$1 <init> (Ljava/security/SecureClassLoader;)V 2 2157 orig 80 0 0 0 0 0 0 0 0 0 0 0 0 2 2 0 0 0 0 0 0 0 0 0 0 0 0 0 0 0 0 0 0 0 0 0 0 0 0 0 0 0 0 0 0 0 0 0 0 0 0 0 0 0 0 0 0 0 0 0 0 0 0 0 0 0 0 0 0 0 0 0 0 0 0 0 0 0 0 0 0 data 10 0x60002 0x86d 0x0 0x0 0x0 0x0 0x9 0x2 0x4 0x0 oops 0 methods 0
ciMethodData java/lang/ClassLoader defineClass (Ljava/lang/String;[BIILjava/security/ProtectionDomain;)Ljava/lang/Class; 2 2118 orig 80 0 0 0 0 0 0 0 0 0 0 0 0 255 127 0 0 0 0 0 0 0 0 0 0 0 0 0 0 0 0 0 0 0 0 0 0 0 0 0 0 0 0 0 0 0 0 0 0 0 0 0 0 0 0 0 0 0 0 0 0 0 0 0 0 0 0 0 0 0 0 0 0 0 0 0 0 0 0 0 0 data 34 0x40005 0x846 0x0 0x0 0x0 0x0 0xc0005 0x846 0x0 0x0 0x0 0x0 0x1b0002 0x846 0x250005 0x846 0x0 0x0 0x0 0x0 0x0 0x0 0x0 0x0 0x0 0x0 0x9 0x6 0xffffffffffffffff 0xffffffffffffffff 0xffffffffffffffff 0x0 0x0 0x0 oops 0 methods 0
ciMethodData java/lang/ClassLoader preDefineClass (Ljava/lang/String;Ljava/security/ProtectionDomain;)Ljava/security/ProtectionDomain; 2 2157 orig 80 0 0 0 0 0 0 0 0 0 0 0 0 255 127 0 0 0 0 0 0 0 0 0 0 0 0 0 0 0 0 0 0 0 0 0 0 0 0 0 0 0 0 0 0 0 0 0 0 0 0 0 0 0 0 0 0 0 0 0 0 0 0 0 0 0 0 0 0 0 0 0 0 0 0 0 0 0 0 0 0 data 113 0x10002 0x86d 0x40007 0x86d 0xd0 0x0 0xf0002 0x0 0x150005 0x0 0x0 0x0 0x0 0x0 0x190005 0x0 0x0 0x0 0x0 0x0 0x1c0005 0x0 0x0 0x0 0x0 0x0 0x1f0002 0x0 0x240007 0x0 0x1b0 0x86d 0x2b0005 0x86d 0x0 0x0 0x0 0x0 0x2e0007 0x84a 0x160 0x23 0x320002 0x23 0x350007 0x23 0x130 0x0 0x400002 0x0 0x460005 0x0 0x0 0x0 0x0 0x0 0x4e0005 0x0 0x0 0x0 0x0 0x0 0x510005 0x0 0x0 0x0 0x0 0x0 0x540005 0x0 0x0 0x0 0x0 0x0 0x570005 0x0 0x0 0x0 0x0 0x0 0x5a0002 0x0 0x5f0007 0x86d 0x20 0x0 0x680007 0x0 0x80 0x86d 0x6e0005 0x86d 0x0 0x0 0x0 0x0 0x710005 0x86d 0x0 0x0 0x0 0x0 0x0 0x0 0x0 0x0 0x0 0x0 0x9 0x3 0xffffffffffffffff 0x0 0x0 oops 0 methods 0
ciMethodData java/lang/ClassLoader checkCerts (Ljava/lang/String;Ljava/security/CodeSource;)V 2 2157 orig 80 0 0 0 0 0 0 0 0 0 0 0 0 255 127 0 0 0 0 0 0 0 0 0 0 0 0 0 0 0 0 0 0 0 0 0 0 0 0 0 0 0 0 0 0 0 0 0 0 0 0 0 0 0 0 0 0 0 0 0 0 0 0 0 0 0 0 0 0 0 0 0 0 0 0 0 0 0 0 0 0 data 101 0x30005 0x86d 0x0 0x0 0x0 0x0 0x90007 0x86d 0x38 0x0 0xf0003 0x0 0x48 0x150005 0x86d 0x0 0x0 0x0 0x0 0x1e0007 0x0 0x50 0x86d 0x220005 0x86d 0x0 0x0 0x0 0x0 0x290007 0x12d 0x38 0x740 0x2f0003 0x740 0x18 0x3e0005 0x0 0x202c2189bb8 0x86d 0x0 0x0 0x410104 0x0 0x202c7f3fc18 0x7c7 0x0 0x0 0x480007 0xa6 0x150 0x7c7 0x500005 0x7c7 0x0 0x0 0x0 0x0 0x530007 0x7c7 0x100 0x0 0x5e0002 0x0 0x640005 0x0 0x0 0x0 0x0 0x0 0x680005 0x0 0x0 0x0 0x0 0x0 0x6e0005 0x0 0x0 0x0 0x0 0x0 0x710005 0x0 0x0 0x0 0x0 0x0 0x740002 0x0 0x0 0x0 0x0 0x0 0x0 0x0 0x9 0x3 0xffffffffffffffff 0x0 0x10 oops 2 38 java/util/concurrent/ConcurrentHashMap 44 [Ljava/security/cert/Certificate; methods 0
ciMethodData java/lang/NamedPackage <init> (Ljava/lang/String;Ljava/lang/Module;)V 1 166 orig 80 0 0 0 0 0 0 0 0 0 0 0 0 255 127 0 0 0 0 0 0 0 0 0 0 0 0 0 0 0 0 0 0 0 0 0 0 0 0 0 0 0 0 0 0 0 0 0 0 0 0 0 0 0 0 0 0 0 0 0 0 0 0 0 0 0 0 0 0 0 0 0 0 0 0 0 0 0 0 0 0 data 61 0x10002 0xa6 0x50005 0xa6 0x0 0x0 0x0 0x0 0x80007 0xa6 0x120 0x0 0xc0005 0x0 0x0 0x0 0x0 0x0 0xf0007 0x0 0xd0 0x0 0x1a0002 0x0 0x1f0005 0x0 0x0 0x0 0x0 0x0 0x230005 0x0 0x0 0x0 0x0 0x0 0x260005 0x0 0x0 0x0 0x0 0x0 0x290002 0x0 0x2f0005 0xa6 0x0 0x0 0x0 0x0 0x0 0x0 0x0 0x0 0x0 0x0 0x9 0x3 0xc 0xffffffffffffffff 0x0 oops 0 methods 0
ciMethodData java/util/jar/JarFile initializeVerifier ()V 1 3 orig 80 0 0 0 0 0 0 0 0 0 0 0 0 255 127 0 0 0 0 0 0 0 0 0 0 0 0 0 0 0 0 0 0 0 0 0 0 0 0 0 0 0 0 0 0 0 0 0 0 0 0 0 0 0 0 0 0 0 0 0 0 0 0 0 0 0 0 0 0 0 0 0 0 0 0 0 0 0 0 0 0 data 184 0x60005 0x0 0x202c7c2f098 0x3 0x0 0x0 0xd0005 0x0 0x202c2189cf8 0x3 0x0 0x0 0x140005 0x0 0x202c7c2f148 0xc 0x0 0x0 0x190007 0x3 0x2c0 0x9 0x1d0005 0x0 0x202c7c2f148 0x9 0x0 0x0 0x220004 0x0 0x202c2186398 0x9 0x0 0x0 0x2a0005 0x0 0x202c8cdffe0 0x9 0x0 0x0 0x310007 0x9 0x30 0x0 0x3b0002 0x0 0x400007 0x6 0x60 0x3 0x480005 0x3 0x0 0x0 0x0 0x0 0x520002 0x3 0x5b0005 0x9 0x0 0x0 0x0 0x0 0x5e0007 0x6 0x38 0x3 0x6a0003 0x3 0x48 0x700005 0x6 0x0 0x0 0x0 0x0 0x770007 0x0 0xd0 0x9 0x7d0007 0x0 0xb0 0x9 0x870005 0x0 0x202c25b6640 0x9 0x0 0x0 0x980005 0x0 0x202c25b6640 0x9 0x0 0x0 0xa40005 0x0 0x202c25b6640 0x9 0x0 0x0 0xa70003 0x9 0xfffffffffffffd28 0xaa0003 0x3 0x98 0xbb0007 0x0 0x80 0x0 0xc40005 0x0 0x0 0x0 0x0 0x0 0xc80005 0x0 0x0 0x0 0x0 0x0 0xcf0007 0x0 0x140 0x3 0xd60005 0x0 0x202c25b6640 0x3 0x0 0x0 0xdc0007 0x3 0x50 0x0 0xe50005 0x0 0x0 0x0 0x0 0x0 0xec0005 0x0 0x202c25b6640 0x3 0x0 0x0 0xef0007 0x2 0x70 0x1 0xf50007 0x1 0x50 0x0 0xfe0005 0x0 0x0 0x0 0x0 0x0 0x0 0x0 0x0 0x0 0x0 0x0 0x0 0x0 0x0 0x0 0x0 0x0 0x0 0x0 0x9 0x1 0x0 0xad0001 0xad0001 oops 11 2 java/util/zip/ZipFile$1 8 java/util/ArrayList 14 java/util/ArrayList$Itr 24 java/util/ArrayList$Itr 30 java/lang/String 36 java/util/jar/JarFile 87 java/util/jar/JarVerifier 93 java/util/jar/JarVerifier 99 java/util/jar/JarVerifier 131 java/util/jar/JarVerifier 147 java/util/jar/JarVerifier methods 0
ciMethod java/io/IOException <init> (Ljava/lang/String;)V 10 0 41 0 -1
ciMethodData java/util/jar/JarFile beginInit ()Ljava/lang/Object; 1 3 orig 80 0 0 0 0 0 0 0 0 0 0 0 0 255 127 0 0 0 0 0 0 0 0 0 0 0 0 0 0 0 0 0 0 0 0 0 0 0 0 0 0 0 0 0 0 0 0 0 0 0 0 0 0 0 0 0 0 0 0 0 0 0 0 0 0 0 0 0 0 0 0 0 0 0 0 0 0 0 0 0 0 data 14 0x30005 0x0 0x202c7c20760 0x1 0x0 0x0 0x0 0x0 0x0 0x0 0x0 0x0 0x9 0x0 oops 1 2 jdk/internal/misc/ThreadTracker methods 0
ciMethodData java/util/jar/JarFile endInit (Ljava/lang/Object;)V 1 3 orig 80 0 0 0 0 0 0 0 0 0 0 0 0 255 127 0 0 0 0 0 0 0 0 0 0 0 0 0 0 0 0 0 0 0 0 0 0 0 0 0 0 0 0 0 0 0 0 0 0 0 0 0 0 0 0 0 0 0 0 0 0 0 0 0 0 0 0 0 0 0 0 0 0 0 0 0 0 0 0 0 0 data 15 0x40005 0x0 0x202c7c20760 0x1 0x0 0x0 0x0 0x0 0x0 0x0 0x0 0x0 0x9 0x1 0xffffffffffffffff oops 1 2 jdk/internal/misc/ThreadTracker methods 0
ciMethod jdk/internal/misc/ThreadTracker begin ()Ljava/lang/Object; 4 0 3 0 -1
ciMethod jdk/internal/misc/ThreadTracker end (Ljava/lang/Object;)V 4 0 3 0 -1
ciMethod jdk/internal/misc/ThreadTracker$ThreadRef thread ()Ljava/lang/Thread; 0 0 1 0 -1
ciMethod sun/security/util/ManifestEntryVerifier <init> (Ljava/util/jar/Manifest;Ljava/lang/String;)V 512 0 304 0 -1
ciMethod java/security/cert/CertPath getCertificates ()Ljava/util/List; 0 0 1 0 -1
ciMethod java/security/CodeSigner getSignerCertPath ()Ljava/security/cert/CertPath; 256 0 128 0 -1
ciMethodData java/util/jar/JarVerifier <init> (Ljava/lang/String;[B)V 1 0 orig 80 0 0 0 0 0 0 0 0 0 0 0 0 2 2 0 0 0 0 0 0 0 0 0 0 0 0 0 0 0 0 0 0 0 0 0 0 0 0 0 0 0 0 0 0 0 0 0 0 0 0 0 0 0 0 0 0 0 0 0 0 0 0 0 0 0 0 0 0 0 0 0 0 0 0 0 0 0 0 0 0 data 31 0x10002 0x0 0x270002 0x0 0x320002 0x0 0x3f0002 0x0 0x4a0002 0x0 0x550002 0x0 0x600002 0x0 0x6b0002 0x0 0x0 0x0 0x0 0x0 0x0 0x0 0x0 0x0 0x0 0x0 0x9 0x3 0x1ebe 0x0 0x0 oops 0 methods 0
ciMethodData java/io/ByteArrayInputStream <init> ([B)V 1 9 orig 80 0 0 0 0 0 0 0 0 0 0 0 0 2 2 0 0 0 0 0 0 0 0 0 0 0 0 0 0 0 0 0 0 0 0 0 0 0 0 0 0 0 0 0 0 0 0 0 0 0 0 0 0 0 0 0 0 0 0 0 0 0 0 0 0 0 0 0 0 0 0 0 0 0 0 0 0 0 0 0 0 data 10 0x10002 0x9 0x0 0x0 0x0 0x0 0x9 0x2 0x0 0x0 oops 0 methods 0
ciMethodData jdk/internal/misc/ThreadTracker end (Ljava/lang/Object;)V 1 1 orig 80 0 0 0 0 0 0 0 0 0 0 0 0 255 127 0 0 0 0 0 0 0 0 0 0 0 0 0 0 0 0 0 0 0 0 0 0 0 0 0 0 0 0 0 0 0 0 0 0 0 0 0 0 0 0 0 0 0 0 0 0 0 0 0 0 0 0 0 0 0 0 0 0 0 0 0 0 0 0 0 0 data 50 0x10004 0x0 0x202c75bb6c0 0x1 0x0 0x0 0x80007 0x1 0x90 0x0 0xc0005 0x0 0x0 0x0 0x0 0x0 0xf0002 0x0 0x120007 0x0 0x30 0x0 0x190002 0x0 0x220005 0x0 0x202c75bb770 0x1 0x0 0x0 0x2b0007 0x1 0x50 0x0 0x2f0007 0x0 0x30 0x0 0x360002 0x0 0x0 0x0 0x0 0x0 0x0 0x0 0x9 0x2 0x0 0xffffffffffffffff oops 2 2 jdk/internal/misc/ThreadTracker$ThreadRef 26 java/util/concurrent/ConcurrentHashMap$KeySetView methods 0
compile jdk/internal/loader/BuiltinClassLoader loadClassOrNull (Ljava/lang/String;Z)Ljava/lang/Class; -1 4 inline 340 0 -1 0 jdk/internal/loader/BuiltinClassLoader loadClassOrNull (Ljava/lang/String;Z)Ljava/lang/Class; 1 2 0 java/lang/ClassLoader getClassLoadingLock (Ljava/lang/String;)Ljava/lang/Object; 2 13 0 java/lang/Object <init> ()V 2 23 0 java/util/concurrent/ConcurrentHashMap putIfAbsent (Ljava/lang/Object;Ljava/lang/Object;)Ljava/lang/Object; 1 10 0 java/lang/ClassLoader findLoadedClass (Ljava/lang/String;)Ljava/lang/Class; 2 1 0 java/lang/ClassLoader checkName (Ljava/lang/String;)Z 3 5 0 java/lang/String isEmpty ()Z 3 16 0 java/lang/String indexOf (I)I 4 1 0 java/lang/String isLatin1 ()Z 4 18 0 java/lang/StringLatin1 indexOf ([BIII)I 5 1 0 java/lang/StringLatin1 canEncode (I)Z 4 37 0 java/lang/StringUTF16 indexOf ([BIII)I 3 25 0 java/lang/String charAt (I)C 4 1 0 java/lang/String isLatin1 ()Z 4 12 0 java/lang/StringLatin1 charAt ([BI)C 5 3 0 java/lang/String checkIndex (II)V 1 22 0 jdk/internal/loader/BuiltinClassLoader findLoadedModule (Ljava/lang/String;)Ljdk/internal/loader/BuiltinClassLoader$LoadedModule; 2 3 0 java/lang/String lastIndexOf (I)I 3 3 0 java/lang/String length ()I 4 6 0 java/lang/String coder ()B 3 8 0 java/lang/String lastIndexOf (II)I 4 1 0 java/lang/String isLatin1 ()Z 4 13 0 java/lang/StringLatin1 lastIndexOf ([BII)I 5 1 0 java/lang/StringLatin1 canEncode (I)Z 2 16 0 java/lang/String substring (II)Ljava/lang/String; 3 1 0 java/lang/String length ()I 4 6 0 java/lang/String coder ()B 3 8 0 java/lang/String checkBoundsBeginEnd (III)V 4 6 0 jdk/internal/util/Preconditions checkFromToIndex (IIILjava/util/function/BiFunction;)I 3 28 0 java/lang/String isLatin1 ()Z 3 41 0 java/lang/StringLatin1 newString ([BII)Ljava/lang/String; 4 16 0 java/util/Arrays copyOfRange ([BII)[B 4 20 0 java/lang/String <init> ([BB)V 5 1 0 java/lang/Object <init> ()V 2 24 0 java/util/concurrent/ConcurrentHashMap get (Ljava/lang/Object;)Ljava/lang/Object; 3 1 0 java/lang/String hashCode ()I 4 17 0 java/lang/String isLatin1 ()Z 4 27 0 java/lang/StringLatin1 hashCode ([B)I 5 5 0 jdk/internal/util/ArraysSupport hashCodeOfUnsigned ([BIII)I 6 39 0 java/lang/Byte toUnsignedInt (B)I 3 4 0 java/util/concurrent/ConcurrentHashMap spread (I)I 3 34 0 java/util/concurrent/ConcurrentHashMap tabAt ([Ljava/util/concurrent/ConcurrentHashMap$Node;I)Ljava/util/concurrent/ConcurrentHashMap$Node; 3 73 0 java/lang/String equals (Ljava/lang/Object;)Z 1 34 0 jdk/internal/loader/BuiltinClassLoader$LoadedModule loader ()Ljdk/internal/loader/BuiltinClassLoader; 1 66 0 jdk/internal/loader/BuiltinClassLoader loadClassOrNull (Ljava/lang/String;)Ljava/lang/Class; 2 3 0 jdk/internal/loader/ClassLoaders$BootClassLoader loadClassOrNull (Ljava/lang/String;Z)Ljava/lang/Class; 3 4 0 java/lang/System$2 findBootstrapClassOrNull (Ljava/lang/String;)Ljava/lang/Class; 2 3 0 jdk/internal/loader/BuiltinClassLoader loadClassOrNull (Ljava/lang/String;Z)Ljava/lang/Class; 3 2 0 java/lang/ClassLoader getClassLoadingLock (Ljava/lang/String;)Ljava/lang/Object; 4 13 0 java/lang/Object <init> ()V 4 23 0 java/util/concurrent/ConcurrentHashMap putIfAbsent (Ljava/lang/Object;Ljava/lang/Object;)Ljava/lang/Object; 3 10 0 java/lang/ClassLoader findLoadedClass (Ljava/lang/String;)Ljava/lang/Class; 4 1 0 java/lang/ClassLoader checkName (Ljava/lang/String;)Z 5 5 0 java/lang/String isEmpty ()Z 5 16 0 java/lang/String indexOf (I)I 6 1 0 java/lang/String isLatin1 ()Z 6 18 0 java/lang/StringLatin1 indexOf ([BIII)I 7 1 0 java/lang/StringLatin1 canEncode (I)Z 6 37 0 java/lang/StringUTF16 indexOf ([BIII)I 5 25 0 java/lang/String charAt (I)C 6 1 0 java/lang/String isLatin1 ()Z 6 12 0 java/lang/StringLatin1 charAt ([BI)C 7 3 0 java/lang/String checkIndex (II)V 3 22 0 jdk/internal/loader/BuiltinClassLoader findLoadedModule (Ljava/lang/String;)Ljdk/internal/loader/BuiltinClassLoader$LoadedModule; 4 3 0 java/lang/String lastIndexOf (I)I 5 3 0 java/lang/String length ()I 6 6 0 java/lang/String coder ()B 5 8 0 java/lang/String lastIndexOf (II)I 6 1 0 java/lang/String isLatin1 ()Z 6 13 0 java/lang/StringLatin1 lastIndexOf ([BII)I 7 1 0 java/lang/StringLatin1 canEncode (I)Z 4 16 0 java/lang/String substring (II)Ljava/lang/String; 5 1 0 java/lang/String length ()I 6 6 0 java/lang/String coder ()B 5 8 0 java/lang/String checkBoundsBeginEnd (III)V 6 6 0 jdk/internal/util/Preconditions checkFromToIndex (IIILjava/util/function/BiFunction;)I 5 28 0 java/lang/String isLatin1 ()Z 5 41 0 java/lang/StringLatin1 newString ([BII)Ljava/lang/String; 6 16 0 java/util/Arrays copyOfRange ([BII)[B 6 20 0 java/lang/String <init> ([BB)V 7 1 0 java/lang/Object <init> ()V 4 24 0 java/util/concurrent/ConcurrentHashMap get (Ljava/lang/Object;)Ljava/lang/Object; 5 1 0 java/lang/String hashCode ()I 6 17 0 java/lang/String isLatin1 ()Z 6 27 0 java/lang/StringLatin1 hashCode ([B)I 7 5 0 jdk/internal/util/ArraysSupport hashCodeOfUnsigned ([BIII)I 8 39 0 java/lang/Byte toUnsignedInt (B)I 5 4 0 java/util/concurrent/ConcurrentHashMap spread (I)I 5 34 0 java/util/concurrent/ConcurrentHashMap tabAt ([Ljava/util/concurrent/ConcurrentHashMap$Node;I)Ljava/util/concurrent/ConcurrentHashMap$Node; 5 73 0 java/lang/String equals (Ljava/lang/Object;)Z 3 34 0 jdk/internal/loader/BuiltinClassLoader$LoadedModule loader ()Ljdk/internal/loader/BuiltinClassLoader; 3 66 0 jdk/internal/loader/BuiltinClassLoader loadClassOrNull (Ljava/lang/String;)Ljava/lang/Class; 4 3 0 jdk/internal/loader/ClassLoaders$BootClassLoader loadClassOrNull (Ljava/lang/String;Z)Ljava/lang/Class; 5 4 0 java/lang/System$2 findBootstrapClassOrNull (Ljava/lang/String;)Ljava/lang/Class; 6 1 0 java/lang/ClassLoader findBootstrapClassOrNull (Ljava/lang/String;)Ljava/lang/Class; 7 1 0 java/lang/ClassLoader checkName (Ljava/lang/String;)Z 8 5 0 java/lang/String isEmpty ()Z 8 16 0 java/lang/String indexOf (I)I 9 1 0 java/lang/String isLatin1 ()Z 9 18 0 java/lang/StringLatin1 indexOf ([BIII)I 10 1 0 java/lang/StringLatin1 canEncode (I)Z 9 37 0 java/lang/StringUTF16 indexOf ([BIII)I 8 25 0 java/lang/String charAt (I)C 9 1 0 java/lang/String isLatin1 ()Z 9 12 0 java/lang/StringLatin1 charAt ([BI)C 10 3 0 java/lang/String checkIndex (II)V 3 86 0 jdk/internal/loader/BuiltinClassLoader loadClassOrNull (Ljava/lang/String;)Ljava/lang/Class; 4 3 0 jdk/internal/loader/ClassLoaders$BootClassLoader loadClassOrNull (Ljava/lang/String;Z)Ljava/lang/Class; 5 4 0 java/lang/System$2 findBootstrapClassOrNull (Ljava/lang/String;)Ljava/lang/Class; 6 1 0 java/lang/ClassLoader findBootstrapClassOrNull (Ljava/lang/String;)Ljava/lang/Class; 7 1 0 java/lang/ClassLoader checkName (Ljava/lang/String;)Z 8 5 0 java/lang/String isEmpty ()Z 8 16 0 java/lang/String indexOf (I)I 9 1 0 java/lang/String isLatin1 ()Z 9 18 0 java/lang/StringLatin1 indexOf ([BIII)I 10 1 0 java/lang/StringLatin1 canEncode (I)Z 9 37 0 java/lang/StringUTF16 indexOf ([BIII)I 8 25 0 java/lang/String charAt (I)C 9 1 0 java/lang/String isLatin1 ()Z 9 12 0 java/lang/StringLatin1 charAt ([BI)C 10 3 0 java/lang/String checkIndex (II)V 3 97 0 jdk/internal/loader/BuiltinClassLoader hasClassPath ()Z 3 103 0 jdk/internal/misc/VM isModuleSystemInited ()Z 3 111 0 jdk/internal/loader/BuiltinClassLoader findClassOnClassPathOrNull (Ljava/lang/String;)Ljava/lang/Class; 4 5 0 java/lang/String replace (CC)Ljava/lang/String; 5 6 0 java/lang/String isLatin1 ()Z 5 18 0 java/lang/StringLatin1 replace ([BCC)Ljava/lang/String; 6 1 0 java/lang/StringLatin1 canEncode (C)Z 6 41 0 java/lang/StringLatin1 canEncode (C)Z 6 49 0 java/lang/StringConcatHelper newArray (J)[B 7 33 0 jdk/internal/misc/Unsafe allocateUninitializedArray (Ljava/lang/Class;I)Ljava/lang/Object; 6 123 0 java/lang/String <init> ([BB)V 7 1 0 java/lang/Object <init> ()V 4 10 0 java/lang/String concat (Ljava/lang/String;)Ljava/lang/String; 5 1 0 java/lang/String isEmpty ()Z 5 11 0 java/lang/StringConcatHelper simpleConcat (Ljava/lang/Object;Ljava/lang/Object;)Ljava/lang/String; 6 1 0 java/lang/StringConcatHelper stringOf (Ljava/lang/Object;)Ljava/lang/String; 7 5 0 java/lang/String toString ()Ljava/lang/String; 6 6 0 java/lang/StringConcatHelper stringOf (Ljava/lang/Object;)Ljava/lang/String; 7 5 0 java/lang/String toString ()Ljava/lang/String; 6 11 0 java/lang/String isEmpty ()Z 6 22 0 java/lang/String <init> (Ljava/lang/String;)V 7 1 0 java/lang/Object <init> ()V 6 27 0 java/lang/String isEmpty ()Z 6 42 0 java/lang/StringConcatHelper initialCoder ()J 6 46 0 java/lang/StringConcatHelper mix (JLjava/lang/String;)J 7 2 0 java/lang/String length ()I 8 6 0 java/lang/String coder ()B 7 9 0 java/lang/String coder ()B 7 23 0 java/lang/StringConcatHelper checkOverflow (J)J 6 54 0 java/lang/StringConcatHelper mix (JLjava/lang/String;)J 7 2 0 java/lang/String length ()I 8 6 0 java/lang/String coder ()B 7 9 0 java/lang/String coder ()B 7 23 0 java/lang/StringConcatHelper checkOverflow (J)J 6 61 0 java/lang/StringConcatHelper newArray (J)[B 7 33 0 jdk/internal/misc/Unsafe allocateUninitializedArray (Ljava/lang/Class;I)Ljava/lang/Object; 6 71 0 java/lang/StringConcatHelper prepend (J[BLjava/lang/String;)J 7 2 0 java/lang/String length ()I 8 6 0 java/lang/String coder ()B 7 21 0 java/lang/String getBytes ([BIB)V 8 1 0 java/lang/String coder ()B 6 81 0 java/lang/StringConcatHelper prepend (J[BLjava/lang/String;)J 7 2 0 java/lang/String length ()I 8 6 0 java/lang/String coder ()B 7 21 0 java/lang/String getBytes ([BIB)V 8 1 0 java/lang/String coder ()B 6 90 0 java/lang/StringConcatHelper newString ([BJ)Ljava/lang/String; 7 12 0 java/lang/String <init> ([BB)V 8 1 0 java/lang/Object <init> ()V 7 30 0 java/lang/String <init> ([BB)V 8 1 0 java/lang/Object <init> ()V 4 14 0 java/lang/System getSecurityManager ()Ljava/lang/SecurityManager; 5 0 0 java/lang/System allowSecurityManager ()Z 4 26 0 jdk/internal/loader/URLClassPath getResource (Ljava/lang/String;Z)Ljdk/internal/loader/Resource; 4 37 0 jdk/internal/loader/BuiltinClassLoader defineClass (Ljava/lang/String;Ljdk/internal/loader/Resource;)Ljava/lang/Class; 5 1 0 jdk/internal/loader/URLClassPath$JarLoader$2 getCodeSourceURL ()Ljava/net/URL; 5 8 0 java/lang/String lastIndexOf (I)I 6 3 0 java/lang/String length ()I 7 6 0 java/lang/String coder ()B 6 8 0 java/lang/String lastIndexOf (II)I 7 1 0 java/lang/String isLatin1 ()Z 7 13 0 java/lang/StringLatin1 lastIndexOf ([BII)I 8 1 0 java/lang/StringLatin1 canEncode (I)Z 5 23 0 java/lang/String substring (II)Ljava/lang/String; 6 1 0 java/lang/String length ()I 7 6 0 java/lang/String coder ()B 6 8 0 java/lang/String checkBoundsBeginEnd (III)V 7 6 0 jdk/internal/util/Preconditions checkFromToIndex (IIILjava/util/function/BiFunction;)I 6 28 0 java/lang/String isLatin1 ()Z 6 41 0 java/lang/StringLatin1 newString ([BII)Ljava/lang/String; 7 16 0 java/util/Arrays copyOfRange ([BII)[B 7 20 0 java/lang/String <init> ([BB)V 8 1 0 java/lang/Object <init> ()V 5 29 0 jdk/internal/loader/URLClassPath$JarLoader$2 getManifest ()Ljava/util/jar/Manifest; 6 0 0 jdk/internal/access/SharedSecrets javaUtilJarAccess ()Ljdk/internal/access/JavaUtilJarAccess; 6 10 0 java/util/jar/JavaUtilJarAccessImpl ensureInitialization (Ljava/util/jar/JarFile;)V 7 1 0 java/util/jar/JarFile ensureInitialization ()V 6 22 0 java/util/jar/JarFile getManifest ()Ljava/util/jar/Manifest; 7 1 0 java/util/jar/JarFile getManifestFromReference ()Ljava/util/jar/Manifest; 8 11 0 java/lang/ref/SoftReference get ()Ljava/lang/Object; 8 59 0 java/util/zip/ZipFile$1 getManifestNum (Ljava/util/jar/JarFile;)I 8 74 0 java/util/jar/JarFile$JarFileEntry getName ()Ljava/lang/String; 8 78 0 java/util/jar/JarVerifier <init> (Ljava/lang/String;[B)V 9 1 0 java/lang/Object <init> ()V 9 39 0 java/util/Hashtable <init> ()V 10 5 0 java/util/Hashtable <init> (IF)V 11 1 0 java/util/Dictionary <init> ()V 12 1 0 java/lang/Object <init> ()V 9 50 0 java/util/Hashtable <init> ()V 10 5 0 java/util/Hashtable <init> (IF)V 11 1 0 java/util/Dictionary <init> ()V 12 1 0 java/lang/Object <init> ()V 9 63 0 java/util/Hashtable <init> (I)V 10 4 0 java/util/Hashtable <init> (IF)V 11 1 0 java/util/Dictionary <init> ()V 12 1 0 java/lang/Object <init> ()V 9 74 0 java/util/ArrayList <init> ()V 10 1 0 java/util/AbstractList <init> ()V 11 1 0 java/util/AbstractCollection <init> ()V 12 1 0 java/lang/Object <init> ()V 9 85 0 java/io/ByteArrayOutputStream <init> ()V 10 3 0 java/io/ByteArrayOutputStream <init> (I)V 11 1 0 java/io/OutputStream <init> ()V 12 1 0 java/lang/Object <init> ()V 9 96 0 java/util/ArrayList <init> ()V 10 1 0 java/util/AbstractList <init> ()V 11 1 0 java/util/AbstractCollection <init> ()V 12 1 0 java/lang/Object <init> ()V 9 107 0 java/util/HashMap <init> ()V 10 1 0 java/util/AbstractMap <init> ()V 11 1 0 java/lang/Object <init> ()V 8 114 0 java/io/ByteArrayInputStream <init> ([B)V 9 1 0 java/io/InputStream <init> ()V 10 1 0 java/lang/Object <init> ()V 8 118 0 java/util/zip/ZipFile getName ()Ljava/lang/String; 8 121 0 java/util/jar/Manifest <init> (Ljava/util/jar/JarVerifier;Ljava/io/InputStream;Ljava/lang/String;)V 9 1 0 java/lang/Object <init> ()V 9 9 0 java/util/jar/Attributes <init> ()V 10 3 0 java/util/jar/Attributes <init> (I)V 11 1 0 java/lang/Object <init> ()V 11 6 0 java/util/LinkedHashMap newLinkedHashMap (I)Ljava/util/LinkedHashMap; 12 36 0 java/util/HashMap calculateHashMapCapacity (I)I 12 39 0 java/util/LinkedHashMap <init> (I)V 13 2 0 java/util/HashMap <init> (I)V 14 4 0 java/util/HashMap <init> (IF)V 15 1 0 java/util/AbstractMap <init> ()V 16 1 0 java/lang/Object <init> ()V 15 51 0 java/lang/Float isNaN (F)Z 15 91 0 java/util/HashMap tableSizeFor (I)I 9 20 0 java/util/HashMap <init> ()V 10 1 0 java/util/AbstractMap <init> ()V 11 1 0 java/lang/Object <init> ()V 8 140 0 java/util/zip/ZipFile getName ()Ljava/lang/String; 8 143 0 java/util/jar/Manifest <init> (Ljava/io/InputStream;Ljava/lang/String;)V 9 4 0 java/util/jar/Manifest <init> (Ljava/util/jar/JarVerifier;Ljava/io/InputStream;Ljava/lang/String;)V 10 1 0 java/lang/Object <init> ()V 10 9 0 java/util/jar/Attributes <init> ()V 11 3 0 java/util/jar/Attributes <init> (I)V 12 1 0 java/lang/Object <init> ()V 12 6 0 java/util/LinkedHashMap newLinkedHashMap (I)Ljava/util/LinkedHashMap; 13 36 0 java/util/HashMap calculateHashMapCapacity (I)I 13 39 0 java/util/LinkedHashMap <init> (I)V 14 2 0 java/util/HashMap <init> (I)V 15 4 0 java/util/HashMap <init> (IF)V 16 1 0 java/util/AbstractMap <init> ()V 16 51 0 java/lang/Float isNaN (F)Z 16 91 0 java/util/HashMap tableSizeFor (I)I 10 20 0 java/util/HashMap <init> ()V 11 1 0 java/util/AbstractMap <init> ()V 12 1 0 java/lang/Object <init> ()V 8 189 0 java/lang/ref/SoftReference <init> (Ljava/lang/Object;)V 9 2 0 java/lang/ref/Reference <init> (Ljava/lang/Object;)V 10 3 0 java/lang/ref/Reference <init> (Ljava/lang/Object;Ljava/lang/ref/ReferenceQueue;)V 11 1 0 java/lang/Object <init> ()V 5 40 0 jdk/internal/loader/BuiltinClassLoader defineOrCheckPackage (Ljava/lang/String;Ljava/util/jar/Manifest;Ljava/net/URL;)Ljava/lang/Package; 6 4 0 jdk/internal/loader/BuiltinClassLoader getAndVerifyPackage (Ljava/lang/String;Ljava/util/jar/Manifest;Ljava/net/URL;)Ljava/lang/Package; 7 2 0 java/lang/ClassLoader getDefinedPackage (Ljava/lang/String;)Ljava/lang/Package; 8 4 0 java/util/Objects requireNonNull (Ljava/lang/Object;Ljava/lang/String;)Ljava/lang/Object; 8 13 0 java/util/concurrent/ConcurrentHashMap get (Ljava/lang/Object;)Ljava/lang/Object; 9 1 0 java/lang/String hashCode ()I 10 17 0 java/lang/String isLatin1 ()Z 10 27 0 java/lang/StringLatin1 hashCode ([B)I 11 5 0 jdk/internal/util/ArraysSupport hashCodeOfUnsigned ([BIII)I 12 39 0 java/lang/Byte toUnsignedInt (B)I 9 4 0 java/util/concurrent/ConcurrentHashMap spread (I)I 9 34 0 java/util/concurrent/ConcurrentHashMap tabAt ([Ljava/util/concurrent/ConcurrentHashMap$Node;I)Ljava/util/concurrent/ConcurrentHashMap$Node; 9 73 0 java/lang/String equals (Ljava/lang/Object;)Z 8 29 0 java/lang/NamedPackage module ()Ljava/lang/Module; 8 32 0 java/lang/ClassLoader definePackage (Ljava/lang/String;Ljava/lang/Module;)Ljava/lang/Package; 9 1 0 java/lang/String isEmpty ()Z 9 47 0 java/util/concurrent/ConcurrentHashMap get (Ljava/lang/Object;)Ljava/lang/Object; 10 1 0 java/lang/String hashCode ()I 11 17 0 java/lang/String isLatin1 ()Z 11 27 0 java/lang/StringLatin1 hashCode ([B)I 12 5 0 jdk/internal/util/ArraysSupport hashCodeOfUnsigned ([BIII)I 13 39 0 java/lang/Byte toUnsignedInt (B)I 10 4 0 java/util/concurrent/ConcurrentHashMap spread (I)I 10 34 0 java/util/concurrent/ConcurrentHashMap tabAt ([Ljava/util/concurrent/ConcurrentHashMap$Node;I)Ljava/util/concurrent/ConcurrentHashMap$Node; 10 73 0 java/lang/String equals (Ljava/lang/Object;)Z 7 14 0 java/lang/Package isSealed ()Z 8 1 0 java/lang/NamedPackage module ()Ljava/lang/Module; 8 4 0 java/lang/Module isNamed ()Z 7 70 0 jdk/internal/loader/BuiltinClassLoader isSealed (Ljava/lang/String;Ljava/util/jar/Manifest;)Z 8 0 0 jdk/internal/access/SharedSecrets javaUtilJarAccess ()Ljdk/internal/access/JavaUtilJarAccess; 8 9 0 java/lang/String replace (CC)Ljava/lang/String; 9 6 0 java/lang/String isLatin1 ()Z 9 18 0 java/lang/StringLatin1 replace ([BCC)Ljava/lang/String; 10 1 0 java/lang/StringLatin1 canEncode (C)Z 10 41 0 java/lang/StringLatin1 canEncode (C)Z 10 49 0 java/lang/StringConcatHelper newArray (J)[B 11 33 0 jdk/internal/misc/Unsafe allocateUninitializedArray (Ljava/lang/Class;I)Ljava/lang/Object; 10 123 0 java/lang/String <init> ([BB)V 11 1 0 java/lang/Object <init> ()V 8 14 0 java/lang/String concat (Ljava/lang/String;)Ljava/lang/String; 9 1 0 java/lang/String isEmpty ()Z 9 11 0 java/lang/StringConcatHelper simpleConcat (Ljava/lang/Object;Ljava/lang/Object;)Ljava/lang/String; 10 1 0 java/lang/StringConcatHelper stringOf (Ljava/lang/Object;)Ljava/lang/String; 11 5 0 java/lang/String toString ()Ljava/lang/String; 10 6 0 java/lang/StringConcatHelper stringOf (Ljava/lang/Object;)Ljava/lang/String; 11 5 0 java/lang/String toString ()Ljava/lang/String; 10 11 0 java/lang/String isEmpty ()Z 10 22 0 java/lang/String <init> (Ljava/lang/String;)V 11 1 0 java/lang/Object <init> ()V 10 27 0 java/lang/String isEmpty ()Z 10 42 0 java/lang/StringConcatHelper initialCoder ()J 10 46 0 java/lang/StringConcatHelper mix (JLjava/lang/String;)J 11 2 0 java/lang/String length ()I 12 6 0 java/lang/String coder ()B 11 9 0 java/lang/String coder ()B 11 23 0 java/lang/StringConcatHelper checkOverflow (J)J 10 54 0 java/lang/StringConcatHelper mix (JLjava/lang/String;)J 11 2 0 java/lang/String length ()I 12 6 0 java/lang/String coder ()B 11 9 0 java/lang/String coder ()B 11 23 0 java/lang/StringConcatHelper checkOverflow (J)J 10 61 0 java/lang/StringConcatHelper newArray (J)[B 11 33 0 jdk/internal/misc/Unsafe allocateUninitializedArray (Ljava/lang/Class;I)Ljava/lang/Object; 8 17 0 java/util/jar/JavaUtilJarAccessImpl getTrustedAttributes (Ljava/util/jar/Manifest;Ljava/lang/String;)Ljava/util/jar/Attributes; 8 45 0 java/util/jar/Manifest getMainAttributes ()Ljava/util/jar/Attributes;
