version 2
JvmtiExport can_access_local_variables 0
JvmtiExport can_hotswap_or_post_breakpoint 1
JvmtiExport can_post_on_exceptions 0
# 273 ciObject found
instanceKlass jdk/internal/jimage/ImageStringsReader
ciInstanceKlass java/lang/Cloneable 1 0 7 100 1 100 1 1 1
# instanceKlass scala/meta/internal/tokenizers/LegacyScanner$$Lambda+0x00000236826d13f0
instanceKlass scala/meta/tokens/Token$BOF
instanceKlass scala/meta/tokens/Token$AtEOLorF
instanceKlass scala/meta/internal/tokenizers/WhitespaceTokenizer$Granular
instanceKlass scala/meta/internal/tokenizers/WhitespaceTokenizer
instanceKlass scala/meta/internal/tokenizers/WhitespaceTokenizer$
instanceKlass  @bci scala/meta/internal/metals/ProjectWarnings noBuildTool ()V 19 <appendix> member <vmtarget> ; # scala/meta/internal/metals/ProjectWarnings$$Lambda+0x00000236826cfa50
instanceKlass javax/lang/model/type/NullType
instanceKlass com/sun/tools/javac/code/Symtab
instanceKlass com/sun/tools/javac/comp/MatchBindingsComputer$MatchBindings
instanceKlass com/sun/source/util/SimpleTreeVisitor
instanceKlass com/sun/tools/javac/comp/Resolve$MethodCheck
instanceKlass javax/lang/model/type/UnionType
instanceKlass javax/lang/model/element/RecordComponentElement
instanceKlass com/sun/tools/javac/comp/Check$NestedCheckContext
instanceKlass javax/lang/model/type/IntersectionType
instanceKlass  @bci scala/meta/internal/metals/ChosenBuildServers $anonfun$selectedServer$3 (Lscala/meta/internal/metals/ChosenBuildServers;)Lscala/Option; 25 <appendix> argL0 ; # scala/meta/internal/metals/ChosenBuildServers$$Lambda+0x00000236826c6820
instanceKlass  @bci scala/meta/internal/metals/ChosenBuildServers $anonfun$selectedServer$3 (Lscala/meta/internal/metals/ChosenBuildServers;)Lscala/Option; 20 <appendix> argL0 ; # scala/meta/internal/metals/ChosenBuildServers$$Lambda+0x00000236826c6458
instanceKlass  @bci scala/meta/internal/metals/ChosenBuildServers selectedServer ()Lscala/Option; 37 <appendix> member <vmtarget> ; # scala/meta/internal/metals/ChosenBuildServers$$Lambda+0x00000236826c5688
instanceKlass  @bci scala/meta/internal/metals/ChosenBuildServers selectedServer ()Lscala/Option; 25 <appendix> argL0 ; # scala/meta/internal/metals/ChosenBuildServers$$Lambda+0x00000236826c52c0
instanceKlass  @bci scala/meta/internal/metals/ChosenBuildServers selectedServer ()Lscala/Option; 20 <appendix> argL0 ; # scala/meta/internal/metals/ChosenBuildServers$$Lambda+0x00000236826c4a28
instanceKlass com/sun/tools/javac/comp/Attr$ResultInfo
instanceKlass com/sun/tools/javac/code/Types$DefaultTypeVisitor
instanceKlass  @bci scala/meta/internal/metals/BuildToolProvider optProjectRoot ()Lscala/Option; 13 <appendix> member <vmtarget> ; # scala/meta/internal/metals/BuildToolProvider$$Lambda+0x00000236826c2ee0
instanceKlass  @bci scala/meta/internal/metals/BuildToolProvider optProjectRoot ()Lscala/Option; 4 <appendix> argL0 ; # scala/meta/internal/metals/BuildToolProvider$$Lambda+0x00000236826c2b18
instanceKlass com/sun/source/tree/TreeVisitor
instanceKlass  @bci scala/meta/internal/metals/BuildToolProvider buildTool ()Lscala/Option; 11 <appendix> member <vmtarget> ; # scala/meta/internal/metals/BuildToolProvider$$Lambda+0x00000236826c2548
instanceKlass  @bci scala/meta/internal/metals/ChosenBuildTool selectedBuildTool ()Lscala/Option; 79 <appendix> member <vmtarget> ; # scala/meta/internal/metals/ChosenBuildTool$$Lambda+0x00000236826c1af0
instanceKlass  @bci scala/meta/internal/metals/ChosenBuildTool selectedBuildTool ()Lscala/Option; 63 <appendix> argL0 ; # scala/meta/internal/metals/ChosenBuildTool$$Lambda+0x00000236826c1728
instanceKlass  @bci scala/meta/internal/metals/ChosenBuildTool selectedBuildTool ()Lscala/Option; 58 <appendix> argL0 ; # scala/meta/internal/metals/ChosenBuildTool$$Lambda+0x00000236826c1360
instanceKlass  @bci scala/meta/internal/builds/BuildTools initialize ()Lscala/collection/immutable/Set; 8 <appendix> argL0 ; # scala/meta/internal/builds/BuildTools$$Lambda+0x00000236826c0f98
instanceKlass com/sun/tools/javac/comp/Annotate$2
instanceKlass com/sun/tools/javac/comp/Check$CheckContext
instanceKlass javax/lang/model/element/AnnotationMirror
instanceKlass com/sun/tools/javac/comp/Annotate
instanceKlass com/sun/tools/javac/util/ByteBuffer
instanceKlass com/sun/tools/javac/code/Attribute
instanceKlass javax/lang/model/element/AnnotationValue
instanceKlass javax/lang/model/type/PrimitiveType
instanceKlass com/sun/tools/javac/comp/Annotate$AnnotationTypeCompleter
instanceKlass com/sun/tools/javac/jvm/ClassReader
instanceKlass  @bci com/sun/tools/javac/code/ClassFinder <init> (Lcom/sun/tools/javac/util/Context;)V 23 <appendix> member <vmtarget> ; # com/sun/tools/javac/code/ClassFinder$$Lambda+0x00000236826ba7e8
instanceKlass com/sun/tools/javac/code/Scope
instanceKlass com/sun/tools/javac/code/ClassFinder
instanceKlass  @bci com/sun/tools/javac/util/StringNameTable fromString (Ljava/lang/String;)Lcom/sun/tools/javac/util/Name; 6 <appendix> member <vmtarget> ; # com/sun/tools/javac/util/StringNameTable$$Lambda+0x00000236826b9918
instanceKlass com/sun/tools/javac/util/Name
instanceKlass javax/lang/model/element/Name
instanceKlass com/sun/tools/javac/util/Name$Table
instanceKlass com/sun/tools/javac/util/Names
instanceKlass com/sun/tools/javac/code/Symbol$Completer$1
instanceKlass  @bci com/sun/tools/javac/main/JavaCompiler <init> (Lcom/sun/tools/javac/util/Context;)V 6 <appendix> member <vmtarget> ; # com/sun/tools/javac/main/JavaCompiler$$Lambda+0x00000236826b7d60
instanceKlass  @bci scala/meta/internal/metals/FormattingProvider scala$meta$internal$metals$FormattingProvider$$scalafmtConf (Lscala/meta/io/AbsolutePath;)Lscala/Option; 88 <appendix> member <vmtarget> ; # scala/meta/internal/metals/FormattingProvider$$Lambda+0x00000236826b7660
instanceKlass javax/lang/model/element/ModuleElement
instanceKlass  @bci scala/meta/internal/metals/FormattingProvider scala$meta$internal$metals$FormattingProvider$$scalafmtConf (Lscala/meta/io/AbsolutePath;)Lscala/Option; 77 <appendix> argL0 ; # scala/meta/internal/metals/FormattingProvider$$Lambda+0x00000236826b52e8
instanceKlass javax/lang/model/element/PackageElement
instanceKlass  @bci scala/meta/internal/metals/MetalsLspService $anonfun$initialized$1 (Lscala/meta/internal/metals/MetalsLspService;Lscala/runtime/BoxedUnit;)Lscala/concurrent/Future; 78 <appendix> argL0 ; # scala/meta/internal/metals/MetalsLspService$$Lambda+0x00000236826b4f20
instanceKlass com/sun/tools/javac/main/JavaCompiler
instanceKlass  @bci scala/meta/internal/metals/MetalsLspService $anonfun$initialized$1 (Lscala/meta/internal/metals/MetalsLspService;Lscala/runtime/BoxedUnit;)Lscala/concurrent/Future; 41 <appendix> member <vmtarget> ; # scala/meta/internal/metals/MetalsLspService$$Lambda+0x00000236826b48c0
instanceKlass com/sun/tools/javac/code/Lint$AugmentVisitor
instanceKlass com/sun/tools/javac/code/Attribute$Visitor
instanceKlass  @bci scala/meta/internal/metals/MetalsLspService $anonfun$initialized$1 (Lscala/meta/internal/metals/MetalsLspService;Lscala/runtime/BoxedUnit;)Lscala/concurrent/Future; 21 <appendix> member <vmtarget> ; # scala/meta/internal/metals/MetalsLspService$$Lambda+0x00000236826b4150
instanceKlass  @bci scala/concurrent/impl/Promise$DefaultPromise zipWith (Lscala/concurrent/Future;Lscala/Function2;Lscala/concurrent/ExecutionContext;)Lscala/concurrent/Future; 101 <appendix> member <vmtarget> ; # scala/concurrent/impl/Promise$DefaultPromise$$Lambda+0x00000236826b3748
instanceKlass  @bci scala/concurrent/impl/Promise$DefaultPromise zipWith (Lscala/concurrent/Future;Lscala/Function2;Lscala/concurrent/ExecutionContext;)Lscala/concurrent/Future; 89 <appendix> member <vmtarget> ; # scala/concurrent/impl/Promise$DefaultPromise$$Lambda+0x00000236826b3180
instanceKlass  @bci scala/meta/internal/metals/ConnectionProvider withWillGenerateBspConfig (Lscala/Function0;)Lscala/concurrent/Future; 29 <appendix> member <vmtarget> ; # scala/meta/internal/metals/ConnectionProvider$$Lambda+0x00000236826b2b68
instanceKlass  @bci scala/meta/internal/metals/ProjectMetalsLspService $anonfun$onInitialized$1 (Lscala/meta/internal/metals/ProjectMetalsLspService;)Lscala/concurrent/Future; 5 <appendix> member <vmtarget> ; # scala/meta/internal/metals/ProjectMetalsLspService$$Lambda+0x00000236826b2798
instanceKlass  @bci scala/meta/internal/metals/ProjectMetalsLspService maybeSetupScalaCli ()Lscala/concurrent/Future; 58 <appendix> argL0 ; # scala/meta/internal/metals/ProjectMetalsLspService$$Lambda+0x00000236826b23d0
instanceKlass com/sun/tools/javac/resources/CompilerProperties$Fragments
instanceKlass javax/lang/model/element/TypeElement
instanceKlass javax/lang/model/element/QualifiedNameable
instanceKlass com/sun/source/tree/ErroneousTree
instanceKlass com/sun/source/tree/InstanceOfTree
instanceKlass com/sun/source/tree/MemberSelectTree
instanceKlass com/sun/source/tree/ModifiersTree
instanceKlass com/sun/source/tree/PrimitiveTypeTree
instanceKlass com/sun/source/tree/ArrayAccessTree
instanceKlass com/sun/source/tree/TypeParameterTree
instanceKlass com/sun/source/tree/ParameterizedTypeTree
instanceKlass com/sun/source/tree/ArrayTypeTree
instanceKlass com/sun/source/tree/MemberReferenceTree
instanceKlass com/sun/source/tree/TypeCastTree
instanceKlass com/sun/source/tree/AnnotatedTypeTree
instanceKlass com/sun/source/tree/UnionTypeTree
instanceKlass com/sun/source/tree/LiteralTree
instanceKlass com/sun/source/tree/DeconstructionPatternTree
instanceKlass com/sun/source/tree/AnyPatternTree
instanceKlass com/sun/source/tree/ExportsTree
instanceKlass com/sun/source/tree/EnhancedForLoopTree
instanceKlass com/sun/source/tree/WhileLoopTree
instanceKlass com/sun/source/tree/ClassTree
instanceKlass com/sun/source/tree/CompilationUnitTree
instanceKlass com/sun/source/tree/AssertTree
instanceKlass com/sun/source/tree/ContinueTree
instanceKlass com/sun/source/tree/SynchronizedTree
instanceKlass com/sun/source/tree/DoWhileLoopTree
instanceKlass com/sun/source/tree/VariableTree
instanceKlass com/sun/source/tree/ProvidesTree
instanceKlass com/sun/source/tree/MethodTree
instanceKlass com/sun/source/tree/ModuleTree
instanceKlass com/sun/source/tree/PackageTree
instanceKlass com/sun/source/tree/NewArrayTree
instanceKlass com/sun/source/tree/ReturnTree
instanceKlass com/sun/source/tree/ConditionalExpressionTree
instanceKlass com/sun/source/tree/ImportTree
instanceKlass com/sun/source/tree/CompoundAssignmentTree
instanceKlass com/sun/source/tree/AssignmentTree
instanceKlass com/sun/source/tree/ParenthesizedTree
instanceKlass com/sun/source/tree/LambdaExpressionTree
instanceKlass com/sun/source/tree/ForLoopTree
instanceKlass com/sun/source/tree/RequiresTree
instanceKlass com/sun/source/tree/NewClassTree
instanceKlass com/sun/source/tree/SwitchTree
instanceKlass com/sun/source/tree/LabeledStatementTree
instanceKlass com/sun/source/tree/SwitchExpressionTree
instanceKlass com/sun/source/tree/DefaultCaseLabelTree
instanceKlass com/sun/source/tree/BindingPatternTree
instanceKlass com/sun/source/tree/PatternTree
instanceKlass com/sun/source/tree/ConstantCaseLabelTree
instanceKlass com/sun/source/tree/IntersectionTypeTree
instanceKlass com/sun/source/tree/PatternCaseLabelTree
instanceKlass com/sun/source/tree/CaseLabelTree
instanceKlass com/sun/source/tree/IdentifierTree
instanceKlass  @bci scala/meta/internal/metals/MetalsEnrichments$XtensionAbsolutePathBuffers isScalaDir$default$2$1 ()Lscala/Function1; 0 <appendix> argL0 ; # scala/meta/internal/metals/MetalsEnrichments$XtensionAbsolutePathBuffers$$Lambda+0x000002368269f780
instanceKlass com/sun/source/tree/ThrowTree
instanceKlass com/sun/source/tree/UnaryTree
instanceKlass com/sun/source/tree/CatchTree
instanceKlass com/sun/source/tree/TryTree
instanceKlass com/sun/source/tree/UsesTree
instanceKlass com/sun/source/tree/BreakTree
instanceKlass com/sun/source/tree/OpensTree
instanceKlass com/sun/source/tree/DirectiveTree
instanceKlass com/sun/source/tree/MethodInvocationTree
instanceKlass com/sun/source/tree/CaseTree
instanceKlass com/sun/source/tree/IfTree
instanceKlass com/sun/source/tree/EmptyStatementTree
instanceKlass  @bci scala/meta/internal/metals/MetalsEnrichments$XtensionAbsolutePathBuffers dirFilter$1 (Lscala/meta/io/AbsolutePath;Lscala/collection/immutable/Set;)Z 30 <appendix> member <vmtarget> ; # scala/meta/internal/metals/MetalsEnrichments$XtensionAbsolutePathBuffers$$Lambda+0x000002368269b328
instanceKlass com/sun/source/tree/YieldTree
instanceKlass  @bci scala/meta/internal/metals/MetalsEnrichments$XtensionAbsolutePathBuffers isScalaDir$1 (Lscala/meta/io/AbsolutePath;Lscala/Function1;Lscala/Function1;)Z 12 <appendix> member <vmtarget> ; # scala/meta/internal/metals/MetalsEnrichments$XtensionAbsolutePathBuffers$$Lambda+0x000002368269a730
instanceKlass com/sun/source/tree/BlockTree
instanceKlass  @bci scala/meta/internal/metals/MetalsEnrichments$XtensionAbsolutePathBuffers containsProjectFilesSatisfying (Lscala/Function1;)Z 56 <appendix> member <vmtarget> ; # scala/meta/internal/metals/MetalsEnrichments$XtensionAbsolutePathBuffers$$Lambda+0x0000023682699b78
instanceKlass com/sun/source/tree/ExpressionStatementTree
instanceKlass com/sun/source/tree/StatementTree
instanceKlass  @bci scala/meta/internal/metals/MetalsEnrichments$XtensionAbsolutePathBuffers isScalaProject ()Z 1 <appendix> argL0 ; # scala/meta/internal/metals/MetalsEnrichments$XtensionAbsolutePathBuffers$$Lambda+0x00000236826993b0
instanceKlass  @bci scala/meta/internal/builds/BuildTools customBsps ()Lscala/collection/immutable/List; 69 <appendix> member <vmtarget> ; # scala/meta/internal/builds/BuildTools$$Lambda+0x00000236826989a0
instanceKlass  @bci scala/meta/internal/builds/BuildTools customBsps ()Lscala/collection/immutable/List; 59 <appendix> argL0 ; # scala/meta/internal/builds/BuildTools$$Lambda+0x00000236826985d8
instanceKlass com/sun/source/tree/BinaryTree
instanceKlass  @bci scala/meta/internal/builds/BuildTools customBsps ()Lscala/collection/immutable/List; 46 <appendix> member <vmtarget> ; # scala/meta/internal/builds/BuildTools$$Lambda+0x0000023682698000
instanceKlass com/sun/source/tree/WildcardTree
instanceKlass  @bci scala/meta/internal/builds/BuildTools customBsps ()Lscala/collection/immutable/List; 22 <appendix> argL0 ; # scala/meta/internal/builds/BuildTools$$Lambda+0x00000236826977c8
instanceKlass  @bci scala/meta/internal/builds/BuildTools loadSupported ()Lscala/collection/immutable/List; 86 <appendix> member <vmtarget> ; # scala/meta/internal/builds/BuildTools$$Lambda+0x00000236826970c8
instanceKlass com/sun/source/tree/AnnotationTree
instanceKlass  @bci java/util/regex/Pattern ALL ()Ljava/util/regex/Pattern$CharPredicate; 0 <appendix> argL0 ; # java/util/regex/Pattern$$Lambda+0x00000236825eb308
instanceKlass  @bci scala/meta/internal/builds/BazelBuildTool$ workspaceSupportsBsp (Lscala/meta/io/AbsolutePath;)Z 49 <appendix> member <vmtarget> ; # scala/meta/internal/builds/BazelBuildTool$$$Lambda+0x0000023682696618
instanceKlass javax/annotation/processing/Messager
instanceKlass scala/meta/internal/builds/BazelBuildTool$
instanceKlass javax/annotation/processing/RoundEnvironment
instanceKlass javax/annotation/processing/Filer
instanceKlass com/sun/tools/javac/tree/JCTree$Visitor
instanceKlass com/sun/tools/javac/processing/JavacProcessingEnvironment
instanceKlass scala/meta/internal/tokenizers/CharArrayReader$NextChar
instanceKlass javax/annotation/processing/ProcessingEnvironment
instanceKlass com/sun/tools/javac/platform/PlatformDescription
instanceKlass scala/meta/internal/tokenizers/CharArrayReader$
instanceKlass  @bci scala/meta/internal/builds/BuildTools bazelProject ()Lscala/Option; 1 <appendix> argL0 ; # scala/meta/internal/builds/BuildTools$$Lambda+0x00000236826944a8
instanceKlass  @bci com/sun/tools/javac/main/Arguments validate ()Z 1375 <appendix> member <vmtarget> ; # com/sun/tools/javac/main/Arguments$$Lambda+0x0000023682694280
instanceKlass  @bci scala/meta/internal/builds/BuildTools loadSupported ()Lscala/collection/immutable/List; 72 <appendix> member <vmtarget> ; # scala/meta/internal/builds/BuildTools$$Lambda+0x0000023682693eb0
instanceKlass java/util/stream/ForEachOps$ForEachOp
instanceKlass java/util/stream/ForEachOps
instanceKlass  @bci com/sun/tools/javac/main/Arguments checkOptionAllowed (ZLcom/sun/tools/javac/main/Arguments$ErrorReporter;[Lcom/sun/tools/javac/main/Option;)V 33 <appendix> member <vmtarget> ; # com/sun/tools/javac/main/Arguments$$Lambda+0x0000023682693c78
instanceKlass  @bci com/sun/tools/javac/main/Arguments checkOptionAllowed (ZLcom/sun/tools/javac/main/Arguments$ErrorReporter;[Lcom/sun/tools/javac/main/Option;)V 17 <appendix> member <vmtarget> ; # com/sun/tools/javac/main/Arguments$$Lambda+0x0000023682693a20
instanceKlass  @bci scala/meta/internal/bsp/ScalaCliBspScope$ $anonfun$scalaCliBspRoot$1 (Lscala/meta/io/AbsolutePath;Lscala/meta/io/AbsolutePath;)Lscala/collection/immutable/List; 22 <appendix> member <vmtarget> ; # scala/meta/internal/bsp/ScalaCliBspScope$$$Lambda+0x0000023682693428
instanceKlass  @bci com/sun/tools/javac/main/Arguments validate ()Z 1285 <appendix> member <vmtarget> ; # com/sun/tools/javac/main/Arguments$$Lambda+0x00000236826937f8
instanceKlass  @bci org/h2/mvstore/MVStore tryCommit ()J 1 <appendix> argL0 ; # org/h2/mvstore/MVStore$$Lambda+0x00000236826931d8
instanceKlass scala/meta/internal/tokenizers/CharArrayReader
instanceKlass  @bci scala/meta/internal/bsp/ScalaCliBspScope$ $anonfun$scalaCliBspRoot$1 (Lscala/meta/io/AbsolutePath;Lscala/meta/io/AbsolutePath;)Lscala/collection/immutable/List; 13 <appendix> argL0 ; # scala/meta/internal/bsp/ScalaCliBspScope$$$Lambda+0x0000023682692898
instanceKlass com/sun/tools/javac/util/Pair
instanceKlass  @bci scala/meta/internal/bsp/ScalaCliBspScope$ scalaCliBspRoot (Lscala/meta/io/AbsolutePath;)Lscala/collection/immutable/List; 8 <appendix> member <vmtarget> ; # scala/meta/internal/bsp/ScalaCliBspScope$$$Lambda+0x00000236826922b8
instanceKlass  @bci com/sun/tools/javac/code/DeferredCompletionFailureHandler$1 uninstall ()V 9 <appendix> argL0 ; # com/sun/tools/javac/code/DeferredCompletionFailureHandler$1$$Lambda+0x0000023682692088
instanceKlass  @bci com/sun/tools/javac/api/JavacTaskImpl parse ()Ljava/lang/Iterable; 2 <appendix> member <vmtarget> ; # com/sun/tools/javac/api/JavacTaskImpl$$Lambda+0x0000023682691e60
instanceKlass  @bci scala/meta/internal/builds/ScalaCliBuildTool$ pathsToScalaCliBsp (Lscala/meta/io/AbsolutePath;)Lscala/collection/immutable/List; 12 <appendix> member <vmtarget> ; # scala/meta/internal/builds/ScalaCliBuildTool$$$Lambda+0x0000023682691a90
instanceKlass  @bci com/sun/tools/javac/code/DeferredCompletionFailureHandler$1 install ()V 9 <appendix> argL0 ; # com/sun/tools/javac/code/DeferredCompletionFailureHandler$1$$Lambda+0x0000023682691860
instanceKlass scala/meta/internal/tokenizers/LegacyTokenData
instanceKlass com/sun/tools/javac/code/DeferredCompletionFailureHandler$FlipSymbolDescription
instanceKlass com/sun/tools/javac/code/DeferredCompletionFailureHandler$3
instanceKlass scala/meta/shaded/internal/fastparse/ParserInputSource
instanceKlass com/sun/tools/javac/code/DeferredCompletionFailureHandler$2
instanceKlass scala/meta/internal/metals/scalacli/ScalaCli$
instanceKlass scala/meta/internal/tokenizers/LegacyScanner
instanceKlass scala/meta/internal/parsers/SoftKeywords
instanceKlass com/sun/tools/javac/code/Symbol$Completer
instanceKlass com/sun/tools/javac/code/DeferredCompletionFailureHandler$1
instanceKlass com/sun/tools/javac/code/DeferredCompletionFailureHandler$Handler
instanceKlass com/sun/tools/javac/code/DeferredCompletionFailureHandler
instanceKlass scala/meta/internal/builds/ScalaCliBuildTool$
instanceKlass com/sun/tools/javac/parser/Parser
instanceKlass scala/meta/internal/metals/SemanticTokensProvider$
instanceKlass com/sun/tools/javac/api/JavacTaskImpl$Filter
instanceKlass javax/lang/model/util/Elements
instanceKlass javax/lang/model/util/Types
instanceKlass scala/meta/internal/bsp/ScalaCliBspScope$
instanceKlass com/sun/tools/javac/file/BaseFileManager$3
instanceKlass  @bci com/sun/tools/javac/main/Arguments handleReleaseOptions (Ljava/util/function/Predicate;)Z 22 <appendix> member <vmtarget> ; # com/sun/tools/javac/main/Arguments$$Lambda+0x000002368268b488
instanceKlass  @bci scala/meta/internal/metals/MetalsLspService $anonfun$semanticTokensFull$2 (Lscala/meta/internal/metals/MetalsLspService;Lorg/eclipse/lsp4j/SemanticTokensParams;Lscala/meta/pc/CancelToken;Lscala/runtime/BoxedUnit;)Lscala/concurrent/Future; 26 <appendix> argL0 ; # scala/meta/internal/metals/MetalsLspService$$Lambda+0x000002368268b0c0
instanceKlass com/sun/tools/javac/main/Arguments$ErrorReporter
instanceKlass  @bci com/sun/tools/javac/main/Arguments processArgs (Ljava/lang/Iterable;Ljava/util/Set;Lcom/sun/tools/javac/main/OptionHelper;ZZ)Z 24 <adapter> ; # java/lang/invoke/LambdaForm$MH+0x000002368268d000
# instanceKlass java/lang/invoke/LambdaForm$DMH+0x000002368268cc00
instanceKlass  @bci scala/meta/internal/metals/MetalsLspService $anonfun$semanticTokensFull$2 (Lscala/meta/internal/metals/MetalsLspService;Lorg/eclipse/lsp4j/SemanticTokensParams;Lscala/meta/pc/CancelToken;Lscala/runtime/BoxedUnit;)Lscala/concurrent/Future; 12 <appendix> argL0 ; # scala/meta/internal/metals/MetalsLspService$$Lambda+0x000002368268aaf8
instanceKlass  @bci com/sun/tools/javac/main/Arguments processArgs (Ljava/lang/Iterable;Ljava/util/Set;Lcom/sun/tools/javac/main/OptionHelper;ZZ)Z 24 <appendix> form vmentry <vmtarget> ; # java/lang/invoke/LambdaForm$DMH+0x000002368268c800
instanceKlass  @bci scala/meta/internal/builds/BuildTools scalaCliProject ()Lscala/Option; 10 <appendix> member <vmtarget> ; # scala/meta/internal/builds/BuildTools$$Lambda+0x000002368268a838
instanceKlass  @bci com/sun/tools/javac/main/Arguments processArgs (Ljava/lang/Iterable;Ljava/util/Set;Lcom/sun/tools/javac/main/OptionHelper;ZZ)Z 24 <appendix> member <vmtarget> ; # com/sun/tools/javac/main/Arguments$$Lambda+0x000002368268a5e0
instanceKlass  @bci scala/meta/internal/metals/Compilers semanticTokens (Lorg/eclipse/lsp4j/SemanticTokensParams;Lscala/meta/pc/CancelToken;)Lscala/concurrent/Future; 94 <appendix> member <vmtarget> ; # scala/meta/internal/metals/Compilers$$Lambda+0x000002368268a320
instanceKlass  @cpi com/sun/tools/javac/main/Arguments 1145 form vmentry <vmtarget> ; # java/lang/invoke/LambdaForm$DMH+0x000002368268c400
instanceKlass scala/meta/internal/tokenizers/ScalametaTokenizer
instanceKlass  @bci scala/meta/internal/metals/Compilers $anonfun$semanticTokens$2 (Lscala/meta/internal/metals/Compilers;Lorg/eclipse/lsp4j/SemanticTokensParams;Lscala/meta/io/AbsolutePath;Lscala/meta/pc/CancelToken;Lscala/meta/pc/PresentationCompiler;)Lscala/concurrent/Future; 165 <appendix> member <vmtarget> ; # scala/meta/internal/metals/Compilers$$Lambda+0x0000023682689ad0
instanceKlass  @bci scala/meta/internal/builds/BuildTools scalaCliProject ()Lscala/Option; 1 <appendix> argL0 ; # scala/meta/internal/builds/BuildTools$$Lambda+0x0000023682689708
instanceKlass com/sun/tools/javac/util/ListBuffer$1
instanceKlass  @cpi scala/meta/internal/metals/Compilers 3025 form vmentry <vmtarget> ; # java/lang/invoke/LambdaForm$DMH+0x000002368268c000
instanceKlass  @bci scala/meta/internal/builds/BuildTools loadSupported ()Lscala/collection/immutable/List; 58 <appendix> member <vmtarget> ; # scala/meta/internal/builds/BuildTools$$Lambda+0x00000236826890d8
instanceKlass scala/meta/internal/mtags/CommonMtagsEnrichments$XtensionOptionScala
instanceKlass  @bci scala/meta/internal/metals/OutlineFilesProvider getOutlineFiles (Lscala/Option;)Ljava/util/Optional; 2 <appendix> member <vmtarget> ; # scala/meta/internal/metals/OutlineFilesProvider$$Lambda+0x0000023682688208
instanceKlass scala/meta/tokenizers/TokenizerOptions
instanceKlass  @bci scala/meta/internal/metals/OutlineFilesProvider buildTargetId (Ljava/lang/String;)Lscala/Option; 15 <appendix> argL0 ; # scala/meta/internal/metals/OutlineFilesProvider$$Lambda+0x0000023682687a98
instanceKlass scala/meta/tokenizers/TokenizerOptions$
instanceKlass  @bci scala/meta/internal/builds/BuildTools millProject ()Lscala/Option; 1 <appendix> argL0 ; # scala/meta/internal/builds/BuildTools$$Lambda+0x00000236826874c8
instanceKlass  @bci scala/meta/internal/metals/OutlineFilesProvider buildTargetId (Ljava/lang/String;)Lscala/Option; 7 <appendix> argL0 ; # scala/meta/internal/metals/OutlineFilesProvider$$Lambda+0x0000023682687100
# instanceKlass scala/meta/internal/tokenizers/ScalametaTokenizer$$anon$1$$Lambda+0x0000023682686e40
instanceKlass scala/reflect/NameTransformer$OpCodes
instanceKlass  @bci scala/meta/internal/builds/BuildTools loadSupported ()Lscala/collection/immutable/List; 44 <appendix> member <vmtarget> ; # scala/meta/internal/builds/BuildTools$$Lambda+0x0000023682686400
instanceKlass  @bci scala/meta/internal/tokenizers/ScalametaTokenizer$$anon$1 apply (Lscala/meta/inputs/Input;Lscala/meta/Dialect;)Lscala/meta/tokenizers/Tokenized; 12 <appendix> member <vmtarget> ; # scala/meta/internal/tokenizers/ScalametaTokenizer$$anon$1$$Lambda+0x0000023682686140
instanceKlass scala/meta/tokens/Tokens
instanceKlass scala/reflect/NameTransformer$
instanceKlass scala/meta/internal/metals/CompilerVirtualFileParams
instanceKlass com/sun/tools/javac/main/Arguments
instanceKlass org/scalameta/internal/ScalaCompat$IndexedSeqOptimized
instanceKlass  @bci scala/meta/internal/builds/BuildTools mavenProject ()Lscala/Option; 1 <appendix> argL0 ; # scala/meta/internal/builds/BuildTools$$Lambda+0x0000023682683f48
instanceKlass scala/meta/internal/metals/DefaultAdjustedData$
instanceKlass  @bci scala/meta/internal/builds/BuildTools loadSupported ()Lscala/collection/immutable/List; 30 <appendix> member <vmtarget> ; # scala/meta/internal/builds/BuildTools$$Lambda+0x00000236826838f8
instanceKlass scala/meta/internal/metals/AdjustLspData
instanceKlass  @bci com/sun/tools/javac/util/Log <init> (Lcom/sun/tools/javac/util/Context;Ljava/util/Map;)V 124 <appendix> member <vmtarget> ; # com/sun/tools/javac/util/Log$$Lambda+0x00000236826834d0
instanceKlass scala/meta/internal/metals/AdjustedLspData$
instanceKlass  @bci scala/meta/internal/builds/BuildTools $anonfun$gradleProject$1 (Lscala/collection/immutable/List;Lscala/meta/io/AbsolutePath;)Z 2 <appendix> member <vmtarget> ; # scala/meta/internal/builds/BuildTools$$Lambda+0x0000023682682ef8
instanceKlass  @bci scala/meta/internal/metals/ExcludedPackagesHandler isExcludedPackage (Ljava/lang/String;)Z 5 <appendix> member <vmtarget> ; # scala/meta/internal/metals/ExcludedPackagesHandler$$Lambda+0x0000023682682b28
instanceKlass scala/meta/internal/tokenizers/Compat$
instanceKlass  @bci com/sun/tools/javac/util/JCDiagnostic$Factory <init> (Lcom/sun/tools/javac/util/Context;)V 31 <appendix> member <vmtarget> ; # com/sun/tools/javac/util/JCDiagnostic$Factory$$Lambda+0x00000236826826f8
instanceKlass com/sun/tools/javac/util/JCDiagnostic
instanceKlass  @bci scala/meta/internal/builds/BuildTools gradleProject ()Lscala/Option; 46 <appendix> member <vmtarget> ; # scala/meta/internal/builds/BuildTools$$Lambda+0x0000023682681fe0
instanceKlass jdk/internal/jrtfs/JrtPath$1
instanceKlass  @bci scala/meta/internal/metals/SourceMapper $anonfun$pcMapping$2 (Lscala/meta/internal/metals/SourceMapper;Lscala/meta/io/AbsolutePath;)Lscala/Tuple3; 9 <appendix> argL0 ; # scala/meta/internal/metals/SourceMapper$$Lambda+0x0000023682681c18
instanceKlass java/nio/file/Files$3
instanceKlass  @bci scala/meta/internal/builds/BuildTools loadSupported ()Lscala/collection/immutable/List; 16 <appendix> member <vmtarget> ; # scala/meta/internal/builds/BuildTools$$Lambda+0x0000023682681848
instanceKlass scala/meta/tokenizers/Tokenized$Success$
instanceKlass java/nio/file/FileTreeWalker$Event
instanceKlass java/nio/file/FileTreeWalker$DirectoryNode
instanceKlass  @bci scala/meta/internal/metals/SourceMapper default$1 (Lscala/meta/io/AbsolutePath;)Lscala/Tuple3; 22 <appendix> member <vmtarget> ; # scala/meta/internal/metals/SourceMapper$$Lambda+0x0000023682681178
instanceKlass java/nio/file/FileTreeWalker
instanceKlass javax/lang/model/element/ExecutableElement
instanceKlass javax/lang/model/element/Parameterizable
instanceKlass  @bci scala/meta/internal/metals/SourceMapper default$1 (Lscala/meta/io/AbsolutePath;)Lscala/Tuple3; 10 <appendix> member <vmtarget> ; # scala/meta/internal/metals/SourceMapper$$Lambda+0x0000023682680000
instanceKlass  @bci scala/meta/internal/metals/BuildTargets mappedTo (Lscala/meta/io/AbsolutePath;)Lscala/Option; 5 <appendix> member <vmtarget> ; # scala/meta/internal/metals/BuildTargets$$Lambda+0x000002368267f1a8
instanceKlass javax/lang/model/type/ArrayType
instanceKlass java/nio/file/SimpleFileVisitor
instanceKlass javax/lang/model/element/VariableElement
instanceKlass  @bci scala/meta/internal/builds/BuildTools sbtProject ()Lscala/Option; 1 <appendix> argL0 ; # scala/meta/internal/builds/BuildTools$$Lambda+0x000002368267e548
instanceKlass scala/meta/internal/parsers/SepRegionIndented
instanceKlass scala/meta/internal/parsers/CanProduceLF
instanceKlass  @bci scala/meta/internal/metals/SourceMapper pcMapping (Lscala/meta/io/AbsolutePath;Ljava/lang/String;)Lscala/Tuple3; 132 <appendix> member <vmtarget> ; # scala/meta/internal/metals/SourceMapper$$Lambda+0x000002368267d3d0
instanceKlass scala/meta/internal/parsers/SepRegion
instanceKlass javax/lang/model/type/TypeVariable
instanceKlass javax/lang/model/type/ExecutableType
instanceKlass scala/meta/internal/parsers/ScannerTokens$LeadingInfix
instanceKlass javax/lang/model/type/ErrorType
instanceKlass scala/meta/internal/parsers/ScannerTokens
instanceKlass com/sun/tools/javac/jvm/PoolConstant$LoadableConstant
instanceKlass  @bci scala/meta/internal/builds/BuildTools isBsp ()Z 41 <appendix> member <vmtarget> ; # scala/meta/internal/builds/BuildTools$$Lambda+0x000002368267b780
instanceKlass javax/lang/model/type/DeclaredType
instanceKlass javax/lang/model/type/ReferenceType
instanceKlass  @bci scala/meta/internal/metals/Compilers semanticTokens (Lorg/eclipse/lsp4j/SemanticTokensParams;Lscala/meta/pc/CancelToken;)Lscala/concurrent/Future; 84 <appendix> member <vmtarget> ; # scala/meta/internal/metals/Compilers$$Lambda+0x000002368267b3b0
instanceKlass  @bci scala/meta/internal/builds/BuildTools isBsp ()Z 25 <appendix> member <vmtarget> ; # scala/meta/internal/builds/BuildTools$$Lambda+0x000002368267aaa8
instanceKlass javax/lang/model/type/WildcardType
instanceKlass javax/lang/model/type/NoType
instanceKlass com/google/common/cache/LocalCache$StrongValueReference
instanceKlass jdk/internal/jrtfs/JrtFileAttributes
instanceKlass  @bci scala/meta/internal/mtags/ScalametaCommonEnrichments$XtensionStream $anonfun$asScala$1 (Lscala/meta/internal/mtags/ScalametaCommonEnrichments$XtensionStream;)Lscala/Tuple2; 26 <appendix> member <vmtarget> ; # scala/meta/internal/mtags/ScalametaCommonEnrichments$XtensionStream$$Lambda+0x00000236826795e8
instanceKlass com/google/common/util/concurrent/Uninterruptibles
instanceKlass javax/lang/model/type/TypeMirror
instanceKlass  @bci scala/meta/internal/metals/PackageIndex $anonfun$expandJrtClasspath$1 (Lscala/meta/internal/metals/PackageIndex;Lscala/Function1;Ljava/nio/file/Path;)V 23 <appendix> member <vmtarget> ; # scala/meta/internal/metals/PackageIndex$$Lambda+0x0000023682678d28
instanceKlass  @bci geny/Generator$Filtered generate (Lscala/Function1;)Lgeny/Generator$Action; 6 <appendix> member <vmtarget> ; # geny/Generator$Filtered$$Lambda+0x0000023682678958
instanceKlass  @bci geny/Generator$Mapped generate (Lscala/Function1;)Lgeny/Generator$Action; 6 <appendix> member <vmtarget> ; # geny/Generator$Mapped$$Lambda+0x0000023682678588
instanceKlass com/google/common/util/concurrent/ImmediateFuture
instanceKlass  @bci java/util/stream/StreamSpliterators$WrappingSpliterator initPartialTraversalState ()V 37 <appendix> member <vmtarget> ; # java/util/stream/StreamSpliterators$WrappingSpliterator$$Lambda+0x00000236825e9850
instanceKlass java/util/function/BooleanSupplier
instanceKlass  @bci geny/Generator$Sliced generate (Lscala/Function1;)Lgeny/Generator$Action; 12 <appendix> member <vmtarget> ; # geny/Generator$Sliced$$Lambda+0x00000236826776e0
instanceKlass com/sun/tools/javac/code/AnnoConstruct
instanceKlass  @bci java/util/stream/StreamSpliterators$WrappingSpliterator initPartialTraversalState ()V 24 <appendix> member <vmtarget> ; # java/util/stream/StreamSpliterators$WrappingSpliterator$$Lambda+0x00000236825e93a0
instanceKlass scala/runtime/IntRef
instanceKlass java/util/stream/StreamSpliterators
instanceKlass com/sun/tools/javac/jvm/PoolConstant
instanceKlass  @bci geny/Generator foreach (Lscala/Function1;)V 2 <appendix> member <vmtarget> ; # geny/Generator$$Lambda+0x00000236826760f8
instanceKlass  @bci scala/meta/internal/metals/PackageIndex expandJrtClasspath (Lscala/Function1;)V 45 <appendix> member <vmtarget> ; # scala/meta/internal/metals/PackageIndex$$Lambda+0x0000023682675d28
instanceKlass  @bci geny/Generator toBuffer ()Lscala/collection/mutable/Buffer; 12 <appendix> member <vmtarget> ; # geny/Generator$$Lambda+0x0000023682675958
instanceKlass jdk/internal/jrtfs/JrtDirectoryStream$1
instanceKlass scala/meta/tokenizers/Tokenized
instanceKlass geny/Generator$Sliced
instanceKlass java/util/stream/StreamSpliterators$AbstractWrappingSpliterator
instanceKlass com/google/common/util/concurrent/GwtFuturesCatchingSpecialization
instanceKlass scala/meta/internal/tokenizers/ScalametaTokenizer$$anon$1
instanceKlass  @bci java/util/stream/AbstractPipeline spliterator ()Ljava/util/Spliterator; 103 <appendix> member <vmtarget> ; # java/util/stream/AbstractPipeline$$Lambda+0x00000236825e87d8
instanceKlass geny/Generator$Filtered
instanceKlass scala/meta/tokenizers/Tokenize
instanceKlass  @bci jdk/internal/jrtfs/JrtFileSystem iteratorOf (Ljdk/internal/jrtfs/JrtPath;Ljava/nio/file/DirectoryStream$Filter;)Ljava/util/Iterator; 82 <appendix> member <vmtarget> ; # jdk/internal/jrtfs/JrtFileSystem$$Lambda+0x00000236825e8580
instanceKlass scala/meta/internal/tokenizers/ScalametaTokenizer$
instanceKlass  @bci jdk/internal/jrtfs/JrtFileSystem iteratorOf (Ljdk/internal/jrtfs/JrtPath;Ljava/nio/file/DirectoryStream$Filter;)Ljava/util/Iterator; 71 <appendix> member <vmtarget> ; # jdk/internal/jrtfs/JrtFileSystem$$Lambda+0x00000236825e8338
instanceKlass com/sun/tools/javac/util/AbstractDiagnosticFormatter$SimpleConfiguration
instanceKlass scala/meta/tokenizers/Tokenize$
instanceKlass com/sun/source/tree/ExpressionTree
instanceKlass  @bci geny/Generator collectFirst (Lscala/PartialFunction;)Lscala/Option; 2 <appendix> member <vmtarget> ; # geny/Generator$$Lambda+0x0000023682671ac8
instanceKlass com/sun/tools/javac/tree/JCTree
instanceKlass scala/meta/internal/parsers/ScannerTokens$
instanceKlass com/sun/tools/javac/api/DiagnosticFormatter$Configuration
instanceKlass geny/Generator$Mapped
instanceKlass com/sun/tools/javac/code/Printer
instanceKlass com/sun/tools/javac/code/Symbol$Visitor
instanceKlass com/sun/tools/javac/code/Type$Visitor
instanceKlass com/sun/tools/javac/util/AbstractDiagnosticFormatter
instanceKlass  @bci scala/meta/internal/metals/ClientConfiguration hoverContentType ()Lscala/meta/pc/ContentType; 12 <appendix> argL0 ; # scala/meta/internal/metals/ClientConfiguration$$Lambda+0x000002368266e760
instanceKlass scala/meta/Stat$TypeDef
instanceKlass scala/meta/Tree$WithTParamClause
instanceKlass scala/meta/Stat$WithMods
instanceKlass  @bci scala/meta/internal/mtags/ScalametaCommonEnrichments$XtensionAbsolutePath list ()Lgeny/Generator; 32 <appendix> argL0 ; # scala/meta/internal/mtags/ScalametaCommonEnrichments$XtensionAbsolutePath$$Lambda+0x000002368266dd98
instanceKlass scala/meta/Member$Type
instanceKlass  @bci scala/meta/internal/metals/ClientConfiguration $anonfun$hoverContentType$3 (Lorg/eclipse/lsp4j/HoverCapabilities;)Lscala/Option; 10 <appendix> argL0 ; # scala/meta/internal/metals/ClientConfiguration$$Lambda+0x000002368266d7d0
instanceKlass scala/meta/Ctor
instanceKlass geny/Generator$SelfClosing
instanceKlass scala/meta/Member
instanceKlass  @bci scala/meta/internal/metals/ClientConfiguration $anonfun$hoverContentType$2 (Lorg/eclipse/lsp4j/TextDocumentClientCapabilities;)Lscala/Option; 10 <appendix> argL0 ; # scala/meta/internal/metals/ClientConfiguration$$Lambda+0x000002368266cb08
instanceKlass  @bci scala/meta/internal/metals/ClientConfiguration $anonfun$hoverContentType$1 (Lorg/eclipse/lsp4j/ClientCapabilities;)Lscala/Option; 10 <appendix> argL0 ; # scala/meta/internal/metals/ClientConfiguration$$Lambda+0x000002368266c740
instanceKlass  @bci scala/meta/internal/metals/ClientConfiguration hoverContentType ()Lscala/meta/pc/ContentType; 4 <appendix> argL0 ; # scala/meta/internal/metals/ClientConfiguration$$Lambda+0x000002368266c378
instanceKlass  @bci scala/meta/internal/metals/CompilerConfiguration scala$meta$internal$metals$CompilerConfiguration$$configure (Lscala/meta/pc/PresentationCompiler;Lscala/meta/pc/SymbolSearch;Lscala/meta/pc/CompletionItemPriority;)Lscala/meta/pc/PresentationCompiler; 117 <appendix> member <vmtarget> ; # scala/meta/internal/metals/CompilerConfiguration$$Lambda+0x000002368266c098
instanceKlass com/sun/tools/javac/util/Options
instanceKlass scala/meta/Type$Ref
instanceKlass  @bci scala/meta/internal/metals/MetalsEnrichments$XtensionClientCapabilities supportsCompletionSnippets ()Z 21 <appendix> argL0 ; # scala/meta/internal/metals/MetalsEnrichments$XtensionClientCapabilities$$Lambda+0x000002368266b910
instanceKlass scala/meta/Importee
instanceKlass  @bci scala/meta/internal/metals/MetalsEnrichments$XtensionClientCapabilities $anonfun$supportsCompletionSnippets$4 (Lorg/eclipse/lsp4j/CompletionItemCapabilities;)Lscala/Option; 10 <appendix> argL0 ; # scala/meta/internal/metals/MetalsEnrichments$XtensionClientCapabilities$$Lambda+0x000002368266b348
instanceKlass  @bci scala/meta/internal/mtags/ScalametaCommonEnrichments$XtensionStream asScala ()Lgeny/Generator; 4 <appendix> member <vmtarget> ; # scala/meta/internal/mtags/ScalametaCommonEnrichments$XtensionStream$$Lambda+0x000002368266b088
instanceKlass  @bci scala/meta/internal/metals/MetalsEnrichments$XtensionClientCapabilities $anonfun$supportsCompletionSnippets$3 (Lorg/eclipse/lsp4j/CompletionCapabilities;)Lscala/Option; 10 <appendix> argL0 ; # scala/meta/internal/metals/MetalsEnrichments$XtensionClientCapabilities$$Lambda+0x000002368266acc0
instanceKlass scala/meta/internal/mtags/ScalametaCommonEnrichments$XtensionStream
instanceKlass scala/meta/Enumerator
instanceKlass  @bci scala/meta/internal/metals/MetalsEnrichments$XtensionClientCapabilities $anonfun$supportsCompletionSnippets$2 (Lorg/eclipse/lsp4j/TextDocumentClientCapabilities;)Lscala/Option; 10 <appendix> argL0 ; # scala/meta/internal/metals/MetalsEnrichments$XtensionClientCapabilities$$Lambda+0x000002368266a4d8
instanceKlass  @bci java/util/ResourceBundle$ResourceBundleProviderHelper loadPropertyResourceBundle (Ljava/lang/Module;Ljava/lang/Module;Ljava/lang/String;Ljava/util/Locale;)Ljava/util/ResourceBundle; 14 <appendix> member <vmtarget> ; # java/util/ResourceBundle$ResourceBundleProviderHelper$$Lambda+0x00000236825e8110
instanceKlass  @bci scala/meta/internal/metals/MetalsEnrichments$XtensionClientCapabilities $anonfun$supportsCompletionSnippets$1 (Lorg/eclipse/lsp4j/ClientCapabilities;)Lscala/Option; 10 <appendix> argL0 ; # scala/meta/internal/metals/MetalsEnrichments$XtensionClientCapabilities$$Lambda+0x000002368266a110
instanceKlass  @bci scala/meta/internal/metals/MetalsEnrichments$XtensionClientCapabilities supportsCompletionSnippets ()Z 13 <appendix> argL0 ; # scala/meta/internal/metals/MetalsEnrichments$XtensionClientCapabilities$$Lambda+0x0000023682669d48
instanceKlass scala/collection/IterableOnceExtensionMethods$
instanceKlass  @bci scala/meta/internal/pc/PresentationCompilerConfigImpl update (Lscala/meta/internal/pc/CompilerInitializationOptions;)Lscala/meta/internal/pc/PresentationCompilerConfigImpl; 167 <appendix> member <vmtarget> ; # scala/meta/internal/pc/PresentationCompilerConfigImpl$$Lambda+0x0000023682669880
instanceKlass scala/meta/trees/Origin
instanceKlass scala/meta/common/Optional
instanceKlass  @bci scala/meta/internal/pc/PresentationCompilerConfigImpl update (Lscala/meta/internal/pc/CompilerInitializationOptions;)Lscala/meta/internal/pc/PresentationCompilerConfigImpl; 158 <appendix> argL0 ; # scala/meta/internal/pc/PresentationCompilerConfigImpl$$Lambda+0x0000023682668e60
instanceKlass scala/meta/Term$MatchLike
instanceKlass scala/meta/Tree$WithCasesBlock
instanceKlass scala/meta/Tree$WithCases
instanceKlass  @bci scala/meta/internal/pc/PresentationCompilerConfigImpl update (Lscala/meta/internal/pc/CompilerInitializationOptions;)Lscala/meta/internal/pc/PresentationCompilerConfigImpl; 144 <appendix> member <vmtarget> ; # scala/meta/internal/pc/PresentationCompilerConfigImpl$$Lambda+0x00000236826687a0
instanceKlass  @bci scala/meta/internal/pc/PresentationCompilerConfigImpl update (Lscala/meta/internal/pc/CompilerInitializationOptions;)Lscala/meta/internal/pc/PresentationCompilerConfigImpl; 129 <appendix> member <vmtarget> ; # scala/meta/internal/pc/PresentationCompilerConfigImpl$$Lambda+0x00000236826682e0
instanceKlass scala/meta/internal/parsers/ScalametaParser$InfixContext$Unfinished
instanceKlass  @bci scala/meta/internal/pc/PresentationCompilerConfigImpl update (Lscala/meta/internal/pc/CompilerInitializationOptions;)Lscala/meta/internal/pc/PresentationCompilerConfigImpl; 111 <appendix> member <vmtarget> ; # scala/meta/internal/pc/PresentationCompilerConfigImpl$$Lambda+0x0000023682668000
instanceKlass geny/Generator$Continue$
instanceKlass  @bci scala/meta/internal/pc/PresentationCompilerConfigImpl update (Lscala/meta/internal/pc/CompilerInitializationOptions;)Lscala/meta/internal/pc/PresentationCompilerConfigImpl; 93 <appendix> member <vmtarget> ; # scala/meta/internal/pc/PresentationCompilerConfigImpl$$Lambda+0x00000236826638f8
instanceKlass  @bci java/util/ResourceBundle$ResourceBundleProviderHelper loadResourceBundle (Ljava/lang/Module;Ljava/lang/Module;Ljava/lang/String;Ljava/util/Locale;)Ljava/util/ResourceBundle; 13 <appendix> member <vmtarget> ; # java/util/ResourceBundle$ResourceBundleProviderHelper$$Lambda+0x00000236825e7c78
instanceKlass  @bci geny/Generator find (Lscala/Function1;)Lscala/Option; 10 <appendix> member <vmtarget> ; # geny/Generator$$Lambda+0x0000023682663528
instanceKlass  @bci scala/meta/internal/pc/PresentationCompilerConfigImpl update (Lscala/meta/internal/pc/CompilerInitializationOptions;)Lscala/meta/internal/pc/PresentationCompilerConfigImpl; 75 <appendix> member <vmtarget> ; # scala/meta/internal/pc/PresentationCompilerConfigImpl$$Lambda+0x0000023682663248
instanceKlass scala/meta/Mod
instanceKlass java/util/ResourceBundle$3
instanceKlass  @bci scala/meta/internal/pc/PresentationCompilerConfigImpl update (Lscala/meta/internal/pc/CompilerInitializationOptions;)Lscala/meta/internal/pc/PresentationCompilerConfigImpl; 57 <appendix> member <vmtarget> ; # scala/meta/internal/pc/PresentationCompilerConfigImpl$$Lambda+0x0000023682662d68
instanceKlass  @bci geny/Generator exists (Lscala/Function1;)Z 2 <appendix> member <vmtarget> ; # geny/Generator$$Lambda+0x0000023682662998
instanceKlass java/util/ResourceBundle$CacheKeyReference
instanceKlass java/util/ResourceBundle$CacheKey
instanceKlass  @bci scala/meta/internal/pc/PresentationCompilerConfigImpl update (Lscala/meta/internal/pc/CompilerInitializationOptions;)Lscala/meta/internal/pc/PresentationCompilerConfigImpl; 39 <appendix> member <vmtarget> ; # scala/meta/internal/pc/PresentationCompilerConfigImpl$$Lambda+0x00000236826626b8
instanceKlass  @bci scala/meta/internal/builds/BuildTools hasJsonFile (Lscala/meta/io/AbsolutePath;)Z 10 <appendix> argL0 ; # scala/meta/internal/builds/BuildTools$$Lambda+0x00000236826622f0
instanceKlass  @bci java/util/ResourceBundle getLoader (Ljava/lang/Module;)Ljava/lang/ClassLoader; 6 <appendix> member <vmtarget> ; # java/util/ResourceBundle$$Lambda+0x00000236825e7198
instanceKlass  @bci scala/meta/internal/pc/PresentationCompilerConfigImpl update (Lscala/meta/internal/pc/CompilerInitializationOptions;)Lscala/meta/internal/pc/PresentationCompilerConfigImpl; 22 <appendix> member <vmtarget> ; # scala/meta/internal/pc/PresentationCompilerConfigImpl$$Lambda+0x0000023682662010
instanceKlass com/sun/tools/javac/util/List$2
instanceKlass geny/Generator$Action
instanceKlass  @bci scala/meta/internal/pc/PresentationCompilerConfigImpl update (Lscala/meta/internal/pc/CompilerInitializationOptions;)Lscala/meta/internal/pc/PresentationCompilerConfigImpl; 5 <appendix> member <vmtarget> ; # scala/meta/internal/pc/PresentationCompilerConfigImpl$$Lambda+0x00000236826618d0
instanceKlass geny/Generator$$anon$1
instanceKlass  @bci com/sun/tools/javac/util/JavacMessages add (Ljava/lang/String;)V 2 <appendix> member <vmtarget> ; # com/sun/tools/javac/util/JavacMessages$$Lambda+0x0000023682661318
instanceKlass com/sun/tools/javac/util/JavacMessages$ResourceBundleHelper
instanceKlass javax/lang/model/element/Element
instanceKlass javax/lang/model/AnnotatedConstruct
instanceKlass geny/Generator
instanceKlass scala/meta/pc/ParentSymbols
instanceKlass scala/meta/internal/pc/JavaMetalsGlobal
instanceKlass scala/meta/tokens/Token$Constant
instanceKlass scala/meta/tokens/Token$Literal
instanceKlass  @bci jdk/internal/jimage/ImageReader$SharedImageReader handleModulesSubTree (Ljava/lang/String;Ljdk/internal/jimage/ImageLocation;)Ljdk/internal/jimage/ImageReader$Node; 37 <appendix> member <vmtarget> ; # jdk/internal/jimage/ImageReader$SharedImageReader$$Lambda+0x00000236825e6a90
instanceKlass geny/Generator$
instanceKlass com/sun/tools/javac/util/JavacMessages
instanceKlass com/sun/tools/javac/api/Messages
instanceKlass scala/meta/internal/pc/EmptySymbolSearch$
instanceKlass  @bci scala/meta/internal/metals/UserConfiguration getCustomProjectRoot (Lscala/meta/io/AbsolutePath;)Lscala/Option; 13 <appendix> argL0 ; # scala/meta/internal/metals/UserConfiguration$$Lambda+0x000002368265dab0
instanceKlass scala/meta/internal/parsers/Pos
instanceKlass  @bci jdk/internal/jimage/ImageReader$SharedImageReader handlePackages (Ljava/lang/String;Ljdk/internal/jimage/ImageLocation;)Ljdk/internal/jimage/ImageReader$Node; 20 <appendix> member <vmtarget> ; # jdk/internal/jimage/ImageReader$SharedImageReader$$Lambda+0x00000236825e6270
instanceKlass scala/meta/internal/parsers/EndPos
instanceKlass  @bci scala/meta/internal/metals/UserConfiguration getCustomProjectRoot (Lscala/meta/io/AbsolutePath;)Lscala/Option; 5 <appendix> member <vmtarget> ; # scala/meta/internal/metals/UserConfiguration$$Lambda+0x000002368265ca20
instanceKlass com/sun/tools/javac/util/JCDiagnostic$DiagnosticInfo
instanceKlass jdk/internal/jimage/ImageReader$SharedImageReader$LocationVisitor
instanceKlass scala/runtime/AbstractFunction8
instanceKlass scala/meta/Lit
instanceKlass scala/Function8
instanceKlass com/sun/tools/javac/util/JCDiagnostic$Factory
instanceKlass jdk/internal/jrtfs/JrtDirectoryStream
instanceKlass scala/meta/Type
instanceKlass  @bci scala/meta/internal/builds/BuildTools bloopProject ()Lscala/Option; 2 <appendix> member <vmtarget> ; # scala/meta/internal/builds/BuildTools$$Lambda+0x000002368265b670
instanceKlass  @bci scala/meta/internal/builds/BuildTools isAutoConnectable (Lscala/Option;)Z 11 <appendix> member <vmtarget> ; # scala/meta/internal/builds/BuildTools$$Lambda+0x000002368265b190
instanceKlass jdk/internal/jimage/ImageReader$Node
instanceKlass  @bci scala/meta/internal/builds/BuildTools isAutoConnectable (Lscala/Option;)Z 2 <appendix> member <vmtarget> ; # scala/meta/internal/builds/BuildTools$$Lambda+0x000002368265adc0
instanceKlass jdk/internal/jrtfs/SystemImage$2
instanceKlass  @bci scala/meta/internal/metals/ConnectionProvider withWillGenerateBspConfig (Lscala/Function0;)Lscala/concurrent/Future; 9 <appendix> member <vmtarget> ; # scala/meta/internal/metals/ConnectionProvider$$Lambda+0x000002368265ab60
instanceKlass java/util/UUID$Holder
instanceKlass  @bci jdk/internal/jrtfs/SystemImage <clinit> ()V 0 <appendix> argL0 ; # jdk/internal/jrtfs/SystemImage$$Lambda+0x00000236825e4e28
instanceKlass  @bci scala/meta/internal/metals/ProjectMetalsLspService onInitialized ()Lscala/concurrent/Future; 29 <appendix> member <vmtarget> ; # scala/meta/internal/metals/ProjectMetalsLspService$$Lambda+0x0000023682659d40
instanceKlass jdk/internal/jrtfs/SystemImage
instanceKlass scala/meta/internal/metals/CompilerConfiguration$StandaloneJavaCompiler
instanceKlass  @bci com/sun/tools/javac/file/JavacFileManager <init> (Lcom/sun/tools/javac/util/Context;ZLjava/nio/charset/Charset;)V 6 <appendix> argL0 ; # com/sun/tools/javac/file/JavacFileManager$$Lambda+0x0000023682659808
instanceKlass jdk/internal/jrtfs/JrtPath
instanceKlass java/util/JumboEnumSet$EnumSetIterator
instanceKlass  @bci scala/meta/internal/metals/MutableMd5Fingerprints $anonfun$addAll$1 (Lscala/meta/internal/metals/MutableMd5Fingerprints;Lscala/Tuple2;)V 29 <appendix> member <vmtarget> ; # scala/meta/internal/metals/MutableMd5Fingerprints$$Lambda+0x0000023682659438
instanceKlass com/google/common/base/Stopwatch
instanceKlass  @bci scala/meta/internal/metals/MutableMd5Fingerprints addAll (Lscala/collection/immutable/Map;)V 2 <appendix> member <vmtarget> ; # scala/meta/internal/metals/MutableMd5Fingerprints$$Lambda+0x0000023682658b90
instanceKlass com/google/common/util/concurrent/AbstractFuture$Listener
instanceKlass com/sun/tools/javac/file/Locations$ModuleTable
instanceKlass com/google/common/util/concurrent/AbstractFutureState$Waiter
instanceKlass  @bci com/sun/tools/javac/file/Locations$ModuleSourcePathLocationHandler <init> (Lcom/sun/tools/javac/file/Locations;)V 23 <appendix> argL0 ; # com/sun/tools/javac/file/Locations$ModuleSourcePathLocationHandler$$Lambda+0x0000023682657ba8
instanceKlass  @bci scala/meta/internal/metals/Fingerprints $anonfun$load$4 (Lscala/Tuple2;)Lscala/Tuple2; 95 <appendix> argL0 ; # scala/meta/internal/metals/Fingerprints$$Lambda+0x00000236826577e0
instanceKlass com/google/common/util/concurrent/LazyLogger
instanceKlass  @bci scala/meta/internal/metals/Fingerprints $anonfun$load$4 (Lscala/Tuple2;)Lscala/Tuple2; 29 <appendix> member <vmtarget> ; # scala/meta/internal/metals/Fingerprints$$Lambda+0x0000023682656b78
instanceKlass  @bci scala/meta/internal/metals/Fingerprints load ()Lscala/collection/immutable/Map; 41 <appendix> argL0 ; # scala/meta/internal/metals/Fingerprints$$Lambda+0x00000236826564f0
instanceKlass  @bci scala/meta/internal/metals/Fingerprints load ()Lscala/collection/immutable/Map; 33 <appendix> argL0 ; # scala/meta/internal/metals/Fingerprints$$Lambda+0x0000023682655c98
instanceKlass java/nio/channels/AsynchronousFileChannel
instanceKlass java/nio/channels/AsynchronousChannel
instanceKlass  @bci com/sun/tools/javac/file/Locations <init> ()V 5 <appendix> argL0 ; # com/sun/tools/javac/file/Locations$$Lambda+0x0000023682655188
instanceKlass scala/meta/internal/trees/Unary$Numeric
instanceKlass scala/meta/internal/trees/Unary
instanceKlass javax/tools/StandardJavaFileManager$PathFactory
instanceKlass com/google/common/util/concurrent/AbstractFutureState$AtomicHelper
instanceKlass com/google/gson/JsonParser
instanceKlass com/google/common/util/concurrent/internal/InternalFutureFailureAccess
instanceKlass scala/meta/internal/parsers/StartPos
instanceKlass  @bci scala/meta/internal/metals/WorkspaceLspService $anonfun$initialized$3 (Lscala/meta/internal/metals/WorkspaceLspService;Lscala/runtime/BoxedUnit;)Lscala/concurrent/Future; 30 <appendix> argL0 ; # scala/meta/internal/metals/WorkspaceLspService$$Lambda+0x00000236826529b0
instanceKlass  @bci scala/meta/internal/metals/Fingerprints load ()Lscala/collection/immutable/Map; 25 <appendix> argL0 ; # scala/meta/internal/metals/Fingerprints$$Lambda+0x00000236826525e8
instanceKlass com/sun/tools/javac/file/Locations$LocationHandler
instanceKlass scala/meta/internal/parsers/ScalametaParser$AllowedName
instanceKlass com/sun/tools/javac/file/Locations
instanceKlass scala/meta/tokens/Token
instanceKlass  @bci scala/meta/internal/metals/MetalsLspService initialized ()Lscala/concurrent/Future; 21 <appendix> member <vmtarget> ; # scala/meta/internal/metals/MetalsLspService$$Lambda+0x0000023682651b00
instanceKlass  @bci scala/meta/internal/metals/Fingerprints load ()Lscala/collection/immutable/Map; 20 <appendix> argL0 ; # scala/meta/internal/metals/Fingerprints$$Lambda+0x0000023682651738
instanceKlass scala/meta/internal/tokens/Metadata$Token
instanceKlass scala/meta/internal/tokens/InternalToken
instanceKlass  @bci scala/meta/internal/metals/MetalsLspService loadFingerPrints ()Lscala/concurrent/Future; 4 <appendix> member <vmtarget> ; # scala/meta/internal/metals/MetalsLspService$$Lambda+0x0000023682650e58
instanceKlass java/nio/file/spi/FileSystemProvider$1
instanceKlass com/sun/tools/javac/file/JavacFileManager$1
instanceKlass scala/meta/internal/metals/PackageIndex$$anon$1
instanceKlass scala/meta/internal/parsers/TokenIterator
instanceKlass  @bci scala/collection/mutable/ArrayBuffer view ()Lscala/collection/mutable/ArrayBufferView; 6 <appendix> member <vmtarget> ; # scala/collection/mutable/ArrayBuffer$$Lambda+0x000002368264fc60
instanceKlass org/eclipse/lsp4j/FileSystemWatcher
instanceKlass scala/meta/internal/metals/PackageIndex
instanceKlass com/google/common/util/concurrent/AbstractFuture$Trusted
instanceKlass scala/util/DynamicVariable
instanceKlass org/eclipse/lsp4j/DidChangeWatchedFilesRegistrationOptions
instanceKlass  @bci java/util/stream/Collectors toCollection (Ljava/util/function/Supplier;)Ljava/util/stream/Collector; 10 <appendix> argL0 ; # java/util/stream/Collectors$$Lambda+0x00000236825e2e48
instanceKlass  @bci java/util/stream/Collectors toCollection (Ljava/util/function/Supplier;)Ljava/util/stream/Collector; 5 <appendix> argL0 ; # java/util/stream/Collectors$$Lambda+0x00000236825e2c18
instanceKlass scala/meta/parsers/ParserOptions
instanceKlass  @bci com/sun/tools/javac/main/Option getOptions (Lcom/sun/tools/javac/main/Option$OptionGroup;)Ljava/util/Set; 17 <appendix> argL0 ; # com/sun/tools/javac/main/Option$$Lambda+0x000002368264b848
instanceKlass  @bci scala/meta/internal/metals/ClientConfiguration globSyntax ()Lscala/meta/internal/metals/Configs$GlobSyntaxConfig; 16 <appendix> member <vmtarget> ; # scala/meta/internal/metals/ClientConfiguration$$Lambda+0x000002368264b388
instanceKlass com/google/common/util/concurrent/ListenableFuture
instanceKlass  @bci com/sun/tools/javac/main/Option getOptions (Lcom/sun/tools/javac/main/Option$OptionGroup;)Ljava/util/Set; 7 <appendix> member <vmtarget> ; # com/sun/tools/javac/main/Option$$Lambda+0x000002368264b130
instanceKlass scala/meta/parsers/ParserOptions$
instanceKlass  @bci scala/meta/internal/metals/Compilers javaFallbackCompiler ()Lscala/meta/pc/PresentationCompiler; 8 <appendix> member <vmtarget> ; # scala/meta/internal/metals/Compilers$$Lambda+0x000002368264acf0
instanceKlass  @bci scala/meta/internal/metals/ClientConfiguration globSyntax ()Lscala/meta/internal/metals/Configs$GlobSyntaxConfig; 7 <appendix> argL0 ; # scala/meta/internal/metals/ClientConfiguration$$Lambda+0x000002368264a928
instanceKlass scala/meta/internal/metals/Compilers$PresentationCompilerKey$DefaultJava$
instanceKlass org/eclipse/lsp4j/Registration
instanceKlass  @bci scala/meta/internal/metals/ClasspathSearch$Indexer$ $anonfun$default$1 (Lscala/collection/Seq;Lscala/meta/internal/metals/ExcludedPackagesHandler;I)Lscala/meta/internal/metals/ClasspathSearch; 5 <appendix> member <vmtarget> ; # scala/meta/internal/metals/ClasspathSearch$Indexer$$$Lambda+0x0000023682649ba8
instanceKlass scala/meta/parsers/Parse$$anon$1
instanceKlass scala/meta/internal/metals/Compilers$PresentationCompilerKey
instanceKlass  @bci scala/meta/internal/metals/TargetData allWorkspaceJars ()Lscala/collection/Iterator; 48 <appendix> argL0 ; # scala/meta/internal/metals/TargetData$$Lambda+0x00000236826495b0
instanceKlass  @bci scala/meta/internal/metals/PackageIndex$ bootClasspath ()Lscala/collection/immutable/List; 19 <appendix> argL0 ; # scala/meta/internal/metals/PackageIndex$$$Lambda+0x0000023682648fe8
instanceKlass  @bci scala/meta/internal/metals/MetalsLspService $anonfun$registerNiceToHaveFilePatterns$3 (Lscala/meta/internal/metals/MetalsLspService;Lorg/eclipse/lsp4j/WorkspaceClientCapabilities;)Lscala/Option; 19 <appendix> member <vmtarget> ; # scala/meta/internal/metals/MetalsLspService$$Lambda+0x0000023682648c18
instanceKlass  @bci scala/meta/parsers/Parse$ parseSource$lzycompute ()Lscala/meta/parsers/Parse; 16 <appendix> argL0 ; # scala/meta/parsers/Parse$$$Lambda+0x0000023682648850
instanceKlass scala/collection/convert/AsJavaExtensions$BufferHasAsJava
instanceKlass  @bci scala/meta/internal/metals/MetalsLspService $anonfun$registerNiceToHaveFilePatterns$3 (Lscala/meta/internal/metals/MetalsLspService;Lorg/eclipse/lsp4j/WorkspaceClientCapabilities;)Lscala/Option; 10 <appendix> argL0 ; # scala/meta/internal/metals/MetalsLspService$$Lambda+0x0000023682648000
instanceKlass scala/meta/Source
instanceKlass  @bci scala/meta/internal/metals/MetalsLspService $anonfun$inlayHints$3 (Lscala/meta/internal/metals/MetalsLspService;Lorg/eclipse/lsp4j/InlayHintParams;Lscala/meta/pc/CancelToken;Ljava/util/List;)Lscala/concurrent/Future; 29 <appendix> member <vmtarget> ; # scala/meta/internal/metals/MetalsLspService$$Lambda+0x00000236826476b8
instanceKlass  @bci scala/meta/internal/metals/MetalsLspService $anonfun$registerNiceToHaveFilePatterns$2 (Lscala/meta/internal/metals/MetalsLspService;Lorg/eclipse/lsp4j/ClientCapabilities;)Lscala/Option; 11 <appendix> member <vmtarget> ; # scala/meta/internal/metals/MetalsLspService$$Lambda+0x00000236826472e8
instanceKlass scala/meta/internal/metals/PackageIndex$
instanceKlass  @bci scala/meta/internal/metals/Compilers fromBuildTarget$1 (Lscala/meta/io/AbsolutePath;Z)Lscala/Option; 96 <appendix> member <vmtarget> ; # scala/meta/internal/metals/Compilers$$Lambda+0x0000023682646e20
instanceKlass  @bci scala/meta/internal/metals/MetalsLspService $anonfun$registerNiceToHaveFilePatterns$1 (Lscala/meta/internal/metals/MetalsLspService;Lorg/eclipse/lsp4j/InitializeParams;)Lscala/Option; 11 <appendix> member <vmtarget> ; # scala/meta/internal/metals/MetalsLspService$$Lambda+0x0000023682646a50
instanceKlass scala/meta/Tree$Block
instanceKlass  @bci scala/meta/internal/metals/MetalsLspService registerNiceToHaveFilePatterns ()V 11 <appendix> member <vmtarget> ; # scala/meta/internal/metals/MetalsLspService$$Lambda+0x0000023682646480
instanceKlass  @bci scala/meta/internal/metals/MetalsLspService $anonfun$inlayHints$2 (Lscala/meta/internal/metals/MetalsLspService;Lorg/eclipse/lsp4j/InlayHintParams;Lscala/meta/pc/CancelToken;Lscala/runtime/BoxedUnit;)Lscala/concurrent/Future; 52 <appendix> member <vmtarget> ; # scala/meta/internal/metals/MetalsLspService$$Lambda+0x00000236826460b0
instanceKlass scala/meta/Tree$WithStats
instanceKlass  @bci scala/meta/internal/metals/WorkspaceLspService $anonfun$initialized$3 (Lscala/meta/internal/metals/WorkspaceLspService;Lscala/runtime/BoxedUnit;)Lscala/concurrent/Future; 9 <appendix> argL0 ; # scala/meta/internal/metals/WorkspaceLspService$$Lambda+0x0000023682645ae8
instanceKlass  @bci scala/meta/internal/metals/TargetData allWorkspaceJars ()Lscala/collection/Iterator; 29 <appendix> member <vmtarget> ; # scala/meta/internal/metals/TargetData$$Lambda+0x0000023682645718
instanceKlass scala/meta/Tree$WithExprs
instanceKlass  @bci scala/meta/internal/metals/InlayHintsOptions$ areSyntheticsEnabled$extension (Lscala/collection/immutable/Map;)Z 1 <appendix> argL0 ; # scala/meta/internal/metals/InlayHintsOptions$$$Lambda+0x0000023682645150
instanceKlass scala/meta/internal/mtags/CommonMtagsEnrichments$XtensionStringDoc
instanceKlass  @bci scala/meta/internal/metals/WorkspaceLspService $anonfun$initialized$1 (Lscala/meta/internal/metals/WorkspaceLspService;Lscala/runtime/BoxedUnit;)Lscala/concurrent/Future; 19 <appendix> member <vmtarget> ; # scala/meta/internal/metals/WorkspaceLspService$$Lambda+0x0000023682644af8
instanceKlass scala/meta/internal/metals/InlayHintsOptions$
instanceKlass  @bci scala/meta/internal/metals/WorkspaceLspService $anonfun$initialized$1 (Lscala/meta/internal/metals/WorkspaceLspService;Lscala/runtime/BoxedUnit;)Lscala/concurrent/Future; 6 <appendix> member <vmtarget> ; # scala/meta/internal/metals/WorkspaceLspService$$Lambda+0x0000023682643c50
instanceKlass  @bci scala/meta/internal/metals/UserConfigurationSync $anonfun$optSyncUserConfiguration$3 (Lscala/meta/internal/metals/UserConfigurationSync;Lscala/collection/immutable/List;Lscala/Function1;Ljava/util/List;)Lscala/concurrent/Future; 61 <appendix> argL0 ; # scala/meta/internal/metals/UserConfigurationSync$$Lambda+0x00000236826429d8
instanceKlass scala/meta/internal/parsers/ScalametaParser
instanceKlass  @bci scala/meta/internal/metals/WorkspaceSymbolProvider indexClasspathUnsafe ()V 14 <appendix> argL0 ; # scala/meta/internal/metals/WorkspaceSymbolProvider$$Lambda+0x0000023682641810
instanceKlass  @bci scala/meta/internal/metals/UserConfigurationSync $anonfun$optSyncUserConfiguration$4 (Lscala/meta/internal/metals/UserConfigurationSync;Lscala/Function1;Lscala/Tuple2;)Lscala/concurrent/Future; 84 <appendix> argL0 ; # scala/meta/internal/metals/UserConfigurationSync$$Lambda+0x0000023682641558
instanceKlass  @bci scala/meta/internal/metals/BuildTargets allWorkspaceJars ()Lscala/collection/Iterator; 21 <appendix> member <vmtarget> ; # scala/meta/internal/metals/BuildTargets$$Lambda+0x0000023682640f40
instanceKlass  @bci scala/meta/internal/metals/BuildTargets allWorkspaceJars ()Lscala/collection/Iterator; 12 <appendix> argL0 ; # scala/meta/internal/metals/BuildTargets$$Lambda+0x0000023682640b78
instanceKlass com/sun/tools/javac/code/Lint
instanceKlass  @bci scala/meta/internal/metals/MetalsLspService setUserConfig (Lscala/meta/internal/metals/UserConfiguration;)Lscala/meta/internal/metals/UserConfiguration; 21 <appendix> argL0 ; # scala/meta/internal/metals/MetalsLspService$$Lambda+0x0000023682640688
# instanceKlass scala/meta/internal/metals/MetalsLspService$$Lambda+0x00000236826403d0
instanceKlass  @bci scala/meta/internal/metals/UserConfigurationSync $anonfun$initSyncUserConfiguration$1 (Lscala/meta/internal/metals/MetalsLspService;)Lscala/Function1; 1 <appendix> member <vmtarget> ; # scala/meta/internal/metals/UserConfigurationSync$$Lambda+0x0000023682640000
instanceKlass  @bci scala/meta/internal/metals/UserConfigurationSync $anonfun$onDidChangeConfiguration$1 (Lscala/meta/internal/metals/MetalsLspService;)Lscala/Function1; 1 <appendix> member <vmtarget> ; # scala/meta/internal/metals/UserConfigurationSync$$Lambda+0x000002368263f9a0
# instanceKlass scala/meta/internal/metals/UserConfigurationSync$$Lambda+0x000002368263f2a0
instanceKlass  @bci scala/meta/internal/metals/UserConfigurationSync userConfigFrom (Lcom/google/gson/JsonObject;)Lscala/Option; 86 <appendix> member <vmtarget> ; # scala/meta/internal/metals/UserConfigurationSync$$Lambda+0x000002368263efe0
instanceKlass com/sun/tools/javac/util/Assert
# instanceKlass scala/meta/internal/metals/UserConfiguration$$$Lambda+0x000002368263eb00
instanceKlass  @bci scala/meta/internal/metals/UserConfiguration$ fromJson (Lcom/google/gson/JsonObject;Lscala/meta/internal/metals/ClientConfiguration;Ljava/util/Properties;)Lscala/util/Either; 908 <appendix> argL0 ; # scala/meta/internal/metals/UserConfiguration$$$Lambda+0x000002368263e828
# instanceKlass scala/meta/internal/metals/UserConfiguration$$$Lambda+0x000002368263e550
instanceKlass  @bci scala/meta/internal/metals/UserConfiguration$ fromJson (Lcom/google/gson/JsonObject;Lscala/meta/internal/metals/ClientConfiguration;Ljava/util/Properties;)Lscala/util/Either; 885 <appendix> argL0 ; # scala/meta/internal/metals/UserConfiguration$$$Lambda+0x000002368263e080
# instanceKlass scala/meta/internal/metals/UserConfiguration$$$Lambda+0x000002368263d968
instanceKlass  @bci scala/meta/internal/metals/UserConfiguration$ fromJson (Lcom/google/gson/JsonObject;Lscala/meta/internal/metals/ClientConfiguration;Ljava/util/Properties;)Lscala/util/Either; 862 <appendix> argL0 ; # scala/meta/internal/metals/UserConfiguration$$$Lambda+0x000002368263d448
# instanceKlass scala/meta/internal/metals/UserConfiguration$$$Lambda+0x000002368263ce80
instanceKlass  @bci scala/meta/internal/metals/UserConfiguration$ fromJson (Lcom/google/gson/JsonObject;Lscala/meta/internal/metals/ClientConfiguration;Ljava/util/Properties;)Lscala/util/Either; 830 <appendix> member <vmtarget> ; # scala/meta/internal/metals/UserConfiguration$$$Lambda+0x000002368263cab0
# instanceKlass scala/meta/internal/metals/UserConfiguration$$$Lambda+0x000002368263c320
instanceKlass  @bci scala/meta/internal/metals/UserConfiguration$ fromJson (Lcom/google/gson/JsonObject;Lscala/meta/internal/metals/ClientConfiguration;Ljava/util/Properties;)Lscala/util/Either; 711 <appendix> argL0 ; # scala/meta/internal/metals/UserConfiguration$$$Lambda+0x000002368263c6e8
# instanceKlass scala/meta/internal/metals/UserConfiguration$$$Lambda+0x000002368263bd98
instanceKlass  @bci scala/meta/internal/metals/UserConfiguration$ fromJson (Lcom/google/gson/JsonObject;Lscala/meta/internal/metals/ClientConfiguration;Ljava/util/Properties;)Lscala/util/Either; 682 <appendix> argL0 ; # scala/meta/internal/metals/UserConfiguration$$$Lambda+0x000002368263bac0
# instanceKlass scala/meta/internal/metals/UserConfiguration$$$Lambda+0x000002368263ad48
instanceKlass  @bci scala/meta/internal/metals/UserConfiguration$ fromJson (Lcom/google/gson/JsonObject;Lscala/meta/internal/metals/ClientConfiguration;Ljava/util/Properties;)Lscala/util/Either; 647 <appendix> argL0 ; # scala/meta/internal/metals/UserConfiguration$$$Lambda+0x000002368263a7e0
# instanceKlass scala/meta/internal/metals/UserConfiguration$$$Lambda+0x0000023682638e90
instanceKlass  @bci scala/meta/internal/metals/UserConfiguration$ $anonfun$fromJson$56 (Lscala/collection/mutable/ListBuffer;Ljava/util/Properties;Lcom/google/gson/JsonObject;)Lscala/Option; 12 <appendix> member <vmtarget> ; # scala/meta/internal/metals/UserConfiguration$$$Lambda+0x0000023682638560
instanceKlass scala/meta/internal/metals/JavaFormatConfig
instanceKlass  @bci scala/meta/internal/metals/UserConfiguration$ fromJson (Lcom/google/gson/JsonObject;Lscala/meta/internal/metals/ClientConfiguration;Ljava/util/Properties;)Lscala/util/Either; 627 <appendix> member <vmtarget> ; # scala/meta/internal/metals/UserConfiguration$$$Lambda+0x0000023682635c00
# instanceKlass scala/meta/internal/metals/UserConfiguration$$$Lambda+0x0000023682634d70
# instanceKlass scala/meta/internal/metals/UserConfiguration$$$Lambda+0x0000023682634198
instanceKlass  @bci scala/meta/internal/metals/UserConfiguration$ $anonfun$fromJson$9 (Lscala/collection/mutable/ListBuffer;Ljava/lang/String;Lcom/google/gson/JsonElement;)Lscala/Option; 20 <appendix> argL0 ; # scala/meta/internal/metals/UserConfiguration$$$Lambda+0x0000023682633b20
# instanceKlass scala/meta/internal/metals/UserConfiguration$$$Lambda+0x0000023682633380
instanceKlass  @bci scala/meta/internal/metals/UserConfiguration$ $anonfun$fromJson$9 (Lscala/collection/mutable/ListBuffer;Ljava/lang/String;Lcom/google/gson/JsonElement;)Lscala/Option; 15 <appendix> member <vmtarget> ; # scala/meta/internal/metals/UserConfiguration$$$Lambda+0x0000023682633750
# instanceKlass scala/meta/internal/metals/UserConfiguration$$$Lambda+0x00000236826328b0
instanceKlass  @bci scala/meta/internal/metals/UserConfiguration$ $anonfun$fromJson$9 (Lscala/collection/mutable/ListBuffer;Ljava/lang/String;Lcom/google/gson/JsonElement;)Lscala/Option; 4 <appendix> member <vmtarget> ; # scala/meta/internal/metals/UserConfiguration$$$Lambda+0x00000236826325f0
instanceKlass  @bci scala/meta/internal/metals/UserConfiguration$ getSubKey$1 (Ljava/lang/String;Lcom/google/gson/JsonObject;Lscala/collection/mutable/ListBuffer;Ljava/util/Properties;)Lscala/Option; 4 <appendix> member <vmtarget> ; # scala/meta/internal/metals/UserConfiguration$$$Lambda+0x0000023682631f70
# instanceKlass scala/meta/internal/metals/UserConfiguration$$$Lambda+0x0000023682631ba0
instanceKlass scala/meta/internal/metals/TestUserInterfaceKind$TestExplorer$
# instanceKlass scala/meta/internal/metals/UserConfiguration$$$Lambda+0x00000236826315d0
instanceKlass  @bci scala/meta/internal/metals/UserConfiguration$ fromJson (Lcom/google/gson/JsonObject;Lscala/meta/internal/metals/ClientConfiguration;Ljava/util/Properties;)Lscala/util/Either; 543 <appendix> argL0 ; # scala/meta/internal/metals/UserConfiguration$$$Lambda+0x0000023682631208
# instanceKlass scala/meta/internal/metals/ClientConfiguration$$Lambda+0x0000023682630f30
instanceKlass  @bci scala/meta/internal/metals/ClientConfiguration isTestExplorerProvider ()Z 7 <appendix> argL0 ; # scala/meta/internal/metals/ClientConfiguration$$Lambda+0x0000023682630c58
instanceKlass javax/tools/JavaFileManager$Location
# instanceKlass scala/meta/internal/metals/UserConfiguration$$$Lambda+0x0000023682630628
instanceKlass  @bci scala/meta/internal/metals/UserConfiguration$ fromJson (Lcom/google/gson/JsonObject;Lscala/meta/internal/metals/ClientConfiguration;Ljava/util/Properties;)Lscala/util/Either; 517 <appendix> argL0 ; # scala/meta/internal/metals/UserConfiguration$$$Lambda+0x0000023682630260
instanceKlass com/sun/tools/javac/file/RelativePath
instanceKlass  @bci scala/meta/internal/metals/UserConfiguration$ fromJson (Lcom/google/gson/JsonObject;Lscala/meta/internal/metals/ClientConfiguration;Ljava/util/Properties;)Lscala/util/Either; 482 <appendix> argL0 ; # scala/meta/internal/metals/UserConfiguration$$$Lambda+0x000002368262fba8
# instanceKlass scala/meta/internal/metals/UserConfiguration$$$Lambda+0x000002368262f8d0
# instanceKlass scala/meta/internal/metals/UserConfiguration$$$Lambda+0x000002368262f5f8
instanceKlass  @bci scala/meta/internal/metals/UserConfiguration$ fromJson (Lcom/google/gson/JsonObject;Lscala/meta/internal/metals/ClientConfiguration;Ljava/util/Properties;)Lscala/util/Either; 459 <appendix> argL0 ; # scala/meta/internal/metals/UserConfiguration$$$Lambda+0x000002368262f320
instanceKlass com/sun/tools/javac/file/JavacFileManager$Container
# instanceKlass scala/meta/internal/metals/UserConfiguration$$$Lambda+0x000002368262ee48
instanceKlass  @bci scala/meta/internal/metals/UserConfiguration$ fromJson (Lcom/google/gson/JsonObject;Lscala/meta/internal/metals/ClientConfiguration;Ljava/util/Properties;)Lscala/util/Either; 436 <appendix> argL0 ; # scala/meta/internal/metals/UserConfiguration$$$Lambda+0x000002368262eb70
instanceKlass com/sun/tools/javac/main/OptionHelper
instanceKlass scala/meta/internal/metals/InlayHintsOption$ByNameParameters$
instanceKlass scala/meta/internal/metals/InlayHintsOption$ClosingLabels$
instanceKlass scala/meta/parsers/Parse
instanceKlass scala/meta/internal/metals/InlayHintsOption$ImplicitConversions$
instanceKlass scala/meta/parsers/Parse$
instanceKlass  @bci com/sun/tools/javac/file/CacheFSInfo preRegister (Lcom/sun/tools/javac/util/Context;)V 3 <appendix> argL0 ; # com/sun/tools/javac/file/CacheFSInfo$$Lambda+0x000002368262d0d0
instanceKlass scala/meta/internal/metals/InlayHintsOption$NamedParameters$
instanceKlass com/sun/tools/javac/file/FSInfo
instanceKlass scala/meta/internal/metals/InlayHintsOption$HintsXRayMode$
instanceKlass scala/meta/internal/metals/InlayHintsOption$HintsInPatternMatch$
instanceKlass com/sun/tools/javac/api/DiagnosticFormatter
instanceKlass scala/meta/internal/metals/InlayHintsOption$ImplicitArguments$
instanceKlass scala/meta/internal/mtags/ScalametaCommonEnrichments$XtensionInputOffset
instanceKlass com/sun/tools/javac/util/Log$DiagnosticHandler
instanceKlass scala/meta/internal/metals/InlayHintsOption$TypeParameters$
instanceKlass com/sun/tools/javac/util/JCDiagnostic$DiagnosticPosition
instanceKlass scala/meta/internal/metals/InlayHintsOption$InferredType$
instanceKlass scala/meta/internal/metals/InlayHintsOption
instanceKlass com/sun/tools/javac/util/AbstractLog
instanceKlass scala/meta/internal/metals/InlayHintsOption$
instanceKlass scala/meta/inputs/Input$VirtualFile
# instanceKlass scala/meta/internal/metals/UserConfiguration$$$Lambda+0x00000236826298c8
instanceKlass  @bci scala/meta/internal/metals/UserConfiguration$ $anonfun$fromJson$34 (Lscala/collection/mutable/ListBuffer;Lcom/google/gson/JsonElement;)Lscala/Option; 30 <appendix> argL0 ; # scala/meta/internal/metals/UserConfiguration$$$Lambda+0x0000023682629500
# instanceKlass scala/meta/internal/metals/UserConfiguration$$$Lambda+0x0000023682628d60
instanceKlass  @bci scala/meta/internal/metals/UserConfiguration$ $anonfun$fromJson$36 (Ljava/util/Map$Entry;)Lscala/Option; 25 <appendix> member <vmtarget> ; # scala/meta/internal/metals/UserConfiguration$$$Lambda+0x0000023682629130
# instanceKlass scala/meta/internal/metals/UserConfiguration$$$Lambda+0x0000023682628998
instanceKlass  @bci scala/meta/internal/metals/UserConfiguration$ $anonfun$fromJson$34 (Lscala/collection/mutable/ListBuffer;Lcom/google/gson/JsonElement;)Lscala/Option; 19 <appendix> argL0 ; # scala/meta/internal/metals/UserConfiguration$$$Lambda+0x00000236826285d0
instanceKlass scala/meta/inputs/Input$Text
# instanceKlass scala/meta/internal/metals/UserConfiguration$$$Lambda+0x0000023682628000
instanceKlass  @bci scala/meta/internal/metals/UserConfiguration$ $anonfun$fromJson$34 (Lscala/collection/mutable/ListBuffer;Lcom/google/gson/JsonElement;)Lscala/Option; 14 <appendix> member <vmtarget> ; # scala/meta/internal/metals/UserConfiguration$$$Lambda+0x0000023682627b08
# instanceKlass scala/meta/internal/parsing/Trees$$Lambda+0x0000023682627738
# instanceKlass scala/meta/internal/metals/UserConfiguration$$$Lambda+0x0000023682627370
instanceKlass  @bci scala/meta/internal/parsing/Trees parse (Lscala/meta/io/AbsolutePath;Lscala/meta/Dialect;)Lscala/Option; 20 <appendix> member <vmtarget> ; # scala/meta/internal/parsing/Trees$$Lambda+0x0000023682626fa0
instanceKlass  @bci scala/meta/internal/metals/UserConfiguration$ $anonfun$fromJson$35 (Lcom/google/gson/JsonElement;)Lscala/collection/Iterator; 21 <appendix> argL0 ; # scala/meta/internal/metals/UserConfiguration$$$Lambda+0x0000023682626bd8
# instanceKlass scala/meta/internal/metals/UserConfiguration$$$Lambda+0x0000023682626918
instanceKlass  @bci scala/meta/internal/metals/UserConfiguration$ $anonfun$fromJson$34 (Lscala/collection/mutable/ListBuffer;Lcom/google/gson/JsonElement;)Lscala/Option; 4 <appendix> member <vmtarget> ; # scala/meta/internal/metals/UserConfiguration$$$Lambda+0x0000023682626658
# instanceKlass scala/meta/internal/parsing/Trees$$Lambda+0x0000023682626398
instanceKlass  @bci scala/meta/internal/parsing/Trees parse (Lscala/meta/io/AbsolutePath;Lscala/meta/Dialect;)Lscala/Option; 9 <appendix> member <vmtarget> ; # scala/meta/internal/parsing/Trees$$Lambda+0x00000236826260d8
# instanceKlass scala/meta/internal/metals/UserConfiguration$$$Lambda+0x0000023682625d08
instanceKlass  @bci scala/meta/internal/metals/UserConfiguration$ getInlayHints$1 (Lcom/google/gson/JsonObject;Lscala/collection/mutable/ListBuffer;Ljava/util/Properties;)Lscala/Option; 5 <appendix> member <vmtarget> ; # scala/meta/internal/metals/UserConfiguration$$$Lambda+0x0000023682625938
instanceKlass com/sun/tools/javac/util/Context$Factory
instanceKlass com/sun/tools/javac/api/ClientCodeWrapper$WrappedDiagnosticListener
# instanceKlass scala/meta/internal/metals/UserConfiguration$$$Lambda+0x0000023682625230
instanceKlass  @bci scala/meta/internal/metals/UserConfiguration$ fromJson (Lcom/google/gson/JsonObject;Lscala/meta/internal/metals/ClientConfiguration;Ljava/util/Properties;)Lscala/util/Either; 344 <appendix> argL0 ; # scala/meta/internal/metals/UserConfiguration$$$Lambda+0x0000023682624f58
instanceKlass com/sun/tools/javac/api/ClientCodeWrapper$WrappedFileObject
instanceKlass scala/meta/Dialect$UnquoteType$None$
instanceKlass scala/meta/internal/metals/BloopJvmProperties$WithProperties
instanceKlass com/sun/tools/javac/api/ClientCodeWrapper$Trusted
instanceKlass com/sun/tools/javac/util/Context$Key
instanceKlass  @bci scala/meta/internal/metals/UserConfiguration$ $anonfun$fromJson$24 (Lscala/collection/mutable/ListBuffer;Ljava/lang/String;Lcom/google/gson/JsonElement;)Lscala/Option; 22 <appendix> member <vmtarget> ; # scala/meta/internal/metals/UserConfiguration$$$Lambda+0x0000023682623c20
# instanceKlass scala/meta/internal/metals/UserConfiguration$$$Lambda+0x0000023682623850
instanceKlass javax/tools/Diagnostic
instanceKlass com/sun/source/util/TaskListener
instanceKlass com/sun/tools/javac/api/ClientCodeWrapper
instanceKlass scala/meta/Dialect
instanceKlass javax/tools/SimpleJavaFileObject
instanceKlass scala/collection/convert/AsScalaExtensions$IterableHasAsScala
# instanceKlass scala/meta/internal/metals/UserConfiguration$$$Lambda+0x0000023682621908
instanceKlass scala/meta/internal/pc/SourceJavaFileObject$
instanceKlass  @bci scala/meta/internal/metals/UserConfiguration$ getStringListKey$1 (Ljava/lang/String;Lcom/google/gson/JsonObject;Lscala/collection/mutable/ListBuffer;Ljava/util/Properties;)Lscala/Option; 4 <appendix> member <vmtarget> ; # scala/meta/internal/metals/UserConfiguration$$$Lambda+0x0000023682621330
# instanceKlass scala/meta/internal/metals/UserConfiguration$$$Lambda+0x0000023682621058
instanceKlass  @bci scala/meta/internal/metals/UserConfiguration$ fromJson (Lcom/google/gson/JsonObject;Lscala/meta/internal/metals/ClientConfiguration;Ljava/util/Properties;)Lscala/util/Either; 213 <appendix> argL0 ; # scala/meta/internal/metals/UserConfiguration$$$Lambda+0x0000023682620d80
instanceKlass scala/meta/internal/pc/JavaMetalsGlobal$$anon$2
instanceKlass  @bci scala/meta/internal/metals/UserConfiguration$ $anonfun$fromJson$18 (Lscala/collection/mutable/ListBuffer;Ljava/lang/String;Lcom/google/gson/JsonElement;)Lscala/Option; 20 <appendix> argL0 ; # scala/meta/internal/metals/UserConfiguration$$$Lambda+0x0000023682620798
# instanceKlass scala/meta/internal/metals/UserConfiguration$$$Lambda+0x00000236826203d0
# instanceKlass scala/meta/internal/metals/UserConfiguration$$$Lambda+0x0000023682620000
instanceKlass  @bci scala/meta/internal/metals/UserConfiguration$ $anonfun$fromJson$18 (Lscala/collection/mutable/ListBuffer;Ljava/lang/String;Lcom/google/gson/JsonElement;)Lscala/Option; 15 <appendix> member <vmtarget> ; # scala/meta/internal/metals/UserConfiguration$$$Lambda+0x000002368261fc08
instanceKlass  @bci javax/tools/ToolProvider matches (Ljava/lang/Object;Ljava/lang/String;)Z 2 <appendix> member <vmtarget> ; # javax/tools/ToolProvider$$Lambda+0x0000023682486050
# instanceKlass scala/meta/internal/metals/UserConfiguration$$$Lambda+0x000002368261f928
instanceKlass  @bci scala/meta/internal/metals/UserConfiguration$ $anonfun$fromJson$18 (Lscala/collection/mutable/ListBuffer;Ljava/lang/String;Lcom/google/gson/JsonElement;)Lscala/Option; 4 <appendix> member <vmtarget> ; # scala/meta/internal/metals/UserConfiguration$$$Lambda+0x000002368261f648
instanceKlass scala/meta/Dialect$UnquoteType
instanceKlass com/sun/tools/javac/file/BaseFileManager
# instanceKlass scala/meta/internal/metals/UserConfiguration$$$Lambda+0x000002368261e600
instanceKlass  @bci scala/meta/internal/metals/UserConfiguration$ getBooleanKey$1 (Ljava/lang/String;Lcom/google/gson/JsonObject;Lscala/collection/mutable/ListBuffer;Ljava/util/Properties;)Lscala/Option; 4 <appendix> member <vmtarget> ; # scala/meta/internal/metals/UserConfiguration$$$Lambda+0x000002368261e230
instanceKlass scala/meta/Dialect$
# instanceKlass scala/meta/internal/metals/UserConfiguration$$$Lambda+0x000002368261dd38
instanceKlass  @bci scala/meta/internal/metals/UserConfiguration$ fromJson (Lcom/google/gson/JsonObject;Lscala/meta/internal/metals/ClientConfiguration;Ljava/util/Properties;)Lscala/util/Either; 190 <appendix> argL0 ; # scala/meta/internal/metals/UserConfiguration$$$Lambda+0x000002368261da60
# instanceKlass scala/meta/internal/metals/UserConfiguration$$$Lambda+0x000002368261d788
instanceKlass  @bci scala/meta/internal/metals/UserConfiguration$ fromJson (Lcom/google/gson/JsonObject;Lscala/meta/internal/metals/ClientConfiguration;Ljava/util/Properties;)Lscala/util/Either; 167 <appendix> argL0 ; # scala/meta/internal/metals/UserConfiguration$$$Lambda+0x000002368261d4b0
instanceKlass scala/meta/internal/dialects/InternalDialect
# instanceKlass scala/meta/internal/metals/UserConfiguration$$$Lambda+0x000002368261cee0
instanceKlass  @bci scala/meta/internal/metals/UserConfiguration$ getIntKey$1 (Ljava/lang/String;Lscala/collection/mutable/ListBuffer;Lcom/google/gson/JsonObject;Ljava/util/Properties;)Lscala/Option; 8 <appendix> member <vmtarget> ; # scala/meta/internal/metals/UserConfiguration$$$Lambda+0x000002368261cb10
instanceKlass scala/meta/internal/semanticdb/Scala$Descriptor$None$
instanceKlass com/sun/tools/javac/util/Context
instanceKlass scala/meta/internal/semanticdb/Scala$Names$Name
instanceKlass scala/meta/dialects/package$
instanceKlass javax/tools/StandardJavaFileManager
instanceKlass scala/meta/internal/semanticdb/Scala$Descriptor$Package
# instanceKlass scala/meta/internal/semver/SemVer$Version$$Lambda+0x000002368261b600
instanceKlass  @bci scala/meta/internal/semver/SemVer$Version compare (Lscala/meta/internal/semver/SemVer$Version;)I 27 <appendix> argL0 ; # scala/meta/internal/semver/SemVer$Version$$Lambda+0x000002368261b328
instanceKlass scala/meta/internal/semanticdb/Scala$DescriptorParser
instanceKlass com/sun/source/util/JavacTask
instanceKlass javax/tools/JavaFileManager
# instanceKlass scala/meta/internal/semver/SemVer$Version$$Lambda+0x000002368261a688
instanceKlass  @bci scala/meta/internal/semver/SemVer$Version toList ()Lscala/collection/immutable/List; 102 <appendix> argL0 ; # scala/meta/internal/semver/SemVer$Version$$Lambda+0x000002368261a3b0
# instanceKlass scala/meta/internal/semver/SemVer$Version$$Lambda+0x000002368261a0f8
instanceKlass scala/meta/internal/semanticdb/Scala$DescriptorParser$
instanceKlass  @bci scala/meta/internal/semver/SemVer$Version toList ()Lscala/collection/immutable/List; 21 <appendix> argL0 ; # scala/meta/internal/semver/SemVer$Version$$Lambda+0x00000236826199d0
# instanceKlass scala/meta/internal/semver/SemVer$Version$$Lambda+0x0000023682619608
instanceKlass  @bci scala/meta/internal/semver/SemVer$Version $anonfun$toList$2 (Lscala/meta/internal/semver/SemVer$Version;)Lscala/Option; 4 <appendix> argL0 ; # scala/meta/internal/semver/SemVer$Version$$Lambda+0x0000023682619240
instanceKlass scala/meta/internal/semanticdb/Scala$
# instanceKlass scala/meta/internal/semver/SemVer$Version$$Lambda+0x0000023682618b10
instanceKlass  @bci scala/meta/internal/semver/SemVer$Version toList ()Lscala/collection/immutable/List; 13 <appendix> member <vmtarget> ; # scala/meta/internal/semver/SemVer$Version$$Lambda+0x0000023682618850
instanceKlass scala/meta/internal/semanticdb/Scala$ScalaSymbolOps$
instanceKlass com/sun/tools/javac/api/JavacTool
# instanceKlass scala/meta/internal/semver/SemVer$Version$$Lambda+0x0000023682618000
instanceKlass  @bci scala/meta/internal/semver/SemVer$Version toList ()Lscala/collection/immutable/List; 4 <appendix> argL0 ; # scala/meta/internal/semver/SemVer$Version$$Lambda+0x0000023682617bc0
instanceKlass scala/meta/internal/semanticdb/Scala$Symbols$
instanceKlass scala/meta/internal/semver/SemVer$Version
instanceKlass javax/tools/JavaCompiler
instanceKlass javax/tools/OptionChecker
instanceKlass javax/tools/Tool
instanceKlass scala/meta/internal/mtags/Symbol
# instanceKlass scala/meta/internal/semver/SemVer$Version$$$Lambda+0x0000023682617118
instanceKlass  @bci scala/meta/internal/semver/SemVer$Version$ fromString (Ljava/lang/String;)Lscala/meta/internal/semver/SemVer$Version; 840 <appendix> argL0 ; # scala/meta/internal/semver/SemVer$Version$$$Lambda+0x0000023682616e60
instanceKlass javax/tools/ToolProvider
# instanceKlass scala/meta/internal/semver/SemVer$Version$$$Lambda+0x0000023682616a98
instanceKlass  @bci scala/meta/internal/semver/SemVer$Version$ fromString (Ljava/lang/String;)Lscala/meta/internal/semver/SemVer$Version; 832 <appendix> argL0 ; # scala/meta/internal/semver/SemVer$Version$$$Lambda+0x00000236826166d0
instanceKlass javax/tools/JavaFileObject
instanceKlass javax/tools/FileObject
instanceKlass  @bci scala/meta/internal/metals/MetalsLspService $anonfun$semanticTokensFull$1 (Lscala/meta/internal/metals/MetalsLspService;Lorg/eclipse/lsp4j/SemanticTokensParams;Lscala/meta/pc/CancelToken;)Lscala/concurrent/Future; 12 <appendix> member <vmtarget> ; # scala/meta/internal/metals/MetalsLspService$$Lambda+0x0000023682616300
instanceKlass javax/tools/DiagnosticListener
instanceKlass scala/collection/IterableOps$SizeCompareOps$
instanceKlass scala/meta/internal/pc/JavaMetalsGlobal$
instanceKlass scala/meta/internal/mtags/KeywordWrapper
instanceKlass  @bci scala/meta/internal/metals/MetalsLspService semanticTokensFull (Lorg/eclipse/lsp4j/SemanticTokensParams;)Ljava/util/concurrent/CompletableFuture; 5 <appendix> member <vmtarget> ; # scala/meta/internal/metals/MetalsLspService$$Lambda+0x0000023682615920
instanceKlass scala/meta/internal/mtags/Symbol$
instanceKlass  @bci scala/PartialFunction$$anon$1 <init> ()V 5 <appendix> argL0 ; # scala/PartialFunction$$anon$1$$Lambda+0x0000023682615350
instanceKlass javax/tools/JavaCompiler$CompilationTask
instanceKlass scala/PartialFunction$$anon$1
instanceKlass com/sun/source/tree/Tree
instanceKlass scala/meta/internal/parsing/JavaFoldingRangeExtractor$
instanceKlass  @bci scala/meta/internal/metals/MetalsLspService $anonfun$codeLens$1 (Lscala/meta/internal/metals/MetalsLspService;Lorg/eclipse/lsp4j/CodeLensParams;Lscala/meta/pc/CancelToken;)Lscala/concurrent/Future; 11 <appendix> member <vmtarget> ; # scala/meta/internal/metals/MetalsLspService$$Lambda+0x0000023682614810
instanceKlass  @bci scala/meta/internal/metals/MetalsLspService codeLens (Lorg/eclipse/lsp4j/CodeLensParams;)Ljava/util/concurrent/CompletableFuture; 5 <appendix> member <vmtarget> ; # scala/meta/internal/metals/MetalsLspService$$Lambda+0x00000236826130a0
instanceKlass  @bci scala/meta/internal/metals/UserConfiguration$ fromJson (Lcom/google/gson/JsonObject;Lscala/meta/internal/metals/ClientConfiguration;Ljava/util/Properties;)Lscala/util/Either; 140 <appendix> argL0 ; # scala/meta/internal/metals/UserConfiguration$$$Lambda+0x0000023682612cd8
instanceKlass  @bci scala/PartialFunction$ <clinit> ()V 18 <appendix> argL0 ; # scala/PartialFunction$$$Lambda+0x0000023682612910
instanceKlass  @bci scala/meta/internal/metals/UserConfiguration$ fromJson (Lcom/google/gson/JsonObject;Lscala/meta/internal/metals/ClientConfiguration;Ljava/util/Properties;)Lscala/util/Either; 118 <appendix> argL0 ; # scala/meta/internal/metals/UserConfiguration$$$Lambda+0x0000023682612658
instanceKlass  @bci scala/PartialFunction$ <clinit> ()V 10 <appendix> argL0 ; # scala/PartialFunction$$$Lambda+0x0000023682612290
instanceKlass  @bci scala/meta/internal/metals/UserConfiguration$ getStringMap$1 (Ljava/lang/String;Lcom/google/gson/JsonObject;Lscala/collection/mutable/ListBuffer;Ljava/util/Properties;)Lscala/Option; 4 <appendix> member <vmtarget> ; # scala/meta/internal/metals/UserConfiguration$$$Lambda+0x0000023682611ec0
instanceKlass scala/PartialFunction$
instanceKlass  @bci scala/meta/internal/parsing/FoldingRangeProvider getRangedForJava (Lscala/meta/io/AbsolutePath;)Ljava/util/List; 19 <appendix> member <vmtarget> ; # scala/meta/internal/parsing/FoldingRangeProvider$$Lambda+0x00000236826118e8
instanceKlass  @bci scala/meta/internal/metals/UserConfiguration$ fromJson (Lcom/google/gson/JsonObject;Lscala/meta/internal/metals/ClientConfiguration;Ljava/util/Properties;)Lscala/util/Either; 50 <appendix> argL0 ; # scala/meta/internal/metals/UserConfiguration$$$Lambda+0x0000023682611520
instanceKlass  @bci scala/meta/internal/parsing/FoldingRangeProvider getRangedForJava (Lscala/meta/io/AbsolutePath;)Ljava/util/List; 9 <appendix> member <vmtarget> ; # scala/meta/internal/parsing/FoldingRangeProvider$$Lambda+0x0000023682610d68
instanceKlass  @bci scala/meta/internal/metals/UserConfiguration$ fromJson (Lcom/google/gson/JsonObject;Lscala/meta/internal/metals/ClientConfiguration;Ljava/util/Properties;)Lscala/util/Either; 30 <appendix> argL0 ; # scala/meta/internal/metals/UserConfiguration$$$Lambda+0x00000236826109a0
instanceKlass  @bci scala/meta/internal/metals/UserConfiguration$ $anonfun$fromJson$7 (Lscala/Function1;Lcom/google/gson/JsonElement;)Lscala/Option; 10 <appendix> argL0 ; # scala/meta/internal/metals/UserConfiguration$$$Lambda+0x00000236826105d8
instanceKlass scala/Array$UnapplySeqWrapper
instanceKlass  @bci scala/meta/internal/metals/UserConfiguration$ $anonfun$fromJson$13 (Lscala/collection/mutable/ListBuffer;Ljava/lang/String;Lcom/google/gson/JsonElement;)Lscala/Option; 31 <appendix> argL0 ; # scala/meta/internal/metals/UserConfiguration$$$Lambda+0x0000023682610000
instanceKlass  @bci scala/meta/internal/metals/MetalsLspService $anonfun$foldingRange$1 (Lscala/meta/internal/metals/MetalsLspService;Lorg/eclipse/lsp4j/FoldingRangeRequestParams;Lscala/meta/pc/CancelToken;)Lscala/concurrent/Future; 59 <appendix> member <vmtarget> ; # scala/meta/internal/metals/MetalsLspService$$Lambda+0x000002368260fd18
instanceKlass  @bci scala/meta/internal/metals/UserConfiguration$ $anonfun$fromJson$13 (Lscala/collection/mutable/ListBuffer;Ljava/lang/String;Lcom/google/gson/JsonElement;)Lscala/Option; 20 <appendix> argL0 ; # scala/meta/internal/metals/UserConfiguration$$$Lambda+0x000002368260f950
instanceKlass scala/Array$UnapplySeqWrapper$
instanceKlass  @bci scala/meta/internal/metals/UserConfiguration$ $anonfun$fromJson$13 (Lscala/collection/mutable/ListBuffer;Ljava/lang/String;Lcom/google/gson/JsonElement;)Lscala/Option; 15 <appendix> member <vmtarget> ; # scala/meta/internal/metals/UserConfiguration$$$Lambda+0x000002368260f378
instanceKlass  @bci scala/meta/internal/semver/SemVer$Version$ $anonfun$fromString$1 (Ljava/lang/String;)Lscala/Option; 4 <appendix> member <vmtarget> ; # scala/meta/internal/semver/SemVer$Version$$$Lambda+0x000002368260f098
instanceKlass  @bci scala/meta/internal/metals/UserConfiguration$ $anonfun$fromJson$13 (Lscala/collection/mutable/ListBuffer;Ljava/lang/String;Lcom/google/gson/JsonElement;)Lscala/Option; 4 <appendix> member <vmtarget> ; # scala/meta/internal/metals/UserConfiguration$$$Lambda+0x000002368260ebe0
instanceKlass  @bci scala/meta/internal/semver/SemVer$Version$ fromString (Ljava/lang/String;)Lscala/meta/internal/semver/SemVer$Version; 38 <appendix> argL0 ; # scala/meta/internal/semver/SemVer$Version$$$Lambda+0x000002368260e818
instanceKlass  @bci scala/meta/internal/metals/UserConfiguration$ getKey$1 (Ljava/lang/String;Lcom/google/gson/JsonObject;Lscala/Function1;Ljava/util/Properties;)Lscala/Option; 37 <appendix> member <vmtarget> ; # scala/meta/internal/metals/UserConfiguration$$$Lambda+0x000002368260e448
instanceKlass  @bci scala/meta/internal/metals/UserConfiguration$ $anonfun$fromJson$5 (Lcom/google/gson/JsonObject;Ljava/lang/String;)Lscala/Option; 1 <appendix> member <vmtarget> ; # scala/meta/internal/metals/UserConfiguration$$$Lambda+0x000002368260e078
instanceKlass scala/meta/internal/semver/SemVer$Version$
instanceKlass  @bci scala/meta/internal/metals/UserConfiguration$ getKey$1 (Ljava/lang/String;Lcom/google/gson/JsonObject;Lscala/Function1;Ljava/util/Properties;)Lscala/Option; 28 <appendix> member <vmtarget> ; # scala/meta/internal/metals/UserConfiguration$$$Lambda+0x000002368260db68
instanceKlass  @bci scala/meta/internal/metals/UserConfiguration$ getKey$1 (Ljava/lang/String;Lcom/google/gson/JsonObject;Lscala/Function1;Ljava/util/Properties;)Lscala/Option; 18 <appendix> argL0 ; # scala/meta/internal/metals/UserConfiguration$$$Lambda+0x000002368260d7a0
instanceKlass  @bci scala/meta/internal/metals/MetalsLspService foldingRange (Lorg/eclipse/lsp4j/FoldingRangeRequestParams;)Ljava/util/concurrent/CompletableFuture; 5 <appendix> member <vmtarget> ; # scala/meta/internal/metals/MetalsLspService$$Lambda+0x000002368260d3d0
instanceKlass  @bci scala/meta/internal/metals/UserConfiguration$ getKey$1 (Ljava/lang/String;Lcom/google/gson/JsonObject;Lscala/Function1;Ljava/util/Properties;)Lscala/Option; 10 <appendix> argL0 ; # scala/meta/internal/metals/UserConfiguration$$$Lambda+0x000002368260d008
instanceKlass scala/meta/internal/semver/SemVer$
instanceKlass scala/meta/internal/metals/StringCase$
instanceKlass  @bci scala/meta/internal/metals/ScalaVersionSelector fallbackScalaVersion ()Ljava/lang/String; 91 <appendix> argL0 ; # scala/meta/internal/metals/ScalaVersionSelector$$Lambda+0x000002368260c940
instanceKlass  @bci scala/meta/internal/metals/UserConfiguration$ option$1 (Lscala/Function1;Ljava/lang/String;)Lscala/Option; 15 <appendix> member <vmtarget> ; # scala/meta/internal/metals/UserConfiguration$$$Lambda+0x000002368260c680
instanceKlass  @bci scala/meta/internal/metals/ScalaVersionSelector fallbackScalaVersion ()Ljava/lang/String; 69 <appendix> argL0 ; # scala/meta/internal/metals/ScalaVersionSelector$$Lambda+0x000002368260c2b8
instanceKlass  @bci scala/meta/internal/metals/UserConfiguration$ getKey$1 (Ljava/lang/String;Lcom/google/gson/JsonObject;Lscala/Function1;Ljava/util/Properties;)Lscala/Option; 1 <appendix> member <vmtarget> ; # scala/meta/internal/metals/UserConfiguration$$$Lambda+0x000002368260bee8
instanceKlass scala/meta/internal/metals/ScalaTarget
instanceKlass  @bci scala/meta/internal/metals/UserConfiguration$ getStringKeyOnObj$1 (Ljava/lang/String;Lcom/google/gson/JsonObject;Lscala/collection/mutable/ListBuffer;Ljava/util/Properties;)Lscala/Option; 4 <appendix> member <vmtarget> ; # scala/meta/internal/metals/UserConfiguration$$$Lambda+0x000002368260b710
instanceKlass scala/meta/internal/metals/JvmTarget
instanceKlass  @bci scala/meta/internal/metals/UserConfigurationSync $anonfun$optSyncUserConfiguration$3 (Lscala/meta/internal/metals/UserConfigurationSync;Lscala/collection/immutable/List;Lscala/Function1;Ljava/util/List;)Lscala/concurrent/Future; 30 <appendix> member <vmtarget> ; # scala/meta/internal/metals/UserConfigurationSync$$Lambda+0x000002368260b140
instanceKlass  @bci scala/meta/internal/metals/MetalsLspService $anonfun$inlayHints$1 (Lscala/meta/internal/metals/MetalsLspService;Lorg/eclipse/lsp4j/InlayHintParams;Lscala/meta/pc/CancelToken;)Lscala/concurrent/Future; 12 <appendix> member <vmtarget> ; # scala/meta/internal/metals/MetalsLspService$$Lambda+0x000002368260ad70
instanceKlass  @bci scala/meta/internal/metals/BuildTargets allScala ()Lscala/collection/Iterator; 4 <appendix> argL0 ; # scala/meta/internal/metals/BuildTargets$$Lambda+0x000002368260a9a8
instanceKlass  @bci scala/meta/internal/metals/MetalsLspService inlayHints (Lorg/eclipse/lsp4j/InlayHintParams;)Ljava/util/concurrent/CompletableFuture; 5 <appendix> member <vmtarget> ; # scala/meta/internal/metals/MetalsLspService$$Lambda+0x000002368260a5d8
instanceKlass scala/meta/internal/metals/ScalaVersions
instanceKlass org/eclipse/lsp4j/Position
instanceKlass  @bci scala/meta/internal/parsing/Trees get (Lscala/meta/io/AbsolutePath;)Lscala/Option; 27 <appendix> member <vmtarget> ; # scala/meta/internal/parsing/Trees$$Lambda+0x0000023682608e28
instanceKlass  @bci scala/meta/internal/metals/CancelTokens$ future (Lscala/Function1;Lscala/concurrent/ExecutionContextExecutorService;)Ljava/util/concurrent/CompletableFuture; 41 <appendix> member <vmtarget> ; # scala/meta/internal/metals/CancelTokens$$$Lambda+0x0000023682608a58
instanceKlass  @bci scala/meta/internal/metals/CancelTokens$ $anonfun$apply$1 (Lscala/Function1;Lscala/concurrent/ExecutionContextExecutorService;Lscala/meta/pc/CancelToken;)Lscala/concurrent/Future; 5 <appendix> member <vmtarget> ; # scala/meta/internal/metals/CancelTokens$$$Lambda+0x0000023682608798
instanceKlass  @bci scala/meta/internal/metals/FutureCancelToken <init> (Lscala/concurrent/Future;Lscala/concurrent/ExecutionContext;)V 25 <appendix> member <vmtarget> ; # scala/meta/internal/metals/FutureCancelToken$$Lambda+0x00000236826083c8
instanceKlass  @bci scala/meta/internal/metals/FutureCancelToken$ fromUnit (Lscala/concurrent/Future;Lscala/concurrent/ExecutionContext;)Lscala/meta/internal/metals/FutureCancelToken; 5 <appendix> argL0 ; # scala/meta/internal/metals/FutureCancelToken$$$Lambda+0x0000023682608000
instanceKlass scala/meta/internal/metals/FutureCancelToken
instanceKlass scala/meta/internal/metals/FutureCancelToken$
instanceKlass  @bci scala/meta/internal/metals/CancelTokens$ apply (Lscala/Function1;Lscala/concurrent/ExecutionContextExecutorService;)Ljava/util/concurrent/CompletableFuture; 3 <appendix> member <vmtarget> ; # scala/meta/internal/metals/CancelTokens$$$Lambda+0x0000023682607588
instanceKlass  @bci scala/meta/internal/metals/MetalsLspService documentSymbol (Lorg/eclipse/lsp4j/DocumentSymbolParams;)Ljava/util/concurrent/CompletableFuture; 5 <appendix> member <vmtarget> ; # scala/meta/internal/metals/MetalsLspService$$Lambda+0x00000236826071b8
instanceKlass scala/meta/internal/metals/CancelTokens$
instanceKlass  @bci scala/meta/internal/metals/WorkspaceLspService getServiceFor (Ljava/lang/String;)Lscala/meta/internal/metals/MetalsLspService; 6 <appendix> member <vmtarget> ; # scala/meta/internal/metals/WorkspaceLspService$$Lambda+0x00000236826065b8
instanceKlass  @bci scala/meta/internal/metals/WorkspaceLspService $anonfun$getServiceForOpt$5 (Lscala/meta/internal/metals/WorkspaceLspService;Ljava/lang/String;Lscala/meta/io/AbsolutePath;)Lscala/Option; 31 <appendix> argL0 ; # scala/meta/internal/metals/WorkspaceLspService$$Lambda+0x00000236826061f0
instanceKlass  @bci scala/meta/internal/metals/WorkspaceLspService getServiceForOpt (Ljava/lang/String;)Lscala/Option; 39 <appendix> member <vmtarget> ; # scala/meta/internal/metals/WorkspaceLspService$$Lambda+0x0000023682605e20
instanceKlass org/eclipse/lsp4j/TextDocumentIdentifier
instanceKlass  @bci scala/meta/internal/metals/UserConfigurationSync onDidChangeConfiguration (Lorg/eclipse/lsp4j/DidChangeConfigurationParams;Lscala/collection/immutable/List;)Lscala/concurrent/Future; 21 <appendix> argL0 ; # scala/meta/internal/metals/UserConfigurationSync$$Lambda+0x0000023682605948
instanceKlass  @bci scala/meta/internal/metals/UserConfigurationSync onDidChangeConfiguration (Lorg/eclipse/lsp4j/DidChangeConfigurationParams;Lscala/collection/immutable/List;)Lscala/concurrent/Future; 13 <appendix> member <vmtarget> ; # scala/meta/internal/metals/UserConfigurationSync$$Lambda+0x0000023682605688
instanceKlass  @bci scala/meta/internal/metals/UserConfigurationSync onDidChangeConfiguration (Lorg/eclipse/lsp4j/DidChangeConfigurationParams;Lscala/collection/immutable/List;)Lscala/concurrent/Future; 2 <appendix> argL0 ; # scala/meta/internal/metals/UserConfigurationSync$$Lambda+0x00000236826052c0
instanceKlass scala/collection/concurrent/CNode$
instanceKlass  @bci scala/meta/internal/metals/MetalsLspService didOpen (Lorg/eclipse/lsp4j/DidOpenTextDocumentParams;)Ljava/util/concurrent/CompletableFuture; 265 <appendix> member <vmtarget> ; # scala/meta/internal/metals/MetalsLspService$$Lambda+0x0000023682604ce8
instanceKlass  @bci scala/meta/internal/metals/BatchedFunction runRelease (Lscala/concurrent/Promise;)V 175 <appendix> member <vmtarget> ; # scala/meta/internal/metals/BatchedFunction$$Lambda+0x0000023682604918
instanceKlass  @bci scala/meta/internal/metals/BatchedFunction runRelease (Lscala/concurrent/Promise;)V 151 <appendix> member <vmtarget> ; # scala/meta/internal/metals/BatchedFunction$$Lambda+0x0000023682604548
instanceKlass  @bci scala/meta/internal/metals/BatchedFunction runRelease (Lscala/concurrent/Promise;)V 132 <appendix> member <vmtarget> ; # scala/meta/internal/metals/BatchedFunction$$Lambda+0x0000023682604178
instanceKlass  @bci scala/meta/internal/metals/MetalsEnrichments$XtensionScalaFuture ignoreValue (Lscala/concurrent/ExecutionContext;)Lscala/concurrent/Future; 4 <appendix> argL0 ; # scala/meta/internal/metals/MetalsEnrichments$XtensionScalaFuture$$Lambda+0x0000023682603db0
instanceKlass  @bci scala/meta/internal/metals/MetalsLspService $anonfun$parseTrees$1 (Lscala/meta/internal/metals/MetalsLspService;Lscala/collection/immutable/Seq;)Lscala/meta/internal/metals/CancelableFuture; 18 <appendix> member <vmtarget> ; # scala/meta/internal/metals/MetalsLspService$$Lambda+0x00000236826039e0
instanceKlass  @bci scala/meta/internal/metals/BatchedFunction runRelease (Lscala/concurrent/Promise;)V 44 <appendix> member <vmtarget> ; # scala/meta/internal/metals/BatchedFunction$$Lambda+0x0000023682603720
instanceKlass  @bci scala/meta/internal/metals/BatchedFunction runRelease (Lscala/concurrent/Promise;)V 30 <appendix> argL0 ; # scala/meta/internal/metals/BatchedFunction$$Lambda+0x0000023682603358
instanceKlass  @bci scala/meta/internal/metals/BatchedFunction runRelease (Lscala/concurrent/Promise;)V 19 <appendix> argL0 ; # scala/meta/internal/metals/BatchedFunction$$Lambda+0x0000023682602f90
instanceKlass scala/meta/internal/async/ConcurrentQueue$
instanceKlass  @bci scala/meta/internal/metals/BatchedFunction promise$lzycompute$1 (Lscala/runtime/LazyRef;)Lscala/concurrent/Promise; 38 <appendix> member <vmtarget> ; # scala/meta/internal/metals/BatchedFunction$$Lambda+0x00000236826029b8
instanceKlass scala/meta/internal/metals/BatchedFunction$Request
instanceKlass  @bci scala/meta/internal/metals/BatchedFunction apply (Ljava/lang/Object;)Lscala/concurrent/Future; 27 <appendix> argL0 ; # scala/meta/internal/metals/BatchedFunction$$Lambda+0x00000236826023f0
instanceKlass  @bci scala/meta/internal/metals/MetalsLspService didOpen (Lorg/eclipse/lsp4j/DidOpenTextDocumentParams;)Ljava/util/concurrent/CompletableFuture; 192 <appendix> member <vmtarget> ; # scala/meta/internal/metals/MetalsLspService$$Lambda+0x0000023682602020
instanceKlass  @bci scala/meta/internal/metals/MetalsLspService didOpen (Lorg/eclipse/lsp4j/DidOpenTextDocumentParams;)Ljava/util/concurrent/CompletableFuture; 173 <appendix> member <vmtarget> ; # scala/meta/internal/metals/MetalsLspService$$Lambda+0x0000023682601c50
instanceKlass  @bci scala/meta/internal/metals/MetalsLspService didOpen (Lorg/eclipse/lsp4j/DidOpenTextDocumentParams;)Ljava/util/concurrent/CompletableFuture; 164 <appendix> argL0 ; # scala/meta/internal/metals/MetalsLspService$$Lambda+0x0000023682601888
instanceKlass  @bci scala/meta/internal/metals/PackageProvider workspaceEdit (Lscala/meta/io/AbsolutePath;Ljava/lang/String;Lscala/Option;)Lscala/Option; 9 <appendix> member <vmtarget> ; # scala/meta/internal/metals/PackageProvider$$Lambda+0x00000236826014b8
instanceKlass scala/meta/internal/metals/newScalaFile/NewFileTemplate
instanceKlass  @bci scala/meta/internal/metals/PackageProvider packageStatement (Lscala/meta/io/AbsolutePath;Ljava/lang/String;)Lscala/Option; 108 <appendix> member <vmtarget> ; # scala/meta/internal/metals/PackageProvider$$Lambda+0x0000023682600e70
instanceKlass  @bci scala/meta/internal/metals/PackageProvider packageStatement (Lscala/meta/io/AbsolutePath;Ljava/lang/String;)Lscala/Option; 98 <appendix> argL0 ; # scala/meta/internal/metals/PackageProvider$$Lambda+0x0000023682600aa8
instanceKlass  @bci scala/meta/internal/metals/PackageProvider packageStatement (Lscala/meta/io/AbsolutePath;Ljava/lang/String;)Lscala/Option; 81 <appendix> member <vmtarget> ; # scala/meta/internal/metals/PackageProvider$$Lambda+0x00000236826007e8
instanceKlass scala/meta/internal/mtags/ScalametaCommonEnrichments$XtensionPathMetals
instanceKlass  @bci scala/meta/internal/metals/MetalsLspService didOpen (Lorg/eclipse/lsp4j/DidOpenTextDocumentParams;)Ljava/util/concurrent/CompletableFuture; 139 <appendix> member <vmtarget> ; # scala/meta/internal/metals/MetalsLspService$$Lambda+0x00000236826002d8
instanceKlass  @bci scala/meta/internal/metals/MetalsEnrichments$XtensionClientCapabilities supportsVersionedWorkspaceEdits ()Z 21 <appendix> argL0 ; # scala/meta/internal/metals/MetalsEnrichments$XtensionClientCapabilities$$Lambda+0x0000023682600000
instanceKlass  @bci scala/meta/internal/metals/MetalsEnrichments$XtensionClientCapabilities $anonfun$supportsVersionedWorkspaceEdits$3 (Lorg/eclipse/lsp4j/WorkspaceEditCapabilities;)Lscala/Option; 10 <appendix> argL0 ; # scala/meta/internal/metals/MetalsEnrichments$XtensionClientCapabilities$$Lambda+0x00000236825cac00
instanceKlass  @bci scala/meta/internal/metals/MetalsEnrichments$XtensionClientCapabilities $anonfun$supportsVersionedWorkspaceEdits$2 (Lorg/eclipse/lsp4j/WorkspaceClientCapabilities;)Lscala/Option; 10 <appendix> argL0 ; # scala/meta/internal/metals/MetalsEnrichments$XtensionClientCapabilities$$Lambda+0x00000236825cbbd8
instanceKlass  @bci scala/meta/internal/metals/MetalsEnrichments$XtensionClientCapabilities $anonfun$supportsVersionedWorkspaceEdits$1 (Lorg/eclipse/lsp4j/ClientCapabilities;)Lscala/Option; 10 <appendix> argL0 ; # scala/meta/internal/metals/MetalsEnrichments$XtensionClientCapabilities$$Lambda+0x00000236825cb810
instanceKlass  @bci scala/meta/internal/metals/MetalsEnrichments$XtensionClientCapabilities supportsVersionedWorkspaceEdits ()Z 13 <appendix> argL0 ; # scala/meta/internal/metals/MetalsEnrichments$XtensionClientCapabilities$$Lambda+0x00000236825cb448
instanceKlass scala/util/hashing/package$
instanceKlass  @bci scala/meta/internal/metals/MutableMd5Fingerprints add (Lscala/meta/io/AbsolutePath;Lscala/meta/internal/metals/Fingerprint;)V 5 <appendix> argL0 ; # scala/meta/internal/metals/MutableMd5Fingerprints$$Lambda+0x00000236825cb000
instanceKlass sun/security/provider/ByteArrayAccess$LE
instanceKlass scala/meta/internal/mtags/MD5$
instanceKlass  @bci scala/meta/internal/metals/MutableMd5Fingerprints add (Lscala/meta/io/AbsolutePath;Ljava/lang/String;Lscala/Option;)Lscala/meta/internal/metals/Fingerprint; 7 <appendix> member <vmtarget> ; # scala/meta/internal/metals/MutableMd5Fingerprints$$Lambda+0x00000236825df998
instanceKlass scala/meta/internal/metals/Fingerprint
instanceKlass  @bci scala/meta/internal/metals/MetalsLspService didOpen (Lorg/eclipse/lsp4j/DidOpenTextDocumentParams;)Ljava/util/concurrent/CompletableFuture; 66 <appendix> member <vmtarget> ; # scala/meta/internal/metals/MetalsLspService$$Lambda+0x00000236825df2e8
instanceKlass  @bci scala/meta/internal/metals/MetalsLspService didOpen (Lorg/eclipse/lsp4j/DidOpenTextDocumentParams;)Ljava/util/concurrent/CompletableFuture; 57 <appendix> member <vmtarget> ; # scala/meta/internal/metals/MetalsLspService$$Lambda+0x00000236825def18
instanceKlass  @bci scala/meta/internal/metals/MetalsLspService didOpen (Lorg/eclipse/lsp4j/DidOpenTextDocumentParams;)Ljava/util/concurrent/CompletableFuture; 37 <appendix> argL0 ; # scala/meta/internal/metals/MetalsLspService$$Lambda+0x00000236825dec60
instanceKlass  @bci scala/meta/internal/metals/ActiveFiles add (Lscala/meta/io/AbsolutePath;)V 4 <appendix> argL0 ; # scala/meta/internal/metals/ActiveFiles$$Lambda+0x00000236825dea10
instanceKlass scala/meta/internal/metals/ActiveFiles$Event
instanceKlass  @bci scala/meta/internal/metals/WorkspaceLspService didOpen (Lorg/eclipse/lsp4j/DidOpenTextDocumentParams;)Ljava/util/concurrent/CompletableFuture; 95 <appendix> member <vmtarget> ; # scala/meta/internal/metals/WorkspaceLspService$$Lambda+0x00000236825de460
instanceKlass  @bci scala/meta/internal/metals/WorkspaceLspService didOpen (Lorg/eclipse/lsp4j/DidOpenTextDocumentParams;)Ljava/util/concurrent/CompletableFuture; 86 <appendix> member <vmtarget> ; # scala/meta/internal/metals/WorkspaceLspService$$Lambda+0x00000236825de1a0
instanceKlass  @bci scala/meta/internal/metals/clients/language/MetalsStatusParams logMessage (Lscala/meta/internal/metals/Icons;)Ljava/lang/String; 59 <appendix> argL0 ; # scala/meta/internal/metals/clients/language/MetalsStatusParams$$Lambda+0x00000236825ddbf8
instanceKlass  @bci scala/meta/internal/metals/clients/language/MetalsStatusParams getStatusType ()Lscala/Enumeration$Value; 15 <appendix> argL0 ; # scala/meta/internal/metals/clients/language/MetalsStatusParams$$Lambda+0x00000236825dd940
instanceKlass  @bci scala/Enumeration withName (Ljava/lang/String;)Lscala/Enumeration$Value; 9 <appendix> member <vmtarget> ; # scala/Enumeration$$Lambda+0x00000236825dd680
instanceKlass  @bci scala/Enumeration$ValueSet scala$Enumeration$$byName$lzycompute ()Lscala/collection/immutable/Map; 14 <appendix> argL0 ; # scala/Enumeration$ValueSet$$Lambda+0x00000236825dd2b8
instanceKlass  @bci scala/Enumeration$ValueSet iterator ()Lscala/collection/Iterator; 8 <appendix> member <vmtarget> ; # scala/Enumeration$ValueSet$$Lambda+0x00000236825dcee8
instanceKlass scala/collection/mutable/SortedSet
instanceKlass scala/collection/mutable/SortedSetOps
instanceKlass scala/Enumeration$ValueSet$$anon$1
instanceKlass scala/collection/BitSet
instanceKlass scala/collection/BitSetOps
instanceKlass scala/collection/immutable/StrictOptimizedSortedSetOps
instanceKlass scala/collection/StrictOptimizedSortedSetOps
instanceKlass scala/collection/immutable/BitSet$
instanceKlass scala/collection/SortedIterableFactory
instanceKlass  @bci scala/meta/internal/metals/clients/language/MetalsStatusParams getStatusType ()Lscala/Enumeration$Value; 4 <appendix> member <vmtarget> ; # scala/meta/internal/metals/clients/language/MetalsStatusParams$$Lambda+0x00000236825d19a8
instanceKlass scala/meta/internal/bsp/ConnectionBspStatus$
instanceKlass  @bci scala/meta/internal/metals/WorkspaceLspService setFocusedDocument (Lscala/Option;)V 74 <appendix> member <vmtarget> ; # scala/meta/internal/metals/WorkspaceLspService$$Lambda+0x00000236825d15d8
instanceKlass  @bci scala/meta/internal/metals/WorkspaceLspService setFocusedDocument (Lscala/Option;)V 65 <appendix> member <vmtarget> ; # scala/meta/internal/metals/WorkspaceLspService$$Lambda+0x00000236825cf9b8
instanceKlass com/google/gson/internal/GsonTypes$GenericArrayTypeImpl
instanceKlass scala/meta/internal/tvp/MetalsCommand
instanceKlass scala/collection/mutable/ArrayBuilder$
instanceKlass scala/collection/immutable/SortedSet
instanceKlass scala/collection/immutable/SortedSetOps
instanceKlass scala/collection/SortedSet
instanceKlass scala/collection/SortedSetFactoryDefaults
instanceKlass scala/collection/SortedSetOps
instanceKlass scala/collection/SortedOps
instanceKlass scala/Enumeration$ValueSet$
instanceKlass scala/collection/SpecificIterableFactory
instanceKlass scala/Enumeration$ValueOrdering$
instanceKlass  @bci scala/Enumeration scala$Enumeration$$nameOf (I)Ljava/lang/String; 10 <appendix> member <vmtarget> ; # scala/Enumeration$$Lambda+0x00000236825cdab8
instanceKlass scala/Enumeration$Value
instanceKlass scala/Enumeration
instanceKlass scala/runtime/AbstractFunction9
instanceKlass scala/Function9
instanceKlass scala/meta/internal/metals/ModuleStatus$
instanceKlass  @bci scala/meta/internal/metals/ModuleStatus refresh ()V 103 <appendix> member <vmtarget> ; # scala/meta/internal/metals/ModuleStatus$$Lambda+0x00000236825cc3d0
instanceKlass  @bci scala/meta/internal/metals/BuildTargets inferBuildTargets (Lscala/meta/io/AbsolutePath;)Lscala/collection/immutable/List; 281 <appendix> member <vmtarget> ; # scala/meta/internal/metals/BuildTargets$$Lambda+0x00000236825cc000
instanceKlass  @bci scala/meta/internal/metals/BuildTargets inferBuildTargets (Lscala/meta/io/AbsolutePath;)Lscala/collection/immutable/List; 268 <appendix> member <vmtarget> ; # scala/meta/internal/metals/BuildTargets$$Lambda+0x00000236825c7b28
instanceKlass  @bci scala/meta/internal/metals/BuildTargets jarPath (Lscala/meta/io/AbsolutePath;)Lscala/Option; 11 <appendix> member <vmtarget> ; # scala/meta/internal/metals/BuildTargets$$Lambda+0x00000236825c7758
instanceKlass  @bci scala/meta/internal/metals/BuildTargets inverseSources (Lscala/meta/io/AbsolutePath;)Lscala/Option; 50 <appendix> member <vmtarget> ; # scala/meta/internal/metals/BuildTargets$$Lambda+0x00000236825c7498
instanceKlass org/h2/mvstore/db/MVSecondaryIndex$MVStoreCursor
instanceKlass  @bci scala/meta/internal/metals/DependencySources getBuildTarget (Lscala/meta/io/AbsolutePath;)Lscala/Option; 26 <appendix> argL0 ; # scala/meta/internal/metals/DependencySources$$Lambda+0x00000236825c6e90
instanceKlass  @bci scala/meta/internal/metals/DependencySources getBuildTarget (Lscala/meta/io/AbsolutePath;)Lscala/Option; 21 <appendix> member <vmtarget> ; # scala/meta/internal/metals/DependencySources$$Lambda+0x00000236825c6ac0
instanceKlass scala/meta/internal/metals/JdbcEnrichments$XtensionConnection
instanceKlass scala/meta/internal/metals/Tables$ConnectionState$Connected
instanceKlass  @bci org/flywaydb/core/FlywayExecutor showMemoryUsage ()V 48 <appendix> form vmentry <vmtarget> ; # java/lang/invoke/LambdaForm$MH+0x00000236825ca800
instanceKlass  @bci org/flywaydb/core/FlywayExecutor showMemoryUsage ()V 48 <appendix> argL3 form vmentry <vmtarget> ; # java/lang/invoke/LambdaForm$MH+0x00000236825ca400
# instanceKlass java/lang/invoke/LambdaForm$MH+0x00000236825ca000
# instanceKlass java/lang/invoke/LambdaForm$MH+0x00000236825c9c00
# instanceKlass java/lang/invoke/LambdaForm$MH+0x00000236825c9800
# instanceKlass java/lang/invoke/LambdaForm$MH+0x00000236825c9400
instanceKlass  @bci org/flywaydb/core/FlywayExecutor showMemoryUsage ()V 48 <appendix> argL1 form vmentry <vmtarget> ; # java/lang/invoke/LambdaForm$MH+0x00000236825c9000
# instanceKlass java/lang/invoke/LambdaForm$MH+0x00000236825c8c00
instanceKlass  @bci org/flywaydb/core/FlywayExecutor showMemoryUsage ()V 48 <appendix> argL1 argL0 form vmentry <vmtarget> ; # java/lang/invoke/LambdaForm$MH+0x00000236825c8800
# instanceKlass java/lang/invoke/LambdaForm$MH+0x00000236825c8400
# instanceKlass java/lang/invoke/LambdaForm$MH+0x00000236825c8000
instanceKlass  @bci org/flywaydb/core/internal/database/base/Connection restoreOriginalSchema ()V 12 <appendix> member <vmtarget> ; # org/flywaydb/core/internal/database/base/Connection$$Lambda+0x00000236825c5fb8
instanceKlass  @bci org/flywaydb/core/internal/command/MigrateTelemetryModel setFromMigrateResult (Lorg/flywaydb/core/api/output/MigrateResult;)V 44 <appendix> argL0 ; # org/flywaydb/core/internal/command/MigrateTelemetryModel$$Lambda+0x00000236825c5d78
instanceKlass  @bci org/flywaydb/core/internal/command/MigrateTelemetryModel setFromMigrateResult (Lorg/flywaydb/core/api/output/MigrateResult;)V 10 <appendix> argL0 ; # org/flywaydb/core/internal/command/MigrateTelemetryModel$$Lambda+0x00000236825c5b38
instanceKlass java/util/stream/ReduceOps$8ReducingSink
instanceKlass java/util/stream/Sink$OfLong
instanceKlass  @bci java/util/stream/LongPipeline sum ()J 2 <appendix> argL0 ; # java/util/stream/LongPipeline$$Lambda+0x00000236825e1118
instanceKlass java/util/function/LongBinaryOperator
instanceKlass  @bci org/flywaydb/core/api/output/MigrateResult getTotalMigrationTime ()J 28 <appendix> argL0 ; # org/flywaydb/core/api/output/MigrateResult$$Lambda+0x00000236825c5918
instanceKlass  @bci org/flywaydb/core/api/output/MigrateResult getTotalMigrationTime ()J 18 <appendix> argL0 ; # org/flywaydb/core/api/output/MigrateResult$$Lambda+0x00000236825c56c8
instanceKlass org/flywaydb/core/api/output/MigrateOutput
instanceKlass  @bci org/flywaydb/core/internal/command/DbMigrate migrateGroup (Z)Ljava/lang/Integer; 524 <appendix> member <vmtarget> ; # org/flywaydb/core/internal/command/DbMigrate$$Lambda+0x00000236825c5280
instanceKlass  @bci org/flywaydb/core/internal/info/MigrationInfoServiceImpl pending ()[Lorg/flywaydb/core/internal/info/MigrationInfoImpl; 59 <appendix> argL0 ; # org/flywaydb/core/internal/info/MigrationInfoServiceImpl$$Lambda+0x00000236825c5060
instanceKlass  @bci org/flywaydb/core/internal/info/MigrationInfoServiceImpl failed ()[Lorg/flywaydb/core/internal/info/MigrationInfoImpl; 59 <appendix> argL0 ; # org/flywaydb/core/internal/info/MigrationInfoServiceImpl$$Lambda+0x00000236825c4e40
instanceKlass  @bci org/flywaydb/core/internal/info/MigrationInfoServiceImpl future ()[Lorg/flywaydb/core/api/MigrationInfo; 82 <appendix> argL0 ; # org/flywaydb/core/internal/info/MigrationInfoServiceImpl$$Lambda+0x00000236825c4a28
instanceKlass org/h2/command/query/ForUpdate
instanceKlass org/flywaydb/core/internal/jdbc/TableLockingExecutionTemplate$1
instanceKlass org/flywaydb/core/internal/jdbc/TableLockingExecutionTemplate
instanceKlass  @bci org/flywaydb/core/internal/command/DbMigrate migrateAll ()I 93 <appendix> member <vmtarget> ; # org/flywaydb/core/internal/command/DbMigrate$$Lambda+0x00000236825c3d18
instanceKlass  @bci org/flywaydb/core/internal/callback/DefaultCallbackExecutor onMigrateOrUndoEvent (Lorg/flywaydb/core/api/callback/CallbackEvent;)V 29 <appendix> member <vmtarget> ; # org/flywaydb/core/internal/callback/DefaultCallbackExecutor$$Lambda+0x00000236825c3ac0
instanceKlass org/flywaydb/core/api/executor/Context
instanceKlass org/flywaydb/core/internal/command/DbMigrate
instanceKlass  @bci org/flywaydb/core/internal/command/DbSchemas create (Z)V 44 <appendix> member <vmtarget> ; # org/flywaydb/core/internal/command/DbSchemas$$Lambda+0x00000236825c31c8
instanceKlass org/flywaydb/core/internal/command/DbSchemas
instanceKlass org/flywaydb/core/api/output/OperationResultBase
instanceKlass org/flywaydb/core/internal/license/VersionPrinter
instanceKlass org/flywaydb/core/api/output/CommandResultFactory
instanceKlass org/flywaydb/core/internal/util/TimeFormat
instanceKlass org/flywaydb/core/internal/util/AbbreviationUtils
instanceKlass  @bci org/flywaydb/core/internal/util/ValidatePatternUtils isPendingIgnored ([Lorg/flywaydb/core/api/pattern/ValidatePattern;)Z 4 <appendix> argL0 ; # org/flywaydb/core/internal/util/ValidatePatternUtils$$Lambda+0x00000236825c2100
instanceKlass  @bci org/flywaydb/core/internal/util/ValidatePatternUtils isIgnoredIgnored ([Lorg/flywaydb/core/api/pattern/ValidatePattern;)Z 21 <appendix> argL0 ; # org/flywaydb/core/internal/util/ValidatePatternUtils$$Lambda+0x00000236825c1eb0
instanceKlass  @bci org/flywaydb/core/internal/util/ValidatePatternUtils isIgnoredIgnored ([Lorg/flywaydb/core/api/pattern/ValidatePattern;)Z 4 <appendix> argL0 ; # org/flywaydb/core/internal/util/ValidatePatternUtils$$Lambda+0x00000236825c1c60
instanceKlass org/flywaydb/core/internal/util/ValidatePatternUtils
instanceKlass  @bci org/flywaydb/core/internal/info/MigrationInfoImpl validate ()Lorg/flywaydb/core/api/ErrorDetails; 53 <appendix> member <vmtarget> ; # org/flywaydb/core/internal/info/MigrationInfoImpl$$Lambda+0x00000236825c1800
instanceKlass  @bci org/flywaydb/core/internal/info/MigrationInfoServiceImpl all ()[Lorg/flywaydb/core/api/MigrationInfo; 4 <appendix> argL0 ; # org/flywaydb/core/internal/info/MigrationInfoServiceImpl$$Lambda+0x00000236825c15e0
instanceKlass org/flywaydb/core/internal/info/MigrationInfoImpl
instanceKlass org/flywaydb/core/internal/info/AppliedMigrationAttributes
instanceKlass java/util/LinkedList$ListItr
instanceKlass  @bci org/flywaydb/core/internal/info/MigrationInfoServiceImpl getResolvedVersionedMigrations (Ljava/util/Collection;Lorg/flywaydb/core/internal/info/MigrationInfoContext;)Ljava/util/Map; 4 <appendix> argL0 ; # org/flywaydb/core/internal/info/MigrationInfoServiceImpl$$Lambda+0x00000236825c0b28
instanceKlass org/flywaydb/core/internal/info/MigrationInfoContext
instanceKlass  @bci org/flywaydb/core/internal/schemahistory/BaseAppliedMigration handlesType (Ljava/lang/String;)Z 17 <appendix> member <vmtarget> ; # org/flywaydb/core/internal/schemahistory/BaseAppliedMigration$$Lambda+0x00000236825c06a0
instanceKlass  @bci org/flywaydb/core/internal/schemahistory/BaseAppliedMigration handlesType (Ljava/lang/String;)Z 6 <appendix> argL0 ; # org/flywaydb/core/internal/schemahistory/BaseAppliedMigration$$Lambda+0x00000236825c0460
instanceKlass  @bci org/flywaydb/core/internal/schemahistory/JdbcTableSchemaHistory lambda$refreshCache$2 (Ljava/sql/ResultSet;)Lorg/flywaydb/core/extensibility/AppliedMigration; 332 <appendix> member <vmtarget> ; # org/flywaydb/core/internal/schemahistory/JdbcTableSchemaHistory$$Lambda+0x00000236825c0208
instanceKlass org/h2/util/LegacyDateTimeUtils
instanceKlass org/h2/index/IndexSort
instanceKlass org/h2/command/query/QueryOrderBy
instanceKlass  @bci org/flywaydb/core/internal/schemahistory/JdbcTableSchemaHistory refreshCache ()V 52 <appendix> member <vmtarget> ; # org/flywaydb/core/internal/schemahistory/JdbcTableSchemaHistory$$Lambda+0x00000236825bbdc0
instanceKlass org/flywaydb/core/internal/jdbc/RowMapper
instanceKlass  @bci org/flywaydb/core/internal/database/h2/H2Database getSelectStatement (Lorg/flywaydb/core/internal/database/base/Table;)Ljava/lang/String; 173 <adapter> ; # java/lang/invoke/LambdaForm$MH+0x00000236825bf000
# instanceKlass java/lang/invoke/LambdaForm$DMH+0x00000236825bec00
instanceKlass  @bci org/flywaydb/core/internal/database/h2/H2Database getSelectStatement (Lorg/flywaydb/core/internal/database/base/Table;)Ljava/lang/String; 173 <appendix> form vmentry <vmtarget> ; # java/lang/invoke/LambdaForm$MH+0x00000236825be800
# instanceKlass java/lang/invoke/LambdaForm$MH+0x00000236825be400
# instanceKlass java/lang/invoke/LambdaForm$MH+0x00000236825be000
# instanceKlass java/lang/invoke/LambdaForm$MH+0x00000236825bdc00
# instanceKlass java/lang/invoke/LambdaForm$MH+0x00000236825bd800
# instanceKlass java/lang/invoke/LambdaForm$MH+0x00000236825bd400
# instanceKlass java/lang/invoke/LambdaForm$MH+0x00000236825bd000
# instanceKlass java/lang/invoke/LambdaForm$MH+0x00000236825bcc00
# instanceKlass java/lang/invoke/LambdaForm$MH+0x00000236825bc800
# instanceKlass java/lang/invoke/LambdaForm$MH+0x00000236825bc400
# instanceKlass java/lang/invoke/LambdaForm$MH+0x00000236825bc000
instanceKlass org/h2/result/SimpleResult$Column
instanceKlass org/h2/result/SimpleResult
instanceKlass org/flywaydb/core/internal/resolver/ResolvedMigrationComparator
instanceKlass org/flywaydb/core/internal/resolver/sql/SqlMigrationExecutor
instanceKlass java/net/URLDecoder
instanceKlass org/flywaydb/core/internal/util/UrlUtils
instanceKlass org/flywaydb/core/internal/resolver/ResolvedMigrationImpl
instanceKlass org/flywaydb/core/api/resolver/ResolvedMigration
instanceKlass org/flywaydb/core/api/resolver/ChecksumMatcher
instanceKlass org/flywaydb/core/internal/util/IOUtils
instanceKlass org/flywaydb/core/internal/util/BomFilter
instanceKlass org/flywaydb/core/internal/resolver/ChecksumCalculator
instanceKlass  @bci org/flywaydb/core/internal/resolver/sql/SqlMigrationResolver getChecksumForLoadableResource (ZLjava/util/List;Lorg/flywaydb/core/internal/resource/ResourceName;Z)Ljava/lang/Integer; 34 <appendix> argL0 ; # org/flywaydb/core/internal/resolver/sql/SqlMigrationResolver$$Lambda+0x00000236825b9040
instanceKlass org/flywaydb/core/internal/sqlscript/SqlScriptMetadata
instanceKlass org/flywaydb/core/internal/sqlscript/SqlStatement
instanceKlass org/flywaydb/core/internal/sqlscript/SqlStatementIterator
instanceKlass org/flywaydb/core/internal/util/CloseableIterator
instanceKlass org/flywaydb/core/internal/sqlscript/ParserSqlScript
instanceKlass  @bci org/flywaydb/core/internal/resolver/CompositeMigrationResolver collectMigrations (Ljava/util/Collection;Lorg/flywaydb/core/api/resolver/MigrationResolver$Context;)Ljava/util/Collection; 7 <appendix> member <vmtarget> ; # org/flywaydb/core/internal/resolver/CompositeMigrationResolver$$Lambda+0x00000236825b3998
instanceKlass org/flywaydb/core/api/resolver/MigrationResolver$Context
instanceKlass org/flywaydb/core/internal/proprietaryInterfaces/CherryPickConfiguration
instanceKlass org/flywaydb/core/api/MigrationInfo
instanceKlass org/flywaydb/core/internal/info/MigrationInfoServiceImpl
instanceKlass org/flywaydb/core/api/MigrationInfoService
instanceKlass org/flywaydb/core/api/InfoOutputProvider
instanceKlass  @bci org/flywaydb/core/internal/command/DbValidate validate ()Lorg/flywaydb/core/api/output/ValidateResult; 156 <appendix> member <vmtarget> ; # org/flywaydb/core/internal/command/DbValidate$$Lambda+0x00000236825b2a68
instanceKlass org/flywaydb/core/internal/jdbc/TransactionalExecutionTemplate
instanceKlass org/flywaydb/core/internal/jdbc/ExecutionTemplateFactory
instanceKlass org/flywaydb/core/internal/util/StopWatch
instanceKlass  @bci org/h2/command/query/Select setGroupData (Lorg/h2/command/query/SelectGroups;)V 10 <appendix> member <vmtarget> ; # org/h2/command/query/Select$$Lambda+0x00000236825b7dc8
instanceKlass org/h2/command/query/SelectGroups
instanceKlass org/h2/expression/aggregate/Aggregate$1
instanceKlass org/flywaydb/core/internal/command/DbValidate
instanceKlass  @bci org/flywaydb/core/Flyway lambda$migrate$3 (Lorg/flywaydb/core/internal/command/MigrateTelemetryModel;Lorg/flywaydb/core/internal/resolver/CompositeMigrationResolver;Lorg/flywaydb/core/internal/schemahistory/SchemaHistory;Lorg/flywaydb/core/internal/database/base/Database;Lorg/flywaydb/core/internal/database/base/Schema;[Lorg/flywaydb/core/internal/database/base/Schema;Lorg/flywaydb/core/internal/callback/CallbackExecutor;Lorg/flywaydb/core/internal/jdbc/StatementInterceptor;)Lorg/flywaydb/core/api/output/MigrateResult; 56 <appendix> argL0 ; # org/flywaydb/core/Flyway$$Lambda+0x00000236825b7050
instanceKlass  @bci org/flywaydb/core/api/configuration/ClassicConfiguration getIgnoreMigrationPatterns ()[Lorg/flywaydb/core/api/pattern/ValidatePattern; 77 <appendix> argL0 ; # org/flywaydb/core/api/configuration/ClassicConfiguration$$Lambda+0x00000236825b69f0
instanceKlass  @bci org/flywaydb/core/api/configuration/ClassicConfiguration getIgnoreMigrationPatterns ()[Lorg/flywaydb/core/api/pattern/ValidatePattern; 67 <appendix> argL0 ; # org/flywaydb/core/api/configuration/ClassicConfiguration$$Lambda+0x00000236825b65b8
instanceKlass org/flywaydb/core/api/pattern/ValidatePattern
instanceKlass  @bci org/flywaydb/core/api/configuration/ClassicConfiguration getIgnoreMigrationPatterns ()[Lorg/flywaydb/core/api/pattern/ValidatePattern; 27 <appendix> argL0 ; # org/flywaydb/core/api/configuration/ClassicConfiguration$$Lambda+0x00000236825b6180
instanceKlass  @bci org/flywaydb/core/FlywayExecutor execute (Lorg/flywaydb/core/FlywayExecutor$Command;ZLorg/flywaydb/core/FlywayTelemetryManager;Lorg/flywaydb/core/internal/jdbc/JdbcConnectionFactory;)Ljava/lang/Object; 511 <appendix> argL0 ; # org/flywaydb/core/FlywayExecutor$$Lambda+0x00000236825b5f60
instanceKlass org/flywaydb/core/internal/resolver/java/FixedJavaMigrationResolver
instanceKlass org/flywaydb/core/internal/resolver/java/ScanningJavaMigrationResolver
instanceKlass org/flywaydb/core/internal/resolver/sql/SqlMigrationResolver
instanceKlass  @bci org/flywaydb/core/internal/callback/DefaultCallbackExecutor execute (Lorg/flywaydb/core/api/callback/CallbackEvent;Lorg/flywaydb/core/internal/database/base/Connection;)Ljava/util/Collection; 66 <appendix> argL0 ; # org/flywaydb/core/internal/callback/DefaultCallbackExecutor$$Lambda+0x00000236825b5420
instanceKlass  @bci org/flywaydb/core/internal/callback/DefaultCallbackExecutor execute (Lorg/flywaydb/core/api/callback/CallbackEvent;Lorg/flywaydb/core/internal/database/base/Connection;)Ljava/util/Collection; 49 <appendix> member <vmtarget> ; # org/flywaydb/core/internal/callback/DefaultCallbackExecutor$$Lambda+0x00000236825b51e8
instanceKlass  @bci org/flywaydb/core/internal/callback/DefaultCallbackExecutor execute (Lorg/flywaydb/core/api/callback/CallbackEvent;Lorg/flywaydb/core/internal/database/base/Connection;)Ljava/util/Collection; 26 <appendix> member <vmtarget> ; # org/flywaydb/core/internal/callback/DefaultCallbackExecutor$$Lambda+0x00000236825b4f90
instanceKlass org/flywaydb/core/api/callback/Statement
instanceKlass org/flywaydb/core/internal/callback/SimpleContext
instanceKlass  @bci org/flywaydb/core/internal/callback/DefaultCallbackExecutor <init> (Lorg/flywaydb/core/api/configuration/Configuration;Lorg/flywaydb/core/internal/database/base/Database;Lorg/flywaydb/core/internal/database/base/Schema;Lorg/flywaydb/core/FlywayTelemetryManager;Ljava/util/Collection;)V 42 <appendix> argL0 ; # org/flywaydb/core/internal/callback/DefaultCallbackExecutor$$Lambda+0x00000236825b48e0
instanceKlass  @bci org/flywaydb/core/FlywayExecutor prepareCallbacks (Lorg/flywaydb/core/internal/database/base/Database;Lorg/flywaydb/core/api/ResourceProvider;Lorg/flywaydb/core/internal/jdbc/JdbcConnectionFactory;Lorg/flywaydb/core/internal/sqlscript/SqlScriptFactory;Lorg/flywaydb/core/internal/jdbc/StatementInterceptor;Lorg/flywaydb/core/internal/database/base/Schema;Lorg/flywaydb/core/internal/parser/ParsingContext;Lorg/flywaydb/core/FlywayTelemetryManager;)Ljava/util/List; 317 <appendix> argL0 ; # org/flywaydb/core/FlywayExecutor$$Lambda+0x00000236825b46a0
instanceKlass  @bci org/flywaydb/core/FlywayExecutor prepareCallbacks (Lorg/flywaydb/core/internal/database/base/Database;Lorg/flywaydb/core/api/ResourceProvider;Lorg/flywaydb/core/internal/jdbc/JdbcConnectionFactory;Lorg/flywaydb/core/internal/sqlscript/SqlScriptFactory;Lorg/flywaydb/core/internal/jdbc/StatementInterceptor;Lorg/flywaydb/core/internal/database/base/Schema;Lorg/flywaydb/core/internal/parser/ParsingContext;Lorg/flywaydb/core/FlywayTelemetryManager;)Ljava/util/List; 307 <appendix> argL0 ; # org/flywaydb/core/FlywayExecutor$$Lambda+0x00000236825b4450
instanceKlass org/flywaydb/core/internal/callback/InternalCallback
instanceKlass  @bci org/flywaydb/core/FlywayExecutor prepareCallbacks (Lorg/flywaydb/core/internal/database/base/Database;Lorg/flywaydb/core/api/ResourceProvider;Lorg/flywaydb/core/internal/jdbc/JdbcConnectionFactory;Lorg/flywaydb/core/internal/sqlscript/SqlScriptFactory;Lorg/flywaydb/core/internal/jdbc/StatementInterceptor;Lorg/flywaydb/core/internal/database/base/Schema;Lorg/flywaydb/core/internal/parser/ParsingContext;Lorg/flywaydb/core/FlywayTelemetryManager;)Ljava/util/List; 268 <appendix> argL0 ; # org/flywaydb/core/FlywayExecutor$$Lambda+0x00000236825b4000
instanceKlass  @bci org/flywaydb/core/FlywayExecutor prepareCallbacks (Lorg/flywaydb/core/internal/database/base/Database;Lorg/flywaydb/core/api/ResourceProvider;Lorg/flywaydb/core/internal/jdbc/JdbcConnectionFactory;Lorg/flywaydb/core/internal/sqlscript/SqlScriptFactory;Lorg/flywaydb/core/internal/jdbc/StatementInterceptor;Lorg/flywaydb/core/internal/database/base/Schema;Lorg/flywaydb/core/internal/parser/ParsingContext;Lorg/flywaydb/core/FlywayTelemetryManager;)Ljava/util/List; 216 <appendix> argL0 ; # org/flywaydb/core/FlywayExecutor$$Lambda+0x00000236825af918
instanceKlass org/flywaydb/core/internal/callback/SqlScriptCallbackFactory$ParseCallbackEvent
instanceKlass org/flywaydb/core/internal/callback/SqlScriptCallbackFactory
instanceKlass  @bci org/flywaydb/core/FlywayExecutor prepareCallbacks (Lorg/flywaydb/core/internal/database/base/Database;Lorg/flywaydb/core/api/ResourceProvider;Lorg/flywaydb/core/internal/jdbc/JdbcConnectionFactory;Lorg/flywaydb/core/internal/sqlscript/SqlScriptFactory;Lorg/flywaydb/core/internal/jdbc/StatementInterceptor;Lorg/flywaydb/core/internal/database/base/Schema;Lorg/flywaydb/core/internal/parser/ParsingContext;Lorg/flywaydb/core/FlywayTelemetryManager;)Ljava/util/List; 152 <appendix> argL0 ; # org/flywaydb/core/FlywayExecutor$$Lambda+0x00000236825af2e0
instanceKlass org/flywaydb/core/internal/resolver/script/ScriptMigrationResolver$ParseCallbackEvent
instanceKlass  @bci org/flywaydb/core/internal/resolver/script/ScriptMigrationResolver <init> (Lorg/flywaydb/core/api/ResourceProvider;Lorg/flywaydb/core/api/configuration/Configuration;Lorg/flywaydb/core/internal/parser/ParsingContext;Lorg/flywaydb/core/internal/jdbc/StatementInterceptor;)V 61 <appendix> argL0 ; # org/flywaydb/core/internal/resolver/script/ScriptMigrationResolver$$Lambda+0x00000236825aeec0
instanceKlass  @bci org/flywaydb/core/internal/resolver/script/ScriptMigrationResolver <init> (Lorg/flywaydb/core/api/ResourceProvider;Lorg/flywaydb/core/api/configuration/Configuration;Lorg/flywaydb/core/internal/parser/ParsingContext;Lorg/flywaydb/core/internal/jdbc/StatementInterceptor;)V 51 <appendix> argL0 ; # org/flywaydb/core/internal/resolver/script/ScriptMigrationResolver$$Lambda+0x00000236825aec80
instanceKlass org/flywaydb/core/internal/resolver/script/ScriptMigrationResolver
instanceKlass  @bci org/flywaydb/core/api/configuration/ClassicConfiguration getErrorOverrides ()[Ljava/lang/String; 38 <appendix> argL0 ; # org/flywaydb/core/api/configuration/ClassicConfiguration$$Lambda+0x00000236825ae758
instanceKlass org/flywaydb/core/api/callback/Context
instanceKlass org/flywaydb/core/internal/callback/DefaultCallbackExecutor
instanceKlass  @bci org/flywaydb/core/api/configuration/ClassicConfiguration getCallbackLocations ()[Lorg/flywaydb/core/api/Location; 60 <appendix> argL0 ; # org/flywaydb/core/api/configuration/ClassicConfiguration$$Lambda+0x00000236825adbb8
instanceKlass  @bci org/flywaydb/core/api/configuration/ClassicConfiguration getCallbackLocations ()[Lorg/flywaydb/core/api/Location; 41 <appendix> argL0 ; # org/flywaydb/core/api/configuration/ClassicConfiguration$$Lambda+0x00000236825ad998
instanceKlass  @bci org/flywaydb/core/internal/resource/ResourceName getFilenameWithoutSuffix ()Ljava/lang/String; 66 <appendix> form vmentry <vmtarget> ; # java/lang/invoke/LambdaForm$MH+0x00000236825b1000
# instanceKlass java/lang/invoke/LambdaForm$MH+0x00000236825b0c00
# instanceKlass java/lang/invoke/LambdaForm$MH+0x00000236825b0800
# instanceKlass java/lang/invoke/LambdaForm$MH+0x00000236825b0400
# instanceKlass java/lang/invoke/LambdaForm$MH+0x00000236825b0000
instanceKlass java/text/DontCareFieldPosition$1
instanceKlass java/text/Format$FieldDelegate
instanceKlass org/h2/index/DualCursor
instanceKlass org/flywaydb/core/internal/database/base/SchemaObject
instanceKlass  @bci org/flywaydb/core/api/configuration/ClassicConfiguration getSchemas ()[Ljava/lang/String; 7 <appendix> argL0 ; # org/flywaydb/core/api/configuration/ClassicConfiguration$$Lambda+0x00000236825ac720
instanceKlass org/flywaydb/core/internal/schemahistory/SchemaHistoryFactory
instanceKlass org/flywaydb/core/internal/database/base/CommunityDatabaseType
instanceKlass org/h2/index/MetaCursor
instanceKlass jdk/internal/math/DoubleToDecimal
instanceKlass jdk/internal/math/FormattedFPDecimal
instanceKlass  @bci org/h2/engine/SettingsBase getSortedSettings ()[Ljava/util/Map$Entry; 21 <appendix> argL0 ; # org/h2/engine/SettingsBase$$Lambda+0x00000236825ab7c8
instanceKlass  @bci org/h2/table/InformationSchemaTable settings (Lorg/h2/engine/SessionLocal;Ljava/util/ArrayList;)V 539 <appendix> member <vmtarget> ; # org/h2/table/InformationSchemaTable$$Lambda+0x00000236825ab590
instanceKlass org/h2/command/query/Query$OffsetFetch
instanceKlass  @bci org/h2/table/Plan <init> ([Lorg/h2/table/TableFilter;ILorg/h2/expression/Expression;)V 84 <appendix> member <vmtarget> ; # org/h2/table/Plan$$Lambda+0x00000236825aad20
instanceKlass org/h2/table/Plan
instanceKlass org/h2/command/query/Optimizer
instanceKlass  @bci org/h2/command/query/Select prepareExpressions ()V 59 <appendix> member <vmtarget> ; # org/h2/command/query/Select$$Lambda+0x00000236825a7cf8
instanceKlass org/h2/result/FetchedResult
instanceKlass org/h2/result/LocalResult
instanceKlass  @bci org/flywaydb/core/internal/database/base/Database determineVersion ()Lorg/flywaydb/core/api/MigrationVersion; 18 <appendix> form vmentry <vmtarget> ; # java/lang/invoke/LambdaForm$MH+0x00000236825a6c00
instanceKlass  @bci org/flywaydb/core/internal/database/base/Database determineVersion ()Lorg/flywaydb/core/api/MigrationVersion; 18 <appendix> argL3 form vmentry <vmtarget> ; # java/lang/invoke/LambdaForm$MH+0x00000236825a6800
# instanceKlass java/lang/invoke/LambdaForm$MH+0x00000236825a6400
# instanceKlass java/lang/invoke/LambdaForm$MH+0x00000236825a6000
# instanceKlass java/lang/invoke/LambdaForm$MH+0x00000236825a5c00
# instanceKlass java/lang/invoke/LambdaForm$MH+0x00000236825a5800
instanceKlass  @bci org/flywaydb/core/internal/database/base/Database determineVersion ()Lorg/flywaydb/core/api/MigrationVersion; 18 <appendix> argL1 form vmentry <vmtarget> ; # java/lang/invoke/LambdaForm$MH+0x00000236825a5400
# instanceKlass java/lang/invoke/LambdaForm$MH+0x00000236825a5000
# instanceKlass java/lang/invoke/LambdaForm$MH+0x00000236825a4c00
# instanceKlass java/lang/invoke/LambdaForm$MH+0x00000236825a4800
instanceKlass org/flywaydb/core/api/callback/Warning
instanceKlass org/flywaydb/core/internal/jdbc/JdbcTemplate
instanceKlass org/flywaydb/core/internal/database/base/Connection
instanceKlass  @bci org/flywaydb/core/FlywayExecutor execute (Lorg/flywaydb/core/FlywayExecutor$Command;ZLorg/flywaydb/core/FlywayTelemetryManager;Lorg/flywaydb/core/internal/jdbc/JdbcConnectionFactory;)Ljava/lang/Object; 153 <appendix> member <vmtarget> ; # org/flywaydb/core/FlywayExecutor$$Lambda+0x00000236825a2b08
instanceKlass  @cpi org/flywaydb/core/FlywayExecutor 723 form vmentry <vmtarget> ; # java/lang/invoke/LambdaForm$DMH+0x00000236825a4400
instanceKlass org/flywaydb/core/internal/jdbc/JdbcConnectionFactory$ConnectionInitializer
instanceKlass  @bci org/flywaydb/core/internal/database/base/BaseDatabaseType createSqlScriptExecutorFactory (Lorg/flywaydb/core/internal/jdbc/JdbcConnectionFactory;Lorg/flywaydb/core/internal/callback/CallbackExecutor;Lorg/flywaydb/core/internal/jdbc/StatementInterceptor;)Lorg/flywaydb/core/internal/sqlscript/SqlScriptExecutorFactory; 8 <appendix> member <vmtarget> ; # org/flywaydb/core/internal/database/base/BaseDatabaseType$$Lambda+0x00000236825a26e0
instanceKlass  @cpi org/flywaydb/core/internal/database/base/BaseDatabaseType 281 form vmentry <vmtarget> ; # java/lang/invoke/LambdaForm$DMH+0x00000236825a4000
instanceKlass org/flywaydb/core/internal/sqlscript/SqlScriptExecutorFactory
instanceKlass org/flywaydb/core/internal/strategy/RetryStrategy
instanceKlass org/flywaydb/core/internal/resource/ResourceName
instanceKlass  @bci org/flywaydb/core/api/configuration/ClassicConfiguration getSqlMigrationSuffixes ()[Ljava/lang/String; 40 <appendix> argL0 ; # org/flywaydb/core/api/configuration/ClassicConfiguration$$Lambda+0x00000236825a17e8
instanceKlass  @bci org/flywaydb/core/internal/resource/ResourceNameParser populatePrefixes (Lorg/flywaydb/core/api/configuration/Configuration;)Ljava/util/List; 31 <appendix> argL0 ; # org/flywaydb/core/internal/resource/ResourceNameParser$$Lambda+0x00000236825a1550
instanceKlass  @bci org/flywaydb/core/internal/plugin/PluginRegister getExact (Ljava/lang/Class;)Lorg/flywaydb/core/extensibility/Plugin; 10 <appendix> member <vmtarget> ; # org/flywaydb/core/internal/plugin/PluginRegister$$Lambda+0x00000236825a0ea0
instanceKlass org/flywaydb/core/extensibility/ResourceType
instanceKlass  @bci org/flywaydb/core/internal/resource/ResourceNameParser populatePrefixes (Lorg/flywaydb/core/api/configuration/Configuration;)Ljava/util/List; 21 <appendix> member <vmtarget> ; # org/flywaydb/core/internal/resource/ResourceNameParser$$Lambda+0x000002368259fdb0
instanceKlass org/flywaydb/core/internal/resource/ResourceNameParser
instanceKlass  @bci org/flywaydb/core/internal/database/base/BaseDatabaseType createSqlScriptFactory (Lorg/flywaydb/core/api/configuration/Configuration;Lorg/flywaydb/core/internal/parser/ParsingContext;)Lorg/flywaydb/core/internal/sqlscript/SqlScriptFactory; 3 <appendix> member <vmtarget> ; # org/flywaydb/core/internal/database/base/BaseDatabaseType$$Lambda+0x000002368259f968
instanceKlass org/flywaydb/core/internal/sqlscript/SqlScriptFactory
instanceKlass org/flywaydb/core/internal/parser/ParsingContext
instanceKlass  @bci org/flywaydb/core/internal/scanner/Scanner lambda$new$5 (Ljava/util/Collection;Ljava/lang/Class;Lorg/flywaydb/core/api/configuration/Configuration;Lorg/flywaydb/core/api/Location;)V 28 <appendix> member <vmtarget> ; # org/flywaydb/core/internal/scanner/Scanner$$Lambda+0x000002368259f2f0
instanceKlass  @bci org/flywaydb/core/internal/scanner/Scanner lambda$new$5 (Ljava/util/Collection;Ljava/lang/Class;Lorg/flywaydb/core/api/configuration/Configuration;Lorg/flywaydb/core/api/Location;)V 8 <appendix> member <vmtarget> ; # org/flywaydb/core/internal/scanner/Scanner$$Lambda+0x000002368259f098
instanceKlass  @bci org/flywaydb/core/internal/scanner/Scanner <init> (Ljava/lang/Class;Lorg/flywaydb/core/api/configuration/Configuration;[Lorg/flywaydb/core/api/Location;)V 147 <appendix> member <vmtarget> ; # org/flywaydb/core/internal/scanner/Scanner$$Lambda+0x000002368259ee60
instanceKlass  @bci org/flywaydb/core/internal/scanner/classpath/ClassPathScanner matchesAnyWildcardRestrictions (Lorg/flywaydb/core/api/Location;Ljava/lang/String;)Ljava/lang/Boolean; 8 <appendix> member <vmtarget> ; # org/flywaydb/core/internal/scanner/classpath/ClassPathScanner$$Lambda+0x000002368259e718
instanceKlass java/util/zip/ZipFile$ZipEntryIterator
instanceKlass org/flywaydb/core/internal/scanner/classpath/JarFileClassPathLocationScanner
instanceKlass org/flywaydb/core/internal/scanner/classpath/DefaultUrlResolver
instanceKlass  @bci org/flywaydb/core/internal/scanner/Scanner lambda$new$2 (Ljava/util/Collection;Lorg/flywaydb/core/api/configuration/Configuration;Lorg/flywaydb/core/api/Location;)V 25 <appendix> member <vmtarget> ; # org/flywaydb/core/internal/scanner/Scanner$$Lambda+0x000002368259e088
instanceKlass  @bci org/flywaydb/core/internal/scanner/Scanner lambda$new$2 (Ljava/util/Collection;Lorg/flywaydb/core/api/configuration/Configuration;Lorg/flywaydb/core/api/Location;)V 7 <appendix> member <vmtarget> ; # org/flywaydb/core/internal/scanner/Scanner$$Lambda+0x000002368259de30
instanceKlass  @bci org/flywaydb/core/internal/scanner/Scanner <init> (Ljava/lang/Class;Lorg/flywaydb/core/api/configuration/Configuration;[Lorg/flywaydb/core/api/Location;)V 58 <appendix> member <vmtarget> ; # org/flywaydb/core/internal/scanner/Scanner$$Lambda+0x000002368259dbf8
instanceKlass org/flywaydb/core/internal/scanner/Scanner
instanceKlass  @bci org/flywaydb/core/api/configuration/ClassicConfiguration getLocations ()[Lorg/flywaydb/core/api/Location; 52 <appendix> argL0 ; # org/flywaydb/core/api/configuration/ClassicConfiguration$$Lambda+0x000002368259d778
instanceKlass  @bci org/flywaydb/core/internal/util/Locations getParentLocationIfExists (Ljava/util/Collection;Lorg/flywaydb/core/api/Location;Ljava/util/Collection;)Lorg/flywaydb/core/api/Location; 9 <appendix> member <vmtarget> ; # org/flywaydb/core/internal/util/Locations$$Lambda+0x000002368259d328
instanceKlass  @cpi org/flywaydb/core/internal/util/Locations 252 form vmentry <vmtarget> ; # java/lang/invoke/LambdaForm$DMH+0x000002368259bc00
instanceKlass  @bci org/flywaydb/core/internal/util/Locations <init> ([Ljava/lang/String;)V 20 <appendix> argL0 ; # org/flywaydb/core/internal/util/Locations$$Lambda+0x000002368259d0e8
instanceKlass  @bci org/flywaydb/core/api/configuration/ClassicConfiguration getLocations ()[Lorg/flywaydb/core/api/Location; 31 <appendix> argL0 ; # org/flywaydb/core/api/configuration/ClassicConfiguration$$Lambda+0x000002368259cec8
instanceKlass org/flywaydb/core/internal/util/Locations
instanceKlass  @bci org/flywaydb/core/FlywayExecutor execute (Lorg/flywaydb/core/FlywayExecutor$Command;ZLorg/flywaydb/core/FlywayTelemetryManager;Lorg/flywaydb/core/internal/jdbc/JdbcConnectionFactory;)Ljava/lang/Object; 20 <appendix> member <vmtarget> ; # org/flywaydb/core/FlywayExecutor$$Lambda+0x000002368259cc70
instanceKlass  @bci scribe/slf4j/SLF4JHelper$ log (Ljava/lang/String;Lscribe/Level;Ljava/lang/String;Lscala/Option;)V 91 <appendix> member <vmtarget> ; # scribe/slf4j/SLF4JHelper$$$Lambda+0x000002368259c9b0
instanceKlass  @bci scribe/message/LoggableMessage$ throwableList2Messages (Lscala/collection/immutable/List;)Lscala/collection/immutable/List; 1 <appendix> argL0 ; # scribe/message/LoggableMessage$$$Lambda+0x000002368259c5e8
instanceKlass scribe/throwable/TraceLoggableMessage
instanceKlass  @bci scribe/slf4j/SLF4JHelper$ log (Ljava/lang/String;Lscribe/Level;Ljava/lang/String;Lscala/Option;)V 13 <appendix> member <vmtarget> ; # scribe/slf4j/SLF4JHelper$$$Lambda+0x000002368259c000
instanceKlass scribe/slf4j/SLF4JHelper$
instanceKlass scribe/slf4j/SLF4JHelper
instanceKlass  @bci org/flywaydb/core/internal/database/DatabaseTypeRegister getDatabaseTypeForConnection (Ljava/sql/Connection;Lorg/flywaydb/core/api/configuration/Configuration;)Lorg/flywaydb/core/internal/database/DatabaseType; 55 <appendix> member <vmtarget> ; # org/flywaydb/core/internal/database/DatabaseTypeRegister$$Lambda+0x0000023682597370
instanceKlass  @bci org/flywaydb/core/internal/database/DatabaseTypeRegister getDatabaseTypeForConnection (Ljava/sql/Connection;Lorg/flywaydb/core/api/configuration/Configuration;)Lorg/flywaydb/core/internal/database/DatabaseType; 39 <appendix> member <vmtarget> ; # org/flywaydb/core/internal/database/DatabaseTypeRegister$$Lambda+0x0000023682597118
instanceKlass  @bci org/flywaydb/core/internal/database/DatabaseTypeRegister getDatabaseTypeForConnection (Ljava/sql/Connection;Lorg/flywaydb/core/api/configuration/Configuration;)Lorg/flywaydb/core/internal/database/DatabaseType; 25 <appendix> member <vmtarget> ; # org/flywaydb/core/internal/database/DatabaseTypeRegister$$Lambda+0x0000023682596ec0
instanceKlass org/h2/engine/Constants
instanceKlass  @bci org/flywaydb/core/internal/jdbc/JdbcUtils getDatabaseProductName (Ljava/sql/DatabaseMetaData;)Ljava/lang/String; 34 <adapter> ; # java/lang/invoke/LambdaForm$MH+0x000002368259b800
# instanceKlass java/lang/invoke/LambdaForm$DMH+0x000002368259b400
instanceKlass  @bci org/flywaydb/core/internal/jdbc/JdbcUtils getDatabaseProductName (Ljava/sql/DatabaseMetaData;)Ljava/lang/String; 34 <appendix> form vmentry <vmtarget> ; # java/lang/invoke/LambdaForm$MH+0x000002368259b000
# instanceKlass java/lang/invoke/LambdaForm$MH+0x000002368259ac00
instanceKlass  @bci org/flywaydb/core/internal/jdbc/JdbcUtils getDatabaseProductName (Ljava/sql/DatabaseMetaData;)Ljava/lang/String; 34 <appendix> form names 7 function resolvedHandle form vmentry <vmtarget> ; # java/lang/invoke/LambdaForm$DMH+0x000002368259a800
instanceKlass  @bci org/flywaydb/core/internal/jdbc/JdbcUtils getDatabaseProductName (Ljava/sql/DatabaseMetaData;)Ljava/lang/String; 34 <appendix> argL3 form vmentry <vmtarget> ; # java/lang/invoke/LambdaForm$MH+0x000002368259a400
# instanceKlass java/lang/invoke/LambdaForm$MH+0x000002368259a000
# instanceKlass java/lang/invoke/LambdaForm$MH+0x0000023682599c00
# instanceKlass java/lang/invoke/LambdaForm$MH+0x0000023682599800
# instanceKlass java/lang/invoke/LambdaForm$MH+0x0000023682599400
instanceKlass  @bci org/flywaydb/core/internal/jdbc/JdbcUtils getDatabaseProductName (Ljava/sql/DatabaseMetaData;)Ljava/lang/String; 34 <appendix> form names 11 function resolvedHandle form vmentry <vmtarget> ; # java/lang/invoke/LambdaForm$DMH+0x0000023682599000
instanceKlass  @bci org/flywaydb/core/internal/jdbc/JdbcUtils getDatabaseProductName (Ljava/sql/DatabaseMetaData;)Ljava/lang/String; 34 <appendix> argL1 form vmentry <vmtarget> ; # java/lang/invoke/LambdaForm$MH+0x0000023682598c00
# instanceKlass java/lang/invoke/LambdaForm$MH+0x0000023682598800
# instanceKlass java/lang/invoke/LambdaForm$MH+0x0000023682598400
# instanceKlass java/lang/invoke/LambdaForm$MH+0x0000023682598000
instanceKlass org/flywaydb/core/internal/strategy/BackoffStrategy
instanceKlass org/flywaydb/core/internal/jdbc/JdbcUtils
instanceKlass org/flywaydb/core/internal/jdbc/JdbcConnectionFactory
instanceKlass  @bci org/flywaydb/core/FlywayExecutor init ()Lorg/flywaydb/core/internal/jdbc/JdbcConnectionFactory; 31 <appendix> member <vmtarget> ; # org/flywaydb/core/FlywayExecutor$$Lambda+0x0000023682595688
instanceKlass  @bci org/flywaydb/core/Flyway migrate ()Lorg/flywaydb/core/api/output/MigrateResult; 125 <appendix> member <vmtarget> ; # org/flywaydb/core/Flyway$$Lambda+0x0000023682595460
instanceKlass org/flywaydb/core/api/output/HtmlResult
instanceKlass org/flywaydb/core/internal/jdbc/StatementInterceptor
instanceKlass org/flywaydb/core/internal/database/base/Schema
instanceKlass org/flywaydb/core/internal/schemahistory/SchemaHistory
instanceKlass org/flywaydb/core/internal/resolver/CompositeMigrationResolver
instanceKlass org/flywaydb/core/FlywayExecutor$Command
instanceKlass org/flywaydb/core/extensibility/EventTelemetryModel
instanceKlass org/flywaydb/core/internal/util/FlywayDbWebsiteLinks
instanceKlass org/flywaydb/core/internal/util/FileUtils
instanceKlass org/flywaydb/core/internal/license/FlywayPermit
instanceKlass org/flywaydb/core/internal/logging/multi/MultiLogger
instanceKlass  @bci scribe/slf4j/ScribeLoggerFactory$ getLogger (Ljava/lang/String;)Lorg/slf4j/Logger; 89 <appendix> member <vmtarget> ; # scribe/slf4j/ScribeLoggerFactory$$$Lambda+0x0000023682592fe0
instanceKlass org/slf4j/spi/LoggingEventBuilder
instanceKlass org/slf4j/helpers/NamedLoggerBase
instanceKlass scribe/slf4j/ScribeLoggerFactory$
instanceKlass org/slf4j/helpers/Reporter
instanceKlass org/slf4j/MDC
instanceKlass scribe/slf4j/ScribeMDCAdapter$
instanceKlass org/slf4j/helpers/Util
instanceKlass org/slf4j/helpers/NOPMDCAdapter
instanceKlass org/slf4j/helpers/NOPLoggerFactory
instanceKlass org/slf4j/helpers/NOP_FallbackServiceProvider
instanceKlass org/slf4j/helpers/ThreadLocalMapOfStacks
instanceKlass org/slf4j/helpers/BasicMDCAdapter
instanceKlass org/slf4j/Marker
instanceKlass org/slf4j/helpers/BasicMarkerFactory
instanceKlass org/slf4j/helpers/SubstituteLoggerFactory
instanceKlass org/slf4j/helpers/SubstituteServiceProvider
instanceKlass org/slf4j/event/LoggingEvent
instanceKlass org/slf4j/LoggerFactory
instanceKlass org/flywaydb/core/internal/logging/slf4j/Slf4jLog
instanceKlass org/flywaydb/core/internal/logging/slf4j/Slf4jLogCreator
instanceKlass org/slf4j/spi/MDCAdapter
instanceKlass org/slf4j/IMarkerFactory
instanceKlass org/slf4j/ILoggerFactory
instanceKlass scribe/slf4j/ScribeServiceProvider
instanceKlass org/slf4j/spi/SLF4JServiceProvider
instanceKlass org/slf4j/Logger
instanceKlass org/flywaydb/core/internal/util/FeatureDetector
instanceKlass  @bci org/flywaydb/core/api/logging/LogFactory getLogCreator (Ljava/lang/ClassLoader;Lorg/flywaydb/core/api/logging/LogCreator;)Lorg/flywaydb/core/api/logging/LogCreator; 39 <appendix> member <vmtarget> ; # org/flywaydb/core/api/logging/LogFactory$$Lambda+0x000002368258d428
instanceKlass  @bci org/flywaydb/core/api/configuration/ClassicConfiguration getLoggers ()[Ljava/lang/String; 40 <appendix> argL0 ; # org/flywaydb/core/api/configuration/ClassicConfiguration$$Lambda+0x000002368258d208
instanceKlass org/flywaydb/core/internal/logging/multi/MultiLogCreator
instanceKlass org/flywaydb/core/extensibility/LicenseGuard
instanceKlass org/flywaydb/core/internal/resource/ResourceNameValidator
instanceKlass org/flywaydb/core/internal/configuration/ConfigurationValidator
instanceKlass org/flywaydb/core/api/ClassProvider
instanceKlass org/flywaydb/core/api/ResourceProvider
instanceKlass org/flywaydb/core/FlywayExecutor
instanceKlass  @bci org/flywaydb/core/internal/scanner/classpath/ClassPathScanner scanForResources ()Ljava/util/Collection; 16 <appendix> member <vmtarget> ; # org/flywaydb/core/internal/scanner/classpath/ClassPathScanner$$Lambda+0x000002368258b5a0
instanceKlass org/flywaydb/core/api/resource/LoadableResource
instanceKlass org/flywaydb/core/api/resource/Resource
instanceKlass org/flywaydb/core/internal/logging/buffered/BufferedLog$BufferedLogMessage
instanceKlass org/flywaydb/core/api/Location
instanceKlass  @bci org/flywaydb/core/api/locations/LocationParser parseLocation (Ljava/lang/String;Ljava/lang/String;[Lorg/flywaydb/core/internal/scanner/ReadOnlyLocationHandler;)Lorg/flywaydb/core/api/Location; 89 <appendix> member <vmtarget> ; # org/flywaydb/core/api/locations/LocationParser$$Lambda+0x000002368258a3d0
instanceKlass  @bci org/flywaydb/core/api/locations/LocationParser parseLocation (Ljava/lang/String;Ljava/lang/String;[Lorg/flywaydb/core/internal/scanner/ReadOnlyLocationHandler;)Lorg/flywaydb/core/api/Location; 71 <appendix> member <vmtarget> ; # org/flywaydb/core/api/locations/LocationParser$$Lambda+0x000002368258a178
instanceKlass org/flywaydb/core/internal/util/Pair
instanceKlass org/flywaydb/core/api/locations/LocationParser
instanceKlass org/flywaydb/core/internal/scanner/classpath/ClassPathLocationScanner
instanceKlass org/flywaydb/core/internal/scanner/classpath/UrlResolver
instanceKlass org/flywaydb/core/internal/scanner/classpath/ClassPathScanner
instanceKlass  @bci org/flywaydb/core/api/configuration/ClassicConfiguration configure (Ljava/util/Map;)V 1975 <appendix> argL0 ; # org/flywaydb/core/api/configuration/ClassicConfiguration$$Lambda+0x0000023682589298
instanceKlass  @bci org/flywaydb/core/internal/configuration/resolvers/PropertyResolverContextImpl resolveValue (Ljava/lang/String;Lorg/flywaydb/core/ProgressLogger;)Ljava/lang/String; 62 <appendix> member <vmtarget> ; # org/flywaydb/core/internal/configuration/resolvers/PropertyResolverContextImpl$$Lambda+0x0000023682589050
instanceKlass org/flywaydb/core/internal/configuration/models/ResolvedEnvironment
instanceKlass  @bci org/flywaydb/core/internal/configuration/resolvers/PropertyResolverContextImpl <init> (Ljava/lang/String;Lorg/flywaydb/core/api/configuration/Configuration;Ljava/util/Map;Ljava/util/Map;)V 29 <appendix> argL0 ; # org/flywaydb/core/internal/configuration/resolvers/PropertyResolverContextImpl$$Lambda+0x0000023682588af8
instanceKlass org/flywaydb/core/internal/configuration/resolvers/ProvisionerConfiguration
instanceKlass  @bci org/flywaydb/core/internal/configuration/resolvers/PropertyResolverContextImpl createConfigurationCopy (Lorg/flywaydb/core/api/configuration/Configuration;Ljava/lang/String;)Lorg/flywaydb/core/api/configuration/Configuration; 30 <appendix> member <vmtarget> ; # org/flywaydb/core/internal/configuration/resolvers/PropertyResolverContextImpl$$Lambda+0x00000236825886c8
instanceKlass  @bci org/flywaydb/core/internal/configuration/resolvers/PropertyResolverContextImpl createConfigurationCopy (Lorg/flywaydb/core/api/configuration/Configuration;Ljava/lang/String;)Lorg/flywaydb/core/api/configuration/Configuration; 21 <appendix> member <vmtarget> ; # org/flywaydb/core/internal/configuration/resolvers/PropertyResolverContextImpl$$Lambda+0x0000023682588480
instanceKlass  @bci org/flywaydb/core/internal/configuration/resolvers/PropertyResolverContextImpl createConfigurationCopy (Lorg/flywaydb/core/api/configuration/Configuration;Ljava/lang/String;)Lorg/flywaydb/core/api/configuration/Configuration; 12 <appendix> argL0 ; # org/flywaydb/core/internal/configuration/resolvers/PropertyResolverContextImpl$$Lambda+0x0000023682588240
instanceKlass  @bci org/flywaydb/core/internal/configuration/resolvers/PropertyResolverContextImpl createConfigurationCopy (Lorg/flywaydb/core/api/configuration/Configuration;Ljava/lang/String;)Lorg/flywaydb/core/api/configuration/Configuration; 4 <appendix> argL0 ; # org/flywaydb/core/internal/configuration/resolvers/PropertyResolverContextImpl$$Lambda+0x0000023682588000
instanceKlass org/flywaydb/core/internal/configuration/resolvers/PropertyResolverContextImpl
instanceKlass org/flywaydb/core/ProgressLoggerEmpty
instanceKlass  @bci org/flywaydb/core/api/configuration/ClassicConfiguration getResolvedEnvironment (Ljava/lang/String;Lorg/flywaydb/core/internal/configuration/resolvers/ProvisionerMode;Lorg/flywaydb/core/ProgressLogger;)Lorg/flywaydb/core/internal/configuration/models/ResolvedEnvironment; 46 <appendix> argL0 ; # org/flywaydb/core/api/configuration/ClassicConfiguration$$Lambda+0x0000023682585a40
instanceKlass  @bci org/flywaydb/core/api/configuration/ClassicConfiguration getResolvedEnvironment (Ljava/lang/String;Lorg/flywaydb/core/internal/configuration/resolvers/ProvisionerMode;Lorg/flywaydb/core/ProgressLogger;)Lorg/flywaydb/core/internal/configuration/models/ResolvedEnvironment; 41 <appendix> argL0 ; # org/flywaydb/core/api/configuration/ClassicConfiguration$$Lambda+0x0000023682585800
instanceKlass org/flywaydb/core/internal/configuration/resolvers/PropertyResolverContext
instanceKlass org/flywaydb/core/internal/configuration/resolvers/EnvironmentResolver
instanceKlass  @bci org/flywaydb/core/internal/configuration/resolvers/ProvisionerMode fromString (Ljava/lang/String;)Lorg/flywaydb/core/internal/configuration/resolvers/ProvisionerMode; 23 <appendix> member <vmtarget> ; # org/flywaydb/core/internal/configuration/resolvers/ProvisionerMode$$Lambda+0x0000023682587898
instanceKlass  @bci org/flywaydb/core/internal/configuration/resolvers/ProvisionerMode fromString (Ljava/lang/String;)Lorg/flywaydb/core/internal/configuration/resolvers/ProvisionerMode; 7 <appendix> member <vmtarget> ; # org/flywaydb/core/internal/configuration/resolvers/ProvisionerMode$$Lambda+0x0000023682587640
instanceKlass org/flywaydb/core/internal/configuration/ConfigUtils
instanceKlass  @bci org/flywaydb/core/api/configuration/ClassicConfiguration configure (Ljava/util/Map;)V 356 <appendix> member <vmtarget> ; # org/flywaydb/core/api/configuration/ClassicConfiguration$$Lambda+0x0000023682586dc0
instanceKlass  @bci org/flywaydb/core/api/configuration/ClassicConfiguration parsePropertiesFromConfigExtension (Ljava/util/Map;Ljava/util/Collection;Ljava/util/Map$Entry;Ljava/lang/String;Lorg/flywaydb/core/extensibility/ConfigurationExtension;)V 13 <appendix> argL0 ; # org/flywaydb/core/api/configuration/ClassicConfiguration$$Lambda+0x0000023682586b80
instanceKlass  @bci org/flywaydb/core/api/configuration/ClassicConfiguration configure (Ljava/util/Map;)V 337 <appendix> member <vmtarget> ; # org/flywaydb/core/api/configuration/ClassicConfiguration$$Lambda+0x0000023682586948
instanceKlass  @bci org/flywaydb/core/api/configuration/ClassicConfiguration configure (Ljava/util/Map;)V 313 <appendix> member <vmtarget> ; # org/flywaydb/core/api/configuration/ClassicConfiguration$$Lambda+0x00000236825866f0
instanceKlass  @bci org/flywaydb/core/api/configuration/ClassicConfiguration configure (Ljava/util/Map;)V 195 <appendix> member <vmtarget> ; # org/flywaydb/core/api/configuration/ClassicConfiguration$$Lambda+0x0000023682586498
instanceKlass  @bci org/flywaydb/core/api/configuration/ClassicConfiguration configure (Ljava/util/Map;)V 153 <appendix> argL0 ; # org/flywaydb/core/api/configuration/ClassicConfiguration$$Lambda+0x0000023682586248
instanceKlass  @bci org/flywaydb/core/api/configuration/ClassicConfiguration configure (Ljava/util/Map;)V 98 <appendix> member <vmtarget> ; # org/flywaydb/core/api/configuration/ClassicConfiguration$$Lambda+0x0000023682586000
instanceKlass org/flywaydb/core/extensibility/ConfigurationProvider
# instanceKlass java/lang/invoke/LambdaForm$MH+0x0000023682585000
# instanceKlass java/lang/invoke/LambdaForm$MH+0x0000023682584c00
# instanceKlass java/lang/invoke/LambdaForm$MH+0x0000023682584800
# instanceKlass java/lang/invoke/LambdaForm$DMH+0x0000023682584400
# instanceKlass java/lang/invoke/LambdaForm$DMH+0x0000023682584000
instanceKlass tools/jackson/databind/deser/jdk/NumberDeserializers
instanceKlass tools/jackson/databind/annotation/JacksonStdImpl
instanceKlass tools/jackson/databind/util/LinkedNode
instanceKlass tools/jackson/databind/deser/BasicDeserializerFactory$ContainerDefaultMappings
instanceKlass tools/jackson/databind/type/TypeBindings$AsKey
instanceKlass tools/jackson/databind/type/TypeBindings$TypeParamStash
instanceKlass sun/reflect/generics/tree/VoidDescriptor
instanceKlass org/flywaydb/core/internal/command/clean/SchemaModel
instanceKlass tools/jackson/databind/deser/bean/BeanPropertyMap
instanceKlass com/fasterxml/jackson/annotation/JsonAlias
instanceKlass tools/jackson/databind/deser/ReadableObjectId$Referring
instanceKlass tools/jackson/databind/util/ViewMatcher
instanceKlass tools/jackson/databind/deser/impl/NullsConstantProvider
instanceKlass tools/jackson/databind/util/IgnorePropertiesUtil
instanceKlass tools/jackson/databind/deser/BeanDeserializerBuilder
instanceKlass tools/jackson/databind/deser/bean/CreatorCollector
instanceKlass tools/jackson/core/TokenStreamLocation
instanceKlass tools/jackson/databind/deser/ValueInstantiator
instanceKlass tools/jackson/databind/deser/jdk/JDKValueInstantiators
instanceKlass tools/jackson/databind/annotation/JsonValueInstantiator
instanceKlass tools/jackson/databind/jsontype/impl/SubTypeValidator
instanceKlass tools/jackson/databind/deser/jdk/JDKMiscDeserializers
instanceKlass  @bci tools/jackson/databind/util/internal/UnreflectHandleSupplier initialize ()Ljava/lang/invoke/MethodHandle; 27 <appendix> member <vmtarget> ; # tools/jackson/databind/util/internal/UnreflectHandleSupplier$$Lambda+0x000002368256fc38
instanceKlass com/fasterxml/jackson/annotation/JsonFilter
instanceKlass com/fasterxml/jackson/annotation/JsonIncludeProperties$Value
instanceKlass com/fasterxml/jackson/annotation/JsonIncludeProperties
instanceKlass com/fasterxml/jackson/annotation/JsonIgnoreProperties$Value
instanceKlass com/fasterxml/jackson/annotation/JsonIgnoreProperties
instanceKlass tools/jackson/databind/annotation/JsonAppend
instanceKlass tools/jackson/databind/ser/impl/PropertySerializerMap
instanceKlass tools/jackson/databind/ser/PropertyBuilder$1
instanceKlass tools/jackson/databind/annotation/JsonTypeResolver
instanceKlass tools/jackson/databind/BeanProperty$Std
instanceKlass com/fasterxml/jackson/annotation/JsonTypeId
instanceKlass com/fasterxml/jackson/annotation/JsonInclude
instanceKlass tools/jackson/databind/ser/PropertyBuilder
instanceKlass com/fasterxml/jackson/annotation/JsonIgnoreType
instanceKlass tools/jackson/databind/ser/BeanSerializerBuilder
instanceKlass tools/jackson/databind/ObjectWriter
instanceKlass tools/jackson/databind/ObjectReader
instanceKlass tools/jackson/databind/util/BeanUtil
instanceKlass tools/jackson/databind/PropertyMetadata
instanceKlass com/fasterxml/jackson/annotation/JsonPropertyDescription
instanceKlass com/fasterxml/jackson/annotation/JsonPropertyOrder
instanceKlass tools/jackson/databind/annotation/JsonNaming
instanceKlass com/fasterxml/jackson/annotation/JacksonInject
instanceKlass tools/jackson/databind/introspect/POJOPropertyBuilder$2
instanceKlass tools/jackson/databind/introspect/POJOPropertyBuilder$1
instanceKlass tools/jackson/databind/cfg/ConstructorDetector
instanceKlass tools/jackson/databind/introspect/PotentialCreator
instanceKlass com/fasterxml/jackson/annotation/JsonCreator
instanceKlass  @bci tools/jackson/databind/introspect/AnnotatedCreatorCollector collect (Ljava/lang/Class;)Ltools/jackson/databind/introspect/AnnotatedClass$Creators; 72 <appendix> member <vmtarget> ; # tools/jackson/databind/introspect/AnnotatedCreatorCollector$$Lambda+0x00000236825684a8
instanceKlass  @bci tools/jackson/databind/introspect/AnnotatedCreatorCollector collect (Ljava/lang/Class;)Ltools/jackson/databind/introspect/AnnotatedClass$Creators; 59 <appendix> member <vmtarget> ; # tools/jackson/databind/introspect/AnnotatedCreatorCollector$$Lambda+0x0000023682568250
instanceKlass com/fasterxml/jackson/annotation/JsonSetter
instanceKlass  @bci tools/jackson/databind/util/internal/UnreflectHandleSupplier <init> (Ljava/lang/invoke/MethodType;)V 6 <appendix> member <vmtarget> ; # tools/jackson/databind/util/internal/UnreflectHandleSupplier$$Lambda+0x0000023682567a80
instanceKlass tools/jackson/databind/util/internal/UnreflectHandleSupplier
instanceKlass com/fasterxml/jackson/annotation/JacksonAnnotation
instanceKlass tools/jackson/databind/introspect/AnnotatedMethodCollector$MethodBuilder
instanceKlass tools/jackson/databind/introspect/MemberKey
instanceKlass tools/jackson/databind/introspect/POJOPropertyBuilder$Linked
instanceKlass tools/jackson/databind/AnnotationIntrospector$ReferenceProperty
instanceKlass tools/jackson/databind/introspect/POJOPropertyBuilder$WithMember
instanceKlass com/fasterxml/jackson/annotation/JsonIgnore
instanceKlass com/fasterxml/jackson/annotation/JsonAutoDetect$1
instanceKlass com/fasterxml/jackson/annotation/JsonProperty
instanceKlass com/fasterxml/jackson/annotation/JsonGetter
instanceKlass tools/jackson/databind/PropertyName
instanceKlass com/fasterxml/jackson/annotation/JsonAnySetter
instanceKlass com/fasterxml/jackson/annotation/JsonAnyGetter
instanceKlass com/fasterxml/jackson/annotation/JsonValue
instanceKlass com/fasterxml/jackson/annotation/JsonKey
instanceKlass  @bci sun/reflect/annotation/AnnotationParser parseEnumArray (ILjava/lang/Class;Ljava/nio/ByteBuffer;Ljdk/internal/reflect/ConstantPool;Ljava/lang/Class;)Ljava/lang/Object; 16 <appendix> member <vmtarget> ; # sun/reflect/annotation/AnnotationParser$$Lambda+0x000002368237dc38
instanceKlass com/fasterxml/jackson/annotation/JacksonAnnotationsInside
instanceKlass tools/jackson/databind/introspect/AnnotatedFieldCollector$FieldBuilder
instanceKlass org/flywaydb/core/internal/command/clean/CleanModel
instanceKlass tools/jackson/databind/introspect/TypeResolutionContext$Basic
instanceKlass tools/jackson/databind/introspect/AnnotationMap
instanceKlass tools/jackson/databind/introspect/CollectorBase
instanceKlass tools/jackson/databind/introspect/PotentialCreators
instanceKlass com/fasterxml/jackson/annotation/JsonIdentityInfo
instanceKlass com/fasterxml/jackson/annotation/JsonAutoDetect
instanceKlass tools/jackson/databind/introspect/POJOPropertiesCollector
instanceKlass tools/jackson/databind/ext/sql/JavaSqlTypeHandlerFactory
instanceKlass org/w3c/dom/Document
instanceKlass org/w3c/dom/Node
instanceKlass tools/jackson/databind/ext/OptionalHandlerFactory
instanceKlass java/util/stream/DoubleStream
instanceKlass java/util/stream/LongStream
instanceKlass tools/jackson/databind/ser/jdk/JDKMiscSerializers
instanceKlass tools/jackson/databind/ser/jdk/NumberSerializers
instanceKlass tools/jackson/databind/ser/jdk/JDKCoreSerializers
instanceKlass tools/jackson/databind/util/ArrayIterator
instanceKlass tools/jackson/databind/introspect/AnnotatedClassResolver
instanceKlass tools/jackson/databind/BeanDescription$SupplierBase
instanceKlass tools/jackson/databind/util/internal/PrivateMaxEntriesMap$AddTask
instanceKlass tools/jackson/databind/util/internal/PrivateMaxEntriesMap$WeightedValue
instanceKlass java/util/OptionalDouble
instanceKlass java/util/OptionalLong
instanceKlass java/util/OptionalInt
instanceKlass tools/jackson/databind/type/ClassStack
instanceKlass tools/jackson/core/io/CharTypes$AltQuoteEscapes
instanceKlass tools/jackson/core/util/JacksonFeatureSet
instanceKlass tools/jackson/core/TokenStreamContext
instanceKlass tools/jackson/core/io/IOContext
instanceKlass tools/jackson/core/io/ContentReference
instanceKlass tools/jackson/databind/util/internal/PrivateMaxEntriesMap$EntryIterator
instanceKlass  @bci tools/jackson/databind/ser/impl/ReadOnlyClassToSerializerMap <init> (Ltools/jackson/databind/ser/SerializerCache;Ltools/jackson/databind/util/LookupCache;)V 43 <appendix> member <vmtarget> ; # tools/jackson/databind/ser/impl/ReadOnlyClassToSerializerMap$$Lambda+0x0000023682555db8
instanceKlass  @cpi org/flywaydb/core/internal/scanner/Scanner 283 form vmentry <vmtarget> ; # java/lang/invoke/LambdaForm$DMH+0x0000023682558000
instanceKlass tools/jackson/databind/util/TypeKey
instanceKlass tools/jackson/databind/ser/impl/ReadOnlyClassToSerializerMap$Bucket
instanceKlass tools/jackson/databind/ser/impl/ReadOnlyClassToSerializerMap
instanceKlass tools/jackson/databind/BeanDescription$Supplier
instanceKlass tools/jackson/databind/cfg/GeneratorSettings
instanceKlass tools/jackson/core/util/TextBuffer
instanceKlass tools/jackson/core/util/BufferRecycler
instanceKlass tools/jackson/databind/deser/DeserializerCache
instanceKlass tools/jackson/databind/ser/SerializerCache
instanceKlass tools/jackson/databind/cfg/ContextAttributes
instanceKlass tools/jackson/databind/cfg/ConfigOverride
instanceKlass com/fasterxml/jackson/annotation/JsonFormat$Features
instanceKlass com/fasterxml/jackson/annotation/JsonFormat$Value
instanceKlass tools/jackson/databind/util/RootNameLookup
instanceKlass tools/jackson/databind/introspect/MixInHandler
instanceKlass tools/jackson/databind/introspect/AnnotatedMethodMap
instanceKlass tools/jackson/databind/introspect/AnnotationCollector$NoAnnotations
instanceKlass tools/jackson/databind/util/Annotations
instanceKlass tools/jackson/databind/introspect/AnnotationCollector
instanceKlass tools/jackson/databind/introspect/AnnotatedClass$Creators
instanceKlass tools/jackson/databind/BeanDescription
instanceKlass tools/jackson/databind/type/TypeFactory
instanceKlass  @bci tools/jackson/databind/ObjectMapper <init> (Ltools/jackson/databind/cfg/MapperBuilder;)V 81 <appendix> member <vmtarget> ; # tools/jackson/databind/ObjectMapper$$Lambda+0x000002368254e150
instanceKlass  @bci tools/jackson/databind/ObjectMapper <init> (Ltools/jackson/databind/cfg/MapperBuilder;)V 46 <appendix> member <vmtarget> ; # tools/jackson/databind/ObjectMapper$$Lambda+0x000002368254df18
instanceKlass tools/jackson/databind/deser/ValueInstantiators$Base
instanceKlass tools/jackson/databind/module/SimpleKeyDeserializers
instanceKlass tools/jackson/databind/ser/ValueSerializerModifier
instanceKlass tools/jackson/databind/cfg/SerializerFactoryConfig
instanceKlass  @bci tools/jackson/databind/ext/javatime/ser/ZonedDateTimeSerializer <init> (Ljava/time/format/DateTimeFormatter;)V 13 <appendix> argL0 ; # tools/jackson/databind/ext/javatime/ser/ZonedDateTimeSerializer$$Lambda+0x00000236825426b0
instanceKlass  @bci tools/jackson/databind/ext/javatime/ser/ZonedDateTimeSerializer <init> (Ljava/time/format/DateTimeFormatter;)V 8 <appendix> argL0 ; # tools/jackson/databind/ext/javatime/ser/ZonedDateTimeSerializer$$Lambda+0x0000023682542490
instanceKlass  @bci tools/jackson/databind/ext/javatime/ser/ZonedDateTimeSerializer <init> (Ljava/time/format/DateTimeFormatter;)V 3 <appendix> argL0 ; # tools/jackson/databind/ext/javatime/ser/ZonedDateTimeSerializer$$Lambda+0x0000023682542270
instanceKlass  @bci tools/jackson/databind/ext/javatime/ser/OffsetDateTimeSerializer <init> ()V 13 <appendix> argL0 ; # tools/jackson/databind/ext/javatime/ser/OffsetDateTimeSerializer$$Lambda+0x0000023682542050
instanceKlass  @bci tools/jackson/databind/ext/javatime/ser/OffsetDateTimeSerializer <init> ()V 8 <appendix> argL0 ; # tools/jackson/databind/ext/javatime/ser/OffsetDateTimeSerializer$$Lambda+0x0000023682541e30
instanceKlass  @bci tools/jackson/databind/ext/javatime/ser/OffsetDateTimeSerializer <init> ()V 3 <appendix> argL0 ; # tools/jackson/databind/ext/javatime/ser/OffsetDateTimeSerializer$$Lambda+0x0000023682541c10
instanceKlass  @bci tools/jackson/databind/ext/javatime/ser/InstantSerializer <init> ()V 13 <appendix> argL0 ; # tools/jackson/databind/ext/javatime/ser/InstantSerializer$$Lambda+0x00000236825419f0
instanceKlass  @bci tools/jackson/databind/ext/javatime/ser/InstantSerializer <init> ()V 8 <appendix> argL0 ; # tools/jackson/databind/ext/javatime/ser/InstantSerializer$$Lambda+0x00000236825417d0
instanceKlass  @bci tools/jackson/databind/ext/javatime/ser/InstantSerializer <init> ()V 3 <appendix> argL0 ; # tools/jackson/databind/ext/javatime/ser/InstantSerializer$$Lambda+0x00000236825415b0
instanceKlass  @cpi tools/jackson/databind/ext/javatime/ser/OffsetDateTimeSerializer 107 form vmentry <vmtarget> ; # java/lang/invoke/LambdaForm$DMH+0x0000023682544000
instanceKlass java/util/function/ToLongFunction
instanceKlass tools/jackson/databind/ser/Serializers$Base
instanceKlass tools/jackson/databind/util/ClassUtil$Ctor
instanceKlass tools/jackson/databind/util/ClassUtil
instanceKlass tools/jackson/databind/util/ArrayBuilders
instanceKlass tools/jackson/databind/deser/jdk/JDKKeyDeserializers
instanceKlass tools/jackson/databind/deser/ValueDeserializerModifier
instanceKlass tools/jackson/databind/cfg/DeserializerFactoryConfig
instanceKlass com/fasterxml/jackson/annotation/ObjectIdGenerator
instanceKlass java/time/YearMonth
instanceKlass java/time/OffsetTime
instanceKlass java/time/MonthDay
instanceKlass  @bci tools/jackson/databind/ext/javatime/deser/MonthDeserializer <init> (Ljava/time/format/DateTimeFormatter;)V 14 <appendix> argL0 ; # tools/jackson/databind/ext/javatime/deser/MonthDeserializer$$Lambda+0x0000023682533300
instanceKlass tools/jackson/databind/type/ClassKey
instanceKlass  @bci tools/jackson/databind/ext/javatime/deser/InstantDeserializer <clinit> ()V 132 <appendix> argL0 ; # tools/jackson/databind/ext/javatime/deser/InstantDeserializer$$Lambda+0x0000023682532ba8
instanceKlass  @bci tools/jackson/databind/ext/javatime/deser/InstantDeserializer <clinit> ()V 127 <appendix> argL0 ; # tools/jackson/databind/ext/javatime/deser/InstantDeserializer$$Lambda+0x0000023682532968
instanceKlass  @bci tools/jackson/databind/ext/javatime/deser/InstantDeserializer <clinit> ()V 122 <appendix> argL0 ; # tools/jackson/databind/ext/javatime/deser/InstantDeserializer$$Lambda+0x0000023682532728
instanceKlass  @bci tools/jackson/databind/ext/javatime/deser/InstantDeserializer <clinit> ()V 117 <appendix> argL0 ; # tools/jackson/databind/ext/javatime/deser/InstantDeserializer$$Lambda+0x00000236825324e8
instanceKlass  @bci tools/jackson/databind/ext/javatime/deser/InstantDeserializer <clinit> ()V 89 <appendix> argL0 ; # tools/jackson/databind/ext/javatime/deser/InstantDeserializer$$Lambda+0x00000236825322b8
instanceKlass  @bci tools/jackson/databind/ext/javatime/deser/InstantDeserializer <clinit> ()V 84 <appendix> argL0 ; # tools/jackson/databind/ext/javatime/deser/InstantDeserializer$$Lambda+0x0000023682532078
instanceKlass  @bci tools/jackson/databind/ext/javatime/deser/InstantDeserializer <clinit> ()V 79 <appendix> argL0 ; # tools/jackson/databind/ext/javatime/deser/InstantDeserializer$$Lambda+0x0000023682531e38
instanceKlass  @bci tools/jackson/databind/ext/javatime/deser/InstantDeserializer <clinit> ()V 74 <appendix> argL0 ; # tools/jackson/databind/ext/javatime/deser/InstantDeserializer$$Lambda+0x0000023682531bf8
instanceKlass java/time/OffsetDateTime
instanceKlass  @bci tools/jackson/databind/ext/javatime/deser/InstantDeserializer <init> (Ljava/lang/Class;Ljava/time/format/DateTimeFormatter;Ljava/util/function/Function;Ljava/util/function/Function;Ljava/util/function/Function;Ljava/util/function/BiFunction;ZZZ)V 29 <appendix> argL0 ; # tools/jackson/databind/ext/javatime/deser/InstantDeserializer$$Lambda+0x00000236825319c8
instanceKlass  @bci tools/jackson/databind/ext/javatime/deser/InstantDeserializer <clinit> ()V 46 <appendix> argL0 ; # tools/jackson/databind/ext/javatime/deser/InstantDeserializer$$Lambda+0x0000023682531788
instanceKlass tools/jackson/databind/ext/javatime/deser/InstantDeserializer$FromDecimalArguments
instanceKlass  @bci tools/jackson/databind/ext/javatime/deser/InstantDeserializer <clinit> ()V 41 <appendix> argL0 ; # tools/jackson/databind/ext/javatime/deser/InstantDeserializer$$Lambda+0x0000023682531338
instanceKlass tools/jackson/databind/ext/javatime/deser/InstantDeserializer$FromIntegerArguments
instanceKlass  @bci tools/jackson/databind/ext/javatime/deser/InstantDeserializer <clinit> ()V 36 <appendix> argL0 ; # tools/jackson/databind/ext/javatime/deser/InstantDeserializer$$Lambda+0x0000023682530ee8
instanceKlass tools/jackson/databind/deser/Deserializers$Base
instanceKlass tools/jackson/databind/deser/ValueInstantiators
instanceKlass tools/jackson/databind/deser/KeyDeserializers
instanceKlass tools/jackson/databind/KeyDeserializer
instanceKlass tools/jackson/databind/ser/Serializers
instanceKlass tools/jackson/databind/ValueSerializer
instanceKlass tools/jackson/databind/jsonFormatVisitors/JsonFormatVisitable
instanceKlass tools/jackson/databind/deser/Deserializers
instanceKlass tools/jackson/databind/deser/ValueInstantiator$Gettable
instanceKlass tools/jackson/databind/ValueDeserializer
instanceKlass tools/jackson/databind/deser/NullValueProvider
instanceKlass tools/jackson/databind/ext/javatime/JavaTimeInitializer
instanceKlass tools/jackson/databind/cfg/ModuleContextBase
instanceKlass tools/jackson/databind/cfg/DatatypeFeatures$DefaultHolder
instanceKlass tools/jackson/databind/cfg/DatatypeFeatures
instanceKlass tools/jackson/databind/cfg/CoercionConfig
instanceKlass tools/jackson/databind/cfg/CoercionConfigs
instanceKlass com/fasterxml/jackson/annotation/JsonSetter$Value
instanceKlass tools/jackson/databind/introspect/VisibilityChecker
instanceKlass com/fasterxml/jackson/annotation/JsonInclude$Value
instanceKlass com/fasterxml/jackson/annotation/JacksonAnnotationValue
instanceKlass tools/jackson/databind/cfg/ConfigOverrides
instanceKlass tools/jackson/core/sym/CharsToNameCanonicalizer$Bucket
instanceKlass tools/jackson/core/sym/CharsToNameCanonicalizer$TableInfo
instanceKlass tools/jackson/core/sym/CharsToNameCanonicalizer
instanceKlass tools/jackson/core/sym/ByteQuadsCanonicalizer$TableInfo
instanceKlass tools/jackson/core/sym/ByteQuadsCanonicalizer
instanceKlass tools/jackson/core/util/RecyclerPool$WithPool
instanceKlass tools/jackson/core/util/RecyclerPool$StatefulImplBase
instanceKlass tools/jackson/core/util/RecyclerPool
instanceKlass tools/jackson/core/util/JsonRecyclerPools
instanceKlass tools/jackson/core/ErrorReportConfiguration
instanceKlass tools/jackson/core/StreamWriteConstraints
instanceKlass tools/jackson/core/StreamReadConstraints
instanceKlass tools/jackson/core/FormatFeature
instanceKlass tools/jackson/core/ObjectWriteContext$Base
instanceKlass tools/jackson/core/async/ByteBufferFeeder
instanceKlass tools/jackson/core/async/ByteArrayFeeder
instanceKlass tools/jackson/core/async/NonBlockingInputFeeder
instanceKlass tools/jackson/core/TSFBuilder
instanceKlass tools/jackson/core/sym/PropertyNameMatcher
instanceKlass tools/jackson/databind/AbstractTypeResolver
instanceKlass tools/jackson/databind/jsontype/TypeDeserializer
instanceKlass tools/jackson/databind/jsontype/TypeSerializer
instanceKlass tools/jackson/databind/jsontype/TypeIdResolver
instanceKlass tools/jackson/databind/jsontype/impl/StdTypeResolverBuilder
instanceKlass tools/jackson/databind/cfg/MapperConfig
instanceKlass tools/jackson/databind/introspect/MixInResolver
instanceKlass tools/jackson/databind/jsontype/TypeResolverProvider
instanceKlass tools/jackson/databind/node/JsonNodeFactory
instanceKlass tools/jackson/databind/node/JsonNodeCreator
instanceKlass tools/jackson/databind/cfg/DefaultCacheProvider
instanceKlass tools/jackson/databind/cfg/CacheProvider
instanceKlass tools/jackson/core/Base64Variant
instanceKlass tools/jackson/core/Base64Variants
instanceKlass tools/jackson/databind/cfg/BaseSettings
instanceKlass tools/jackson/databind/introspect/DefaultAccessorNamingStrategy$FirstCharBasedValidator
instanceKlass tools/jackson/databind/introspect/DefaultAccessorNamingStrategy$BaseNameValidator
instanceKlass tools/jackson/databind/introspect/AccessorNamingStrategy
instanceKlass tools/jackson/databind/util/internal/Linked
instanceKlass tools/jackson/databind/util/internal/PrivateMaxEntriesMap$Builder
instanceKlass tools/jackson/databind/util/SimpleLookupCache
instanceKlass java/beans/ConstructorProperties
instanceKlass java/beans/Transient
instanceKlass tools/jackson/databind/ext/beans/JavaBeansAnnotations
instanceKlass com/fasterxml/jackson/annotation/JsonMerge
instanceKlass tools/jackson/databind/annotation/JsonDeserialize
instanceKlass com/fasterxml/jackson/annotation/JsonManagedReference
instanceKlass com/fasterxml/jackson/annotation/JsonBackReference
instanceKlass com/fasterxml/jackson/annotation/JsonUnwrapped
instanceKlass com/fasterxml/jackson/annotation/JsonRawValue
instanceKlass com/fasterxml/jackson/annotation/JsonTypeInfo
instanceKlass com/fasterxml/jackson/annotation/JsonFormat
instanceKlass com/fasterxml/jackson/annotation/JsonView
instanceKlass tools/jackson/databind/annotation/JsonSerialize
instanceKlass tools/jackson/databind/introspect/ConcreteBeanPropertyBase
instanceKlass tools/jackson/databind/BeanProperty
instanceKlass tools/jackson/databind/introspect/BeanPropertyDefinition
instanceKlass tools/jackson/databind/util/FullyNamed
instanceKlass tools/jackson/core/util/Named
instanceKlass tools/jackson/databind/introspect/TypeResolutionContext
instanceKlass tools/jackson/databind/introspect/Annotated
instanceKlass tools/jackson/databind/util/LookupCache
instanceKlass  @bci tools/jackson/core/util/Separators$Spacing apply (C)Ljava/lang/String; 9 <appendix> form vmentry <vmtarget> ; # java/lang/invoke/LambdaForm$MH+0x00000236824ff000
# instanceKlass java/lang/invoke/LambdaForm$MH+0x00000236824fec00
instanceKlass  @bci tools/jackson/core/util/Separators$Spacing apply (C)Ljava/lang/String; 9 <appendix> form names 8 function resolvedHandle form vmentry <vmtarget> ; # java/lang/invoke/LambdaForm$DMH+0x00000236824fe800
instanceKlass  @bci tools/jackson/core/util/Separators$Spacing apply (C)Ljava/lang/String; 9 <appendix> argL3 form vmentry <vmtarget> ; # java/lang/invoke/LambdaForm$MH+0x00000236824fe400
# instanceKlass java/lang/invoke/LambdaForm$MH+0x00000236824fe000
# instanceKlass java/lang/invoke/LambdaForm$MH+0x00000236824fdc00
# instanceKlass java/lang/invoke/LambdaForm$MH+0x00000236824fd800
# instanceKlass java/lang/invoke/LambdaForm$MH+0x00000236824fd400
instanceKlass  @bci tools/jackson/core/util/Separators$Spacing apply (C)Ljava/lang/String; 9 <appendix> form names 12 function resolvedHandle form vmentry <vmtarget> ; # java/lang/invoke/LambdaForm$DMH+0x00000236824fd000
instanceKlass  @bci tools/jackson/core/util/Separators$Spacing apply (C)Ljava/lang/String; 9 <appendix> argL1 form vmentry <vmtarget> ; # java/lang/invoke/LambdaForm$MH+0x00000236824fcc00
# instanceKlass java/lang/invoke/LambdaForm$MH+0x00000236824fc800
# instanceKlass java/lang/invoke/LambdaForm$MH+0x00000236824fc400
# instanceKlass java/lang/invoke/LambdaForm$MH+0x00000236824fc000
instanceKlass tools/jackson/core/util/DefaultPrettyPrinter$NopIndenter
instanceKlass tools/jackson/core/io/CharTypes
instanceKlass tools/jackson/core/io/JsonStringEncoder
instanceKlass tools/jackson/core/io/SerializedString
instanceKlass tools/jackson/core/util/Separators
instanceKlass tools/jackson/core/SerializableString
instanceKlass tools/jackson/core/util/DefaultPrettyPrinter$Indenter
instanceKlass tools/jackson/core/util/DefaultPrettyPrinter
instanceKlass tools/jackson/core/util/Instantiatable
instanceKlass tools/jackson/databind/cfg/ConfigFeature
instanceKlass tools/jackson/databind/cfg/MapperBuilderState
instanceKlass tools/jackson/databind/ser/SerializerFactory
instanceKlass tools/jackson/databind/jsontype/SubtypeResolver
instanceKlass tools/jackson/databind/introspect/ClassIntrospector
instanceKlass tools/jackson/databind/jsontype/TypeResolverBuilder
instanceKlass tools/jackson/databind/deser/DeserializerFactory
instanceKlass tools/jackson/databind/cfg/SerializationContexts
instanceKlass tools/jackson/databind/cfg/DeserializationContexts
instanceKlass tools/jackson/databind/cfg/DatatypeFeature
instanceKlass tools/jackson/core/util/JacksonFeature
instanceKlass tools/jackson/databind/JacksonModule$SetupContext
instanceKlass tools/jackson/databind/introspect/AccessorNamingStrategy$Provider
instanceKlass tools/jackson/databind/jsontype/PolymorphicTypeValidator
instanceKlass tools/jackson/databind/AnnotationIntrospector
instanceKlass tools/jackson/core/PrettyPrinter
instanceKlass tools/jackson/databind/type/TypeBindings
instanceKlass tools/jackson/core/JsonGenerator
instanceKlass tools/jackson/core/tree/ArrayTreeNode
instanceKlass tools/jackson/databind/DatabindContext
instanceKlass tools/jackson/databind/JacksonSerializable$Base
instanceKlass tools/jackson/core/JsonParser
instanceKlass tools/jackson/core/tree/ObjectTreeNode
instanceKlass tools/jackson/core/TreeNode
instanceKlass tools/jackson/core/util/BufferRecycler$Gettable
instanceKlass tools/jackson/core/ObjectWriteContext
instanceKlass tools/jackson/core/ObjectReadContext
instanceKlass tools/jackson/databind/JacksonSerializable
instanceKlass tools/jackson/core/type/ResolvedType
instanceKlass tools/jackson/core/TokenStreamFactory
instanceKlass tools/jackson/databind/cfg/MapperBuilder
instanceKlass tools/jackson/core/util/Snapshottable
instanceKlass tools/jackson/databind/ObjectMapper
instanceKlass tools/jackson/core/Versioned
instanceKlass tools/jackson/core/TreeCodec
instanceKlass  @bci org/flywaydb/core/internal/plugin/PluginRegister getCopy ()Lorg/flywaydb/core/internal/plugin/PluginRegister; 30 <appendix> argL0 ; # org/flywaydb/core/internal/plugin/PluginRegister$$Lambda+0x00000236824e7590
instanceKlass  @bci org/flywaydb/core/api/configuration/ClassicConfiguration getResolvers ()[Lorg/flywaydb/core/api/resolver/MigrationResolver; 89 <appendix> argL0 ; # org/flywaydb/core/api/configuration/ClassicConfiguration$$Lambda+0x00000236824e7370
instanceKlass  @bci org/flywaydb/core/api/configuration/ClassicConfiguration getResolvers ()[Lorg/flywaydb/core/api/resolver/MigrationResolver; 66 <appendix> member <vmtarget> ; # org/flywaydb/core/api/configuration/ClassicConfiguration$$Lambda+0x00000236824e7128
instanceKlass  @bci org/flywaydb/core/api/configuration/ClassicConfiguration getResolvers ()[Lorg/flywaydb/core/api/resolver/MigrationResolver; 55 <appendix> member <vmtarget> ; # org/flywaydb/core/api/configuration/ClassicConfiguration$$Lambda+0x00000236824e6ed0
instanceKlass  @bci org/flywaydb/core/api/configuration/ClassicConfiguration getCallbacks ()[Lorg/flywaydb/core/api/callback/Callback; 8 <appendix> argL0 ; # org/flywaydb/core/api/configuration/ClassicConfiguration$$Lambda+0x00000236824e6cb0
instanceKlass  @bci org/flywaydb/core/internal/configuration/models/ConfigurationModel merge (Lorg/flywaydb/core/internal/configuration/models/ConfigurationModel;)Lorg/flywaydb/core/internal/configuration/models/ConfigurationModel; 84 <appendix> argL0 ; # org/flywaydb/core/internal/configuration/models/ConfigurationModel$$Lambda+0x00000236824e6690
instanceKlass  @bci org/flywaydb/core/internal/configuration/models/EnvironmentModel merge (Lorg/flywaydb/core/internal/configuration/models/EnvironmentModel;)Lorg/flywaydb/core/internal/configuration/models/EnvironmentModel; 234 <appendix> argL0 ; # org/flywaydb/core/internal/configuration/models/EnvironmentModel$$Lambda+0x00000236824e6460
instanceKlass  @bci org/flywaydb/core/internal/configuration/models/FlywayEnvironmentModel merge (Lorg/flywaydb/core/internal/configuration/models/FlywayEnvironmentModel;)Lorg/flywaydb/core/internal/configuration/models/FlywayEnvironmentModel; 975 <appendix> argL0 ; # org/flywaydb/core/internal/configuration/models/FlywayEnvironmentModel$$Lambda+0x00000236824e6230
instanceKlass  @bci org/flywaydb/core/internal/configuration/models/FlywayEnvironmentModel merge (Lorg/flywaydb/core/internal/configuration/models/FlywayEnvironmentModel;)Lorg/flywaydb/core/internal/configuration/models/FlywayEnvironmentModel; 955 <appendix> argL0 ; # org/flywaydb/core/internal/configuration/models/FlywayEnvironmentModel$$Lambda+0x00000236824e6000
instanceKlass  @bci org/flywaydb/core/internal/configuration/models/FlywayEnvironmentModel merge (Lorg/flywaydb/core/internal/configuration/models/FlywayEnvironmentModel;)Lorg/flywaydb/core/internal/configuration/models/FlywayEnvironmentModel; 917 <appendix> argL0 ; # org/flywaydb/core/internal/configuration/models/FlywayEnvironmentModel$$Lambda+0x00000236824e3dc0
instanceKlass  @bci org/flywaydb/core/internal/configuration/models/EnvironmentModel merge (Lorg/flywaydb/core/internal/configuration/models/EnvironmentModel;)Lorg/flywaydb/core/internal/configuration/models/EnvironmentModel; 181 <appendix> argL0 ; # org/flywaydb/core/internal/configuration/models/EnvironmentModel$$Lambda+0x00000236824e3b90
instanceKlass  @bci org/flywaydb/core/internal/configuration/models/EnvironmentModel merge (Lorg/flywaydb/core/internal/configuration/models/EnvironmentModel;)Lorg/flywaydb/core/internal/configuration/models/EnvironmentModel; 161 <appendix> argL0 ; # org/flywaydb/core/internal/configuration/models/EnvironmentModel$$Lambda+0x00000236824e3960
instanceKlass  @bci org/flywaydb/core/internal/configuration/models/ConfigurationModel merge (Lorg/flywaydb/core/internal/configuration/models/ConfigurationModel;)Lorg/flywaydb/core/internal/configuration/models/ConfigurationModel; 64 <appendix> argL0 ; # org/flywaydb/core/internal/configuration/models/ConfigurationModel$$Lambda+0x00000236824e3730
instanceKlass  @cpi org/flywaydb/core/internal/configuration/models/ConfigurationModel 109 form vmentry <vmtarget> ; # java/lang/invoke/LambdaForm$DMH+0x00000236824e4000
instanceKlass  @bci org/flywaydb/core/internal/configuration/models/FlywayModel merge (Lorg/flywaydb/core/internal/configuration/models/FlywayModel;)Lorg/flywaydb/core/internal/configuration/models/FlywayModel; 1083 <appendix> argL0 ; # org/flywaydb/core/internal/configuration/models/FlywayModel$$Lambda+0x00000236824e3500
instanceKlass  @bci org/flywaydb/core/internal/configuration/models/FlywayModel merge (Lorg/flywaydb/core/internal/configuration/models/FlywayModel;)Lorg/flywaydb/core/internal/configuration/models/FlywayModel; 1063 <appendix> argL0 ; # org/flywaydb/core/internal/configuration/models/FlywayModel$$Lambda+0x00000236824e32d0
instanceKlass org/flywaydb/core/internal/configuration/models/PropertyResolver
instanceKlass  @bci org/flywaydb/core/internal/configuration/models/FlywayModel merge (Lorg/flywaydb/core/internal/configuration/models/FlywayModel;)Lorg/flywaydb/core/internal/configuration/models/FlywayModel; 1043 <appendix> argL0 ; # org/flywaydb/core/internal/configuration/models/FlywayModel$$Lambda+0x00000236824e2e98
instanceKlass org/flywaydb/core/internal/util/MergeUtils
instanceKlass org/flywaydb/core/internal/util/ClassUtils
instanceKlass  @bci org/flywaydb/core/internal/database/DatabaseTypeRegister getDatabaseTypesForUrl (Ljava/lang/String;Lorg/flywaydb/core/api/configuration/Configuration;)Ljava/util/List; 20 <appendix> member <vmtarget> ; # org/flywaydb/core/internal/database/DatabaseTypeRegister$$Lambda+0x00000236824e2830
instanceKlass  @bci org/flywaydb/core/internal/database/DatabaseTypeRegister getDatabaseTypesForUrl (Ljava/lang/String;Lorg/flywaydb/core/api/configuration/Configuration;)Ljava/util/List; 9 <appendix> member <vmtarget> ; # org/flywaydb/core/internal/database/DatabaseTypeRegister$$Lambda+0x00000236824e25d8
instanceKlass  @bci java/util/stream/SortedOps$RefSortingSink end ()V 48 <appendix> member <vmtarget> ; # java/util/stream/SortedOps$RefSortingSink$$Lambda+0x000002368237a7a0
instanceKlass  @bci org/flywaydb/core/internal/plugin/PluginRegister getInstancesOf (Ljava/lang/Class;)Ljava/util/List; 15 <appendix> member <vmtarget> ; # org/flywaydb/core/internal/plugin/PluginRegister$$Lambda+0x00000236824e2380
instanceKlass org/flywaydb/core/internal/database/DatabaseTypeRegister
instanceKlass org/flywaydb/core/internal/jdbc/DriverDataSource
instanceKlass org/flywaydb/core/internal/configuration/models/DataSourceModel
instanceKlass java/util/stream/SortedOps
instanceKlass  @bci org/flywaydb/core/internal/plugin/PluginRegister getInstanceOf (Ljava/lang/Class;)Lorg/flywaydb/core/extensibility/Plugin; 15 <appendix> member <vmtarget> ; # org/flywaydb/core/internal/plugin/PluginRegister$$Lambda+0x00000236824e1970
instanceKlass org/flywaydb/core/api/callback/Callback
instanceKlass org/flywaydb/core/api/callback/GenericCallback
instanceKlass org/flywaydb/core/internal/callback/CallbackExecutor
instanceKlass org/flywaydb/core/internal/jdbc/ErrorOverrideInitializerStub
instanceKlass org/flywaydb/core/internal/jdbc/ErrorOverrideInitializer
instanceKlass org/flywaydb/core/internal/NullFlywayTelemetryManager
instanceKlass org/flywaydb/core/FlywayTelemetryManager
instanceKlass org/flywaydb/core/internal/scanner/filesystem/FilesystemLocationHandler
instanceKlass org/flywaydb/core/internal/scanner/ReadWriteLocationHandler
instanceKlass org/flywaydb/core/internal/scanner/classpath/ClasspathLocationHandlerImpl
instanceKlass org/flywaydb/core/internal/scanner/ClasspathLocationHandler
instanceKlass org/flywaydb/core/internal/scanner/ReadOnlyLocationHandler
instanceKlass org/flywaydb/core/internal/publishing/PublishingConfigurationExtension
instanceKlass org/flywaydb/core/internal/proprietaryStubs/OfflinePermitConfigurationExtensionStub
instanceKlass org/flywaydb/core/internal/proprietaryStubs/PATTokenConfigurationExtensionStub
instanceKlass org/flywaydb/core/internal/proprietaryStubs/PrepareCommandExtensionStub
instanceKlass org/flywaydb/core/internal/proprietaryStubs/GenerateCommandExtensionStub
instanceKlass org/flywaydb/core/internal/proprietaryStubs/DiffTextCommandExtensionStub
instanceKlass org/flywaydb/core/internal/proprietaryStubs/ModelCommandExtensionStub
instanceKlass org/flywaydb/core/internal/proprietaryStubs/DiffCommandExtensionStub
instanceKlass org/flywaydb/core/internal/proprietaryStubs/DeployCommandExtensionStub
instanceKlass org/flywaydb/core/internal/proprietaryStubs/AuthCommandExtensionStub
instanceKlass org/flywaydb/core/internal/proprietaryStubs/LicensingConfigurationExtensionStub
instanceKlass org/flywaydb/core/api/migration/baseline/BaselineResourceTypeProvider
instanceKlass org/flywaydb/core/api/executor/MigrationExecutor
instanceKlass org/flywaydb/core/api/migration/baseline/BaselineMigrationResolver
instanceKlass org/flywaydb/core/api/migration/baseline/BaselineMigrationConfigurationExtension
instanceKlass org/flywaydb/core/internal/proprietaryStubs/UndoCommandExtensionStub
instanceKlass org/flywaydb/core/internal/proprietaryStubs/CheckCommandExtensionStub
instanceKlass org/flywaydb/core/extensibility/CommandExtension
instanceKlass org/flywaydb/core/extensibility/PluginMetadata
instanceKlass org/flywaydb/core/internal/configuration/resolvers/PlaceholderPropertyResolver
instanceKlass org/flywaydb/core/internal/configuration/resolvers/EnvironmentProvisionerNone
instanceKlass org/flywaydb/core/internal/configuration/resolvers/EnvironmentProvisioner
instanceKlass org/flywaydb/core/internal/configuration/resolvers/EnvironmentVariableResolver
instanceKlass org/flywaydb/core/internal/configuration/resolvers/PropertyResolver
instanceKlass org/flywaydb/core/internal/command/clean/CleanModeConfigurationExtension
instanceKlass org/flywaydb/core/extensibility/ConfigurationExtension
instanceKlass org/flywaydb/core/internal/resource/CoreResourceTypeProvider
instanceKlass org/flywaydb/core/extensibility/ResourceTypeProvider
instanceKlass org/flywaydb/core/extensibility/MigrationType
instanceKlass org/flywaydb/core/api/MigrationVersion
instanceKlass org/flywaydb/core/internal/schemahistory/BaseAppliedMigration
instanceKlass org/flywaydb/core/extensibility/AppliedMigration
instanceKlass org/flywaydb/core/internal/database/base/Database
instanceKlass org/flywaydb/core/internal/parser/Parser
instanceKlass org/flywaydb/core/internal/sqlscript/SqlScript
instanceKlass org/flywaydb/core/internal/database/DatabaseExecutionStrategy
instanceKlass org/flywaydb/core/internal/sqlscript/SqlScriptExecutor
instanceKlass org/flywaydb/core/internal/jdbc/ExecutionTemplate
instanceKlass org/flywaydb/core/internal/database/base/BaseDatabaseType
instanceKlass org/flywaydb/core/internal/database/DatabaseType
instanceKlass org/flywaydb/core/internal/nc/NativeConnectorsSupport
instanceKlass org/flywaydb/core/internal/nc/NativeConnectorsModeUtils
instanceKlass org/flywaydb/core/internal/scanner/LocationScannerCache
instanceKlass org/flywaydb/core/internal/scanner/ResourceNameCache
instanceKlass org/flywaydb/core/internal/scanner/classpath/ResourceAndClassScanner
instanceKlass org/flywaydb/core/internal/scanner/ClasspathClassScanner
instanceKlass org/flywaydb/core/internal/plugin/PluginRegister
instanceKlass org/flywaydb/core/api/resolver/MigrationResolver
instanceKlass org/flywaydb/core/extensibility/Plugin
instanceKlass org/flywaydb/core/api/migration/JavaMigration
instanceKlass org/flywaydb/core/internal/configuration/models/EnvironmentModel
instanceKlass org/flywaydb/core/internal/util/StringUtils
instanceKlass org/flywaydb/core/internal/configuration/models/ConfigurationModel
instanceKlass org/flywaydb/core/internal/configuration/models/FlywayEnvironmentModel
instanceKlass org/flywaydb/core/ProgressLogger
instanceKlass javax/sql/DataSource
instanceKlass javax/sql/CommonDataSource
instanceKlass org/flywaydb/core/api/configuration/ClassicConfiguration
instanceKlass org/flywaydb/core/api/configuration/FluentConfiguration
instanceKlass org/flywaydb/core/internal/logging/EvolvingLog
instanceKlass org/flywaydb/core/internal/logging/buffered/BufferedLog
instanceKlass org/flywaydb/core/internal/logging/buffered/BufferedLogCreator
instanceKlass org/flywaydb/core/api/logging/Log
instanceKlass org/flywaydb/core/api/logging/LogCreator
instanceKlass org/flywaydb/core/api/logging/LogFactory
instanceKlass org/flywaydb/core/api/callback/CallbackEvent
instanceKlass org/flywaydb/core/api/output/OperationResult
instanceKlass org/flywaydb/core/api/ErrorCode
instanceKlass org/flywaydb/core/api/configuration/Configuration
instanceKlass org/flywaydb/core/Flyway
instanceKlass org/h2/mvstore/Chunk$PositionComparator
instanceKlass  @bci org/h2/mvstore/RandomAccessStore findChunksToMove (JJ)Ljava/lang/Iterable; 34 <appendix> argL0 ; # org/h2/mvstore/RandomAccessStore$$Lambda+0x00000236824cb010
instanceKlass  @bci org/h2/mvstore/RandomAccessStore compactMoveChunks (IJLorg/h2/mvstore/MVStore;)V 12 <adapter> ; # java/lang/invoke/LambdaForm$MH+0x00000236824d0400
# instanceKlass java/lang/invoke/LambdaForm$DMH+0x00000236824d0000
instanceKlass  @bci org/h2/mvstore/RandomAccessStore compactMoveChunks (IJLorg/h2/mvstore/MVStore;)V 12 <appendix> form vmentry <vmtarget> ; # java/lang/invoke/LambdaForm$DMH+0x00000236824c9c00
instanceKlass  @bci org/h2/mvstore/RandomAccessStore compactMoveChunks (IJLorg/h2/mvstore/MVStore;)V 12 <appendix> member <vmtarget> ; # org/h2/mvstore/RandomAccessStore$$Lambda+0x00000236824cade8
instanceKlass  @cpi org/h2/mvstore/RandomAccessStore 439 form vmentry <vmtarget> ; # java/lang/invoke/LambdaForm$DMH+0x00000236824c9800
instanceKlass java/util/PriorityQueue$Itr
instanceKlass  @bci org/h2/mvstore/FileStore findOldChunks (II)Ljava/lang/Iterable; 41 <appendix> argL0 ; # org/h2/mvstore/FileStore$$Lambda+0x00000236824cab50
instanceKlass  @bci org/h2/mvstore/FileStore compact (II)Z 25 <appendix> member <vmtarget> ; # org/h2/mvstore/FileStore$$Lambda+0x00000236824ca928
instanceKlass  @bci org/h2/mvstore/FileStore serializeAndStore (ZLjava/util/ArrayList;JJ)V 157 <appendix> member <vmtarget> ; # org/h2/mvstore/FileStore$$Lambda+0x00000236824ca700
instanceKlass org/h2/mvstore/FileStore$PageSerializationManager
instanceKlass org/h2/mvstore/WriteBuffer
instanceKlass  @bci org/h2/mvstore/FileStore storeIt (Ljava/util/ArrayList;JZ)V 18 <adapter> ; # java/lang/invoke/LambdaForm$MH+0x00000236824c9400
# instanceKlass java/lang/invoke/LambdaForm$DMH+0x00000236824c9000
instanceKlass  @bci org/h2/mvstore/FileStore storeIt (Ljava/util/ArrayList;JZ)V 18 <appendix> form vmentry <vmtarget> ; # java/lang/invoke/LambdaForm$DMH+0x00000236824c8c00
instanceKlass  @bci org/h2/mvstore/FileStore storeIt (Ljava/util/ArrayList;JZ)V 18 <appendix> member <vmtarget> ; # org/h2/mvstore/FileStore$$Lambda+0x00000236824ca000
instanceKlass  @cpi org/h2/mvstore/FileStore 1135 form vmentry <vmtarget> ; # java/lang/invoke/LambdaForm$DMH+0x00000236824c8800
instanceKlass  @bci org/h2/mvstore/MVStore commit ()J 1 <appendix> argL0 ; # org/h2/mvstore/MVStore$$Lambda+0x00000236824cfbf8
instanceKlass  @bci org/h2/mvstore/db/LobStorageMap <init> (Lorg/h2/engine/Database;)V 81 <appendix> member <vmtarget> ; # org/h2/mvstore/db/LobStorageMap$$Lambda+0x00000236824cf380
instanceKlass  @cpi org/h2/mvstore/db/LobStorageMap 289 form vmentry <vmtarget> ; # java/lang/invoke/LambdaForm$DMH+0x00000236824c8400
instanceKlass java/util/function/LongConsumer
instanceKlass  @bci org/h2/util/Utils createSingleThreadExecutor (Ljava/lang/String;Ljava/util/concurrent/BlockingQueue;)Ljava/util/concurrent/ThreadPoolExecutor; 12 <appendix> member <vmtarget> ; # org/h2/util/Utils$$Lambda+0x00000236824cf158
instanceKlass org/h2/engine/NullsDistinct$1
instanceKlass  @bci org/h2/mvstore/db/MVTable sortRows (Ljava/util/ArrayList;Lorg/h2/index/Index;)V 7 <appendix> member <vmtarget> ; # org/h2/mvstore/db/MVTable$$Lambda+0x00000236824cecb0
instanceKlass org/h2/command/ddl/SequenceOptions
instanceKlass org/h2/mvstore/FileStore$RemovedPageInfo
instanceKlass  @bci org/h2/mvstore/MVStore openMetaMap ()Lorg/h2/mvstore/MVMap; 12 <appendix> member <vmtarget> ; # org/h2/mvstore/MVStore$$Lambda+0x00000236824cd910
instanceKlass java/util/function/IntSupplier
instanceKlass org/h2/mvstore/FileStore$1
instanceKlass  @bci org/h2/mvstore/FileStore getChunksFromLayoutMap (Lorg/h2/mvstore/MVMap;)Ljava/lang/Iterable; 2 <appendix> member <vmtarget> ; # org/h2/mvstore/FileStore$$Lambda+0x00000236824cd460
instanceKlass org/h2/util/MemoryEstimator
instanceKlass java/util/Collections$ReverseComparator2
instanceKlass java/util/Collections$ReverseComparator
instanceKlass  @bci org/h2/mvstore/RandomAccessStore readStoreHeader (Z)V 263 <appendix> argL0 ; # org/h2/mvstore/RandomAccessStore$$Lambda+0x00000236824ccfc0
instanceKlass sun/nio/ch/FileKey
instanceKlass sun/nio/ch/FileLockTable
instanceKlass java/nio/channels/FileLock
instanceKlass org/h2/mvstore/FreeSpaceBitSet
instanceKlass org/h2/mvstore/cache/CacheLongKeyLIRS$Entry
instanceKlass org/h2/mvstore/cache/CacheLongKeyLIRS$Segment
instanceKlass org/h2/mvstore/cache/CacheLongKeyLIRS
instanceKlass org/h2/mvstore/cache/CacheLongKeyLIRS$Config
instanceKlass java/util/concurrent/ConcurrentLinkedDeque$Node
instanceKlass  @bci org/h2/mvstore/db/Store <init> (Lorg/h2/engine/Database;[B)V 192 <appendix> member <vmtarget> ; # org/h2/mvstore/db/Store$$Lambda+0x00000236824c72d8
instanceKlass java/util/IdentityHashMap$IdentityHashMapIterator
instanceKlass org/h2/mvstore/Chunk
instanceKlass org/h2/mvstore/MVStoreTool
instanceKlass java/lang/StackTraceElement$HashedModules
instanceKlass java/lang/Throwable$PrintStreamOrWriter
instanceKlass  @bci org/h2/store/fs/disk/FilePathDisk newDirectoryStream ()Ljava/util/List; 30 <appendix> argL0 ; # org/h2/store/fs/disk/FilePathDisk$$Lambda+0x00000236824c6718
instanceKlass  @bci org/h2/store/fs/disk/FilePathDisk newDirectoryStream ()Ljava/util/List; 25 <appendix> member <vmtarget> ; # org/h2/store/fs/disk/FilePathDisk$$Lambda+0x00000236824c64e0
instanceKlass  @bci org/h2/store/fs/disk/FilePathDisk newDirectoryStream ()Ljava/util/List; 19 <appendix> argL0 ; # org/h2/store/fs/disk/FilePathDisk$$Lambda+0x00000236824c62c0
instanceKlass org/h2/api/ErrorCode
instanceKlass  @bci java/nio/file/Files asUncheckedRunnable (Ljava/io/Closeable;)Ljava/lang/Runnable; 1 <appendix> member <vmtarget> ; # java/nio/file/Files$$Lambda+0x0000023682372e80
instanceKlass java/nio/file/Files$2
instanceKlass  @bci org/flywaydb/core/internal/database/h2/H2Database determineVersion ()Lorg/flywaydb/core/api/MigrationVersion; 42 <appendix> form vmentry <vmtarget> ; # java/lang/invoke/LambdaForm$MH+0x00000236824c8000
# instanceKlass java/lang/invoke/LambdaForm$MH+0x00000236824c5c00
instanceKlass  @bci org/flywaydb/core/internal/database/h2/H2Database determineVersion ()Lorg/flywaydb/core/api/MigrationVersion; 42 <appendix> argL3 form vmentry <vmtarget> ; # java/lang/invoke/LambdaForm$MH+0x00000236824c5800
# instanceKlass java/lang/invoke/LambdaForm$MH+0x00000236824c5400
# instanceKlass java/lang/invoke/LambdaForm$MH+0x00000236824c5000
# instanceKlass java/lang/invoke/LambdaForm$MH+0x00000236824c4c00
instanceKlass org/h2/value/Transfer
# instanceKlass java/lang/invoke/LambdaForm$MH+0x00000236824c4800
instanceKlass  @bci org/flywaydb/core/internal/jdbc/JdbcUtils getDatabaseProductName (Ljava/sql/DatabaseMetaData;)Ljava/lang/String; 34 <appendix> argL1 argL0 form vmentry <vmtarget> ; # java/lang/invoke/LambdaForm$MH+0x00000236824c4400
# instanceKlass java/lang/invoke/LambdaForm$MH+0x00000236824c4000
# instanceKlass java/lang/invoke/LambdaForm$MH+0x00000236824c3c00
instanceKlass org/h2/util/SmallMap
# instanceKlass java/lang/invoke/LambdaForm$MH+0x00000236824c3800
instanceKlass sun/nio/ch/ExtendedSocketOption$1
instanceKlass sun/nio/ch/ExtendedSocketOption
instanceKlass org/h2/server/TcpServerThread
instanceKlass sun/nio/ch/OptionKey
instanceKlass sun/nio/ch/SocketOptionRegistry$LazyInitialization
instanceKlass sun/nio/ch/SocketOptionRegistry$RegistryKey
instanceKlass sun/nio/ch/SocketOptionRegistry
instanceKlass java/net/StandardSocketOptions$StdSocketOption
instanceKlass org/h2/util/Utils10
instanceKlass java/net/StandardSocketOptions
instanceKlass sun/net/spi/DefaultProxySelector$3
instanceKlass sun/net/spi/DefaultProxySelector$NonProxyInfo
instanceKlass sun/net/NetProperties$1
instanceKlass sun/net/NetProperties
instanceKlass sun/net/spi/DefaultProxySelector$1
instanceKlass java/net/Proxy
instanceKlass java/net/ProxySelector
instanceKlass java/net/SocksSocketImpl$3
instanceKlass java/net/SocksConsts
instanceKlass java/util/concurrent/atomic/Striped64$1
instanceKlass java/net/InetAddress$CachedLookup
instanceKlass sun/net/InetAddressCachePolicy$1
instanceKlass sun/net/InetAddressCachePolicy
instanceKlass  @bci java/net/InetAddress getAddressesFromNameService (Ljava/lang/String;)[Ljava/net/InetAddress; 94 <appendix> argL0 ; # java/net/InetAddress$$Lambda+0x0000023682365248
instanceKlass  @bci java/net/InetAddress loadResolver ()Ljava/net/spi/InetAddressResolver; 8 <appendix> argL0 ; # java/net/InetAddress$$Lambda+0x000002368236dec0
instanceKlass java/net/spi/InetAddressResolverProvider
instanceKlass java/net/InetAddress$NameServiceAddresses
instanceKlass java/net/InetAddress$Addresses
instanceKlass java/util/concurrent/ConcurrentSkipListMap$Iter
instanceKlass java/net/Socket
instanceKlass  @bci org/h2/server/TcpServer getURL ()Ljava/lang/String; 21 <appendix> form vmentry <vmtarget> ; # java/lang/invoke/LambdaForm$MH+0x00000236824c3400
# instanceKlass java/lang/invoke/LambdaForm$MH+0x00000236824c3000
instanceKlass  @bci org/h2/server/TcpServer getURL ()Ljava/lang/String; 21 <appendix> form names 8 function resolvedHandle form vmentry <vmtarget> ; # java/lang/invoke/LambdaForm$DMH+0x00000236824c2c00
instanceKlass  @bci org/h2/server/TcpServer getURL ()Ljava/lang/String; 21 <appendix> argL3 form vmentry <vmtarget> ; # java/lang/invoke/LambdaForm$MH+0x00000236824c2800
# instanceKlass java/lang/invoke/LambdaForm$MH+0x00000236824c2400
# instanceKlass java/lang/invoke/LambdaForm$MH+0x00000236824c2000
# instanceKlass java/lang/invoke/LambdaForm$MH+0x00000236824c1c00
# instanceKlass java/lang/invoke/LambdaForm$MH+0x00000236824c1800
instanceKlass  @bci org/h2/server/TcpServer getURL ()Ljava/lang/String; 21 <appendix> form names 12 function resolvedHandle form vmentry <vmtarget> ; # java/lang/invoke/LambdaForm$DMH+0x00000236824c1400
instanceKlass  @bci org/h2/server/TcpServer getURL ()Ljava/lang/String; 21 <appendix> argL1 form vmentry <vmtarget> ; # java/lang/invoke/LambdaForm$MH+0x00000236824c1000
# instanceKlass java/lang/invoke/LambdaForm$MH+0x00000236824c0c00
# instanceKlass java/lang/invoke/LambdaForm$MH+0x00000236824c0800
# instanceKlass java/lang/invoke/LambdaForm$MH+0x00000236824c0400
instanceKlass org/h2/table/PlanItem
instanceKlass org/h2/command/query/AllColumnsForPlan
instanceKlass org/h2/index/IndexCondition
instanceKlass org/h2/index/IndexCursor
instanceKlass  @bci org/h2/table/TableFilter <clinit> ()V 27 <appendix> argL0 ; # org/h2/table/TableFilter$$Lambda+0x00000236824be038
instanceKlass  @bci java/util/Comparator comparing (Ljava/util/function/Function;)Ljava/util/Comparator; 6 <appendix> member <vmtarget> ; # java/util/Comparator$$Lambda+0x000002368236c1d8
instanceKlass  @cpi org/flywaydb/core/internal/callback/DefaultCallbackExecutor 363 form vmentry <vmtarget> ; # java/lang/invoke/LambdaForm$DMH+0x00000236824c0000
instanceKlass  @bci org/h2/table/TableFilter <clinit> ()V 16 <appendix> argL0 ; # org/h2/table/TableFilter$$Lambda+0x00000236824bddf8
instanceKlass org/h2/table/TableFilter$TableFilterVisitor
instanceKlass org/h2/table/TableFilter
instanceKlass java/sql/ResultSetMetaData
instanceKlass java/sql/ParameterMetaData
instanceKlass org/h2/expression/ExpressionVisitor
instanceKlass org/h2/result/SortOrder
instanceKlass org/h2/command/Parser$1
instanceKlass java/util/ComparableTimSort
instanceKlass org/h2/schema/FunctionAlias$JavaMethod
instanceKlass java/io/ObjectStreamConstants
instanceKlass java/io/ObjectInput
instanceKlass org/h2/util/JdbcUtils
instanceKlass org/h2/engine/SessionLocal$1
instanceKlass org/h2/engine/SessionLocal$Savepoint
instanceKlass org/h2/result/ResultWithGeneratedKeys
instanceKlass org/h2/expression/function/BuiltinFunctions
instanceKlass org/h2/expression/aggregate/AggregateData
instanceKlass org/h2/command/Token
instanceKlass org/h2/command/Tokenizer
instanceKlass org/h2/expression/function/table/TableFunction
instanceKlass org/h2/result/ResultTarget
instanceKlass org/h2/command/dml/MergeUsing$When
instanceKlass org/h2/expression/ParameterInterface
instanceKlass org/h2/expression/ExpressionWithFlags
instanceKlass org/h2/expression/ExpressionWithVariableParameters
instanceKlass org/h2/expression/function/NamedExpression
instanceKlass org/h2/command/Command
instanceKlass org/h2/command/ParserBase
instanceKlass org/h2/result/ResultInterface
instanceKlass java/sql/ResultSet
instanceKlass org/h2/util/ParserUtil
instanceKlass org/h2/mvstore/StreamStore
instanceKlass org/h2/mvstore/db/LobStorageMap$BlobReference
instanceKlass org/h2/mvstore/db/NullValueDataType
instanceKlass org/h2/mvstore/db/LobStorageMap$BlobMeta
instanceKlass org/h2/mvstore/db/LobStorageMap
instanceKlass org/h2/index/SingleRowCursor
instanceKlass  @bci org/h2/engine/MetaRecord <clinit> ()V 0 <appendix> argL0 ; # org/h2/engine/MetaRecord$$Lambda+0x000002368247ee98
instanceKlass org/h2/command/Prepared
instanceKlass org/h2/engine/MetaRecord
instanceKlass  @bci org/h2/mvstore/tx/TransactionMap createSnapshot ()Lorg/h2/mvstore/tx/Snapshot; 1 <appendix> argL0 ; # org/h2/mvstore/tx/TransactionMap$$Lambda+0x000002368247d998
instanceKlass org/h2/mvstore/tx/Snapshot
instanceKlass org/h2/mvstore/tx/TransactionMap$2
instanceKlass org/h2/mvstore/db/MVPrimaryIndex$MVStoreCursor
instanceKlass  @bci org/h2/mvstore/tx/TransactionMap <init> (Lorg/h2/mvstore/tx/Transaction;Lorg/h2/mvstore/MVMap;)V 41 <appendix> member <vmtarget> ; # org/h2/mvstore/tx/TransactionMap$$Lambda+0x000002368247ccb8
instanceKlass org/h2/mvstore/tx/TransactionMap$TMIterator
instanceKlass org/h2/mvstore/tx/VersionedValueType$Factory
instanceKlass org/h2/mvstore/tx/Record
instanceKlass org/h2/mvstore/tx/Transaction
instanceKlass org/h2/index/IndexType
instanceKlass org/h2/table/IndexColumn
instanceKlass org/h2/index/Cursor
instanceKlass org/h2/index/SpatialIndex
instanceKlass org/h2/table/ColumnResolver
instanceKlass org/h2/expression/Expression
instanceKlass org/h2/value/ExtTypeInfo
instanceKlass org/h2/table/Column
instanceKlass org/h2/command/ddl/CreateTableData
instanceKlass  @bci org/h2/engine/Database <init> (Lorg/h2/engine/ConnectionInfo;Ljava/lang/String;)V 1332 <appendix> argL0 ; # org/h2/engine/Database$$Lambda+0x0000023682473d88
instanceKlass org/h2/mvstore/Cursor
instanceKlass java/time/LocalDate$1
instanceKlass  @bci java/time/temporal/TemporalAdjusters nextOrSame (Ljava/time/DayOfWeek;)Ljava/time/temporal/TemporalAdjuster; 6 <appendix> member <vmtarget> ; # java/time/temporal/TemporalAdjusters$$Lambda+0x000002368236b550
instanceKlass java/time/temporal/TemporalAdjusters
instanceKlass org/h2/util/TimeZoneProvider
instanceKlass org/h2/util/DateTimeUtils
instanceKlass org/h2/table/ColumnTemplate
instanceKlass org/h2/mvstore/MVMap$4
instanceKlass org/h2/mvstore/CursorPos
instanceKlass org/h2/mvstore/MVMap$IntValueHolder
instanceKlass org/h2/mvstore/MVMap$BasicBuilder
instanceKlass  @bci org/h2/mvstore/tx/TransactionStore <clinit> ()V 16 <appendix> argL0 ; # org/h2/mvstore/tx/TransactionStore$$Lambda+0x000002368246c230
instanceKlass  @cpi org/h2/mvstore/tx/TransactionStore 521 form vmentry <vmtarget> ; # java/lang/invoke/LambdaForm$DMH+0x0000023682469800
instanceKlass org/h2/mvstore/tx/TransactionStore
instanceKlass java/util/LinkedList$Node
instanceKlass org/h2/mvstore/RootReference
instanceKlass org/h2/mvstore/Page$PageReference
instanceKlass java/util/concurrent/atomic/AtomicLongFieldUpdater$CASUpdater$1
instanceKlass java/util/concurrent/atomic/AtomicLongFieldUpdater
instanceKlass org/h2/mvstore/Page
instanceKlass org/h2/mvstore/MVMap$DecisionMaker
instanceKlass org/h2/mvstore/DataUtils
instanceKlass org/h2/mvstore/MVStore$TxCounter
instanceKlass org/h2/mvstore/MVMap$MapBuilder
instanceKlass org/h2/mvstore/FileStore
instanceKlass org/h2/mvstore/MVStore
instanceKlass org/h2/mvstore/MVStore$Builder
instanceKlass org/h2/mvstore/db/Store
instanceKlass  @bci org/flywaydb/core/FlywayExecutor execute (Lorg/flywaydb/core/FlywayExecutor$Command;ZLorg/flywaydb/core/FlywayTelemetryManager;Lorg/flywaydb/core/internal/jdbc/JdbcConnectionFactory;)Ljava/lang/Object; 282 <appendix> form vmentry <vmtarget> ; # java/lang/invoke/LambdaForm$MH+0x0000023682469400
instanceKlass  @bci org/flywaydb/core/FlywayExecutor execute (Lorg/flywaydb/core/FlywayExecutor$Command;ZLorg/flywaydb/core/FlywayTelemetryManager;Lorg/flywaydb/core/internal/jdbc/JdbcConnectionFactory;)Ljava/lang/Object; 282 <appendix> argL3 form vmentry <vmtarget> ; # java/lang/invoke/LambdaForm$MH+0x0000023682469000
# instanceKlass java/lang/invoke/LambdaForm$MH+0x0000023682468c00
# instanceKlass java/lang/invoke/LambdaForm$MH+0x0000023682468800
instanceKlass  @bci org/flywaydb/core/internal/jdbc/JdbcUtils getDatabaseProductName (Ljava/sql/DatabaseMetaData;)Ljava/lang/String; 34 <appendix> argL1 argL0 argL1 form vmentry <vmtarget> ; # java/lang/invoke/LambdaForm$MH+0x0000023682468400
# instanceKlass java/lang/invoke/LambdaForm$MH+0x0000023682468000
instanceKlass sun/net/NetHooks
instanceKlass  @bci sun/nio/ch/NioSocketImpl closerFor (Ljava/io/FileDescriptor;Z)Ljava/lang/Runnable; 5 <appendix> member <vmtarget> ; # sun/nio/ch/NioSocketImpl$$Lambda+0x0000023682368b50
instanceKlass jdk/net/ExtendedSocketOptions$2
instanceKlass jdk/net/ExtendedSocketOptions$PlatformSocketOptions
instanceKlass jdk/net/ExtendedSocketOptions$ExtSocketOption
instanceKlass java/net/SocketOption
instanceKlass jdk/net/ExtendedSocketOptions
instanceKlass sun/net/ext/ExtendedSocketOptions
instanceKlass sun/nio/ch/Net$1
instanceKlass java/net/ProtocolFamily
instanceKlass sun/nio/ch/Net
instanceKlass java/net/InetSocketAddress$InetSocketAddressHolder
instanceKlass sun/net/PlatformSocketImpl
instanceKlass java/net/SocketImpl
instanceKlass java/net/SocketOptions
instanceKlass java/net/ServerSocket
instanceKlass org/h2/util/NetUtils
instanceKlass org/h2/server/TcpServer
instanceKlass org/h2/server/Service
instanceKlass org/h2/util/Tool
instanceKlass org/h2/server/ShutdownHandler
instanceKlass  @bci java/util/regex/Pattern union (Ljava/util/regex/Pattern$CharPredicate;Ljava/util/regex/Pattern$CharPredicate;Z)Ljava/util/regex/Pattern$CharPredicate; 6 <appendix> member <vmtarget> ; # java/util/regex/Pattern$$Lambda+0x800000039
instanceKlass java/util/RegularEnumSet$EnumSetIterator
instanceKlass  @bci java/util/Map$Entry comparingByKey ()Ljava/util/Comparator; 0 <appendix> argL0 ; # java/util/Map$Entry$$Lambda+0x0000023682364d48
instanceKlass sun/util/resources/provider/NonBaseLocaleDataMetaInfo
instanceKlass  @bci sun/util/locale/provider/JRELocaleProviderAdapter createSupportedLocaleString (Ljava/lang/String;)Ljava/lang/String; 6 <appendix> member <vmtarget> ; # sun/util/locale/provider/JRELocaleProviderAdapter$$Lambda+0x0000023682364160
instanceKlass sun/util/locale/provider/BaseLocaleDataMetaInfo
instanceKlass  @bci sun/util/locale/provider/JRELocaleProviderAdapter getTimeZoneNameProvider ()Ljava/util/spi/TimeZoneNameProvider; 8 <appendix> member <vmtarget> ; # sun/util/locale/provider/JRELocaleProviderAdapter$$Lambda+0x0000023682363ce0
instanceKlass  @bci sun/util/cldr/CLDRLocaleProviderAdapter getTimeZoneNameProvider ()Ljava/util/spi/TimeZoneNameProvider; 8 <appendix> member <vmtarget> ; # sun/util/cldr/CLDRLocaleProviderAdapter$$Lambda+0x0000023682363358
instanceKlass sun/util/locale/provider/TimeZoneNameUtility$TimeZoneNameGetter
instanceKlass sun/util/locale/provider/TimeZoneNameUtility
instanceKlass sun/nio/cs/Surrogate
instanceKlass sun/nio/cs/Surrogate$Parser
instanceKlass  @bci org/h2/util/MathUtils getSecureRandom ()Ljava/security/SecureRandom; 18 <appendix> argL0 ; # org/h2/util/MathUtils$$Lambda+0x0000023682463308
instanceKlass  @bci java/util/stream/Collectors joining (Ljava/lang/CharSequence;Ljava/lang/CharSequence;Ljava/lang/CharSequence;)Ljava/util/stream/Collector; 22 <appendix> argL0 ; # java/util/stream/Collectors$$Lambda+0x800000047
instanceKlass  @bci java/util/stream/Collectors joining (Ljava/lang/CharSequence;Ljava/lang/CharSequence;Ljava/lang/CharSequence;)Ljava/util/stream/Collector; 17 <appendix> argL0 ; # java/util/stream/Collectors$$Lambda+0x800000045
instanceKlass  @bci java/util/stream/Collectors joining (Ljava/lang/CharSequence;Ljava/lang/CharSequence;Ljava/lang/CharSequence;)Ljava/util/stream/Collector; 12 <appendix> argL0 ; # java/util/stream/Collectors$$Lambda+0x800000042
instanceKlass  @bci java/util/stream/Collectors joining (Ljava/lang/CharSequence;Ljava/lang/CharSequence;Ljava/lang/CharSequence;)Ljava/util/stream/Collector; 7 <appendix> member <vmtarget> ; # java/util/stream/Collectors$$Lambda+0x80000004a
instanceKlass  @bci java/lang/Class methodToString (Ljava/lang/String;[Ljava/lang/Class;)Ljava/lang/String; 42 <appendix> argL0 ; # java/lang/Class$$Lambda+0x0000023682362a78
instanceKlass org/h2/store/FileLock$1
instanceKlass org/h2/store/FileLock
instanceKlass org/h2/message/Trace
instanceKlass org/h2/message/TraceSystem
instanceKlass org/h2/message/TraceWriter
instanceKlass org/h2/mvstore/db/ValueDataType$Factory
instanceKlass org/h2/value/lob/LobData
instanceKlass org/h2/mvstore/db/RowDataType$Factory
instanceKlass org/h2/mvstore/type/StatefulDataType$Factory
instanceKlass org/h2/mvstore/type/BasicDataType
instanceKlass org/h2/mvstore/type/DataType
instanceKlass org/h2/mvstore/type/StatefulDataType
instanceKlass org/h2/result/RowFactory$Holder
instanceKlass org/h2/result/RowFactory
instanceKlass org/h2/util/TempFileDeleter
instanceKlass org/h2/api/IntervalQualifier$1
instanceKlass org/h2/value/DataType
instanceKlass org/h2/engine/Mode
instanceKlass org/h2/engine/DbObject
instanceKlass org/h2/engine/Database
instanceKlass java/nio/file/FileStore
instanceKlass sun/nio/fs/WindowsSecurity
instanceKlass sun/nio/fs/AbstractAclFileAttributeView
instanceKlass java/nio/file/attribute/AclFileAttributeView
instanceKlass java/nio/file/attribute/FileOwnerAttributeView
instanceKlass sun/nio/fs/WindowsFileSystemProvider$1
instanceKlass  @bci org/h2/engine/Engine openSession (Lorg/h2/engine/ConnectionInfo;ZZLjava/lang/String;)Lorg/h2/engine/SessionLocal; 48 <appendix> argL0 ; # org/h2/engine/Engine$$Lambda+0x0000023682452130
instanceKlass org/h2/engine/Engine$DatabaseHolder
instanceKlass org/h2/compress/CompressLZF
instanceKlass org/h2/compress/Compressor
instanceKlass org/h2/store/fs/mem/FileMemData
instanceKlass org/h2/store/fs/FilePath
instanceKlass org/h2/store/fs/FileUtils
instanceKlass org/h2/engine/Engine
instanceKlass java/text/Collator
instanceKlass org/h2/value/CompareMode
instanceKlass org/h2/mvstore/tx/TransactionStore$RollbackListener
instanceKlass org/h2/jdbc/meta/DatabaseMeta
instanceKlass org/h2/store/LobStorageInterface
instanceKlass org/h2/command/CommandInterface
instanceKlass org/h2/engine/Session
instanceKlass org/h2/store/DataHandler
instanceKlass org/h2/security/SHA256
instanceKlass org/h2/engine/SettingsBase
instanceKlass org/h2/util/MathUtils
instanceKlass org/h2/engine/SysProperties
instanceKlass org/h2/command/dml/SetTypes
instanceKlass org/h2/engine/ConnectionInfo
instanceKlass org/h2/util/StringUtils
instanceKlass org/h2/util/IOUtils
instanceKlass org/h2/util/Utils
instanceKlass java/sql/SQLXML
instanceKlass java/sql/Array
instanceKlass java/sql/NClob
instanceKlass java/sql/DatabaseMetaData
instanceKlass java/sql/CallableStatement
instanceKlass java/sql/PreparedStatement
instanceKlass java/sql/Statement
instanceKlass java/sql/Savepoint
instanceKlass java/sql/Clob
instanceKlass java/sql/Blob
instanceKlass org/h2/value/VersionedValue
instanceKlass org/h2/value/Typed
instanceKlass org/h2/util/HasSQL
instanceKlass org/h2/message/TraceObject
instanceKlass org/h2/engine/CastDataProvider
instanceKlass java/sql/DriverInfo
instanceKlass org/h2/Driver
instanceKlass java/sql/Driver
instanceKlass java/sql/DriverManager$2
instanceKlass java/sql/DriverManager$1
instanceKlass java/sql/DriverManager
instanceKlass scala/meta/internal/metals/Tables$ConnectionState$InProgress$
instanceKlass scala/meta/internal/metals/JdbcEnrichments$
instanceKlass  @bci scala/meta/internal/metals/BuildTargets inverseSources (Lscala/meta/io/AbsolutePath;)Lscala/Option; 40 <appendix> member <vmtarget> ; # scala/meta/internal/metals/BuildTargets$$Lambda+0x000002368243df08
instanceKlass  @bci scala/meta/internal/metals/BuildTargets sbtBuildScalaTarget (Lscala/meta/io/AbsolutePath;)Lscala/Option; 67 <appendix> argL0 ; # scala/meta/internal/metals/BuildTargets$$Lambda+0x000002368243db40
instanceKlass  @bci scala/meta/internal/metals/BuildTargets sbtBuildScalaTarget (Lscala/meta/io/AbsolutePath;)Lscala/Option; 57 <appendix> member <vmtarget> ; # scala/meta/internal/metals/BuildTargets$$Lambda+0x000002368243cdb0
instanceKlass  @bci scala/meta/internal/metals/BuildTargets sbtBuildScalaTarget (Lscala/meta/io/AbsolutePath;)Lscala/Option; 47 <appendix> argL0 ; # scala/meta/internal/metals/BuildTargets$$Lambda+0x000002368243c9e8
instanceKlass scala/meta/internal/mtags/CommonMtagsEnrichments$XtensionNIOPath
instanceKlass  @bci scala/meta/internal/metals/BuildTargets inverseSources (Lscala/meta/io/AbsolutePath;)Lscala/Option; 9 <appendix> member <vmtarget> ; # scala/meta/internal/metals/BuildTargets$$Lambda+0x000002368243c4d8
instanceKlass  @bci scala/meta/internal/metals/TargetData sourceBuildTargets (Lscala/meta/io/AbsolutePath;)Lscala/Option; 47 <appendix> argL0 ; # scala/meta/internal/metals/TargetData$$Lambda+0x000002368243c110
instanceKlass  @bci scala/collection/IterableOnceOps maxByOption (Lscala/Function1;Lscala/math/Ordering;)Lscala/Option; 51 <appendix> argL0 ; # scala/collection/IterableOnceOps$$Lambda+0x000002368243bb68
instanceKlass  @bci scala/collection/IterableOnceOps maxByOption (Lscala/Function1;Lscala/math/Ordering;)Lscala/Option; 43 <appendix> member <vmtarget> ; # scala/collection/IterableOnceOps$$Lambda+0x000002368243b5b8
instanceKlass  @bci scala/meta/internal/metals/TargetData sourceBuildTargets (Lscala/meta/io/AbsolutePath;)Lscala/Option; 34 <appendix> argL0 ; # scala/meta/internal/metals/TargetData$$Lambda+0x000002368243abe8
instanceKlass scala/collection/concurrent/TrieMapIterator$
instanceKlass scala/collection/concurrent/RDCSS_Descriptor
instanceKlass  @bci scala/meta/internal/metals/BuildTargets$DataSeq fromOptions (Lscala/Function1;)Lscala/Option; 10 <appendix> argL0 ; # scala/meta/internal/metals/BuildTargets$DataSeq$$Lambda+0x00000236824387a0
instanceKlass  @bci scala/meta/internal/metals/BuildTargets$DataSeq fromOptions (Lscala/Function1;)Lscala/Option; 2 <appendix> member <vmtarget> ; # scala/meta/internal/metals/BuildTargets$DataSeq$$Lambda+0x00000236824383d0
instanceKlass  @bci scala/meta/internal/metals/BuildTargets sourceBuildTargets (Lscala/meta/io/AbsolutePath;)Lscala/Option; 5 <appendix> member <vmtarget> ; # scala/meta/internal/metals/BuildTargets$$Lambda+0x0000023682438000
instanceKlass  @bci scala/meta/internal/metals/WorkspaceLspService getServiceFor (Lscala/meta/io/AbsolutePath;)Lscala/meta/internal/metals/MetalsLspService; 6 <appendix> member <vmtarget> ; # scala/meta/internal/metals/WorkspaceLspService$$Lambda+0x0000023682434c00
instanceKlass  @bci scala/meta/internal/metals/WorkspaceLspService getServiceForOpt (Lscala/meta/io/AbsolutePath;)Lscala/Option; 11 <appendix> member <vmtarget> ; # scala/meta/internal/metals/WorkspaceLspService$$Lambda+0x0000023682437cf8
instanceKlass  @bci scala/meta/internal/metals/WorkspaceLspService getFolderForOpt (Lscala/meta/io/AbsolutePath;Lscala/collection/immutable/List;)Lscala/Option; 29 <appendix> argL0 ; # scala/meta/internal/metals/WorkspaceLspService$$Lambda+0x0000023682435b68
instanceKlass  @bci scala/meta/internal/metals/WorkspaceLspService getFolderForOpt (Lscala/meta/io/AbsolutePath;Lscala/collection/immutable/List;)Lscala/Option; 10 <appendix> argL0 ; # scala/meta/internal/metals/WorkspaceLspService$$Lambda+0x00000236824357a0
instanceKlass  @bci scala/meta/internal/metals/WorkspaceLspService getFolderForOpt (Lscala/meta/io/AbsolutePath;Lscala/collection/immutable/List;)Lscala/Option; 2 <appendix> member <vmtarget> ; # scala/meta/internal/metals/WorkspaceLspService$$Lambda+0x00000236824353d0
instanceKlass  @bci scala/meta/internal/metals/WorkspaceLspService setFocusedDocument (Lscala/Option;)V 11 <appendix> member <vmtarget> ; # scala/meta/internal/metals/WorkspaceLspService$$Lambda+0x0000023682435000
instanceKlass  @bci scala/meta/internal/metals/WorkspaceLspService didOpen (Lorg/eclipse/lsp4j/DidOpenTextDocumentParams;)Ljava/util/concurrent/CompletableFuture; 11 <appendix> member <vmtarget> ; # scala/meta/internal/metals/WorkspaceLspService$$Lambda+0x0000023682437928
# instanceKlass java/lang/invoke/LambdaForm$MH+0x0000023682434800
# instanceKlass java/lang/invoke/LambdaForm$MH+0x0000023682434400
instanceKlass org/eclipse/lsp4j/TextDocumentItem
instanceKlass  @bci scala/meta/internal/metals/WorkspaceLspService initialized ()Lscala/concurrent/Future; 44 <appendix> member <vmtarget> ; # scala/meta/internal/metals/WorkspaceLspService$$Lambda+0x0000023682436e80
instanceKlass  @bci scala/meta/internal/metals/UserConfigurationSync initSyncUserConfiguration (Lscala/collection/immutable/List;)Lscala/concurrent/Future; 10 <appendix> argL0 ; # scala/meta/internal/metals/UserConfigurationSync$$Lambda+0x0000023682436bc8
instanceKlass  @bci scala/meta/internal/metals/UserConfigurationSync $anonfun$optSyncUserConfiguration$1 (Lscala/meta/internal/metals/UserConfigurationSync;Lscala/collection/immutable/List;Lscala/Function1;)Lscala/concurrent/Future; 53 <appendix> member <vmtarget> ; # scala/meta/internal/metals/UserConfigurationSync$$Lambda+0x00000236824367f8
instanceKlass scala/meta/internal/metals/MetalsEnrichments$XtensionJavaFuture
instanceKlass org/eclipse/lsp4j/jsonrpc/RemoteEndpoint$PendingRequestInfo
instanceKlass  @bci org/eclipse/lsp4j/jsonrpc/RemoteEndpoint request (Ljava/lang/String;Ljava/lang/Object;)Lorg/eclipse/lsp4j/jsonrpc/JsonRpcRequestFuture; 13 <appendix> member <vmtarget> ; # org/eclipse/lsp4j/jsonrpc/RemoteEndpoint$$Lambda+0x0000023682433da0
instanceKlass  @bci scala/meta/internal/metals/UserConfigurationSync $anonfun$optSyncUserConfiguration$1 (Lscala/meta/internal/metals/UserConfigurationSync;Lscala/collection/immutable/List;Lscala/Function1;)Lscala/concurrent/Future; 2 <appendix> member <vmtarget> ; # scala/meta/internal/metals/UserConfigurationSync$$Lambda+0x0000023682436000
instanceKlass org/eclipse/lsp4j/ConfigurationItem
instanceKlass  @bci scala/meta/internal/metals/WorkDoneProgress updateTimers ()V 17 <appendix> member <vmtarget> ; # scala/meta/internal/metals/WorkDoneProgress$$Lambda+0x00000236824337a0
instanceKlass  @bci scala/meta/internal/metals/UserConfigurationSync optSyncUserConfiguration (Lscala/collection/immutable/List;Lscala/Function1;)Lscala/Option; 10 <appendix> member <vmtarget> ; # scala/meta/internal/metals/UserConfigurationSync$$Lambda+0x00000236824334e0
instanceKlass  @bci scala/meta/internal/metals/StatusBar garbageCollect ()V 4 <appendix> argL0 ; # scala/meta/internal/metals/StatusBar$$Lambda+0x0000023682433290
instanceKlass  @bci scala/meta/internal/metals/UserConfigurationSync initSyncUserConfiguration (Lscala/collection/immutable/List;)Lscala/concurrent/Future; 2 <appendix> argL0 ; # scala/meta/internal/metals/UserConfigurationSync$$Lambda+0x0000023682432ec8
instanceKlass scala/meta/internal/metals/StatusBar$Message
instanceKlass  @bci scala/meta/internal/metals/WorkDoneProgress start (Ljava/util/concurrent/ScheduledExecutorService;JJLjava/util/concurrent/TimeUnit;)V 7 <appendix> member <vmtarget> ; # scala/meta/internal/metals/WorkDoneProgress$$Lambda+0x0000023682432998
instanceKlass  @bci scala/meta/internal/metals/StatusBar start (Ljava/util/concurrent/ScheduledExecutorService;JJLjava/util/concurrent/TimeUnit;)V 7 <appendix> member <vmtarget> ; # scala/meta/internal/metals/StatusBar$$Lambda+0x0000023682432770
instanceKlass  @bci scala/meta/internal/metals/MemoryMonitor start ()V 42 <appendix> argL0 ; # scala/meta/internal/metals/MemoryMonitor$$Lambda+0x00000236824324b8
instanceKlass  @bci scala/meta/internal/metals/MemoryMonitor start ()V 5 <appendix> member <vmtarget> ; # scala/meta/internal/metals/MemoryMonitor$$Lambda+0x0000023682432290
instanceKlass  @bci java/util/stream/Collectors toList ()Ljava/util/stream/Collector; 14 <appendix> argL0 ; # java/util/stream/Collectors$$Lambda+0x000002368235e788
instanceKlass  @bci java/util/stream/Collectors toList ()Ljava/util/stream/Collector; 9 <appendix> argL0 ; # java/util/stream/Collectors$$Lambda+0x000002368235e558
instanceKlass  @bci java/util/stream/Collectors toList ()Ljava/util/stream/Collector; 4 <appendix> argL0 ; # java/util/stream/Collectors$$Lambda+0x000002368235e338
instanceKlass  @bci sun/management/spi/PlatformMBeanProvider$PlatformComponent getMBeans (Ljava/lang/Class;)Ljava/util/List; 63 <appendix> member <vmtarget> ; # sun/management/spi/PlatformMBeanProvider$PlatformComponent$$Lambda+0x000002368235e0f0
instanceKlass  @bci sun/management/spi/PlatformMBeanProvider$PlatformComponent getMBeans (Ljava/lang/Class;)Ljava/util/List; 47 <appendix> member <vmtarget> ; # sun/management/spi/PlatformMBeanProvider$PlatformComponent$$Lambda+0x000002368235de98
instanceKlass java/util/Collections$2
instanceKlass java/util/stream/ReduceOps$2ReducingSink
instanceKlass  @bci java/lang/management/ManagementFactory$PlatformMBeanFinder findSingleton (Ljava/lang/Class;)Lsun/management/spi/PlatformMBeanProvider$PlatformComponent; 30 <appendix> member <vmtarget> ; # java/lang/management/ManagementFactory$PlatformMBeanFinder$$Lambda+0x000002368235d0f0
instanceKlass  @bci java/lang/management/ManagementFactory$PlatformMBeanFinder findSingleton (Ljava/lang/Class;)Lsun/management/spi/PlatformMBeanProvider$PlatformComponent; 19 <appendix> member <vmtarget> ; # java/lang/management/ManagementFactory$PlatformMBeanFinder$$Lambda+0x000002368235ce98
instanceKlass jdk/management/jfr/internal/FlightRecorderMXBeanProvider$SingleMBeanComponent
instanceKlass jdk/management/jfr/FlightRecorderMXBean
instanceKlass java/lang/management/DefaultPlatformMBeanProvider$11
instanceKlass java/lang/management/DefaultPlatformMBeanProvider$10
instanceKlass java/lang/management/DefaultPlatformMBeanProvider$9
instanceKlass sun/management/ManagementFactoryHelper$LoggingMXBeanAccess$1
instanceKlass sun/management/ManagementFactoryHelper$LoggingMXBeanAccess
instanceKlass java/lang/management/DefaultPlatformMBeanProvider$8
instanceKlass java/lang/management/DefaultPlatformMBeanProvider$7
instanceKlass java/lang/management/DefaultPlatformMBeanProvider$6
instanceKlass java/lang/management/DefaultPlatformMBeanProvider$5
instanceKlass java/lang/management/DefaultPlatformMBeanProvider$4
instanceKlass java/lang/management/DefaultPlatformMBeanProvider$3
instanceKlass java/lang/management/DefaultPlatformMBeanProvider$2
instanceKlass java/lang/management/DefaultPlatformMBeanProvider$1
instanceKlass com/sun/management/internal/PlatformMBeanProviderImpl$5
instanceKlass sun/management/VMManagementImpl
instanceKlass sun/management/VMManagement
instanceKlass sun/management/ManagementFactoryHelper
instanceKlass sun/management/NotificationEmitterSupport
instanceKlass javax/management/NotificationEmitter
instanceKlass javax/management/NotificationBroadcaster
instanceKlass com/sun/management/DiagnosticCommandMBean
instanceKlass javax/management/DynamicMBean
instanceKlass com/sun/management/internal/PlatformMBeanProviderImpl$4
instanceKlass com/sun/management/internal/PlatformMBeanProviderImpl$3
instanceKlass com/sun/management/internal/PlatformMBeanProviderImpl$2
instanceKlass  @bci java/util/stream/Collectors toSet ()Ljava/util/stream/Collector; 14 <appendix> argL0 ; # java/util/stream/Collectors$$Lambda+0x800000044
instanceKlass  @bci java/util/stream/Collectors toSet ()Ljava/util/stream/Collector; 9 <appendix> argL0 ; # java/util/stream/Collectors$$Lambda+0x80000003f
instanceKlass  @bci java/util/stream/Collectors toSet ()Ljava/util/stream/Collector; 4 <appendix> argL0 ; # java/util/stream/Collectors$$Lambda+0x800000049
instanceKlass com/sun/management/internal/PlatformMBeanProviderImpl$1
instanceKlass sun/management/spi/PlatformMBeanProvider$PlatformComponent
instanceKlass  @bci com/sun/management/internal/PlatformMBeanProviderImpl <clinit> ()V 8 <appendix> argL0 ; # com/sun/management/internal/PlatformMBeanProviderImpl$$Lambda+0x0000023682357d88
instanceKlass sun/management/spi/PlatformMBeanProvider
instanceKlass java/io/FilePermission$1
instanceKlass jdk/internal/access/JavaIOFilePermissionAccess
instanceKlass java/lang/management/ManagementFactory$PlatformMBeanFinder$1
instanceKlass java/lang/management/ManagementFactory$PlatformMBeanFinder
instanceKlass java/lang/management/MemoryMXBean
instanceKlass java/lang/management/PlatformManagedObject
instanceKlass  @bci java/lang/management/ManagementFactory loadNativeLib ()V 0 <appendix> argL0 ; # java/lang/management/ManagementFactory$$Lambda+0x0000023682356ad0
instanceKlass java/lang/management/ManagementFactory
instanceKlass org/eclipse/lsp4j/DiagnosticServerCapabilities
instanceKlass org/eclipse/lsp4j/SemanticTokensServerFull
# instanceKlass java/lang/invoke/LambdaForm$MH+0x0000023682434000
instanceKlass org/eclipse/lsp4j/FileOperationPatternOptions
instanceKlass org/eclipse/lsp4j/TextDocumentContentRegistrationOptions
instanceKlass org/eclipse/lsp4j/Command
instanceKlass org/eclipse/lsp4j/CodeActionKindDocumentation
instanceKlass org/eclipse/lsp4j/DocumentFilter
instanceKlass org/eclipse/lsp4j/CompletionItemOptions
instanceKlass org/eclipse/lsp4j/NotebookSelectorCell
instanceKlass org/eclipse/lsp4j/RelativePattern
instanceKlass org/eclipse/lsp4j/NotebookDocumentFilter
instanceKlass org/eclipse/lsp4j/NotebookSelector
instanceKlass org/eclipse/lsp4j/TextDocumentServerCapabilities
instanceKlass org/eclipse/lsp4j/NotebookDocumentSyncRegistrationOptions
instanceKlass java/util/concurrent/ForkJoinPool$DefaultForkJoinWorkerThreadFactory$1
instanceKlass org/eclipse/lsp4j/ServerInfo
instanceKlass  @bci com/google/gson/internal/ConstructorConstructor newUnsafeAllocator (Ljava/lang/Class;)Lcom/google/gson/internal/ObjectConstructor; 8 <appendix> member <vmtarget> ; # com/google/gson/internal/ConstructorConstructor$$Lambda+0x000002368242cbd0
instanceKlass scala/meta/internal/metals/MetalsExperimental
instanceKlass org/eclipse/lsp4j/WorkspaceServerCapabilities
instanceKlass org/eclipse/lsp4j/WorkspaceFoldersOptions
instanceKlass org/eclipse/lsp4j/FileOperationsServerCapabilities
instanceKlass org/eclipse/lsp4j/FileOperationFilter
instanceKlass org/eclipse/lsp4j/FileOperationOptions
instanceKlass org/eclipse/lsp4j/FileOperationPattern
instanceKlass org/eclipse/lsp4j/SaveOptions
instanceKlass org/eclipse/lsp4j/TextDocumentSyncOptions
instanceKlass  @bci scala/meta/internal/metals/MetalsEnrichments$XtensionClientCapabilities $anonfun$supportsCodeActionLiterals$3 (Lorg/eclipse/lsp4j/CodeActionCapabilities;)Lscala/Option; 10 <appendix> argL0 ; # scala/meta/internal/metals/MetalsEnrichments$XtensionClientCapabilities$$Lambda+0x000002368242aab0
instanceKlass  @bci scala/meta/internal/metals/MetalsEnrichments$XtensionClientCapabilities $anonfun$supportsCodeActionLiterals$2 (Lorg/eclipse/lsp4j/TextDocumentClientCapabilities;)Lscala/Option; 10 <appendix> argL0 ; # scala/meta/internal/metals/MetalsEnrichments$XtensionClientCapabilities$$Lambda+0x000002368242a6e8
instanceKlass  @bci scala/meta/internal/metals/MetalsEnrichments$XtensionClientCapabilities $anonfun$supportsCodeActionLiterals$1 (Lorg/eclipse/lsp4j/ClientCapabilities;)Lscala/Option; 10 <appendix> argL0 ; # scala/meta/internal/metals/MetalsEnrichments$XtensionClientCapabilities$$Lambda+0x000002368242a320
instanceKlass  @bci scala/meta/internal/metals/MetalsEnrichments$XtensionClientCapabilities supportsCodeActionLiterals ()Z 13 <appendix> argL0 ; # scala/meta/internal/metals/MetalsEnrichments$XtensionClientCapabilities$$Lambda+0x0000023682429f58
instanceKlass  @bci scala/meta/internal/metals/ClientConfiguration isCompletionItemResolve ()Z 11 <appendix> member <vmtarget> ; # scala/meta/internal/metals/ClientConfiguration$$Lambda+0x0000023682429a08
instanceKlass org/eclipse/lsp4j/DocumentOnTypeFormattingOptions
instanceKlass  @bci scala/meta/internal/pc/SemanticTokens$ <clinit> ()V 671 <appendix> argL0 ; # scala/meta/internal/pc/SemanticTokens$$$Lambda+0x0000023682428a60
instanceKlass scala/runtime/java8/JFunction1$mcII$sp
instanceKlass  @bci org/eclipse/lsp4j/jsonrpc/RemoteEndpoint handleRequest (Lorg/eclipse/lsp4j/jsonrpc/messages/RequestMessage;)V 158 <appendix> member <vmtarget> ; # org/eclipse/lsp4j/jsonrpc/RemoteEndpoint$$Lambda+0x0000023682428618
instanceKlass  @bci org/eclipse/lsp4j/jsonrpc/RemoteEndpoint handleRequest (Lorg/eclipse/lsp4j/jsonrpc/messages/RequestMessage;)V 148 <appendix> member <vmtarget> ; # org/eclipse/lsp4j/jsonrpc/RemoteEndpoint$$Lambda+0x00000236824283d0
instanceKlass  @bci scala/collection/SeqOps indexOf (Ljava/lang/Object;I)I 2 <appendix> member <vmtarget> ; # scala/collection/SeqOps$$Lambda+0x0000023682428000
instanceKlass scala/meta/internal/pc/SemanticTokens$
instanceKlass  @bci org/eclipse/lsp4j/jsonrpc/RemoteEndpoint handleRequest (Lorg/eclipse/lsp4j/jsonrpc/messages/RequestMessage;)V 137 <appendix> member <vmtarget> ; # org/eclipse/lsp4j/jsonrpc/RemoteEndpoint$$Lambda+0x0000023682423c38
instanceKlass org/eclipse/lsp4j/SemanticTokensLegend
instanceKlass scala/concurrent/java8/FuturesConvertersImplCompat$
instanceKlass java/util/concurrent/CompletableFuture$AsynchronousCompletionTask
instanceKlass org/eclipse/lsp4j/TextDocumentRegistrationOptions
instanceKlass java/util/concurrent/CompletableFuture$AltResult
instanceKlass scala/collection/convert/AsJavaExtensions$SeqHasAsJava
instanceKlass  @bci scala/meta/internal/metals/WorkspaceLspService currentOrHeadOrFallback ()Lscala/meta/internal/metals/MetalsLspService; 14 <appendix> member <vmtarget> ; # scala/meta/internal/metals/WorkspaceLspService$$Lambda+0x00000236824263f0
instanceKlass  @bci scala/meta/internal/metals/WorkspaceLspService currentOrHeadOrFallback ()Lscala/meta/internal/metals/MetalsLspService; 5 <appendix> member <vmtarget> ; # scala/meta/internal/metals/WorkspaceLspService$$Lambda+0x00000236824250a8
instanceKlass scala/compat/java8/FutureConverters$
instanceKlass  @bci scala/meta/internal/metals/WorkspaceLspService currentFolder ()Lscala/Option; 11 <appendix> member <vmtarget> ; # scala/meta/internal/metals/WorkspaceLspService$$Lambda+0x0000023682424ad0
instanceKlass org/eclipse/lsp4j/AbstractWorkDoneProgressOptions
instanceKlass org/eclipse/lsp4j/WorkDoneProgressOptions
instanceKlass scala/meta/internal/metals/MetalsEnrichments$XtensionScalaFuture
instanceKlass  @bci scala/meta/internal/metals/TimerProvider timed (Ljava/lang/String;ZLscala/Function0;)Lscala/concurrent/Future; 7 <appendix> argL0 ; # scala/meta/internal/metals/TimerProvider$$Lambda+0x0000023682424000
instanceKlass  @bci scala/meta/internal/metals/TimerProvider withTimer (Ljava/lang/String;ZLscala/Function0;)Lscala/concurrent/Future; 30 <adapter> ; # java/lang/invoke/LambdaForm$MH+0x0000023682423000
instanceKlass org/eclipse/lsp4j/ServerCapabilities
instanceKlass  @bci scala/meta/internal/metals/TimerProvider withTimer (Ljava/lang/String;ZLscala/Function0;)Lscala/concurrent/Future; 30 <appendix> form vmentry <vmtarget> ; # java/lang/invoke/LambdaForm$DMH+0x0000023682422c00
instanceKlass  @bci scala/meta/internal/metals/TimerProvider withTimer (Ljava/lang/String;ZLscala/Function0;)Lscala/concurrent/Future; 30 <appendix> member <vmtarget> ; # scala/meta/internal/metals/TimerProvider$$Lambda+0x000002368241f410
instanceKlass  @bci scala/meta/internal/metals/WorkspaceLspService $anonfun$initialize$1 (Lscala/meta/internal/metals/WorkspaceLspService;)Lscala/concurrent/Future; 4 <appendix> member <vmtarget> ; # scala/meta/internal/metals/WorkspaceLspService$$Lambda+0x000002368241f150
instanceKlass scala/meta/internal/metals/Timer
instanceKlass  @bci scala/meta/internal/metals/WorkspaceLspService initialize ()Ljava/util/concurrent/CompletableFuture; 18 <appendix> member <vmtarget> ; # scala/meta/internal/metals/WorkspaceLspService$$Lambda+0x000002368241ec48
instanceKlass scala/meta/metals/ServerState$Initialized
instanceKlass  @bci org/flywaydb/core/internal/scanner/classpath/JarFileClassPathLocationScanner findResourceNamesFromJarFile (Ljava/util/jar/JarFile;Ljava/lang/String;Ljava/lang/String;)Ljava/util/Set; 18 <appendix> form vmentry <vmtarget> ; # java/lang/invoke/LambdaForm$MH+0x0000023682422800
# instanceKlass java/lang/invoke/LambdaForm$MH+0x0000023682422400
instanceKlass  @bci org/flywaydb/core/internal/scanner/classpath/JarFileClassPathLocationScanner findResourceNamesFromJarFile (Ljava/util/jar/JarFile;Ljava/lang/String;Ljava/lang/String;)Ljava/util/Set; 18 <appendix> argL3 form vmentry <vmtarget> ; # java/lang/invoke/LambdaForm$MH+0x0000023682422000
# instanceKlass java/lang/invoke/LambdaForm$MH+0x0000023682421c00
# instanceKlass java/lang/invoke/LambdaForm$MH+0x0000023682421800
# instanceKlass java/lang/invoke/LambdaForm$MH+0x0000023682421400
# instanceKlass java/lang/invoke/LambdaForm$MH+0x0000023682421000
instanceKlass  @bci org/flywaydb/core/internal/scanner/classpath/JarFileClassPathLocationScanner findResourceNamesFromJarFile (Ljava/util/jar/JarFile;Ljava/lang/String;Ljava/lang/String;)Ljava/util/Set; 18 <appendix> argL1 form vmentry <vmtarget> ; # java/lang/invoke/LambdaForm$MH+0x0000023682420c00
# instanceKlass java/lang/invoke/LambdaForm$MH+0x0000023682420800
# instanceKlass java/lang/invoke/LambdaForm$MH+0x0000023682420400
# instanceKlass java/lang/invoke/LambdaForm$MH+0x0000023682420000
instanceKlass  @bci scala/meta/metals/MetalsLanguageServer initialize (Lorg/eclipse/lsp4j/InitializeParams;)Ljava/util/concurrent/CompletableFuture; 343 <appendix> member <vmtarget> ; # scala/meta/metals/MetalsLanguageServer$$Lambda+0x000002368241e710
instanceKlass  @bci scala/meta/metals/MetalsLanguageServer $anonfun$initialize$9 (Lorg/eclipse/lsp4j/ClientInfo;)Ljava/lang/String; 14 <appendix> argL0 ; # scala/meta/metals/MetalsLanguageServer$$Lambda+0x000002368241e458
instanceKlass  @bci scala/meta/metals/MetalsLanguageServer initialize (Lorg/eclipse/lsp4j/InitializeParams;)Ljava/util/concurrent/CompletableFuture; 323 <appendix> argL0 ; # scala/meta/metals/MetalsLanguageServer$$Lambda+0x000002368241e090
instanceKlass  @bci scala/meta/metals/MetalsLanguageServer initialize (Lorg/eclipse/lsp4j/InitializeParams;)Ljava/util/concurrent/CompletableFuture; 318 <appendix> argL0 ; # scala/meta/metals/MetalsLanguageServer$$Lambda+0x000002368241ddd8
instanceKlass com/google/gson/internal/Streams
instanceKlass  @bci scala/meta/internal/metals/ClientConfiguration statusBarState ()Lscala/meta/internal/metals/config/StatusBarState$StatusBarState; 31 <appendix> argL0 ; # scala/meta/internal/metals/ClientConfiguration$$Lambda+0x000002368241d630
instanceKlass scala/meta/internal/metals/config/StatusBarState$Off$
instanceKlass  @bci scala/meta/internal/metals/ClientExperimentalCapabilities statusBarState ()Lscala/Option; 4 <appendix> argL0 ; # scala/meta/internal/metals/ClientExperimentalCapabilities$$Lambda+0x000002368241cfc0
instanceKlass  @bci scala/meta/internal/metals/InitializationOptions statusBarState ()Lscala/Option; 4 <appendix> argL0 ; # scala/meta/internal/metals/InitializationOptions$$Lambda+0x000002368241cbf8
instanceKlass  @bci scala/meta/internal/metals/logging/MetalsLogger$ setupLspLogger (Lscala/collection/immutable/List;ZLscala/meta/internal/metals/MetalsServerConfig;)V 17 <appendix> member <vmtarget> ; # scala/meta/internal/metals/logging/MetalsLogger$$$Lambda+0x000002368241c740
instanceKlass  @bci scala/meta/internal/metals/logging/MetalsLogger$ setupLspLogger (Lscala/collection/immutable/List;ZLscala/meta/internal/metals/MetalsServerConfig;)V 2 <appendix> member <vmtarget> ; # scala/meta/internal/metals/logging/MetalsLogger$$$Lambda+0x000002368241c370
instanceKlass  @bci scala/meta/internal/metals/utils/LimitedFilesManager getAllFiles ()Lscala/collection/immutable/List; 32 <appendix> member <vmtarget> ; # scala/meta/internal/metals/utils/LimitedFilesManager$$Lambda+0x000002368241bfa0
instanceKlass  @bci scala/meta/internal/metals/utils/LimitedFilesManager getAllFiles ()Lscala/collection/immutable/List; 22 <appendix> member <vmtarget> ; # scala/meta/internal/metals/utils/LimitedFilesManager$$Lambda+0x000002368241bbd0
instanceKlass  @bci scala/meta/internal/metals/utils/LimitedFilesManager directoriesWithDate ()Lscala/collection/immutable/List; 8 <appendix> argL0 ; # scala/meta/internal/metals/utils/LimitedFilesManager$$Lambda+0x000002368241b808
instanceKlass  @bci scala/meta/internal/metals/utils/LimitedFilesManager getAllFiles ()Lscala/collection/immutable/List; 8 <appendix> argL0 ; # scala/meta/internal/metals/utils/LimitedFilesManager$$Lambda+0x000002368241b440
instanceKlass  @bci scala/meta/internal/metals/StdReportContext cleanUpOldReports (I)V 5 <appendix> member <vmtarget> ; # scala/meta/internal/metals/StdReportContext$$Lambda+0x000002368241b078
instanceKlass  @bci scala/meta/metals/MetalsLanguageServer $anonfun$initialize$6 (Lscala/meta/io/AbsolutePath;)V 8 <appendix> argL0 ; # scala/meta/metals/MetalsLanguageServer$$Lambda+0x000002368241acb0
instanceKlass  @bci scala/meta/metals/MetalsLanguageServer initialize (Lorg/eclipse/lsp4j/InitializeParams;)Ljava/util/concurrent/CompletableFuture; 278 <appendix> argL0 ; # scala/meta/metals/MetalsLanguageServer$$Lambda+0x000002368241a8e8
instanceKlass  @bci scala/meta/internal/metals/WorkspaceLspService <init> (Lscala/concurrent/ExecutionContextExecutorService;Ljava/util/concurrent/ScheduledExecutorService;Lscala/meta/internal/metals/MetalsServerInputs;Lscala/meta/internal/metals/clients/language/MetalsLanguageClient;Lorg/eclipse/lsp4j/InitializeParams;Lscala/collection/immutable/List;Lscala/Function0;)V 602 <appendix> member <vmtarget> ; # scala/meta/internal/metals/WorkspaceLspService$$Lambda+0x000002368241a1a0
instanceKlass scala/meta/internal/metals/WorkspaceChoicePopup
instanceKlass  @bci scala/meta/internal/metals/WorkspaceLspService <init> (Lscala/concurrent/ExecutionContextExecutorService;Ljava/util/concurrent/ScheduledExecutorService;Lscala/meta/internal/metals/MetalsServerInputs;Lscala/meta/internal/metals/clients/language/MetalsLanguageClient;Lorg/eclipse/lsp4j/InitializeParams;Lscala/collection/immutable/List;Lscala/Function0;)V 576 <appendix> member <vmtarget> ; # scala/meta/internal/metals/WorkspaceLspService$$Lambda+0x0000023682419cc8
instanceKlass scala/meta/internal/metals/GithubNewIssueUrlCreator
instanceKlass  @bci scala/meta/internal/metals/WorkspaceLspService <init> (Lscala/concurrent/ExecutionContextExecutorService;Ljava/util/concurrent/ScheduledExecutorService;Lscala/meta/internal/metals/MetalsServerInputs;Lscala/meta/internal/metals/clients/language/MetalsLanguageClient;Lorg/eclipse/lsp4j/InitializeParams;Lscala/collection/immutable/List;Lscala/Function0;)V 555 <appendix> member <vmtarget> ; # scala/meta/internal/metals/WorkspaceLspService$$Lambda+0x00000236824197f0
instanceKlass scala/meta/internal/builds/NewProjectProvider
instanceKlass  @bci scala/meta/internal/metals/WorkspaceLspService <init> (Lscala/concurrent/ExecutionContextExecutorService;Ljava/util/concurrent/ScheduledExecutorService;Lscala/meta/internal/metals/MetalsServerInputs;Lscala/meta/internal/metals/clients/language/MetalsLanguageClient;Lorg/eclipse/lsp4j/InitializeParams;Lscala/collection/immutable/List;Lscala/Function0;)V 501 <appendix> member <vmtarget> ; # scala/meta/internal/metals/WorkspaceLspService$$Lambda+0x0000023682419310
instanceKlass scala/meta/internal/tvp/MetalsTreeViewProvider
instanceKlass scala/meta/internal/metals/WorkspaceFoldersServices
instanceKlass  @bci scala/meta/internal/tvp/FolderTreeViewProvider <init> (Lscala/meta/internal/metals/Folder;Lscala/meta/internal/metals/BuildTargets;Lscala/meta/internal/mtags/GlobalSymbolIndex;Lscala/Function0;Lscala/meta/internal/metals/ScalaVersionSelector;Lscala/meta/internal/metals/clients/language/MetalsLanguageClient;Lscala/meta/internal/metals/ClientConfiguration;Lscala/meta/internal/parsing/Trees;Lscala/meta/internal/metals/Buffers;Lscala/meta/internal/metals/ReportContext;)V 215 <appendix> member <vmtarget> ; # scala/meta/internal/tvp/FolderTreeViewProvider$$Lambda+0x0000023682418790
instanceKlass  @bci scala/meta/internal/tvp/FolderTreeViewProvider <init> (Lscala/meta/internal/metals/Folder;Lscala/meta/internal/metals/BuildTargets;Lscala/meta/internal/mtags/GlobalSymbolIndex;Lscala/Function0;Lscala/meta/internal/metals/ScalaVersionSelector;Lscala/meta/internal/metals/clients/language/MetalsLanguageClient;Lscala/meta/internal/metals/ClientConfiguration;Lscala/meta/internal/parsing/Trees;Lscala/meta/internal/metals/Buffers;Lscala/meta/internal/metals/ReportContext;)V 209 <appendix> member <vmtarget> ; # scala/meta/internal/tvp/FolderTreeViewProvider$$Lambda+0x0000023682417c70
instanceKlass  @bci scala/meta/internal/tvp/FolderTreeViewProvider <init> (Lscala/meta/internal/metals/Folder;Lscala/meta/internal/metals/BuildTargets;Lscala/meta/internal/mtags/GlobalSymbolIndex;Lscala/Function0;Lscala/meta/internal/metals/ScalaVersionSelector;Lscala/meta/internal/metals/clients/language/MetalsLanguageClient;Lscala/meta/internal/metals/ClientConfiguration;Lscala/meta/internal/parsing/Trees;Lscala/meta/internal/metals/Buffers;Lscala/meta/internal/metals/ReportContext;)V 203 <appendix> argL0 ; # scala/meta/internal/tvp/FolderTreeViewProvider$$Lambda+0x00000236824183c8
instanceKlass  @bci scala/meta/internal/tvp/FolderTreeViewProvider <init> (Lscala/meta/internal/metals/Folder;Lscala/meta/internal/metals/BuildTargets;Lscala/meta/internal/mtags/GlobalSymbolIndex;Lscala/Function0;Lscala/meta/internal/metals/ScalaVersionSelector;Lscala/meta/internal/metals/clients/language/MetalsLanguageClient;Lscala/meta/internal/metals/ClientConfiguration;Lscala/meta/internal/parsing/Trees;Lscala/meta/internal/metals/Buffers;Lscala/meta/internal/metals/ReportContext;)V 198 <appendix> argL0 ; # scala/meta/internal/tvp/FolderTreeViewProvider$$Lambda+0x0000023682418000
instanceKlass  @bci scala/meta/internal/tvp/FolderTreeViewProvider <init> (Lscala/meta/internal/metals/Folder;Lscala/meta/internal/metals/BuildTargets;Lscala/meta/internal/mtags/GlobalSymbolIndex;Lscala/Function0;Lscala/meta/internal/metals/ScalaVersionSelector;Lscala/meta/internal/metals/clients/language/MetalsLanguageClient;Lscala/meta/internal/metals/ClientConfiguration;Lscala/meta/internal/parsing/Trees;Lscala/meta/internal/metals/Buffers;Lscala/meta/internal/metals/ReportContext;)V 193 <appendix> argL0 ; # scala/meta/internal/tvp/FolderTreeViewProvider$$Lambda+0x00000236824178a8
instanceKlass  @bci scala/meta/internal/tvp/FolderTreeViewProvider <init> (Lscala/meta/internal/metals/Folder;Lscala/meta/internal/metals/BuildTargets;Lscala/meta/internal/mtags/GlobalSymbolIndex;Lscala/Function0;Lscala/meta/internal/metals/ScalaVersionSelector;Lscala/meta/internal/metals/clients/language/MetalsLanguageClient;Lscala/meta/internal/metals/ClientConfiguration;Lscala/meta/internal/parsing/Trees;Lscala/meta/internal/metals/Buffers;Lscala/meta/internal/metals/ReportContext;)V 188 <appendix> argL0 ; # scala/meta/internal/tvp/FolderTreeViewProvider$$Lambda+0x00000236824174e0
instanceKlass  @bci scala/meta/internal/tvp/FolderTreeViewProvider <init> (Lscala/meta/internal/metals/Folder;Lscala/meta/internal/metals/BuildTargets;Lscala/meta/internal/mtags/GlobalSymbolIndex;Lscala/Function0;Lscala/meta/internal/metals/ScalaVersionSelector;Lscala/meta/internal/metals/clients/language/MetalsLanguageClient;Lscala/meta/internal/metals/ClientConfiguration;Lscala/meta/internal/parsing/Trees;Lscala/meta/internal/metals/Buffers;Lscala/meta/internal/metals/ReportContext;)V 183 <appendix> argL0 ; # scala/meta/internal/tvp/FolderTreeViewProvider$$Lambda+0x0000023682417118
instanceKlass ch/epfl/scala/bsp4j/BuildTarget
instanceKlass  @bci scala/meta/internal/tvp/FolderTreeViewProvider <init> (Lscala/meta/internal/metals/Folder;Lscala/meta/internal/metals/BuildTargets;Lscala/meta/internal/mtags/GlobalSymbolIndex;Lscala/Function0;Lscala/meta/internal/metals/ScalaVersionSelector;Lscala/meta/internal/metals/clients/language/MetalsLanguageClient;Lscala/meta/internal/metals/ClientConfiguration;Lscala/meta/internal/parsing/Trees;Lscala/meta/internal/metals/Buffers;Lscala/meta/internal/metals/ReportContext;)V 150 <appendix> member <vmtarget> ; # scala/meta/internal/tvp/FolderTreeViewProvider$$Lambda+0x00000236824168c8
instanceKlass  @bci scala/meta/internal/tvp/FolderTreeViewProvider <init> (Lscala/meta/internal/metals/Folder;Lscala/meta/internal/metals/BuildTargets;Lscala/meta/internal/mtags/GlobalSymbolIndex;Lscala/Function0;Lscala/meta/internal/metals/ScalaVersionSelector;Lscala/meta/internal/metals/clients/language/MetalsLanguageClient;Lscala/meta/internal/metals/ClientConfiguration;Lscala/meta/internal/parsing/Trees;Lscala/meta/internal/metals/Buffers;Lscala/meta/internal/metals/ReportContext;)V 144 <appendix> member <vmtarget> ; # scala/meta/internal/tvp/FolderTreeViewProvider$$Lambda+0x0000023682416608
instanceKlass  @bci scala/meta/internal/tvp/FolderTreeViewProvider <init> (Lscala/meta/internal/metals/Folder;Lscala/meta/internal/metals/BuildTargets;Lscala/meta/internal/mtags/GlobalSymbolIndex;Lscala/Function0;Lscala/meta/internal/metals/ScalaVersionSelector;Lscala/meta/internal/metals/clients/language/MetalsLanguageClient;Lscala/meta/internal/metals/ClientConfiguration;Lscala/meta/internal/parsing/Trees;Lscala/meta/internal/metals/Buffers;Lscala/meta/internal/metals/ReportContext;)V 138 <appendix> argL0 ; # scala/meta/internal/tvp/FolderTreeViewProvider$$Lambda+0x0000023682416240
instanceKlass  @bci scala/meta/internal/tvp/FolderTreeViewProvider <init> (Lscala/meta/internal/metals/Folder;Lscala/meta/internal/metals/BuildTargets;Lscala/meta/internal/mtags/GlobalSymbolIndex;Lscala/Function0;Lscala/meta/internal/metals/ScalaVersionSelector;Lscala/meta/internal/metals/clients/language/MetalsLanguageClient;Lscala/meta/internal/metals/ClientConfiguration;Lscala/meta/internal/parsing/Trees;Lscala/meta/internal/metals/Buffers;Lscala/meta/internal/metals/ReportContext;)V 133 <appendix> member <vmtarget> ; # scala/meta/internal/tvp/FolderTreeViewProvider$$Lambda+0x0000023682415e70
instanceKlass  @bci scala/meta/internal/tvp/FolderTreeViewProvider <init> (Lscala/meta/internal/metals/Folder;Lscala/meta/internal/metals/BuildTargets;Lscala/meta/internal/mtags/GlobalSymbolIndex;Lscala/Function0;Lscala/meta/internal/metals/ScalaVersionSelector;Lscala/meta/internal/metals/clients/language/MetalsLanguageClient;Lscala/meta/internal/metals/ClientConfiguration;Lscala/meta/internal/parsing/Trees;Lscala/meta/internal/metals/Buffers;Lscala/meta/internal/metals/ReportContext;)V 127 <appendix> argL0 ; # scala/meta/internal/tvp/FolderTreeViewProvider$$Lambda+0x0000023682415aa8
instanceKlass  @bci scala/meta/internal/tvp/FolderTreeViewProvider <init> (Lscala/meta/internal/metals/Folder;Lscala/meta/internal/metals/BuildTargets;Lscala/meta/internal/mtags/GlobalSymbolIndex;Lscala/Function0;Lscala/meta/internal/metals/ScalaVersionSelector;Lscala/meta/internal/metals/clients/language/MetalsLanguageClient;Lscala/meta/internal/metals/ClientConfiguration;Lscala/meta/internal/parsing/Trees;Lscala/meta/internal/metals/Buffers;Lscala/meta/internal/metals/ReportContext;)V 122 <appendix> argL0 ; # scala/meta/internal/tvp/FolderTreeViewProvider$$Lambda+0x00000236824156e0
instanceKlass  @bci scala/meta/internal/tvp/FolderTreeViewProvider <init> (Lscala/meta/internal/metals/Folder;Lscala/meta/internal/metals/BuildTargets;Lscala/meta/internal/mtags/GlobalSymbolIndex;Lscala/Function0;Lscala/meta/internal/metals/ScalaVersionSelector;Lscala/meta/internal/metals/clients/language/MetalsLanguageClient;Lscala/meta/internal/metals/ClientConfiguration;Lscala/meta/internal/parsing/Trees;Lscala/meta/internal/metals/Buffers;Lscala/meta/internal/metals/ReportContext;)V 117 <appendix> argL0 ; # scala/meta/internal/tvp/FolderTreeViewProvider$$Lambda+0x0000023682415318
instanceKlass scala/meta/internal/tvp/TreeViewProvider$
instanceKlass scala/meta/internal/tvp/ClasspathTreeView
instanceKlass  @bci scala/collection/mutable/Map withDefaultValue (Ljava/lang/Object;)Lscala/collection/mutable/Map; 6 <appendix> member <vmtarget> ; # scala/collection/mutable/Map$$Lambda+0x0000023682414ad8
instanceKlass scala/meta/internal/semanticdb/SymbolInformation$Kind$Recognized
instanceKlass scala/meta/internal/semanticdb/SymbolInformation$Kind
instanceKlass scala/meta/internal/tvp/IndexedSymbols
instanceKlass  @bci scala/meta/internal/metals/ProjectMetalsLspService <init> (Lscala/concurrent/ExecutionContextExecutorService;Ljava/util/concurrent/ScheduledExecutorService;Lscala/meta/internal/metals/MetalsServerInputs;Lscala/meta/internal/metals/clients/language/ConfiguredLanguageClient;Lorg/eclipse/lsp4j/InitializeParams;Lscala/meta/internal/metals/ClientConfiguration;Lscala/meta/internal/metals/StatusBar;Lscala/Function0;Lscala/meta/internal/metals/TimerProvider;Lscala/Function0;Lscala/meta/io/AbsolutePath;Lscala/Option;Lscala/meta/internal/metals/doctor/HeadDoctor;Lscala/meta/internal/metals/BspStatus;Lscala/meta/internal/metals/WorkDoneProgress;ILscala/meta/internal/metals/ModuleStatus;)V 759 <appendix> member <vmtarget> ; # scala/meta/internal/metals/ProjectMetalsLspService$$Lambda+0x0000023682410fb0
instanceKlass scala/meta/internal/tvp/FolderTreeViewProvider
instanceKlass  @bci scala/meta/internal/metals/ProjectMetalsLspService <init> (Lscala/concurrent/ExecutionContextExecutorService;Ljava/util/concurrent/ScheduledExecutorService;Lscala/meta/internal/metals/MetalsServerInputs;Lscala/meta/internal/metals/clients/language/ConfiguredLanguageClient;Lorg/eclipse/lsp4j/InitializeParams;Lscala/meta/internal/metals/ClientConfiguration;Lscala/meta/internal/metals/StatusBar;Lscala/Function0;Lscala/meta/internal/metals/TimerProvider;Lscala/Function0;Lscala/meta/io/AbsolutePath;Lscala/Option;Lscala/meta/internal/metals/doctor/HeadDoctor;Lscala/meta/internal/metals/BspStatus;Lscala/meta/internal/metals/WorkDoneProgress;ILscala/meta/internal/metals/ModuleStatus;)V 720 <appendix> member <vmtarget> ; # scala/meta/internal/metals/ProjectMetalsLspService$$Lambda+0x0000023682410a80
instanceKlass  @bci scala/meta/internal/metals/ProjectMetalsLspService <init> (Lscala/concurrent/ExecutionContextExecutorService;Ljava/util/concurrent/ScheduledExecutorService;Lscala/meta/internal/metals/MetalsServerInputs;Lscala/meta/internal/metals/clients/language/ConfiguredLanguageClient;Lorg/eclipse/lsp4j/InitializeParams;Lscala/meta/internal/metals/ClientConfiguration;Lscala/meta/internal/metals/StatusBar;Lscala/Function0;Lscala/meta/internal/metals/TimerProvider;Lscala/Function0;Lscala/meta/io/AbsolutePath;Lscala/Option;Lscala/meta/internal/metals/doctor/HeadDoctor;Lscala/meta/internal/metals/BspStatus;Lscala/meta/internal/metals/WorkDoneProgress;ILscala/meta/internal/metals/ModuleStatus;)V 714 <appendix> member <vmtarget> ; # scala/meta/internal/metals/ProjectMetalsLspService$$Lambda+0x00000236824107c0
instanceKlass  @bci scala/meta/internal/metals/ProjectMetalsLspService <init> (Lscala/concurrent/ExecutionContextExecutorService;Ljava/util/concurrent/ScheduledExecutorService;Lscala/meta/internal/metals/MetalsServerInputs;Lscala/meta/internal/metals/clients/language/ConfiguredLanguageClient;Lorg/eclipse/lsp4j/InitializeParams;Lscala/meta/internal/metals/ClientConfiguration;Lscala/meta/internal/metals/StatusBar;Lscala/Function0;Lscala/meta/internal/metals/TimerProvider;Lscala/Function0;Lscala/meta/io/AbsolutePath;Lscala/Option;Lscala/meta/internal/metals/doctor/HeadDoctor;Lscala/meta/internal/metals/BspStatus;Lscala/meta/internal/metals/WorkDoneProgress;ILscala/meta/internal/metals/ModuleStatus;)V 708 <appendix> member <vmtarget> ; # scala/meta/internal/metals/ProjectMetalsLspService$$Lambda+0x00000236824104e0
instanceKlass scala/meta/internal/metals/PopupChoiceReset
instanceKlass  @bci scala/meta/internal/metals/ProjectMetalsLspService <init> (Lscala/concurrent/ExecutionContextExecutorService;Ljava/util/concurrent/ScheduledExecutorService;Lscala/meta/internal/metals/MetalsServerInputs;Lscala/meta/internal/metals/clients/language/ConfiguredLanguageClient;Lorg/eclipse/lsp4j/InitializeParams;Lscala/meta/internal/metals/ClientConfiguration;Lscala/meta/internal/metals/StatusBar;Lscala/Function0;Lscala/meta/internal/metals/TimerProvider;Lscala/Function0;Lscala/meta/io/AbsolutePath;Lscala/Option;Lscala/meta/internal/metals/doctor/HeadDoctor;Lscala/meta/internal/metals/BspStatus;Lscala/meta/internal/metals/WorkDoneProgress;ILscala/meta/internal/metals/ModuleStatus;)V 667 <appendix> member <vmtarget> ; # scala/meta/internal/metals/ProjectMetalsLspService$$Lambda+0x0000023682410000
instanceKlass scala/meta/internal/metals/mcp/ScalafixLlmRuleProvider
instanceKlass  @bci scala/meta/internal/metals/ProjectMetalsLspService <init> (Lscala/concurrent/ExecutionContextExecutorService;Ljava/util/concurrent/ScheduledExecutorService;Lscala/meta/internal/metals/MetalsServerInputs;Lscala/meta/internal/metals/clients/language/ConfiguredLanguageClient;Lorg/eclipse/lsp4j/InitializeParams;Lscala/meta/internal/metals/ClientConfiguration;Lscala/meta/internal/metals/StatusBar;Lscala/Function0;Lscala/meta/internal/metals/TimerProvider;Lscala/Function0;Lscala/meta/io/AbsolutePath;Lscala/Option;Lscala/meta/internal/metals/doctor/HeadDoctor;Lscala/meta/internal/metals/BspStatus;Lscala/meta/internal/metals/WorkDoneProgress;ILscala/meta/internal/metals/ModuleStatus;)V 628 <appendix> member <vmtarget> ; # scala/meta/internal/metals/ProjectMetalsLspService$$Lambda+0x000002368240fae8
instanceKlass  @bci scala/meta/internal/metals/ProjectMetalsLspService <init> (Lscala/concurrent/ExecutionContextExecutorService;Ljava/util/concurrent/ScheduledExecutorService;Lscala/meta/internal/metals/MetalsServerInputs;Lscala/meta/internal/metals/clients/language/ConfiguredLanguageClient;Lorg/eclipse/lsp4j/InitializeParams;Lscala/meta/internal/metals/ClientConfiguration;Lscala/meta/internal/metals/StatusBar;Lscala/Function0;Lscala/meta/internal/metals/TimerProvider;Lscala/Function0;Lscala/meta/io/AbsolutePath;Lscala/Option;Lscala/meta/internal/metals/doctor/HeadDoctor;Lscala/meta/internal/metals/BspStatus;Lscala/meta/internal/metals/WorkDoneProgress;ILscala/meta/internal/metals/ModuleStatus;)V 622 <appendix> member <vmtarget> ; # scala/meta/internal/metals/ProjectMetalsLspService$$Lambda+0x000002368240f828
instanceKlass  @bci scala/meta/internal/metals/ProjectMetalsLspService <init> (Lscala/concurrent/ExecutionContextExecutorService;Ljava/util/concurrent/ScheduledExecutorService;Lscala/meta/internal/metals/MetalsServerInputs;Lscala/meta/internal/metals/clients/language/ConfiguredLanguageClient;Lorg/eclipse/lsp4j/InitializeParams;Lscala/meta/internal/metals/ClientConfiguration;Lscala/meta/internal/metals/StatusBar;Lscala/Function0;Lscala/meta/internal/metals/TimerProvider;Lscala/Function0;Lscala/meta/io/AbsolutePath;Lscala/Option;Lscala/meta/internal/metals/doctor/HeadDoctor;Lscala/meta/internal/metals/BspStatus;Lscala/meta/internal/metals/WorkDoneProgress;ILscala/meta/internal/metals/ModuleStatus;)V 612 <appendix> member <vmtarget> ; # scala/meta/internal/metals/ProjectMetalsLspService$$Lambda+0x000002368240f568
instanceKlass scala/meta/internal/metals/GitHubIssueFolderInfo
instanceKlass scala/meta/internal/metals/AggregateSemanticdbs
instanceKlass  @bci scala/meta/internal/metals/ProjectMetalsLspService <init> (Lscala/concurrent/ExecutionContextExecutorService;Ljava/util/concurrent/ScheduledExecutorService;Lscala/meta/internal/metals/MetalsServerInputs;Lscala/meta/internal/metals/clients/language/ConfiguredLanguageClient;Lorg/eclipse/lsp4j/InitializeParams;Lscala/meta/internal/metals/ClientConfiguration;Lscala/meta/internal/metals/StatusBar;Lscala/Function0;Lscala/meta/internal/metals/TimerProvider;Lscala/Function0;Lscala/meta/io/AbsolutePath;Lscala/Option;Lscala/meta/internal/metals/doctor/HeadDoctor;Lscala/meta/internal/metals/BspStatus;Lscala/meta/internal/metals/WorkDoneProgress;ILscala/meta/internal/metals/ModuleStatus;)V 540 <appendix> member <vmtarget> ; # scala/meta/internal/metals/ProjectMetalsLspService$$Lambda+0x000002368240e640
instanceKlass  @bci scala/meta/internal/metals/ProjectMetalsLspService <init> (Lscala/concurrent/ExecutionContextExecutorService;Ljava/util/concurrent/ScheduledExecutorService;Lscala/meta/internal/metals/MetalsServerInputs;Lscala/meta/internal/metals/clients/language/ConfiguredLanguageClient;Lorg/eclipse/lsp4j/InitializeParams;Lscala/meta/internal/metals/ClientConfiguration;Lscala/meta/internal/metals/StatusBar;Lscala/Function0;Lscala/meta/internal/metals/TimerProvider;Lscala/Function0;Lscala/meta/io/AbsolutePath;Lscala/Option;Lscala/meta/internal/metals/doctor/HeadDoctor;Lscala/meta/internal/metals/BspStatus;Lscala/meta/internal/metals/WorkDoneProgress;ILscala/meta/internal/metals/ModuleStatus;)V 516 <appendix> member <vmtarget> ; # scala/meta/internal/metals/ProjectMetalsLspService$$Lambda+0x000002368240e270
instanceKlass  @bci scala/meta/internal/metals/ConnectionProvider <init> (Lscala/meta/internal/metals/BuildToolProvider;Lscala/meta/internal/metals/Compilations;Lscala/meta/internal/builds/BuildTools;Lscala/meta/internal/metals/Buffers;Lscala/meta/internal/metals/Compilers;Lscala/meta/internal/metals/scalacli/ScalaCliServers;Lscala/meta/internal/metals/BloopServers;Lscala/meta/internal/builds/ShellRunner;Lscala/meta/internal/bsp/BspConfigGenerator;Lscala/Function0;Lscala/meta/internal/metals/doctor/Doctor;Lscala/Function0;Lscala/meta/internal/metals/Diagnostics;Ljava/nio/charset/Charset;Lscala/meta/internal/metals/MetalsBuildClient;Lscala/collection/immutable/List;Lscala/meta/internal/bsp/ConnectionBspStatus;Lscala/meta/internal/metals/TargetData;Lscala/meta/internal/metals/IndexProviders;Lscala/concurrent/ExecutionContextExecutorService;Lscala/meta/internal/metals/ReportContext;)V 308 <appendix> member <vmtarget> ; # scala/meta/internal/metals/ConnectionProvider$$Lambda+0x000002368240dfb0
instanceKlass scala/meta/internal/builds/WorkspaceLoadedStatus
instanceKlass scala/meta/internal/builds/BloopInstall
instanceKlass  @bci scala/meta/internal/metals/ConnectionProvider <init> (Lscala/meta/internal/metals/BuildToolProvider;Lscala/meta/internal/metals/Compilations;Lscala/meta/internal/builds/BuildTools;Lscala/meta/internal/metals/Buffers;Lscala/meta/internal/metals/Compilers;Lscala/meta/internal/metals/scalacli/ScalaCliServers;Lscala/meta/internal/metals/BloopServers;Lscala/meta/internal/builds/ShellRunner;Lscala/meta/internal/bsp/BspConfigGenerator;Lscala/Function0;Lscala/meta/internal/metals/doctor/Doctor;Lscala/Function0;Lscala/meta/internal/metals/Diagnostics;Ljava/nio/charset/Charset;Lscala/meta/internal/metals/MetalsBuildClient;Lscala/collection/immutable/List;Lscala/meta/internal/bsp/ConnectionBspStatus;Lscala/meta/internal/metals/TargetData;Lscala/meta/internal/metals/IndexProviders;Lscala/concurrent/ExecutionContextExecutorService;Lscala/meta/internal/metals/ReportContext;)V 257 <appendix> member <vmtarget> ; # scala/meta/internal/metals/ConnectionProvider$$Lambda+0x000002368240cfa8
instanceKlass  @bci scala/meta/internal/metals/ConnectionProvider <init> (Lscala/meta/internal/metals/BuildToolProvider;Lscala/meta/internal/metals/Compilations;Lscala/meta/internal/builds/BuildTools;Lscala/meta/internal/metals/Buffers;Lscala/meta/internal/metals/Compilers;Lscala/meta/internal/metals/scalacli/ScalaCliServers;Lscala/meta/internal/metals/BloopServers;Lscala/meta/internal/builds/ShellRunner;Lscala/meta/internal/bsp/BspConfigGenerator;Lscala/Function0;Lscala/meta/internal/metals/doctor/Doctor;Lscala/Function0;Lscala/meta/internal/metals/Diagnostics;Ljava/nio/charset/Charset;Lscala/meta/internal/metals/MetalsBuildClient;Lscala/collection/immutable/List;Lscala/meta/internal/bsp/ConnectionBspStatus;Lscala/meta/internal/metals/TargetData;Lscala/meta/internal/metals/IndexProviders;Lscala/concurrent/ExecutionContextExecutorService;Lscala/meta/internal/metals/ReportContext;)V 251 <appendix> member <vmtarget> ; # scala/meta/internal/metals/ConnectionProvider$$Lambda+0x000002368240cce8
instanceKlass  @bci scala/meta/internal/metals/ConnectionProvider <init> (Lscala/meta/internal/metals/BuildToolProvider;Lscala/meta/internal/metals/Compilations;Lscala/meta/internal/builds/BuildTools;Lscala/meta/internal/metals/Buffers;Lscala/meta/internal/metals/Compilers;Lscala/meta/internal/metals/scalacli/ScalaCliServers;Lscala/meta/internal/metals/BloopServers;Lscala/meta/internal/builds/ShellRunner;Lscala/meta/internal/bsp/BspConfigGenerator;Lscala/Function0;Lscala/meta/internal/metals/doctor/Doctor;Lscala/Function0;Lscala/meta/internal/metals/Diagnostics;Ljava/nio/charset/Charset;Lscala/meta/internal/metals/MetalsBuildClient;Lscala/collection/immutable/List;Lscala/meta/internal/bsp/ConnectionBspStatus;Lscala/meta/internal/metals/TargetData;Lscala/meta/internal/metals/IndexProviders;Lscala/concurrent/ExecutionContextExecutorService;Lscala/meta/internal/metals/ReportContext;)V 225 <appendix> member <vmtarget> ; # scala/meta/internal/metals/ConnectionProvider$$Lambda+0x000002368240ca28
instanceKlass scala/meta/internal/bsp/BspConnector
instanceKlass  @bci scala/meta/internal/metals/ConnectionProvider <init> (Lscala/meta/internal/metals/BuildToolProvider;Lscala/meta/internal/metals/Compilations;Lscala/meta/internal/builds/BuildTools;Lscala/meta/internal/metals/Buffers;Lscala/meta/internal/metals/Compilers;Lscala/meta/internal/metals/scalacli/ScalaCliServers;Lscala/meta/internal/metals/BloopServers;Lscala/meta/internal/builds/ShellRunner;Lscala/meta/internal/bsp/BspConfigGenerator;Lscala/Function0;Lscala/meta/internal/metals/doctor/Doctor;Lscala/Function0;Lscala/meta/internal/metals/Diagnostics;Ljava/nio/charset/Charset;Lscala/meta/internal/metals/MetalsBuildClient;Lscala/collection/immutable/List;Lscala/meta/internal/bsp/ConnectionBspStatus;Lscala/meta/internal/metals/TargetData;Lscala/meta/internal/metals/IndexProviders;Lscala/concurrent/ExecutionContextExecutorService;Lscala/meta/internal/metals/ReportContext;)V 172 <appendix> member <vmtarget> ; # scala/meta/internal/metals/ConnectionProvider$$Lambda+0x000002368240c540
instanceKlass scala/meta/internal/bsp/BspResolvedResult
instanceKlass scala/meta/internal/bsp/BspServers
instanceKlass scala/meta/internal/builds/WorkspaceReload
instanceKlass  @bci scala/meta/internal/metals/SqlSharedIndices <init> ()V 21 <appendix> member <vmtarget> ; # scala/meta/internal/metals/SqlSharedIndices$$Lambda+0x000002368240b980
instanceKlass  @bci scala/meta/internal/metals/ProjectMetalsLspService <init> (Lscala/concurrent/ExecutionContextExecutorService;Ljava/util/concurrent/ScheduledExecutorService;Lscala/meta/internal/metals/MetalsServerInputs;Lscala/meta/internal/metals/clients/language/ConfiguredLanguageClient;Lorg/eclipse/lsp4j/InitializeParams;Lscala/meta/internal/metals/ClientConfiguration;Lscala/meta/internal/metals/StatusBar;Lscala/Function0;Lscala/meta/internal/metals/TimerProvider;Lscala/Function0;Lscala/meta/io/AbsolutePath;Lscala/Option;Lscala/meta/internal/metals/doctor/HeadDoctor;Lscala/meta/internal/metals/BspStatus;Lscala/meta/internal/metals/WorkDoneProgress;ILscala/meta/internal/metals/ModuleStatus;)V 456 <appendix> member <vmtarget> ; # scala/meta/internal/metals/ProjectMetalsLspService$$Lambda+0x000002368240b160
instanceKlass scala/meta/internal/builds/Digest$Status
instanceKlass scala/meta/internal/metals/TargetData$MappedSource
instanceKlass scala/collection/parallel/TaskSupport
instanceKlass scala/collection/parallel/Tasks
instanceKlass  @bci scala/meta/internal/metals/BloopServers$ createBloopWorkingDir (Lscala/concurrent/ExecutionContext;)Lscala/meta/io/AbsolutePath; 20 <appendix> argL0 ; # scala/meta/internal/metals/BloopServers$$$Lambda+0x0000023682409ef8
instanceKlass  @bci scala/meta/internal/metals/BloopServers$ createBloopWorkingDir (Lscala/concurrent/ExecutionContext;)Lscala/meta/io/AbsolutePath; 12 <appendix> argL0 ; # scala/meta/internal/metals/BloopServers$$$Lambda+0x0000023682409b30
instanceKlass scala/meta/internal/metals/BloopServers$
instanceKlass bloop/rifle/BloopRifleLogger
instanceKlass bloop/rifle/BloopRifleConfig$Address
instanceKlass scala/meta/internal/metals/BloopServers
instanceKlass scala/meta/internal/builds/BuildToolSelector
instanceKlass  @bci scala/meta/internal/metals/ProjectMetalsLspService <init> (Lscala/concurrent/ExecutionContextExecutorService;Ljava/util/concurrent/ScheduledExecutorService;Lscala/meta/internal/metals/MetalsServerInputs;Lscala/meta/internal/metals/clients/language/ConfiguredLanguageClient;Lorg/eclipse/lsp4j/InitializeParams;Lscala/meta/internal/metals/ClientConfiguration;Lscala/meta/internal/metals/StatusBar;Lscala/Function0;Lscala/meta/internal/metals/TimerProvider;Lscala/Function0;Lscala/meta/io/AbsolutePath;Lscala/Option;Lscala/meta/internal/metals/doctor/HeadDoctor;Lscala/meta/internal/metals/BspStatus;Lscala/meta/internal/metals/WorkDoneProgress;ILscala/meta/internal/metals/ModuleStatus;)V 366 <appendix> member <vmtarget> ; # scala/meta/internal/metals/ProjectMetalsLspService$$Lambda+0x00000236824085d0
instanceKlass scala/meta/internal/builds/BuildTool$Verified
instanceKlass scala/meta/internal/metals/BuildToolProvider
instanceKlass  @bci scala/meta/internal/metals/ProjectMetalsLspService <init> (Lscala/concurrent/ExecutionContextExecutorService;Ljava/util/concurrent/ScheduledExecutorService;Lscala/meta/internal/metals/MetalsServerInputs;Lscala/meta/internal/metals/clients/language/ConfiguredLanguageClient;Lorg/eclipse/lsp4j/InitializeParams;Lscala/meta/internal/metals/ClientConfiguration;Lscala/meta/internal/metals/StatusBar;Lscala/Function0;Lscala/meta/internal/metals/TimerProvider;Lscala/Function0;Lscala/meta/io/AbsolutePath;Lscala/Option;Lscala/meta/internal/metals/doctor/HeadDoctor;Lscala/meta/internal/metals/BspStatus;Lscala/meta/internal/metals/WorkDoneProgress;ILscala/meta/internal/metals/ModuleStatus;)V 333 <appendix> member <vmtarget> ; # scala/meta/internal/metals/ProjectMetalsLspService$$Lambda+0x0000023682408000
instanceKlass scala/meta/internal/metals/ProjectWarnings
instanceKlass  @bci scala/meta/internal/metals/ProjectMetalsLspService <init> (Lscala/concurrent/ExecutionContextExecutorService;Ljava/util/concurrent/ScheduledExecutorService;Lscala/meta/internal/metals/MetalsServerInputs;Lscala/meta/internal/metals/clients/language/ConfiguredLanguageClient;Lorg/eclipse/lsp4j/InitializeParams;Lscala/meta/internal/metals/ClientConfiguration;Lscala/meta/internal/metals/StatusBar;Lscala/Function0;Lscala/meta/internal/metals/TimerProvider;Lscala/Function0;Lscala/meta/io/AbsolutePath;Lscala/Option;Lscala/meta/internal/metals/doctor/HeadDoctor;Lscala/meta/internal/metals/BspStatus;Lscala/meta/internal/metals/WorkDoneProgress;ILscala/meta/internal/metals/ModuleStatus;)V 299 <appendix> member <vmtarget> ; # scala/meta/internal/metals/ProjectMetalsLspService$$Lambda+0x0000023682407768
instanceKlass scala/meta/internal/metals/FileSystemSemanticdbs
instanceKlass  @bci scala/meta/internal/metals/ProjectMetalsLspService <init> (Lscala/concurrent/ExecutionContextExecutorService;Ljava/util/concurrent/ScheduledExecutorService;Lscala/meta/internal/metals/MetalsServerInputs;Lscala/meta/internal/metals/clients/language/ConfiguredLanguageClient;Lorg/eclipse/lsp4j/InitializeParams;Lscala/meta/internal/metals/ClientConfiguration;Lscala/meta/internal/metals/StatusBar;Lscala/Function0;Lscala/meta/internal/metals/TimerProvider;Lscala/Function0;Lscala/meta/io/AbsolutePath;Lscala/Option;Lscala/meta/internal/metals/doctor/HeadDoctor;Lscala/meta/internal/metals/BspStatus;Lscala/meta/internal/metals/WorkDoneProgress;ILscala/meta/internal/metals/ModuleStatus;)V 264 <appendix> member <vmtarget> ; # scala/meta/internal/metals/ProjectMetalsLspService$$Lambda+0x0000023682407280
instanceKlass scala/meta/internal/bsp/BspConfigGenerationStatus$BspConfigGenerationStatus
instanceKlass scala/meta/internal/bsp/BspConfigGenerator
instanceKlass  @bci scala/meta/internal/metals/ProjectMetalsLspService <init> (Lscala/concurrent/ExecutionContextExecutorService;Ljava/util/concurrent/ScheduledExecutorService;Lscala/meta/internal/metals/MetalsServerInputs;Lscala/meta/internal/metals/clients/language/ConfiguredLanguageClient;Lorg/eclipse/lsp4j/InitializeParams;Lscala/meta/internal/metals/ClientConfiguration;Lscala/meta/internal/metals/StatusBar;Lscala/Function0;Lscala/meta/internal/metals/TimerProvider;Lscala/Function0;Lscala/meta/io/AbsolutePath;Lscala/Option;Lscala/meta/internal/metals/doctor/HeadDoctor;Lscala/meta/internal/metals/BspStatus;Lscala/meta/internal/metals/WorkDoneProgress;ILscala/meta/internal/metals/ModuleStatus;)V 229 <appendix> member <vmtarget> ; # scala/meta/internal/metals/ProjectMetalsLspService$$Lambda+0x0000023682406bb0
instanceKlass  @bci scala/meta/internal/metals/watcher/ProjectFileWatcher <init> (Lscala/meta/internal/metals/MetalsServerConfig;Lscala/Function0;Lscala/meta/internal/metals/BuildTargets;Lscala/Function1;Lscala/Function1;Lscala/concurrent/ExecutionContext;)V 38 <appendix> argL0 ; # scala/meta/internal/metals/watcher/ProjectFileWatcher$$Lambda+0x00000236824068d8
instanceKlass  @bci scala/meta/internal/metals/ProjectMetalsLspService <init> (Lscala/concurrent/ExecutionContextExecutorService;Ljava/util/concurrent/ScheduledExecutorService;Lscala/meta/internal/metals/MetalsServerInputs;Lscala/meta/internal/metals/clients/language/ConfiguredLanguageClient;Lorg/eclipse/lsp4j/InitializeParams;Lscala/meta/internal/metals/ClientConfiguration;Lscala/meta/internal/metals/StatusBar;Lscala/Function0;Lscala/meta/internal/metals/TimerProvider;Lscala/Function0;Lscala/meta/io/AbsolutePath;Lscala/Option;Lscala/meta/internal/metals/doctor/HeadDoctor;Lscala/meta/internal/metals/BspStatus;Lscala/meta/internal/metals/WorkDoneProgress;ILscala/meta/internal/metals/ModuleStatus;)V 195 <appendix> member <vmtarget> ; # scala/meta/internal/metals/ProjectMetalsLspService$$Lambda+0x0000023682406508
instanceKlass scala/meta/internal/metals/watcher/FileWatcherEvent
instanceKlass  @bci scala/meta/internal/metals/ProjectMetalsLspService <init> (Lscala/concurrent/ExecutionContextExecutorService;Ljava/util/concurrent/ScheduledExecutorService;Lscala/meta/internal/metals/MetalsServerInputs;Lscala/meta/internal/metals/clients/language/ConfiguredLanguageClient;Lorg/eclipse/lsp4j/InitializeParams;Lscala/meta/internal/metals/ClientConfiguration;Lscala/meta/internal/metals/StatusBar;Lscala/Function0;Lscala/meta/internal/metals/TimerProvider;Lscala/Function0;Lscala/meta/io/AbsolutePath;Lscala/Option;Lscala/meta/internal/metals/doctor/HeadDoctor;Lscala/meta/internal/metals/BspStatus;Lscala/meta/internal/metals/WorkDoneProgress;ILscala/meta/internal/metals/ModuleStatus;)V 189 <appendix> member <vmtarget> ; # scala/meta/internal/metals/ProjectMetalsLspService$$Lambda+0x0000023682405ec0
instanceKlass  @bci scala/meta/internal/metals/ProjectMetalsLspService <init> (Lscala/concurrent/ExecutionContextExecutorService;Ljava/util/concurrent/ScheduledExecutorService;Lscala/meta/internal/metals/MetalsServerInputs;Lscala/meta/internal/metals/clients/language/ConfiguredLanguageClient;Lorg/eclipse/lsp4j/InitializeParams;Lscala/meta/internal/metals/ClientConfiguration;Lscala/meta/internal/metals/StatusBar;Lscala/Function0;Lscala/meta/internal/metals/TimerProvider;Lscala/Function0;Lscala/meta/io/AbsolutePath;Lscala/Option;Lscala/meta/internal/metals/doctor/HeadDoctor;Lscala/meta/internal/metals/BspStatus;Lscala/meta/internal/metals/WorkDoneProgress;ILscala/meta/internal/metals/ModuleStatus;)V 179 <appendix> member <vmtarget> ; # scala/meta/internal/metals/ProjectMetalsLspService$$Lambda+0x0000023682405c00
instanceKlass scala/meta/internal/metals/watcher/ProjectFileWatcher
instanceKlass  @bci scala/meta/internal/metals/ProjectMetalsLspService <init> (Lscala/concurrent/ExecutionContextExecutorService;Ljava/util/concurrent/ScheduledExecutorService;Lscala/meta/internal/metals/MetalsServerInputs;Lscala/meta/internal/metals/clients/language/ConfiguredLanguageClient;Lorg/eclipse/lsp4j/InitializeParams;Lscala/meta/internal/metals/ClientConfiguration;Lscala/meta/internal/metals/StatusBar;Lscala/Function0;Lscala/meta/internal/metals/TimerProvider;Lscala/Function0;Lscala/meta/io/AbsolutePath;Lscala/Option;Lscala/meta/internal/metals/doctor/HeadDoctor;Lscala/meta/internal/metals/BspStatus;Lscala/meta/internal/metals/WorkDoneProgress;ILscala/meta/internal/metals/ModuleStatus;)V 153 <appendix> member <vmtarget> ; # scala/meta/internal/metals/ProjectMetalsLspService$$Lambda+0x00000236824056d8
instanceKlass  @bci scala/meta/internal/metals/ProjectMetalsLspService <init> (Lscala/concurrent/ExecutionContextExecutorService;Ljava/util/concurrent/ScheduledExecutorService;Lscala/meta/internal/metals/MetalsServerInputs;Lscala/meta/internal/metals/clients/language/ConfiguredLanguageClient;Lorg/eclipse/lsp4j/InitializeParams;Lscala/meta/internal/metals/ClientConfiguration;Lscala/meta/internal/metals/StatusBar;Lscala/Function0;Lscala/meta/internal/metals/TimerProvider;Lscala/Function0;Lscala/meta/io/AbsolutePath;Lscala/Option;Lscala/meta/internal/metals/doctor/HeadDoctor;Lscala/meta/internal/metals/BspStatus;Lscala/meta/internal/metals/WorkDoneProgress;ILscala/meta/internal/metals/ModuleStatus;)V 147 <appendix> member <vmtarget> ; # scala/meta/internal/metals/ProjectMetalsLspService$$Lambda+0x0000023682405418
instanceKlass scala/meta/internal/builds/BuildTools
instanceKlass  @bci scala/meta/internal/metals/ProjectMetalsLspService <init> (Lscala/concurrent/ExecutionContextExecutorService;Ljava/util/concurrent/ScheduledExecutorService;Lscala/meta/internal/metals/MetalsServerInputs;Lscala/meta/internal/metals/clients/language/ConfiguredLanguageClient;Lorg/eclipse/lsp4j/InitializeParams;Lscala/meta/internal/metals/ClientConfiguration;Lscala/meta/internal/metals/StatusBar;Lscala/Function0;Lscala/meta/internal/metals/TimerProvider;Lscala/Function0;Lscala/meta/io/AbsolutePath;Lscala/Option;Lscala/meta/internal/metals/doctor/HeadDoctor;Lscala/meta/internal/metals/BspStatus;Lscala/meta/internal/metals/WorkDoneProgress;ILscala/meta/internal/metals/ModuleStatus;)V 66 <appendix> member <vmtarget> ; # scala/meta/internal/metals/ProjectMetalsLspService$$Lambda+0x0000023682404f48
instanceKlass scala/meta/internal/metals/FolderReportsZippper
instanceKlass java/text/DigitList
instanceKlass java/text/FieldPosition
instanceKlass  @bci sun/util/locale/provider/JRELocaleProviderAdapter getDecimalFormatSymbolsProvider ()Ljava/text/spi/DecimalFormatSymbolsProvider; 8 <appendix> member <vmtarget> ; # sun/util/locale/provider/JRELocaleProviderAdapter$$Lambda+0x80000006b
instanceKlass java/text/DecimalFormatSymbols
instanceKlass  @bci sun/util/locale/provider/JRELocaleProviderAdapter getNumberFormatProvider ()Ljava/text/spi/NumberFormatProvider; 8 <appendix> member <vmtarget> ; # sun/util/locale/provider/JRELocaleProviderAdapter$$Lambda+0x80000006c
instanceKlass sun/util/resources/Bundles$2
instanceKlass sun/util/resources/LocaleData$LocaleDataResourceBundleProvider
instanceKlass java/util/spi/ResourceBundleProvider
instanceKlass  @bci sun/util/locale/provider/JRELocaleProviderAdapter getDateFormatSymbolsProvider ()Ljava/text/spi/DateFormatSymbolsProvider; 8 <appendix> member <vmtarget> ; # sun/util/locale/provider/JRELocaleProviderAdapter$$Lambda+0x80000006a
instanceKlass java/text/DateFormatSymbols
instanceKlass java/text/AttributedCharacterIterator$Attribute
instanceKlass  @bci scala/meta/internal/metals/doctor/Doctor <init> (Lscala/meta/io/AbsolutePath;Lscala/meta/internal/metals/BuildTargets;Lscala/meta/internal/metals/Diagnostics;Lscala/meta/internal/metals/clients/language/MetalsLanguageClient;Lscala/meta/internal/metals/Tables;Lscala/meta/internal/metals/ClientConfiguration;Lscala/meta/internal/metals/MtagsResolver;Ljava/lang/String;Lscala/Function0;Lscala/concurrent/ExecutionContext;Lscala/meta/internal/metals/ReportContext;)V 100 <appendix> member <vmtarget> ; # scala/meta/internal/metals/doctor/Doctor$$Lambda+0x00000236824049a0
instanceKlass  @bci scala/meta/internal/metals/doctor/Doctor <init> (Lscala/meta/io/AbsolutePath;Lscala/meta/internal/metals/BuildTargets;Lscala/meta/internal/metals/Diagnostics;Lscala/meta/internal/metals/clients/language/MetalsLanguageClient;Lscala/meta/internal/metals/Tables;Lscala/meta/internal/metals/ClientConfiguration;Lscala/meta/internal/metals/MtagsResolver;Ljava/lang/String;Lscala/Function0;Lscala/concurrent/ExecutionContext;Lscala/meta/internal/metals/ReportContext;)V 94 <appendix> member <vmtarget> ; # scala/meta/internal/metals/doctor/Doctor$$Lambda+0x00000236824046c0
instanceKlass  @bci scala/meta/internal/metals/doctor/Doctor <init> (Lscala/meta/io/AbsolutePath;Lscala/meta/internal/metals/BuildTargets;Lscala/meta/internal/metals/Diagnostics;Lscala/meta/internal/metals/clients/language/MetalsLanguageClient;Lscala/meta/internal/metals/Tables;Lscala/meta/internal/metals/ClientConfiguration;Lscala/meta/internal/metals/MtagsResolver;Ljava/lang/String;Lscala/Function0;Lscala/concurrent/ExecutionContext;Lscala/meta/internal/metals/ReportContext;)V 88 <appendix> member <vmtarget> ; # scala/meta/internal/metals/doctor/Doctor$$Lambda+0x0000023682404400
instanceKlass scala/meta/internal/metals/doctor/ProblemResolver
instanceKlass  @bci scala/meta/internal/metals/MetalsLspService <init> (Lscala/concurrent/ExecutionContextExecutorService;Ljava/util/concurrent/ScheduledExecutorService;Lscala/meta/internal/metals/MetalsServerInputs;Lscala/meta/internal/metals/clients/language/ConfiguredLanguageClient;Lorg/eclipse/lsp4j/InitializeParams;Lscala/meta/internal/metals/ClientConfiguration;Lscala/meta/internal/metals/StatusBar;Lscala/Function0;Lscala/meta/internal/metals/TimerProvider;Lscala/meta/io/AbsolutePath;Lscala/Option;Lscala/meta/internal/metals/doctor/HeadDoctor;Lscala/meta/internal/metals/BspStatus;Lscala/meta/internal/metals/WorkDoneProgress;ILscala/meta/internal/metals/ModuleStatus;)V 2533 <appendix> member <vmtarget> ; # scala/meta/internal/metals/MetalsLspService$$Lambda+0x0000023682403f08
instanceKlass scala/meta/internal/metals/doctor/DoctorStatus
instanceKlass scala/meta/internal/metals/doctor/Doctor
instanceKlass scala/collection/immutable/Queue$
instanceKlass  @bci scala/meta/internal/metals/MetalsLspService <init> (Lscala/concurrent/ExecutionContextExecutorService;Ljava/util/concurrent/ScheduledExecutorService;Lscala/meta/internal/metals/MetalsServerInputs;Lscala/meta/internal/metals/clients/language/ConfiguredLanguageClient;Lorg/eclipse/lsp4j/InitializeParams;Lscala/meta/internal/metals/ClientConfiguration;Lscala/meta/internal/metals/StatusBar;Lscala/Function0;Lscala/meta/internal/metals/TimerProvider;Lscala/meta/io/AbsolutePath;Lscala/Option;Lscala/meta/internal/metals/doctor/HeadDoctor;Lscala/meta/internal/metals/BspStatus;Lscala/meta/internal/metals/WorkDoneProgress;ILscala/meta/internal/metals/ModuleStatus;)V 2474 <appendix> member <vmtarget> ; # scala/meta/internal/metals/MetalsLspService$$Lambda+0x00000236823ff8f8
instanceKlass  @bci scala/meta/internal/metals/MetalsLspService <init> (Lscala/concurrent/ExecutionContextExecutorService;Ljava/util/concurrent/ScheduledExecutorService;Lscala/meta/internal/metals/MetalsServerInputs;Lscala/meta/internal/metals/clients/language/ConfiguredLanguageClient;Lorg/eclipse/lsp4j/InitializeParams;Lscala/meta/internal/metals/ClientConfiguration;Lscala/meta/internal/metals/StatusBar;Lscala/Function0;Lscala/meta/internal/metals/TimerProvider;Lscala/meta/io/AbsolutePath;Lscala/Option;Lscala/meta/internal/metals/doctor/HeadDoctor;Lscala/meta/internal/metals/BspStatus;Lscala/meta/internal/metals/WorkDoneProgress;ILscala/meta/internal/metals/ModuleStatus;)V 2468 <appendix> member <vmtarget> ; # scala/meta/internal/metals/MetalsLspService$$Lambda+0x00000236823ff638
instanceKlass  @bci scala/meta/internal/metals/MetalsLspService <init> (Lscala/concurrent/ExecutionContextExecutorService;Ljava/util/concurrent/ScheduledExecutorService;Lscala/meta/internal/metals/MetalsServerInputs;Lscala/meta/internal/metals/clients/language/ConfiguredLanguageClient;Lorg/eclipse/lsp4j/InitializeParams;Lscala/meta/internal/metals/ClientConfiguration;Lscala/meta/internal/metals/StatusBar;Lscala/Function0;Lscala/meta/internal/metals/TimerProvider;Lscala/meta/io/AbsolutePath;Lscala/Option;Lscala/meta/internal/metals/doctor/HeadDoctor;Lscala/meta/internal/metals/BspStatus;Lscala/meta/internal/metals/WorkDoneProgress;ILscala/meta/internal/metals/ModuleStatus;)V 2462 <appendix> member <vmtarget> ; # scala/meta/internal/metals/MetalsLspService$$Lambda+0x00000236823ff378
instanceKlass  @bci scala/meta/internal/metals/MetalsLspService <init> (Lscala/concurrent/ExecutionContextExecutorService;Ljava/util/concurrent/ScheduledExecutorService;Lscala/meta/internal/metals/MetalsServerInputs;Lscala/meta/internal/metals/clients/language/ConfiguredLanguageClient;Lorg/eclipse/lsp4j/InitializeParams;Lscala/meta/internal/metals/ClientConfiguration;Lscala/meta/internal/metals/StatusBar;Lscala/Function0;Lscala/meta/internal/metals/TimerProvider;Lscala/meta/io/AbsolutePath;Lscala/Option;Lscala/meta/internal/metals/doctor/HeadDoctor;Lscala/meta/internal/metals/BspStatus;Lscala/meta/internal/metals/WorkDoneProgress;ILscala/meta/internal/metals/ModuleStatus;)V 2454 <appendix> member <vmtarget> ; # scala/meta/internal/metals/MetalsLspService$$Lambda+0x00000236823ff0b8
instanceKlass  @bci scala/meta/internal/metals/MetalsLspService <init> (Lscala/concurrent/ExecutionContextExecutorService;Ljava/util/concurrent/ScheduledExecutorService;Lscala/meta/internal/metals/MetalsServerInputs;Lscala/meta/internal/metals/clients/language/ConfiguredLanguageClient;Lorg/eclipse/lsp4j/InitializeParams;Lscala/meta/internal/metals/ClientConfiguration;Lscala/meta/internal/metals/StatusBar;Lscala/Function0;Lscala/meta/internal/metals/TimerProvider;Lscala/meta/io/AbsolutePath;Lscala/Option;Lscala/meta/internal/metals/doctor/HeadDoctor;Lscala/meta/internal/metals/BspStatus;Lscala/meta/internal/metals/WorkDoneProgress;ILscala/meta/internal/metals/ModuleStatus;)V 2444 <appendix> member <vmtarget> ; # scala/meta/internal/metals/MetalsLspService$$Lambda+0x00000236823fedf8
instanceKlass  @bci scala/meta/internal/metals/MetalsLspService <init> (Lscala/concurrent/ExecutionContextExecutorService;Ljava/util/concurrent/ScheduledExecutorService;Lscala/meta/internal/metals/MetalsServerInputs;Lscala/meta/internal/metals/clients/language/ConfiguredLanguageClient;Lorg/eclipse/lsp4j/InitializeParams;Lscala/meta/internal/metals/ClientConfiguration;Lscala/meta/internal/metals/StatusBar;Lscala/Function0;Lscala/meta/internal/metals/TimerProvider;Lscala/meta/io/AbsolutePath;Lscala/Option;Lscala/meta/internal/metals/doctor/HeadDoctor;Lscala/meta/internal/metals/BspStatus;Lscala/meta/internal/metals/WorkDoneProgress;ILscala/meta/internal/metals/ModuleStatus;)V 2438 <appendix> member <vmtarget> ; # scala/meta/internal/metals/MetalsLspService$$Lambda+0x00000236823feb38
instanceKlass  @bci scala/meta/internal/metals/MetalsLspService <init> (Lscala/concurrent/ExecutionContextExecutorService;Ljava/util/concurrent/ScheduledExecutorService;Lscala/meta/internal/metals/MetalsServerInputs;Lscala/meta/internal/metals/clients/language/ConfiguredLanguageClient;Lorg/eclipse/lsp4j/InitializeParams;Lscala/meta/internal/metals/ClientConfiguration;Lscala/meta/internal/metals/StatusBar;Lscala/Function0;Lscala/meta/internal/metals/TimerProvider;Lscala/meta/io/AbsolutePath;Lscala/Option;Lscala/meta/internal/metals/doctor/HeadDoctor;Lscala/meta/internal/metals/BspStatus;Lscala/meta/internal/metals/WorkDoneProgress;ILscala/meta/internal/metals/ModuleStatus;)V 2422 <appendix> member <vmtarget> ; # scala/meta/internal/metals/MetalsLspService$$Lambda+0x00000236823fe878
instanceKlass  @bci scala/meta/internal/metals/clients/language/ForwardingMetalsBuildClient registerLogForwarder (Lscala/meta/internal/metals/clients/language/LogForwarder;)Lscala/collection/immutable/List; 5 <appendix> member <vmtarget> ; # scala/meta/internal/metals/clients/language/ForwardingMetalsBuildClient$$Lambda+0x00000236823fe618
instanceKlass scala/meta/internal/metals/debug/server/DebugeeParamsCreator
instanceKlass  @bci scala/meta/internal/metals/MetalsLspService <init> (Lscala/concurrent/ExecutionContextExecutorService;Ljava/util/concurrent/ScheduledExecutorService;Lscala/meta/internal/metals/MetalsServerInputs;Lscala/meta/internal/metals/clients/language/ConfiguredLanguageClient;Lorg/eclipse/lsp4j/InitializeParams;Lscala/meta/internal/metals/ClientConfiguration;Lscala/meta/internal/metals/StatusBar;Lscala/Function0;Lscala/meta/internal/metals/TimerProvider;Lscala/meta/io/AbsolutePath;Lscala/Option;Lscala/meta/internal/metals/doctor/HeadDoctor;Lscala/meta/internal/metals/BspStatus;Lscala/meta/internal/metals/WorkDoneProgress;ILscala/meta/internal/metals/ModuleStatus;)V 2378 <appendix> member <vmtarget> ; # scala/meta/internal/metals/MetalsLspService$$Lambda+0x00000236823fdc98
instanceKlass ch/epfl/scala/debugadapter/Debuggee
instanceKlass ch/epfl/scala/debugadapter/DebugToolsResolver
instanceKlass ch/epfl/scala/debugadapter/Logger
instanceKlass java/net/SocketAddress
instanceKlass scala/meta/internal/metals/debug/DebugProvider
instanceKlass  @bci scala/meta/internal/metals/MetalsLspService <init> (Lscala/concurrent/ExecutionContextExecutorService;Ljava/util/concurrent/ScheduledExecutorService;Lscala/meta/internal/metals/MetalsServerInputs;Lscala/meta/internal/metals/clients/language/ConfiguredLanguageClient;Lorg/eclipse/lsp4j/InitializeParams;Lscala/meta/internal/metals/ClientConfiguration;Lscala/meta/internal/metals/StatusBar;Lscala/Function0;Lscala/meta/internal/metals/TimerProvider;Lscala/meta/io/AbsolutePath;Lscala/Option;Lscala/meta/internal/metals/doctor/HeadDoctor;Lscala/meta/internal/metals/BspStatus;Lscala/meta/internal/metals/WorkDoneProgress;ILscala/meta/internal/metals/ModuleStatus;)V 2304 <appendix> member <vmtarget> ; # scala/meta/internal/metals/MetalsLspService$$Lambda+0x00000236823fd0f0
instanceKlass  @bci scala/meta/internal/metals/MetalsLspService <init> (Lscala/concurrent/ExecutionContextExecutorService;Ljava/util/concurrent/ScheduledExecutorService;Lscala/meta/internal/metals/MetalsServerInputs;Lscala/meta/internal/metals/clients/language/ConfiguredLanguageClient;Lorg/eclipse/lsp4j/InitializeParams;Lscala/meta/internal/metals/ClientConfiguration;Lscala/meta/internal/metals/StatusBar;Lscala/Function0;Lscala/meta/internal/metals/TimerProvider;Lscala/meta/io/AbsolutePath;Lscala/Option;Lscala/meta/internal/metals/doctor/HeadDoctor;Lscala/meta/internal/metals/BspStatus;Lscala/meta/internal/metals/WorkDoneProgress;ILscala/meta/internal/metals/ModuleStatus;)V 2298 <appendix> member <vmtarget> ; # scala/meta/internal/metals/MetalsLspService$$Lambda+0x00000236823fce30
instanceKlass scala/meta/internal/metals/config/RunType$RunType
instanceKlass scala/meta/internal/metals/debug/DebugDiscovery
instanceKlass scala/meta/internal/metals/debug/BuildTargetClassesFinder
instanceKlass  @bci scala/meta/internal/metals/MetalsLspService <init> (Lscala/concurrent/ExecutionContextExecutorService;Ljava/util/concurrent/ScheduledExecutorService;Lscala/meta/internal/metals/MetalsServerInputs;Lscala/meta/internal/metals/clients/language/ConfiguredLanguageClient;Lorg/eclipse/lsp4j/InitializeParams;Lscala/meta/internal/metals/ClientConfiguration;Lscala/meta/internal/metals/StatusBar;Lscala/Function0;Lscala/meta/internal/metals/TimerProvider;Lscala/meta/io/AbsolutePath;Lscala/Option;Lscala/meta/internal/metals/doctor/HeadDoctor;Lscala/meta/internal/metals/BspStatus;Lscala/meta/internal/metals/WorkDoneProgress;ILscala/meta/internal/metals/ModuleStatus;)V 2236 <appendix> member <vmtarget> ; # scala/meta/internal/metals/MetalsLspService$$Lambda+0x00000236823f9988
instanceKlass ch/epfl/scala/bsp4j/DidChangeBuildTarget
instanceKlass  @bci scala/meta/internal/metals/MetalsLspService <init> (Lscala/concurrent/ExecutionContextExecutorService;Ljava/util/concurrent/ScheduledExecutorService;Lscala/meta/internal/metals/MetalsServerInputs;Lscala/meta/internal/metals/clients/language/ConfiguredLanguageClient;Lorg/eclipse/lsp4j/InitializeParams;Lscala/meta/internal/metals/ClientConfiguration;Lscala/meta/internal/metals/StatusBar;Lscala/Function0;Lscala/meta/internal/metals/TimerProvider;Lscala/meta/io/AbsolutePath;Lscala/Option;Lscala/meta/internal/metals/doctor/HeadDoctor;Lscala/meta/internal/metals/BspStatus;Lscala/meta/internal/metals/WorkDoneProgress;ILscala/meta/internal/metals/ModuleStatus;)V 2230 <appendix> member <vmtarget> ; # scala/meta/internal/metals/MetalsLspService$$Lambda+0x00000236823f9398
instanceKlass  @bci scala/meta/internal/metals/MetalsLspService <init> (Lscala/concurrent/ExecutionContextExecutorService;Ljava/util/concurrent/ScheduledExecutorService;Lscala/meta/internal/metals/MetalsServerInputs;Lscala/meta/internal/metals/clients/language/ConfiguredLanguageClient;Lorg/eclipse/lsp4j/InitializeParams;Lscala/meta/internal/metals/ClientConfiguration;Lscala/meta/internal/metals/StatusBar;Lscala/Function0;Lscala/meta/internal/metals/TimerProvider;Lscala/meta/io/AbsolutePath;Lscala/Option;Lscala/meta/internal/metals/doctor/HeadDoctor;Lscala/meta/internal/metals/BspStatus;Lscala/meta/internal/metals/WorkDoneProgress;ILscala/meta/internal/metals/ModuleStatus;)V 2224 <appendix> member <vmtarget> ; # scala/meta/internal/metals/MetalsLspService$$Lambda+0x00000236823f8fc8
instanceKlass ch/epfl/scala/bsp4j/CompileReport
instanceKlass scala/meta/internal/metals/clients/language/ForwardingMetalsBuildClient
instanceKlass scala/meta/internal/metals/MetalsPasteProvider
instanceKlass  @bci scala/meta/internal/metals/MetalsLspService <init> (Lscala/concurrent/ExecutionContextExecutorService;Ljava/util/concurrent/ScheduledExecutorService;Lscala/meta/internal/metals/MetalsServerInputs;Lscala/meta/internal/metals/clients/language/ConfiguredLanguageClient;Lorg/eclipse/lsp4j/InitializeParams;Lscala/meta/internal/metals/ClientConfiguration;Lscala/meta/internal/metals/StatusBar;Lscala/Function0;Lscala/meta/internal/metals/TimerProvider;Lscala/meta/io/AbsolutePath;Lscala/Option;Lscala/meta/internal/metals/doctor/HeadDoctor;Lscala/meta/internal/metals/BspStatus;Lscala/meta/internal/metals/WorkDoneProgress;ILscala/meta/internal/metals/ModuleStatus;)V 2139 <appendix> member <vmtarget> ; # scala/meta/internal/metals/MetalsLspService$$Lambda+0x00000236823f85e0
instanceKlass scala/meta/internal/metals/findfiles/FindTextInDependencyJars
instanceKlass scala/meta/internal/metals/InlayHintResolveProvider
instanceKlass  @bci scala/meta/internal/metals/codeactions/CodeActionProvider <init> (Lscala/meta/internal/metals/Compilers;Lscala/meta/io/AbsolutePath;Lscala/meta/internal/metals/Buffers;Lscala/meta/internal/metals/BuildTargets;Lscala/meta/internal/metals/ScalafixProvider;Lscala/meta/internal/parsing/Trees;Lscala/meta/internal/metals/Diagnostics;Lscala/meta/internal/metals/clients/language/MetalsLanguageClient;Lscala/meta/internal/metals/ClientConfiguration;Lscala/concurrent/ExecutionContext;)V 456 <appendix> argL0 ; # scala/meta/internal/metals/codeactions/CodeActionProvider$$Lambda+0x00000236823f8000
instanceKlass  @bci scala/meta/internal/metals/ServerCommands$ <clinit> ()V 2774 <appendix> argL0 ; # scala/meta/internal/metals/ServerCommands$$$Lambda+0x00000236823ef9c8
instanceKlass scala/meta/internal/metals/OpenBrowserCommand
instanceKlass  @bci scala/meta/internal/metals/ServerCommands$ <clinit> ()V 2054 <appendix> form vmentry <vmtarget> ; # java/lang/invoke/LambdaForm$MH+0x00000236823f7c00
# instanceKlass java/lang/invoke/LambdaForm$MH+0x00000236823f7800
# instanceKlass java/lang/invoke/LambdaForm$MH+0x00000236823f7400
# instanceKlass java/lang/invoke/LambdaForm$MH+0x00000236823f7000
# instanceKlass java/lang/invoke/LambdaForm$MH+0x00000236823f6c00
# instanceKlass java/lang/invoke/LambdaForm$MH+0x00000236823f6800
# instanceKlass java/lang/invoke/LambdaForm$MH+0x00000236823f6400
instanceKlass scala/meta/internal/metals/newScalaFile/NewFileTypes$JavaRecord$
instanceKlass scala/meta/internal/metals/newScalaFile/NewFileTypes$JavaEnum$
instanceKlass scala/meta/internal/metals/newScalaFile/NewFileTypes$JavaInterface$
instanceKlass scala/meta/internal/metals/newScalaFile/NewFileTypes$JavaClass$
instanceKlass  @bci scala/meta/internal/metals/ServerCommands$ <clinit> ()V 1949 <adapter> ; # java/lang/invoke/LambdaForm$MH+0x00000236823f6000
# instanceKlass java/lang/invoke/LambdaForm$DMH+0x00000236823f5c00
instanceKlass  @bci scala/meta/internal/metals/ServerCommands$ <clinit> ()V 1949 <appendix> form vmentry <vmtarget> ; # java/lang/invoke/LambdaForm$MH+0x00000236823f5800
# instanceKlass java/lang/invoke/LambdaForm$DMH+0x00000236823f5400
# instanceKlass java/lang/invoke/LambdaForm$MH+0x00000236823f5000
# instanceKlass java/lang/invoke/LambdaForm$DMH+0x00000236823f4c00
instanceKlass  @bci org/flywaydb/core/internal/resource/ResourceName getFilenameWithoutSuffix ()Ljava/lang/String; 66 <appendix> argL3 form vmentry <vmtarget> ; # java/lang/invoke/LambdaForm$MH+0x00000236823f4800
# instanceKlass java/lang/invoke/LambdaForm$MH+0x00000236823f4400
# instanceKlass java/lang/invoke/LambdaForm$DMH+0x00000236823f4000
# instanceKlass java/lang/invoke/LambdaForm$MH+0x00000236823f3c00
# instanceKlass java/lang/invoke/LambdaForm$DMH+0x00000236823f3800
# instanceKlass java/lang/invoke/LambdaForm$MH+0x00000236823f3400
# instanceKlass java/lang/invoke/LambdaForm$MH+0x00000236823f3000
instanceKlass  @bci org/flywaydb/core/internal/database/h2/H2Database getSelectStatement (Lorg/flywaydb/core/internal/database/base/Table;)Ljava/lang/String; 173 <appendix> argL6 form vmentry <vmtarget> ; # java/lang/invoke/LambdaForm$MH+0x00000236823f2c00
# instanceKlass java/lang/invoke/LambdaForm$MH+0x00000236823f2800
# instanceKlass java/lang/invoke/LambdaForm$MH+0x00000236823f2400
# instanceKlass java/lang/invoke/LambdaForm$MH+0x00000236823f2000
# instanceKlass java/lang/invoke/LambdaForm$MH+0x00000236823f1c00
# instanceKlass java/lang/invoke/LambdaForm$MH+0x00000236823f1800
# instanceKlass java/lang/invoke/LambdaForm$MH+0x00000236823f1400
# instanceKlass java/lang/invoke/LambdaForm$MH+0x00000236823f1000
instanceKlass  @bci org/flywaydb/core/internal/resource/ResourceName getFilenameWithoutSuffix ()Ljava/lang/String; 66 <appendix> argL1 form vmentry <vmtarget> ; # java/lang/invoke/LambdaForm$MH+0x00000236823f0c00
# instanceKlass java/lang/invoke/LambdaForm$MH+0x00000236823f0800
# instanceKlass java/lang/invoke/LambdaForm$MH+0x00000236823f0400
# instanceKlass java/lang/invoke/LambdaForm$MH+0x00000236823f0000
instanceKlass scala/meta/internal/metals/newScalaFile/NewFileTypes$ScalaScript$
instanceKlass scala/meta/internal/metals/newScalaFile/NewFileTypes$Worksheet$
instanceKlass scala/meta/internal/metals/newScalaFile/NewFileTypes$PackageObject$
instanceKlass scala/meta/internal/metals/newScalaFile/NewFileTypes$Trait$
instanceKlass scala/meta/internal/metals/newScalaFile/NewFileTypes$Object$
instanceKlass scala/meta/internal/metals/newScalaFile/NewFileTypes$Enum$
instanceKlass scala/meta/internal/metals/newScalaFile/NewFileTypes$CaseClass$
instanceKlass scala/meta/internal/metals/newScalaFile/NewFileTypes$Class$
instanceKlass scala/meta/internal/metals/newScalaFile/NewFileTypes$FromClipboard$
instanceKlass scala/meta/internal/metals/newScalaFile/NewFileTypes$ScalaFile$
instanceKlass scala/meta/internal/metals/ListParametrizedCommand
instanceKlass scala/meta/internal/metals/ServerCommands$ChooseClassRequest
instanceKlass scala/meta/internal/metals/MetalsPasteParams
instanceKlass scala/meta/internal/metals/DebugUnresolvedAttachRemoteParams
instanceKlass scala/meta/internal/metals/DebugUnresolvedTestClassParams
instanceKlass scala/meta/internal/metals/ScalaTestSuitesDebugRequest
instanceKlass scala/meta/internal/metals/DebugUnresolvedMainClassParams
instanceKlass ch/epfl/scala/bsp4j/DebugSessionParams
instanceKlass scala/meta/internal/metals/RunScalafixRulesParams
instanceKlass scala/meta/internal/metals/ServerCommands$DiscoverTestParams
instanceKlass scala/meta/internal/metals/DebugDiscoveryParams
instanceKlass scala/meta/internal/metals/ParametrizedCommand$
instanceKlass scala/meta/internal/metals/JsonParser$Of
instanceKlass scala/meta/internal/metals/ParametrizedCommand
instanceKlass  @bci scala/collection/StringOps$ stripMargin$extension (Ljava/lang/String;C)Ljava/lang/String; 27 <appendix> member <vmtarget> ; # scala/collection/StringOps$$$Lambda+0x00000236823ea028
instanceKlass scala/meta/internal/metals/Command
instanceKlass scala/meta/internal/metals/ServerCommands$
instanceKlass  @bci scala/meta/internal/metals/codeactions/CodeActionProvider <init> (Lscala/meta/internal/metals/Compilers;Lscala/meta/io/AbsolutePath;Lscala/meta/internal/metals/Buffers;Lscala/meta/internal/metals/BuildTargets;Lscala/meta/internal/metals/ScalafixProvider;Lscala/meta/internal/parsing/Trees;Lscala/meta/internal/metals/Diagnostics;Lscala/meta/internal/metals/clients/language/MetalsLanguageClient;Lscala/meta/internal/metals/ClientConfiguration;Lscala/concurrent/ExecutionContext;)V 448 <appendix> argL0 ; # scala/meta/internal/metals/codeactions/CodeActionProvider$$Lambda+0x00000236823e9708
instanceKlass scala/meta/internal/metals/codeactions/ConvertToNamedLambdaParameters
instanceKlass scala/meta/internal/metals/codeactions/SourceRemoveInvalidImports$
instanceKlass scala/meta/internal/metals/codeactions/RemoveInvalidImportQuickFix$
instanceKlass scala/meta/internal/metals/codeactions/RemoveInvalidImport$RemovalEdit
instanceKlass scala/meta/internal/metals/codeactions/RemoveInvalidImport
instanceKlass scala/meta/internal/metals/codeactions/ConvertCommentCodeAction
instanceKlass scala/meta/internal/metals/codeactions/MillifyScalaCliDependencyCodeAction
instanceKlass scala/meta/internal/metals/codeactions/MillifyDependencyCodeAction
instanceKlass scala/meta/internal/metals/codeactions/FilterMapToCollectCodeAction$FunctionApply
instanceKlass scala/meta/Name
instanceKlass scala/meta/internal/metals/codeactions/FilterMapToCollectCodeAction
instanceKlass scala/meta/Pat
instanceKlass scala/meta/internal/metals/codeactions/FlatMapToForComprehensionCodeAction
instanceKlass scala/meta/internal/metals/codeactions/ConvertToNamedArguments
instanceKlass scala/meta/internal/metals/codeactions/InlineValueCodeAction
instanceKlass scala/meta/internal/metals/codeactions/ExtractMethodCodeAction
instanceKlass scala/meta/internal/metals/codeactions/CreateCompanionObjectCodeAction
instanceKlass scala/meta/internal/metals/codeactions/ExtractValueCodeAction
instanceKlass scala/meta/internal/metals/codeactions/RewriteBracesParensCodeAction
instanceKlass scala/meta/internal/metals/codeactions/PatternMatchRefactor
instanceKlass scala/meta/internal/metals/codeactions/InsertInferredType
instanceKlass scala/meta/internal/metals/codeactions/OrganizeImportsQuickFix$
instanceKlass scala/meta/internal/metals/codeactions/SourceOrganizeImports$
instanceKlass scala/meta/internal/metals/codeactions/OrganizeImports
instanceKlass scala/meta/internal/metals/codeactions/RemoveInfixRefactor
instanceKlass scala/meta/internal/metals/codeactions/StringActions
instanceKlass scala/meta/internal/metals/codeactions/ExplainDiagnostic
instanceKlass scala/meta/internal/metals/codeactions/ActionableDiagnostic
instanceKlass scala/meta/internal/metals/codeactions/CreateNewSymbol
instanceKlass scala/meta/internal/metals/codeactions/SourceAddMissingImports$
instanceKlass scala/meta/internal/metals/codeactions/ImportMissingSymbol$
instanceKlass scala/meta/internal/metals/codeactions/ImportMissingSymbolQuickFix$
instanceKlass scala/meta/internal/metals/codeactions/ImportMissingSymbol
instanceKlass scala/meta/internal/metals/codeactions/ImplementAbstractMembers
instanceKlass scala/meta/internal/metals/codeactions/CodeAction$$anon$1
instanceKlass scala/meta/Term$Ref
instanceKlass scala/meta/Ref
instanceKlass scala/meta/transversers/SimpleTraverser
instanceKlass scala/meta/internal/metals/codeactions/ExtractRenameMember
instanceKlass scala/meta/internal/metals/codeactions/CodeAction
instanceKlass scala/meta/internal/metals/codeactions/CodeActionProvider
instanceKlass  @bci scala/meta/internal/metals/MetalsLspService <init> (Lscala/concurrent/ExecutionContextExecutorService;Ljava/util/concurrent/ScheduledExecutorService;Lscala/meta/internal/metals/MetalsServerInputs;Lscala/meta/internal/metals/clients/language/ConfiguredLanguageClient;Lorg/eclipse/lsp4j/InitializeParams;Lscala/meta/internal/metals/ClientConfiguration;Lscala/meta/internal/metals/StatusBar;Lscala/Function0;Lscala/meta/internal/metals/TimerProvider;Lscala/meta/io/AbsolutePath;Lscala/Option;Lscala/meta/internal/metals/doctor/HeadDoctor;Lscala/meta/internal/metals/BspStatus;Lscala/meta/internal/metals/WorkDoneProgress;ILscala/meta/internal/metals/ModuleStatus;)V 2036 <appendix> member <vmtarget> ; # scala/meta/internal/metals/MetalsLspService$$Lambda+0x00000236823e0ed0
instanceKlass  @bci scala/meta/internal/metals/MetalsLspService <init> (Lscala/concurrent/ExecutionContextExecutorService;Ljava/util/concurrent/ScheduledExecutorService;Lscala/meta/internal/metals/MetalsServerInputs;Lscala/meta/internal/metals/clients/language/ConfiguredLanguageClient;Lorg/eclipse/lsp4j/InitializeParams;Lscala/meta/internal/metals/ClientConfiguration;Lscala/meta/internal/metals/StatusBar;Lscala/Function0;Lscala/meta/internal/metals/TimerProvider;Lscala/meta/io/AbsolutePath;Lscala/Option;Lscala/meta/internal/metals/doctor/HeadDoctor;Lscala/meta/internal/metals/BspStatus;Lscala/meta/internal/metals/WorkDoneProgress;ILscala/meta/internal/metals/ModuleStatus;)V 2008 <appendix> member <vmtarget> ; # scala/meta/internal/metals/MetalsLspService$$Lambda+0x00000236823e0c10
instanceKlass scala/meta/internal/metals/ScalafixProvider
instanceKlass scala/meta/internal/rename/RenameProvider
instanceKlass scala/meta/internal/metals/typeHierarchy/TypeHierarchyItemBuilder
instanceKlass  @bci scala/meta/internal/metals/MetalsLspService <init> (Lscala/concurrent/ExecutionContextExecutorService;Ljava/util/concurrent/ScheduledExecutorService;Lscala/meta/internal/metals/MetalsServerInputs;Lscala/meta/internal/metals/clients/language/ConfiguredLanguageClient;Lorg/eclipse/lsp4j/InitializeParams;Lscala/meta/internal/metals/ClientConfiguration;Lscala/meta/internal/metals/StatusBar;Lscala/Function0;Lscala/meta/internal/metals/TimerProvider;Lscala/meta/io/AbsolutePath;Lscala/Option;Lscala/meta/internal/metals/doctor/HeadDoctor;Lscala/meta/internal/metals/BspStatus;Lscala/meta/internal/metals/WorkDoneProgress;ILscala/meta/internal/metals/ModuleStatus;)V 1918 <appendix> member <vmtarget> ; # scala/meta/internal/metals/MetalsLspService$$Lambda+0x00000236823dfa60
instanceKlass scala/meta/internal/metals/typeHierarchy/TypeHierarchyProvider
instanceKlass scala/meta/internal/metals/callHierarchy/OutgoingCallsFinder
instanceKlass scala/meta/internal/metals/callHierarchy/IncomingCallsFinder
instanceKlass scala/meta/internal/metals/callHierarchy/CallHierarchyItemBuilder
instanceKlass  @bci scala/meta/internal/metals/MetalsLspService <init> (Lscala/concurrent/ExecutionContextExecutorService;Ljava/util/concurrent/ScheduledExecutorService;Lscala/meta/internal/metals/MetalsServerInputs;Lscala/meta/internal/metals/clients/language/ConfiguredLanguageClient;Lorg/eclipse/lsp4j/InitializeParams;Lscala/meta/internal/metals/ClientConfiguration;Lscala/meta/internal/metals/StatusBar;Lscala/Function0;Lscala/meta/internal/metals/TimerProvider;Lscala/meta/io/AbsolutePath;Lscala/Option;Lscala/meta/internal/metals/doctor/HeadDoctor;Lscala/meta/internal/metals/BspStatus;Lscala/meta/internal/metals/WorkDoneProgress;ILscala/meta/internal/metals/ModuleStatus;)V 1885 <appendix> member <vmtarget> ; # scala/meta/internal/metals/MetalsLspService$$Lambda+0x00000236823dedb8
instanceKlass  @bci scala/meta/internal/metals/MetalsLspService <init> (Lscala/concurrent/ExecutionContextExecutorService;Ljava/util/concurrent/ScheduledExecutorService;Lscala/meta/internal/metals/MetalsServerInputs;Lscala/meta/internal/metals/clients/language/ConfiguredLanguageClient;Lorg/eclipse/lsp4j/InitializeParams;Lscala/meta/internal/metals/ClientConfiguration;Lscala/meta/internal/metals/StatusBar;Lscala/Function0;Lscala/meta/internal/metals/TimerProvider;Lscala/meta/io/AbsolutePath;Lscala/Option;Lscala/meta/internal/metals/doctor/HeadDoctor;Lscala/meta/internal/metals/BspStatus;Lscala/meta/internal/metals/WorkDoneProgress;ILscala/meta/internal/metals/ModuleStatus;)V 1866 <appendix> member <vmtarget> ; # scala/meta/internal/metals/MetalsLspService$$Lambda+0x00000236823deaf8
instanceKlass scala/meta/internal/metals/callHierarchy/CallHierarchyProvider
instanceKlass scala/meta/internal/metals/callHierarchy/CallHierarchyHelpers
instanceKlass scala/meta/internal/implementation/Supermethods
instanceKlass scala/meta/internal/search/GlobalClassTable
instanceKlass  @bci scala/meta/internal/metals/MetalsLspService <init> (Lscala/concurrent/ExecutionContextExecutorService;Ljava/util/concurrent/ScheduledExecutorService;Lscala/meta/internal/metals/MetalsServerInputs;Lscala/meta/internal/metals/clients/language/ConfiguredLanguageClient;Lorg/eclipse/lsp4j/InitializeParams;Lscala/meta/internal/metals/ClientConfiguration;Lscala/meta/internal/metals/StatusBar;Lscala/Function0;Lscala/meta/internal/metals/TimerProvider;Lscala/meta/io/AbsolutePath;Lscala/Option;Lscala/meta/internal/metals/doctor/HeadDoctor;Lscala/meta/internal/metals/BspStatus;Lscala/meta/internal/metals/WorkDoneProgress;ILscala/meta/internal/metals/ModuleStatus;)V 1742 <appendix> member <vmtarget> ; # scala/meta/internal/metals/MetalsLspService$$Lambda+0x00000236823ddf10
instanceKlass scala/meta/internal/search/SymbolHierarchyOps
instanceKlass  @bci scala/meta/internal/metals/MetalsLspService <init> (Lscala/concurrent/ExecutionContextExecutorService;Ljava/util/concurrent/ScheduledExecutorService;Lscala/meta/internal/metals/MetalsServerInputs;Lscala/meta/internal/metals/clients/language/ConfiguredLanguageClient;Lorg/eclipse/lsp4j/InitializeParams;Lscala/meta/internal/metals/ClientConfiguration;Lscala/meta/internal/metals/StatusBar;Lscala/Function0;Lscala/meta/internal/metals/TimerProvider;Lscala/meta/io/AbsolutePath;Lscala/Option;Lscala/meta/internal/metals/doctor/HeadDoctor;Lscala/meta/internal/metals/BspStatus;Lscala/meta/internal/metals/WorkDoneProgress;ILscala/meta/internal/metals/ModuleStatus;)V 1689 <appendix> member <vmtarget> ; # scala/meta/internal/metals/MetalsLspService$$Lambda+0x00000236823dda28
instanceKlass scala/meta/internal/implementation/InheritanceContext
instanceKlass scala/meta/internal/implementation/ImplementationProvider
instanceKlass  @bci scala/meta/internal/metals/MetalsLspService <init> (Lscala/concurrent/ExecutionContextExecutorService;Ljava/util/concurrent/ScheduledExecutorService;Lscala/meta/internal/metals/MetalsServerInputs;Lscala/meta/internal/metals/clients/language/ConfiguredLanguageClient;Lorg/eclipse/lsp4j/InitializeParams;Lscala/meta/internal/metals/ClientConfiguration;Lscala/meta/internal/metals/StatusBar;Lscala/Function0;Lscala/meta/internal/metals/TimerProvider;Lscala/meta/io/AbsolutePath;Lscala/Option;Lscala/meta/internal/metals/doctor/HeadDoctor;Lscala/meta/internal/metals/BspStatus;Lscala/meta/internal/metals/WorkDoneProgress;ILscala/meta/internal/metals/ModuleStatus;)V 1664 <appendix> member <vmtarget> ; # scala/meta/internal/metals/MetalsLspService$$Lambda+0x00000236823dd0d0
instanceKlass org/eclipse/jface/text/IDocument
instanceKlass java/security/cert/CertPathValidatorException$Reason
instanceKlass java/time/Instant$1
instanceKlass java/time/format/DateTimePrintContext
instanceKlass scala/meta/internal/metals/JavaFormattingProvider
instanceKlass  @bci scala/meta/internal/metals/MetalsLspService <init> (Lscala/concurrent/ExecutionContextExecutorService;Ljava/util/concurrent/ScheduledExecutorService;Lscala/meta/internal/metals/MetalsServerInputs;Lscala/meta/internal/metals/clients/language/ConfiguredLanguageClient;Lorg/eclipse/lsp4j/InitializeParams;Lscala/meta/internal/metals/ClientConfiguration;Lscala/meta/internal/metals/StatusBar;Lscala/Function0;Lscala/meta/internal/metals/TimerProvider;Lscala/meta/io/AbsolutePath;Lscala/Option;Lscala/meta/internal/metals/doctor/HeadDoctor;Lscala/meta/internal/metals/BspStatus;Lscala/meta/internal/metals/WorkDoneProgress;ILscala/meta/internal/metals/ModuleStatus;)V 1639 <appendix> member <vmtarget> ; # scala/meta/internal/metals/MetalsLspService$$Lambda+0x00000236823dc418
instanceKlass scala/meta/internal/metals/newScalaFile/NewFileTypes$NewFileType
instanceKlass scala/meta/internal/metals/newScalaFile/NewFileProvider
instanceKlass scala/meta/internal/metals/PackageProvider
instanceKlass scala/meta/internal/metals/Lock
instanceKlass scala/meta/internal/metals/Lock$
instanceKlass scala/meta/internal/metals/IdentifierIndex
instanceKlass  @bci scala/meta/internal/metals/MetalsLspService <init> (Lscala/concurrent/ExecutionContextExecutorService;Ljava/util/concurrent/ScheduledExecutorService;Lscala/meta/internal/metals/MetalsServerInputs;Lscala/meta/internal/metals/clients/language/ConfiguredLanguageClient;Lorg/eclipse/lsp4j/InitializeParams;Lscala/meta/internal/metals/ClientConfiguration;Lscala/meta/internal/metals/StatusBar;Lscala/Function0;Lscala/meta/internal/metals/TimerProvider;Lscala/meta/io/AbsolutePath;Lscala/Option;Lscala/meta/internal/metals/doctor/HeadDoctor;Lscala/meta/internal/metals/BspStatus;Lscala/meta/internal/metals/WorkDoneProgress;ILscala/meta/internal/metals/ModuleStatus;)V 1543 <appendix> member <vmtarget> ; # scala/meta/internal/metals/MetalsLspService$$Lambda+0x00000236823db4b0
instanceKlass scala/meta/internal/metals/AdjustRange
instanceKlass scala/meta/internal/metals/Compilers$$anon$2
instanceKlass com/google/common/cache/LocalCache$AbstractReferenceEntry
instanceKlass java/util/concurrent/atomic/AtomicReferenceArray
instanceKlass com/google/common/cache/LocalCache$LoadingValueReference
instanceKlass com/google/common/cache/Weigher
instanceKlass com/google/common/base/Predicate
instanceKlass com/google/common/base/Equivalence
instanceKlass com/google/common/base/MoreObjects
instanceKlass com/google/common/cache/LocalCache$1
instanceKlass com/google/common/cache/ReferenceEntry
instanceKlass com/google/common/cache/LocalCache$ValueReference
instanceKlass com/google/common/cache/CacheLoader
instanceKlass com/google/common/cache/LocalCache$LocalManualCache
instanceKlass scala/meta/internal/metals/Compilers$$anon$1
instanceKlass com/google/common/cache/CacheBuilder$2
instanceKlass com/google/common/base/Preconditions
instanceKlass com/google/common/cache/CacheStats
instanceKlass com/google/common/base/Suppliers$SupplierOfInstance
instanceKlass com/google/common/base/Suppliers
instanceKlass com/google/common/cache/CacheBuilder$1
instanceKlass com/google/common/cache/AbstractCache$StatsCounter
instanceKlass com/google/common/cache/LoadingCache
instanceKlass com/google/common/base/Function
instanceKlass com/google/common/cache/Cache
instanceKlass com/google/common/base/Ticker
instanceKlass com/google/common/base/Supplier
instanceKlass com/google/common/cache/CacheBuilder
instanceKlass scala/meta/internal/metals/OutlineFilesProvider
instanceKlass scala/meta/internal/metals/CompilerPlugins
instanceKlass scala/meta/pc/PresentationCompiler
instanceKlass scala/meta/internal/metals/CompilerConfiguration
instanceKlass  @bci scala/meta/internal/metals/MetalsLspService <init> (Lscala/concurrent/ExecutionContextExecutorService;Ljava/util/concurrent/ScheduledExecutorService;Lscala/meta/internal/metals/MetalsServerInputs;Lscala/meta/internal/metals/clients/language/ConfiguredLanguageClient;Lorg/eclipse/lsp4j/InitializeParams;Lscala/meta/internal/metals/ClientConfiguration;Lscala/meta/internal/metals/StatusBar;Lscala/Function0;Lscala/meta/internal/metals/TimerProvider;Lscala/meta/io/AbsolutePath;Lscala/Option;Lscala/meta/internal/metals/doctor/HeadDoctor;Lscala/meta/internal/metals/BspStatus;Lscala/meta/internal/metals/WorkDoneProgress;ILscala/meta/internal/metals/ModuleStatus;)V 1510 <appendix> member <vmtarget> ; # scala/meta/internal/metals/MetalsLspService$$Lambda+0x00000236823d0510
instanceKlass scala/meta/internal/metals/ReferenceProvider
instanceKlass scala/meta/pc/CompletionItemPriority
instanceKlass  @bci scala/meta/internal/metals/MetalsLspService <init> (Lscala/concurrent/ExecutionContextExecutorService;Ljava/util/concurrent/ScheduledExecutorService;Lscala/meta/internal/metals/MetalsServerInputs;Lscala/meta/internal/metals/clients/language/ConfiguredLanguageClient;Lorg/eclipse/lsp4j/InitializeParams;Lscala/meta/internal/metals/ClientConfiguration;Lscala/meta/internal/metals/StatusBar;Lscala/Function0;Lscala/meta/internal/metals/TimerProvider;Lscala/meta/io/AbsolutePath;Lscala/Option;Lscala/meta/internal/metals/doctor/HeadDoctor;Lscala/meta/internal/metals/BspStatus;Lscala/meta/internal/metals/WorkDoneProgress;ILscala/meta/internal/metals/ModuleStatus;)V 1484 <appendix> member <vmtarget> ; # scala/meta/internal/metals/MetalsLspService$$Lambda+0x00000236823d0000
instanceKlass  @bci scala/meta/internal/metals/MetalsLspService <init> (Lscala/concurrent/ExecutionContextExecutorService;Ljava/util/concurrent/ScheduledExecutorService;Lscala/meta/internal/metals/MetalsServerInputs;Lscala/meta/internal/metals/clients/language/ConfiguredLanguageClient;Lorg/eclipse/lsp4j/InitializeParams;Lscala/meta/internal/metals/ClientConfiguration;Lscala/meta/internal/metals/StatusBar;Lscala/Function0;Lscala/meta/internal/metals/TimerProvider;Lscala/meta/io/AbsolutePath;Lscala/Option;Lscala/meta/internal/metals/doctor/HeadDoctor;Lscala/meta/internal/metals/BspStatus;Lscala/meta/internal/metals/WorkDoneProgress;ILscala/meta/internal/metals/ModuleStatus;)V 1457 <appendix> member <vmtarget> ; # scala/meta/internal/metals/MetalsLspService$$Lambda+0x00000236823cfa88
instanceKlass scala/meta/internal/metals/CompilerConfiguration$MtagsPresentationCompiler
instanceKlass scala/meta/pc/SyntheticDecorationsParams
instanceKlass scala/meta/internal/metals/PcRestartReason
instanceKlass scala/meta/pc/InlayHintsParams
instanceKlass scala/meta/pc/RangeParams
instanceKlass scala/meta/pc/ReferencesRequest
instanceKlass scala/meta/pc/OffsetParams
instanceKlass scala/meta/pc/VirtualFileParams
instanceKlass com/google/common/cache/RemovalListener
instanceKlass scala/meta/internal/pc/CompilerJobQueue$State$Empty$
instanceKlass scala/meta/internal/pc/CompilerJobQueue$State
instanceKlass  @bci scala/meta/internal/pc/CompilerJobQueue$ apply ()Lscala/meta/internal/pc/CompilerJobQueue; 4 <appendix> argL0 ; # scala/meta/internal/pc/CompilerJobQueue$$$Lambda+0x00000236823ce128
instanceKlass scala/meta/internal/pc/CompilerJobQueue
instanceKlass scala/meta/internal/pc/CompilerJobQueue$
instanceKlass  @bci scala/meta/internal/metals/MetalsLspService <init> (Lscala/concurrent/ExecutionContextExecutorService;Ljava/util/concurrent/ScheduledExecutorService;Lscala/meta/internal/metals/MetalsServerInputs;Lscala/meta/internal/metals/clients/language/ConfiguredLanguageClient;Lorg/eclipse/lsp4j/InitializeParams;Lscala/meta/internal/metals/ClientConfiguration;Lscala/meta/internal/metals/StatusBar;Lscala/Function0;Lscala/meta/internal/metals/TimerProvider;Lscala/meta/io/AbsolutePath;Lscala/Option;Lscala/meta/internal/metals/doctor/HeadDoctor;Lscala/meta/internal/metals/BspStatus;Lscala/meta/internal/metals/WorkDoneProgress;ILscala/meta/internal/metals/ModuleStatus;)V 1405 <appendix> member <vmtarget> ; # scala/meta/internal/metals/MetalsLspService$$Lambda+0x00000236823cda30
instanceKlass scala/meta/internal/worksheets/WorksheetProvider$MdocKey
instanceKlass scala/meta/internal/worksheets/WorksheetProvider
instanceKlass scala/meta/internal/metals/MetalsSymbolSearch
instanceKlass  @bci scala/meta/internal/metals/MetalsLspService <init> (Lscala/concurrent/ExecutionContextExecutorService;Ljava/util/concurrent/ScheduledExecutorService;Lscala/meta/internal/metals/MetalsServerInputs;Lscala/meta/internal/metals/clients/language/ConfiguredLanguageClient;Lorg/eclipse/lsp4j/InitializeParams;Lscala/meta/internal/metals/ClientConfiguration;Lscala/meta/internal/metals/StatusBar;Lscala/Function0;Lscala/meta/internal/metals/TimerProvider;Lscala/meta/io/AbsolutePath;Lscala/Option;Lscala/meta/internal/metals/doctor/HeadDoctor;Lscala/meta/internal/metals/BspStatus;Lscala/meta/internal/metals/WorkDoneProgress;ILscala/meta/internal/metals/ModuleStatus;)V 1342 <appendix> member <vmtarget> ; # scala/meta/internal/metals/MetalsLspService$$Lambda+0x00000236823ccd38
instanceKlass scala/meta/internal/metals/scalacli/ScalaCliServers
instanceKlass  @bci scala/meta/internal/metals/MetalsLspService <init> (Lscala/concurrent/ExecutionContextExecutorService;Ljava/util/concurrent/ScheduledExecutorService;Lscala/meta/internal/metals/MetalsServerInputs;Lscala/meta/internal/metals/clients/language/ConfiguredLanguageClient;Lorg/eclipse/lsp4j/InitializeParams;Lscala/meta/internal/metals/ClientConfiguration;Lscala/meta/internal/metals/StatusBar;Lscala/Function0;Lscala/meta/internal/metals/TimerProvider;Lscala/meta/io/AbsolutePath;Lscala/Option;Lscala/meta/internal/metals/doctor/HeadDoctor;Lscala/meta/internal/metals/BspStatus;Lscala/meta/internal/metals/WorkDoneProgress;ILscala/meta/internal/metals/ModuleStatus;)V 1330 <appendix> member <vmtarget> ; # scala/meta/internal/metals/MetalsLspService$$Lambda+0x00000236823cc7e0
instanceKlass scala/meta/internal/metals/SemanticdbIndexer
instanceKlass  @bci scala/meta/internal/metals/MetalsLspService <init> (Lscala/concurrent/ExecutionContextExecutorService;Ljava/util/concurrent/ScheduledExecutorService;Lscala/meta/internal/metals/MetalsServerInputs;Lscala/meta/internal/metals/clients/language/ConfiguredLanguageClient;Lorg/eclipse/lsp4j/InitializeParams;Lscala/meta/internal/metals/ClientConfiguration;Lscala/meta/internal/metals/StatusBar;Lscala/Function0;Lscala/meta/internal/metals/TimerProvider;Lscala/meta/io/AbsolutePath;Lscala/Option;Lscala/meta/internal/metals/doctor/HeadDoctor;Lscala/meta/internal/metals/BspStatus;Lscala/meta/internal/metals/WorkDoneProgress;ILscala/meta/internal/metals/ModuleStatus;)V 1324 <appendix> member <vmtarget> ; # scala/meta/internal/metals/MetalsLspService$$Lambda+0x00000236823cc2e0
instanceKlass scala/meta/internal/mtags/TextDocumentLookup
instanceKlass scala/meta/internal/metals/InteractiveSemanticdbs
instanceKlass scala/meta/internal/metals/DownloadedJavaInteractiveSemanticdb
instanceKlass  @bci scala/meta/internal/metals/Embedded$ downloadDependency (Lcoursier/core/Dependency;Lscala/Option;Lscala/collection/immutable/Seq;Lscala/Option;)Lscala/collection/immutable/List; 157 <appendix> argL0 ; # scala/meta/internal/metals/Embedded$$$Lambda+0x00000236823cb5b0
instanceKlass  @bci coursier/Fetch$Result files ()Lscala/collection/immutable/Seq; 4 <appendix> argL0 ; # coursier/Fetch$Result$$Lambda+0x00000236823cb1e8
instanceKlass  @bci coursier/Fetch$Result fullArtifacts ()Lscala/collection/immutable/Seq; 4 <appendix> argL0 ; # coursier/Fetch$Result$$Lambda+0x00000236823ca998
instanceKlass coursier/Fetch$Result$
instanceKlass  @bci coursier/Artifacts $anonfun$ioResult$10 (Lscala/collection/immutable/Map;Lscala/collection/immutable/Seq;)Lcoursier/Artifacts$Result; 34 <appendix> argL0 ; # coursier/Artifacts$$Lambda+0x00000236823ca3b8
instanceKlass  @bci coursier/Artifacts $anonfun$ioResult$10 (Lscala/collection/immutable/Map;Lscala/collection/immutable/Seq;)Lcoursier/Artifacts$Result; 20 <appendix> argL0 ; # coursier/Artifacts$$Lambda+0x00000236823c9ff0
instanceKlass coursier/Artifacts$Result$
instanceKlass  @bci coursier/Artifacts $anonfun$ioResult$11 (Lscala/collection/immutable/Map;Lscala/Tuple2;)Lscala/Tuple2; 115 <appendix> member <vmtarget> ; # coursier/Artifacts$$Lambda+0x00000236823c9a10
instanceKlass  @bci coursier/Artifacts $anonfun$ioResult$10 (Lscala/collection/immutable/Map;Lscala/collection/immutable/Seq;)Lcoursier/Artifacts$Result; 2 <appendix> member <vmtarget> ; # coursier/Artifacts$$Lambda+0x00000236823c9640
instanceKlass  @bci coursier/Artifacts$ reorder$1 (Lscala/collection/immutable/Seq;Lscala/collection/immutable/Seq;)Lscala/collection/immutable/Seq; 23 <appendix> member <vmtarget> ; # coursier/Artifacts$$$Lambda+0x00000236823c9270
instanceKlass scala/collection/mutable/MutationTracker$
instanceKlass  @bci scala/collection/mutable/ListBuffer iterator ()Lscala/collection/Iterator; 12 <appendix> member <vmtarget> ; # scala/collection/mutable/ListBuffer$$Lambda+0x00000236823c8d88
instanceKlass  @bci coursier/Artifacts$ noFiles$1 (Lscala/collection/mutable/ListBuffer;)Lscala/collection/mutable/ListBuffer; 1 <appendix> argL0 ; # coursier/Artifacts$$$Lambda+0x00000236823c8000
instanceKlass  @bci coursier/Artifacts$ result$1 (ZLscala/collection/mutable/ListBuffer;Lscala/collection/mutable/ListBuffer;Lscala/collection/immutable/Seq;)Lscala/collection/immutable/Seq; 4 <appendix> argL0 ; # coursier/Artifacts$$$Lambda+0x00000236823c7bc0
instanceKlass  @bci coursier/Artifacts$ $anonfun$fetchArtifacts$9 (Lscala/collection/immutable/Seq;Lcoursier/util/Sync;Lscala/collection/immutable/Seq;Lscala/collection/immutable/Seq;)Ljava/lang/Object; 34 <appendix> member <vmtarget> ; # coursier/Artifacts$$$Lambda+0x00000236823c77f0
instanceKlass  @bci coursier/cache/FileCache $anonfun$file$3 (Lcoursier/cache/FileCache;Lcoursier/util/EitherT;Lcoursier/util/EitherT;)Lcoursier/util/EitherT; 2 <appendix> member <vmtarget> ; # coursier/cache/FileCache$$Lambda+0x00000236823c7530
instanceKlass  @bci coursier/cache/FileCache $anonfun$file$1 (Lcoursier/cache/FileCache;Lcoursier/util/Artifact;ILscala/runtime/BoxedUnit;)Lcoursier/util/EitherT; 47 <appendix> member <vmtarget> ; # coursier/cache/FileCache$$Lambda+0x00000236823c6f80
instanceKlass  @bci coursier/cache/FileCache $anonfun$file$1 (Lcoursier/cache/FileCache;Lcoursier/util/Artifact;ILscala/runtime/BoxedUnit;)Lcoursier/util/EitherT; 15 <appendix> member <vmtarget> ; # coursier/cache/FileCache$$Lambda+0x00000236823c6bb0
instanceKlass  @bci coursier/Artifacts$ $anonfun$fetchArtifacts$7 (Ljava/lang/Object;Lcoursier/util/Sync;Lscala/collection/immutable/Seq;)Ljava/lang/Object; 9 <appendix> member <vmtarget> ; # coursier/Artifacts$$$Lambda+0x00000236823c67e0
instanceKlass  @bci coursier/Fetch $anonfun$ioResult$1 (Lcoursier/Fetch;Lcoursier/core/Resolution;)Ljava/lang/Object; 18 <appendix> member <vmtarget> ; # coursier/Fetch$$Lambda+0x00000236823c6410
instanceKlass  @bci coursier/Artifacts ioResult ()Ljava/lang/Object; 193 <appendix> member <vmtarget> ; # coursier/Artifacts$$Lambda+0x00000236823c6040
instanceKlass coursier/Artifacts$Result
instanceKlass  @bci coursier/Artifacts$ fetchArtifacts (Lscala/collection/immutable/Seq;Lcoursier/cache/Cache;Lscala/collection/immutable/Seq;Lcoursier/util/Sync;)Ljava/lang/Object; 159 <appendix> member <vmtarget> ; # coursier/Artifacts$$$Lambda+0x00000236823c59f8
instanceKlass  @bci coursier/Artifacts$ $anonfun$fetchArtifacts$6 (Lcoursier/util/Sync;Ljava/lang/Object;Ljava/lang/Object;)Ljava/lang/Object; 10 <appendix> member <vmtarget> ; # coursier/Artifacts$$$Lambda+0x00000236823c5628
instanceKlass  @bci coursier/Artifacts$ fetchArtifacts (Lscala/collection/immutable/Seq;Lcoursier/cache/Cache;Lscala/collection/immutable/Seq;Lcoursier/util/Sync;)Ljava/lang/Object; 47 <appendix> member <vmtarget> ; # coursier/Artifacts$$$Lambda+0x00000236823c5078
instanceKlass  @bci coursier/Artifacts$ $anonfun$fetchArtifacts$4 (Lcoursier/cache/Cache;Lcoursier/util/Sync;Lcoursier/util/Artifact;)Ljava/lang/Object; 31 <appendix> member <vmtarget> ; # coursier/Artifacts$$$Lambda+0x00000236823c4ca8
instanceKlass  @bci coursier/cache/FileCache file (Lcoursier/util/Artifact;I)Lcoursier/util/EitherT; 7 <appendix> member <vmtarget> ; # coursier/cache/FileCache$$Lambda+0x00000236823c48d8
instanceKlass  @bci coursier/cache/FileCache ensureLoggerIsInitialized ()Lcoursier/util/EitherT; 9 <appendix> member <vmtarget> ; # coursier/cache/FileCache$$Lambda+0x00000236823c4618
instanceKlass  @bci coursier/Artifacts$ $anonfun$fetchArtifacts$3 (Lcoursier/cache/Cache;Lcoursier/util/Sync;Lscala/collection/immutable/Seq;)Ljava/lang/Object; 3 <appendix> member <vmtarget> ; # coursier/Artifacts$$$Lambda+0x00000236823c4248
instanceKlass  @bci coursier/Artifacts$ fetchArtifacts (Lscala/collection/immutable/Seq;Lcoursier/cache/Cache;Lscala/collection/immutable/Seq;Lcoursier/util/Sync;)Ljava/lang/Object; 12 <appendix> member <vmtarget> ; # coursier/Artifacts$$$Lambda+0x00000236823c3e78
instanceKlass  @bci coursier/Artifacts$ groupArtifacts (Lscala/collection/immutable/Seq;)Lscala/collection/immutable/Seq; 73 <appendix> argL0 ; # coursier/Artifacts$$$Lambda+0x00000236823c3ab0
instanceKlass  @bci coursier/Artifacts$ groupArtifacts (Lscala/collection/immutable/Seq;)Lscala/collection/immutable/Seq; 59 <appendix> argL0 ; # coursier/Artifacts$$$Lambda+0x00000236823c36e8
instanceKlass  @bci coursier/Artifacts$ $anonfun$groupArtifacts$4 (Lscala/collection/immutable/Vector;)Lscala/collection/immutable/Vector; 1 <appendix> argL0 ; # coursier/Artifacts$$$Lambda+0x00000236823c3320
instanceKlass  @bci coursier/Artifacts$ groupArtifacts (Lscala/collection/immutable/Seq;)Lscala/collection/immutable/Seq; 44 <appendix> argL0 ; # coursier/Artifacts$$$Lambda+0x00000236823c2f58
instanceKlass  @bci coursier/Artifacts$ groupArtifacts (Lscala/collection/immutable/Seq;)Lscala/collection/immutable/Seq; 31 <appendix> argL0 ; # coursier/Artifacts$$$Lambda+0x00000236823c2b90
instanceKlass  @bci coursier/Artifacts$ groupArtifacts (Lscala/collection/immutable/Seq;)Lscala/collection/immutable/Seq; 16 <appendix> argL0 ; # coursier/Artifacts$$$Lambda+0x00000236823c27c8
instanceKlass  @bci coursier/Artifacts$ groupArtifacts (Lscala/collection/immutable/Seq;)Lscala/collection/immutable/Seq; 1 <appendix> argL0 ; # coursier/Artifacts$$$Lambda+0x00000236823c2400
instanceKlass  @bci coursier/Artifacts $anonfun$extraArtifacts$1 (Lcoursier/Artifacts;Lscala/collection/immutable/Seq;)Lscala/collection/immutable/Seq; 5 <appendix> member <vmtarget> ; # coursier/Artifacts$$Lambda+0x00000236823c2030
instanceKlass  @bci coursier/Artifacts extraArtifacts ()Lscala/Function1; 1 <appendix> member <vmtarget> ; # coursier/Artifacts$$Lambda+0x00000236823c1c60
instanceKlass  @bci coursier/Artifacts ioResult ()Ljava/lang/Object; 112 <appendix> argL0 ; # coursier/Artifacts$$Lambda+0x00000236823c1898
instanceKlass  @bci coursier/Artifacts $anonfun$ioResult$7 (Lscala/collection/immutable/Seq;)Lscala/collection/immutable/Seq; 1 <appendix> argL0 ; # coursier/Artifacts$$Lambda+0x00000236823c14d0
instanceKlass  @bci coursier/Artifacts ioResult ()Ljava/lang/Object; 87 <appendix> argL0 ; # coursier/Artifacts$$Lambda+0x00000236823c1108
instanceKlass scala/Tuple6
instanceKlass scala/Product6
instanceKlass  @bci coursier/Artifacts ioResult ()Ljava/lang/Object; 72 <appendix> argL0 ; # coursier/Artifacts$$Lambda+0x00000236823c0d40
instanceKlass  @bci coursier/Artifacts ioResult ()Ljava/lang/Object; 59 <appendix> argL0 ; # coursier/Artifacts$$Lambda+0x00000236823c0978
instanceKlass  @bci scala/Function$ $anonfun$chain$1 (Lscala/collection/Seq;Ljava/lang/Object;)Ljava/lang/Object; 2 <appendix> argL0 ; # scala/Function$$$Lambda+0x00000236823c03d0
instanceKlass  @bci coursier/Artifacts$ artifacts0 (Lcoursier/core/Resolution;Lscala/collection/immutable/Set;Lscala/collection/immutable/Seq;Lscala/Option;Lscala/Option;Z)Lscala/collection/immutable/Seq; 210 <appendix> member <vmtarget> ; # coursier/Artifacts$$$Lambda+0x00000236823c0000
instanceKlass  @bci coursier/Artifacts$ artifacts0 (Lcoursier/core/Resolution;Lscala/collection/immutable/Set;Lscala/collection/immutable/Seq;Lscala/Option;Lscala/Option;Z)Lscala/collection/immutable/Seq; 165 <appendix> argL0 ; # coursier/Artifacts$$$Lambda+0x00000236823bfa90
instanceKlass  @bci coursier/core/Resolution $anonfun$dependencyArtifacts0$5 (Lcoursier/core/Dependency;Lscala/Option;Lscala/Tuple2;)Lscala/collection/IterableOnce; 156 <appendix> member <vmtarget> ; # coursier/core/Resolution$$Lambda+0x00000236823bf6c0
instanceKlass  @bci coursier/core/Resolution $anonfun$dependencyArtifacts0$5 (Lcoursier/core/Dependency;Lscala/Option;Lscala/Tuple2;)Lscala/collection/IterableOnce; 145 <appendix> argL0 ; # coursier/core/Resolution$$Lambda+0x00000236823bf2f8
instanceKlass  @bci coursier/core/Resolution $anonfun$dependencyArtifacts0$5 (Lcoursier/core/Dependency;Lscala/Option;Lscala/Tuple2;)Lscala/collection/IterableOnce; 122 <appendix> argL0 ; # coursier/core/Resolution$$Lambda+0x00000236823bef30
instanceKlass  @bci coursier/maven/MavenRepositoryInternal artifacts0 (Lcoursier/core/Dependency;Lcoursier/core/Project;ZLscala/Option;)Lscala/collection/immutable/Seq; 116 <appendix> member <vmtarget> ; # coursier/maven/MavenRepositoryInternal$$Lambda+0x00000236823beb60
instanceKlass  @bci coursier/maven/MavenRepositoryInternal defaultPublications$lzycompute$1 (Lscala/runtime/LazyRef;Lcoursier/core/Dependency;Lcoursier/core/Project;ZLscala/collection/immutable/Map;)Lscala/collection/immutable/Seq; 404 <appendix> member <vmtarget> ; # coursier/maven/MavenRepositoryInternal$$Lambda+0x00000236823be790
instanceKlass  @bci coursier/maven/MavenRepositoryInternal defaultPublications$lzycompute$1 (Lscala/runtime/LazyRef;Lcoursier/core/Dependency;Lcoursier/core/Project;ZLscala/collection/immutable/Map;)Lscala/collection/immutable/Seq; 381 <appendix> argL0 ; # coursier/maven/MavenRepositoryInternal$$Lambda+0x00000236823be3c8
instanceKlass  @bci coursier/maven/MavenRepositoryInternal $anonfun$artifacts0$14 (Lscala/collection/immutable/Seq;)Z 14 <appendix> argL0 ; # coursier/maven/MavenRepositoryInternal$$Lambda+0x00000236823be000
instanceKlass  @bci coursier/maven/MavenRepositoryInternal $anonfun$artifacts0$14 (Lscala/collection/immutable/Seq;)Z 1 <appendix> argL0 ; # coursier/maven/MavenRepositoryInternal$$Lambda+0x00000236823bb908
instanceKlass  @bci coursier/maven/MavenRepositoryInternal defaultPublications$lzycompute$1 (Lscala/runtime/LazyRef;Lcoursier/core/Dependency;Lcoursier/core/Project;ZLscala/collection/immutable/Map;)Lscala/collection/immutable/Seq; 351 <appendix> argL0 ; # coursier/maven/MavenRepositoryInternal$$Lambda+0x00000236823bb540
instanceKlass  @bci coursier/maven/MavenRepositoryInternal defaultPublications$lzycompute$1 (Lscala/runtime/LazyRef;Lcoursier/core/Dependency;Lcoursier/core/Project;ZLscala/collection/immutable/Map;)Lscala/collection/immutable/Seq; 336 <appendix> argL0 ; # coursier/maven/MavenRepositoryInternal$$Lambda+0x00000236823bb178
instanceKlass  @bci coursier/maven/MavenRepositoryInternal defaultPublications$lzycompute$1 (Lscala/runtime/LazyRef;Lcoursier/core/Dependency;Lcoursier/core/Project;ZLscala/collection/immutable/Map;)Lscala/collection/immutable/Seq; 306 <appendix> argL0 ; # coursier/maven/MavenRepositoryInternal$$Lambda+0x00000236823badb0
instanceKlass  @bci coursier/maven/MavenRepositoryInternal $anonfun$artifacts0$9 (Lcoursier/core/Dependency;Lscala/collection/immutable/Map;Ljava/lang/String;Lscala/Tuple2;)Lscala/Tuple2; 142 <appendix> member <vmtarget> ; # coursier/maven/MavenRepositoryInternal$$Lambda+0x00000236823baaf0
instanceKlass  @bci coursier/maven/MavenRepositoryInternal defaultPublications$lzycompute$1 (Lscala/runtime/LazyRef;Lcoursier/core/Dependency;Lcoursier/core/Project;ZLscala/collection/immutable/Map;)Lscala/collection/immutable/Seq; 286 <appendix> member <vmtarget> ; # coursier/maven/MavenRepositoryInternal$$Lambda+0x00000236823ba720
instanceKlass  @bci coursier/maven/MavenRepositoryInternal defaultPublications$lzycompute$1 (Lscala/runtime/LazyRef;Lcoursier/core/Dependency;Lcoursier/core/Project;ZLscala/collection/immutable/Map;)Lscala/collection/immutable/Seq; 70 <appendix> member <vmtarget> ; # coursier/maven/MavenRepositoryInternal$$Lambda+0x00000236823ba350
instanceKlass  @bci coursier/maven/MavenRepositoryInternal defaultPublications$lzycompute$1 (Lscala/runtime/LazyRef;Lcoursier/core/Dependency;Lcoursier/core/Project;ZLscala/collection/immutable/Map;)Lscala/collection/immutable/Seq; 60 <appendix> member <vmtarget> ; # coursier/maven/MavenRepositoryInternal$$Lambda+0x00000236823b9f80
instanceKlass  @bci coursier/maven/MavenRepositoryInternal artifacts0 (Lcoursier/core/Dependency;Lcoursier/core/Project;ZLscala/Option;)Lscala/collection/immutable/Seq; 100 <adapter> ; # java/lang/invoke/LambdaForm$MH+0x00000236823bdc00
# instanceKlass java/lang/invoke/LambdaForm$DMH+0x00000236823bd800
instanceKlass  @bci coursier/maven/MavenRepositoryInternal artifacts0 (Lcoursier/core/Dependency;Lcoursier/core/Project;ZLscala/Option;)Lscala/collection/immutable/Seq; 100 <appendix> form vmentry <vmtarget> ; # java/lang/invoke/LambdaForm$DMH+0x00000236823bd400
instanceKlass  @bci coursier/maven/MavenRepositoryInternal artifacts0 (Lcoursier/core/Dependency;Lcoursier/core/Project;ZLscala/Option;)Lscala/collection/immutable/Seq; 100 <appendix> member <vmtarget> ; # coursier/maven/MavenRepositoryInternal$$Lambda+0x00000236823b9bb0
instanceKlass  @cpi coursier/maven/MavenRepositoryInternal 810 form vmentry <vmtarget> ; # java/lang/invoke/LambdaForm$DMH+0x00000236823bd000
instanceKlass  @bci coursier/maven/MavenRepositoryInternal artifacts0 (Lcoursier/core/Dependency;Lcoursier/core/Project;ZLscala/Option;)Lscala/collection/immutable/Seq; 88 <adapter> ; # java/lang/invoke/LambdaForm$MH+0x00000236823bcc00
instanceKlass  @cpi org/flywaydb/core/internal/database/base/BaseDatabaseType 276 form vmentry <vmtarget> ; # java/lang/invoke/LambdaForm$DMH+0x00000236823bc800
instanceKlass  @bci coursier/maven/MavenRepositoryInternal artifacts0 (Lcoursier/core/Dependency;Lcoursier/core/Project;ZLscala/Option;)Lscala/collection/immutable/Seq; 88 <appendix> form vmentry <vmtarget> ; # java/lang/invoke/LambdaForm$DMH+0x00000236823bc400
instanceKlass  @bci coursier/maven/MavenRepositoryInternal artifacts0 (Lcoursier/core/Dependency;Lcoursier/core/Project;ZLscala/Option;)Lscala/collection/immutable/Seq; 88 <appendix> member <vmtarget> ; # coursier/maven/MavenRepositoryInternal$$Lambda+0x00000236823b98f0
instanceKlass  @cpi coursier/maven/MavenRepositoryInternal 800 form vmentry <vmtarget> ; # java/lang/invoke/LambdaForm$DMH+0x00000236823bc000
instanceKlass  @bci coursier/maven/MavenRepositoryInternal artifactOf$1 (Lcoursier/core/Publication;Lcoursier/core/Project;Lcoursier/core/Dependency;)Lcoursier/util/Artifact; 145 <appendix> member <vmtarget> ; # coursier/maven/MavenRepositoryInternal$$Lambda+0x00000236823b9610
instanceKlass  @bci coursier/maven/MavenRepositoryInternal artifactOf$1 (Lcoursier/core/Publication;Lcoursier/core/Project;Lcoursier/core/Dependency;)Lcoursier/util/Artifact; 95 <appendix> argL0 ; # coursier/maven/MavenRepositoryInternal$$Lambda+0x00000236823b9248
instanceKlass  @bci coursier/maven/MavenRepositoryInternal artifactOf$1 (Lcoursier/core/Publication;Lcoursier/core/Project;Lcoursier/core/Dependency;)Lcoursier/util/Artifact; 87 <appendix> argL0 ; # coursier/maven/MavenRepositoryInternal$$Lambda+0x00000236823b8e80
instanceKlass  @bci coursier/maven/MavenRepositoryInternal artifactOf$1 (Lcoursier/core/Publication;Lcoursier/core/Project;Lcoursier/core/Dependency;)Lcoursier/util/Artifact; 56 <appendix> member <vmtarget> ; # coursier/maven/MavenRepositoryInternal$$Lambda+0x00000236823b8bc0
instanceKlass  @bci coursier/maven/MavenRepositoryInternal artifactOf$1 (Lcoursier/core/Publication;Lcoursier/core/Project;Lcoursier/core/Dependency;)Lcoursier/util/Artifact; 5 <appendix> member <vmtarget> ; # coursier/maven/MavenRepositoryInternal$$Lambda+0x00000236823b87f0
instanceKlass coursier/core/SnapshotVersioning
instanceKlass  @bci coursier/maven/MavenAttributes$ typeExtension (Ljava/lang/String;)Ljava/lang/String; 13 <appendix> member <vmtarget> ; # coursier/maven/MavenAttributes$$$Lambda+0x00000236823b82b8
instanceKlass  @bci coursier/maven/MavenAttributes$ typeDefaultClassifier (Ljava/lang/String;)Ljava/lang/String; 5 <appendix> argL0 ; # coursier/maven/MavenAttributes$$$Lambda+0x00000236823b8000
instanceKlass coursier/maven/MavenAttributes$
instanceKlass  @bci coursier/maven/MavenRepositoryInternal artifacts0 (Lcoursier/core/Dependency;Lcoursier/core/Project;ZLscala/Option;)Lscala/collection/immutable/Seq; 16 <appendix> argL0 ; # coursier/maven/MavenRepositoryInternal$$Lambda+0x00000236823b6800
instanceKlass  @bci coursier/core/Resolution $anonfun$dependencyArtifacts0$5 (Lcoursier/core/Dependency;Lscala/Option;Lscala/Tuple2;)Lscala/collection/IterableOnce; 83 <appendix> argL0 ; # coursier/core/Resolution$$Lambda+0x00000236823b7c20
instanceKlass  @bci coursier/core/Resolution $anonfun$dependencyArtifacts0$1 (Lcoursier/core/Resolution;Lscala/Option;Lscala/Option;Lcoursier/core/Dependency;)Lscala/collection/immutable/Seq; 49 <appendix> member <vmtarget> ; # coursier/core/Resolution$$Lambda+0x00000236823b7850
instanceKlass coursier/core/Attributes
instanceKlass coursier/core/Attributes$
instanceKlass  @bci coursier/core/Resolution $anonfun$dependencyArtifacts0$1 (Lcoursier/core/Resolution;Lscala/Option;Lscala/Option;Lcoursier/core/Dependency;)Lscala/collection/immutable/Seq; 36 <appendix> member <vmtarget> ; # coursier/core/Resolution$$Lambda+0x00000236823b7000
instanceKlass  @bci coursier/core/Resolution $anonfun$dependencyArtifacts0$1 (Lcoursier/core/Resolution;Lscala/Option;Lscala/Option;Lcoursier/core/Dependency;)Lscala/collection/immutable/Seq; 24 <appendix> argL0 ; # coursier/core/Resolution$$Lambda+0x00000236823b3a88
instanceKlass  @bci coursier/core/Resolution dependencyArtifacts0 (Lscala/Option;Lscala/Option;Z)Lscala/collection/immutable/Seq; 30 <appendix> member <vmtarget> ; # coursier/core/Resolution$$Lambda+0x00000236823b36b8
instanceKlass  @bci coursier/core/DependencySet add (Lscala/collection/Iterable;)Lcoursier/core/DependencySet; 3 <appendix> member <vmtarget> ; # coursier/core/DependencySet$$Lambda+0x00000236823b32e8
instanceKlass  @bci scala/collection/immutable/LazyList $anonfun$mapImpl$1 (Lscala/collection/immutable/LazyList;Lscala/Function1;)Lscala/collection/immutable/LazyList; 61 <appendix> member <vmtarget> ; # scala/collection/immutable/LazyList$$Lambda+0x00000236823b3028
instanceKlass  @bci scala/collection/immutable/LazyList map (Lscala/Function1;)Lscala/collection/immutable/LazyList; 60 <appendix> member <vmtarget> ; # scala/collection/immutable/LazyList$$Lambda+0x00000236823b2d68
instanceKlass  @bci scala/Enumeration scala$Enumeration$$nameOf (I)Ljava/lang/String; 10 <appendix> form vmentry <vmtarget> ; # java/lang/invoke/LambdaForm$DMH+0x00000236823b6400
instanceKlass  @bci coursier/core/Resolution orderedDependencies0 (ZZ)Lscala/collection/immutable/Seq; 108 <appendix> member <vmtarget> ; # coursier/core/Resolution$$Lambda+0x00000236823b2998
instanceKlass  @cpi coursier/core/Resolution 1932 form vmentry <vmtarget> ; # java/lang/invoke/LambdaForm$DMH+0x00000236823b6000
instanceKlass  @bci scala/collection/immutable/LazyList$Deferrer$ $hash$colon$colon$extension (Lscala/Function0;Lscala/Function0;)Lscala/collection/immutable/LazyList; 6 <appendix> member <vmtarget> ; # scala/collection/immutable/LazyList$Deferrer$$$Lambda+0x00000236823b26d8
instanceKlass  @bci coursier/core/Resolution helper$4 (Lscala/collection/immutable/List;Lcoursier/core/DependencySet;Z)Lscala/collection/immutable/LazyList; 202 <appendix> member <vmtarget> ; # coursier/core/Resolution$$Lambda+0x00000236823b2418
instanceKlass  @bci coursier/core/Resolution helper$4 (Lscala/collection/immutable/List;Lcoursier/core/DependencySet;Z)Lscala/collection/immutable/LazyList; 192 <adapter> ; # java/lang/invoke/LambdaForm$MH+0x00000236823b5c00
# instanceKlass java/lang/invoke/LambdaForm$DMH+0x00000236823b5800
instanceKlass  @bci coursier/core/Resolution helper$4 (Lscala/collection/immutable/List;Lcoursier/core/DependencySet;Z)Lscala/collection/immutable/LazyList; 192 <appendix> form vmentry <vmtarget> ; # java/lang/invoke/LambdaForm$DMH+0x00000236823b5400
instanceKlass  @bci coursier/core/Resolution helper$4 (Lscala/collection/immutable/List;Lcoursier/core/DependencySet;Z)Lscala/collection/immutable/LazyList; 192 <appendix> member <vmtarget> ; # coursier/core/Resolution$$Lambda+0x00000236823b2158
instanceKlass  @cpi coursier/core/Resolution 3039 form vmentry <vmtarget> ; # java/lang/invoke/LambdaForm$DMH+0x00000236823b5000
instanceKlass scala/collection/immutable/LazyList$Deferrer$
instanceKlass  @bci coursier/core/Resolution helper$4 (Lscala/collection/immutable/List;Lcoursier/core/DependencySet;Z)Lscala/collection/immutable/LazyList; 129 <appendix> member <vmtarget> ; # coursier/core/Resolution$$Lambda+0x00000236823b1b80
instanceKlass  @bci coursier/core/Resolution helper$4 (Lscala/collection/immutable/List;Lcoursier/core/DependencySet;Z)Lscala/collection/immutable/LazyList; 113 <appendix> argL0 ; # coursier/core/Resolution$$Lambda+0x00000236823b18c8
instanceKlass  @bci coursier/core/Resolution $anonfun$dependenciesOf0$1 (Lcoursier/core/Resolution;ZZZLscala/collection/immutable/Seq;)Lscala/collection/immutable/Seq; 14 <appendix> member <vmtarget> ; # coursier/core/Resolution$$Lambda+0x00000236823b14f8
instanceKlass  @bci coursier/core/Resolution dependenciesOf0 (Lcoursier/core/Dependency;ZZZ)Lscala/util/Either; 10 <adapter> ; # java/lang/invoke/LambdaForm$MH+0x00000236823b4c00
# instanceKlass java/lang/invoke/LambdaForm$DMH+0x00000236823b4800
instanceKlass  @bci coursier/core/Resolution dependenciesOf0 (Lcoursier/core/Dependency;ZZZ)Lscala/util/Either; 10 <appendix> form vmentry <vmtarget> ; # java/lang/invoke/LambdaForm$DMH+0x00000236823b4400
instanceKlass  @bci coursier/core/Resolution dependenciesOf0 (Lcoursier/core/Dependency;ZZZ)Lscala/util/Either; 10 <appendix> member <vmtarget> ; # coursier/core/Resolution$$Lambda+0x00000236823b1128
instanceKlass  @cpi coursier/core/Resolution 1036 form vmentry <vmtarget> ; # java/lang/invoke/LambdaForm$DMH+0x00000236823b4000
instanceKlass  @bci coursier/core/DependencySet$Sets covers (Ljava/lang/Object;Lscala/Function1;Lscala/Function2;)Z 56 <appendix> member <vmtarget> ; # coursier/core/DependencySet$Sets$$Lambda+0x00000236823b0d58
instanceKlass  @bci coursier/core/DependencySet$Sets covers (Ljava/lang/Object;Lscala/Function1;Lscala/Function2;)Z 44 <appendix> argL0 ; # coursier/core/DependencySet$Sets$$Lambda+0x00000236823b0990
instanceKlass  @bci coursier/core/DependencySet$Sets covers (Ljava/lang/Object;Lscala/Function1;Lscala/Function2;)Z 29 <appendix> member <vmtarget> ; # coursier/core/DependencySet$Sets$$Lambda+0x00000236823b05a8
instanceKlass  @bci coursier/core/DependencySet covers (Lcoursier/core/Dependency;)Z 31 <appendix> argL0 ; # coursier/core/DependencySet$$Lambda+0x00000236823b0000
instanceKlass  @bci coursier/core/DependencySet covers (Lcoursier/core/Dependency;)Z 26 <appendix> argL0 ; # coursier/core/DependencySet$$Lambda+0x00000236823afa70
instanceKlass  @bci coursier/core/DependencySet covers (Lcoursier/core/Dependency;)Z 10 <appendix> argL0 ; # coursier/core/DependencySet$$Lambda+0x00000236823af7b8
instanceKlass  @bci coursier/core/Resolution$ coursier$core$Resolution$$fallbackConfigIfNecessary (Lcoursier/core/Dependency;Lscala/Option;Ljava/lang/String;Lcoursier/core/VariantSelector$AttributesBased;)Lcoursier/core/Dependency; 10 <appendix> member <vmtarget> ; # coursier/core/Resolution$$$Lambda+0x00000236823af4f8
instanceKlass  @bci coursier/core/Resolution configsOf (Lcoursier/core/Dependency;)Lscala/Option; 60 <appendix> argL0 ; # coursier/core/Resolution$$Lambda+0x00000236823af240
instanceKlass  @bci coursier/core/Resolution configsOf (Lcoursier/core/Dependency;)Lscala/Option; 52 <appendix> argL0 ; # coursier/core/Resolution$$Lambda+0x00000236823aee78
instanceKlass  @bci coursier/core/Resolution configsOf (Lcoursier/core/Dependency;)Lscala/Option; 44 <appendix> argL0 ; # coursier/core/Resolution$$Lambda+0x00000236823aeab0
instanceKlass  @bci coursier/core/Resolution configsOf (Lcoursier/core/Dependency;)Lscala/Option; 9 <appendix> member <vmtarget> ; # coursier/core/Resolution$$Lambda+0x00000236823ae7f0
instanceKlass  @bci coursier/core/Resolution updated (Lcoursier/core/Dependency;ZZZZ)Lcoursier/core/Dependency; 118 <appendix> member <vmtarget> ; # coursier/core/Resolution$$Lambda+0x00000236823ae530
instanceKlass  @bci coursier/core/Resolution orderedDependencies0 (ZZ)Lscala/collection/immutable/Seq; 73 <appendix> member <vmtarget> ; # coursier/core/Resolution$$Lambda+0x00000236823ae160
instanceKlass  @bci coursier/core/Resolution orderedDependencies0 (ZZ)Lscala/collection/immutable/Seq; 59 <appendix> member <vmtarget> ; # coursier/core/Resolution$$Lambda+0x00000236823add90
instanceKlass  @bci coursier/core/Resolution$ merge0 (Lscala/collection/immutable/Seq;Lscala/collection/immutable/Map;Lscala/Option;Z)Lscala/Tuple3; 121 <appendix> member <vmtarget> ; # coursier/core/Resolution$$$Lambda+0x00000236823ad9c0
instanceKlass  @bci coursier/core/Resolution$ merge0 (Lscala/collection/immutable/Seq;Lscala/collection/immutable/Map;Lscala/Option;Z)Lscala/Tuple3; 100 <appendix> argL0 ; # coursier/core/Resolution$$$Lambda+0x00000236823ad5f8
instanceKlass  @bci coursier/Artifacts$ defaultTypes (Lscala/collection/immutable/Set;Lscala/Option;)Lscala/collection/immutable/Set; 39 <appendix> argL0 ; # coursier/Artifacts$$$Lambda+0x00000236823ac728
instanceKlass  @bci coursier/Artifacts$ defaultTypes (Lscala/collection/immutable/Set;Lscala/Option;)Lscala/collection/immutable/Set; 2 <appendix> member <vmtarget> ; # coursier/Artifacts$$$Lambda+0x00000236823ac448
instanceKlass  @bci coursier/Artifacts$ artifacts0 (Lcoursier/core/Resolution;Lscala/collection/immutable/Set;Lscala/collection/immutable/Seq;Lscala/Option;Lscala/Option;Z)Lscala/collection/immutable/Seq; 22 <appendix> member <vmtarget> ; # coursier/Artifacts$$$Lambda+0x00000236823ac188
instanceKlass  @bci coursier/Artifacts$ artifacts0 (Lcoursier/core/Resolution;Lscala/collection/immutable/Set;Lscala/collection/immutable/Seq;Lscala/Option;Lscala/Option;Z)Lscala/collection/immutable/Seq; 4 <appendix> member <vmtarget> ; # coursier/Artifacts$$$Lambda+0x00000236823abea8
instanceKlass  @bci coursier/Artifacts ioResult ()Ljava/lang/Object; 37 <appendix> member <vmtarget> ; # coursier/Artifacts$$Lambda+0x00000236823abad8
instanceKlass  @bci coursier/Artifacts ioResult ()Ljava/lang/Object; 25 <appendix> member <vmtarget> ; # coursier/Artifacts$$Lambda+0x00000236823ab708
instanceKlass  @bci scala/Function$ chain (Lscala/collection/Seq;)Lscala/Function1; 1 <appendix> member <vmtarget> ; # scala/Function$$$Lambda+0x00000236823ab338
instanceKlass scala/Function$
instanceKlass  @bci coursier/Resolve $anonfun$ioWithConflicts0$11 (Lcoursier/Resolve;Lscala/Tuple2;)Ljava/lang/Object; 67 <appendix> member <vmtarget> ; # coursier/Resolve$$Lambda+0x00000236823aad60
instanceKlass  @bci coursier/Resolve $anonfun$ioWithConflicts0$9 (Lcoursier/Resolve;Lscala/Function1;Lcoursier/core/Resolution;)Ljava/lang/Object; 44 <appendix> member <vmtarget> ; # coursier/Resolve$$Lambda+0x00000236823aa990
instanceKlass  @bci coursier/Resolve $anonfun$ioWithConflicts0$9 (Lcoursier/Resolve;Lscala/Function1;Lcoursier/core/Resolution;)Ljava/lang/Object; 26 <appendix> argL0 ; # coursier/Resolve$$Lambda+0x00000236823aa5c8
instanceKlass  @bci coursier/Resolve $anonfun$ioWithConflicts0$8 (Lcoursier/Resolve;Lscala/Function1;Lcoursier/core/Resolution;)Ljava/lang/Object; 17 <appendix> member <vmtarget> ; # coursier/Resolve$$Lambda+0x00000236823a9d70
instanceKlass  @bci coursier/Resolve$ validate (Lcoursier/core/Resolution;Lscala/Function2;)Lcoursier/util/ValidationNel; 345 <appendix> argL0 ; # coursier/Resolve$$$Lambda+0x00000236823a99a8
instanceKlass  @bci coursier/Resolve$ validate (Lcoursier/core/Resolution;Lscala/Function2;)Lcoursier/util/ValidationNel; 46 <appendix> member <vmtarget> ; # coursier/Resolve$$$Lambda+0x00000236823a95d8
instanceKlass  @bci coursier/core/Resolution errors0 ()Lscala/collection/immutable/Seq; 10 <appendix> argL0 ; # coursier/core/Resolution$$Lambda+0x00000236823a8860
instanceKlass  @bci coursier/Resolve $anonfun$ioWithConflicts0$3 ()Lscala/Function2; 0 <appendix> argL0 ; # coursier/Resolve$$Lambda+0x00000236823a82b8
instanceKlass  @bci coursier/Resolve validate0$1 (Lcoursier/core/Resolution;)Ljava/lang/Object; 11 <appendix> argL0 ; # coursier/Resolve$$Lambda+0x00000236823a8000
instanceKlass  @bci coursier/util/Task$ $anonfun$fromEither$1 (Lscala/util/Either;Lscala/concurrent/ExecutionContext;)Lscala/concurrent/Future; 9 <appendix> argL0 ; # coursier/util/Task$$$Lambda+0x00000236823a7a78
instanceKlass  @bci coursier/util/Task$ $anonfun$fromEither$1 (Lscala/util/Either;Lscala/concurrent/ExecutionContext;)Lscala/concurrent/Future; 4 <appendix> argL0 ; # coursier/util/Task$$$Lambda+0x00000236823a76b0
instanceKlass  @bci coursier/cache/CacheLogger$Using $anonfun$apply$5 (Lcoursier/util/Sync;Lscala/util/Either;Lscala/runtime/BoxedUnit;)Ljava/lang/Object; 17 <appendix> argL0 ; # coursier/cache/CacheLogger$Using$$Lambda+0x00000236823a72e8
instanceKlass  @bci coursier/util/Task$ fromEither (Lscala/util/Either;)Lscala/Function1; 1 <appendix> member <vmtarget> ; # coursier/util/Task$$$Lambda+0x00000236823a6f18
instanceKlass  @bci coursier/cache/CacheLogger$Using $anonfun$apply$3 (Lcoursier/cache/CacheLogger$Using;Lcoursier/util/Sync;Lscala/util/Either;)Ljava/lang/Object; 21 <appendix> member <vmtarget> ; # coursier/cache/CacheLogger$Using$$Lambda+0x00000236823a6b48
instanceKlass  @bci coursier/cache/CacheLogger$Using $anonfun$apply$3 (Lcoursier/cache/CacheLogger$Using;Lcoursier/util/Sync;Lscala/util/Either;)Ljava/lang/Object; 5 <appendix> member <vmtarget> ; # coursier/cache/CacheLogger$Using$$Lambda+0x00000236823a6868
instanceKlass coursier/core/Done$
instanceKlass  @bci coursier/core/Resolution $anonfun$transitiveDependenciesAndErrors$1 (Lcoursier/core/Resolution;Lcoursier/core/Dependency;)Lscala/util/Either; 9 <appendix> member <vmtarget> ; # coursier/core/Resolution$$Lambda+0x00000236823a6290
instanceKlass  @bci coursier/core/DependencySet$Sets forceAdd (Ljava/lang/Object;Lscala/Function1;Lscala/Function2;)Lcoursier/core/DependencySet$Sets; 99 <appendix> argL0 ; # coursier/core/DependencySet$Sets$$Lambda+0x00000236823a5fd8
instanceKlass  @bci coursier/core/DependencySet$Sets forceAdd (Ljava/lang/Object;Lscala/Function1;Lscala/Function2;)Lcoursier/core/DependencySet$Sets; 48 <appendix> member <vmtarget> ; # coursier/core/DependencySet$Sets$$Lambda+0x00000236823a5c08
instanceKlass  @bci coursier/core/DependencySet$Sets forceAdd (Ljava/lang/Object;Lscala/Function1;Lscala/Function2;)Lcoursier/core/DependencySet$Sets; 36 <appendix> argL0 ; # coursier/core/DependencySet$Sets$$Lambda+0x00000236823a5840
instanceKlass  @bci coursier/core/DependencySet$Sets forceAdd (Ljava/lang/Object;Lscala/Function1;Lscala/Function2;)Lcoursier/core/DependencySet$Sets; 21 <appendix> member <vmtarget> ; # coursier/core/DependencySet$Sets$$Lambda+0x00000236823a5458
instanceKlass  @bci coursier/core/DependencySet $anonfun$addNoCheck$1 (Lscala/runtime/ObjectRef;Lcoursier/core/Dependency;)V 61 <appendix> argL0 ; # coursier/core/DependencySet$$Lambda+0x0000023682399a48
instanceKlass  @bci coursier/core/DependencySet $anonfun$addNoCheck$1 (Lscala/runtime/ObjectRef;Lcoursier/core/Dependency;)V 56 <appendix> argL0 ; # coursier/core/DependencySet$$Lambda+0x0000023682399680
instanceKlass coursier/core/DependencySet$Sets
instanceKlass scala/collection/generic/BitOperations$Int
instanceKlass scala/collection/immutable/IntMap$
instanceKlass coursier/core/DependencySet$Sets$
instanceKlass  @bci coursier/core/DependencySet addNoCheck (Lscala/collection/Iterable;)Lcoursier/core/DependencySet; 21 <appendix> member <vmtarget> ; # coursier/core/DependencySet$$Lambda+0x000002368239b9d0
instanceKlass  @bci scala/collection/immutable/SetOps removedAll (Lscala/collection/IterableOnce;)Lscala/collection/immutable/SetOps; 12 <appendix> argL0 ; # scala/collection/immutable/SetOps$$Lambda+0x000002368239b428
instanceKlass  @bci coursier/core/Resolution newDependencies$lzycompute ()Lscala/collection/immutable/Set; 33 <appendix> member <vmtarget> ; # coursier/core/Resolution$$Lambda+0x000002368239b058
instanceKlass  @bci coursier/core/Resolution helper$2 (Lscala/collection/immutable/Map;Lscala/collection/immutable/Set;)Lscala/collection/immutable/Map; 2 <appendix> member <vmtarget> ; # coursier/core/Resolution$$Lambda+0x000002368239fac0
instanceKlass  @bci scala/collection/MapView$FilterKeys iterator ()Lscala/collection/Iterator; 10 <appendix> member <vmtarget> ; # scala/collection/MapView$FilterKeys$$Lambda+0x000002368239f6f0
instanceKlass  @bci coursier/core/Resolution reverseDependencies$lzycompute ()Lscala/collection/immutable/Map; 161 <appendix> argL0 ; # coursier/core/Resolution$$Lambda+0x000002368239f328
instanceKlass  @bci coursier/core/Resolution reverseDependencies$lzycompute ()Lscala/collection/immutable/Map; 146 <appendix> argL0 ; # coursier/core/Resolution$$Lambda+0x000002368239ef60
instanceKlass  @bci coursier/core/Resolution reverseDependencies$lzycompute ()Lscala/collection/immutable/Map; 124 <appendix> argL0 ; # coursier/core/Resolution$$Lambda+0x000002368239eb98
instanceKlass  @bci coursier/core/Resolution $anonfun$reverseDependencies$1 (Lcoursier/core/Resolution;Lcoursier/core/Dependency;)Lscala/collection/immutable/Seq; 20 <appendix> member <vmtarget> ; # coursier/core/Resolution$$Lambda+0x000002368239e7c8
instanceKlass  @bci coursier/core/Resolution $anonfun$reverseDependencies$1 (Lcoursier/core/Resolution;Lcoursier/core/Dependency;)Lscala/collection/immutable/Seq; 8 <appendix> argL0 ; # coursier/core/Resolution$$Lambda+0x000002368239e510
instanceKlass  @bci coursier/core/Resolution finalDependencies0 (Lcoursier/core/Dependency;)Lscala/util/Either; 146 <appendix> member <vmtarget> ; # coursier/core/Resolution$$Lambda+0x000002368239e140
instanceKlass  @bci coursier/core/Resolution $anonfun$finalDependencies0$7 (Lcoursier/core/Resolution;Lscala/collection/immutable/Seq;)Lscala/collection/immutable/Seq; 11 <appendix> member <vmtarget> ; # coursier/core/Resolution$$Lambda+0x000002368239dd70
instanceKlass  @bci coursier/core/Resolution $anonfun$finalDependencies0$7 (Lcoursier/core/Resolution;Lscala/collection/immutable/Seq;)Lscala/collection/immutable/Seq; 5 <appendix> member <vmtarget> ; # coursier/core/Resolution$$Lambda+0x000002368239dab0
instanceKlass  @bci coursier/core/Resolution finalDependencies0 (Lcoursier/core/Dependency;)Lscala/util/Either; 132 <appendix> member <vmtarget> ; # coursier/core/Resolution$$Lambda+0x000002368239d6e0
instanceKlass  @bci coursier/core/Resolution $anonfun$finalDependencies0$4 (Lcoursier/core/Resolution;Lscala/collection/immutable/Seq;)Lscala/collection/immutable/Seq; 5 <appendix> argL0 ; # coursier/core/Resolution$$Lambda+0x0000023682397c80
instanceKlass  @bci coursier/core/Resolution finalDependencies0 (Lcoursier/core/Dependency;)Lscala/util/Either; 123 <appendix> member <vmtarget> ; # coursier/core/Resolution$$Lambda+0x000002368239d310
instanceKlass  @bci coursier/core/Resolution$ $anonfun$finalDependencies$12 (Lscala/collection/immutable/Seq;Lcoursier/core/Dependency;Lscala/Option;Ljava/lang/String;Lscala/util/Either;)Lscala/collection/immutable/Seq; 6 <appendix> member <vmtarget> ; # coursier/core/Resolution$$$Lambda+0x000002368239cf40
instanceKlass  @bci coursier/core/Resolution$ coursier$core$Resolution$$finalDependencies (Lcoursier/core/Dependency;Lcoursier/core/Project;Ljava/lang/String;Lcoursier/core/VariantSelector$AttributesBased;Lscala/Function1;ZZZ)Lscala/util/Either; 629 <appendix> member <vmtarget> ; # coursier/core/Resolution$$$Lambda+0x000002368239cb70
instanceKlass  @bci coursier/core/Resolution$ withExclusions0 (Lscala/collection/immutable/Seq;Lscala/collection/immutable/Set;)Lscala/collection/immutable/Seq; 24 <appendix> member <vmtarget> ; # coursier/core/Resolution$$$Lambda+0x000002368239c7a0
instanceKlass  @bci coursier/core/Resolution$ withExclusions0 (Lscala/collection/immutable/Seq;Lscala/collection/immutable/Set;)Lscala/collection/immutable/Seq; 10 <appendix> member <vmtarget> ; # coursier/core/Resolution$$$Lambda+0x000002368239c3d0
instanceKlass  @bci coursier/core/Resolution$ depsWithDependencyManagement0 (Lscala/collection/immutable/Seq;Lscala/collection/immutable/Map;Lscala/Option;Lcoursier/core/Overrides;ZLscala/Function1;)Lscala/collection/immutable/Seq; 64 <adapter> ; # java/lang/invoke/LambdaForm$MH+0x0000023682398c00
# instanceKlass java/lang/invoke/LambdaForm$DMH+0x0000023682398800
instanceKlass  @bci coursier/core/Resolution$ depsWithDependencyManagement0 (Lscala/collection/immutable/Seq;Lscala/collection/immutable/Map;Lscala/Option;Lcoursier/core/Overrides;ZLscala/Function1;)Lscala/collection/immutable/Seq; 64 <appendix> form vmentry <vmtarget> ; # java/lang/invoke/LambdaForm$DMH+0x0000023682398400
instanceKlass  @bci coursier/core/Resolution$ depsWithDependencyManagement0 (Lscala/collection/immutable/Seq;Lscala/collection/immutable/Map;Lscala/Option;Lcoursier/core/Overrides;ZLscala/Function1;)Lscala/collection/immutable/Seq; 64 <appendix> member <vmtarget> ; # coursier/core/Resolution$$$Lambda+0x000002368239c000
instanceKlass  @cpi coursier/core/Resolution$ 1033 form vmentry <vmtarget> ; # java/lang/invoke/LambdaForm$DMH+0x0000023682398000
instanceKlass  @bci coursier/core/Overrides$Impl hasProperties$lzycompute ()Z 20 <appendix> argL0 ; # coursier/core/Overrides$Impl$$Lambda+0x00000236823978b8
instanceKlass  @bci coursier/core/Resolution$ depsWithDependencyManagement0 (Lscala/collection/immutable/Seq;Lscala/collection/immutable/Map;Lscala/Option;Lcoursier/core/Overrides;ZLscala/Function1;)Lscala/collection/immutable/Seq; 28 <appendix> member <vmtarget> ; # coursier/core/Resolution$$$Lambda+0x00000236823974e8
instanceKlass  @bci coursier/core/Resolution$ coursier$core$Resolution$$finalDependencies (Lcoursier/core/Dependency;Lcoursier/core/Project;Ljava/lang/String;Lcoursier/core/VariantSelector$AttributesBased;Lscala/Function1;ZZZ)Lscala/util/Either; 560 <appendix> member <vmtarget> ; # coursier/core/Resolution$$$Lambda+0x0000023682397118
instanceKlass  @bci coursier/core/Resolution$ coursier$core$Resolution$$finalDependencies (Lcoursier/core/Dependency;Lcoursier/core/Project;Ljava/lang/String;Lcoursier/core/VariantSelector$AttributesBased;Lscala/Function1;ZZZ)Lscala/util/Either; 484 <appendix> member <vmtarget> ; # coursier/core/Resolution$$$Lambda+0x0000023682396e58
instanceKlass  @bci coursier/core/Resolution$ coursier$core$Resolution$$finalDependencies (Lcoursier/core/Dependency;Lcoursier/core/Project;Ljava/lang/String;Lcoursier/core/VariantSelector$AttributesBased;Lscala/Function1;ZZZ)Lscala/util/Either; 392 <appendix> member <vmtarget> ; # coursier/core/Resolution$$$Lambda+0x0000023682396a88
instanceKlass  @bci coursier/core/Orders$ helper$1 (Lscala/collection/immutable/Set;Lscala/collection/immutable/Set;Lscala/collection/immutable/Map;)Lscala/collection/immutable/Set; 39 <appendix> member <vmtarget> ; # coursier/core/Orders$$$Lambda+0x00000236823966b8
instanceKlass  @bci coursier/core/Orders$ allConfigurations0 (Lscala/collection/immutable/Map;)Lscala/collection/immutable/Map; 13 <appendix> member <vmtarget> ; # coursier/core/Orders$$$Lambda+0x00000236823962e8
instanceKlass coursier/core/Orders$$anon$3
instanceKlass coursier/core/Orders$$anon$2
instanceKlass coursier/core/Orders$PartialOrdering
instanceKlass coursier/core/Orders$
instanceKlass  @bci coursier/core/Resolution$ helper$1 (Lscala/collection/immutable/Set;Lscala/collection/immutable/Set;Lscala/collection/immutable/Map;)Lscala/collection/immutable/Set; 39 <appendix> member <vmtarget> ; # coursier/core/Resolution$$$Lambda+0x0000023682394c10
instanceKlass  @bci coursier/core/Resolution$ coursier$core$Resolution$$finalDependencies (Lcoursier/core/Dependency;Lcoursier/core/Project;Ljava/lang/String;Lcoursier/core/VariantSelector$AttributesBased;Lscala/Function1;ZZZ)Lscala/util/Either; 252 <appendix> member <vmtarget> ; # coursier/core/Resolution$$$Lambda+0x0000023682394840
instanceKlass scala/util/matching/Regex$Match
instanceKlass scala/util/matching/Regex$Replacement
instanceKlass scala/util/matching/Regex$MatchData
instanceKlass coursier/core/Parse$
instanceKlass  @bci coursier/core/Resolution$ coursier$core$Resolution$$finalDependencies (Lcoursier/core/Dependency;Lcoursier/core/Project;Ljava/lang/String;Lcoursier/core/VariantSelector$AttributesBased;Lscala/Function1;ZZZ)Lscala/util/Either; 10 <appendix> argL0 ; # coursier/core/Resolution$$$Lambda+0x0000023682391e68
instanceKlass  @bci coursier/core/Resolution finalDependencies0 (Lcoursier/core/Dependency;)Lscala/util/Either; 102 <appendix> member <vmtarget> ; # coursier/core/Resolution$$Lambda+0x0000023682391a98
instanceKlass  @bci coursier/core/Resolution finalDependencies0 (Lcoursier/core/Dependency;)Lscala/util/Either; 14 <appendix> member <vmtarget> ; # coursier/core/Resolution$$Lambda+0x000002368238fd00
instanceKlass  @bci coursier/core/Resolution reverseDependencies$lzycompute ()Lscala/collection/immutable/Map; 97 <appendix> member <vmtarget> ; # coursier/core/Resolution$$Lambda+0x00000236823916c8
instanceKlass  @bci coursier/core/Resolution remainingDependencies$lzycompute ()Lscala/collection/immutable/Set; 21 <appendix> argL0 ; # coursier/core/Resolution$$Lambda+0x0000023682391300
instanceKlass coursier/core/Continue$
instanceKlass  @bci coursier/core/Resolution withDependencyManagement (Lcoursier/core/Project;)Lcoursier/core/Project; 856 <appendix> argL0 ; # coursier/core/Resolution$$Lambda+0x0000023682390f38
instanceKlass  @bci coursier/core/Resolution withDependencyManagement (Lcoursier/core/Project;)Lcoursier/core/Project; 819 <appendix> member <vmtarget> ; # coursier/core/Resolution$$Lambda+0x0000023682390b68
instanceKlass  @bci coursier/core/Resolution withDependencyManagement (Lcoursier/core/Project;)Lcoursier/core/Project; 802 <appendix> member <vmtarget> ; # coursier/core/Resolution$$Lambda+0x0000023682390798
instanceKlass  @bci coursier/core/Resolution withDependencyManagement (Lcoursier/core/Project;)Lcoursier/core/Project; 793 <appendix> argL0 ; # coursier/core/Resolution$$Lambda+0x00000236823903d0
instanceKlass  @bci coursier/core/Resolution $anonfun$withDependencyManagement$26 (Lscala/collection/immutable/Map;Ljava/lang/String;)Ljava/lang/String; 5 <appendix> member <vmtarget> ; # coursier/core/Resolution$$Lambda+0x0000023682390000
instanceKlass  @bci coursier/core/Resolution withDependencyManagement (Lcoursier/core/Project;)Lcoursier/core/Project; 747 <appendix> member <vmtarget> ; # coursier/core/Resolution$$Lambda+0x000002368238f930
instanceKlass  @bci coursier/core/Resolution withDependencyManagement (Lcoursier/core/Project;)Lcoursier/core/Project; 712 <appendix> argL0 ; # coursier/core/Resolution$$Lambda+0x000002368238f568
instanceKlass  @bci coursier/core/Resolution withDependencyManagement (Lcoursier/core/Project;)Lcoursier/core/Project; 689 <appendix> argL0 ; # coursier/core/Resolution$$Lambda+0x000002368238f1a0
instanceKlass  @bci coursier/core/Resolution withDependencyManagement (Lcoursier/core/Project;)Lcoursier/core/Project; 667 <appendix> member <vmtarget> ; # coursier/core/Resolution$$Lambda+0x000002368238edd0
instanceKlass  @bci coursier/core/Resolution withDependencyManagement (Lcoursier/core/Project;)Lcoursier/core/Project; 653 <appendix> argL0 ; # coursier/core/Resolution$$Lambda+0x000002368238ea08
instanceKlass  @bci coursier/core/Resolution withDependencyManagement (Lcoursier/core/Project;)Lcoursier/core/Project; 630 <appendix> argL0 ; # coursier/core/Resolution$$Lambda+0x000002368238e640
instanceKlass  @bci coursier/core/Resolution withDependencyManagement (Lcoursier/core/Project;)Lcoursier/core/Project; 613 <appendix> member <vmtarget> ; # coursier/core/Resolution$$Lambda+0x000002368238e270
instanceKlass  @bci coursier/core/Resolution withDependencyManagement (Lcoursier/core/Project;)Lcoursier/core/Project; 598 <appendix> member <vmtarget> ; # coursier/core/Resolution$$Lambda+0x000002368238dea0
instanceKlass  @bci coursier/core/Resolution withDependencyManagement (Lcoursier/core/Project;)Lcoursier/core/Project; 577 <appendix> member <vmtarget> ; # coursier/core/Resolution$$Lambda+0x000002368238dad0
instanceKlass  @bci coursier/core/Resolution withDependencyManagement (Lcoursier/core/Project;)Lcoursier/core/Project; 559 <appendix> member <vmtarget> ; # coursier/core/Resolution$$Lambda+0x000002368238d700
instanceKlass  @bci coursier/core/Resolution withDependencyManagement (Lcoursier/core/Project;)Lcoursier/core/Project; 541 <appendix> member <vmtarget> ; # coursier/core/Resolution$$Lambda+0x000002368238d330
instanceKlass  @bci coursier/core/Resolution withDependencyManagement (Lcoursier/core/Project;)Lcoursier/core/Project; 523 <appendix> member <vmtarget> ; # coursier/core/Resolution$$Lambda+0x000002368238cf60
instanceKlass  @bci coursier/core/Resolution withDependencyManagement (Lcoursier/core/Project;)Lcoursier/core/Project; 505 <appendix> argL0 ; # coursier/core/Resolution$$Lambda+0x000002368238cb98
instanceKlass  @bci coursier/core/Resolution withDependencyManagement (Lcoursier/core/Project;)Lcoursier/core/Project; 475 <appendix> argL0 ; # coursier/core/Resolution$$Lambda+0x000002368238c7d0
instanceKlass  @bci coursier/core/Resolution withDependencyManagement (Lcoursier/core/Project;)Lcoursier/core/Project; 452 <appendix> member <vmtarget> ; # coursier/core/Resolution$$Lambda+0x000002368238c400
instanceKlass  @bci coursier/core/Resolution withDependencyManagement (Lcoursier/core/Project;)Lcoursier/core/Project; 419 <appendix> argL0 ; # coursier/core/Resolution$$Lambda+0x000002368238c038
instanceKlass  @bci coursier/core/Resolution withDependencyManagement (Lcoursier/core/Project;)Lcoursier/core/Project; 198 <appendix> member <vmtarget> ; # coursier/core/Resolution$$Lambda+0x000002368238bc68
instanceKlass  @bci coursier/core/Resolution$ addDependencies (Lscala/collection/immutable/Seq;)Lscala/collection/immutable/Seq; 57 <appendix> member <vmtarget> ; # coursier/core/Resolution$$$Lambda+0x000002368238b898
instanceKlass  @bci coursier/core/Resolution withDependencyManagement (Lcoursier/core/Project;)Lcoursier/core/Project; 165 <appendix> argL0 ; # coursier/core/Resolution$$Lambda+0x000002368238b4d0
instanceKlass  @bci coursier/core/Resolution withDependencyManagement (Lcoursier/core/Project;)Lcoursier/core/Project; 87 <appendix> argL0 ; # coursier/core/Resolution$$Lambda+0x000002368238b108
instanceKlass  @bci coursier/core/Resolution withDependencyManagement (Lcoursier/core/Project;)Lcoursier/core/Project; 16 <appendix> argL0 ; # coursier/core/Resolution$$Lambda+0x000002368238ad40
instanceKlass  @bci coursier/core/Resolution withDependencyManagement (Lcoursier/core/Project;)Lcoursier/core/Project; 5 <appendix> member <vmtarget> ; # coursier/core/Resolution$$Lambda+0x000002368238a970
instanceKlass  @bci coursier/core/Resolution $anonfun$addToProjectCache0$2 (Lcoursier/core/Resolution;Lscala/Tuple2;)Lscala/Tuple2; 62 <appendix> member <vmtarget> ; # coursier/core/Resolution$$Lambda+0x000002368238a5a0
instanceKlass  @bci coursier/core/Resolution addToProjectCache0 (Lscala/collection/immutable/Seq;)Lcoursier/core/Resolution; 71 <appendix> member <vmtarget> ; # coursier/core/Resolution$$Lambda+0x000002368238a1d0
instanceKlass  @bci coursier/core/Resolution addToProjectCache0 (Lscala/collection/immutable/Seq;)Lcoursier/core/Resolution; 28 <appendix> member <vmtarget> ; # coursier/core/Resolution$$Lambda+0x0000023682389f10
instanceKlass  @bci coursier/core/Missing cont0$1 (Lcoursier/core/Resolution;Lscala/collection/immutable/Seq;)Lcoursier/core/ResolutionProcess; 144 <appendix> argL0 ; # coursier/core/Missing$$Lambda+0x00000236823894d8
instanceKlass  @bci coursier/core/Missing order$1 (Lscala/collection/immutable/Map;Lscala/collection/immutable/List;)Lscala/collection/immutable/List; 179 <appendix> member <vmtarget> ; # coursier/core/Missing$$Lambda+0x0000023682389108
instanceKlass  @bci coursier/core/Missing order$1 (Lscala/collection/immutable/Map;Lscala/collection/immutable/List;)Lscala/collection/immutable/List; 160 <appendix> argL0 ; # coursier/core/Missing$$Lambda+0x0000023682388d40
instanceKlass  @bci coursier/core/Missing order$1 (Lscala/collection/immutable/Map;Lscala/collection/immutable/List;)Lscala/collection/immutable/List; 138 <appendix> argL0 ; # coursier/core/Missing$$Lambda+0x0000023682388798
instanceKlass  @bci scala/collection/StrictOptimizedIterableOps partition (Lscala/Function1;)Lscala/Tuple2; 23 <appendix> member <vmtarget> ; # scala/collection/StrictOptimizedIterableOps$$Lambda+0x00000236823883c8
instanceKlass  @bci coursier/core/Missing order$1 (Lscala/collection/immutable/Map;Lscala/collection/immutable/List;)Lscala/collection/immutable/List; 44 <appendix> member <vmtarget> ; # coursier/core/Missing$$Lambda+0x0000023682388000
instanceKlass  @bci coursier/core/Missing order$1 (Lscala/collection/immutable/Map;Lscala/collection/immutable/List;)Lscala/collection/immutable/List; 15 <appendix> argL0 ; # coursier/core/Missing$$Lambda+0x0000023682380400
instanceKlass  @bci coursier/core/Missing cont0$1 (Lcoursier/core/Resolution;Lscala/collection/immutable/Seq;)Lcoursier/core/ResolutionProcess; 109 <appendix> member <vmtarget> ; # coursier/core/Missing$$Lambda+0x0000023682380bc8
instanceKlass  @bci coursier/core/Missing cont0$1 (Lcoursier/core/Resolution;Lscala/collection/immutable/Seq;)Lcoursier/core/ResolutionProcess; 84 <appendix> argL0 ; # coursier/core/Missing$$Lambda+0x0000023682380800
instanceKlass  @bci coursier/core/Missing cont0$1 (Lcoursier/core/Resolution;Lscala/collection/immutable/Seq;)Lcoursier/core/ResolutionProcess; 57 <appendix> argL0 ; # coursier/core/Missing$$Lambda+0x0000023682381858
instanceKlass  @bci coursier/core/Missing cont0$1 (Lcoursier/core/Resolution;Lscala/collection/immutable/Seq;)Lcoursier/core/ResolutionProcess; 35 <appendix> argL0 ; # coursier/core/Missing$$Lambda+0x0000023682381490
instanceKlass  @bci coursier/core/Resolution$ withProperties0 (Lscala/collection/immutable/Seq;Lscala/collection/immutable/Map;)Lscala/collection/immutable/Seq; 2 <appendix> member <vmtarget> ; # coursier/core/Resolution$$$Lambda+0x00000236823839d8
instanceKlass  @bci coursier/core/Resolution dependencyManagementRequirements0 (Lcoursier/core/Project;)Lscala/collection/immutable/Set; 232 <appendix> argL0 ; # coursier/core/Resolution$$Lambda+0x0000023682383610
instanceKlass  @bci coursier/core/Resolution dependencyManagementRequirements0 (Lcoursier/core/Project;)Lscala/collection/immutable/Set; 144 <appendix> argL0 ; # coursier/core/Resolution$$Lambda+0x0000023682383248
instanceKlass  @bci coursier/core/Resolution dependencyManagementRequirements0 (Lcoursier/core/Project;)Lscala/collection/immutable/Set; 122 <appendix> argL0 ; # coursier/core/Resolution$$Lambda+0x0000023682382e80
instanceKlass  @bci coursier/core/Resolution$ profiles0 (Lcoursier/core/Project;Lscala/collection/immutable/Map;Lcoursier/core/Activation$Os;Lscala/Option;Lscala/Option;)Lscala/collection/immutable/Seq; 10 <appendix> member <vmtarget> ; # coursier/core/Resolution$$$Lambda+0x0000023682382ab0
instanceKlass  @bci coursier/core/Resolution$ substitute (Lscala/collection/immutable/Seq;)Lscala/collection/immutable/Seq; 40 <appendix> member <vmtarget> ; # coursier/core/Resolution$$$Lambda+0x0000023682387b10
instanceKlass scala/runtime/BooleanRef
instanceKlass  @bci coursier/core/Resolution$ coursier$core$Resolution$$staticProjectProperties (Lcoursier/core/Project;)Lscala/collection/immutable/Seq; 303 <appendix> argL0 ; # coursier/core/Resolution$$$Lambda+0x00000236823870b8
instanceKlass  @bci coursier/core/Resolution$ coursier$core$Resolution$$staticProjectProperties (Lcoursier/core/Project;)Lscala/collection/immutable/Seq; 261 <appendix> argL0 ; # coursier/core/Resolution$$$Lambda+0x0000023682386e00
instanceKlass  @bci coursier/core/Project actualVersion0 ()Lcoursier/version/Version; 5 <appendix> member <vmtarget> ; # coursier/core/Project$$Lambda+0x0000023682386b40
instanceKlass  @bci coursier/core/Resolution dependencyManagementRequirements0 (Lcoursier/core/Project;)Lscala/collection/immutable/Set; 58 <appendix> argL0 ; # coursier/core/Resolution$$Lambda+0x0000023682386778
instanceKlass  @bci coursier/core/Resolution$ coursier$core$Resolution$$parents (Lcoursier/core/Project;Lscala/Function1;)Lscala/collection/immutable/LazyList; 4 <appendix> argL0 ; # coursier/core/Resolution$$$Lambda+0x00000236823863b0
instanceKlass  @bci coursier/core/Resolution dependencyManagementRequirements0 (Lcoursier/core/Project;)Lscala/collection/immutable/Set; 47 <appendix> member <vmtarget> ; # coursier/core/Resolution$$Lambda+0x0000023682385fe0
instanceKlass  @bci coursier/core/Resolution dependencyManagementRequirements0 (Lcoursier/core/Project;)Lscala/collection/immutable/Set; 5 <appendix> member <vmtarget> ; # coursier/core/Resolution$$Lambda+0x0000023682385c10
instanceKlass  @bci coursier/core/Missing cont0$1 (Lcoursier/core/Resolution;Lscala/collection/immutable/Seq;)Lcoursier/core/ResolutionProcess; 18 <appendix> member <vmtarget> ; # coursier/core/Missing$$Lambda+0x0000023682385840
instanceKlass  @bci coursier/core/Missing cont0$1 (Lcoursier/core/Resolution;Lscala/collection/immutable/Seq;)Lcoursier/core/ResolutionProcess; 2 <appendix> member <vmtarget> ; # coursier/core/Missing$$Lambda+0x0000023682385470
instanceKlass  @bci coursier/core/ResolutionProcess$ $anonfun$fetchOne$18 (Lscala/util/Either;)Lscala/util/Either; 4 <appendix> argL0 ; # coursier/core/ResolutionProcess$$$Lambda+0x0000023682384798
instanceKlass  @bci coursier/maven/MavenRepositoryInternal $anonfun$find$7 (Lcoursier/version/Version;Lscala/util/Either;)Lscala/util/Either; 2 <appendix> member <vmtarget> ; # coursier/maven/MavenRepositoryInternal$$Lambda+0x00000236823843c8
instanceKlass  @bci coursier/maven/MavenRepositoryInternal $anonfun$parsePom$4 (Lcoursier/maven/MavenRepositoryInternal;Lcoursier/core/Project;)Lscala/util/Either; 5 <appendix> argL0 ; # coursier/maven/MavenRepositoryInternal$$Lambda+0x0000023682384000
instanceKlass  @bci coursier/maven/Pom$ addOptionalDependenciesInConfig (Lcoursier/core/Project;Lscala/collection/immutable/Set;Ljava/lang/String;)Lcoursier/core/Project; 49 <appendix> argL0 ; # coursier/maven/Pom$$$Lambda+0x000002368233fb98
instanceKlass  @bci coursier/maven/Pom$ addOptionalDependenciesInConfig (Lcoursier/core/Project;Lscala/collection/immutable/Set;Ljava/lang/String;)Lcoursier/core/Project; 35 <appendix> argL0 ; # coursier/maven/Pom$$$Lambda+0x000002368233f8e0
instanceKlass coursier/maven/Pom$
instanceKlass  @bci coursier/maven/MavenRepositoryInternal parsePom (Ljava/lang/String;Lcoursier/util/Monad;)Lcoursier/util/EitherT; 54 <appendix> member <vmtarget> ; # coursier/maven/MavenRepositoryInternal$$Lambda+0x000002368233ee78
instanceKlass  @bci coursier/maven/PomParser$State $anonfun$project$25 (Lcoursier/maven/PomParser$State;Lscala/util/Either;Ljava/lang/String;Ljava/lang/String;Lcoursier/version/Version;Lscala/collection/immutable/List;Lscala/runtime/BoxedUnit;)Lcoursier/core/Project; 6 <appendix> member <vmtarget> ; # coursier/maven/PomParser$State$$Lambda+0x000002368233eaa8
instanceKlass  @bci coursier/maven/PomParser$State $anonfun$project$24 (Lcoursier/maven/PomParser$State;Lscala/util/Either;Ljava/lang/String;Ljava/lang/String;Lcoursier/version/Version;Lscala/collection/immutable/List;Lscala/runtime/BoxedUnit;)Lscala/util/Either; 52 <appendix> member <vmtarget> ; # coursier/maven/PomParser$State$$Lambda+0x000002368233e6d8
instanceKlass  @bci coursier/maven/PomParser$State $anonfun$project$24 (Lcoursier/maven/PomParser$State;Lscala/util/Either;Ljava/lang/String;Ljava/lang/String;Lcoursier/version/Version;Lscala/collection/immutable/List;Lscala/runtime/BoxedUnit;)Lscala/util/Either; 52 <appendix> form vmentry <vmtarget> ; # java/lang/invoke/LambdaForm$DMH+0x0000023682380000
instanceKlass  @bci coursier/maven/PomParser$State $anonfun$project$22 (Lcoursier/maven/PomParser$State;Lscala/util/Either;Ljava/lang/String;Ljava/lang/String;Lscala/collection/immutable/List;Lcoursier/version/Version;)Lscala/util/Either; 43 <appendix> member <vmtarget> ; # coursier/maven/PomParser$State$$Lambda+0x000002368233e308
instanceKlass  @bci coursier/maven/PomParser$State $anonfun$project$22 (Lcoursier/maven/PomParser$State;Lscala/util/Either;Ljava/lang/String;Ljava/lang/String;Lscala/collection/immutable/List;Lcoursier/version/Version;)Lscala/util/Either; 1 <appendix> argL0 ; # coursier/maven/PomParser$State$$Lambda+0x000002368233df40
instanceKlass  @bci coursier/maven/PomParser$State $anonfun$project$18 (Lcoursier/maven/PomParser$State;Lscala/Option;Lscala/util/Either;Ljava/lang/String;Lscala/collection/immutable/List;Ljava/lang/String;)Lscala/util/Either; 32 <appendix> member <vmtarget> ; # coursier/maven/PomParser$State$$Lambda+0x000002368233db70
instanceKlass  @bci coursier/maven/PomParser$State $anonfun$project$18 (Lcoursier/maven/PomParser$State;Lscala/Option;Lscala/util/Either;Ljava/lang/String;Lscala/collection/immutable/List;Ljava/lang/String;)Lscala/util/Either; 17 <appendix> argL0 ; # coursier/maven/PomParser$State$$Lambda+0x000002368233d7a8
instanceKlass  @bci coursier/maven/PomParser$State $anonfun$project$18 (Lcoursier/maven/PomParser$State;Lscala/Option;Lscala/util/Either;Ljava/lang/String;Lscala/collection/immutable/List;Ljava/lang/String;)Lscala/util/Either; 9 <appendix> argL0 ; # coursier/maven/PomParser$State$$Lambda+0x000002368233d3e0
instanceKlass  @bci coursier/maven/PomParser$State $anonfun$project$18 (Lcoursier/maven/PomParser$State;Lscala/Option;Lscala/util/Either;Ljava/lang/String;Lscala/collection/immutable/List;Ljava/lang/String;)Lscala/util/Either; 1 <appendix> argL0 ; # coursier/maven/PomParser$State$$Lambda+0x000002368233d128
instanceKlass  @bci coursier/maven/PomParser$State $anonfun$project$15 (Lcoursier/maven/PomParser$State;Lscala/Option;Lscala/util/Either;Lscala/collection/immutable/List;Ljava/lang/String;)Lscala/util/Either; 26 <appendix> member <vmtarget> ; # coursier/maven/PomParser$State$$Lambda+0x000002368233cd58
instanceKlass  @bci coursier/maven/PomParser$State $anonfun$project$15 (Lcoursier/maven/PomParser$State;Lscala/Option;Lscala/util/Either;Lscala/collection/immutable/List;Ljava/lang/String;)Lscala/util/Either; 12 <appendix> argL0 ; # coursier/maven/PomParser$State$$Lambda+0x000002368233c990
instanceKlass  @bci coursier/maven/PomParser$State $anonfun$project$15 (Lcoursier/maven/PomParser$State;Lscala/Option;Lscala/util/Either;Lscala/collection/immutable/List;Ljava/lang/String;)Lscala/util/Either; 4 <appendix> argL0 ; # coursier/maven/PomParser$State$$Lambda+0x000002368233c6d8
instanceKlass  @bci coursier/maven/PomParser$State project ()Lscala/util/Either; 119 <appendix> member <vmtarget> ; # coursier/maven/PomParser$State$$Lambda+0x000002368233c308
instanceKlass  @bci coursier/maven/PomParser$State project ()Lscala/util/Either; 106 <appendix> argL0 ; # coursier/maven/PomParser$State$$Lambda+0x000002368233bf40
instanceKlass  @bci coursier/maven/PomParser$State project ()Lscala/util/Either; 98 <appendix> argL0 ; # coursier/maven/PomParser$State$$Lambda+0x000002368233bc88
instanceKlass  @bci coursier/maven/PomParser$State project ()Lscala/util/Either; 87 <appendix> member <vmtarget> ; # coursier/maven/PomParser$State$$Lambda+0x000002368233b8b8
instanceKlass  @bci coursier/maven/PomParser$State project ()Lscala/util/Either; 78 <appendix> argL0 ; # coursier/maven/PomParser$State$$Lambda+0x000002368233b4f0
instanceKlass  @bci coursier/maven/PomParser$State project ()Lscala/util/Either; 70 <appendix> argL0 ; # coursier/maven/PomParser$State$$Lambda+0x000002368233b238
instanceKlass  @bci coursier/maven/PomParser$State project ()Lscala/util/Either; 49 <appendix> member <vmtarget> ; # coursier/maven/PomParser$State$$Lambda+0x000002368233af78
instanceKlass  @bci coursier/maven/PomParser$State project ()Lscala/util/Either; 40 <appendix> argL0 ; # coursier/maven/PomParser$State$$Lambda+0x000002368233abb0
instanceKlass  @bci coursier/maven/PomParser$State project ()Lscala/util/Either; 20 <appendix> member <vmtarget> ; # coursier/maven/PomParser$State$$Lambda+0x000002368233a8f0
instanceKlass  @bci coursier/maven/PomParser$State project ()Lscala/util/Either; 11 <appendix> argL0 ; # coursier/maven/PomParser$State$$Lambda+0x000002368233a528
instanceKlass coursier/core/Info$Scm$
instanceKlass coursier/core/Info$License$
instanceKlass  @bci coursier/maven/PomParser endElement (Ljava/lang/String;)V 44 <appendix> member <vmtarget> ; # coursier/maven/PomParser$$Lambda+0x0000023682339d38
instanceKlass  @bci coursier/maven/PomParser $anonfun$characters$1 (Lscala/Option;)Z 1 <appendix> argL0 ; # coursier/maven/PomParser$$Lambda+0x0000023682339970
instanceKlass  @bci coursier/maven/PomParser characters ([CII)V 7 <appendix> argL0 ; # coursier/maven/PomParser$$Lambda+0x00000236823395a8
instanceKlass  @bci coursier/maven/PomParser startElement (Ljava/lang/String;)V 66 <appendix> member <vmtarget> ; # coursier/maven/PomParser$$Lambda+0x00000236823391d8
instanceKlass  @bci coursier/maven/PomParser startElement (Ljava/lang/String;)V 30 <appendix> member <vmtarget> ; # coursier/maven/PomParser$$Lambda+0x0000023682338f18
instanceKlass coursier/maven/PomParser$CustomList$
instanceKlass  @bci coursier/maven/PomParser$ <clinit> ()V 639 <appendix> argL0 ; # coursier/maven/PomParser$$$Lambda+0x0000023682338b50
instanceKlass  @bci coursier/maven/PomParser$ licenseHandlers (Lscala/collection/immutable/List;Lscala/Function2;)Lscala/collection/immutable/Seq; 84 <appendix> argL0 ; # coursier/maven/PomParser$$$Lambda+0x00000236823385a8
instanceKlass  @bci coursier/maven/PomParser$ licenseHandlers (Lscala/collection/immutable/List;Lscala/Function2;)Lscala/collection/immutable/Seq; 64 <appendix> argL0 ; # coursier/maven/PomParser$$$Lambda+0x0000023682338000
instanceKlass  @bci coursier/maven/PomParser$ licenseHandlers (Lscala/collection/immutable/List;Lscala/Function2;)Lscala/collection/immutable/Seq; 44 <appendix> argL0 ; # coursier/maven/PomParser$$$Lambda+0x00000236823377f8
instanceKlass  @bci coursier/maven/PomParser$ licenseHandlers (Lscala/collection/immutable/List;Lscala/Function2;)Lscala/collection/immutable/Seq; 25 <appendix> argL0 ; # coursier/maven/PomParser$$$Lambda+0x0000023682337250
instanceKlass  @bci coursier/maven/PomParser$ <clinit> ()V 614 <appendix> argL0 ; # coursier/maven/PomParser$$$Lambda+0x0000023682336a80
instanceKlass coursier/core/Info$License
instanceKlass  @bci coursier/maven/PomParser$ scmHandlers (Lscala/collection/immutable/List;Lscala/Function2;)Lscala/collection/immutable/Seq; 64 <appendix> argL0 ; # coursier/maven/PomParser$$$Lambda+0x0000023682336260
instanceKlass  @bci coursier/maven/PomParser$ scmHandlers (Lscala/collection/immutable/List;Lscala/Function2;)Lscala/collection/immutable/Seq; 44 <appendix> argL0 ; # coursier/maven/PomParser$$$Lambda+0x0000023682335cb8
instanceKlass  @bci coursier/maven/PomParser$ scmHandlers (Lscala/collection/immutable/List;Lscala/Function2;)Lscala/collection/immutable/Seq; 24 <appendix> argL0 ; # coursier/maven/PomParser$$$Lambda+0x0000023682335710
instanceKlass  @bci coursier/maven/PomParser$ <clinit> ()V 575 <appendix> argL0 ; # coursier/maven/PomParser$$$Lambda+0x0000023682334f40
instanceKlass coursier/core/Info$Scm
instanceKlass  @bci coursier/maven/PomParser$ profileHandlers (Lscala/collection/immutable/List;Lscala/Function2;)Lscala/collection/immutable/Seq; 373 <appendix> argL0 ; # coursier/maven/PomParser$$$Lambda+0x0000023682334a80
instanceKlass  @bci coursier/maven/PomParser$ profileHandlers (Lscala/collection/immutable/List;Lscala/Function2;)Lscala/collection/immutable/Seq; 350 <appendix> argL0 ; # coursier/maven/PomParser$$$Lambda+0x0000023682334838
instanceKlass  @bci coursier/maven/PomParser$ profileHandlers (Lscala/collection/immutable/List;Lscala/Function2;)Lscala/collection/immutable/Seq; 317 <appendix> argL0 ; # coursier/maven/PomParser$$$Lambda+0x00000236823345f0
instanceKlass  @bci coursier/maven/PomParser$ profileHandlers (Lscala/collection/immutable/List;Lscala/Function2;)Lscala/collection/immutable/Seq; 287 <appendix> argL0 ; # coursier/maven/PomParser$$$Lambda+0x0000023682334048
instanceKlass  @bci coursier/maven/PomParser$ profileHandlers (Lscala/collection/immutable/List;Lscala/Function2;)Lscala/collection/immutable/Seq; 261 <appendix> argL0 ; # coursier/maven/PomParser$$$Lambda+0x0000023682333aa0
instanceKlass  @bci coursier/maven/PomParser$ profileHandlers (Lscala/collection/immutable/List;Lscala/Function2;)Lscala/collection/immutable/Seq; 230 <appendix> argL0 ; # coursier/maven/PomParser$$$Lambda+0x00000236823334f8
instanceKlass  @bci coursier/maven/PomParser$ profileHandlers (Lscala/collection/immutable/List;Lscala/Function2;)Lscala/collection/immutable/Seq; 198 <appendix> argL0 ; # coursier/maven/PomParser$$$Lambda+0x0000023682332f50
instanceKlass  @bci coursier/maven/PomParser$ profileHandlers (Lscala/collection/immutable/List;Lscala/Function2;)Lscala/collection/immutable/Seq; 166 <appendix> argL0 ; # coursier/maven/PomParser$$$Lambda+0x00000236823329a8
instanceKlass  @bci coursier/maven/PomParser$ profileHandlers (Lscala/collection/immutable/List;Lscala/Function2;)Lscala/collection/immutable/Seq; 134 <appendix> argL0 ; # coursier/maven/PomParser$$$Lambda+0x0000023682332400
instanceKlass  @bci coursier/maven/PomParser$ profileHandlers (Lscala/collection/immutable/List;Lscala/Function2;)Lscala/collection/immutable/Seq; 103 <appendix> argL0 ; # coursier/maven/PomParser$$$Lambda+0x0000023682331e58
instanceKlass  @bci coursier/maven/PomParser$ profileHandlers (Lscala/collection/immutable/List;Lscala/Function2;)Lscala/collection/immutable/Seq; 61 <appendix> argL0 ; # coursier/maven/PomParser$$$Lambda+0x0000023682331688
instanceKlass  @bci coursier/maven/PomParser$ profileHandlers (Lscala/collection/immutable/List;Lscala/Function2;)Lscala/collection/immutable/Seq; 36 <appendix> argL0 ; # coursier/maven/PomParser$$$Lambda+0x00000236823310e0
instanceKlass  @bci coursier/maven/PomParser$ <clinit> ()V 542 <appendix> argL0 ; # coursier/maven/PomParser$$$Lambda+0x0000023682330910
instanceKlass coursier/core/Profile
instanceKlass  @bci coursier/maven/PomParser$ <clinit> ()V 503 <appendix> argL0 ; # coursier/maven/PomParser$$$Lambda+0x0000023682330000
instanceKlass  @bci coursier/maven/PomParser$ <clinit> ()V 471 <appendix> argL0 ; # coursier/maven/PomParser$$$Lambda+0x000002368232fbe0
instanceKlass  @bci coursier/maven/PomParser$ dependencyHandlers (Lscala/collection/immutable/List;Lscala/Function3;)Lscala/collection/immutable/Seq; 223 <appendix> argL0 ; # coursier/maven/PomParser$$$Lambda+0x000002368232f638
instanceKlass  @bci coursier/maven/PomParser$ dependencyHandlers (Lscala/collection/immutable/List;Lscala/Function3;)Lscala/collection/immutable/Seq; 192 <appendix> argL0 ; # coursier/maven/PomParser$$$Lambda+0x000002368232f090
instanceKlass  @bci coursier/maven/PomParser$ dependencyHandlers (Lscala/collection/immutable/List;Lscala/Function3;)Lscala/collection/immutable/Seq; 149 <appendix> argL0 ; # coursier/maven/PomParser$$$Lambda+0x000002368232e8c0
instanceKlass  @bci coursier/maven/PomParser$ dependencyHandlers (Lscala/collection/immutable/List;Lscala/Function3;)Lscala/collection/immutable/Seq; 129 <appendix> argL0 ; # coursier/maven/PomParser$$$Lambda+0x000002368232e318
instanceKlass  @bci coursier/maven/PomParser$ dependencyHandlers (Lscala/collection/immutable/List;Lscala/Function3;)Lscala/collection/immutable/Seq; 109 <appendix> argL0 ; # coursier/maven/PomParser$$$Lambda+0x000002368232dd70
instanceKlass  @bci coursier/maven/PomParser$ dependencyHandlers (Lscala/collection/immutable/List;Lscala/Function3;)Lscala/collection/immutable/Seq; 90 <appendix> argL0 ; # coursier/maven/PomParser$$$Lambda+0x000002368232d7c8
instanceKlass  @bci coursier/maven/PomParser$ dependencyHandlers (Lscala/collection/immutable/List;Lscala/Function3;)Lscala/collection/immutable/Seq; 71 <appendix> argL0 ; # coursier/maven/PomParser$$$Lambda+0x000002368232d220
instanceKlass  @bci coursier/maven/PomParser$ dependencyHandlers (Lscala/collection/immutable/List;Lscala/Function3;)Lscala/collection/immutable/Seq; 53 <appendix> argL0 ; # coursier/maven/PomParser$$$Lambda+0x000002368232cc78
instanceKlass  @bci coursier/maven/PomParser$ dependencyHandlers (Lscala/collection/immutable/List;Lscala/Function3;)Lscala/collection/immutable/Seq; 35 <appendix> argL0 ; # coursier/maven/PomParser$$$Lambda+0x000002368232c6d0
instanceKlass  @bci coursier/maven/PomParser$ <clinit> ()V 429 <appendix> argL0 ; # coursier/maven/PomParser$$$Lambda+0x000002368232c038
instanceKlass scala/Function3
instanceKlass  @bci coursier/maven/PomParser$ <clinit> ()V 390 <appendix> argL0 ; # coursier/maven/PomParser$$$Lambda+0x000002368232b890
instanceKlass  @bci coursier/maven/PomParser$ <clinit> ()V 352 <appendix> argL0 ; # coursier/maven/PomParser$$$Lambda+0x000002368232b2e8
instanceKlass  @bci coursier/maven/PomParser$ <clinit> ()V 314 <appendix> argL0 ; # coursier/maven/PomParser$$$Lambda+0x000002368232ad40
instanceKlass  @bci coursier/maven/PomParser$ <clinit> ()V 276 <appendix> argL0 ; # coursier/maven/PomParser$$$Lambda+0x000002368232a798
instanceKlass  @bci coursier/maven/PomParser$ <clinit> ()V 248 <appendix> argL0 ; # coursier/maven/PomParser$$$Lambda+0x000002368232a1f0
instanceKlass  @bci coursier/maven/PomParser$ <clinit> ()V 220 <appendix> argL0 ; # coursier/maven/PomParser$$$Lambda+0x0000023682329c48
instanceKlass  @bci coursier/maven/PomParser$ <clinit> ()V 192 <appendix> argL0 ; # coursier/maven/PomParser$$$Lambda+0x00000236823296a0
instanceKlass  @bci coursier/maven/PomParser$ <clinit> ()V 160 <appendix> argL0 ; # coursier/maven/PomParser$$$Lambda+0x00000236823290f8
instanceKlass  @bci coursier/maven/PomParser$ <clinit> ()V 128 <appendix> argL0 ; # coursier/maven/PomParser$$$Lambda+0x0000023682328b50
instanceKlass  @bci coursier/maven/PomParser$ <clinit> ()V 96 <appendix> argL0 ; # coursier/maven/PomParser$$$Lambda+0x00000236823285a8
instanceKlass  @bci coursier/maven/PomParser$ <clinit> ()V 69 <appendix> argL0 ; # coursier/maven/PomParser$$$Lambda+0x0000023682328000
instanceKlass  @bci coursier/maven/PomParser$ <clinit> ()V 42 <appendix> argL0 ; # coursier/maven/PomParser$$$Lambda+0x0000023682327a50
instanceKlass coursier/maven/PomParser$Handler
instanceKlass coursier/maven/PomParser$
instanceKlass  @bci javax/xml/parsers/FactoryFinder newInstance (Ljava/lang/Class;Ljava/lang/String;Ljava/lang/ClassLoader;ZZ)Ljava/lang/Object; 104 <appendix> member <vmtarget> ; # javax/xml/parsers/FactoryFinder$$Lambda+0x0000023682350740
instanceKlass javax/xml/catalog/CatalogReader$1
instanceKlass javax/xml/catalog/Normalizer
instanceKlass com/sun/org/apache/xerces/internal/impl/Constants$ArrayEnumeration
instanceKlass com/sun/org/apache/xerces/internal/impl/Constants
instanceKlass com/sun/org/apache/xerces/internal/parsers/AbstractSAXParser$LocatorProxy
instanceKlass org/xml/sax/ext/Locator2
instanceKlass org/xml/sax/Locator
instanceKlass com/sun/org/apache/xerces/internal/util/XMLSymbols
instanceKlass com/sun/org/apache/xerces/internal/util/XMLChar
instanceKlass com/sun/xml/internal/stream/Entity
instanceKlass com/sun/xml/internal/stream/util/BufferAllocator
instanceKlass com/sun/xml/internal/stream/util/ThreadLocalBufferAllocator
instanceKlass com/sun/org/apache/xerces/internal/impl/XMLEntityManager$EncodingInfo
instanceKlass java/util/AbstractMap$SimpleEntry
instanceKlass jdk/internal/jimage/ImageBufferCache$2
instanceKlass jdk/internal/jimage/ImageBufferCache
instanceKlass  @bci jdk/xml/internal/SecuritySupport getInputStream (Ljava/net/URLConnection;)Ljava/io/InputStream; 1 <appendix> member <vmtarget> ; # jdk/xml/internal/SecuritySupport$$Lambda+0x000002368234c778
instanceKlass  @bci sun/net/www/protocol/jrt/JavaRuntimeURLConnection <clinit> ()V 0 <appendix> argL0 ; # sun/net/www/protocol/jrt/JavaRuntimeURLConnection$$Lambda+0x000002368234c190
instanceKlass com/sun/org/apache/xerces/internal/util/URI
instanceKlass jdk/xml/internal/XMLLimitAnalyzer
instanceKlass com/sun/org/apache/xerces/internal/xni/parser/XMLInputSource
instanceKlass com/sun/org/apache/xerces/internal/util/ErrorHandlerWrapper
instanceKlass com/sun/org/apache/xerces/internal/xni/parser/XMLErrorHandler
instanceKlass com/sun/org/apache/xerces/internal/impl/ExternalSubsetResolver
instanceKlass com/sun/org/apache/xerces/internal/util/EntityResolverWrapper
instanceKlass org/xml/sax/ext/EntityResolver2
instanceKlass org/xml/sax/InputSource
instanceKlass org/xml/sax/helpers/DefaultHandler
instanceKlass org/xml/sax/ErrorHandler
instanceKlass org/xml/sax/DTDHandler
instanceKlass com/sun/org/apache/xerces/internal/parsers/AbstractSAXParser$AttributesProxy
instanceKlass org/xml/sax/ext/Attributes2
instanceKlass org/xml/sax/Attributes
instanceKlass org/xml/sax/AttributeList
instanceKlass com/sun/org/apache/xerces/internal/util/FeatureState
instanceKlass com/sun/org/apache/xerces/internal/util/PropertyState
instanceKlass com/sun/org/apache/xerces/internal/impl/msg/XMLMessageFormatter
instanceKlass com/sun/org/apache/xerces/internal/util/MessageFormatter
instanceKlass com/sun/org/apache/xerces/internal/impl/XMLVersionDetector
instanceKlass com/sun/org/apache/xerces/internal/impl/validation/ValidationManager
instanceKlass com/sun/org/apache/xerces/internal/impl/dv/dtd/NMTOKENDatatypeValidator
instanceKlass com/sun/org/apache/xerces/internal/impl/dv/dtd/NOTATIONDatatypeValidator
instanceKlass com/sun/org/apache/xerces/internal/impl/dv/dtd/ENTITYDatatypeValidator
instanceKlass com/sun/org/apache/xerces/internal/impl/dv/dtd/ListDatatypeValidator
instanceKlass com/sun/org/apache/xerces/internal/impl/dv/dtd/IDREFDatatypeValidator
instanceKlass com/sun/org/apache/xerces/internal/impl/dv/dtd/IDDatatypeValidator
instanceKlass com/sun/org/apache/xerces/internal/impl/dv/dtd/StringDatatypeValidator
instanceKlass com/sun/org/apache/xerces/internal/impl/dv/DatatypeValidator
instanceKlass com/sun/org/apache/xerces/internal/impl/dv/DTDDVFactory
instanceKlass com/sun/org/apache/xerces/internal/impl/dtd/DTDGrammarBucket
instanceKlass com/sun/org/apache/xerces/internal/impl/dtd/XMLAttributeDecl
instanceKlass com/sun/org/apache/xerces/internal/impl/dtd/XMLSimpleType
instanceKlass com/sun/org/apache/xerces/internal/impl/dtd/XMLElementDecl
instanceKlass com/sun/org/apache/xerces/internal/impl/validation/ValidationState
instanceKlass com/sun/org/apache/xerces/internal/impl/dv/ValidationContext
instanceKlass com/sun/org/apache/xerces/internal/impl/dtd/XMLDTDValidator
instanceKlass com/sun/org/apache/xerces/internal/impl/RevalidationHandler
instanceKlass com/sun/org/apache/xerces/internal/impl/dtd/XMLDTDValidatorFilter
instanceKlass com/sun/org/apache/xerces/internal/xni/parser/XMLDocumentFilter
instanceKlass com/sun/org/apache/xerces/internal/impl/dtd/XMLEntityDecl
instanceKlass com/sun/org/apache/xerces/internal/impl/dtd/XMLDTDProcessor
instanceKlass com/sun/org/apache/xerces/internal/xni/parser/XMLDTDContentModelFilter
instanceKlass com/sun/org/apache/xerces/internal/xni/parser/XMLDTDFilter
instanceKlass com/sun/org/apache/xerces/internal/xni/parser/XMLDTDScanner
instanceKlass com/sun/org/apache/xerces/internal/xni/parser/XMLDTDContentModelSource
instanceKlass com/sun/org/apache/xerces/internal/xni/parser/XMLDTDSource
instanceKlass com/sun/org/apache/xerces/internal/xni/grammars/XMLDTDDescription
instanceKlass com/sun/org/apache/xerces/internal/xni/grammars/XMLGrammarDescription
instanceKlass com/sun/org/apache/xerces/internal/impl/XMLDocumentScannerImpl$TrailingMiscDriver
instanceKlass com/sun/org/apache/xerces/internal/impl/XMLDocumentScannerImpl$PrologDriver
instanceKlass com/sun/org/apache/xerces/internal/impl/XMLDocumentScannerImpl$XMLDeclDriver
instanceKlass com/sun/org/apache/xerces/internal/util/NamespaceSupport
instanceKlass com/sun/org/apache/xerces/internal/xni/NamespaceContext
instanceKlass com/sun/org/apache/xerces/internal/util/XMLAttributesImpl$Attribute
instanceKlass com/sun/org/apache/xerces/internal/util/XMLAttributesImpl
instanceKlass com/sun/org/apache/xerces/internal/xni/XMLAttributes
instanceKlass com/sun/org/apache/xerces/internal/impl/XMLDocumentFragmentScannerImpl$FragmentContentDriver
instanceKlass com/sun/org/apache/xerces/internal/impl/XMLDocumentFragmentScannerImpl$Driver
instanceKlass com/sun/org/apache/xerces/internal/impl/XMLDocumentFragmentScannerImpl$ElementStack2
instanceKlass com/sun/org/apache/xerces/internal/xni/QName
instanceKlass com/sun/org/apache/xerces/internal/impl/XMLDocumentFragmentScannerImpl$ElementStack
instanceKlass com/sun/org/apache/xerces/internal/xni/XMLString
instanceKlass com/sun/org/apache/xerces/internal/impl/XMLScanner
instanceKlass com/sun/xml/internal/stream/XMLBufferListener
instanceKlass com/sun/org/apache/xerces/internal/impl/XMLEntityHandler
instanceKlass com/sun/org/apache/xerces/internal/xni/parser/XMLDocumentScanner
instanceKlass com/sun/org/apache/xerces/internal/xni/parser/XMLDocumentSource
instanceKlass com/sun/org/apache/xerces/internal/impl/XMLErrorReporter
instanceKlass com/sun/org/apache/xerces/internal/impl/XMLEntityScanner
instanceKlass com/sun/org/apache/xerces/internal/xni/XMLLocator
instanceKlass com/sun/xml/internal/stream/XMLEntityStorage
instanceKlass com/sun/org/apache/xerces/internal/util/AugmentationsImpl$AugmentationsItemsContainer
instanceKlass com/sun/org/apache/xerces/internal/util/AugmentationsImpl
instanceKlass com/sun/org/apache/xerces/internal/xni/Augmentations
instanceKlass com/sun/org/apache/xerces/internal/util/XMLResourceIdentifierImpl
instanceKlass com/sun/org/apache/xerces/internal/xni/XMLResourceIdentifier
instanceKlass com/sun/org/apache/xerces/internal/impl/XMLEntityManager
instanceKlass com/sun/org/apache/xerces/internal/xni/parser/XMLEntityResolver
instanceKlass com/sun/org/apache/xerces/internal/xni/parser/XMLComponent
instanceKlass com/sun/org/apache/xerces/internal/util/SymbolTable$Entry
instanceKlass com/sun/org/apache/xerces/internal/util/SymbolTable
instanceKlass jdk/xml/internal/JdkConstants
instanceKlass com/sun/org/apache/xerces/internal/util/ParserConfigurationSettings
instanceKlass com/sun/org/apache/xerces/internal/parsers/XML11Configurable
instanceKlass com/sun/org/apache/xerces/internal/xni/parser/XMLPullParserConfiguration
instanceKlass com/sun/org/apache/xerces/internal/xni/parser/XMLParserConfiguration
instanceKlass com/sun/org/apache/xerces/internal/xni/parser/XMLComponentManager
instanceKlass com/sun/org/apache/xerces/internal/parsers/XMLParser
instanceKlass com/sun/org/apache/xerces/internal/xni/XMLDTDContentModelHandler
instanceKlass com/sun/org/apache/xerces/internal/xni/XMLDTDHandler
instanceKlass com/sun/org/apache/xerces/internal/xni/XMLDocumentHandler
instanceKlass org/xml/sax/XMLReader
instanceKlass org/xml/sax/Parser
instanceKlass javax/xml/parsers/SAXParser
instanceKlass com/sun/org/apache/xerces/internal/xs/PSVIProvider
instanceKlass com/sun/org/apache/xerces/internal/jaxp/JAXPConstants
instanceKlass javax/xml/catalog/CatalogResolver
instanceKlass org/w3c/dom/ls/LSResourceResolver
instanceKlass javax/xml/transform/URIResolver
instanceKlass javax/xml/stream/XMLResolver
instanceKlass org/xml/sax/EntityResolver
instanceKlass javax/xml/catalog/BaseEntry
instanceKlass javax/xml/catalog/Catalog
instanceKlass javax/xml/catalog/CatalogManager
instanceKlass  @bci javax/xml/catalog/CatalogFeatures setProperties (Ljavax/xml/catalog/CatalogFeatures$Builder;)V 5 <appendix> member <vmtarget> ; # javax/xml/catalog/CatalogFeatures$$Lambda+0x00000236821f3918
instanceKlass javax/xml/catalog/CatalogMessages
instanceKlass javax/xml/catalog/Util
instanceKlass javax/xml/catalog/CatalogFeatures$Builder
instanceKlass javax/xml/catalog/CatalogFeatures
instanceKlass com/sun/org/apache/xerces/internal/utils/XMLSecurityPropertyManager
instanceKlass jdk/xml/internal/JdkXmlUtils
instanceKlass  @bci jdk/xml/internal/SecuritySupport getResource (Ljava/lang/String;)Ljava/net/URL; 1 <appendix> member <vmtarget> ; # jdk/xml/internal/SecuritySupport$$Lambda+0x00000236821f1990
instanceKlass jdk/xml/internal/JdkCatalog
instanceKlass  @bci java/util/Collections$UnmodifiableMap$UnmodifiableEntrySet entryConsumer (Ljava/util/function/Consumer;)Ljava/util/function/Consumer; 1 <appendix> member <vmtarget> ; # java/util/Collections$UnmodifiableMap$UnmodifiableEntrySet$$Lambda+0x00000236821f0888
instanceKlass  @bci java/util/stream/Collectors castingIdentity ()Ljava/util/function/Function; 0 <appendix> argL0 ; # java/util/stream/Collectors$$Lambda+0x800000046
instanceKlass  @bci java/util/stream/Collectors uniqKeysMapMerger ()Ljava/util/function/BinaryOperator; 0 <appendix> argL0 ; # java/util/stream/Collectors$$Lambda+0x00000236821f0640
instanceKlass java/util/function/BinaryOperator
instanceKlass  @bci java/util/stream/Collectors uniqKeysMapAccumulator (Ljava/util/function/Function;Ljava/util/function/Function;)Ljava/util/function/BiConsumer; 2 <appendix> member <vmtarget> ; # java/util/stream/Collectors$$Lambda+0x00000236821f0408
instanceKlass  @bci java/util/stream/Collectors toMap (Ljava/util/function/Function;Ljava/util/function/Function;)Ljava/util/stream/Collector; 4 <appendix> argL0 ; # java/util/stream/Collectors$$Lambda+0x00000236821f01e8
instanceKlass java/util/stream/Collector
instanceKlass java/util/stream/Collectors
instanceKlass  @bci jdk/xml/internal/XMLSecurityManager$StringMapper <init> (Ljava/util/Map;)V 30 <appendix> argL0 ; # jdk/xml/internal/XMLSecurityManager$StringMapper$$Lambda+0x00000236821efdb0
instanceKlass  @bci jdk/xml/internal/XMLSecurityManager$StringMapper <init> (Ljava/util/Map;)V 25 <appendix> argL0 ; # jdk/xml/internal/XMLSecurityManager$StringMapper$$Lambda+0x00000236821efb70
instanceKlass java/util/HashMap$HashMapSpliterator
instanceKlass java/util/Collections$UnmodifiableMap$UnmodifiableEntrySet$UnmodifiableEntrySetSpliterator
instanceKlass jdk/xml/internal/XMLSecurityManager$ValueMapper
instanceKlass jdk/xml/internal/XMLSecurityManager
instanceKlass  @bci jdk/xml/internal/SecuritySupport getContextClassLoader ()Ljava/lang/ClassLoader; 0 <appendix> argL0 ; # jdk/xml/internal/SecuritySupport$$Lambda+0x00000236821ee760
instanceKlass  @bci javax/xml/parsers/FactoryFinder find (Ljava/lang/Class;Ljava/lang/String;)Ljava/lang/Object; 104 <appendix> member <vmtarget> ; # javax/xml/parsers/FactoryFinder$$Lambda+0x00000236821ee538
instanceKlass javax/xml/parsers/FactoryFinder$1
instanceKlass  @bci jdk/xml/internal/SecuritySupport getFileInputStream (Ljava/io/File;)Ljava/io/FileInputStream; 1 <appendix> member <vmtarget> ; # jdk/xml/internal/SecuritySupport$$Lambda+0x00000236821ee0e0
instanceKlass  @bci jdk/xml/internal/SecuritySupport doesFileExist (Ljava/io/File;)Z 1 <appendix> member <vmtarget> ; # jdk/xml/internal/SecuritySupport$$Lambda+0x00000236821edeb8
instanceKlass  @bci javax/xml/parsers/FactoryFinder find (Ljava/lang/Class;Ljava/lang/String;)Ljava/lang/Object; 6 <appendix> member <vmtarget> ; # javax/xml/parsers/FactoryFinder$$Lambda+0x00000236821edc90
instanceKlass  @bci jdk/xml/internal/SecuritySupport getSystemProperty (Ljava/lang/String;)Ljava/lang/String; 1 <appendix> member <vmtarget> ; # jdk/xml/internal/SecuritySupport$$Lambda+0x00000236821eda68
instanceKlass jdk/xml/internal/SecuritySupport
instanceKlass javax/xml/parsers/FactoryFinder
instanceKlass javax/xml/parsers/SAXParserFactory
instanceKlass coursier/maven/PomParser$State
instanceKlass coursier/maven/PomParser$CustomList
instanceKlass scala/xml/Equality
instanceKlass scala/xml/ScalaVersionSpecificNodeSeq
instanceKlass scala/xml/ScalaVersionSpecificNode
instanceKlass coursier/util/Xml$Node
instanceKlass org/xml/sax/ContentHandler
instanceKlass coursier/core/compatibility/package$
instanceKlass coursier/util/EitherT$FromEither
instanceKlass coursier/util/EitherT$
instanceKlass  @bci coursier/cache/FileCache$ coursier$cache$FileCache$$persistedDigest (Ljava/io/File;Ljava/lang/String;Ljava/io/File;Lcoursier/cache/internal/Retry;)Ljava/math/BigInteger; 108 <appendix> member <vmtarget> ; # coursier/cache/FileCache$$$Lambda+0x0000023682320748
instanceKlass  @bci coursier/cache/CacheChecksum$ parseRawChecksum ([B)Lscala/Option; 67 <appendix> member <vmtarget> ; # coursier/cache/CacheChecksum$$$Lambda+0x0000023682320488
instanceKlass  @bci coursier/cache/CacheChecksum$ coursier$cache$CacheChecksum$$ifHexString (Ljava/lang/String;)Z 10 <appendix> argL0 ; # coursier/cache/CacheChecksum$$$Lambda+0x000002368231fbb0
instanceKlass  @bci coursier/cache/CacheChecksum$ parseChecksumLine (Lscala/collection/immutable/Seq;)Lscala/Option; 2 <appendix> argL0 ; # coursier/cache/CacheChecksum$$$Lambda+0x000002368231f7e8
instanceKlass  @bci coursier/cache/internal/Retry retry (Lscala/Function0;Lscala/PartialFunction;)Ljava/lang/Object; 2 <appendix> member <vmtarget> ; # coursier/cache/internal/Retry$$Lambda+0x000002368231eb68
instanceKlass  @bci coursier/cache/FileCache readAllBytes (Ljava/nio/file/Path;)[B 5 <appendix> member <vmtarget> ; # coursier/cache/FileCache$$Lambda+0x000002368231e420
instanceKlass coursier/cache/CacheChecksum$
instanceKlass  @bci coursier/cache/FileCache $anonfun$validateChecksum$4 (Lcoursier/cache/FileCache;Lscala/collection/immutable/Seq;Lscala/Option;Ljava/lang/String;Ljava/io/File;)Lscala/util/Either; 21 <appendix> argL0 ; # coursier/cache/FileCache$$Lambda+0x000002368231d448
instanceKlass  @bci coursier/cache/FileCache $anonfun$filePerPolicy0$8 (Lcoursier/cache/FileCache;Lcoursier/util/Artifact;Lscala/Tuple2;)Lcoursier/util/EitherT; 130 <appendix> member <vmtarget> ; # coursier/cache/FileCache$$Lambda+0x000002368231d078
instanceKlass  @bci coursier/cache/FileCache validateChecksum (Lcoursier/util/Artifact;Ljava/lang/String;)Lcoursier/util/EitherT; 82 <appendix> member <vmtarget> ; # coursier/cache/FileCache$$Lambda+0x000002368231cdb8
instanceKlass  @bci coursier/cache/FileCache $anonfun$validateChecksum$2 (Lcoursier/cache/FileCache;Lcoursier/util/Artifact;Ljava/lang/String;)Ljava/io/File; 6 <appendix> argL0 ; # coursier/cache/FileCache$$Lambda+0x000002368231c9f0
instanceKlass  @bci coursier/cache/FileCache validateChecksum (Lcoursier/util/Artifact;Ljava/lang/String;)Lcoursier/util/EitherT; 53 <appendix> member <vmtarget> ; # coursier/cache/FileCache$$Lambda+0x000002368231c620
instanceKlass  @bci coursier/cache/FileCache validateChecksum (Lcoursier/util/Artifact;Ljava/lang/String;)Lcoursier/util/EitherT; 9 <appendix> argL0 ; # coursier/cache/FileCache$$Lambda+0x000002368231c258
instanceKlass  @bci coursier/cache/internal/Downloader $anonfun$download$5 (Lcoursier/cache/internal/Downloader;Ljava/lang/String;Ljava/io/File;Z)Lscala/collection/immutable/Seq; 34 <appendix> member <vmtarget> ; # coursier/cache/internal/Downloader$$Lambda+0x000002368231bf98
instanceKlass  @bci coursier/cache/internal/Downloader $anonfun$download$2 (Lcoursier/cache/internal/Downloader;Lcoursier/cache/internal/DownloadResult;)Ljava/lang/Object; 51 <appendix> member <vmtarget> ; # coursier/cache/internal/Downloader$$Lambda+0x000002368231bbc8
instanceKlass  @bci coursier/cache/internal/Downloader $anonfun$download$3 (Lcoursier/cache/internal/Downloader;Lcoursier/cache/internal/DownloadResult;Ljava/lang/String;)Ljava/lang/Object; 35 <appendix> member <vmtarget> ; # coursier/cache/internal/Downloader$$Lambda+0x000002368231b7f8
instanceKlass  @bci coursier/cache/internal/Downloader $anonfun$download$3 (Lcoursier/cache/internal/Downloader;Lcoursier/cache/internal/DownloadResult;Ljava/lang/String;)Ljava/lang/Object; 17 <appendix> member <vmtarget> ; # coursier/cache/internal/Downloader$$Lambda+0x000002368231b518
instanceKlass  @bci coursier/cache/FileCache$ auxiliaryFile (Ljava/io/File;Ljava/lang/String;)Ljava/io/File; 16 <appendix> argL0 ; # coursier/cache/FileCache$$$Lambda+0x000002368231b150
instanceKlass  @bci coursier/cache/internal/Downloader $anonfun$download$2 (Lcoursier/cache/internal/Downloader;Lcoursier/cache/internal/DownloadResult;)Ljava/lang/Object; 16 <appendix> member <vmtarget> ; # coursier/cache/internal/Downloader$$Lambda+0x000002368231ad80
instanceKlass  @bci coursier/maven/MavenRepository find0 (Lcoursier/core/Module;Lcoursier/version/Version;Lscala/Function1;Lcoursier/util/Monad;)Lcoursier/util/EitherT; 13 <appendix> member <vmtarget> ; # coursier/maven/MavenRepository$$Lambda+0x000002368231a9b0
instanceKlass  @bci coursier/maven/MavenRepositoryInternal find (Lcoursier/core/Module;Lcoursier/version/Version;Lscala/Function1;Lcoursier/util/Monad;)Lcoursier/util/EitherT; 56 <appendix> member <vmtarget> ; # coursier/maven/MavenRepositoryInternal$$Lambda+0x000002368231a5e0
instanceKlass  @bci coursier/maven/MavenRepositoryInternal find (Lcoursier/core/Module;Lcoursier/version/Version;Lscala/Function1;Lcoursier/util/Monad;)Lcoursier/util/EitherT; 33 <appendix> member <vmtarget> ; # coursier/maven/MavenRepositoryInternal$$Lambda+0x000002368231a210
instanceKlass  @bci coursier/util/EitherT map (Lscala/Function1;Lcoursier/util/Monad;)Lcoursier/util/EitherT; 16 <appendix> member <vmtarget> ; # coursier/util/EitherT$$Lambda+0x0000023682319e40
instanceKlass  @bci coursier/maven/MavenRepositoryInternal findVersioning (Lcoursier/core/Module;Lcoursier/version/Version;Lscala/Option;Lscala/Function1;Lcoursier/util/Monad;)Lcoursier/util/EitherT; 12 <appendix> member <vmtarget> ; # coursier/maven/MavenRepositoryInternal$$Lambda+0x0000023682319a70
instanceKlass coursier/core/Project
instanceKlass  @bci coursier/maven/MavenRepositoryInternal pomProjectTask$1 (Lscala/Function1;Lcoursier/util/Monad;Lcoursier/version/Version;Lscala/collection/immutable/Seq;Ljava/lang/String;Lscala/Option;)Lcoursier/util/EitherT; 22 <appendix> member <vmtarget> ; # coursier/maven/MavenRepositoryInternal$$Lambda+0x0000023682319428
instanceKlass  @bci coursier/maven/MavenRepositoryInternal projectArtifact (Lscala/collection/immutable/Seq;Lcoursier/version/Version;)Lcoursier/util/Artifact; 47 <appendix> member <vmtarget> ; # coursier/maven/MavenRepositoryInternal$$Lambda+0x0000023682319148
instanceKlass  @bci coursier/maven/MavenRepositoryInternal pathFor$1 (Ljava/lang/String;Lscala/collection/immutable/Seq;Ljava/lang/String;Lscala/Option;Lcoursier/version/Version;)Lscala/collection/immutable/Seq; 24 <appendix> member <vmtarget> ; # coursier/maven/MavenRepositoryInternal$$Lambda+0x0000023682318e88
instanceKlass coursier/maven/MavenRepositoryInternal$
instanceKlass  @bci coursier/core/ResolutionProcess$ $anonfun$fetchOne$16 (Lscala/collection/immutable/Seq;Lscala/util/Either;)Lscala/util/Either; 5 <appendix> member <vmtarget> ; # coursier/core/ResolutionProcess$$$Lambda+0x00000236823188c0
instanceKlass  @bci coursier/cache/FileCache $anonfun$filePerPolicy0$1 (Lcoursier/cache/FileCache;Lcoursier/util/Artifact;Lscala/collection/immutable/Seq;)Lscala/util/Either; 94 <appendix> member <vmtarget> ; # coursier/cache/FileCache$$Lambda+0x0000023682318000
instanceKlass  @bci coursier/cache/FileCache $anonfun$filePerPolicy0$1 (Lcoursier/cache/FileCache;Lcoursier/util/Artifact;Lscala/collection/immutable/Seq;)Lscala/util/Either; 80 <appendix> argL0 ; # coursier/cache/FileCache$$Lambda+0x0000023682311b18
instanceKlass  @bci coursier/cache/FileCache $anonfun$filePerPolicy0$3 (Lcoursier/util/Artifact;Lscala/collection/immutable/Map;Lscala/Option;)Lscala/Option; 55 <appendix> member <vmtarget> ; # coursier/cache/FileCache$$Lambda+0x00000236823113d0
instanceKlass  @bci coursier/cache/FileCache $anonfun$filePerPolicy0$1 (Lcoursier/cache/FileCache;Lcoursier/util/Artifact;Lscala/collection/immutable/Seq;)Lscala/util/Either; 32 <appendix> member <vmtarget> ; # coursier/cache/FileCache$$Lambda+0x0000023682311000
instanceKlass  @bci coursier/cache/FileCache $anonfun$filePerPolicy0$1 (Lcoursier/cache/FileCache;Lcoursier/util/Artifact;Lscala/collection/immutable/Seq;)Lscala/util/Either; 1 <appendix> argL0 ; # coursier/cache/FileCache$$Lambda+0x0000023682313b00
instanceKlass  @bci coursier/cache/internal/Downloader $anonfun$download$2 (Lcoursier/cache/internal/Downloader;Lcoursier/cache/internal/DownloadResult;)Ljava/lang/Object; 108 <appendix> member <vmtarget> ; # coursier/cache/internal/Downloader$$Lambda+0x0000023682313730
instanceKlass  @bci coursier/cache/internal/Downloader checksumRes$1 (Ljava/lang/String;)Lscala/collection/immutable/Seq; 25 <appendix> member <vmtarget> ; # coursier/cache/internal/Downloader$$Lambda+0x0000023682313360
instanceKlass  @bci coursier/cache/internal/Downloader $anonfun$download$2 (Lcoursier/cache/internal/Downloader;Lcoursier/cache/internal/DownloadResult;)Ljava/lang/Object; 69 <appendix> member <vmtarget> ; # coursier/cache/internal/Downloader$$Lambda+0x0000023682312f90
instanceKlass coursier/cache/internal/DownloadResult$
instanceKlass coursier/cache/ArtifactError$NotFound$
instanceKlass  @bci coursier/util/EitherT leftFlatMap (Lscala/Function1;Lcoursier/util/Monad;)Lcoursier/util/EitherT; 17 <appendix> member <vmtarget> ; # coursier/util/EitherT$$Lambda+0x00000236823127a0
instanceKlass  @bci coursier/cache/FileCache filePerPolicy0 (Lcoursier/util/Artifact;Lcoursier/cache/CachePolicy;I)Lcoursier/util/EitherT; 53 <appendix> member <vmtarget> ; # coursier/cache/FileCache$$Lambda+0x00000236823123d0
instanceKlass  @bci coursier/cache/FileCache filePerPolicy0 (Lcoursier/util/Artifact;Lcoursier/cache/CachePolicy;I)Lcoursier/util/EitherT; 37 <appendix> member <vmtarget> ; # coursier/cache/FileCache$$Lambda+0x0000023682312000
instanceKlass  @bci coursier/cache/FileCache filePerPolicy0 (Lcoursier/util/Artifact;Lcoursier/cache/CachePolicy;I)Lcoursier/util/EitherT; 22 <appendix> member <vmtarget> ; # coursier/cache/FileCache$$Lambda+0x00000236823178d0
instanceKlass  @bci coursier/cache/internal/Downloader download ()Ljava/lang/Object; 25 <appendix> member <vmtarget> ; # coursier/cache/internal/Downloader$$Lambda+0x0000023682317500
instanceKlass  @bci coursier/cache/internal/Downloader downloadUrl (Ljava/lang/String;Z)Ljava/lang/Object; 105 <appendix> member <vmtarget> ; # coursier/cache/internal/Downloader$$Lambda+0x0000023682317130
instanceKlass coursier/cache/internal/DownloadResult
instanceKlass  @bci coursier/util/PlatformTaskCompanion schedule (Ljava/util/concurrent/ExecutorService;Lscala/Function0;)Lscala/Function1; 41 <appendix> member <vmtarget> ; # coursier/util/PlatformTaskCompanion$$Lambda+0x0000023682316ae8
instanceKlass  @bci coursier/cache/internal/Downloader checkFileExists (Ljava/io/File;Ljava/lang/String;Z)Ljava/lang/Object; 4 <appendix> member <vmtarget> ; # coursier/cache/internal/Downloader$$Lambda+0x0000023682316828
instanceKlass coursier/paths/CachePath
instanceKlass  @bci coursier/cache/internal/Downloader downloadUrl (Ljava/lang/String;Z)Ljava/lang/Object; 23 <appendix> argL0 ; # coursier/cache/internal/Downloader$$Lambda+0x0000023682315ff8
instanceKlass coursier/cache/internal/Downloader
instanceKlass coursier/cache/internal/Downloader$
instanceKlass  @bci coursier/cache/FileCache $anonfun$filePerPolicy$1 (Lcoursier/util/Artifact;Lscala/collection/immutable/Seq;)Lcoursier/util/Artifact; 22 <appendix> argL0 ; # coursier/cache/FileCache$$Lambda+0x00000236823151b0
instanceKlass coursier/core/Authentication
instanceKlass  @bci coursier/cache/FileCache $anonfun$filePerPolicy$1 (Lcoursier/util/Artifact;Lscala/collection/immutable/Seq;)Lcoursier/util/Artifact; 12 <appendix> member <vmtarget> ; # coursier/cache/FileCache$$Lambda+0x0000023682314b68
instanceKlass  @bci coursier/cache/FileCache allCredentials0$lzycompute ()Lscala/collection/immutable/Seq; 20 <appendix> argL0 ; # coursier/cache/FileCache$$Lambda+0x00000236823147a0
instanceKlass  @bci coursier/ivy/IvyRepository $anonfun$find0$3 (Lcoursier/ivy/IvyRepository;Lscala/Function1;Lcoursier/util/Monad;Lcoursier/version/Version;Lcoursier/util/Artifact;)Lcoursier/util/EitherT; 14 <appendix> member <vmtarget> ; # coursier/ivy/IvyRepository$$Lambda+0x00000236823143d0
instanceKlass  @bci coursier/cache/FileCache fetchPerPolicy (Lcoursier/util/Artifact;Lcoursier/cache/CachePolicy;)Lcoursier/util/EitherT; 163 <adapter> ; # java/lang/invoke/LambdaForm$MH+0x0000023682310c00
# instanceKlass java/lang/invoke/LambdaForm$DMH+0x0000023682310800
instanceKlass  @bci coursier/cache/FileCache fetchPerPolicy (Lcoursier/util/Artifact;Lcoursier/cache/CachePolicy;)Lcoursier/util/EitherT; 163 <appendix> form vmentry <vmtarget> ; # java/lang/invoke/LambdaForm$DMH+0x0000023682310400
instanceKlass  @bci coursier/cache/FileCache fetchPerPolicy (Lcoursier/util/Artifact;Lcoursier/cache/CachePolicy;)Lcoursier/util/EitherT; 163 <appendix> member <vmtarget> ; # coursier/cache/FileCache$$Lambda+0x0000023682314000
instanceKlass  @cpi coursier/cache/FileCache 728 form vmentry <vmtarget> ; # java/lang/invoke/LambdaForm$DMH+0x0000023682310000
instanceKlass  @bci coursier/util/EitherT leftMap (Lscala/Function1;Lcoursier/util/Monad;)Lcoursier/util/EitherT; 16 <appendix> member <vmtarget> ; # coursier/util/EitherT$$Lambda+0x0000023682304400
instanceKlass  @bci coursier/cache/FileCache fetchPerPolicy (Lcoursier/util/Artifact;Lcoursier/cache/CachePolicy;)Lcoursier/util/EitherT; 146 <appendix> argL0 ; # coursier/cache/FileCache$$Lambda+0x0000023682304a78
instanceKlass  @bci coursier/cache/FileCache filePerPolicy (Lcoursier/util/Artifact;Lcoursier/cache/CachePolicy;I)Lcoursier/util/EitherT; 59 <appendix> member <vmtarget> ; # coursier/cache/FileCache$$Lambda+0x000002368230fa18
instanceKlass  @bci coursier/cache/FileCache filePerPolicy (Lcoursier/util/Artifact;Lcoursier/cache/CachePolicy;I)Lcoursier/util/EitherT; 43 <appendix> argL0 ; # coursier/cache/FileCache$$Lambda+0x000002368230f650
instanceKlass  @bci coursier/cache/FileCache filePerPolicy (Lcoursier/util/Artifact;Lcoursier/cache/CachePolicy;I)Lcoursier/util/EitherT; 15 <appendix> member <vmtarget> ; # coursier/cache/FileCache$$Lambda+0x000002368230f280
instanceKlass  @bci coursier/cache/FileCache allCredentials ()Ljava/lang/Object; 5 <appendix> member <vmtarget> ; # coursier/cache/FileCache$$Lambda+0x000002368230efc0
instanceKlass  @bci coursier/core/ResolutionProcess$ $anonfun$fetchOne$15 (Lcoursier/core/Repository;Lcoursier/core/Module;Lcoursier/version/VersionConstraint;Lscala/Function1;Lcoursier/util/Gather;Lscala/util/Either;)Ljava/lang/Object; 53 <appendix> member <vmtarget> ; # coursier/core/ResolutionProcess$$$Lambda+0x000002368230ebf0
instanceKlass  @bci coursier/util/EitherT flatMap (Lscala/Function1;Lcoursier/util/Monad;)Lcoursier/util/EitherT; 17 <appendix> member <vmtarget> ; # coursier/util/EitherT$$Lambda+0x000002368230e820
instanceKlass  @bci coursier/ivy/IvyRepository find0 (Lcoursier/core/Module;Lcoursier/version/Version;Lscala/Function1;Lcoursier/util/Monad;)Lcoursier/util/EitherT; 68 <appendix> member <vmtarget> ; # coursier/ivy/IvyRepository$$Lambda+0x000002368230e450
instanceKlass coursier/core/Repository$ArtifactExtensions$
instanceKlass coursier/util/Artifact$
instanceKlass  @bci coursier/ivy/IvyRepository $anonfun$find0$1 (Lcoursier/ivy/IvyRepository;Lcoursier/version/Version;Ljava/lang/String;)Lcoursier/util/Artifact; 7 <appendix> member <vmtarget> ; # coursier/ivy/IvyRepository$$Lambda+0x000002368230dd60
instanceKlass  @bci coursier/ivy/IvyRepository find0 (Lcoursier/core/Module;Lcoursier/version/Version;Lscala/Function1;Lcoursier/util/Monad;)Lcoursier/util/EitherT; 37 <appendix> member <vmtarget> ; # coursier/ivy/IvyRepository$$Lambda+0x000002368230d990
instanceKlass  @bci coursier/ivy/Pattern substituteVariables (Lscala/collection/immutable/Map;)Lscala/util/Either; 116 <appendix> member <vmtarget> ; # coursier/ivy/Pattern$$Lambda+0x000002368230d5c0
instanceKlass  @bci coursier/ivy/Pattern helper$1 (Lscala/collection/immutable/Seq;Lscala/collection/immutable/Map;)Lcoursier/util/ValidationNel; 16 <appendix> argL0 ; # coursier/ivy/Pattern$$Lambda+0x000002368230d1f8
instanceKlass  @bci coursier/util/Traverse$TraverseOps validationNelTraverse (Lscala/Function1;)Lcoursier/util/ValidationNel; 43 <appendix> argL0 ; # coursier/util/Traverse$TraverseOps$$Lambda+0x000002368230ce30
instanceKlass  @bci coursier/util/Traverse$TraverseOps validationNelTraverse (Lscala/Function1;)Lcoursier/util/ValidationNel; 35 <appendix> argL0 ; # coursier/util/Traverse$TraverseOps$$Lambda+0x000002368230ca68
instanceKlass scala/util/Either$LeftProjection
instanceKlass coursier/util/ValidationNel$FailureBuilder
instanceKlass coursier/util/ValidationNel$SuccessBuilder
instanceKlass coursier/util/ValidationNel$
instanceKlass  @bci coursier/util/Traverse$TraverseOps validationNelTraverse (Lscala/Function1;)Lcoursier/util/ValidationNel; 19 <appendix> member <vmtarget> ; # coursier/util/Traverse$TraverseOps$$Lambda+0x000002368230bc28
instanceKlass  @bci coursier/ivy/Pattern helper$1 (Lscala/collection/immutable/Seq;Lscala/collection/immutable/Map;)Lcoursier/util/ValidationNel; 8 <appendix> member <vmtarget> ; # coursier/ivy/Pattern$$Lambda+0x000002368230b858
instanceKlass coursier/util/ValidationNel
instanceKlass coursier/util/Traverse$TraverseOps
instanceKlass coursier/util/Traverse$
instanceKlass scala/runtime/AbstractFunction2
instanceKlass  @bci coursier/ivy/IvyRepository variables (Lcoursier/core/Module;Lscala/Option;Ljava/lang/String;Ljava/lang/String;Ljava/lang/String;Lscala/Option;)Lscala/collection/immutable/Map; 161 <appendix> argL0 ; # coursier/ivy/IvyRepository$$Lambda+0x000002368230a078
instanceKlass  @bci coursier/ivy/IvyRepository variables (Lcoursier/core/Module;Lscala/Option;Ljava/lang/String;Ljava/lang/String;Ljava/lang/String;Lscala/Option;)Lscala/collection/immutable/Map; 133 <appendix> argL0 ; # coursier/ivy/IvyRepository$$Lambda+0x0000023682305bd0
instanceKlass scala/collection/mutable/SeqMap
instanceKlass  @bci scala/concurrent/Future$ sequence (Lscala/collection/IterableOnce;Lscala/collection/BuildFrom;Lscala/concurrent/ExecutionContext;)Lscala/concurrent/Future; 31 <appendix> argL0 ; # scala/concurrent/Future$$$Lambda+0x0000023682307b00
instanceKlass  @bci scala/concurrent/impl/Promise$DefaultPromise zipWith (Lscala/concurrent/Future;Lscala/Function2;Lscala/concurrent/ExecutionContext;)Lscala/concurrent/Future; 54 <appendix> member <vmtarget> ; # scala/concurrent/impl/Promise$DefaultPromise$$Lambda+0x0000023682307730
instanceKlass  @bci scala/concurrent/Future$ sequence (Lscala/collection/IterableOnce;Lscala/collection/BuildFrom;Lscala/concurrent/ExecutionContext;)Lscala/concurrent/Future; 18 <appendix> member <vmtarget> ; # scala/concurrent/Future$$$Lambda+0x0000023682307180
instanceKlass scala/collection/BuildFromLowPriority2$$anon$11
instanceKlass scala/collection/BuildFrom$$anon$6
instanceKlass scala/collection/BuildFrom$$anon$5
instanceKlass scala/collection/BuildFrom$
instanceKlass scala/collection/BuildFromLowPriority1
instanceKlass scala/collection/BuildFromLowPriority2
instanceKlass  @bci coursier/ivy/IvyRepository metadataPattern ()Lcoursier/ivy/Pattern; 5 <appendix> member <vmtarget> ; # coursier/ivy/IvyRepository$$Lambda+0x00000236823063d0
instanceKlass  @bci coursier/util/TaskSync $anonfun$gather$1 (Lscala/collection/immutable/Seq;Lscala/concurrent/ExecutionContext;)Lscala/concurrent/Future; 5 <appendix> member <vmtarget> ; # coursier/util/TaskSync$$Lambda+0x0000023682306000
instanceKlass  @bci coursier/core/ResolutionProcess$ $anonfun$fetchAll$11 (Lscala/Function1;Lscala/collection/immutable/Seq;Lcoursier/util/Monad;Lscala/collection/immutable/Vector;)Ljava/lang/Object; 15 <appendix> member <vmtarget> ; # coursier/core/ResolutionProcess$$$Lambda+0x00000236823039a0
instanceKlass  @bci coursier/core/ResolutionProcess$ $anonfun$fetch0$1 (Lcoursier/util/Gather;Lscala/collection/immutable/Seq;Lscala/Function1;Lscala/collection/immutable/Seq;Lscala/collection/immutable/Seq;)Ljava/lang/Object; 32 <appendix> argL0 ; # coursier/core/ResolutionProcess$$$Lambda+0x00000236823035d8
instanceKlass  @bci coursier/util/TaskSync gather (Lscala/collection/immutable/Seq;)Lscala/Function1; 1 <appendix> member <vmtarget> ; # coursier/util/TaskSync$$Lambda+0x0000023682303208
instanceKlass  @bci coursier/core/ResolutionProcess$ $anonfun$fetch0$2 (Lscala/collection/immutable/Seq;Lscala/Function1;Lscala/collection/immutable/Seq;Lcoursier/util/Gather;Lscala/Tuple2;)Ljava/lang/Object; 57 <appendix> member <vmtarget> ; # coursier/core/ResolutionProcess$$$Lambda+0x0000023682302e38
instanceKlass  @bci coursier/util/EitherT orElse (Lscala/Function0;Lcoursier/util/Monad;)Lcoursier/util/EitherT; 17 <appendix> member <vmtarget> ; # coursier/util/EitherT$$Lambda+0x0000023682302a68
instanceKlass  @bci coursier/core/ResolutionProcess$ $anonfun$fetchOne$20 (Lcoursier/util/Gather;Lscala/collection/immutable/Seq;Lcoursier/core/Module;Lcoursier/version/VersionConstraint;Lcoursier/util/EitherT;Lscala/Function1;)Lcoursier/util/EitherT; 8 <appendix> member <vmtarget> ; # coursier/core/ResolutionProcess$$$Lambda+0x00000236823027a8
instanceKlass  @bci coursier/core/ResolutionProcess$ fetchOne (Lscala/collection/immutable/Seq;Lcoursier/core/Module;Lcoursier/version/VersionConstraint;Lscala/Function1;Lscala/collection/immutable/Seq;Lcoursier/util/Gather;)Lcoursier/util/EitherT; 143 <appendix> member <vmtarget> ; # coursier/core/ResolutionProcess$$$Lambda+0x00000236823021f8
instanceKlass  @bci coursier/core/ResolutionProcess$ get$1 (Lscala/Function1;Lscala/collection/immutable/Seq;Lcoursier/util/Gather;Lcoursier/core/Module;Lcoursier/version/VersionConstraint;)Lcoursier/util/EitherT; 43 <appendix> argL0 ; # coursier/core/ResolutionProcess$$$Lambda+0x0000023682301e30
instanceKlass  @bci coursier/maven/PomParser$State $anonfun$project$15 (Lcoursier/maven/PomParser$State;Lscala/Option;Lscala/util/Either;Lscala/collection/immutable/List;Ljava/lang/String;)Lscala/util/Either; 26 <appendix> form vmentry <vmtarget> ; # java/lang/invoke/LambdaForm$DMH+0x0000023682304000
instanceKlass  @bci coursier/core/ResolutionProcess$ $anonfun$fetchOne$14 (Lcoursier/util/Gather;Lcoursier/core/Module;Lcoursier/version/VersionConstraint;Lscala/Function1;Ljava/lang/Object;Lcoursier/core/Repository;)Ljava/lang/Object; 50 <appendix> member <vmtarget> ; # coursier/core/ResolutionProcess$$$Lambda+0x0000023682301a60
instanceKlass  @bci coursier/core/ResolutionProcess$ get$1 (Lscala/Function1;Lscala/collection/immutable/Seq;Lcoursier/util/Gather;Lcoursier/core/Module;Lcoursier/version/VersionConstraint;)Lcoursier/util/EitherT; 29 <appendix> member <vmtarget> ; # coursier/core/ResolutionProcess$$$Lambda+0x00000236823014b0
instanceKlass  @bci coursier/version/VersionParse$ eagerVersionConstraint (Ljava/lang/String;)Lcoursier/version/VersionConstraint$Eager; 32 <appendix> member <vmtarget> ; # coursier/version/VersionParse$$$Lambda+0x00000236823011f0
instanceKlass  @bci coursier/version/VersionParse$ $anonfun$eagerVersionConstraint$5 (Ljava/lang/String;)Lscala/Option; 17 <appendix> member <vmtarget> ; # coursier/version/VersionParse$$$Lambda+0x0000023682300e20
instanceKlass  @bci coursier/version/VersionParse$ multiVersionInterval (Ljava/lang/String;)Lscala/Option; 29 <appendix> argL0 ; # coursier/version/VersionParse$$$Lambda+0x0000023682300a58
instanceKlass  @bci coursier/version/VersionParse$ multiVersionInterval (Ljava/lang/String;)Lscala/Option; 10 <appendix> argL0 ; # coursier/version/VersionParse$$$Lambda+0x0000023682300690
instanceKlass  @bci coursier/version/VersionParse$ $anonfun$eagerVersionConstraint$5 (Ljava/lang/String;)Lscala/Option; 8 <appendix> member <vmtarget> ; # coursier/version/VersionParse$$$Lambda+0x00000236823003d0
instanceKlass  @bci coursier/version/VersionParse$ versionInterval (Ljava/lang/String;)Lscala/Option; 51 <appendix> member <vmtarget> ; # coursier/version/VersionParse$$$Lambda+0x0000023682300000
instanceKlass  @bci coursier/version/VersionParse$ eagerVersionConstraint (Ljava/lang/String;)Lcoursier/version/VersionConstraint$Eager; 23 <appendix> member <vmtarget> ; # coursier/version/VersionParse$$$Lambda+0x00000236822fdc68
instanceKlass  @bci coursier/version/VersionParse$ $anonfun$eagerVersionConstraint$3 (Ljava/lang/String;)Lscala/Option; 8 <appendix> member <vmtarget> ; # coursier/version/VersionParse$$$Lambda+0x00000236822fd898
instanceKlass  @bci coursier/version/VersionParse$ eagerVersionConstraint (Ljava/lang/String;)Lcoursier/version/VersionConstraint$Eager; 14 <appendix> member <vmtarget> ; # coursier/version/VersionParse$$$Lambda+0x00000236822fd5d8
instanceKlass  @bci coursier/version/VersionParse$ $anonfun$eagerVersionConstraint$1 (Ljava/lang/String;)Lscala/Option; 8 <appendix> member <vmtarget> ; # coursier/version/VersionParse$$$Lambda+0x00000236822fd208
instanceKlass coursier/version/Latest$
instanceKlass  @bci coursier/version/VersionParse$ eagerVersionConstraint (Ljava/lang/String;)Lcoursier/version/VersionConstraint$Eager; 5 <appendix> member <vmtarget> ; # coursier/version/VersionParse$$$Lambda+0x00000236822ffb58
instanceKlass  @bci coursier/core/ResolutionProcess$ $anonfun$fetch0$1 (Lcoursier/util/Gather;Lscala/collection/immutable/Seq;Lscala/Function1;Lscala/collection/immutable/Seq;Lscala/collection/immutable/Seq;)Ljava/lang/Object; 10 <appendix> member <vmtarget> ; # coursier/core/ResolutionProcess$$$Lambda+0x00000236822ff788
instanceKlass  @bci coursier/cache/CacheLogger$Using $anonfun$apply$2 (Lcoursier/cache/CacheLogger$Using;Lcoursier/util/Sync;Ljava/lang/Object;Lscala/runtime/BoxedUnit;)Ljava/lang/Object; 19 <appendix> member <vmtarget> ; # coursier/cache/CacheLogger$Using$$Lambda+0x00000236822ff3b8
instanceKlass  @bci coursier/util/Task$ handle$extension (Lscala/Function1;Lscala/PartialFunction;)Lscala/Function1; 2 <appendix> member <vmtarget> ; # coursier/util/Task$$$Lambda+0x00000236822fefe8
instanceKlass  @bci coursier/util/Sync attempt (Ljava/lang/Object;)Ljava/lang/Object; 3 <appendix> argL0 ; # coursier/util/Sync$$Lambda+0x00000236822fe798
instanceKlass  @bci coursier/Resolve ioWithConflicts0 (Lscala/Function1;)Ljava/lang/Object; 104 <appendix> member <vmtarget> ; # coursier/Resolve$$Lambda+0x00000236822fe3c8
instanceKlass  @bci coursier/Resolve $anonfun$through$1 ()Lscala/Function1; 0 <appendix> argL0 ; # coursier/Resolve$$Lambda+0x00000236822fe000
instanceKlass  @bci coursier/Resolve through ()Lscala/Function1; 4 <appendix> argL0 ; # coursier/Resolve$$Lambda+0x00000236822fbcf0
instanceKlass  @bci coursier/cache/CacheLogger$Using apply (Ljava/lang/Object;Lcoursier/util/Sync;)Ljava/lang/Object; 22 <appendix> member <vmtarget> ; # coursier/cache/CacheLogger$Using$$Lambda+0x00000236822fb920
instanceKlass  @bci coursier/cache/CacheLogger$Using apply (Ljava/lang/Object;Lcoursier/util/Sync;)Ljava/lang/Object; 5 <appendix> member <vmtarget> ; # coursier/cache/CacheLogger$Using$$Lambda+0x00000236822fb640
instanceKlass coursier/cache/CacheLogger$Using
instanceKlass  @bci coursier/cache/FileCache filePerPolicy0 (Lcoursier/util/Artifact;Lcoursier/cache/CachePolicy;I)Lcoursier/util/EitherT; 53 <adapter> ; # java/lang/invoke/LambdaForm$MH+0x00000236822fcc00
# instanceKlass java/lang/invoke/LambdaForm$DMH+0x00000236822fc800
instanceKlass  @bci coursier/cache/FileCache filePerPolicy0 (Lcoursier/util/Artifact;Lcoursier/cache/CachePolicy;I)Lcoursier/util/EitherT; 53 <appendix> form vmentry <vmtarget> ; # java/lang/invoke/LambdaForm$DMH+0x00000236822fc400
instanceKlass  @bci coursier/core/ResolutionProcess run0 (Lscala/Function1;ILcoursier/util/Monad;)Ljava/lang/Object; 104 <appendix> member <vmtarget> ; # coursier/core/ResolutionProcess$$Lambda+0x00000236822fb060
instanceKlass  @cpi coursier/cache/FileCache 627 form vmentry <vmtarget> ; # java/lang/invoke/LambdaForm$DMH+0x00000236822fc000
instanceKlass  @bci coursier/core/ResolutionProcess$ $anonfun$fetchAll$10 (Lcoursier/util/Monad;Lscala/Function1;Ljava/lang/Object;Lscala/collection/immutable/Seq;)Ljava/lang/Object; 11 <appendix> member <vmtarget> ; # coursier/core/ResolutionProcess$$$Lambda+0x00000236822fac90
instanceKlass  @bci coursier/core/ResolutionProcess$ fetchAll (Lscala/collection/immutable/Seq;Lscala/Function1;Lcoursier/util/Monad;)Ljava/lang/Object; 24 <appendix> member <vmtarget> ; # coursier/core/ResolutionProcess$$$Lambda+0x00000236822fa6e0
instanceKlass  @bci coursier/util/Task$ point (Ljava/lang/Object;)Lscala/Function1; 9 <appendix> member <vmtarget> ; # coursier/util/Task$$$Lambda+0x00000236822fa310
instanceKlass  @bci scala/collection/immutable/LazyList$ scala$collection$immutable$LazyList$$eagerHeadFromIterator (Lscala/collection/Iterator;)Lscala/collection/immutable/LazyList; 16 <appendix> member <vmtarget> ; # scala/collection/immutable/LazyList$$$Lambda+0x00000236822fa050
instanceKlass scala/collection/immutable/LazyList$MidEvaluation$
instanceKlass scala/collection/immutable/LazyList$Uninitialized$
instanceKlass  @bci scala/collection/immutable/LazyList$ from (Lscala/collection/IterableOnce;)Lscala/collection/immutable/LazyList; 28 <appendix> member <vmtarget> ; # scala/collection/immutable/LazyList$$$Lambda+0x00000236822f8fc0
instanceKlass scala/collection/compat/immutable/package$
instanceKlass  @bci coursier/core/ResolutionProcess$ uniqueModules$1 (Lscala/collection/immutable/Seq;)Lscala/collection/immutable/LazyList; 44 <appendix> argL0 ; # coursier/core/ResolutionProcess$$$Lambda+0x00000236822f71e0
instanceKlass  @bci coursier/core/ResolutionProcess$ uniqueModules$1 (Lscala/collection/immutable/Seq;)Lscala/collection/immutable/LazyList; 29 <appendix> argL0 ; # coursier/core/ResolutionProcess$$$Lambda+0x00000236822f6e18
instanceKlass  @bci coursier/core/ResolutionProcess$ uniqueModules$1 (Lscala/collection/immutable/Seq;)Lscala/collection/immutable/LazyList; 16 <appendix> argL0 ; # coursier/core/ResolutionProcess$$$Lambda+0x00000236822f6a50
instanceKlass  @bci coursier/core/ResolutionProcess$ uniqueModules$1 (Lscala/collection/immutable/Seq;)Lscala/collection/immutable/LazyList; 1 <appendix> argL0 ; # coursier/core/ResolutionProcess$$$Lambda+0x00000236822f6688
instanceKlass  @bci coursier/core/ResolutionProcess$ apply (Lcoursier/core/Resolution;)Lcoursier/core/ResolutionProcess; 33 <appendix> argL0 ; # coursier/core/ResolutionProcess$$$Lambda+0x00000236822f5fe8
instanceKlass coursier/core/Missing$
instanceKlass  @bci coursier/core/Resolution missingFromCache$lzycompute ()Lscala/collection/immutable/Set; 98 <appendix> member <vmtarget> ; # coursier/core/Resolution$$Lambda+0x00000236822f5a10
instanceKlass  @bci coursier/core/Resolution missingFromCache$lzycompute ()Lscala/collection/immutable/Set; 68 <appendix> argL0 ; # coursier/core/Resolution$$Lambda+0x00000236822f5648
instanceKlass  @bci scala/collection/StrictOptimizedMapOps collect (Lscala/PartialFunction;)Lscala/collection/IterableOps; 47 <appendix> member <vmtarget> ; # scala/collection/StrictOptimizedMapOps$$Lambda+0x00000236822f5278
instanceKlass  @bci scala/collection/StrictOptimizedIterableOps collect (Lscala/PartialFunction;)Ljava/lang/Object; 47 <appendix> member <vmtarget> ; # scala/collection/StrictOptimizedIterableOps$$Lambda+0x00000236822f4598
instanceKlass  @bci coursier/core/Resolution$ $anonfun$merge0$7 (Lscala/collection/immutable/Map;Lscala/collection/immutable/Map;Lscala/Option;Lscala/Tuple2;)Lscala/Tuple2; 89 <appendix> argL0 ; # coursier/core/Resolution$$$Lambda+0x00000236822f29b0
instanceKlass  @bci coursier/core/Resolution$ $anonfun$merge0$7 (Lscala/collection/immutable/Map;Lscala/collection/immutable/Map;Lscala/Option;Lscala/Tuple2;)Lscala/Tuple2; 50 <appendix> member <vmtarget> ; # coursier/core/Resolution$$$Lambda+0x00000236822f26f0
instanceKlass  @bci coursier/core/Resolution$ $anonfun$merge0$7 (Lscala/collection/immutable/Map;Lscala/collection/immutable/Map;Lscala/Option;Lscala/Tuple2;)Lscala/Tuple2; 39 <appendix> member <vmtarget> ; # coursier/core/Resolution$$$Lambda+0x00000236822f2430
instanceKlass  @bci coursier/core/Resolution$ merge0 (Lscala/collection/immutable/Seq;Lscala/collection/immutable/Map;Lscala/Option;Z)Lscala/Tuple3; 78 <appendix> member <vmtarget> ; # coursier/core/Resolution$$$Lambda+0x00000236822f2060
instanceKlass  @bci scala/collection/IterableOps groupBy (Lscala/Function1;)Lscala/collection/immutable/Map; 48 <appendix> member <vmtarget> ; # scala/collection/IterableOps$$Lambda+0x00000236822f0a00
instanceKlass  @bci coursier/core/Resolution$ merge0 (Lscala/collection/immutable/Seq;Lscala/collection/immutable/Map;Lscala/Option;Z)Lscala/Tuple3; 66 <appendix> argL0 ; # coursier/core/Resolution$$$Lambda+0x00000236822f0638
instanceKlass  @bci coursier/core/Resolution$ merge0 (Lscala/collection/immutable/Seq;Lscala/collection/immutable/Map;Lscala/Option;Z)Lscala/Tuple3; 41 <appendix> argL0 ; # coursier/core/Resolution$$$Lambda+0x00000236822f0270
instanceKlass  @bci coursier/core/Resolution$ merge0 (Lscala/collection/immutable/Seq;Lscala/collection/immutable/Map;Lscala/Option;Z)Lscala/Tuple3; 31 <appendix> argL0 ; # coursier/core/Resolution$$$Lambda+0x00000236822efbd0
instanceKlass  @bci coursier/core/DependencyManagement$ addAll (Lscala/collection/immutable/Map;Lscala/collection/immutable/Seq;Z)Lscala/collection/Map; 1 <appendix> argL0 ; # coursier/core/DependencyManagement$$$Lambda+0x00000236822ef808
instanceKlass coursier/core/DependencyManagement$
instanceKlass  @bci coursier/core/Overrides$Impl filter (Lscala/Function2;)Lcoursier/core/Overrides; 5 <appendix> member <vmtarget> ; # coursier/core/Overrides$Impl$$Lambda+0x00000236822ee710
instanceKlass  @bci coursier/core/Overrides global$lzycompute ()Lcoursier/core/Overrides; 17 <appendix> argL0 ; # coursier/core/Overrides$$Lambda+0x00000236822ee168
instanceKlass coursier/core/DependencyManagement$Values
instanceKlass  @bci coursier/core/Resolution$ merge0 (Lscala/collection/immutable/Seq;Lscala/collection/immutable/Map;Lscala/Option;Z)Lscala/Tuple3; 16 <appendix> argL0 ; # coursier/core/Resolution$$$Lambda+0x00000236822edb28
instanceKlass  @bci coursier/core/Resolution$ merge0 (Lscala/collection/immutable/Seq;Lscala/collection/immutable/Map;Lscala/Option;Z)Lscala/Tuple3; 6 <appendix> argL0 ; # coursier/core/Resolution$$$Lambda+0x00000236822ed760
instanceKlass  @bci coursier/core/Resolution transitiveDependenciesAndErrors$lzycompute ()Lscala/Tuple2; 66 <appendix> argL0 ; # coursier/core/Resolution$$Lambda+0x00000236822ed398
instanceKlass  @bci coursier/core/Resolution transitiveDependenciesAndErrors$lzycompute ()Lscala/Tuple2; 37 <appendix> member <vmtarget> ; # coursier/core/Resolution$$Lambda+0x00000236822ecb40
instanceKlass  @bci coursier/core/DependencySet minimizedSet$lzycompute ()Lscala/collection/immutable/Set; 25 <appendix> argL0 ; # coursier/core/DependencySet$$Lambda+0x00000236822ec778
instanceKlass coursier/core/DependencyManagement$Key
instanceKlass coursier/core/DependencyManagement$Key$
instanceKlass  @bci coursier/core/Resolution $anonfun$processedRootDependencies$3 (Lcoursier/core/Resolution;Lcoursier/core/Dependency;)Lcoursier/core/Dependency; 15 <appendix> argL0 ; # coursier/core/Resolution$$Lambda+0x00000236822ebd28
instanceKlass  @bci coursier/core/Resolution processedRootDependencies$lzycompute ()Lscala/collection/immutable/Seq; 75 <appendix> member <vmtarget> ; # coursier/core/Resolution$$Lambda+0x00000236822eb958
instanceKlass  @bci coursier/core/Overrides$Impl isEmpty ()Z 4 <appendix> argL0 ; # coursier/core/Overrides$Impl$$Lambda+0x00000236822eb590
instanceKlass scala/collection/SeqFactory$UnapplySeqWrapper
instanceKlass scala/collection/SeqFactory$UnapplySeqWrapper$
instanceKlass  @bci coursier/core/Overrides$ add (Lscala/collection/immutable/Seq;)Lcoursier/core/Overrides; 1 <appendix> argL0 ; # coursier/core/Overrides$$$Lambda+0x00000236822eadb0
instanceKlass  @bci coursier/core/Resolution bomEntries (Lscala/collection/immutable/Seq;)Lcoursier/core/Overrides; 5 <appendix> member <vmtarget> ; # coursier/core/Resolution$$Lambda+0x00000236822ea9e0
instanceKlass  @bci coursier/core/Resolution$ coursier$core$Resolution$$withDefaultConfig (Lcoursier/core/Dependency;Ljava/lang/String;)Lcoursier/core/Dependency; 7 <appendix> argL0 ; # coursier/core/Resolution$$$Lambda+0x00000236822ea618
instanceKlass  @bci coursier/core/Resolution processedRootDependencies$lzycompute ()Lscala/collection/immutable/Seq; 29 <appendix> member <vmtarget> ; # coursier/core/Resolution$$Lambda+0x00000236822ea248
instanceKlass  @bci coursier/core/Resolution hasAllBoms$lzycompute ()Z 21 <appendix> member <vmtarget> ; # coursier/core/Resolution$$Lambda+0x00000236822e9e78
instanceKlass  @bci coursier/core/Resolution missingFromCache$lzycompute ()Lscala/collection/immutable/Set; 44 <appendix> argL0 ; # coursier/core/Resolution$$Lambda+0x00000236822e9ab0
instanceKlass  @bci coursier/core/Resolution missingFromCache$lzycompute ()Lscala/collection/immutable/Set; 21 <appendix> argL0 ; # coursier/core/Resolution$$Lambda+0x00000236822e96e8
instanceKlass  @bci coursier/core/Resolution allBomModuleVersions$lzycompute ()Lscala/collection/immutable/Seq; 24 <appendix> argL0 ; # coursier/core/Resolution$$Lambda+0x00000236822e9320
instanceKlass  @bci coursier/core/Resolution globalBomModuleVersions$lzycompute ()Lscala/collection/immutable/Seq; 58 <appendix> member <vmtarget> ; # coursier/core/Resolution$$Lambda+0x00000236822e8f50
instanceKlass  @bci coursier/core/Resolution globalBomModuleVersions$lzycompute ()Lscala/collection/immutable/Seq; 37 <appendix> member <vmtarget> ; # coursier/core/Resolution$$Lambda+0x00000236822e8b80
instanceKlass  @bci coursier/core/Resolution globalBomModuleVersions$lzycompute ()Lscala/collection/immutable/Seq; 23 <appendix> argL0 ; # coursier/core/Resolution$$Lambda+0x00000236822e87b8
instanceKlass coursier/core/ResolutionInternals$
instanceKlass  @bci coursier/Resolve$ initialResolution (Lscala/collection/immutable/Seq;Lcoursier/params/ResolutionParams;Lscala/Option;Lscala/Option;Lscala/collection/immutable/Seq;)Lcoursier/core/Resolution; 754 <appendix> argL0 ; # coursier/Resolve$$$Lambda+0x00000236822e82d8
instanceKlass  @bci coursier/Resolve$ initialResolution (Lscala/collection/immutable/Seq;Lcoursier/params/ResolutionParams;Lscala/Option;Lscala/Option;Lscala/collection/immutable/Seq;)Lcoursier/core/Resolution; 736 <appendix> argL0 ; # coursier/Resolve$$$Lambda+0x00000236822e8000
instanceKlass  @bci coursier/Resolve$ initialResolution (Lscala/collection/immutable/Seq;Lcoursier/params/ResolutionParams;Lscala/Option;Lscala/Option;Lscala/collection/immutable/Seq;)Lcoursier/core/Resolution; 718 <appendix> argL0 ; # coursier/Resolve$$$Lambda+0x00000236822e7c50
instanceKlass  @bci coursier/params/ResolutionParams $anonfun$finalDefaultVariantAttributes$1 (Lcoursier/params/ResolutionParams;)Lcoursier/core/VariantSelector$AttributesBased; 13 <appendix> argL0 ; # coursier/params/ResolutionParams$$Lambda+0x00000236822e7998
instanceKlass coursier/core/VariantSelector$VariantMatcher$Equals$
instanceKlass coursier/core/VariantSelector$VariantMatcher
instanceKlass coursier/core/VariantSelector$VariantMatcher$
instanceKlass  @bci coursier/params/ResolutionParams finalDefaultVariantAttributes ()Lcoursier/core/VariantSelector$AttributesBased; 5 <appendix> member <vmtarget> ; # coursier/params/ResolutionParams$$Lambda+0x00000236822e6238
instanceKlass coursier/version/internal/Compatibility$RichChar$
instanceKlass  @bci coursier/version/VersionParse$ version (Ljava/lang/String;)Lscala/Option; 22 <appendix> argL0 ; # coursier/version/VersionParse$$$Lambda+0x00000236822e5c68
instanceKlass coursier/version/internal/Compatibility$
instanceKlass coursier/version/VersionParse$
instanceKlass  @bci coursier/Resolve$ $anonfun$initialResolution$8 (Lcoursier/params/ResolutionParams;)Lscala/Option; 19 <appendix> argL0 ; # coursier/Resolve$$$Lambda+0x00000236822e5490
instanceKlass  @bci coursier/Resolve$ initialResolution (Lscala/collection/immutable/Seq;Lcoursier/params/ResolutionParams;Lscala/Option;Lscala/Option;Lscala/collection/immutable/Seq;)Lcoursier/core/Resolution; 612 <appendix> member <vmtarget> ; # coursier/Resolve$$$Lambda+0x00000236822e51d0
instanceKlass  @bci coursier/core/Activation$Os$ fromProperties (Lscala/collection/immutable/Map;)Lcoursier/core/Activation$Os; 64 <appendix> argL0 ; # coursier/core/Activation$Os$$$Lambda+0x00000236822e4e08
instanceKlass  @bci coursier/core/Activation$Os$ fromProperties (Lscala/collection/immutable/Map;)Lcoursier/core/Activation$Os; 44 <appendix> argL0 ; # coursier/core/Activation$Os$$$Lambda+0x00000236822e4b50
instanceKlass  @bci coursier/core/Activation$Os$ families (Ljava/lang/String;Ljava/lang/String;)Lscala/collection/immutable/Set; 5 <appendix> member <vmtarget> ; # coursier/core/Activation$Os$$$Lambda+0x00000236822e4780
instanceKlass  @bci coursier/core/Activation$Os$ $anonfun$fromProperties$3 (Lscala/collection/immutable/Map;Ljava/lang/String;)Lscala/Option; 10 <appendix> member <vmtarget> ; # coursier/core/Activation$Os$$$Lambda+0x00000236822e43b0
instanceKlass  @bci coursier/core/Activation$Os$ fromProperties (Lscala/collection/immutable/Map;)Lcoursier/core/Activation$Os; 36 <appendix> member <vmtarget> ; # coursier/core/Activation$Os$$$Lambda+0x00000236822e3fe0
instanceKlass  @bci coursier/core/Activation$Os$ fromProperties (Lscala/collection/immutable/Map;)Lcoursier/core/Activation$Os; 26 <appendix> argL0 ; # coursier/core/Activation$Os$$$Lambda+0x00000236822e3c18
instanceKlass  @bci coursier/core/Activation$Os$ fromProperties (Lscala/collection/immutable/Map;)Lcoursier/core/Activation$Os; 8 <appendix> argL0 ; # coursier/core/Activation$Os$$$Lambda+0x00000236822e3850
instanceKlass  @bci scala/sys/SystemProperties $anonfun$iterator$1 (Lscala/sys/SystemProperties;)Lscala/collection/Iterator; 19 <appendix> argL0 ; # scala/sys/SystemProperties$$Lambda+0x00000236822e2ac8
instanceKlass  @bci scala/sys/SystemProperties $anonfun$iterator$1 (Lscala/sys/SystemProperties;)Lscala/collection/Iterator; 9 <appendix> member <vmtarget> ; # scala/sys/SystemProperties$$Lambda+0x00000236822e26f8
instanceKlass scala/collection/convert/AsScalaExtensions$SetHasAsScala
instanceKlass  @bci scala/sys/SystemProperties names ()Lscala/collection/Iterator; 1 <appendix> argL0 ; # scala/sys/SystemProperties$$Lambda+0x00000236822e0950
instanceKlass  @bci scala/sys/SystemProperties iterator ()Lscala/collection/Iterator; 2 <appendix> member <vmtarget> ; # scala/sys/SystemProperties$$Lambda+0x00000236822e0690
instanceKlass  @bci coursier/Resolve$ initialResolution (Lscala/collection/immutable/Seq;Lcoursier/params/ResolutionParams;Lscala/Option;Lscala/Option;Lscala/collection/immutable/Seq;)Lcoursier/core/Resolution; 593 <appendix> member <vmtarget> ; # coursier/Resolve$$$Lambda+0x00000236822e03d0
instanceKlass  @bci coursier/Resolve$ initialResolution (Lscala/collection/immutable/Seq;Lcoursier/params/ResolutionParams;Lscala/Option;Lscala/Option;Lscala/collection/immutable/Seq;)Lcoursier/core/Resolution; 572 <appendix> member <vmtarget> ; # coursier/Resolve$$$Lambda+0x00000236822e0000
instanceKlass scala/collection/Iterator$ConcatIteratorCell
instanceKlass  @bci scala/collection/View$Concat iterator ()Lscala/collection/Iterator; 10 <appendix> member <vmtarget> ; # scala/collection/View$Concat$$Lambda+0x00000236822deef0
instanceKlass coursier/core/VariantSelector$AttributesBased$
instanceKlass coursier/core/Activation$Os
instanceKlass coursier/core/Activation$Os$
instanceKlass coursier/core/DependencySet
instanceKlass coursier/core/DependencySet$
instanceKlass coursier/core/Reconciliation
instanceKlass coursier/core/Type$Exotic$
instanceKlass coursier/core/Resolution$
instanceKlass  @bci coursier/Resolve$ initialResolution (Lscala/collection/immutable/Seq;Lcoursier/params/ResolutionParams;Lscala/Option;Lscala/Option;Lscala/collection/immutable/Seq;)Lcoursier/core/Resolution; 510 <appendix> argL0 ; # coursier/Resolve$$$Lambda+0x00000236822dc8b8
instanceKlass  @bci coursier/params/ResolutionParams actualReconciliation ()Lscala/collection/immutable/Seq; 4 <appendix> argL0 ; # coursier/params/ResolutionParams$$Lambda+0x00000236822dc4f0
instanceKlass  @bci coursier/Resolve$ initialResolution (Lscala/collection/immutable/Seq;Lcoursier/params/ResolutionParams;Lscala/Option;Lscala/Option;Lscala/collection/immutable/Seq;)Lcoursier/core/Resolution; 448 <appendix> argL0 ; # coursier/Resolve$$$Lambda+0x00000236822dbf48
instanceKlass  @bci coursier/params/ResolutionParams doOverrideFullSuffix ()Z 4 <appendix> argL0 ; # coursier/params/ResolutionParams$$Lambda+0x00000236822dbc70
instanceKlass  @bci coursier/params/ResolutionParams doForceScalaVersion ()Z 5 <appendix> member <vmtarget> ; # coursier/params/ResolutionParams$$Lambda+0x00000236822db990
instanceKlass  @bci coursier/Resolve ioWithConflicts0 (Lscala/Function1;)Ljava/lang/Object; 49 <appendix> argL0 ; # coursier/Resolve$$Lambda+0x00000236822db5c8
instanceKlass  @bci coursier/Resolve ioWithConflicts0 (Lscala/Function1;)Ljava/lang/Object; 29 <appendix> argL0 ; # coursier/Resolve$$Lambda+0x00000236822db200
instanceKlass coursier/core/BomDependency
instanceKlass coursier/ResolveInternals$
instanceKlass  @bci coursier/Resolve finalDependencies ()Lscala/collection/immutable/Seq; 33 <appendix> member <vmtarget> ; # coursier/Resolve$$Lambda+0x00000236822da9b0
instanceKlass  @bci coursier/Resolve finalDependencies ()Lscala/collection/immutable/Seq; 19 <appendix> member <vmtarget> ; # coursier/Resolve$$Lambda+0x00000236822da5e0
instanceKlass  @bci coursier/Resolve $anonfun$transformFetcher$1 ()Lscala/Function1; 0 <appendix> argL0 ; # coursier/Resolve$$Lambda+0x00000236822da218
instanceKlass  @bci coursier/Resolve transformFetcher ()Lscala/Function1; 4 <appendix> argL0 ; # coursier/Resolve$$Lambda+0x00000236822d9f60
instanceKlass  @bci coursier/util/Task$ $anonfun$flatMap$2 (Lscala/Function1;Lscala/concurrent/ExecutionContext;Ljava/lang/Object;)Lscala/concurrent/Future; 5 <appendix> member <vmtarget> ; # coursier/util/Task$$$Lambda+0x00000236822d9ca0
instanceKlass  @bci coursier/core/ResolutionProcess$ fetch0 (Lscala/collection/immutable/Seq;Lscala/Function1;Lscala/collection/immutable/Seq;Lcoursier/util/Gather;)Lscala/Function1; 5 <appendix> member <vmtarget> ; # coursier/core/ResolutionProcess$$$Lambda+0x00000236822d98d0
instanceKlass  @bci coursier/params/Mirror$ $anonfun$replace$1 (Lscala/collection/immutable/Seq;Lcoursier/core/Repository;)Lcoursier/core/Repository; 7 <appendix> member <vmtarget> ; # coursier/params/Mirror$$$Lambda+0x00000236822d9500
instanceKlass  @bci coursier/params/Mirror$ replace (Lscala/collection/immutable/Seq;Lscala/collection/immutable/Seq;)Lscala/collection/immutable/Seq; 2 <appendix> member <vmtarget> ; # coursier/params/Mirror$$$Lambda+0x00000236822d9130
instanceKlass coursier/params/Mirror$
instanceKlass  @bci coursier/Resolve allMirrors0 ()Lscala/collection/immutable/Seq; 33 <appendix> argL0 ; # coursier/Resolve$$Lambda+0x00000236822d8b60
instanceKlass  @bci coursier/Resolve allMirrors0 ()Lscala/collection/immutable/Seq; 8 <appendix> argL0 ; # coursier/Resolve$$Lambda+0x00000236822d8798
instanceKlass  @bci coursier/util/Task$ $anonfun$flatMap$1 (Lscala/Function1;Lscala/Function1;Lscala/concurrent/ExecutionContext;)Lscala/concurrent/Future; 12 <appendix> member <vmtarget> ; # coursier/util/Task$$$Lambda+0x00000236822d83c8
instanceKlass  @bci coursier/util/Task$ $anonfun$delay$1 (Lscala/Function0;Lscala/concurrent/ExecutionContext;)Lscala/concurrent/Future; 4 <appendix> member <vmtarget> ; # coursier/util/Task$$$Lambda+0x00000236822d7c98
instanceKlass  @bci coursier/Fetch io ()Ljava/lang/Object; 195 <appendix> argL0 ; # coursier/Fetch$$Lambda+0x00000236822d8000
instanceKlass coursier/Fetch$Result
instanceKlass  @bci coursier/Fetch ioResult ()Ljava/lang/Object; 20 <appendix> member <vmtarget> ; # coursier/Fetch$$Lambda+0x00000236822d7650
instanceKlass  @bci coursier/Resolve io ()Ljava/lang/Object; 14 <appendix> argL0 ; # coursier/Resolve$$Lambda+0x00000236822d7288
instanceKlass coursier/core/Resolution
instanceKlass  @bci coursier/util/Task$ flatMap$extension (Lscala/Function1;Lscala/Function1;)Lscala/Function1; 2 <appendix> member <vmtarget> ; # coursier/util/Task$$$Lambda+0x00000236822d6c40
instanceKlass  @bci coursier/Resolve ioWithConflicts ()Ljava/lang/Object; 15 <appendix> member <vmtarget> ; # coursier/Resolve$$Lambda+0x00000236822d6870
instanceKlass  @bci coursier/Resolve fetchVia ()Ljava/lang/Object; 24 <appendix> member <vmtarget> ; # coursier/Resolve$$Lambda+0x00000236822d64a0
instanceKlass  @bci coursier/util/Task$ map$extension (Lscala/Function1;Lscala/Function1;)Lscala/Function1; 2 <appendix> member <vmtarget> ; # coursier/util/Task$$$Lambda+0x00000236822d60d0
instanceKlass  @bci coursier/Resolve finalRepositories ()Ljava/lang/Object; 98 <appendix> member <vmtarget> ; # coursier/Resolve$$Lambda+0x00000236822d5d00
instanceKlass coursier/util/Monad$ops$$anon$2
instanceKlass  @bci coursier/util/Task$ delay (Lscala/Function0;)Lscala/Function1; 1 <appendix> member <vmtarget> ; # coursier/util/Task$$$Lambda+0x00000236822d56d0
instanceKlass coursier/util/Task
instanceKlass  @bci coursier/Resolve allMirrors ()Ljava/lang/Object; 5 <appendix> member <vmtarget> ; # coursier/Resolve$$Lambda+0x00000236822d5198
instanceKlass  @bci coursier/cache/FileCache $anonfun$fetchs$1 (Lcoursier/cache/FileCache;Lcoursier/cache/CachePolicy;)Lscala/Function1; 2 <appendix> member <vmtarget> ; # coursier/cache/FileCache$$Lambda+0x00000236822d4dc8
instanceKlass coursier/util/EitherT
instanceKlass coursier/util/Artifact
instanceKlass  @bci coursier/cache/FileCache fetchs ()Lscala/collection/immutable/Seq; 5 <appendix> member <vmtarget> ; # coursier/cache/FileCache$$Lambda+0x00000236822d4508
instanceKlass coursier/util/Monad$AllOps
instanceKlass coursier/util/Monad$Ops
instanceKlass coursier/util/Monad$ops$
instanceKlass  @bci coursier/Fetch io ()Ljava/lang/Object; 5 <appendix> member <vmtarget> ; # coursier/Fetch$$Lambda+0x00000236822d3b28
instanceKlass coursier/Fetch$FetchTaskOps$
instanceKlass  @bci scala/meta/internal/metals/Embedded$ downloadDependency (Lcoursier/core/Dependency;Lscala/Option;Lscala/collection/immutable/Seq;Lscala/Option;)Lscala/collection/immutable/List; 76 <appendix> argL0 ; # scala/meta/internal/metals/Embedded$$$Lambda+0x00000236822d3558
instanceKlass  @bci scala/meta/internal/metals/Embedded$ downloadDependency (Lcoursier/core/Dependency;Lscala/Option;Lscala/collection/immutable/Seq;Lscala/Option;)Lscala/collection/immutable/List; 28 <appendix> argL0 ; # scala/meta/internal/metals/Embedded$$$Lambda+0x00000236822d3190
instanceKlass  @bci scala/meta/internal/metals/Embedded$ downloadDependency (Lcoursier/core/Dependency;Lscala/Option;Lscala/collection/immutable/Seq;Lscala/Option;)Lscala/collection/immutable/List; 9 <appendix> argL0 ; # scala/meta/internal/metals/Embedded$$$Lambda+0x00000236822d22c0
instanceKlass  @bci scala/meta/internal/metals/Embedded$ repositories$lzycompute ()Lscala/collection/immutable/List; 60 <appendix> argL0 ; # scala/meta/internal/metals/Embedded$$$Lambda+0x00000236822d1ef8
instanceKlass coursier/Artifacts
instanceKlass coursier/Artifacts$
instanceKlass  @bci coursier/CoursierEnv$ confFileMirrors (Ljava/nio/file/Path;)Lscala/collection/immutable/Seq; 67 <appendix> argL0 ; # coursier/CoursierEnv$$$Lambda+0x00000236822d16b0
instanceKlass  @bci coursier/CoursierEnv$ confFileMirrors (Ljava/nio/file/Path;)Lscala/collection/immutable/Seq; 39 <appendix> argL0 ; # coursier/CoursierEnv$$$Lambda+0x00000236822d12e8
instanceKlass  @bci coursier/CoursierEnv$ confFileMirrors (Ljava/nio/file/Path;)Lscala/collection/immutable/Seq; 34 <appendix> argL0 ; # coursier/CoursierEnv$$$Lambda+0x00000236822d0f20
instanceKlass  @bci coursier/CoursierEnv$ confFileMirrors (Ljava/nio/file/Path;)Lscala/collection/immutable/Seq; 12 <appendix> argL0 ; # coursier/CoursierEnv$$$Lambda+0x00000236822d0b58
instanceKlass  @bci coursier/CoursierEnv$ confFileMirrors (Ljava/nio/file/Path;)Lscala/collection/immutable/Seq; 7 <appendix> argL0 ; # coursier/CoursierEnv$$$Lambda+0x00000236822d0790
instanceKlass  @bci coursier/CoursierEnv$ defaultMirrors (Lcoursier/util/EnvValues;Lcoursier/util/EnvValues;Lcoursier/util/EnvValues;Lcoursier/util/EnvValues;)Lscala/collection/immutable/Seq; 28 <appendix> argL0 ; # coursier/CoursierEnv$$$Lambda+0x00000236822d03c8
instanceKlass  @bci coursier/CoursierEnv$ defaultMirrors (Lcoursier/util/EnvValues;Lcoursier/util/EnvValues;Lcoursier/util/EnvValues;Lcoursier/util/EnvValues;)Lscala/collection/immutable/Seq; 8 <appendix> argL0 ; # coursier/CoursierEnv$$$Lambda+0x00000236822d0000
instanceKlass coursier/params/Mirror
instanceKlass coursier/params/MirrorConfFile$
instanceKlass  @bci coursier/CoursierEnv$ defaultMirrorConfFiles (Lcoursier/util/EnvValues;Lcoursier/util/EnvValues;Lcoursier/util/EnvValues;)Lscala/collection/immutable/Seq; 153 <appendix> argL0 ; # coursier/CoursierEnv$$$Lambda+0x00000236822c9b58
instanceKlass coursier/internal/PlatformMirrorConfFile
instanceKlass coursier/paths/Mirror
instanceKlass coursier/Repositories$
instanceKlass coursier/ivy/IvyRepository
instanceKlass coursier/ivy/IvyRepository$
instanceKlass coursier/ivy/Pattern
instanceKlass coursier/ivy/Pattern$Chunk$Opt$
instanceKlass coursier/ivy/Pattern$Chunk$Const$
instanceKlass coursier/ivy/Pattern$Chunk$
instanceKlass coursier/ivy/Pattern$Chunk$Var$
instanceKlass coursier/ivy/Pattern$Chunk
instanceKlass coursier/ivy/Pattern$
instanceKlass  @bci coursier/LocalRepositories$ ivy2HomeUri$lzycompute ()Ljava/lang/String; 33 <appendix> argL0 ; # coursier/LocalRepositories$$$Lambda+0x00000236822cfc90
instanceKlass  @bci coursier/LocalRepositories$ ivy2HomeUri$lzycompute ()Ljava/lang/String; 25 <appendix> argL0 ; # coursier/LocalRepositories$$$Lambda+0x00000236822cf9d8
instanceKlass coursier/LocalRepositories$
instanceKlass  @bci coursier/CoursierEnv$ defaultRepositories (Lcoursier/util/EnvValues;Lcoursier/util/EnvValues;)Lscala/collection/immutable/Seq; 67 <appendix> argL0 ; # coursier/CoursierEnv$$$Lambda+0x00000236822cf518
instanceKlass  @bci coursier/CoursierEnv$ confFileRepositories (Ljava/nio/file/Path;)Lscala/Option; 52 <appendix> argL0 ; # coursier/CoursierEnv$$$Lambda+0x00000236822cf150
instanceKlass  @bci coursier/CoursierEnv$ confFileRepositories (Ljava/nio/file/Path;)Lscala/Option; 39 <appendix> argL0 ; # coursier/CoursierEnv$$$Lambda+0x00000236822ced88
instanceKlass  @bci coursier/CoursierEnv$ confFileRepositories (Ljava/nio/file/Path;)Lscala/Option; 34 <appendix> argL0 ; # coursier/CoursierEnv$$$Lambda+0x00000236822ce9c0
instanceKlass  @bci coursier/CoursierEnv$ confFileRepositories (Ljava/nio/file/Path;)Lscala/Option; 12 <appendix> argL0 ; # coursier/CoursierEnv$$$Lambda+0x00000236822ce5f8
instanceKlass  @bci coursier/CoursierEnv$ confFileRepositories (Ljava/nio/file/Path;)Lscala/Option; 7 <appendix> argL0 ; # coursier/CoursierEnv$$$Lambda+0x00000236822ce230
instanceKlass  @bci coursier/CoursierEnv$ fromConfFiles$1 (Lcoursier/util/EnvValues;)Lscala/Option; 22 <appendix> argL0 ; # coursier/CoursierEnv$$$Lambda+0x00000236822cde68
instanceKlass  @bci coursier/CoursierEnv$ fromConfFiles$1 (Lcoursier/util/EnvValues;)Lscala/Option; 12 <appendix> argL0 ; # coursier/CoursierEnv$$$Lambda+0x00000236822cd0e0
instanceKlass  @bci coursier/CoursierEnv$ defaultRepositories (Lcoursier/util/EnvValues;Lcoursier/util/EnvValues;)Lscala/collection/immutable/Seq; 59 <appendix> member <vmtarget> ; # coursier/CoursierEnv$$$Lambda+0x00000236822cce20
instanceKlass  @bci coursier/CoursierEnv$ fromPropsOpt$1 (Lcoursier/util/EnvValues;Lscala/util/matching/Regex;)Lscala/Option; 21 <appendix> member <vmtarget> ; # coursier/CoursierEnv$$$Lambda+0x00000236822cca50
instanceKlass  @bci coursier/CoursierEnv$ fromPropsOpt$1 (Lcoursier/util/EnvValues;Lscala/util/matching/Regex;)Lscala/Option; 12 <appendix> argL0 ; # coursier/CoursierEnv$$$Lambda+0x00000236822cc688
instanceKlass  @bci coursier/CoursierEnv$ fromPropsOpt$1 (Lcoursier/util/EnvValues;Lscala/util/matching/Regex;)Lscala/Option; 4 <appendix> argL0 ; # coursier/CoursierEnv$$$Lambda+0x00000236822cc2c0
instanceKlass  @bci coursier/CoursierEnv$ defaultRepositories (Lcoursier/util/EnvValues;Lcoursier/util/EnvValues;)Lscala/collection/immutable/Seq; 50 <appendix> member <vmtarget> ; # coursier/CoursierEnv$$$Lambda+0x00000236822cc000
instanceKlass  @bci coursier/CoursierEnv$ defaultRepositories (Lcoursier/util/EnvValues;Lcoursier/util/EnvValues;)Lscala/collection/immutable/Seq; 36 <appendix> member <vmtarget> ; # coursier/CoursierEnv$$$Lambda+0x00000236822c7b00
instanceKlass  @bci coursier/CoursierEnv$ defaultRepositories (Lcoursier/util/EnvValues;Lcoursier/util/EnvValues;)Lscala/collection/immutable/Seq; 27 <appendix> argL0 ; # coursier/CoursierEnv$$$Lambda+0x00000236822c7738
instanceKlass  @bci coursier/CoursierEnv$ defaultRepositories (Lcoursier/util/EnvValues;Lcoursier/util/EnvValues;)Lscala/collection/immutable/Seq; 19 <appendix> argL0 ; # coursier/CoursierEnv$$$Lambda+0x00000236822c7370
instanceKlass coursier/CoursierEnv$
instanceKlass coursier/Resolve
instanceKlass coursier/version/ConstraintReconciliation
instanceKlass coursier/PlatformResolve
instanceKlass coursier/Fetch
instanceKlass coursier/Fetch$
instanceKlass  @bci coursier/cache/FileCache <init> (Ljava/io/File;Lscala/collection/immutable/Seq;Lscala/collection/immutable/Seq;Lscala/collection/immutable/Seq;Lcoursier/cache/CacheLogger;Ljava/util/concurrent/ExecutorService;Lscala/Option;ZZZLscala/Option;ILscala/Option;Lscala/Option;IILscala/collection/immutable/Seq;Ljava/time/Clock;Lscala/concurrent/duration/FiniteDuration;DLcoursier/util/Sync;)V 183 <appendix> argL0 ; # coursier/cache/FileCache$$Lambda+0x00000236822c5cb8
instanceKlass coursier/cache/internal/Retry
instanceKlass  @bci coursier/cache/CacheDefaults$ retryBackoffMultiplier$lzycompute ()D 43 <appendix> argL0 ; # coursier/cache/CacheDefaults$$$Lambda+0x00000236822c5768
instanceKlass  @cpi coursier/cache/CacheDefaults$ 358 form vmentry <vmtarget> ; # java/lang/invoke/LambdaForm$DMH+0x00000236822c8000
instanceKlass scala/runtime/java8/JFunction0$mcD$sp
instanceKlass  @bci coursier/cache/CacheDefaults$ retryBackoffMultiplier$lzycompute ()D 35 <appendix> argL0 ; # coursier/cache/CacheDefaults$$$Lambda+0x00000236822c5180
instanceKlass  @bci coursier/cache/CacheDefaults$ retryBackoffMultiplier$lzycompute ()D 27 <appendix> argL0 ; # coursier/cache/CacheDefaults$$$Lambda+0x00000236822c4db8
instanceKlass  @bci coursier/cache/CacheDefaults$ retryBackoffInitialDelay$lzycompute ()Lscala/concurrent/duration/FiniteDuration; 45 <appendix> argL0 ; # coursier/cache/CacheDefaults$$$Lambda+0x00000236822c4b00
instanceKlass  @bci coursier/cache/CacheDefaults$ retryBackoffInitialDelay$lzycompute ()Lscala/concurrent/duration/FiniteDuration; 27 <appendix> argL0 ; # coursier/cache/CacheDefaults$$$Lambda+0x00000236822c42b0
instanceKlass  @bci java/time/format/DateTimeFormatter <clinit> ()V 1075 <appendix> argL0 ; # java/time/format/DateTimeFormatter$$Lambda+0x800000015
instanceKlass  @bci java/time/format/DateTimeFormatter <clinit> ()V 1067 <appendix> argL0 ; # java/time/format/DateTimeFormatter$$Lambda+0x800000014
instanceKlass java/time/Period
instanceKlass java/time/chrono/ChronoPeriod
instanceKlass java/time/format/DateTimeFormatterBuilder$TextPrinterParser
instanceKlass java/time/format/DateTimeTextProvider$1
instanceKlass java/time/format/DateTimeTextProvider
instanceKlass java/util/AbstractMap$SimpleImmutableEntry
instanceKlass java/time/format/DateTimeTextProvider$LocaleStore
instanceKlass java/time/format/DateTimeFormatterBuilder$InstantPrinterParser
instanceKlass java/time/format/DateTimeFormatterBuilder$StringLiteralPrinterParser
instanceKlass java/time/format/DateTimeFormatterBuilder$ZoneIdPrinterParser
instanceKlass java/time/format/DateTimeFormatterBuilder$OffsetIdPrinterParser
instanceKlass java/time/format/DecimalStyle
instanceKlass java/time/format/DateTimeFormatterBuilder$CharLiteralPrinterParser
instanceKlass java/time/format/DateTimeFormatter
instanceKlass java/time/format/DateTimeFormatterBuilder$CompositePrinterParser
instanceKlass java/time/format/DateTimeFormatterBuilder$NumberPrinterParser
instanceKlass java/time/format/DateTimeFormatterBuilder$DateTimePrinterParser
instanceKlass java/time/temporal/JulianFields
instanceKlass java/time/temporal/IsoFields
instanceKlass  @bci java/time/format/DateTimeFormatterBuilder <clinit> ()V 0 <appendix> argL0 ; # java/time/format/DateTimeFormatterBuilder$$Lambda+0x800000016
instanceKlass java/time/temporal/TemporalQuery
instanceKlass java/time/format/DateTimeFormatterBuilder
instanceKlass java/time/Year
instanceKlass java/time/chrono/AbstractChronology
instanceKlass java/time/chrono/Chronology
instanceKlass java/time/zone/Ser
instanceKlass java/io/Externalizable
instanceKlass java/time/zone/ZoneRulesProvider$1
instanceKlass java/time/zone/ZoneRulesProvider
instanceKlass java/time/Clock
instanceKlass java/time/InstantSource
instanceKlass  @bci coursier/cache/CacheDefaults$ retryCount$lzycompute ()I 43 <appendix> argL0 ; # coursier/cache/CacheDefaults$$$Lambda+0x00000236822c3fd8
instanceKlass  @bci coursier/cache/CacheDefaults$ retryCount$lzycompute ()I 35 <appendix> argL0 ; # coursier/cache/CacheDefaults$$$Lambda+0x00000236822c3bf0
instanceKlass  @bci coursier/cache/CacheDefaults$ retryCount$lzycompute ()I 27 <appendix> argL0 ; # coursier/cache/CacheDefaults$$$Lambda+0x00000236822c3828
instanceKlass  @bci coursier/cache/CacheDefaults$ maxRedirections$lzycompute ()Lscala/Option; 29 <appendix> argL0 ; # coursier/cache/CacheDefaults$$$Lambda+0x00000236822c3570
instanceKlass  @bci coursier/cache/CacheDefaults$ maxRedirections$lzycompute ()Lscala/Option; 21 <appendix> argL0 ; # coursier/cache/CacheDefaults$$$Lambda+0x00000236822c32b8
instanceKlass  @bci coursier/cache/CacheDefaults$ prop$1 (Ljava/lang/String;)Lscala/Option; 18 <appendix> argL0 ; # coursier/cache/CacheDefaults$$$Lambda+0x00000236822c2ed0
instanceKlass scala/runtime/java8/JFunction1$mcZI$sp
instanceKlass  @bci coursier/cache/CacheDefaults$ prop$1 (Ljava/lang/String;)Lscala/Option; 10 <appendix> argL0 ; # coursier/cache/CacheDefaults$$$Lambda+0x00000236822c2908
instanceKlass  @bci coursier/cache/CacheEnv$ defaultTtl (Lcoursier/util/EnvValues;)Lscala/Option; 23 <appendix> argL0 ; # coursier/cache/CacheEnv$$$Lambda+0x00000236822c2650
instanceKlass  @bci coursier/cache/CacheEnv$ fromProps$1 (Lcoursier/util/EnvValues;)Lscala/Option; 4 <appendix> argL0 ; # coursier/cache/CacheEnv$$$Lambda+0x00000236822c2288
instanceKlass  @bci coursier/cache/CacheEnv$ defaultTtl (Lcoursier/util/EnvValues;)Lscala/Option; 15 <appendix> member <vmtarget> ; # coursier/cache/CacheEnv$$$Lambda+0x00000236822c1fc8
instanceKlass  @bci coursier/cache/CacheEnv$ defaultTtl (Lcoursier/util/EnvValues;)Lscala/Option; 4 <appendix> argL0 ; # coursier/cache/CacheEnv$$$Lambda+0x00000236822c1c00
instanceKlass java/util/concurrent/LinkedBlockingQueue$Node
instanceKlass coursier/cache/internal/ThreadUtil$$anon$1
instanceKlass coursier/cache/internal/ThreadUtil$
instanceKlass  @bci coursier/cache/CacheDefaults$ concurrentDownloadCount$lzycompute ()I 33 <appendix> argL0 ; # coursier/cache/CacheDefaults$$$Lambda+0x00000236822c14f8
instanceKlass  @bci coursier/cache/CacheDefaults$ concurrentDownloadCount$lzycompute ()I 25 <appendix> argL0 ; # coursier/cache/CacheDefaults$$$Lambda+0x00000236822c1130
instanceKlass coursier/util/PlatformSyncCompanion
instanceKlass coursier/cache/CacheLogger$$anon$1
instanceKlass coursier/cache/CacheLogger
instanceKlass coursier/cache/CacheLogger$
instanceKlass  @bci coursier/cache/CacheEnv$ $anonfun$credentialsFromConfig$4 (Lscala/Option;)Lscala/collection/immutable/List; 12 <appendix> argL0 ; # coursier/cache/CacheEnv$$$Lambda+0x00000236822c0280
instanceKlass scala/cli/config/RepositoryCredentials
instanceKlass  @bci coursier/cache/CacheEnv$ $anonfun$credentialsFromConfig$4 (Lscala/Option;)Lscala/collection/immutable/List; 1 <appendix> argL0 ; # coursier/cache/CacheEnv$$$Lambda+0x00000236822bdc88
instanceKlass  @bci coursier/cache/CacheEnv$ credentialsFromConfig (Ljava/nio/file/Path;)Lscala/collection/immutable/Seq; 39 <appendix> argL0 ; # coursier/cache/CacheEnv$$$Lambda+0x00000236822bcbc8
instanceKlass  @bci coursier/cache/CacheEnv$ credentialsFromConfig (Ljava/nio/file/Path;)Lscala/collection/immutable/Seq; 34 <appendix> argL0 ; # coursier/cache/CacheEnv$$$Lambda+0x00000236822bc800
instanceKlass scala/cli/config/PublishCredentialsAsJson$$anon$1
instanceKlass scala/cli/config/PublishCredentialsAsJson$
instanceKlass scala/cli/config/RepositoryCredentialsAsJson$$anon$1
instanceKlass scala/cli/config/CredentialsValue
instanceKlass scala/cli/config/RepositoryCredentialsAsJson$
instanceKlass scala/cli/config/CredentialsAsJson
instanceKlass scala/cli/commands/SpecificationLevel$SHOULD$
instanceKlass scala/cli/config/Key$$anon$2
instanceKlass scala/cli/commands/SpecificationLevel$RESTRICTED$
instanceKlass scala/cli/commands/SpecificationLevel$MUST$
instanceKlass scala/cli/config/Key$$anon$3
instanceKlass scala/cli/commands/SpecificationLevel$IMPLEMENTATION$
instanceKlass scala/cli/config/Key$$anon$1
instanceKlass scala/runtime/LazyVals$Evaluating$
instanceKlass scala/runtime/LazyVals$NullValue$
instanceKlass scala/runtime/LazyVals$LazyValControlState
instanceKlass scala/cli/commands/SpecificationLevel$EXPERIMENTAL$
instanceKlass scala/deriving/Mirror$Singleton
instanceKlass scala/deriving/Mirror$Product
instanceKlass scala/deriving/Mirror
instanceKlass scala/cli/config/Key$PublishCredentialsEntry$
instanceKlass scala/cli/config/Key$RepositoryCredentialsEntry$
instanceKlass scala/cli/config/Key$StringListEntry$
instanceKlass scala/cli/config/Key$PasswordEntry$
instanceKlass scala/cli/config/Key$BooleanEntry$
instanceKlass scala/cli/config/Key$StringEntry$
instanceKlass scala/cli/config/Key$MalformedValue$
instanceKlass scala/cli/config/Key$EntryError$
instanceKlass scala/cli/config/Key$
instanceKlass  @bci scala/runtime/LazyVals$ <clinit> ()V 138 <appendix> member <vmtarget> ; # scala/runtime/LazyVals$$$Lambda+0x00000236822b8b98
# instanceKlass java/lang/invoke/LambdaForm$MH+0x00000236822bc000
instanceKlass sun/misc/Unsafe
instanceKlass scala/runtime/LazyVals$
instanceKlass scala/cli/commands/SpecificationLevel
instanceKlass scala/cli/config/Keys$
instanceKlass  @bci coursier/cache/CacheEnv$ credentialsFromConfig (Ljava/nio/file/Path;)Lscala/collection/immutable/Seq; 12 <appendix> argL0 ; # coursier/cache/CacheEnv$$$Lambda+0x00000236822b83c8
instanceKlass  @bci coursier/cache/CacheEnv$ credentialsFromConfig (Ljava/nio/file/Path;)Lscala/collection/immutable/Seq; 7 <appendix> argL0 ; # coursier/cache/CacheEnv$$$Lambda+0x00000236822b8000
instanceKlass scala/cli/config/ConfigDb
instanceKlass scala/cli/config/ConfigDb$$anon$1
instanceKlass com/github/plokhotnyuk/jsoniter_scala/core/JsonValueCodec
instanceKlass scala/cli/config/ConfigDb$
instanceKlass  @bci coursier/cache/CacheEnv$ defaultCredentials (Lcoursier/util/EnvValues;Lcoursier/util/EnvValues;Lcoursier/util/EnvValues;)Lscala/collection/immutable/Seq; 247 <appendix> argL0 ; # coursier/cache/CacheEnv$$$Lambda+0x00000236822b6c48
instanceKlass coursier/credentials/FileCredentials$
instanceKlass  @bci coursier/cache/CacheEnv$ defaultCredentials (Lcoursier/util/EnvValues;Lcoursier/util/EnvValues;Lcoursier/util/EnvValues;)Lscala/collection/immutable/Seq; 184 <appendix> argL0 ; # coursier/cache/CacheEnv$$$Lambda+0x00000236822b6678
instanceKlass  @bci coursier/cache/CacheEnv$ defaultCredentials (Lcoursier/util/EnvValues;Lcoursier/util/EnvValues;Lcoursier/util/EnvValues;)Lscala/collection/immutable/Seq; 167 <appendix> argL0 ; # coursier/cache/CacheEnv$$$Lambda+0x00000236822b62b0
instanceKlass coursier/credentials/Credentials
instanceKlass  @bci coursier/cache/CacheEnv$ $anonfun$defaultCredentials$6 (Ljava/io/File;)Lscala/collection/immutable/Seq; 28 <appendix> argL0 ; # coursier/cache/CacheEnv$$$Lambda+0x00000236822b5a58
instanceKlass  @bci coursier/cache/CacheEnv$ $anonfun$defaultCredentials$6 (Ljava/io/File;)Lscala/collection/immutable/Seq; 1 <appendix> argL0 ; # coursier/cache/CacheEnv$$$Lambda+0x00000236822b5838
instanceKlass  @bci coursier/cache/CacheEnv$ defaultCredentials (Lcoursier/util/EnvValues;Lcoursier/util/EnvValues;Lcoursier/util/EnvValues;)Lscala/collection/immutable/Seq; 119 <appendix> argL0 ; # coursier/cache/CacheEnv$$$Lambda+0x00000236822b5470
instanceKlass  @bci coursier/cache/CacheEnv$ defaultCredentials (Lcoursier/util/EnvValues;Lcoursier/util/EnvValues;Lcoursier/util/EnvValues;)Lscala/collection/immutable/Seq; 102 <appendix> argL0 ; # coursier/cache/CacheEnv$$$Lambda+0x00000236822b50a8
instanceKlass  @bci coursier/cache/CacheEnv$ defaultCredentials (Lcoursier/util/EnvValues;Lcoursier/util/EnvValues;Lcoursier/util/EnvValues;)Lscala/collection/immutable/Seq; 85 <appendix> argL0 ; # coursier/cache/CacheEnv$$$Lambda+0x00000236822b4ce0
instanceKlass  @bci coursier/paths/CoursierPaths configDirectories (Ljava/lang/String;Ljava/lang/String;)[Ljava/io/File; 18 <appendix> argL0 ; # coursier/paths/CoursierPaths$$Lambda+0x00000236822b48c8
instanceKlass  @bci coursier/paths/CoursierPaths configDirectories (Ljava/lang/String;Ljava/lang/String;)[Ljava/io/File; 8 <appendix> argL0 ; # coursier/paths/CoursierPaths$$Lambda+0x00000236822b4688
instanceKlass  @bci coursier/cache/CacheEnv$ defaultCredentials (Lcoursier/util/EnvValues;Lcoursier/util/EnvValues;Lcoursier/util/EnvValues;)Lscala/collection/immutable/Seq; 13 <appendix> argL0 ; # coursier/cache/CacheEnv$$$Lambda+0x00000236822b42c0
instanceKlass  @bci coursier/cache/CacheEnv$ defaultCredentials (Lcoursier/util/EnvValues;Lcoursier/util/EnvValues;Lcoursier/util/EnvValues;)Lscala/collection/immutable/Seq; 5 <appendix> member <vmtarget> ; # coursier/cache/CacheEnv$$$Lambda+0x00000236822b4000
instanceKlass  @bci coursier/cache/CacheEnv$ defaultCachePolicies (Lcoursier/util/EnvValues;)Lscala/collection/immutable/Seq; 48 <appendix> argL0 ; # coursier/cache/CacheEnv$$$Lambda+0x00000236822afb68
instanceKlass  @bci coursier/cache/CacheEnv$ defaultCachePolicies (Lcoursier/util/EnvValues;)Lscala/collection/immutable/Seq; 40 <appendix> member <vmtarget> ; # coursier/cache/CacheEnv$$$Lambda+0x00000236822af8a8
instanceKlass  @bci coursier/cache/CacheEnv$ fromOption$1 (Lscala/Option;Ljava/lang/String;)Lscala/Option; 10 <appendix> member <vmtarget> ; # coursier/cache/CacheEnv$$$Lambda+0x00000236822af4d8
instanceKlass  @bci coursier/cache/CacheEnv$ fromOption$1 (Lscala/Option;Ljava/lang/String;)Lscala/Option; 1 <appendix> argL0 ; # coursier/cache/CacheEnv$$$Lambda+0x00000236822af110
instanceKlass coursier/paths/shaded/dirs/impl/WindowsForeign$SHGetKnownFolderPath
instanceKlass  @bci jdk/internal/foreign/abi/AbstractLinker$LinkRequest equals (Ljava/lang/Object;)Z 2 <adapter> ; # java/lang/invoke/LambdaForm$MH+0x00000236822b3c00
# instanceKlass java/lang/invoke/LambdaForm$MH+0x00000236822b3800
instanceKlass  @bci jdk/internal/foreign/abi/AbstractLinker$LinkRequest equals (Ljava/lang/Object;)Z 2 <appendix> form vmentry <vmtarget> ; # java/lang/invoke/LambdaForm$MH+0x00000236822b3400
instanceKlass  @bci jdk/internal/foreign/abi/AbstractLinker$LinkRequest equals (Ljava/lang/Object;)Z 2 <appendix> argL1 form vmentry <vmtarget> ; # java/lang/invoke/LambdaForm$MH+0x00000236822b3000
instanceKlass java/lang/invoke/MethodHandleImpl$Makers$2
instanceKlass java/lang/invoke/MethodHandleImpl$Makers$1
instanceKlass java/lang/invoke/MethodHandleImpl$Makers
instanceKlass  @bci jdk/internal/foreign/abi/AbstractLinker$LinkRequest equals (Ljava/lang/Object;)Z 2 <appendix> form names 9 function resolvedHandle form vmentry <vmtarget> ; # java/lang/invoke/LambdaForm$MH+0x00000236822b2c00
instanceKlass  @bci jdk/internal/foreign/abi/AbstractLinker$LinkRequest equals (Ljava/lang/Object;)Z 2 <appendix> form names 9 function resolvedHandle form names 5 function resolvedHandle form vmentry <vmtarget> ; # java/lang/invoke/LambdaForm$DMH+0x00000236822b2800
instanceKlass  @cpi scala/collection/StringOps$ 488 form vmentry <vmtarget> ; # java/lang/invoke/LambdaForm$DMH+0x00000236822b2400
# instanceKlass java/lang/invoke/LambdaForm$MH+0x00000236822b2000
# instanceKlass java/lang/invoke/LambdaForm$MH+0x00000236822b1c00
# instanceKlass java/lang/invoke/LambdaForm$MH+0x00000236822b1800
# instanceKlass java/lang/invoke/LambdaForm$MH+0x00000236822b1400
# instanceKlass java/lang/invoke/LambdaForm$MH+0x00000236822b1000
instanceKlass  @bci coursier/paths/shaded/dirs/impl/WindowsForeign findOrThrow (Ljava/lang/String;)Ljava/lang/foreign/MemorySegment; 10 <appendix> member <vmtarget> ; # coursier/paths/shaded/dirs/impl/WindowsForeign$$Lambda+0x00000236822aece0
instanceKlass coursier/paths/shaded/dirs/impl/WindowsForeign$CLSIDFromString
instanceKlass coursier/paths/shaded/dirs/impl/WindowsForeign
instanceKlass coursier/paths/shaded/dirs/Constants
instanceKlass coursier/paths/shaded/dirs/impl/Util
instanceKlass coursier/paths/shaded/dirs/ProjectDirectories
instanceKlass  @bci coursier/paths/shaded/dirs/impl/WindowsDefault getDefaultSupplier ()Ljava/util/function/Supplier; 0 <appendix> argL0 ; # coursier/paths/shaded/dirs/impl/WindowsDefault$$Lambda+0x00000236822ade18
instanceKlass coursier/paths/shaded/dirs/impl/WindowsDefault
instanceKlass coursier/paths/shaded/dirs/jni/WindowsJni
instanceKlass coursier/jniutils/CString
instanceKlass java/io/FileOutputStream$1
instanceKlass sun/nio/ch/IOStatus
instanceKlass sun/nio/ch/Util$BufferCache
instanceKlass sun/nio/ch/Util
instanceKlass sun/nio/ch/NativeThread
instanceKlass java/io/DeleteOnExitHook$1
instanceKlass java/io/DeleteOnExitHook
instanceKlass sun/security/provider/AbstractDrbg$NonceProvider
instanceKlass  @bci sun/security/provider/AbstractDrbg$SeederHolder <clinit> ()V 42 <appendix> member <vmtarget> ; # sun/security/provider/AbstractDrbg$SeederHolder$$Lambda+0x00000236821e5730
instanceKlass  @cpi sun/security/provider/AbstractDrbg$SeederHolder 91 form vmentry <vmtarget> ; # java/lang/invoke/LambdaForm$DMH+0x00000236822b0c00
# instanceKlass java/lang/invoke/LambdaForm$DMH+0x00000236822b0800
instanceKlass sun/nio/fs/BasicFileAttributesHolder
instanceKlass sun/nio/fs/WindowsDirectoryStream$WindowsDirectoryIterator
instanceKlass sun/nio/fs/WindowsDirectoryStream
instanceKlass java/nio/file/DirectoryStream
instanceKlass java/nio/file/Files$AcceptAllFilter
instanceKlass java/nio/file/DirectoryStream$Filter
instanceKlass java/net/NetworkInterface$1
instanceKlass java/net/DefaultInterface
instanceKlass java/net/Inet6Address$Inet6AddressHolder
instanceKlass java/net/InetAddress$PlatformResolver
instanceKlass java/net/spi/InetAddressResolver
instanceKlass java/net/spi/InetAddressResolver$LookupPolicy
instanceKlass java/net/Inet4AddressImpl
instanceKlass java/net/Inet6AddressImpl
instanceKlass java/net/InetAddressImpl
instanceKlass java/util/concurrent/ConcurrentSkipListMap$Node
instanceKlass java/util/concurrent/ConcurrentSkipListMap$Index
instanceKlass java/util/concurrent/ConcurrentNavigableMap
instanceKlass java/net/InetAddress$InetAddressHolder
instanceKlass java/net/InetAddress$1
instanceKlass jdk/internal/access/JavaNetInetAddressAccess
instanceKlass java/net/InterfaceAddress
instanceKlass java/net/NetworkInterface
instanceKlass sun/security/provider/SeedGenerator$1
instanceKlass sun/security/provider/SeedGenerator
instanceKlass sun/security/provider/AbstractDrbg$SeederHolder
instanceKlass java/security/DrbgParameters$NextBytes
instanceKlass  @bci sun/security/provider/AbstractDrbg <clinit> ()V 12 <appendix> argL0 ; # sun/security/provider/AbstractDrbg$$Lambda+0x00000236821e2d68
instanceKlass  @cpi sun/security/provider/AbstractDrbg 383 form vmentry <vmtarget> ; # java/lang/invoke/LambdaForm$DMH+0x00000236822b0400
# instanceKlass java/lang/invoke/LambdaForm$DMH+0x00000236822b0000
instanceKlass sun/security/provider/EntropySource
instanceKlass sun/security/provider/AbstractDrbg
instanceKlass java/security/DrbgParameters$Instantiation
instanceKlass java/security/DrbgParameters
instanceKlass sun/security/provider/MoreDrbgParameters
instanceKlass  @bci sun/security/provider/DRBG <init> (Ljava/security/SecureRandomParameters;)V 26 <appendix> argL0 ; # sun/security/provider/DRBG$$Lambda+0x00000236821e1808
instanceKlass java/security/SecureRandomSpi
instanceKlass java/util/AbstractList$Itr
instanceKlass java/io/File$TempDirectory
instanceKlass coursier/jniutils/DllName
instanceKlass coursier/jniutils/LoadWindowsLibrary
instanceKlass coursier/jniutils/NativeApi
instanceKlass coursier/jniutils/WindowsEnvironmentVariables
instanceKlass  @bci coursier/paths/Util useJni ()Z 0 <appendix> argL0 ; # coursier/paths/Util$$Lambda+0x00000236822ac8f0
instanceKlass coursier/paths/Util
instanceKlass coursier/paths/shaded/dirs/impl/Windows
instanceKlass coursier/paths/CoursierPaths
instanceKlass coursier/util/EnvValues
instanceKlass coursier/cache/CachePolicy
instanceKlass coursier/util/EnvEntry
instanceKlass scala/cli/config/Key
instanceKlass coursier/cache/CacheEnv$
instanceKlass coursier/cache/CacheDefaults$
instanceKlass coursier/util/PlatformTaskCompanion$$anon$2
instanceKlass coursier/util/TaskSync
instanceKlass coursier/util/Sync
instanceKlass coursier/util/PlatformSync
instanceKlass coursier/util/Gather
instanceKlass coursier/util/PlatformTaskCompanion
instanceKlass java/io/FilenameFilter
instanceKlass coursier/cache/internal/FileUtil$WithContent
instanceKlass coursier/cache/FileCache$
instanceKlass  @bci scala/meta/internal/metals/Embedded$ fetchSettings (Lcoursier/core/Dependency;Lscala/Option;Lscala/Option;)Lcoursier/Fetch; 161 <appendix> member <vmtarget> ; # scala/meta/internal/metals/Embedded$$$Lambda+0x00000236822a83d0
instanceKlass  @bci scala/meta/internal/metals/Embedded$ fetchSettings (Lcoursier/core/Dependency;Lscala/Option;Lscala/Option;)Lcoursier/Fetch; 151 <appendix> member <vmtarget> ; # scala/meta/internal/metals/Embedded$$$Lambda+0x00000236822a8000
instanceKlass coursier/params/rule/RuleResolution
instanceKlass coursier/params/ResolutionParams$
instanceKlass  @bci scala/meta/internal/metals/Embedded$ fetchSettings (Lcoursier/core/Dependency;Lscala/Option;Lscala/Option;)Lcoursier/Fetch; 133 <appendix> argL0 ; # scala/meta/internal/metals/Embedded$$$Lambda+0x00000236822a14f0
instanceKlass coursier/params/ResolutionParams
instanceKlass coursier/core/Configuration
instanceKlass scala/Tuple12
instanceKlass scala/Product12
instanceKlass coursier/core/Dependency
instanceKlass coursier/core/Overrides
instanceKlass coursier/core/Overrides$
instanceKlass coursier/core/Classifier
instanceKlass coursier/core/Extension
instanceKlass coursier/core/Type
instanceKlass scala/Tuple4
instanceKlass scala/Product4
instanceKlass coursier/core/Publication
instanceKlass  @bci coursier/core/Extension$ <clinit> ()V 22 <appendix> argL0 ; # coursier/core/Extension$$$Lambda+0x00000236822a7860
instanceKlass coursier/core/Extension$
instanceKlass coursier/core/Publication$
instanceKlass coursier/core/MinimizedExclusions
instanceKlass coursier/core/MinimizedExclusions$ExclusionData
instanceKlass coursier/core/MinimizedExclusions$
instanceKlass  @bci coursier/core/Configuration$ <clinit> ()V 22 <appendix> argL0 ; # coursier/core/Configuration$$$Lambda+0x00000236822a6040
instanceKlass coursier/core/Configuration$
instanceKlass coursier/core/VariantSelector$ConfigurationBased$
instanceKlass coursier/version/VersionConstraint$Lazy$
instanceKlass coursier/core/Dependency$
instanceKlass concurrentrefhashmap/ConcurrentReferenceHashMap$KeyReference
instanceKlass coursier/core/ModuleName
instanceKlass coursier/core/Organization
instanceKlass scala/Tuple3
instanceKlass scala/Product3
instanceKlass  @bci coursier/core/Validation$ assertValid (Ljava/lang/String;Ljava/lang/String;)V 11 <appendix> argL0 ; # coursier/core/Validation$$$Lambda+0x00000236822a43c8
instanceKlass  @bci coursier/core/Validation$ assertValid (Ljava/lang/String;Ljava/lang/String;)V 6 <appendix> argL0 ; # coursier/core/Validation$$$Lambda+0x00000236822a4000
instanceKlass  @bci org/h2/server/TcpServer getURL ()Ljava/lang/String; 21 <adapter> ; # java/lang/invoke/LambdaForm$MH+0x00000236822a0c00
# instanceKlass java/lang/invoke/LambdaForm$DMH+0x00000236822a0800
instanceKlass  @bci coursier/core/Validation$ $anonfun$validateCoordinate$1 (Ljava/lang/String;Ljava/lang/String;Lscala/util/Either;C)Lscala/util/Either; 10 <appendix> form vmentry <vmtarget> ; # java/lang/invoke/LambdaForm$DMH+0x00000236822a0400
instanceKlass  @bci coursier/core/Validation$ $anonfun$validateCoordinate$1 (Ljava/lang/String;Ljava/lang/String;Lscala/util/Either;C)Lscala/util/Either; 10 <appendix> member <vmtarget> ; # coursier/core/Validation$$$Lambda+0x000002368229fca0
instanceKlass  @bci coursier/core/Validation$ $anonfun$validateCoordinate$1 (Ljava/lang/String;Ljava/lang/String;Lscala/util/Either;C)Lscala/util/Either; 2 <appendix> member <vmtarget> ; # coursier/core/Validation$$$Lambda+0x000002368229f8d8
instanceKlass  @cpi java/time/temporal/TemporalAdjusters 209 form vmentry <vmtarget> ; # java/lang/invoke/LambdaForm$DMH+0x00000236822a0000
instanceKlass  @bci coursier/core/Validation$ validateCoordinate (Ljava/lang/String;Ljava/lang/String;)Lscala/util/Either; 38 <appendix> member <vmtarget> ; # coursier/core/Validation$$$Lambda+0x000002368229f328
instanceKlass coursier/core/Validation$
instanceKlass coursier/core/Module
instanceKlass concurrentrefhashmap/ConcurrentReferenceHashMap$HashEntry
instanceKlass concurrentrefhashmap/IConcurrentMap
instanceKlass coursier/util/Cache$
instanceKlass coursier/core/Module$
instanceKlass coursier/package$Module$
instanceKlass coursier/package$Dependency$
instanceKlass  @bci scala/collection/MapOps addString (Lscala/collection/mutable/StringBuilder;Ljava/lang/String;Ljava/lang/String;Ljava/lang/String;)Lscala/collection/mutable/StringBuilder; 6 <appendix> argL0 ; # scala/collection/MapOps$$Lambda+0x000002368229ce38
instanceKlass  @bci scala/collection/StringOps$ format$extension (Ljava/lang/String;Lscala/collection/immutable/Seq;)Ljava/lang/String; 3 <appendix> member <vmtarget> ; # scala/collection/StringOps$$$Lambda+0x000002368229ca68
instanceKlass scala/meta/internal/metals/BuildInfo$
instanceKlass scala/meta/internal/metals/JdkVersion
instanceKlass  @bci scala/meta/internal/metals/JdkVersion$ $anonfun$parse$2 (Ljava/lang/String;)Lscala/Option; 4 <appendix> member <vmtarget> ; # scala/meta/internal/metals/JdkVersion$$$Lambda+0x000002368229c240
instanceKlass  @bci scala/meta/internal/metals/JdkVersion$ $anonfun$parse$1 (Ljava/lang/String;)Lscala/collection/immutable/List; 63 <appendix> argL0 ; # scala/meta/internal/metals/JdkVersion$$$Lambda+0x000002368229be78
instanceKlass  @bci scala/meta/internal/metals/JdkVersion$ parse (Ljava/lang/String;)Lscala/Option; 4 <appendix> member <vmtarget> ; # scala/meta/internal/metals/JdkVersion$$$Lambda+0x000002368229bbb8
instanceKlass  @bci scala/util/PropertiesTrait propOrEmpty (Ljava/lang/String;)Ljava/lang/String; 2 <appendix> argL0 ; # scala/util/PropertiesTrait$$Lambda+0x000002368229b900
instanceKlass  @bci scala/util/PropertiesTrait $init$ (Lscala/util/PropertiesTrait;)V 228 <appendix> argL0 ; # scala/util/PropertiesTrait$$Lambda+0x000002368229b648
instanceKlass  @bci scala/util/PropertiesTrait $init$ (Lscala/util/PropertiesTrait;)V 202 <appendix> argL0 ; # scala/util/PropertiesTrait$$Lambda+0x000002368229b390
instanceKlass scala/util/Properties$
instanceKlass scala/util/PropertiesTrait
instanceKlass scala/meta/internal/metals/JdkVersion$
instanceKlass coursier/cache/PlatformCache
instanceKlass scala/meta/internal/metals/Embedded$
instanceKlass  @bci scala/meta/internal/metals/JavaInteractiveSemanticdb$ create (Lscala/meta/io/AbsolutePath;Lscala/meta/internal/metals/BuildTargets;)Lscala/meta/internal/metals/JavaInteractiveSemanticdb; 3 <appendix> argL0 ; # scala/meta/internal/metals/JavaInteractiveSemanticdb$$$Lambda+0x0000023682299d70
instanceKlass scala/meta/internal/metals/JavaInteractiveSemanticdb
instanceKlass scala/meta/internal/metals/JavaInteractiveSemanticdb$
instanceKlass scala/meta/internal/metals/EmptyScalafmtReporter$
instanceKlass org/scalafmt/dynamic/ScalafmtConfigLoader$
instanceKlass org/scalafmt/dynamic/ScalafmtConfigLoader$CachedProxy
instanceKlass org/scalafmt/dynamic/utils/ReentrantCache
instanceKlass org/scalafmt/dynamic/utils/ReentrantCache$
instanceKlass coursier/maven/MavenRepositoryInternal
instanceKlass coursier/version/Latest
instanceKlass coursier/util/Monad
instanceKlass coursier/core/ResolutionProcess
instanceKlass coursier/core/ResolutionProcess$
instanceKlass  @bci coursier/core/Type$ <clinit> ()V 22 <appendix> argL0 ; # coursier/core/Type$$$Lambda+0x0000023682296330
instanceKlass coursier/core/Type$
instanceKlass  @bci coursier/core/Classifier$ <clinit> ()V 22 <appendix> argL0 ; # coursier/core/Classifier$$$Lambda+0x0000023682295d60
instanceKlass coursier/core/Classifier$
instanceKlass coursier/util/SaxHandler
instanceKlass coursier/maven/MavenRepository$
instanceKlass coursier/core/Repository$
instanceKlass coursier/core/Profile$
instanceKlass coursier/core/Info
instanceKlass coursier/core/Info$
instanceKlass coursier/core/Project$
instanceKlass coursier/core/BomDependency$
instanceKlass coursier/core/VariantSelector
instanceKlass coursier/core/VariantSelector$
instanceKlass coursier/core/Variant
instanceKlass coursier/core/Variant$
instanceKlass scala/Product1$mcI$sp
instanceKlass scala/Tuple1
instanceKlass scala/Product1
instanceKlass coursier/version/Version$Item
instanceKlass coursier/version/Version$Number$
instanceKlass coursier/version/Version
instanceKlass coursier/version/Version$
instanceKlass coursier/version/VersionInterval
instanceKlass coursier/version/VersionInterval$
instanceKlass coursier/version/VersionConstraint$Eager$
instanceKlass coursier/version/VersionConstraint
instanceKlass coursier/version/VersionConstraint$
instanceKlass  @bci coursier/core/ModuleName$ <clinit> ()V 22 <appendix> argL0 ; # coursier/core/ModuleName$$$Lambda+0x00000236822905d0
instanceKlass coursier/core/ModuleName$
instanceKlass  @bci coursier/core/Organization$ <clinit> ()V 22 <appendix> argL0 ; # coursier/core/Organization$$$Lambda+0x0000023682290000
instanceKlass scala/math/Ordering$String$
instanceKlass scala/math/Ordering$StringOrdering
instanceKlass coursier/core/Organization$
instanceKlass coursier/package$
instanceKlass  @bci org/scalafmt/dynamic/CoursierDependencyDownloader$ <clinit> ()V 22 <appendix> argL0 ; # org/scalafmt/dynamic/CoursierDependencyDownloader$$$Lambda+0x000002368228f1c8
instanceKlass coursier/maven/MavenRepository
instanceKlass coursier/core/Repository$VersionApi
instanceKlass coursier/maven/MavenRepositoryLike$WithModuleSupport
instanceKlass coursier/core/ArtifactSource$ModuleBased
instanceKlass coursier/maven/MavenRepositoryLike
instanceKlass coursier/core/Repository
instanceKlass coursier/core/ArtifactSource
instanceKlass org/scalafmt/dynamic/DependencyDownloader
instanceKlass org/scalafmt/dynamic/CoursierDependencyDownloader$
instanceKlass org/scalafmt/dynamic/ScalafmtModuleLoader$WithDownloader
instanceKlass org/scalafmt/dynamic/DependencyDownloaderFactory
instanceKlass org/scalafmt/dynamic/ScalafmtDynamic$
instanceKlass org/scalafmt/dynamic/ScalafmtModuleLoader$CachedProxy
instanceKlass org/scalafmt/dynamic/ConsoleScalafmtReporter
instanceKlass org/scalafmt/dynamic/ScalafmtProperties
instanceKlass org/scalafmt/dynamic/ScalafmtConfigLoader
instanceKlass org/scalafmt/dynamic/ScalafmtModuleLoader
instanceKlass org/scalafmt/dynamic/ScalafmtDynamic
instanceKlass org/scalafmt/interfaces/ScalafmtSessionFactory
instanceKlass org/scalafmt/interfaces/RepositoryCredential$ScalafmtExtension
instanceKlass sun/net/www/MessageHeader
instanceKlass sun/net/www/protocol/jar/JarFileFactory
instanceKlass sun/net/www/protocol/jar/URLJarFile$URLJarFileCloseController
instanceKlass java/net/URLConnection
instanceKlass org/scalafmt/interfaces/Scalafmt
instanceKlass scala/meta/internal/metals/FormattingProvider$
instanceKlass  @bci scala/meta/internal/metals/MetalsLspService <init> (Lscala/concurrent/ExecutionContextExecutorService;Ljava/util/concurrent/ScheduledExecutorService;Lscala/meta/internal/metals/MetalsServerInputs;Lscala/meta/internal/metals/clients/language/ConfiguredLanguageClient;Lorg/eclipse/lsp4j/InitializeParams;Lscala/meta/internal/metals/ClientConfiguration;Lscala/meta/internal/metals/StatusBar;Lscala/Function0;Lscala/meta/internal/metals/TimerProvider;Lscala/meta/io/AbsolutePath;Lscala/Option;Lscala/meta/internal/metals/doctor/HeadDoctor;Lscala/meta/internal/metals/BspStatus;Lscala/meta/internal/metals/WorkDoneProgress;ILscala/meta/internal/metals/ModuleStatus;)V 1253 <appendix> member <vmtarget> ; # scala/meta/internal/metals/MetalsLspService$$Lambda+0x000002368228b400
instanceKlass scala/meta/internal/metals/ScalafmtDialect
instanceKlass org/scalafmt/interfaces/ScalafmtReporter
instanceKlass scala/meta/internal/metals/FormattingProvider
instanceKlass  @bci scala/meta/internal/metals/MetalsLspService <init> (Lscala/concurrent/ExecutionContextExecutorService;Ljava/util/concurrent/ScheduledExecutorService;Lscala/meta/internal/metals/MetalsServerInputs;Lscala/meta/internal/metals/clients/language/ConfiguredLanguageClient;Lorg/eclipse/lsp4j/InitializeParams;Lscala/meta/internal/metals/ClientConfiguration;Lscala/meta/internal/metals/StatusBar;Lscala/Function0;Lscala/meta/internal/metals/TimerProvider;Lscala/meta/io/AbsolutePath;Lscala/Option;Lscala/meta/internal/metals/doctor/HeadDoctor;Lscala/meta/internal/metals/BspStatus;Lscala/meta/internal/metals/WorkDoneProgress;ILscala/meta/internal/metals/ModuleStatus;)V 1222 <appendix> member <vmtarget> ; # scala/meta/internal/metals/MetalsLspService$$Lambda+0x0000023682289c20
instanceKlass scala/meta/internal/metals/CodeLensProvider
instanceKlass scala/meta/internal/metals/codelenses/WorksheetCodeLens
instanceKlass  @bci scala/meta/internal/metals/MetalsLspService <init> (Lscala/concurrent/ExecutionContextExecutorService;Ljava/util/concurrent/ScheduledExecutorService;Lscala/meta/internal/metals/MetalsServerInputs;Lscala/meta/internal/metals/clients/language/ConfiguredLanguageClient;Lorg/eclipse/lsp4j/InitializeParams;Lscala/meta/internal/metals/ClientConfiguration;Lscala/meta/internal/metals/StatusBar;Lscala/Function0;Lscala/meta/internal/metals/TimerProvider;Lscala/meta/io/AbsolutePath;Lscala/Option;Lscala/meta/internal/metals/doctor/HeadDoctor;Lscala/meta/internal/metals/BspStatus;Lscala/meta/internal/metals/WorkDoneProgress;ILscala/meta/internal/metals/ModuleStatus;)V 1141 <appendix> member <vmtarget> ; # scala/meta/internal/metals/MetalsLspService$$Lambda+0x00000236822894f8
instanceKlass scala/meta/internal/metals/codelenses/SuperMethodCodeLens
instanceKlass  @bci scala/meta/internal/metals/MetalsLspService <init> (Lscala/concurrent/ExecutionContextExecutorService;Ljava/util/concurrent/ScheduledExecutorService;Lscala/meta/internal/metals/MetalsServerInputs;Lscala/meta/internal/metals/clients/language/ConfiguredLanguageClient;Lorg/eclipse/lsp4j/InitializeParams;Lscala/meta/internal/metals/ClientConfiguration;Lscala/meta/internal/metals/StatusBar;Lscala/Function0;Lscala/meta/internal/metals/TimerProvider;Lscala/meta/io/AbsolutePath;Lscala/Option;Lscala/meta/internal/metals/doctor/HeadDoctor;Lscala/meta/internal/metals/BspStatus;Lscala/meta/internal/metals/WorkDoneProgress;ILscala/meta/internal/metals/ModuleStatus;)V 1112 <appendix> member <vmtarget> ; # scala/meta/internal/metals/MetalsLspService$$Lambda+0x0000023682289000
instanceKlass scala/meta/internal/metals/BaseCommand
instanceKlass scala/meta/internal/metals/codelenses/RunTestCodeLens
instanceKlass  @bci scala/meta/internal/metals/testProvider/TestSuitesProvider <init> (Lscala/meta/internal/metals/BuildTargets;Lscala/meta/internal/metals/debug/BuildTargetClasses;Lscala/meta/internal/parsing/Trees;Lscala/meta/internal/mtags/GlobalSymbolIndex;Lscala/Function0;Lscala/meta/internal/metals/Buffers;Lscala/meta/internal/metals/ClientConfiguration;Lscala/Function0;Lscala/meta/internal/metals/clients/language/MetalsLanguageClient;Ljava/lang/String;Lscala/meta/io/AbsolutePath;Lscala/concurrent/ExecutionContext;)V 203 <appendix> member <vmtarget> ; # scala/meta/internal/metals/testProvider/TestSuitesProvider$$Lambda+0x00000236822887f8
instanceKlass  @bci scala/meta/internal/metals/testProvider/TestSuitesProvider <init> (Lscala/meta/internal/metals/BuildTargets;Lscala/meta/internal/metals/debug/BuildTargetClasses;Lscala/meta/internal/parsing/Trees;Lscala/meta/internal/mtags/GlobalSymbolIndex;Lscala/Function0;Lscala/meta/internal/metals/Buffers;Lscala/meta/internal/metals/ClientConfiguration;Lscala/Function0;Lscala/meta/internal/metals/clients/language/MetalsLanguageClient;Ljava/lang/String;Lscala/meta/io/AbsolutePath;Lscala/concurrent/ExecutionContext;)V 170 <appendix> member <vmtarget> ; # scala/meta/internal/metals/testProvider/TestSuitesProvider$$Lambda+0x0000023682288428
instanceKlass scala/meta/internal/metals/testProvider/frameworks/ZioTestFinder
instanceKlass scala/meta/internal/metals/testProvider/frameworks/WeaverCatsEffectTestFinder$
instanceKlass scala/meta/internal/metals/testProvider/frameworks/ScalatestTestFinder
instanceKlass scala/meta/internal/metals/testProvider/frameworks/MunitTestFinder$
instanceKlass scala/meta/internal/metals/testProvider/frameworks/MunitTestFinder
instanceKlass scala/meta/internal/metals/testProvider/frameworks/TestNGTestFinder
instanceKlass scala/meta/internal/metals/testProvider/frameworks/JunitTestFinder
instanceKlass scala/meta/internal/metals/testProvider/frameworks/AnnotationTestFinder
instanceKlass scala/meta/internal/metals/testProvider/TestSuitesIndex
instanceKlass  @bci scala/meta/internal/metals/MetalsLspService getVisibleName ()Ljava/lang/String; 5 <appendix> member <vmtarget> ; # scala/meta/internal/metals/MetalsLspService$$Lambda+0x0000023682286ad8
instanceKlass  @bci scala/meta/internal/metals/MetalsLspService <init> (Lscala/concurrent/ExecutionContextExecutorService;Ljava/util/concurrent/ScheduledExecutorService;Lscala/meta/internal/metals/MetalsServerInputs;Lscala/meta/internal/metals/clients/language/ConfiguredLanguageClient;Lorg/eclipse/lsp4j/InitializeParams;Lscala/meta/internal/metals/ClientConfiguration;Lscala/meta/internal/metals/StatusBar;Lscala/Function0;Lscala/meta/internal/metals/TimerProvider;Lscala/meta/io/AbsolutePath;Lscala/Option;Lscala/meta/internal/metals/doctor/HeadDoctor;Lscala/meta/internal/metals/BspStatus;Lscala/meta/internal/metals/WorkDoneProgress;ILscala/meta/internal/metals/ModuleStatus;)V 1065 <appendix> member <vmtarget> ; # scala/meta/internal/metals/MetalsLspService$$Lambda+0x0000023682286818
instanceKlass  @bci scala/meta/internal/metals/MetalsLspService <init> (Lscala/concurrent/ExecutionContextExecutorService;Ljava/util/concurrent/ScheduledExecutorService;Lscala/meta/internal/metals/MetalsServerInputs;Lscala/meta/internal/metals/clients/language/ConfiguredLanguageClient;Lorg/eclipse/lsp4j/InitializeParams;Lscala/meta/internal/metals/ClientConfiguration;Lscala/meta/internal/metals/StatusBar;Lscala/Function0;Lscala/meta/internal/metals/TimerProvider;Lscala/meta/io/AbsolutePath;Lscala/Option;Lscala/meta/internal/metals/doctor/HeadDoctor;Lscala/meta/internal/metals/BspStatus;Lscala/meta/internal/metals/WorkDoneProgress;ILscala/meta/internal/metals/ModuleStatus;)V 1053 <appendix> member <vmtarget> ; # scala/meta/internal/metals/MetalsLspService$$Lambda+0x0000023682286558
instanceKlass scala/meta/internal/metals/testProvider/TestExplorerEvent
instanceKlass scala/meta/internal/metals/testProvider/TestSuitesProvider
instanceKlass scala/meta/internal/metals/codelenses/CodeLens
instanceKlass scala/meta/internal/metals/StacktraceAnalyzer
instanceKlass scala/meta/Term
instanceKlass scala/meta/Stat
instanceKlass scala/meta/internal/metals/ScaladocDefinitionProvider
instanceKlass  @bci scala/meta/internal/metals/DefinitionProvider <init> (Lscala/meta/io/AbsolutePath;Lscala/meta/internal/mtags/Mtags;Lscala/meta/internal/metals/Buffers;Lscala/meta/internal/mtags/GlobalSymbolIndex;Lscala/Function0;Lscala/Function0;Lscala/meta/internal/parsing/Trees;Lscala/meta/internal/metals/BuildTargets;Lscala/meta/internal/metals/ScalaVersionSelector;ZLscala/meta/internal/metals/SourceMapper;Lscala/concurrent/ExecutionContext;Lscala/meta/internal/metals/ReportContext;)V 65 <appendix> member <vmtarget> ; # scala/meta/internal/metals/DefinitionProvider$$Lambda+0x0000023682285118
instanceKlass scala/meta/internal/metals/DestinationProvider
instanceKlass scala/meta/internal/metals/FallbackDefinitionProvider
instanceKlass  @bci scala/meta/internal/metals/MetalsLspService <init> (Lscala/concurrent/ExecutionContextExecutorService;Ljava/util/concurrent/ScheduledExecutorService;Lscala/meta/internal/metals/MetalsServerInputs;Lscala/meta/internal/metals/clients/language/ConfiguredLanguageClient;Lorg/eclipse/lsp4j/InitializeParams;Lscala/meta/internal/metals/ClientConfiguration;Lscala/meta/internal/metals/StatusBar;Lscala/Function0;Lscala/meta/internal/metals/TimerProvider;Lscala/meta/io/AbsolutePath;Lscala/Option;Lscala/meta/internal/metals/doctor/HeadDoctor;Lscala/meta/internal/metals/BspStatus;Lscala/meta/internal/metals/WorkDoneProgress;ILscala/meta/internal/metals/ModuleStatus;)V 952 <appendix> member <vmtarget> ; # scala/meta/internal/metals/MetalsLspService$$Lambda+0x0000023682284a08
instanceKlass  @bci scala/meta/internal/metals/MetalsLspService <init> (Lscala/concurrent/ExecutionContextExecutorService;Ljava/util/concurrent/ScheduledExecutorService;Lscala/meta/internal/metals/MetalsServerInputs;Lscala/meta/internal/metals/clients/language/ConfiguredLanguageClient;Lorg/eclipse/lsp4j/InitializeParams;Lscala/meta/internal/metals/ClientConfiguration;Lscala/meta/internal/metals/StatusBar;Lscala/Function0;Lscala/meta/internal/metals/TimerProvider;Lscala/meta/io/AbsolutePath;Lscala/Option;Lscala/meta/internal/metals/doctor/HeadDoctor;Lscala/meta/internal/metals/BspStatus;Lscala/meta/internal/metals/WorkDoneProgress;ILscala/meta/internal/metals/ModuleStatus;)V 946 <appendix> member <vmtarget> ; # scala/meta/internal/metals/MetalsLspService$$Lambda+0x0000023682284748
instanceKlass scala/meta/internal/metals/DefinitionProvider
instanceKlass scala/reflect/ClassTag$GenericClassTag
instanceKlass scala/meta/internal/metals/CompressedPackageIndex
instanceKlass scala/meta/internal/metals/ClasspathSearch$
instanceKlass scala/meta/pc/SymbolSearchVisitor
instanceKlass scala/meta/internal/metals/WorkspaceSymbolProvider
instanceKlass scala/meta/internal/metals/CompressedPackageIndex$
instanceKlass scala/meta/internal/metals/WorkspaceSymbolProvider$
instanceKlass  @bci scala/meta/internal/metals/MetalsLspService <init> (Lscala/concurrent/ExecutionContextExecutorService;Ljava/util/concurrent/ScheduledExecutorService;Lscala/meta/internal/metals/MetalsServerInputs;Lscala/meta/internal/metals/clients/language/ConfiguredLanguageClient;Lorg/eclipse/lsp4j/InitializeParams;Lscala/meta/internal/metals/ClientConfiguration;Lscala/meta/internal/metals/StatusBar;Lscala/Function0;Lscala/meta/internal/metals/TimerProvider;Lscala/meta/io/AbsolutePath;Lscala/Option;Lscala/meta/internal/metals/doctor/HeadDoctor;Lscala/meta/internal/metals/BspStatus;Lscala/meta/internal/metals/WorkDoneProgress;ILscala/meta/internal/metals/ModuleStatus;)V 877 <appendix> member <vmtarget> ; # scala/meta/internal/metals/MetalsLspService$$Lambda+0x0000023682282d50
instanceKlass  @bci scala/meta/internal/metals/ClientConfiguration isVirtualDocumentSupported ()Z 7 <appendix> argL0 ; # scala/meta/internal/metals/ClientConfiguration$$Lambda+0x0000023682282a78
instanceKlass  @bci scala/meta/internal/metals/MetalsLspService <init> (Lscala/concurrent/ExecutionContextExecutorService;Ljava/util/concurrent/ScheduledExecutorService;Lscala/meta/internal/metals/MetalsServerInputs;Lscala/meta/internal/metals/clients/language/ConfiguredLanguageClient;Lorg/eclipse/lsp4j/InitializeParams;Lscala/meta/internal/metals/ClientConfiguration;Lscala/meta/internal/metals/StatusBar;Lscala/Function0;Lscala/meta/internal/metals/TimerProvider;Lscala/meta/io/AbsolutePath;Lscala/Option;Lscala/meta/internal/metals/doctor/HeadDoctor;Lscala/meta/internal/metals/BspStatus;Lscala/meta/internal/metals/WorkDoneProgress;ILscala/meta/internal/metals/ModuleStatus;)V 821 <appendix> member <vmtarget> ; # scala/meta/internal/metals/MetalsLspService$$Lambda+0x00000236822827b8
instanceKlass scala/meta/internal/builds/BspErrorHandler
instanceKlass  @bci scala/meta/internal/bsp/BspStatusState <init> (Lscala/meta/internal/bsp/BspServerState;Lscala/Option;Lscala/Option;Z)V 31 <appendix> argL0 ; # scala/meta/internal/bsp/BspStatusState$$Lambda+0x00000236822822d8
instanceKlass scala/meta/internal/bsp/Disconnected$
instanceKlass scala/meta/internal/bsp/BspStatusState
instanceKlass scala/meta/internal/bsp/BspServerState
instanceKlass scala/meta/internal/bsp/ConnectionBspStatus
instanceKlass scala/meta/internal/metals/Diagnostics
instanceKlass  @bci scala/meta/internal/metals/MetalsEnrichments$XtensionClientCapabilities foldOnlyLines ()Z 21 <appendix> argL0 ; # scala/meta/internal/metals/MetalsEnrichments$XtensionClientCapabilities$$Lambda+0x0000023682281430
instanceKlass  @bci scala/meta/internal/metals/MetalsEnrichments$XtensionClientCapabilities $anonfun$foldOnlyLines$3 (Lorg/eclipse/lsp4j/FoldingRangeCapabilities;)Lscala/Option; 10 <appendix> argL0 ; # scala/meta/internal/metals/MetalsEnrichments$XtensionClientCapabilities$$Lambda+0x0000023682281068
instanceKlass  @bci scala/meta/internal/metals/MetalsEnrichments$XtensionClientCapabilities $anonfun$foldOnlyLines$2 (Lorg/eclipse/lsp4j/TextDocumentClientCapabilities;)Lscala/Option; 10 <appendix> argL0 ; # scala/meta/internal/metals/MetalsEnrichments$XtensionClientCapabilities$$Lambda+0x0000023682280ca0
instanceKlass  @bci scala/meta/internal/metals/MetalsEnrichments$XtensionClientCapabilities $anonfun$foldOnlyLines$1 (Lorg/eclipse/lsp4j/ClientCapabilities;)Lscala/Option; 10 <appendix> argL0 ; # scala/meta/internal/metals/MetalsEnrichments$XtensionClientCapabilities$$Lambda+0x00000236822808d8
instanceKlass  @bci scala/meta/internal/metals/MetalsEnrichments$XtensionClientCapabilities foldOnlyLines ()Z 13 <appendix> argL0 ; # scala/meta/internal/metals/MetalsEnrichments$XtensionClientCapabilities$$Lambda+0x0000023682280510
instanceKlass scala/meta/internal/parsing/FoldingRangeProvider
instanceKlass scala/meta/internal/metals/formatting/IndentOnPaste
instanceKlass scala/meta/internal/metals/formatting/ScalaCliDependencyRangeFormatter$
instanceKlass  @bci scala/meta/internal/metals/MetalsLspService <init> (Lscala/concurrent/ExecutionContextExecutorService;Ljava/util/concurrent/ScheduledExecutorService;Lscala/meta/internal/metals/MetalsServerInputs;Lscala/meta/internal/metals/clients/language/ConfiguredLanguageClient;Lorg/eclipse/lsp4j/InitializeParams;Lscala/meta/internal/metals/ClientConfiguration;Lscala/meta/internal/metals/StatusBar;Lscala/Function0;Lscala/meta/internal/metals/TimerProvider;Lscala/meta/io/AbsolutePath;Lscala/Option;Lscala/meta/internal/metals/doctor/HeadDoctor;Lscala/meta/internal/metals/BspStatus;Lscala/meta/internal/metals/WorkDoneProgress;ILscala/meta/internal/metals/ModuleStatus;)V 687 <appendix> member <vmtarget> ; # scala/meta/internal/metals/MetalsLspService$$Lambda+0x000002368227faf8
instanceKlass scala/meta/internal/metals/formatting/RangeFormattingProvider
instanceKlass scala/meta/internal/metals/formatting/FormatterParams
instanceKlass scala/meta/internal/metals/formatting/OnTypeFormatter
instanceKlass scala/meta/internal/metals/formatting/RangeFormatter
instanceKlass  @bci scala/meta/internal/metals/MetalsLspService <init> (Lscala/concurrent/ExecutionContextExecutorService;Ljava/util/concurrent/ScheduledExecutorService;Lscala/meta/internal/metals/MetalsServerInputs;Lscala/meta/internal/metals/clients/language/ConfiguredLanguageClient;Lorg/eclipse/lsp4j/InitializeParams;Lscala/meta/internal/metals/ClientConfiguration;Lscala/meta/internal/metals/StatusBar;Lscala/Function0;Lscala/meta/internal/metals/TimerProvider;Lscala/meta/io/AbsolutePath;Lscala/Option;Lscala/meta/internal/metals/doctor/HeadDoctor;Lscala/meta/internal/metals/BspStatus;Lscala/meta/internal/metals/WorkDoneProgress;ILscala/meta/internal/metals/ModuleStatus;)V 662 <appendix> member <vmtarget> ; # scala/meta/internal/metals/MetalsLspService$$Lambda+0x000002368227eac8
instanceKlass scala/meta/internal/metals/formatting/OnTypeFormattingProvider
instanceKlass  @bci scala/meta/internal/metals/MetalsEnrichments$XtensionClientCapabilities supportsHierarchicalDocumentSymbols ()Z 21 <appendix> argL0 ; # scala/meta/internal/metals/MetalsEnrichments$XtensionClientCapabilities$$Lambda+0x000002368227e5d0
instanceKlass  @bci scala/meta/internal/metals/MetalsEnrichments$XtensionClientCapabilities $anonfun$supportsHierarchicalDocumentSymbols$3 (Lorg/eclipse/lsp4j/DocumentSymbolCapabilities;)Lscala/Option; 10 <appendix> argL0 ; # scala/meta/internal/metals/MetalsEnrichments$XtensionClientCapabilities$$Lambda+0x000002368227e208
instanceKlass  @bci scala/meta/internal/metals/MetalsEnrichments$XtensionClientCapabilities $anonfun$supportsHierarchicalDocumentSymbols$2 (Lorg/eclipse/lsp4j/TextDocumentClientCapabilities;)Lscala/Option; 10 <appendix> argL0 ; # scala/meta/internal/metals/MetalsEnrichments$XtensionClientCapabilities$$Lambda+0x000002368227de40
instanceKlass  @bci scala/meta/internal/metals/MetalsEnrichments$XtensionClientCapabilities $anonfun$supportsHierarchicalDocumentSymbols$1 (Lorg/eclipse/lsp4j/ClientCapabilities;)Lscala/Option; 10 <appendix> argL0 ; # scala/meta/internal/metals/MetalsEnrichments$XtensionClientCapabilities$$Lambda+0x000002368227da78
instanceKlass  @bci scala/meta/internal/metals/MetalsEnrichments$XtensionClientCapabilities supportsHierarchicalDocumentSymbols ()Z 13 <appendix> argL0 ; # scala/meta/internal/metals/MetalsEnrichments$XtensionClientCapabilities$$Lambda+0x000002368227d6b0
instanceKlass scala/meta/internal/metals/MetalsEnrichments$XtensionClientCapabilities
instanceKlass scala/meta/internal/parsing/DocumentSymbolProvider
instanceKlass scala/meta/Tree
instanceKlass scala/meta/internal/trees/Metadata$Ast
instanceKlass scala/meta/internal/trees/InternalTree
instanceKlass scala/meta/parsers/Parsed
instanceKlass org/scalameta/adt/Metadata$Adt
instanceKlass scala/meta/inputs/Position
instanceKlass scala/meta/inputs/InputRange
instanceKlass scala/meta/internal/parsing/Trees
instanceKlass  @bci scala/meta/internal/metals/MetalsLspService <init> (Lscala/concurrent/ExecutionContextExecutorService;Ljava/util/concurrent/ScheduledExecutorService;Lscala/meta/internal/metals/MetalsServerInputs;Lscala/meta/internal/metals/clients/language/ConfiguredLanguageClient;Lorg/eclipse/lsp4j/InitializeParams;Lscala/meta/internal/metals/ClientConfiguration;Lscala/meta/internal/metals/StatusBar;Lscala/Function0;Lscala/meta/internal/metals/TimerProvider;Lscala/meta/io/AbsolutePath;Lscala/Option;Lscala/meta/internal/metals/doctor/HeadDoctor;Lscala/meta/internal/metals/BspStatus;Lscala/meta/internal/metals/WorkDoneProgress;ILscala/meta/internal/metals/ModuleStatus;)V 569 <appendix> member <vmtarget> ; # scala/meta/internal/metals/MetalsLspService$$Lambda+0x000002368227b8f0
instanceKlass  @bci scala/meta/internal/metals/Compilations <init> (Lscala/meta/internal/metals/BuildTargets;Lscala/meta/internal/metals/debug/BuildTargetClasses;Lscala/meta/internal/metals/clients/language/MetalsLanguageClient;Lscala/Function0;Lscala/Function0;Lscala/Function0;Lscala/Function1;Lscala/Function0;Lscala/Function0;Lscala/meta/internal/metals/PreviouslyCompiledDownsteamTargets;Lscala/meta/internal/metals/FileChanges;ZLscala/concurrent/ExecutionContext;)V 189 <appendix> member <vmtarget> ; # scala/meta/internal/metals/Compilations$$Lambda+0x000002368227b520
instanceKlass  @bci scala/meta/internal/metals/Compilations <init> (Lscala/meta/internal/metals/BuildTargets;Lscala/meta/internal/metals/debug/BuildTargetClasses;Lscala/meta/internal/metals/clients/language/MetalsLanguageClient;Lscala/Function0;Lscala/Function0;Lscala/Function0;Lscala/Function1;Lscala/Function0;Lscala/Function0;Lscala/meta/internal/metals/PreviouslyCompiledDownsteamTargets;Lscala/meta/internal/metals/FileChanges;ZLscala/concurrent/ExecutionContext;)V 135 <appendix> member <vmtarget> ; # scala/meta/internal/metals/Compilations$$Lambda+0x000002368227b150
instanceKlass scala/meta/internal/metals/utils/Timeout
instanceKlass scala/meta/internal/metals/utils/Timeout$
instanceKlass  @bci scala/meta/internal/metals/MetalsLspService <init> (Lscala/concurrent/ExecutionContextExecutorService;Ljava/util/concurrent/ScheduledExecutorService;Lscala/meta/internal/metals/MetalsServerInputs;Lscala/meta/internal/metals/clients/language/ConfiguredLanguageClient;Lorg/eclipse/lsp4j/InitializeParams;Lscala/meta/internal/metals/ClientConfiguration;Lscala/meta/internal/metals/StatusBar;Lscala/Function0;Lscala/meta/internal/metals/TimerProvider;Lscala/meta/io/AbsolutePath;Lscala/Option;Lscala/meta/internal/metals/doctor/HeadDoctor;Lscala/meta/internal/metals/BspStatus;Lscala/meta/internal/metals/WorkDoneProgress;ILscala/meta/internal/metals/ModuleStatus;)V 522 <appendix> member <vmtarget> ; # scala/meta/internal/metals/MetalsLspService$$Lambda+0x000002368227a9a0
instanceKlass  @bci scala/meta/internal/metals/MetalsLspService <init> (Lscala/concurrent/ExecutionContextExecutorService;Ljava/util/concurrent/ScheduledExecutorService;Lscala/meta/internal/metals/MetalsServerInputs;Lscala/meta/internal/metals/clients/language/ConfiguredLanguageClient;Lorg/eclipse/lsp4j/InitializeParams;Lscala/meta/internal/metals/ClientConfiguration;Lscala/meta/internal/metals/StatusBar;Lscala/Function0;Lscala/meta/internal/metals/TimerProvider;Lscala/meta/io/AbsolutePath;Lscala/Option;Lscala/meta/internal/metals/doctor/HeadDoctor;Lscala/meta/internal/metals/BspStatus;Lscala/meta/internal/metals/WorkDoneProgress;ILscala/meta/internal/metals/ModuleStatus;)V 512 <appendix> member <vmtarget> ; # scala/meta/internal/metals/MetalsLspService$$Lambda+0x000002368227a5d0
instanceKlass  @bci scala/meta/internal/metals/MetalsLspService <init> (Lscala/concurrent/ExecutionContextExecutorService;Ljava/util/concurrent/ScheduledExecutorService;Lscala/meta/internal/metals/MetalsServerInputs;Lscala/meta/internal/metals/clients/language/ConfiguredLanguageClient;Lorg/eclipse/lsp4j/InitializeParams;Lscala/meta/internal/metals/ClientConfiguration;Lscala/meta/internal/metals/StatusBar;Lscala/Function0;Lscala/meta/internal/metals/TimerProvider;Lscala/meta/io/AbsolutePath;Lscala/Option;Lscala/meta/internal/metals/doctor/HeadDoctor;Lscala/meta/internal/metals/BspStatus;Lscala/meta/internal/metals/WorkDoneProgress;ILscala/meta/internal/metals/ModuleStatus;)V 506 <appendix> member <vmtarget> ; # scala/meta/internal/metals/MetalsLspService$$Lambda+0x000002368227a310
instanceKlass  @bci scala/meta/internal/metals/MetalsLspService <init> (Lscala/concurrent/ExecutionContextExecutorService;Ljava/util/concurrent/ScheduledExecutorService;Lscala/meta/internal/metals/MetalsServerInputs;Lscala/meta/internal/metals/clients/language/ConfiguredLanguageClient;Lorg/eclipse/lsp4j/InitializeParams;Lscala/meta/internal/metals/ClientConfiguration;Lscala/meta/internal/metals/StatusBar;Lscala/Function0;Lscala/meta/internal/metals/TimerProvider;Lscala/meta/io/AbsolutePath;Lscala/Option;Lscala/meta/internal/metals/doctor/HeadDoctor;Lscala/meta/internal/metals/BspStatus;Lscala/meta/internal/metals/WorkDoneProgress;ILscala/meta/internal/metals/ModuleStatus;)V 500 <appendix> member <vmtarget> ; # scala/meta/internal/metals/MetalsLspService$$Lambda+0x000002368227a030
instanceKlass  @bci scala/meta/internal/metals/MetalsLspService <init> (Lscala/concurrent/ExecutionContextExecutorService;Ljava/util/concurrent/ScheduledExecutorService;Lscala/meta/internal/metals/MetalsServerInputs;Lscala/meta/internal/metals/clients/language/ConfiguredLanguageClient;Lorg/eclipse/lsp4j/InitializeParams;Lscala/meta/internal/metals/ClientConfiguration;Lscala/meta/internal/metals/StatusBar;Lscala/Function0;Lscala/meta/internal/metals/TimerProvider;Lscala/meta/io/AbsolutePath;Lscala/Option;Lscala/meta/internal/metals/doctor/HeadDoctor;Lscala/meta/internal/metals/BspStatus;Lscala/meta/internal/metals/WorkDoneProgress;ILscala/meta/internal/metals/ModuleStatus;)V 494 <appendix> member <vmtarget> ; # scala/meta/internal/metals/MetalsLspService$$Lambda+0x0000023682279d50
instanceKlass scala/meta/internal/metals/Compilations
instanceKlass scala/meta/internal/metals/SourceMapper
instanceKlass scala/meta/internal/metals/PreviouslyCompiledDownsteamTargets
instanceKlass  @bci scala/meta/internal/metals/MetalsLspService <init> (Lscala/concurrent/ExecutionContextExecutorService;Ljava/util/concurrent/ScheduledExecutorService;Lscala/meta/internal/metals/MetalsServerInputs;Lscala/meta/internal/metals/clients/language/ConfiguredLanguageClient;Lorg/eclipse/lsp4j/InitializeParams;Lscala/meta/internal/metals/ClientConfiguration;Lscala/meta/internal/metals/StatusBar;Lscala/Function0;Lscala/meta/internal/metals/TimerProvider;Lscala/meta/io/AbsolutePath;Lscala/Option;Lscala/meta/internal/metals/doctor/HeadDoctor;Lscala/meta/internal/metals/BspStatus;Lscala/meta/internal/metals/WorkDoneProgress;ILscala/meta/internal/metals/ModuleStatus;)V 433 <appendix> member <vmtarget> ; # scala/meta/internal/metals/MetalsLspService$$Lambda+0x00000236822793e0
instanceKlass scala/meta/internal/metals/ScalaVersionSelector
instanceKlass scala/meta/internal/metals/Cancelable$$anon$1
instanceKlass  @bci scala/meta/internal/metals/Cancelable$ <clinit> ()V 13 <appendix> argL0 ; # scala/meta/internal/metals/Cancelable$$$Lambda+0x0000023682278ca8
instanceKlass scala/meta/internal/metals/Cancelable$
instanceKlass  @bci scala/Function1 andThen (Lscala/Function1;)Lscala/Function1; 2 <appendix> member <vmtarget> ; # scala/Function1$$Lambda+0x00000236822786d0
instanceKlass  @bci scala/meta/internal/metals/BatchedFunction$ fromFuture (Lscala/Function1;Ljava/lang/String;ZLscala/Option;Lscala/concurrent/ExecutionContext;)Lscala/meta/internal/metals/BatchedFunction; 5 <appendix> argL0 ; # scala/meta/internal/metals/BatchedFunction$$$Lambda+0x0000023682278308
instanceKlass scala/meta/internal/metals/CancelableFuture
instanceKlass scala/meta/internal/metals/BatchedFunction
instanceKlass scala/meta/internal/metals/BatchedFunction$
instanceKlass  @bci scala/meta/internal/metals/debug/BuildTargetClasses <init> (Lscala/meta/internal/metals/BuildTargets;Lscala/Function0;Lscala/meta/internal/mtags/OnDemandSymbolIndex;Lscala/concurrent/ExecutionContext;)V 77 <appendix> member <vmtarget> ; # scala/meta/internal/metals/debug/BuildTargetClasses$$Lambda+0x000002368226d2c0
instanceKlass scala/meta/internal/metals/debug/SymbolCache
instanceKlass  @bci scala/meta/internal/metals/MetalsLspService <init> (Lscala/concurrent/ExecutionContextExecutorService;Ljava/util/concurrent/ScheduledExecutorService;Lscala/meta/internal/metals/MetalsServerInputs;Lscala/meta/internal/metals/clients/language/ConfiguredLanguageClient;Lorg/eclipse/lsp4j/InitializeParams;Lscala/meta/internal/metals/ClientConfiguration;Lscala/meta/internal/metals/StatusBar;Lscala/Function0;Lscala/meta/internal/metals/TimerProvider;Lscala/meta/io/AbsolutePath;Lscala/Option;Lscala/meta/internal/metals/doctor/HeadDoctor;Lscala/meta/internal/metals/BspStatus;Lscala/meta/internal/metals/WorkDoneProgress;ILscala/meta/internal/metals/ModuleStatus;)V 408 <appendix> member <vmtarget> ; # scala/meta/internal/metals/MetalsLspService$$Lambda+0x000002368226d000
instanceKlass scala/meta/internal/metals/Compilers
instanceKlass scala/meta/internal/semanticdb/Scala$Descriptor
instanceKlass scala/meta/internal/metals/debug/BuildTargetClasses
instanceKlass scala/meta/internal/metals/SemanticdbFeatureProvider
instanceKlass  @bci scala/meta/internal/metals/MetalsLspService <init> (Lscala/concurrent/ExecutionContextExecutorService;Ljava/util/concurrent/ScheduledExecutorService;Lscala/meta/internal/metals/MetalsServerInputs;Lscala/meta/internal/metals/clients/language/ConfiguredLanguageClient;Lorg/eclipse/lsp4j/InitializeParams;Lscala/meta/internal/metals/ClientConfiguration;Lscala/meta/internal/metals/StatusBar;Lscala/Function0;Lscala/meta/internal/metals/TimerProvider;Lscala/meta/io/AbsolutePath;Lscala/Option;Lscala/meta/internal/metals/doctor/HeadDoctor;Lscala/meta/internal/metals/BspStatus;Lscala/meta/internal/metals/WorkDoneProgress;ILscala/meta/internal/metals/ModuleStatus;)V 383 <appendix> member <vmtarget> ; # scala/meta/internal/metals/MetalsLspService$$Lambda+0x0000023682275b10
instanceKlass scala/meta/internal/metals/FileChanges
instanceKlass scala/meta/internal/metals/Docstrings
instanceKlass scala/PartialFunction$AndThen
instanceKlass  @bci scala/meta/internal/mtags/OnDemandSymbolIndex <init> (Lscala/collection/concurrent/TrieMap;Lscala/PartialFunction;Lscala/Function1;Lscala/meta/pc/reports/ReportContext;)V 39 <appendix> argL0 ; # scala/meta/internal/mtags/OnDemandSymbolIndex$$Lambda+0x0000023682274e48
instanceKlass scala/meta/internal/mtags/MtagsIndexer
instanceKlass scala/meta/inputs/Input
instanceKlass scala/meta/internal/inputs/InternalInput
instanceKlass scala/meta/internal/mtags/Mtags
instanceKlass scala/meta/internal/mtags/OnDemandSymbolIndex
instanceKlass  @bci scala/meta/internal/metals/MetalsLspService newSymbolIndex ()Lscala/meta/internal/mtags/OnDemandSymbolIndex; 12 <appendix> member <vmtarget> ; # scala/meta/internal/metals/MetalsLspService$$Lambda+0x0000023682274010
instanceKlass scala/meta/internal/mtags/OnDemandSymbolIndex$
instanceKlass scala/meta/internal/metals/MutableMd5Fingerprints
instanceKlass  @bci java/util/regex/Pattern negate (Ljava/util/regex/Pattern$CharPredicate;)Ljava/util/regex/Pattern$CharPredicate; 1 <appendix> member <vmtarget> ; # java/util/regex/Pattern$$Lambda+0x800000038
instanceKlass scala/util/matching/UnanchoredRegex
instanceKlass scala/util/matching/Regex
instanceKlass scala/meta/internal/metals/ReportFileName$
instanceKlass scala/meta/internal/metals/utils/LimitedFilesManager
instanceKlass scala/meta/internal/metals/StdReporter
instanceKlass scala/meta/internal/metals/StdReportContext$
instanceKlass scala/meta/internal/metals/ReportLevel$Info$
instanceKlass scala/meta/internal/metals/ReportLevel
instanceKlass scala/meta/internal/metals/ReportLevel$
instanceKlass  @bci scala/meta/internal/metals/MetalsLspService <init> (Lscala/concurrent/ExecutionContextExecutorService;Ljava/util/concurrent/ScheduledExecutorService;Lscala/meta/internal/metals/MetalsServerInputs;Lscala/meta/internal/metals/clients/language/ConfiguredLanguageClient;Lorg/eclipse/lsp4j/InitializeParams;Lscala/meta/internal/metals/ClientConfiguration;Lscala/meta/internal/metals/StatusBar;Lscala/Function0;Lscala/meta/internal/metals/TimerProvider;Lscala/meta/io/AbsolutePath;Lscala/Option;Lscala/meta/internal/metals/doctor/HeadDoctor;Lscala/meta/internal/metals/BspStatus;Lscala/meta/internal/metals/WorkDoneProgress;ILscala/meta/internal/metals/ModuleStatus;)V 231 <appendix> member <vmtarget> ; # scala/meta/internal/metals/MetalsLspService$$Lambda+0x0000023682271c78
instanceKlass scala/meta/internal/metals/StdReportContext
instanceKlass  @bci scala/meta/internal/metals/BuildTargets <init> (Lscala/meta/io/AbsolutePath;Lscala/Option;)V 76 <appendix> member <vmtarget> ; # scala/meta/internal/metals/BuildTargets$$Lambda+0x0000023682271590
instanceKlass ch/epfl/scala/bsp4j/BuildTargetIdentifier
instanceKlass scala/meta/internal/metals/BuildTargets$DataSeq
instanceKlass scala/meta/internal/metals/BuildTargets
instanceKlass scala/meta/internal/metals/BuildTargets$
instanceKlass scala/collection/mutable/HashMap$Node
instanceKlass scala/collection/mutable/HashMap$
instanceKlass scala/meta/internal/metals/ConcurrentHashSet$
instanceKlass scala/meta/internal/metals/TargetData
instanceKlass  @bci scala/meta/internal/metals/Tables <init> (Lscala/meta/io/AbsolutePath;Lscala/meta/internal/metals/Time;)V 151 <appendix> member <vmtarget> ; # scala/meta/internal/metals/Tables$$Lambda+0x000002368226e4d0
instanceKlass scala/meta/internal/metals/Fingerprints
instanceKlass  @bci scala/meta/internal/metals/Tables <init> (Lscala/meta/io/AbsolutePath;Lscala/meta/internal/metals/Time;)V 134 <appendix> member <vmtarget> ; # scala/meta/internal/metals/Tables$$Lambda+0x000002368226e000
instanceKlass scala/meta/internal/metals/ChosenBuildTool
instanceKlass  @bci scala/meta/internal/metals/Tables <init> (Lscala/meta/io/AbsolutePath;Lscala/meta/internal/metals/Time;)V 116 <appendix> member <vmtarget> ; # scala/meta/internal/metals/Tables$$Lambda+0x000002368226ba78
instanceKlass scala/meta/internal/metals/ChosenBuildServers
instanceKlass scala/meta/internal/metals/DismissedNotifications$Notification
instanceKlass  @bci scala/meta/internal/metals/Tables <init> (Lscala/meta/io/AbsolutePath;Lscala/meta/internal/metals/Time;)V 98 <appendix> member <vmtarget> ; # scala/meta/internal/metals/Tables$$Lambda+0x000002368226b140
instanceKlass scala/meta/internal/metals/DismissedNotifications
instanceKlass  @bci scala/meta/internal/metals/Tables <init> (Lscala/meta/io/AbsolutePath;Lscala/meta/internal/metals/Time;)V 81 <appendix> member <vmtarget> ; # scala/meta/internal/metals/Tables$$Lambda+0x000002368226ac70
instanceKlass scala/meta/internal/metals/WorksheetDependencySources
instanceKlass  @bci scala/meta/internal/metals/Tables <init> (Lscala/meta/io/AbsolutePath;Lscala/meta/internal/metals/Time;)V 64 <appendix> member <vmtarget> ; # scala/meta/internal/metals/Tables$$Lambda+0x000002368226a7a0
instanceKlass scala/meta/internal/metals/DependencySources
instanceKlass  @bci scala/meta/internal/metals/Tables <init> (Lscala/meta/io/AbsolutePath;Lscala/meta/internal/metals/Time;)V 46 <appendix> member <vmtarget> ; # scala/meta/internal/metals/Tables$$Lambda+0x000002368226a2d0
instanceKlass scala/meta/internal/builds/Digests
instanceKlass  @bci scala/meta/internal/metals/Tables <init> (Lscala/meta/io/AbsolutePath;Lscala/meta/internal/metals/Time;)V 29 <appendix> member <vmtarget> ; # scala/meta/internal/metals/Tables$$Lambda+0x0000023682269e00
instanceKlass java/sql/Connection
instanceKlass java/sql/Wrapper
instanceKlass org/h2/jdbc/JdbcException
instanceKlass scala/meta/internal/metals/JarIndexingInfo
instanceKlass scala/meta/internal/metals/Tables$ConnectionState$Empty$
instanceKlass scala/meta/internal/metals/Tables$ConnectionState
instanceKlass scala/runtime/AbstractFunction0
instanceKlass scala/meta/internal/metals/H2ConnectionProvider
instanceKlass scala/meta/internal/metals/Embedded
instanceKlass  @bci scala/meta/internal/metals/WorkspaceLspService createService (Lscala/meta/internal/metals/Folder;)Lscala/meta/internal/metals/ProjectMetalsLspService; 98 <appendix> member <vmtarget> ; # scala/meta/internal/metals/WorkspaceLspService$$Lambda+0x0000023682267420
instanceKlass  @bci scala/meta/internal/metals/WorkspaceLspService createService (Lscala/meta/internal/metals/Folder;)Lscala/meta/internal/metals/ProjectMetalsLspService; 88 <appendix> member <vmtarget> ; # scala/meta/internal/metals/WorkspaceLspService$$Lambda+0x0000023682267160
instanceKlass scala/meta/internal/metals/Indexer
instanceKlass scala/meta/internal/metals/watcher/FileWatcher
instanceKlass scala/meta/internal/metals/doctor/MetalsServiceInfo
instanceKlass scala/meta/internal/builds/BuildServerProvider
instanceKlass scala/meta/internal/builds/BuildTool
instanceKlass scala/meta/internal/mtags/Semanticdbs
instanceKlass scala/meta/internal/mtags/Md5Fingerprints
instanceKlass scala/meta/internal/metals/Warnings
instanceKlass scala/meta/pc/CancelToken
instanceKlass org/eclipse/lsp4j/jsonrpc/CancelChecker
instanceKlass scala/meta/internal/metals/doctor/TargetsInfoProvider
instanceKlass scala/meta/internal/metals/clients/language/LogForwarder
instanceKlass scala/meta/internal/metals/MetalsBuildClient
instanceKlass scala/meta/pc/SymbolSearch
instanceKlass scala/meta/internal/mtags/GlobalSymbolIndex
instanceKlass  @bci scala/meta/internal/metals/WorkspaceFolders $anonfun$initServices$6 (Lscala/collection/immutable/List;Lscala/collection/immutable/Set;Lscala/meta/internal/metals/Folder;)Z 5 <appendix> member <vmtarget> ; # scala/meta/internal/metals/WorkspaceFolders$$Lambda+0x00000236822647b0
instanceKlass  @bci scala/meta/internal/metals/DelegateSetting$ readDeleteSetting (Lscala/meta/io/AbsolutePath;)Lscala/Option; 10 <appendix> member <vmtarget> ; # scala/meta/internal/metals/DelegateSetting$$$Lambda+0x00000236822643e0
instanceKlass  @bci scala/meta/internal/metals/WorkspaceFolders initServices (Lscala/collection/immutable/List;)Lscala/meta/internal/metals/WorkspaceFoldersServices; 245 <appendix> member <vmtarget> ; # scala/meta/internal/metals/WorkspaceFolders$$Lambda+0x0000023682264010
instanceKlass  @bci scala/meta/internal/metals/WorkspaceFolders initServices (Lscala/collection/immutable/List;)Lscala/meta/internal/metals/WorkspaceFoldersServices; 182 <appendix> member <vmtarget> ; # scala/meta/internal/metals/WorkspaceFolders$$Lambda+0x0000023682263d50
instanceKlass  @bci scala/meta/internal/metals/DelegateSetting$ readProjectRefs (Lscala/meta/io/AbsolutePath;)Lscala/collection/immutable/List; 13 <appendix> member <vmtarget> ; # scala/meta/internal/metals/DelegateSetting$$$Lambda+0x0000023682263980
instanceKlass  @bci scala/meta/internal/metals/DelegateSetting$ getSetting (Lscala/meta/io/AbsolutePath;Ljava/lang/String;)Lscala/Option; 20 <appendix> member <vmtarget> ; # scala/meta/internal/metals/DelegateSetting$$$Lambda+0x00000236822635b0
instanceKlass scala/meta/internal/metals/Directories$
instanceKlass scala/meta/internal/metals/DelegateSetting$
instanceKlass  @bci scala/meta/internal/metals/WorkspaceFolders initServices (Lscala/collection/immutable/List;)Lscala/meta/internal/metals/WorkspaceFoldersServices; 84 <appendix> argL0 ; # scala/meta/internal/metals/WorkspaceFolders$$Lambda+0x0000023682262dd8
instanceKlass scala/meta/internal/metals/MetalsEnrichments$XtensionAbsolutePathBuffers
instanceKlass  @bci scala/collection/immutable/List partition (Lscala/Function1;)Lscala/Tuple2; 41 <appendix> member <vmtarget> ; # scala/collection/immutable/List$$Lambda+0x00000236822626f0
instanceKlass  @bci scala/meta/internal/metals/WorkspaceFolders initServices (Lscala/collection/immutable/List;)Lscala/meta/internal/metals/WorkspaceFoldersServices; 1 <appendix> argL0 ; # scala/meta/internal/metals/WorkspaceFolders$$Lambda+0x0000023682262328
instanceKlass  @bci scala/meta/internal/metals/WorkspaceLspService <init> (Lscala/concurrent/ExecutionContextExecutorService;Ljava/util/concurrent/ScheduledExecutorService;Lscala/meta/internal/metals/MetalsServerInputs;Lscala/meta/internal/metals/clients/language/MetalsLanguageClient;Lorg/eclipse/lsp4j/InitializeParams;Lscala/collection/immutable/List;Lscala/Function0;)V 458 <appendix> member <vmtarget> ; # scala/meta/internal/metals/WorkspaceLspService$$Lambda+0x0000023682261f58
instanceKlass scala/meta/internal/metals/WorkspaceFolders
instanceKlass  @bci scala/meta/internal/metals/ClientConfiguration icons ()Lscala/meta/internal/metals/Icons; 16 <appendix> member <vmtarget> ; # scala/meta/internal/metals/ClientConfiguration$$Lambda+0x0000023682260e90
instanceKlass  @bci scala/meta/internal/metals/ClientConfiguration icons ()Lscala/meta/internal/metals/Icons; 7 <appendix> argL0 ; # scala/meta/internal/metals/ClientConfiguration$$Lambda+0x0000023682260ac8
instanceKlass  @bci scala/meta/internal/metals/WorkspaceLspService <init> (Lscala/concurrent/ExecutionContextExecutorService;Ljava/util/concurrent/ScheduledExecutorService;Lscala/meta/internal/metals/MetalsServerInputs;Lscala/meta/internal/metals/clients/language/MetalsLanguageClient;Lorg/eclipse/lsp4j/InitializeParams;Lscala/collection/immutable/List;Lscala/Function0;)V 432 <appendix> member <vmtarget> ; # scala/meta/internal/metals/WorkspaceLspService$$Lambda+0x000002368225fa60
instanceKlass scala/meta/internal/metals/ModulesService
instanceKlass scala/meta/internal/metals/IndexProviders
instanceKlass  @bci scala/meta/internal/metals/WorkspaceLspService <init> (Lscala/concurrent/ExecutionContextExecutorService;Ljava/util/concurrent/ScheduledExecutorService;Lscala/meta/internal/metals/MetalsServerInputs;Lscala/meta/internal/metals/clients/language/MetalsLanguageClient;Lorg/eclipse/lsp4j/InitializeParams;Lscala/collection/immutable/List;Lscala/Function0;)V 426 <appendix> member <vmtarget> ; # scala/meta/internal/metals/WorkspaceLspService$$Lambda+0x000002368225f3a0
instanceKlass scala/meta/internal/metals/ModuleStatus
instanceKlass scala/meta/internal/metals/ReportTracker
instanceKlass  @bci scala/meta/internal/metals/ClientConfiguration extract (Lscala/Option;Lscala/Option;Ljava/lang/Object;)Ljava/lang/Object; 11 <appendix> member <vmtarget> ; # scala/meta/internal/metals/ClientConfiguration$$Lambda+0x000002368225ec98
instanceKlass  @bci scala/meta/internal/metals/ClientConfiguration extract (Lscala/Option;Lscala/Option;Ljava/lang/Object;)Ljava/lang/Object; 2 <appendix> member <vmtarget> ; # scala/meta/internal/metals/ClientConfiguration$$Lambda+0x000002368225e9d8
instanceKlass scala/meta/internal/metals/config/StatusBarState$LogMessage$
instanceKlass scala/meta/internal/metals/config/StatusBarState$On$
instanceKlass scala/meta/internal/metals/config/StatusBarState$StatusBarState
instanceKlass scala/meta/internal/metals/config/StatusBarState$
instanceKlass  @bci scala/meta/internal/metals/InitializationOptions bspStatusBarState ()Lscala/Option; 4 <appendix> argL0 ; # scala/meta/internal/metals/InitializationOptions$$Lambda+0x000002368225dcb8
instanceKlass scala/meta/internal/metals/BspStatus
instanceKlass  @bci scala/meta/internal/metals/ClientConfiguration isHttpEnabled ()Z 8 <appendix> member <vmtarget> ; # scala/meta/internal/metals/ClientConfiguration$$Lambda+0x000002368225d7a8
instanceKlass  @bci scala/meta/internal/metals/WorkspaceLspService <init> (Lscala/concurrent/ExecutionContextExecutorService;Ljava/util/concurrent/ScheduledExecutorService;Lscala/meta/internal/metals/MetalsServerInputs;Lscala/meta/internal/metals/clients/language/MetalsLanguageClient;Lorg/eclipse/lsp4j/InitializeParams;Lscala/collection/immutable/List;Lscala/Function0;)V 335 <appendix> member <vmtarget> ; # scala/meta/internal/metals/WorkspaceLspService$$Lambda+0x000002368225d4e8
instanceKlass  @bci scala/meta/internal/metals/WorkspaceLspService <init> (Lscala/concurrent/ExecutionContextExecutorService;Ljava/util/concurrent/ScheduledExecutorService;Lscala/meta/internal/metals/MetalsServerInputs;Lscala/meta/internal/metals/clients/language/MetalsLanguageClient;Lorg/eclipse/lsp4j/InitializeParams;Lscala/collection/immutable/List;Lscala/Function0;)V 329 <appendix> member <vmtarget> ; # scala/meta/internal/metals/WorkspaceLspService$$Lambda+0x000002368225d228
instanceKlass ujson/Value
instanceKlass geny/Writable
instanceKlass scala/meta/internal/metals/doctor/HeadDoctor
instanceKlass scala/meta/internal/metals/TimerProvider
instanceKlass scala/meta/internal/metals/ActiveFiles
instanceKlass  @bci scala/meta/internal/metals/WorkspaceLspService <init> (Lscala/concurrent/ExecutionContextExecutorService;Ljava/util/concurrent/ScheduledExecutorService;Lscala/meta/internal/metals/MetalsServerInputs;Lscala/meta/internal/metals/clients/language/MetalsLanguageClient;Lorg/eclipse/lsp4j/InitializeParams;Lscala/collection/immutable/List;Lscala/Function0;)V 254 <appendix> argL0 ; # scala/meta/internal/metals/WorkspaceLspService$$Lambda+0x000002368225c518
instanceKlass scala/meta/internal/builds/ShellRunner
instanceKlass scala/meta/internal/metals/StatusBar
instanceKlass  @bci scala/meta/internal/metals/UserConfigurationSync <init> (Lorg/eclipse/lsp4j/InitializeParams;Lscala/meta/internal/metals/clients/language/MetalsLanguageClient;Lscala/meta/internal/metals/ClientConfiguration;Lscala/concurrent/ExecutionContext;)V 46 <appendix> argL0 ; # scala/meta/internal/metals/UserConfigurationSync$$Lambda+0x000002368225bd88
instanceKlass  @bci scala/meta/internal/metals/UserConfigurationSync $anonfun$supportsConfiguration$2 (Lorg/eclipse/lsp4j/WorkspaceClientCapabilities;)Lscala/Option; 10 <appendix> argL0 ; # scala/meta/internal/metals/UserConfigurationSync$$Lambda+0x000002368225b9c0
instanceKlass  @bci scala/meta/internal/metals/UserConfigurationSync $anonfun$supportsConfiguration$1 (Lorg/eclipse/lsp4j/ClientCapabilities;)Lscala/Option; 10 <appendix> argL0 ; # scala/meta/internal/metals/UserConfigurationSync$$Lambda+0x000002368225b5f8
instanceKlass  @bci scala/meta/internal/metals/UserConfigurationSync <init> (Lorg/eclipse/lsp4j/InitializeParams;Lscala/meta/internal/metals/clients/language/MetalsLanguageClient;Lscala/meta/internal/metals/ClientConfiguration;Lscala/concurrent/ExecutionContext;)V 38 <appendix> argL0 ; # scala/meta/internal/metals/UserConfigurationSync$$Lambda+0x000002368225b230
instanceKlass scala/meta/internal/metals/UserConfigurationSync
instanceKlass scala/meta/internal/metals/WorkDoneProgress
instanceKlass  @bci scala/meta/internal/metals/WorkspaceLspService <init> (Lscala/concurrent/ExecutionContextExecutorService;Ljava/util/concurrent/ScheduledExecutorService;Lscala/meta/internal/metals/MetalsServerInputs;Lscala/meta/internal/metals/clients/language/MetalsLanguageClient;Lorg/eclipse/lsp4j/InitializeParams;Lscala/collection/immutable/List;Lscala/Function0;)V 145 <appendix> member <vmtarget> ; # scala/meta/internal/metals/WorkspaceLspService$$Lambda+0x000002368225ab48
instanceKlass scala/meta/internal/metals/clients/language/DelegatingLanguageClient
instanceKlass  @bci scala/meta/internal/metals/JsonParser$XtensionSerializedAsOption getIntOption (Ljava/lang/String;)Lscala/Option; 5 <appendix> member <vmtarget> ; # scala/meta/internal/metals/JsonParser$XtensionSerializedAsOption$$Lambda+0x0000023682259f48
instanceKlass scala/meta/internal/metals/CommandHTMLFormat$VSCode$
instanceKlass scala/meta/internal/metals/CommandHTMLFormat$Sublime$
instanceKlass scala/meta/internal/metals/CommandHTMLFormat
instanceKlass scala/meta/internal/metals/CommandHTMLFormat$
instanceKlass  @bci scala/meta/internal/metals/InitializationOptions$ extractToInitializationOptions (Lcom/google/gson/JsonObject;)Lscala/meta/internal/metals/InitializationOptions; 176 <appendix> argL0 ; # scala/meta/internal/metals/InitializationOptions$$$Lambda+0x00000236822592e8
instanceKlass  @bci scala/meta/internal/metals/InitializationOptions$ extractCompilerOptions (Lcom/google/gson/JsonObject;)Lscala/meta/internal/pc/CompilerInitializationOptions; 99 <appendix> argL0 ; # scala/meta/internal/metals/InitializationOptions$$$Lambda+0x0000023682258f20
instanceKlass  @bci scala/meta/internal/metals/InitializationOptions$ extractCompilerOptions (Lcom/google/gson/JsonObject;)Lscala/meta/internal/pc/CompilerInitializationOptions; 90 <appendix> argL0 ; # scala/meta/internal/metals/InitializationOptions$$$Lambda+0x0000023682258b58
instanceKlass  @bci scala/meta/internal/metals/InitializationOptions$ extractCompilerOptions (Lcom/google/gson/JsonObject;)Lscala/meta/internal/pc/CompilerInitializationOptions; 81 <appendix> argL0 ; # scala/meta/internal/metals/InitializationOptions$$$Lambda+0x0000023682258790
instanceKlass  @bci scala/meta/internal/metals/InitializationOptions$ extractCompilerOptions (Lcom/google/gson/JsonObject;)Lscala/meta/internal/pc/CompilerInitializationOptions; 72 <appendix> argL0 ; # scala/meta/internal/metals/InitializationOptions$$$Lambda+0x00000236822583c8
instanceKlass  @bci scala/meta/internal/metals/InitializationOptions$ extractCompilerOptions (Lcom/google/gson/JsonObject;)Lscala/meta/internal/pc/CompilerInitializationOptions; 63 <appendix> argL0 ; # scala/meta/internal/metals/InitializationOptions$$$Lambda+0x0000023682258000
instanceKlass  @bci scala/meta/internal/metals/InitializationOptions$ extractCompilerOptions (Lcom/google/gson/JsonObject;)Lscala/meta/internal/pc/CompilerInitializationOptions; 54 <appendix> argL0 ; # scala/meta/internal/metals/InitializationOptions$$$Lambda+0x0000023682251c00
instanceKlass  @bci scala/meta/internal/metals/InitializationOptions$ extractCompilerOptions (Lcom/google/gson/JsonObject;)Lscala/meta/internal/pc/CompilerInitializationOptions; 45 <appendix> argL0 ; # scala/meta/internal/metals/InitializationOptions$$$Lambda+0x0000023682253a48
instanceKlass  @bci scala/meta/internal/metals/InitializationOptions$ extractCompilerOptions (Lcom/google/gson/JsonObject;)Lscala/meta/internal/pc/CompilerInitializationOptions; 36 <appendix> argL0 ; # scala/meta/internal/metals/InitializationOptions$$$Lambda+0x0000023682253680
instanceKlass scala/util/control/NonFatal$
instanceKlass  @bci scala/meta/internal/metals/JsonParser$XtensionSerializedAsOption getBooleanOption (Ljava/lang/String;)Lscala/Option; 5 <appendix> member <vmtarget> ; # scala/meta/internal/metals/JsonParser$XtensionSerializedAsOption$$Lambda+0x0000023682253198
instanceKlass  @bci scala/meta/internal/metals/InitializationOptions$ extractCompilerOptions (Lcom/google/gson/JsonObject;)Lscala/meta/internal/pc/CompilerInitializationOptions; 27 <appendix> argL0 ; # scala/meta/internal/metals/InitializationOptions$$$Lambda+0x0000023682252dd0
instanceKlass  @bci scala/meta/internal/metals/JsonParser$XtensionSerializedAsOption getStringOption (Ljava/lang/String;)Lscala/Option; 5 <appendix> member <vmtarget> ; # scala/meta/internal/metals/JsonParser$XtensionSerializedAsOption$$Lambda+0x0000023682252b10
instanceKlass  @bci scala/meta/internal/metals/InitializationOptions$ extractCompilerOptions (Lcom/google/gson/JsonObject;)Lscala/meta/internal/pc/CompilerInitializationOptions; 18 <appendix> argL0 ; # scala/meta/internal/metals/InitializationOptions$$$Lambda+0x0000023682252748
instanceKlass  @bci scala/meta/internal/metals/JsonParser$XtensionSerializedAsOption getObjectOption (Ljava/lang/String;)Lscala/Option; 5 <appendix> member <vmtarget> ; # scala/meta/internal/metals/JsonParser$XtensionSerializedAsOption$$Lambda+0x0000023682252488
instanceKlass scala/meta/internal/metals/JsonParser$XtensionSerializedAsOption
instanceKlass com/google/gson/internal/LinkedTreeMap$LinkedTreeMapIterator
instanceKlass java/util/Formatter$FormatSpecifierParser
instanceKlass  @bci java/util/regex/Pattern Range (II)Ljava/util/regex/Pattern$CharPredicate; 23 <appendix> member <vmtarget> ; # java/util/regex/Pattern$$Lambda+0x800000033
instanceKlass scala/meta/internal/metals/JsonParser$XtensionSerializableToJson
instanceKlass scala/meta/internal/metals/JsonParser$
instanceKlass scala/meta/internal/pc/CompilerInitializationOptions
instanceKlass scala/meta/internal/pc/CompilerInitializationOptions$
instanceKlass scala/meta/internal/metals/InitializationOptions$
instanceKlass  @bci scala/meta/internal/metals/ClientConfiguration <init> (Lscala/meta/internal/metals/MetalsServerConfig;Lscala/Option;)V 58 <appendix> argL0 ; # scala/meta/internal/metals/ClientConfiguration$$Lambda+0x0000023682256750
instanceKlass  @bci scala/meta/internal/metals/ClientConfiguration <init> (Lscala/meta/internal/metals/MetalsServerConfig;Lscala/Option;)V 53 <appendix> argL0 ; # scala/meta/internal/metals/ClientConfiguration$$Lambda+0x0000023682256498
instanceKlass scala/meta/internal/metals/InitializationOptions
instanceKlass scala/meta/internal/metals/ClientExperimentalCapabilities$
instanceKlass  @bci scala/meta/internal/metals/ClientConfiguration <init> (Lscala/meta/internal/metals/MetalsServerConfig;Lscala/Option;)V 37 <appendix> argL0 ; # scala/meta/internal/metals/ClientConfiguration$$Lambda+0x0000023682255c50
instanceKlass  @bci scala/meta/internal/metals/ClientConfiguration <init> (Lscala/meta/internal/metals/MetalsServerConfig;Lscala/Option;)V 32 <appendix> argL0 ; # scala/meta/internal/metals/ClientConfiguration$$Lambda+0x0000023682255998
instanceKlass scala/meta/internal/metals/ClientExperimentalCapabilities
instanceKlass  @bci scala/meta/internal/metals/ClientConfiguration <init> (Lscala/meta/internal/metals/MetalsServerConfig;Lscala/Option;)V 16 <appendix> argL0 ; # scala/meta/internal/metals/ClientConfiguration$$Lambda+0x0000023682255358
instanceKlass scala/meta/internal/metals/ClientConfiguration
instanceKlass scala/meta/internal/metals/ClientConfiguration$
instanceKlass scala/meta/internal/metals/WorkspaceLspService$HttpServerOff$
instanceKlass scala/meta/internal/metals/Reporter
instanceKlass scala/meta/pc/reports/Reporter
instanceKlass scala/meta/internal/metals/LoggerReportContext$
instanceKlass scala/meta/internal/metals/ConnectRequest
instanceKlass scala/meta/internal/metals/ConnectKind
instanceKlass scala/meta/internal/tvp/TreeViewProvider
instanceKlass scala/meta/internal/metals/WorkspaceLspService$HttpServerStatus
instanceKlass  @bci scala/meta/metals/MetalsLanguageServer initialize (Lorg/eclipse/lsp4j/InitializeParams;)Ljava/util/concurrent/CompletableFuture; 217 <appendix> member <vmtarget> ; # scala/meta/metals/MetalsLanguageServer$$Lambda+0x000002368224f960
instanceKlass java/nio/file/FileVisitor
instanceKlass scala/meta/internal/mtags/ScalametaCommonEnrichments$XtensionAbsolutePath
instanceKlass sun/nio/fs/WindowsUriSupport
instanceKlass scala/meta/internal/mtags/MtagsEnrichments$XtensionURIMtags
instanceKlass  @bci scala/meta/internal/mtags/EncoderDecoder $anonfun$encode$1 (Lscala/meta/internal/mtags/EncoderDecoder;C)Ljava/lang/String; 9 <appendix> member <vmtarget> ; # scala/meta/internal/mtags/EncoderDecoder$$Lambda+0x000002368224f128
instanceKlass  @bci scala/meta/internal/mtags/EncoderDecoder encode (Ljava/lang/String;)Ljava/lang/String; 11 <appendix> member <vmtarget> ; # scala/meta/internal/mtags/EncoderDecoder$$Lambda+0x000002368224ed58
instanceKlass  @bci scala/meta/internal/mtags/URIEncoderDecoder$ <clinit> ()V 16 <appendix> argL0 ; # scala/meta/internal/mtags/URIEncoderDecoder$$$Lambda+0x000002368224e990
instanceKlass  @bci scala/meta/internal/mtags/EncoderDecoder <init> (CLscala/collection/immutable/Set;)V 44 <appendix> argL0 ; # scala/meta/internal/mtags/EncoderDecoder$$Lambda+0x000002368224e5c8
instanceKlass scala/util/hashing/MurmurHash3$ArrayHashing
instanceKlass  @bci scala/meta/internal/metals/StringCase$ kebabToCamel (Ljava/lang/String;)Ljava/lang/String; 57 <appendix> form vmentry <vmtarget> ; # java/lang/invoke/LambdaForm$MH+0x0000023682251800
# instanceKlass java/lang/invoke/LambdaForm$MH+0x0000023682251400
instanceKlass  @bci scala/meta/internal/metals/StringCase$ kebabToCamel (Ljava/lang/String;)Ljava/lang/String; 57 <appendix> argL3 form vmentry <vmtarget> ; # java/lang/invoke/LambdaForm$MH+0x0000023682251000
# instanceKlass java/lang/invoke/LambdaForm$MH+0x0000023682250c00
# instanceKlass java/lang/invoke/LambdaForm$MH+0x0000023682250800
# instanceKlass java/lang/invoke/LambdaForm$MH+0x0000023682250400
# instanceKlass java/lang/invoke/LambdaForm$MH+0x0000023682250000
instanceKlass  @bci scala/meta/internal/metals/StringCase$ kebabToCamel (Ljava/lang/String;)Ljava/lang/String; 57 <appendix> argL1 form vmentry <vmtarget> ; # java/lang/invoke/LambdaForm$MH+0x0000023682245c00
# instanceKlass java/lang/invoke/LambdaForm$MH+0x0000023682245800
# instanceKlass java/lang/invoke/LambdaForm$MH+0x0000023682245400
# instanceKlass java/lang/invoke/LambdaForm$MH+0x0000023682245000
instanceKlass scala/collection/immutable/SetNode$
instanceKlass scala/collection/immutable/HashSet$
instanceKlass  @bci scala/meta/internal/mtags/EncoderDecoder <init> (CLscala/collection/immutable/Set;)V 12 <appendix> member <vmtarget> ; # scala/meta/internal/mtags/EncoderDecoder$$Lambda+0x000002368224baa0
instanceKlass scala/collection/immutable/HashSetBuilder
instanceKlass scala/meta/internal/mtags/EncoderDecoder
instanceKlass scala/meta/internal/mtags/MtagsEnrichments$XtensionStringMtags
instanceKlass scala/meta/internal/mtags/MtagsEnrichments$
instanceKlass scala/meta/internal/metals/ReportContext
instanceKlass scala/meta/pc/reports/ReportContext
instanceKlass scala/meta/pc/reports/Report
instanceKlass scala/meta/internal/metals/MetalsEnrichments$XtensionString
instanceKlass scala/meta/internal/metals/Folder$
instanceKlass  @bci scala/meta/metals/MetalsLanguageServer initialize (Lorg/eclipse/lsp4j/InitializeParams;)Ljava/util/concurrent/CompletableFuture; 153 <appendix> argL0 ; # scala/meta/metals/MetalsLanguageServer$$Lambda+0x0000023682247a20
instanceKlass scala/collection/convert/AsScalaExtensions$IteratorHasAsScala
instanceKlass scala/collection/convert/JavaCollectionWrappers$IterableWrapperTrait
instanceKlass scala/collection/convert/AsScalaExtensions$ListHasAsScala
instanceKlass  @bci scala/meta/metals/MetalsLanguageServer initialize (Lorg/eclipse/lsp4j/InitializeParams;)Ljava/util/concurrent/CompletableFuture; 75 <appendix> argL0 ; # scala/meta/metals/MetalsLanguageServer$$Lambda+0x0000023682246000
# instanceKlass java/lang/invoke/LambdaForm$MH+0x0000023682244c00
instanceKlass com/google/gson/internal/LinkedTreeMap$Node
instanceKlass com/google/gson/internal/LinkedTreeMap$1
instanceKlass com/google/gson/internal/bind/JsonElementTypeAdapter$1
instanceKlass org/eclipse/lsp4j/jsonrpc/util/Preconditions
instanceKlass  @bci jdk/internal/reflect/MethodHandleBooleanFieldAccessorImpl setBoolean (Ljava/lang/Object;Z)V 41 <adapter> ; # java/lang/invoke/LambdaForm$MH+0x0000023682244800
# instanceKlass java/lang/invoke/LambdaForm$MH+0x0000023682244400
# instanceKlass java/lang/invoke/LambdaForm$MH+0x0000023682244000
instanceKlass org/eclipse/lsp4j/jsonrpc/json/adapters/JsonElementTypeAdapter$Factory
instanceKlass org/eclipse/lsp4j/StaleRequestCapabilities
instanceKlass org/eclipse/lsp4j/MarkdownCapabilities
instanceKlass org/eclipse/lsp4j/RegularExpressionsCapabilities
instanceKlass org/eclipse/lsp4j/WindowShowMessageRequestActionItemCapabilities
instanceKlass org/eclipse/lsp4j/ShowDocumentCapabilities
instanceKlass org/eclipse/lsp4j/WindowShowMessageRequestCapabilities
instanceKlass org/eclipse/lsp4j/InlayHintResolveSupportCapabilities
instanceKlass org/eclipse/lsp4j/SemanticTokensClientCapabilitiesRequestsFull
instanceKlass org/eclipse/lsp4j/SemanticTokensClientCapabilitiesRequests
instanceKlass org/eclipse/lsp4j/FoldingRangeSupportCapabilities
instanceKlass org/eclipse/lsp4j/FoldingRangeKindSupportCapabilities
instanceKlass org/eclipse/lsp4j/jsonrpc/json/adapters/EitherTypeAdapter$EitherTypeArgument
instanceKlass org/eclipse/lsp4j/DiagnosticsTagSupport
instanceKlass org/eclipse/lsp4j/CodeLensResolveSupportCapabilities
instanceKlass org/eclipse/lsp4j/CodeActionKindCapabilities
instanceKlass org/eclipse/lsp4j/CodeActionTagSupportCapabilities
instanceKlass org/eclipse/lsp4j/CodeActionResolveSupportCapabilities
instanceKlass org/eclipse/lsp4j/CodeActionLiteralSupportCapabilities
instanceKlass org/eclipse/lsp4j/ParameterInformationCapabilities
instanceKlass org/eclipse/lsp4j/SignatureInformationCapabilities
instanceKlass org/eclipse/lsp4j/CompletionItemInsertTextModeSupportCapabilities
instanceKlass org/eclipse/lsp4j/CompletionItemResolveSupportCapabilities
instanceKlass org/eclipse/lsp4j/CompletionItemTagSupportCapabilities
instanceKlass org/eclipse/lsp4j/CompletionListCapabilities
instanceKlass org/eclipse/lsp4j/CompletionItemCapabilities
instanceKlass org/eclipse/lsp4j/CompletionItemKindCapabilities
instanceKlass org/eclipse/lsp4j/PublishDiagnosticsCapabilities
instanceKlass org/eclipse/lsp4j/FiltersCapabilities
instanceKlass  @bci jdk/internal/reflect/MethodHandleBooleanFieldAccessorImpl getBoolean (Ljava/lang/Object;)Z 20 <adapter> ; # java/lang/invoke/LambdaForm$MH+0x0000023682238800
# instanceKlass java/lang/invoke/LambdaForm$MH+0x0000023682238400
# instanceKlass java/lang/invoke/LambdaForm$BMH+0x0000023682238000
# instanceKlass java/lang/invoke/LambdaForm$DMH+0x0000023682235400
instanceKlass org/eclipse/lsp4j/WorkspaceSymbolResolveSupportCapabilities
instanceKlass org/eclipse/lsp4j/SymbolTagSupportCapabilities
instanceKlass org/eclipse/lsp4j/SymbolKindCapabilities
instanceKlass  @bci org/eclipse/lsp4j/jsonrpc/json/adapters/CollectionTypeAdapter$Factory getConstructor (Ljava/lang/Class;)Ljava/util/function/Supplier; 62 <appendix> argL0 ; # org/eclipse/lsp4j/jsonrpc/json/adapters/CollectionTypeAdapter$Factory$$Lambda+0x00000236822375f0
instanceKlass org/eclipse/lsp4j/jsonrpc/json/adapters/TypeUtils$ParameterizedTypeImpl
instanceKlass org/eclipse/lsp4j/WorkspaceEditChangeAnnotationSupportCapabilities
instanceKlass org/eclipse/lsp4j/FoldingRangeWorkspaceCapabilities
instanceKlass org/eclipse/lsp4j/DiagnosticWorkspaceCapabilities
instanceKlass org/eclipse/lsp4j/InlineValueWorkspaceCapabilities
instanceKlass org/eclipse/lsp4j/InlayHintWorkspaceCapabilities
instanceKlass org/eclipse/lsp4j/CodeLensWorkspaceCapabilities
instanceKlass org/eclipse/lsp4j/SemanticTokensWorkspaceCapabilities
instanceKlass org/eclipse/lsp4j/DynamicRegistrationCapabilities
instanceKlass org/eclipse/lsp4j/WorkspaceEditCapabilities
instanceKlass org/eclipse/lsp4j/GeneralClientCapabilities
instanceKlass org/eclipse/lsp4j/NotebookDocumentClientCapabilities
instanceKlass org/eclipse/lsp4j/WindowClientCapabilities
instanceKlass org/eclipse/lsp4j/TextDocumentClientCapabilities
instanceKlass org/eclipse/lsp4j/WorkspaceClientCapabilities
instanceKlass org/eclipse/lsp4j/ClientCapabilities
instanceKlass  @bci tools/jackson/databind/deser/impl/MethodProperty set (Ltools/jackson/databind/DeserializationContext;Ljava/lang/Object;Ljava/lang/Object;)V 21 <adapter> ; # java/lang/invoke/LambdaForm$MH+0x0000023682235000
# instanceKlass java/lang/invoke/LambdaForm$MH+0x0000023682234c00
# instanceKlass java/lang/invoke/LambdaForm$MH+0x0000023682234800
instanceKlass jdk/internal/reflect/FieldAccessor
# instanceKlass java/lang/invoke/LambdaForm$MH+0x0000023682234400
instanceKlass com/google/gson/internal/bind/ReflectiveTypeAdapterFactory$FieldsData
instanceKlass org/eclipse/lsp4j/jsonrpc/validation/NonNull
instanceKlass com/google/gson/annotations/SerializedName
# instanceKlass java/lang/invoke/LambdaForm$MH+0x0000023682234000
instanceKlass com/google/gson/internal/Primitives
instanceKlass com/google/gson/internal/GsonPreconditions
instanceKlass com/google/gson/internal/GsonTypes$ParameterizedTypeImpl
instanceKlass  @bci com/google/gson/internal/ConstructorConstructor newDefaultConstructor (Ljava/lang/Class;Lcom/google/gson/ReflectionAccessFilter$FilterResult;)Lcom/google/gson/internal/ObjectConstructor; 130 <appendix> member <vmtarget> ; # com/google/gson/internal/ConstructorConstructor$$Lambda+0x0000023682230b18
instanceKlass com/google/gson/internal/ObjectConstructor
instanceKlass com/google/gson/internal/ReflectionAccessFilterHelper
instanceKlass org/eclipse/lsp4j/adapters/InitializeParamsTypeAdapter$Factory
instanceKlass com/google/gson/annotations/JsonAdapter
instanceKlass org/eclipse/lsp4j/jsonrpc/messages/Tuple$Two
instanceKlass org/eclipse/lsp4j/jsonrpc/messages/Tuple
instanceKlass org/eclipse/lsp4j/jsonrpc/json/adapters/TypeUtils
instanceKlass java/lang/reflect/AnnotatedType
instanceKlass com/google/gson/internal/reflect/ReflectionHelper$RecordHelper
instanceKlass com/google/gson/internal/reflect/ReflectionHelper
instanceKlass java/lang/reflect/WildcardType
instanceKlass com/google/gson/internal/GsonTypes
instanceKlass com/google/gson/reflect/TypeToken
instanceKlass com/google/gson/internal/JsonReaderInternalAccess
instanceKlass org/eclipse/lsp4j/jsonrpc/json/StreamMessageProducer$Headers
instanceKlass org/eclipse/lsp4j/jsonrpc/json/ConcurrentMessageProcessor$1
instanceKlass java/util/concurrent/Executors$RunnableAdapter
instanceKlass java/util/concurrent/Callable
instanceKlass java/util/concurrent/FutureTask$WaitNode
instanceKlass java/util/concurrent/FutureTask
instanceKlass org/eclipse/lsp4j/jsonrpc/StandardLauncher
instanceKlass org/eclipse/lsp4j/jsonrpc/json/ConcurrentMessageProcessor
instanceKlass org/eclipse/lsp4j/jsonrpc/json/StreamMessageProducer
instanceKlass  @bci java/lang/reflect/Proxy getProxyConstructor (Ljava/lang/Class;Ljava/lang/ClassLoader;[Ljava/lang/Class;)Ljava/lang/reflect/Constructor; 80 <appendix> argL0 ; # java/lang/reflect/Proxy$$Lambda+0x00000236821db0e0
instanceKlass  @bci org/eclipse/lsp4j/jsonrpc/services/EndpointProxy <init> (Lorg/eclipse/lsp4j/jsonrpc/Endpoint;Ljava/util/Collection;)V 197 <appendix> member <vmtarget> ; # org/eclipse/lsp4j/jsonrpc/services/EndpointProxy$$Lambda+0x000002368222b5e0
instanceKlass  @bci org/eclipse/lsp4j/jsonrpc/services/EndpointProxy <init> (Lorg/eclipse/lsp4j/jsonrpc/Endpoint;Ljava/util/Collection;)V 178 <appendix> member <vmtarget> ; # org/eclipse/lsp4j/jsonrpc/services/EndpointProxy$$Lambda+0x000002368222b3a8
instanceKlass org/eclipse/lsp4j/jsonrpc/services/EndpointProxy
instanceKlass  @bci org/eclipse/lsp4j/jsonrpc/RemoteEndpoint <clinit> ()V 11 <appendix> argL0 ; # org/eclipse/lsp4j/jsonrpc/RemoteEndpoint$$Lambda+0x000002368222af30
instanceKlass org/eclipse/lsp4j/jsonrpc/messages/ResponseError
instanceKlass org/eclipse/lsp4j/jsonrpc/messages/Message
instanceKlass org/eclipse/lsp4j/jsonrpc/RemoteEndpoint
instanceKlass  @bci org/eclipse/lsp4j/jsonrpc/services/GenericEndpoint recursiveFindRpcMethods (Ljava/lang/Object;Ljava/util/Set;Ljava/util/Set;)V 24 <appendix> member <vmtarget> ; # org/eclipse/lsp4j/jsonrpc/services/GenericEndpoint$$Lambda+0x0000023682229458
instanceKlass  @cpi org/flywaydb/core/internal/callback/DefaultCallbackExecutor 373 form vmentry <vmtarget> ; # java/lang/invoke/LambdaForm$DMH+0x000002368222c400
instanceKlass  @bci org/eclipse/lsp4j/jsonrpc/services/GenericEndpoint lambda$recursiveFindRpcMethods$1 (Ljava/lang/Object;Lorg/eclipse/lsp4j/jsonrpc/services/AnnotationUtil$MethodInfo;)V 3 <appendix> member <vmtarget> ; # org/eclipse/lsp4j/jsonrpc/services/GenericEndpoint$$Lambda+0x0000023682229210
instanceKlass  @bci org/eclipse/lsp4j/jsonrpc/services/GenericEndpoint recursiveFindRpcMethods (Ljava/lang/Object;Ljava/util/Set;Ljava/util/Set;)V 7 <appendix> member <vmtarget> ; # org/eclipse/lsp4j/jsonrpc/services/GenericEndpoint$$Lambda+0x0000023682228fd8
instanceKlass jdk/internal/logger/DefaultLoggerFinder$1
instanceKlass java/util/logging/Logger$SystemLoggerHelper$1
instanceKlass java/util/logging/Logger$SystemLoggerHelper
instanceKlass java/util/logging/LogManager$4
instanceKlass jdk/internal/logger/BootstrapLogger$BootstrapExecutors
instanceKlass jdk/internal/logger/BootstrapLogger$RedirectedLoggers
instanceKlass java/util/Spliterators$1Adapter
instanceKlass jdk/internal/logger/BootstrapLogger$DetectBackend$1
instanceKlass jdk/internal/logger/BootstrapLogger$DetectBackend
instanceKlass jdk/internal/logger/BootstrapLogger
instanceKlass sun/util/logging/PlatformLogger$ConfigurableBridge
instanceKlass sun/util/logging/PlatformLogger$Bridge
instanceKlass java/util/stream/Stream$Builder
instanceKlass java/util/stream/Streams$AbstractStreamBuilderImpl
instanceKlass  @bci java/util/logging/Level$KnownLevel findByName (Ljava/lang/String;Ljava/util/function/Function;)Ljava/util/Optional; 29 <appendix> argL0 ; # java/util/logging/Level$KnownLevel$$Lambda+0x80000002c
instanceKlass  @bci java/util/logging/Level findLevel (Ljava/lang/String;)Ljava/util/logging/Level; 13 <appendix> argL0 ; # java/util/logging/Level$$Lambda+0x80000001a
instanceKlass java/util/Hashtable$Enumerator
instanceKlass java/util/Collections$SynchronizedCollection
instanceKlass java/util/Properties$EntrySet
instanceKlass java/util/Collections$3
instanceKlass java/util/logging/LogManager$LoggerContext$1
instanceKlass java/util/logging/LogManager$VisitedLoggers
instanceKlass java/util/logging/LogManager$2
instanceKlass java/lang/System$LoggerFinder
instanceKlass sun/security/util/SecurityProperties
instanceKlass sun/security/util/FilePermCompat
instanceKlass java/util/logging/LogManager$LoggingProviderAccess
instanceKlass sun/util/logging/internal/LoggingProviderImpl$LogManagerAccess
instanceKlass java/util/logging/LogManager$LogNode
instanceKlass java/util/logging/LogManager$LoggerContext
instanceKlass java/util/logging/LogManager$1
instanceKlass java/util/logging/LogManager
instanceKlass java/util/logging/Logger$ConfigurationData
instanceKlass java/util/logging/Logger$LoggerBundle
instanceKlass  @bci java/util/logging/Level$KnownLevel add (Ljava/util/logging/Level;)V 49 <appendix> argL0 ; # java/util/logging/Level$KnownLevel$$Lambda+0x80000002b
instanceKlass  @bci java/util/logging/Level$KnownLevel add (Ljava/util/logging/Level;)V 19 <appendix> argL0 ; # java/util/logging/Level$KnownLevel$$Lambda+0x80000002a
instanceKlass java/util/logging/Level
instanceKlass java/util/logging/Handler
instanceKlass java/util/logging/Logger
# instanceKlass java/lang/invoke/LambdaForm$DMH+0x000002368222c000
instanceKlass org/eclipse/lsp4j/jsonrpc/services/GenericEndpoint
instanceKlass org/eclipse/lsp4j/jsonrpc/json/StreamMessageConsumer
instanceKlass org/eclipse/lsp4j/jsonrpc/json/MessageConstants
instanceKlass com/google/gson/internal/bind/ReflectiveTypeAdapterFactory$BoundField
instanceKlass com/google/gson/internal/bind/ReflectiveTypeAdapterFactory
instanceKlass com/google/gson/internal/bind/JsonAdapterAnnotationTypeAdapterFactory$DummyTypeAdapterFactory
instanceKlass com/google/gson/internal/bind/JsonAdapterAnnotationTypeAdapterFactory
instanceKlass com/google/gson/internal/bind/MapTypeAdapterFactory
instanceKlass com/google/gson/internal/bind/CollectionTypeAdapterFactory
instanceKlass com/google/gson/internal/bind/ArrayTypeAdapter$1
instanceKlass com/google/gson/internal/bind/DefaultDateTypeAdapter$1
instanceKlass java/util/concurrent/atomic/AtomicLongArray
instanceKlass com/google/gson/internal/bind/NumberTypeAdapter$1
instanceKlass com/google/gson/internal/bind/ObjectTypeAdapter$1
instanceKlass com/google/gson/internal/bind/EnumTypeAdapter$1
instanceKlass com/google/gson/internal/bind/TypeAdapters$31
instanceKlass java/util/Currency
instanceKlass java/util/UUID
instanceKlass com/google/gson/internal/bind/TypeAdapters$32
instanceKlass java/net/InetAddress
instanceKlass java/util/concurrent/atomic/AtomicIntegerArray
instanceKlass com/google/gson/internal/bind/TypeAdapters$30
instanceKlass com/google/gson/internal/bind/TypeAdapters$29
instanceKlass com/google/gson/internal/bind/TypeAdapters
instanceKlass com/google/gson/internal/ConstructorConstructor
instanceKlass com/google/gson/internal/sql/SqlTimestampTypeAdapter$1
instanceKlass com/google/gson/internal/sql/SqlTimeTypeAdapter$1
instanceKlass com/google/gson/internal/sql/SqlDateTypeAdapter$1
instanceKlass java/text/Format
instanceKlass com/google/gson/internal/bind/DefaultDateTypeAdapter$DateType
instanceKlass com/google/gson/internal/sql/SqlTypesSupport
instanceKlass org/eclipse/lsp4j/jsonrpc/json/adapters/MessageTypeAdapter$Factory
instanceKlass org/eclipse/lsp4j/jsonrpc/json/adapters/EnumTypeAdapter$Factory
instanceKlass org/eclipse/lsp4j/jsonrpc/json/adapters/TupleTypeAdapters$TwoTypeAdapterFactory
instanceKlass org/eclipse/lsp4j/jsonrpc/json/adapters/EitherTypeAdapter$Factory
instanceKlass org/eclipse/lsp4j/jsonrpc/json/adapters/ThrowableTypeAdapter$Factory
instanceKlass org/eclipse/lsp4j/jsonrpc/json/adapters/CollectionTypeAdapter$Factory
instanceKlass com/google/gson/FormattingStyle
instanceKlass com/google/gson/stream/JsonWriter
instanceKlass com/google/gson/stream/JsonReader
instanceKlass com/google/gson/ToNumberStrategy
instanceKlass com/google/gson/Gson
instanceKlass com/google/gson/TypeAdapter
instanceKlass com/google/gson/internal/Excluder
instanceKlass com/google/gson/FieldNamingStrategy
instanceKlass com/google/gson/GsonBuilder
instanceKlass org/eclipse/lsp4j/jsonrpc/messages/CancelParams
instanceKlass com/google/gson/TypeAdapterFactory
instanceKlass com/google/gson/JsonElement
instanceKlass org/eclipse/lsp4j/jsonrpc/json/MessageJsonHandler
instanceKlass org/eclipse/lsp4j/WorkDoneProgressCancelParams
instanceKlass scala/meta/internal/tvp/TreeViewParentResult
instanceKlass scala/meta/internal/tvp/TreeViewNodeRevealResult
instanceKlass scala/meta/internal/tvp/MetalsTreeViewChildrenResult
instanceKlass scala/meta/internal/metals/doctor/DoctorVisibilityDidChangeParams
instanceKlass scala/meta/internal/metals/findfiles/FindTextInDependencyJarsRequest
instanceKlass scala/meta/internal/tvp/TreeViewParentParams
instanceKlass scala/meta/internal/tvp/TreeViewChildrenParams
instanceKlass scala/meta/internal/tvp/TreeViewNodeCollapseDidChangeParams
instanceKlass scala/meta/internal/tvp/TreeViewVisibilityDidChangeParams
instanceKlass org/eclipse/lsp4j/DidChangeWorkspaceFoldersParams
instanceKlass org/eclipse/lsp4j/DidChangeWatchedFilesParams
instanceKlass org/eclipse/lsp4j/DidChangeConfigurationParams
instanceKlass org/eclipse/lsp4j/RenameFilesParams
instanceKlass org/eclipse/lsp4j/CallHierarchyOutgoingCall
instanceKlass org/eclipse/lsp4j/CallHierarchyIncomingCall
instanceKlass org/eclipse/lsp4j/TypeHierarchyItem
instanceKlass org/eclipse/lsp4j/CallHierarchyItem
instanceKlass org/eclipse/lsp4j/CompletionList
instanceKlass org/eclipse/lsp4j/CodeLens
instanceKlass org/eclipse/lsp4j/Hover
instanceKlass org/eclipse/lsp4j/DocumentHighlight
instanceKlass org/eclipse/lsp4j/SelectionRange
instanceKlass org/eclipse/lsp4j/SignatureHelp
instanceKlass org/eclipse/lsp4j/FoldingRange
instanceKlass org/eclipse/lsp4j/SemanticTokens
instanceKlass org/eclipse/lsp4j/SymbolInformation
instanceKlass org/eclipse/lsp4j/DocumentSymbol
instanceKlass org/eclipse/lsp4j/jsonrpc/messages/Either
instanceKlass org/eclipse/lsp4j/Range
instanceKlass org/eclipse/lsp4j/TextEdit
instanceKlass org/eclipse/lsp4j/Location
instanceKlass org/eclipse/lsp4j/WorkspaceEdit
instanceKlass org/eclipse/lsp4j/CompletionItem
instanceKlass org/eclipse/lsp4j/DidChangeTextDocumentParams
instanceKlass org/eclipse/lsp4j/DocumentFormattingParams
instanceKlass org/eclipse/lsp4j/DidOpenTextDocumentParams
instanceKlass org/eclipse/lsp4j/DidCloseTextDocumentParams
instanceKlass org/eclipse/lsp4j/DidSaveTextDocumentParams
instanceKlass scala/meta/internal/metals/HoverExtParams
instanceKlass org/eclipse/lsp4j/InlayHintParams
instanceKlass org/eclipse/lsp4j/InlayHint
instanceKlass org/eclipse/lsp4j/CodeAction
instanceKlass org/eclipse/lsp4j/DocumentRangeFormattingParams
instanceKlass org/eclipse/lsp4j/WorkDoneProgressAndPartialResultParams
instanceKlass org/eclipse/lsp4j/PartialResultParams
instanceKlass org/eclipse/lsp4j/TextDocumentPositionParams
instanceKlass org/eclipse/lsp4j/ClientInfo
instanceKlass scala/meta/internal/metals/Folder
instanceKlass scala/meta/internal/metals/MemoryMonitor
instanceKlass scala/runtime/LazyRef
instanceKlass scala/meta/internal/metals/WorkspaceLspService
instanceKlass org/eclipse/lsp4j/InitializeResult
instanceKlass org/eclipse/lsp4j/InitializedParams
instanceKlass org/eclipse/lsp4j/InitializeParams
instanceKlass jdk/internal/vm/annotation/IntrinsicCandidate
instanceKlass java/lang/annotation/Documented
instanceKlass java/lang/Deprecated
instanceKlass org/eclipse/lsp4j/jsonrpc/json/JsonRpcMethodProvider
instanceKlass org/eclipse/lsp4j/jsonrpc/services/JsonDelegate
instanceKlass  @bci org/eclipse/lsp4j/jsonrpc/services/ServiceEndpoints getSupportedMethods (Ljava/lang/Class;Ljava/util/Set;)Ljava/util/Map; 29 <appendix> member <vmtarget> ; # org/eclipse/lsp4j/jsonrpc/services/ServiceEndpoints$$Lambda+0x0000023682201b28
instanceKlass scala/meta/internal/metals/clients/language/RawMetalsQuickPickResult
instanceKlass org/eclipse/lsp4j/ExecuteCommandParams
instanceKlass org/eclipse/lsp4j/WorkDoneProgressParams
instanceKlass scala/meta/internal/metals/clients/language/RawMetalsInputBoxResult
instanceKlass scala/meta/internal/metals/clients/language/MetalsQuickPickParams
instanceKlass scala/meta/internal/metals/clients/language/MetalsStatusParams
instanceKlass scala/meta/internal/metals/clients/language/MetalsInputBoxParams
instanceKlass scala/meta/internal/metals/clients/language/RawMetalsReadClipboardResult
instanceKlass java/lang/invoke/SerializedLambda
instanceKlass scala/meta/internal/tvp/TreeViewDidChangeParams
instanceKlass scala/reflect/ScalaSignature
instanceKlass org/eclipse/lsp4j/ApplyWorkspaceEditResponse
instanceKlass org/eclipse/lsp4j/ShowDocumentResult
instanceKlass org/eclipse/lsp4j/WorkspaceFolder
instanceKlass org/eclipse/lsp4j/MessageActionItem
instanceKlass org/eclipse/lsp4j/jsonrpc/services/JsonNotification
instanceKlass org/eclipse/lsp4j/jsonrpc/json/JsonRpcMethod
instanceKlass org/eclipse/lsp4j/jsonrpc/json/ResponseJsonAdapter
instanceKlass sun/reflect/generics/reflectiveObjects/LazyReflectiveObjectGenerator
instanceKlass sun/reflect/generics/tree/TypeVariableSignature
instanceKlass sun/reflect/generics/tree/ClassSignature
instanceKlass sun/reflect/generics/reflectiveObjects/ParameterizedTypeImpl
instanceKlass java/lang/reflect/ParameterizedType
instanceKlass sun/reflect/generics/tree/MethodTypeSignature
instanceKlass sun/reflect/generics/tree/Signature
instanceKlass sun/reflect/generics/tree/FormalTypeParameter
instanceKlass java/lang/reflect/TypeVariable
instanceKlass sun/reflect/generics/repository/AbstractRepository
instanceKlass  @bci org/eclipse/lsp4j/jsonrpc/services/AnnotationUtil getParameterTypes (Ljava/lang/reflect/Method;)[Ljava/lang/reflect/Type; 17 <appendix> argL0 ; # org/eclipse/lsp4j/jsonrpc/services/AnnotationUtil$$Lambda+0x0000023682207758
instanceKlass  @bci org/eclipse/lsp4j/jsonrpc/services/AnnotationUtil getParameterTypes (Ljava/lang/reflect/Method;)[Ljava/lang/reflect/Type; 7 <appendix> argL0 ; # org/eclipse/lsp4j/jsonrpc/services/AnnotationUtil$$Lambda+0x0000023682207518
instanceKlass java/lang/annotation/Target
# instanceKlass java/lang/invoke/LambdaForm$MH+0x0000023682200800
instanceKlass java/lang/reflect/Proxy$ProxyBuilder$1
instanceKlass jdk/internal/classfile/impl/TemporaryConstantPool
instanceKlass  @bci jdk/internal/classfile/impl/StackMapDecoder writeTypeInfo (Ljdk/internal/classfile/impl/BufWriterImpl;Ljava/lang/classfile/attribute/StackMapFrameInfo$VerificationTypeInfo;)V 21 <appendix> argL0 member <vmtarget> ; # jdk/internal/classfile/impl/StackMapDecoder$$TypeSwitch+0x00000236821d3010
instanceKlass java/lang/classfile/attribute/StackMapFrameInfo$UninitializedVerificationTypeInfo
instanceKlass jdk/internal/classfile/impl/StackMapDecoder
instanceKlass jdk/internal/classfile/impl/StackCounter
instanceKlass  @bci java/lang/reflect/ProxyGenerator lambda$generateLookupAccessor$6 (Ljava/lang/classfile/MethodBuilder;)V 30 <appendix> member <vmtarget> ; # java/lang/reflect/ProxyGenerator$$Lambda+0x00000236821d2150
instanceKlass  @bci java/lang/reflect/ProxyGenerator generateLookupAccessor (Ljava/lang/classfile/ClassBuilder;)V 10 <appendix> member <vmtarget> ; # java/lang/reflect/ProxyGenerator$$Lambda+0x00000236821d1f18
instanceKlass java/lang/classfile/constantpool/StringEntry
instanceKlass  @bci java/lang/reflect/ProxyGenerator generateStaticInitializer (Ljava/lang/classfile/ClassBuilder;)V 10 <appendix> member <vmtarget> ; # java/lang/reflect/ProxyGenerator$$Lambda+0x00000236821d1770
instanceKlass java/lang/classfile/instruction/ArrayStoreInstruction
instanceKlass java/lang/classfile/instruction/NewReferenceArrayInstruction
instanceKlass java/lang/classfile/attribute/StackMapTableAttribute
instanceKlass java/lang/classfile/attribute/StackMapFrameInfo
instanceKlass java/lang/classfile/instruction/NewObjectInstruction
instanceKlass  @bci java/lang/reflect/ProxyGenerator$ProxyMethod lambda$generateMethod$1 (Ljava/util/List;Ljava/lang/classfile/MethodBuilder;)V 31 <appendix> member <vmtarget> ; # java/lang/reflect/ProxyGenerator$ProxyMethod$$Lambda+0x00000236821cfa78
instanceKlass java/lang/classfile/attribute/ExceptionsAttribute
instanceKlass  @bci java/lang/reflect/ProxyGenerator$ProxyMethod generateMethod (Ljava/lang/classfile/ClassBuilder;)V 90 <appendix> member <vmtarget> ; # java/lang/reflect/ProxyGenerator$ProxyMethod$$Lambda+0x00000236821cf128
instanceKlass jdk/internal/classfile/impl/TerminalFieldBuilder
instanceKlass  @bci java/lang/classfile/ClassBuilder withField (Ljava/lang/String;Ljava/lang/constant/ClassDesc;I)Ljava/lang/classfile/ClassBuilder; 4 <appendix> member <vmtarget> ; # java/lang/classfile/ClassBuilder$$Lambda+0x00000236821ce9b8
instanceKlass java/lang/classfile/FieldBuilder
instanceKlass  @bci java/lang/reflect/ProxyGenerator generateConstructor (Ljava/lang/classfile/ClassBuilder;)V 8 <appendix> member <vmtarget> ; # java/lang/reflect/ProxyGenerator$$Lambda+0x00000236821ce580
instanceKlass java/lang/classfile/Interfaces
instanceKlass  @bci java/lang/reflect/ProxyGenerator generateClassFile ()[B 188 <appendix> member <vmtarget> ; # java/lang/reflect/ProxyGenerator$$Lambda+0x00000236821cdef0
instanceKlass  @bci java/lang/reflect/ProxyGenerator addProxyMethod (Ljava/lang/reflect/Method;Ljava/lang/Class;)V 23 <appendix> argL0 ; # java/lang/reflect/ProxyGenerator$$Lambda+0x00000236821cdcb0
instanceKlass  @bci java/lang/reflect/ProxyGenerator addProxyMethod (Ljava/lang/reflect/ProxyGenerator$ProxyMethod;)V 10 <appendix> argL0 ; # java/lang/reflect/ProxyGenerator$$Lambda+0x00000236821cda70
instanceKlass java/lang/reflect/ProxyGenerator$ProxyMethod
instanceKlass java/lang/classfile/attribute/StackMapFrameInfo$ObjectVerificationTypeInfo
instanceKlass java/lang/classfile/attribute/StackMapFrameInfo$VerificationTypeInfo
instanceKlass  @bci jdk/internal/classfile/impl/ClassFileImpl withOptions ([Ljava/lang/classfile/ClassFile$Option;)Ljdk/internal/classfile/impl/ClassFileImpl; 99 <appendix> argL0 member <vmtarget> ; # jdk/internal/classfile/impl/ClassFileImpl$$TypeSwitch+0x00000236821cd000
instanceKlass java/lang/reflect/ProxyGenerator
instanceKlass  @bci java/lang/reflect/Proxy getLoader (Ljava/lang/Module;)Ljava/lang/ClassLoader; 6 <appendix> member <vmtarget> ; # java/lang/reflect/Proxy$$Lambda+0x00000236821ccbc8
instanceKlass  @bci java/lang/WeakPairMap computeIfAbsent (Ljava/lang/Object;Ljava/lang/Object;Ljava/util/function/BiFunction;)Ljava/lang/Object; 18 <appendix> member <vmtarget> ; # java/lang/WeakPairMap$$Lambda+0x00000236821cc770
instanceKlass  @bci java/lang/Module implAddExportsOrOpens (Ljava/lang/String;Ljava/lang/Module;ZZ)V 145 <appendix> argL0 ; # java/lang/Module$$Lambda+0x00000236821cc540
instanceKlass  @bci java/lang/module/ModuleDescriptor$Builder packages (Ljava/util/Set;)Ljava/lang/module/ModuleDescriptor$Builder; 17 <appendix> argL0 ; # java/lang/module/ModuleDescriptor$Builder$$Lambda+0x800000004
instanceKlass java/lang/module/ModuleDescriptor$Builder
instanceKlass  @bci java/lang/reflect/Proxy$ProxyBuilder getDynamicModule (Ljava/lang/ClassLoader;)Ljava/lang/Module; 4 <appendix> argL0 ; # java/lang/reflect/Proxy$ProxyBuilder$$Lambda+0x00000236821cbbe8
instanceKlass java/lang/PublicMethods
instanceKlass java/lang/reflect/Proxy$ProxyBuilder
instanceKlass  @bci java/lang/reflect/Proxy getProxyConstructor (Ljava/lang/Class;Ljava/lang/ClassLoader;[Ljava/lang/Class;)Ljava/lang/reflect/Constructor; 35 <appendix> argL0 ; # java/lang/reflect/Proxy$$Lambda+0x00000236821cb350
instanceKlass java/lang/reflect/Proxy
instanceKlass sun/reflect/annotation/AnnotationInvocationHandler
instanceKlass sun/reflect/annotation/AnnotationParser$1
instanceKlass java/lang/annotation/Inherited
instanceKlass java/lang/annotation/Retention
instanceKlass sun/reflect/annotation/ExceptionProxy
instanceKlass sun/reflect/annotation/AnnotationType$1
instanceKlass sun/reflect/annotation/AnnotationType
instanceKlass java/lang/reflect/GenericArrayType
instanceKlass sun/reflect/generics/visitor/Reifier
instanceKlass sun/reflect/generics/visitor/TypeTreeVisitor
instanceKlass sun/reflect/generics/factory/CoreReflectionFactory
instanceKlass sun/reflect/generics/factory/GenericsFactory
instanceKlass sun/reflect/generics/scope/AbstractScope
instanceKlass sun/reflect/generics/scope/Scope
instanceKlass sun/reflect/generics/tree/ClassTypeSignature
instanceKlass sun/reflect/generics/tree/SimpleClassTypeSignature
instanceKlass sun/reflect/generics/tree/FieldTypeSignature
instanceKlass sun/reflect/generics/tree/BaseType
instanceKlass sun/reflect/generics/tree/TypeSignature
instanceKlass sun/reflect/generics/tree/ReturnType
instanceKlass sun/reflect/generics/tree/TypeArgument
instanceKlass sun/reflect/generics/tree/TypeTree
instanceKlass sun/reflect/generics/tree/Tree
instanceKlass sun/reflect/generics/parser/SignatureParser
instanceKlass org/eclipse/lsp4j/jsonrpc/services/JsonRequest
instanceKlass org/eclipse/lsp4j/TextDocumentContentRefreshParams
instanceKlass org/eclipse/lsp4j/UnregistrationParams
instanceKlass org/eclipse/lsp4j/LogTraceParams
instanceKlass org/eclipse/lsp4j/ApplyWorkspaceEditParams
instanceKlass org/eclipse/lsp4j/ShowDocumentParams
instanceKlass org/eclipse/lsp4j/PublishDiagnosticsParams
instanceKlass org/eclipse/lsp4j/ProgressParams
instanceKlass org/eclipse/lsp4j/RegistrationParams
instanceKlass org/eclipse/lsp4j/WorkDoneProgressCreateParams
instanceKlass org/eclipse/lsp4j/MessageParams
instanceKlass java/util/concurrent/CompletableFuture
instanceKlass java/util/concurrent/CompletionStage
instanceKlass org/eclipse/lsp4j/ConfigurationParams
instanceKlass java/lang/Class$AnnotationData
instanceKlass org/eclipse/lsp4j/jsonrpc/services/JsonSegment
instanceKlass org/eclipse/lsp4j/jsonrpc/services/AnnotationUtil
instanceKlass  @bci org/eclipse/lsp4j/jsonrpc/services/ServiceEndpoints getSupportedMethods (Ljava/lang/Class;Ljava/util/Set;)Ljava/util/Map; 11 <appendix> member <vmtarget> ; # org/eclipse/lsp4j/jsonrpc/services/ServiceEndpoints$$Lambda+0x0000023682205018
instanceKlass  @bci com/sun/tools/javac/code/ClassFinder <init> (Lcom/sun/tools/javac/util/Context;)V 23 <bsm> form vmentry <vmtarget> ; # java/lang/invoke/LambdaForm$DMH+0x0000023682200400
instanceKlass org/eclipse/lsp4j/jsonrpc/services/AnnotationUtil$MethodInfo
instanceKlass java/lang/reflect/InvocationHandler
instanceKlass org/eclipse/lsp4j/jsonrpc/services/ServiceEndpoints
instanceKlass java/util/Collections$1
instanceKlass org/eclipse/lsp4j/jsonrpc/json/MethodProvider
instanceKlass org/eclipse/lsp4j/jsonrpc/Launcher
instanceKlass org/eclipse/lsp4j/jsonrpc/Endpoint
instanceKlass org/eclipse/lsp4j/jsonrpc/MessageProducer
instanceKlass org/eclipse/lsp4j/jsonrpc/MessageConsumer
instanceKlass org/eclipse/lsp4j/jsonrpc/MessageIssueHandler
instanceKlass org/eclipse/lsp4j/jsonrpc/Launcher$Builder
instanceKlass scala/meta/metals/lsp/DelegatingScalaService
instanceKlass java/util/concurrent/ConcurrentLinkedQueue$Node
instanceKlass scala/meta/internal/metals/MutableCancelable
instanceKlass scala/meta/internal/metals/Cancelable
instanceKlass scala/meta/internal/metals/clients/language/NoopLanguageClient
instanceKlass scala/meta/metals/ServerState$Started$
instanceKlass scala/meta/metals/ServerState
instanceKlass scala/meta/internal/metals/ThreadPools$
instanceKlass  @bci scala/meta/internal/metals/ClasspathSearch$Indexer$ <clinit> ()V 10 <appendix> argL0 ; # scala/meta/internal/metals/ClasspathSearch$Indexer$$$Lambda+0x00000236821be090
instanceKlass  @cpi scala/meta/internal/metals/ClasspathSearch$Indexer$ 33 form vmentry <vmtarget> ; # java/lang/invoke/LambdaForm$DMH+0x0000023682200000
instanceKlass scala/meta/internal/metals/ClasspathSearch
instanceKlass scala/meta/internal/metals/ClasspathSearch$Indexer
instanceKlass scala/meta/internal/metals/ClasspathSearch$Indexer$
instanceKlass  @bci scala/meta/internal/metals/MetalsServerInputs$ productionConfiguration ()Lscala/meta/internal/metals/MetalsServerInputs; 50 <appendix> argL0 ; # scala/meta/internal/metals/MetalsServerInputs$$$Lambda+0x00000236821bd788
instanceKlass scala/meta/internal/metals/MtagsResolver$Default$State
instanceKlass scala/meta/internal/metals/MtagsResolver$Default
instanceKlass scala/meta/internal/metals/MtagsResolver
instanceKlass scala/meta/internal/metals/MtagsResolver$
instanceKlass  @bci scala/meta/internal/bsp/BspServers$ $anonfun$globalInstallDirectories$2 (Ljava/lang/String;)Lscala/Option; 4 <appendix> member <vmtarget> ; # scala/meta/internal/bsp/BspServers$$$Lambda+0x00000236821bcc60
instanceKlass  @bci scala/meta/internal/bsp/BspServers$ globalInstallDirectories (Lscala/concurrent/ExecutionContext;)Lscala/collection/immutable/List; 80 <appendix> argL0 ; # scala/meta/internal/bsp/BspServers$$$Lambda+0x00000236821bc898
instanceKlass  @bci scala/meta/internal/bsp/BspServers$ globalInstallDirectories (Lscala/concurrent/ExecutionContext;)Lscala/collection/immutable/List; 72 <appendix> argL0 ; # scala/meta/internal/bsp/BspServers$$$Lambda+0x00000236821bc4d0
instanceKlass scala/collection/mutable/HashSet$Node
instanceKlass scala/collection/mutable/HashSet$
instanceKlass  @bci scala/collection/SeqOps distinct ()Ljava/lang/Object; 1 <appendix> argL0 ; # scala/collection/SeqOps$$Lambda+0x00000236821b7790
instanceKlass java/util/concurrent/ForkJoinTask$Aux
instanceKlass  @bci scala/meta/internal/metals/MetalsProjectDirectories$ fromPath (Ljava/lang/String;ZLscala/concurrent/ExecutionContext;)Lscala/Option; 3 <appendix> member <vmtarget> ; # scala/meta/internal/metals/MetalsProjectDirectories$$$Lambda+0x00000236821b74d0
instanceKlass ujson/Value$Selector
instanceKlass ujson/Readable
instanceKlass scala/meta/internal/bsp/BspServers$
instanceKlass scala/meta/internal/metals/AutoImportBuildKind$Off$
instanceKlass scala/meta/internal/metals/TestUserInterfaceKind$CodeLenses$
instanceKlass scala/meta/internal/metals/BloopJvmProperties$Uninitialized$
instanceKlass scala/math/Ordering$Int$
instanceKlass scala/math/Ordering$CachedReverse
instanceKlass scala/math/Ordering$IntOrdering
instanceKlass  @bci scala/meta/internal/mtags/ScalametaCommonEnrichments $init$ (Lscala/meta/internal/mtags/ScalametaCommonEnrichments;)V 7 <appendix> argL0 ; # scala/meta/internal/mtags/ScalametaCommonEnrichments$$Lambda+0x00000236821b5658
instanceKlass scalapb/UnrecognizedEnum
instanceKlass scala/meta/internal/semanticdb/SymbolInformation$Property$Recognized
instanceKlass scala/meta/internal/semanticdb/SymbolInformation$Property
instanceKlass scala/meta/internal/semanticdb/SymbolInformation$Property$
instanceKlass scalapb/GeneratedEnumCompanion
instanceKlass scala/meta/internal/semanticdb/Language$Recognized
instanceKlass scala/meta/internal/semanticdb/Language
instanceKlass scalapb/GeneratedEnum
instanceKlass scala/meta/internal/metals/MetalsEnrichments$
instanceKlass scala/meta/internal/mtags/MtagsEnrichments
instanceKlass scala/meta/internal/mtags/ScalametaCommonEnrichments
instanceKlass scala/meta/internal/mtags/CommonMtagsEnrichments
instanceKlass scala/meta/internal/metals/UserConfiguration
instanceKlass  @bci scala/meta/internal/metals/UserConfiguration$ <clinit> ()V 16 <appendix> argL0 ; # scala/meta/internal/metals/UserConfiguration$$$Lambda+0x00000236821ac600
instanceKlass scala/meta/internal/metals/ExcludedPackagesHandler
instanceKlass scala/meta/internal/metals/ExcludedPackagesHandler$
instanceKlass scala/meta/internal/metals/AutoImportBuildKind
instanceKlass scala/meta/internal/metals/BloopJvmProperties
instanceKlass scala/meta/internal/metals/TestUserInterfaceKind
instanceKlass scala/meta/internal/metals/UserConfiguration$
instanceKlass scala/meta/internal/metals/Time$system$
instanceKlass scala/collection/concurrent/TrieMap$MangledHashing
instanceKlass java/util/concurrent/atomic/AtomicIntegerFieldUpdater$AtomicIntegerFieldUpdaterImpl$1
instanceKlass java/util/concurrent/atomic/AtomicIntegerFieldUpdater
instanceKlass scala/collection/concurrent/KVNode
instanceKlass scala/collection/concurrent/INode$
instanceKlass  @bci scala/math/Equiv$ universal ()Lscala/math/Equiv; 0 <appendix> argL0 ; # scala/math/Equiv$$$Lambda+0x00000236821a9cc0
instanceKlass scala/util/hashing/Hashing$Default
instanceKlass scala/util/hashing/Hashing$
instanceKlass scala/util/hashing/Hashing
instanceKlass sun/reflect/misc/ReflectUtil
instanceKlass scala/collection/concurrent/Gen
instanceKlass java/util/concurrent/atomic/AtomicReferenceFieldUpdater$AtomicReferenceFieldUpdaterImpl$1
instanceKlass java/util/concurrent/atomic/AtomicReferenceFieldUpdater
instanceKlass scala/collection/concurrent/BasicNode
instanceKlass scala/collection/concurrent/TrieMap$
instanceKlass scala/meta/internal/metals/Buffers
instanceKlass scala/meta/internal/metals/MetalsServerInputs
instanceKlass scala/meta/internal/metals/Time
instanceKlass scala/meta/internal/metals/ProgressTicks
instanceKlass scala/meta/internal/metals/MetalsServerInputs$
instanceKlass scala/meta/metals/MetalsLanguageServer$
instanceKlass scala/meta/metals/lsp/ScalaLspService
instanceKlass scala/meta/metals/lsp/WindowService
instanceKlass scala/meta/metals/lsp/MetalsService
instanceKlass scala/meta/metals/lsp/WorkspaceService
instanceKlass scala/meta/metals/lsp/TextDocumentService
instanceKlass scala/meta/metals/MetalsLanguageServer
instanceKlass scala/meta/metals/lsp/LanguageServer
instanceKlass java/util/concurrent/RunnableScheduledFuture
instanceKlass java/util/concurrent/ScheduledFuture
instanceKlass java/util/concurrent/Delayed
instanceKlass java/util/concurrent/RunnableFuture
instanceKlass java/util/concurrent/Executors$DelegatedExecutorService
instanceKlass java/util/concurrent/ScheduledExecutorService
instanceKlass  @bci scala/meta/internal/metals/logging/LanguageClientLogger$ write (Lscribe/LogRecord;Lscribe/output/LogOutput;Lscribe/output/format/OutputFormat;)V 5 <appendix> member <vmtarget> ; # scala/meta/internal/metals/logging/LanguageClientLogger$$$Lambda+0x00000236821a5b88
instanceKlass scala/meta/internal/metals/clients/language/MetalsLanguageClient
instanceKlass scala/meta/internal/tvp/TreeViewClient
instanceKlass org/eclipse/lsp4j/services/LanguageClient
instanceKlass sun/security/util/ManifestEntryVerifier$SunProviderHolder
instanceKlass java/util/Base64$Encoder
instanceKlass java/util/Base64$Decoder
instanceKlass java/util/Base64
instanceKlass javax/crypto/SecretKey
instanceKlass sun/security/util/Length
instanceKlass sun/security/util/KeyUtil
instanceKlass java/security/interfaces/XECKey
instanceKlass java/security/interfaces/ECKey
instanceKlass sun/security/util/JarConstraintsParameters
instanceKlass sun/security/util/ConstraintsParameters
instanceKlass java/security/CodeSigner
instanceKlass java/security/Timestamp
instanceKlass sun/security/timestamp/TimestampToken
instanceKlass java/security/cert/CertPath
instanceKlass javax/security/auth/x500/X500Principal$1
instanceKlass jdk/internal/access/JavaxSecurityAccess
instanceKlass javax/security/auth/x500/X500Principal
instanceKlass java/math/MutableBigInteger
instanceKlass sun/security/rsa/RSAPadding
instanceKlass sun/security/rsa/RSACore
instanceKlass java/security/interfaces/RSAPrivateCrtKey
instanceKlass sun/security/pkcs/PKCS8Key
instanceKlass sun/security/util/InternalPrivateKey
instanceKlass java/security/interfaces/RSAPrivateKey
instanceKlass java/security/PrivateKey
instanceKlass javax/security/auth/Destroyable
instanceKlass jdk/internal/icu/util/CodePointTrie$Data
instanceKlass jdk/internal/icu/util/CodePointMap
instanceKlass jdk/internal/icu/util/VersionInfo
instanceKlass  @bci jdk/internal/module/SystemModuleFinders$SystemModuleReader open (Ljava/lang/String;)Ljava/util/Optional; 6 <appendix> member <vmtarget> ; # jdk/internal/module/SystemModuleFinders$SystemModuleReader$$Lambda+0x000002368217a650
instanceKlass jdk/internal/module/Checks
instanceKlass jdk/internal/icu/impl/ICUBinary$1
instanceKlass jdk/internal/icu/impl/ICUBinary
instanceKlass jdk/internal/icu/impl/NormalizerImpl$IsAcceptable
instanceKlass jdk/internal/icu/impl/ICUBinary$Authenticate
instanceKlass jdk/internal/icu/impl/NormalizerImpl
instanceKlass jdk/internal/icu/impl/Norm2AllModes$Norm2AllModesSingleton
instanceKlass jdk/internal/icu/impl/Norm2AllModes$NFKCSingleton
instanceKlass jdk/internal/icu/impl/Norm2AllModes
instanceKlass jdk/internal/icu/text/Normalizer2
instanceKlass jdk/internal/icu/text/NormalizerBase$ModeImpl
instanceKlass jdk/internal/icu/text/NormalizerBase$NFKDModeImpl
instanceKlass jdk/internal/icu/text/NormalizerBase$1
instanceKlass jdk/internal/icu/text/NormalizerBase$Mode
instanceKlass jdk/internal/icu/text/NormalizerBase
instanceKlass java/text/Normalizer
instanceKlass sun/security/x509/AVAKeyword
instanceKlass java/util/StringJoiner
instanceKlass sun/security/jca/ServiceId
instanceKlass java/security/Signature$1
instanceKlass jdk/internal/access/JavaSecuritySignatureAccess
instanceKlass java/security/SignatureSpi
instanceKlass sun/security/util/SignatureUtil
instanceKlass sun/security/provider/ByteArrayAccess$BE
instanceKlass sun/security/provider/ByteArrayAccess
instanceKlass sun/security/util/MessageDigestSpi2
instanceKlass java/security/MessageDigestSpi
instanceKlass sun/security/pkcs/SigningCertificateInfo$ESSCertId
instanceKlass  @bci sun/security/pkcs/PKCS9Attribute <clinit> ()V 531 <appendix> argL0 ; # sun/security/pkcs/PKCS9Attribute$$Lambda+0x0000023682174420
instanceKlass  @bci sun/security/pkcs/PKCS9Attribute <clinit> ()V 526 <appendix> argL0 ; # sun/security/pkcs/PKCS9Attribute$$Lambda+0x0000023682174200
instanceKlass  @bci sun/security/pkcs/PKCS9Attribute <clinit> ()V 504 <appendix> argL0 ; # sun/security/pkcs/PKCS9Attribute$$Lambda+0x0000023682173fe0
instanceKlass  @bci sun/security/pkcs/PKCS9Attribute <clinit> ()V 499 <appendix> argL0 ; # sun/security/pkcs/PKCS9Attribute$$Lambda+0x0000023682173dc0
instanceKlass  @bci sun/security/pkcs/PKCS9Attribute <clinit> ()V 477 <appendix> argL0 ; # sun/security/pkcs/PKCS9Attribute$$Lambda+0x0000023682173ba0
instanceKlass  @bci sun/security/pkcs/PKCS9Attribute <clinit> ()V 472 <appendix> argL0 ; # sun/security/pkcs/PKCS9Attribute$$Lambda+0x0000023682173980
instanceKlass sun/security/pkcs/SigningCertificateInfo
instanceKlass  @bci sun/security/pkcs/PKCS9Attribute <clinit> ()V 449 <appendix> argL0 ; # sun/security/pkcs/PKCS9Attribute$$Lambda+0x0000023682173548
instanceKlass  @cpi sun/security/pkcs/PKCS9Attribute 571 form vmentry <vmtarget> ; # java/lang/invoke/LambdaForm$DMH+0x00000236821a3000
instanceKlass  @bci sun/security/pkcs/PKCS9Attribute <clinit> ()V 444 <appendix> argL0 ; # sun/security/pkcs/PKCS9Attribute$$Lambda+0x0000023682173328
instanceKlass  @bci sun/security/pkcs/PKCS9Attribute <clinit> ()V 401 <appendix> argL0 ; # sun/security/pkcs/PKCS9Attribute$$Lambda+0x0000023682173108
instanceKlass  @bci sun/security/pkcs/PKCS9Attribute <clinit> ()V 396 <appendix> argL0 ; # sun/security/pkcs/PKCS9Attribute$$Lambda+0x0000023682172ee8
instanceKlass  @bci sun/security/pkcs/PKCS9Attribute <clinit> ()V 353 <appendix> argL0 ; # sun/security/pkcs/PKCS9Attribute$$Lambda+0x0000023682172cc8
instanceKlass  @bci sun/security/pkcs/PKCS9Attribute <clinit> ()V 348 <appendix> argL0 ; # sun/security/pkcs/PKCS9Attribute$$Lambda+0x0000023682172aa8
instanceKlass  @bci sun/security/pkcs/PKCS9Attribute <clinit> ()V 325 <appendix> argL0 ; # sun/security/pkcs/PKCS9Attribute$$Lambda+0x0000023682172888
instanceKlass  @bci sun/security/pkcs/PKCS9Attribute <clinit> ()V 320 <appendix> argL0 ; # sun/security/pkcs/PKCS9Attribute$$Lambda+0x0000023682172668
instanceKlass  @bci sun/security/pkcs/PKCS9Attribute <clinit> ()V 292 <appendix> argL0 ; # sun/security/pkcs/PKCS9Attribute$$Lambda+0x0000023682172448
instanceKlass  @bci sun/security/pkcs/PKCS9Attribute <clinit> ()V 287 <appendix> argL0 ; # sun/security/pkcs/PKCS9Attribute$$Lambda+0x0000023682172228
instanceKlass  @bci sun/security/pkcs/PKCS9Attribute <clinit> ()V 265 <appendix> argL0 ; # sun/security/pkcs/PKCS9Attribute$$Lambda+0x0000023682172008
instanceKlass  @bci sun/security/pkcs/PKCS9Attribute <clinit> ()V 260 <appendix> argL0 ; # sun/security/pkcs/PKCS9Attribute$$Lambda+0x0000023682171de8
instanceKlass  @bci sun/security/pkcs/PKCS9Attribute <clinit> ()V 238 <appendix> argL0 ; # sun/security/pkcs/PKCS9Attribute$$Lambda+0x0000023682171bc8
instanceKlass  @bci sun/security/pkcs/PKCS9Attribute <clinit> ()V 233 <appendix> argL0 ; # sun/security/pkcs/PKCS9Attribute$$Lambda+0x00000236821719a8
instanceKlass  @bci sun/security/pkcs/PKCS9Attribute <clinit> ()V 185 <appendix> argL0 ; # sun/security/pkcs/PKCS9Attribute$$Lambda+0x0000023682171788
instanceKlass  @bci sun/security/pkcs/PKCS9Attribute <clinit> ()V 180 <appendix> argL0 ; # sun/security/pkcs/PKCS9Attribute$$Lambda+0x0000023682171568
instanceKlass  @bci sun/security/pkcs/PKCS9Attribute <clinit> ()V 157 <appendix> argL0 ; # sun/security/pkcs/PKCS9Attribute$$Lambda+0x0000023682171138
instanceKlass sun/security/pkcs/PKCS9Attribute$Encoder
instanceKlass  @bci sun/security/pkcs/PKCS9Attribute <clinit> ()V 152 <appendix> argL0 ; # sun/security/pkcs/PKCS9Attribute$$Lambda+0x0000023682170d18
instanceKlass sun/security/pkcs/PKCS9Attribute$Decoder
instanceKlass sun/security/pkcs/PKCS9Attribute
instanceKlass sun/security/pkcs/PKCS9Attributes
instanceKlass java/time/zone/ZoneOffsetTransition
instanceKlass java/time/LocalTime
instanceKlass java/time/Instant
instanceKlass java/time/temporal/ValueRange
instanceKlass java/time/Duration
instanceKlass java/time/temporal/TemporalAmount
instanceKlass java/time/temporal/TemporalUnit
instanceKlass java/time/temporal/TemporalField
instanceKlass java/time/LocalDate
instanceKlass java/time/chrono/ChronoLocalDate
instanceKlass java/time/ZonedDateTime
instanceKlass java/time/chrono/ChronoZonedDateTime
instanceKlass java/time/LocalDateTime
instanceKlass java/time/chrono/ChronoLocalDateTime
instanceKlass java/time/temporal/Temporal
instanceKlass java/time/zone/ZoneOffsetTransitionRule
instanceKlass java/time/zone/ZoneRules
instanceKlass  @bci java/time/ZoneOffset ofTotalSeconds (I)Ljava/time/ZoneOffset; 37 <appendix> argL0 ; # java/time/ZoneOffset$$Lambda+0x800000013
instanceKlass java/time/temporal/TemporalAdjuster
instanceKlass java/time/temporal/TemporalAccessor
instanceKlass java/time/ZoneId
instanceKlass  @bci java/util/regex/CharPredicates ASCII_DIGIT ()Ljava/util/regex/Pattern$BmpCharPredicate; 0 <appendix> argL0 ; # java/util/regex/CharPredicates$$Lambda+0x80000002e
instanceKlass sun/security/util/DisabledAlgorithmConstraints$Constraints$Holder
instanceKlass sun/security/util/DisabledAlgorithmConstraints$Constraint
instanceKlass java/security/spec/ECFieldF2m
instanceKlass java/security/spec/ECParameterSpec
instanceKlass java/security/spec/ECPoint
instanceKlass java/security/spec/EllipticCurve
instanceKlass java/security/spec/ECFieldFp
instanceKlass java/security/spec/ECField
instanceKlass sun/security/util/CurveDB
instanceKlass sun/security/util/DisabledAlgorithmConstraints$Constraints
instanceKlass sun/security/util/AbstractAlgorithmConstraints$1
instanceKlass sun/security/util/AlgorithmDecomposer
instanceKlass sun/security/util/DisabledAlgorithmConstraints$JarHolder
instanceKlass  @bci java/util/regex/Pattern DOT ()Ljava/util/regex/Pattern$CharPredicate; 0 <appendix> argL0 ; # java/util/regex/Pattern$$Lambda+0x000002368216a648
instanceKlass sun/security/util/AbstractAlgorithmConstraints
instanceKlass java/security/AlgorithmConstraints
instanceKlass sun/security/pkcs/SignerInfo
instanceKlass java/security/cert/PolicyQualifierInfo
instanceKlass sun/security/x509/CertificatePolicyId
instanceKlass sun/security/x509/PolicyInformation
instanceKlass sun/security/x509/DistributionPoint
instanceKlass sun/security/x509/DNSName
instanceKlass sun/security/x509/URIName
instanceKlass sun/security/x509/GeneralName
instanceKlass sun/security/x509/AccessDescription
instanceKlass sun/security/x509/GeneralNames
instanceKlass java/lang/System$Logger
instanceKlass jdk/internal/event/EventHelper
instanceKlass sun/security/jca/JCAUtil
instanceKlass sun/security/util/MemoryCache$CacheEntry
instanceKlass sun/security/x509/KeyIdentifier
# instanceKlass java/lang/invoke/LambdaForm$MH+0x00000236821a2c00
instanceKlass sun/security/x509/OIDMap$OIDInfo
instanceKlass sun/security/x509/PKIXExtensions
instanceKlass sun/security/x509/OIDMap
instanceKlass sun/security/x509/Extension
instanceKlass java/security/cert/Extension
instanceKlass java/util/Collections$SynchronizedMap
instanceKlass sun/security/x509/CertificateExtensions
instanceKlass sun/security/rsa/RSAUtil
instanceKlass java/security/interfaces/RSAPublicKey
instanceKlass java/security/interfaces/RSAKey
instanceKlass java/security/spec/PSSParameterSpec
instanceKlass java/security/spec/AlgorithmParameterSpec
instanceKlass java/security/spec/RSAPrivateKeySpec
instanceKlass java/security/spec/RSAPublicKeySpec
instanceKlass java/security/KeyFactorySpi
instanceKlass sun/security/rsa/SunRsaSignEntries
instanceKlass sun/security/jca/ProviderList$ServiceIterator
instanceKlass java/security/KeyFactory
instanceKlass  @bci java/security/spec/EncodedKeySpec <clinit> ()V 0 <appendix> argL0 ; # java/security/spec/EncodedKeySpec$$Lambda+0x0000023682161180
instanceKlass  @cpi java/security/spec/EncodedKeySpec 79 form vmentry <vmtarget> ; # java/lang/invoke/LambdaForm$DMH+0x00000236821a2800
instanceKlass jdk/internal/access/JavaSecuritySpecAccess
instanceKlass java/security/spec/EncodedKeySpec
instanceKlass java/security/spec/KeySpec
instanceKlass sun/security/util/BitArray
instanceKlass sun/security/x509/X509Key
instanceKlass java/security/PublicKey
instanceKlass java/security/AsymmetricKey
instanceKlass java/security/Key
instanceKlass sun/security/x509/CertificateX509Key
instanceKlass sun/security/x509/CertificateValidity
instanceKlass sun/security/x509/AVA
instanceKlass sun/security/x509/RDN
instanceKlass sun/security/x509/X500Name
instanceKlass sun/security/x509/GeneralNameInterface
instanceKlass sun/security/x509/CertificateAlgorithmId
instanceKlass sun/security/x509/SerialNumber
instanceKlass sun/security/x509/CertificateSerialNumber
instanceKlass sun/security/x509/CertificateVersion
instanceKlass sun/security/x509/X509CertInfo
instanceKlass sun/security/util/Cache$EqualByteArray
instanceKlass java/security/cert/X509Extension
instanceKlass java/lang/Byte$ByteCache
instanceKlass  @bci sun/security/util/DerInputStream seeOptionalContextSpecific (I)Z 2 <appendix> member <vmtarget> ; # sun/security/util/DerInputStream$$Lambda+0x000002368215c9d0
instanceKlass  @cpi sun/security/util/DerInputStream 298 form vmentry <vmtarget> ; # java/lang/invoke/LambdaForm$DMH+0x00000236821a2400
instanceKlass sun/security/jca/GetInstance$Instance
instanceKlass sun/security/util/Cache
instanceKlass jdk/internal/event/Event
instanceKlass sun/security/jca/GetInstance
instanceKlass java/security/cert/CertificateFactorySpi
instanceKlass java/security/cert/CertificateFactory
instanceKlass sun/security/x509/AlgorithmId
instanceKlass java/util/Date
instanceKlass sun/security/util/ByteArrayTagOrder
instanceKlass sun/security/util/ByteArrayLexOrder
instanceKlass sun/security/util/DerValue
instanceKlass sun/security/util/ObjectIdentifier
instanceKlass sun/security/pkcs/ContentInfo
instanceKlass sun/security/util/DerEncoder
instanceKlass sun/security/util/DerInputStream
instanceKlass sun/security/pkcs/PKCS7
instanceKlass java/util/LinkedHashMap$LinkedHashIterator
instanceKlass sun/security/util/SecurityProviderConstants
instanceKlass java/security/Provider$UString
instanceKlass java/security/Provider$Service
instanceKlass sun/security/provider/NativePRNG$NonBlocking
instanceKlass sun/security/provider/NativePRNG$Blocking
instanceKlass sun/security/provider/NativePRNG
instanceKlass sun/security/provider/SunEntries$1
instanceKlass sun/security/provider/SunEntries
instanceKlass sun/security/util/SecurityConstants
instanceKlass java/security/Security$1
instanceKlass jdk/internal/access/JavaSecurityPropertiesAccess
instanceKlass java/util/concurrent/ConcurrentHashMap$MapEntry
instanceKlass java/util/Properties$LineReader
instanceKlass  @bci java/security/Security <clinit> ()V 9 <appendix> argL0 ; # java/security/Security$$Lambda+0x800000012
instanceKlass java/security/Security
instanceKlass sun/security/jca/ProviderList$2
instanceKlass javax/security/auth/login/Configuration$Parameters
instanceKlass java/security/Policy$Parameters
instanceKlass java/security/cert/CertStoreParameters
instanceKlass java/security/SecureRandomParameters
instanceKlass java/security/Provider$EngineDescription
instanceKlass java/security/Provider$ServiceKey
instanceKlass sun/security/jca/ProviderConfig
instanceKlass sun/security/jca/ProviderList
instanceKlass sun/security/jca/Providers
instanceKlass  @bci sun/security/util/ManifestDigester <init> ([B)V 350 <appendix> argL0 ; # sun/security/util/ManifestDigester$$Lambda+0x0000023682152008
instanceKlass sun/security/util/ManifestDigester$Section
instanceKlass sun/security/util/ManifestDigester$Entry
instanceKlass sun/security/util/ManifestDigester$Position
instanceKlass sun/security/util/ManifestDigester
instanceKlass sun/security/util/ManifestEntryVerifier
instanceKlass jdk/internal/misc/ThreadTracker
instanceKlass java/util/jar/JarFile$ThreadTrackHolder
instanceKlass  @bci scribe/file/PathBuilder after (Lscribe/file/FileWriter;)V 5 <appendix> member <vmtarget> ; # scribe/file/PathBuilder$$Lambda+0x00000236821a51b8
instanceKlass  @bci scribe/file/FileWriter write (Lscribe/LogRecord;Lscribe/output/LogOutput;Lscribe/output/format/OutputFormat;)V 124 <appendix> member <vmtarget> ; # scribe/file/FileWriter$$Lambda+0x00000236821a4de8
instanceKlass java/io/PrintWriter$1
instanceKlass jdk/internal/access/JavaIOPrintWriterAccess
instanceKlass  @bci scribe/file/writer/LogFileWriter$ <clinit> ()V 10 <appendix> argL0 ; # scribe/file/writer/LogFileWriter$$$Lambda+0x00000236821a4a20
instanceKlass scribe/file/writer/IOLogFileWriter
instanceKlass scribe/file/writer/LogFileWriter
instanceKlass scribe/file/writer/LogFileWriter$
instanceKlass  @bci scribe/file/LogFile writer$lzycompute ()Lscribe/file/writer/LogFileWriter; 57 <appendix> argL0 ; # scribe/file/LogFile$$Lambda+0x00000236821a4000
instanceKlass scribe/file/LogFileStatus$Active$
instanceKlass  @bci scribe/file/LogFile writer$lzycompute ()Lscribe/file/writer/LogFileWriter; 29 <appendix> argL0 ; # scribe/file/LogFile$$Lambda+0x000002368219f958
instanceKlass scribe/output/TextOutput$
instanceKlass  @bci scribe/output/CompositeOutput plainText$lzycompute ()Ljava/lang/String; 16 <appendix> argL0 ; # scribe/output/CompositeOutput$$Lambda+0x000002368219f388
instanceKlass  @bci scribe/file/FileWriter write (Lscribe/LogRecord;Lscribe/output/LogOutput;Lscribe/output/format/OutputFormat;)V 111 <appendix> member <vmtarget> ; # scribe/file/FileWriter$$Lambda+0x000002368219efb8
instanceKlass  @bci scribe/file/FileWriter write (Lscribe/LogRecord;Lscribe/output/LogOutput;Lscribe/output/format/OutputFormat;)V 97 <appendix> member <vmtarget> ; # scribe/file/FileWriter$$Lambda+0x000002368219ebe8
instanceKlass  @bci scribe/file/LogFile$ request (Ljava/io/File;Lscribe/file/FileWriter;)Lscribe/file/LogFile; 275 <appendix> argL0 ; # scribe/file/LogFile$$$Lambda+0x000002368219e930
instanceKlass scribe/file/LogFileStatus$Inactive$
instanceKlass scribe/file/LogFileStatus
instanceKlass scribe/file/LogFile
instanceKlass java/lang/Shutdown$Lock
instanceKlass java/lang/Shutdown
instanceKlass java/lang/ApplicationShutdownHooks$1
instanceKlass java/lang/ApplicationShutdownHooks
instanceKlass  @bci scribe/mdc/MDCThreadLocal$$anon$1 childValue (Lscribe/mdc/MDC;)Lscribe/mdc/MDC; 13 <appendix> argL0 ; # scribe/mdc/MDCThreadLocal$$anon$1$$Lambda+0x000002368219dec0
instanceKlass java/lang/Thread$ThreadNumbering
instanceKlass  @bci scribe/file/LogFile$ <clinit> ()V 49 <appendix> argL0 ; # scribe/file/LogFile$$$Lambda+0x000002368219dbe8
instanceKlass  @cpi scala/meta/internal/metals/Cancelable$ 28 form vmentry <vmtarget> ; # java/lang/invoke/LambdaForm$DMH+0x00000236821a2000
instanceKlass scala/runtime/java8/JFunction0$mcV$sp
instanceKlass scribe/file/Platform$
instanceKlass scribe/file/LogFile$
instanceKlass  @bci scribe/file/PathBuilder before (Lscribe/file/FileWriter;)V 5 <appendix> member <vmtarget> ; # scribe/file/PathBuilder$$Lambda+0x000002368219cee8
instanceKlass  @bci org/flywaydb/core/internal/command/DbMigrate migrateGroup (Z)Ljava/lang/Integer; 100 <appendix> form vmentry <vmtarget> ; # java/lang/invoke/LambdaForm$MH+0x00000236821a1c00
instanceKlass java/lang/invoke/LambdaFormEditor$1
# instanceKlass java/lang/invoke/LambdaForm$MH+0x00000236821a1800
instanceKlass  @bci org/flywaydb/core/internal/command/DbMigrate migrateGroup (Z)Ljava/lang/Integer; 100 <appendix> argL3 form vmentry <vmtarget> ; # java/lang/invoke/LambdaForm$MH+0x00000236821a1400
instanceKlass  @bci org/flywaydb/core/internal/resource/ResourceName getFilenameWithoutSuffix ()Ljava/lang/String; 66 <appendix> argL3 argL2 form vmentry <vmtarget> ; # java/lang/invoke/LambdaForm$MH+0x00000236821a1000
# instanceKlass java/lang/invoke/LambdaForm$MH+0x00000236821a0c00
# instanceKlass java/lang/invoke/LambdaForm$MH+0x00000236821a0800
# instanceKlass java/lang/invoke/LambdaForm$MH+0x00000236821a0400
instanceKlass  @bci org/flywaydb/core/internal/command/DbMigrate migrateGroup (Z)Ljava/lang/Integer; 100 <appendix> argL1 form vmentry <vmtarget> ; # java/lang/invoke/LambdaForm$MH+0x00000236821a0000
# instanceKlass java/lang/invoke/LambdaForm$MH+0x000002368218dc00
# instanceKlass java/lang/invoke/LambdaForm$MH+0x000002368218d800
# instanceKlass java/lang/invoke/LambdaForm$MH+0x000002368218d400
# instanceKlass java/lang/invoke/LambdaForm$MH+0x000002368218d000
instanceKlass scribe/output/TextOutput
instanceKlass perfolation/NumberFormatUtil$
instanceKlass perfolation/JVMCrossDate$
instanceKlass perfolation/JVMCrossDate
instanceKlass sun/util/calendar/CalendarDate
instanceKlass sun/util/resources/Bundles$CacheKeyReference
instanceKlass  @bci java/util/ResourceBundle$ResourceBundleProviderHelper newResourceBundle (Ljava/lang/Class;)Ljava/util/ResourceBundle; 22 <appendix> member <vmtarget> ; # java/util/ResourceBundle$ResourceBundleProviderHelper$$Lambda+0x800000019
instanceKlass java/util/ResourceBundle$ResourceBundleProviderHelper
instanceKlass  @bci sun/util/cldr/CLDRLocaleProviderAdapter applyAliases (Ljava/util/Locale;)Ljava/util/Locale; 4 <appendix> argL0 ; # sun/util/cldr/CLDRLocaleProviderAdapter$$Lambda+0x800000064
instanceKlass sun/util/resources/Bundles$CacheKey
instanceKlass java/util/ResourceBundle$1
instanceKlass jdk/internal/access/JavaUtilResourceBundleAccess
instanceKlass sun/util/resources/Bundles
instanceKlass sun/util/resources/LocaleData$LocaleDataStrategy
instanceKlass sun/util/resources/Bundles$Strategy
instanceKlass sun/util/resources/LocaleData$1
instanceKlass sun/util/resources/LocaleData
instanceKlass java/util/regex/Pattern$BitClass
instanceKlass sun/util/locale/provider/LocaleResources
instanceKlass  @bci sun/util/locale/provider/LocaleProviderAdapter toLocaleArray (Ljava/util/Set;)[Ljava/util/Locale; 21 <appendix> argL0 ; # sun/util/locale/provider/LocaleProviderAdapter$$Lambda+0x80000006e
instanceKlass java/util/stream/DistinctOps
instanceKlass  @bci sun/util/locale/provider/LocaleProviderAdapter toLocaleArray (Ljava/util/Set;)[Ljava/util/Locale; 6 <appendix> argL0 ; # sun/util/locale/provider/LocaleProviderAdapter$$Lambda+0x80000006d
instanceKlass java/util/Spliterators$IteratorSpliterator
instanceKlass  @bci sun/util/cldr/CLDRLocaleProviderAdapter getCalendarDataProvider ()Ljava/util/spi/CalendarDataProvider; 8 <appendix> member <vmtarget> ; # sun/util/cldr/CLDRLocaleProviderAdapter$$Lambda+0x800000067
instanceKlass  @bci java/util/ResourceBundle$Control getCandidateLocales (Ljava/lang/String;Ljava/util/Locale;)Ljava/util/List; 23 <appendix> argL0 ; # java/util/ResourceBundle$Control$$Lambda+0x800000017
instanceKlass  @bci java/util/ResourceBundle$Control <clinit> ()V 55 <appendix> argL0 ; # java/util/ResourceBundle$Control$$Lambda+0x800000018
instanceKlass java/util/ResourceBundle
instanceKlass java/util/ResourceBundle$Control
instanceKlass sun/util/locale/provider/CalendarDataUtility$CalendarWeekParameterGetter
instanceKlass sun/util/locale/provider/LocaleServiceProviderPool$LocalizedObjectGetter
instanceKlass sun/util/locale/provider/LocaleServiceProviderPool
instanceKlass java/util/Locale$Builder
instanceKlass sun/util/locale/provider/CalendarDataUtility
instanceKlass sun/util/calendar/CalendarSystem$GregorianHolder
instanceKlass sun/util/calendar/CalendarSystem
instanceKlass java/util/Calendar$Builder
instanceKlass  @bci java/util/regex/Pattern Single (I)Ljava/util/regex/Pattern$BmpCharPredicate; 1 <appendix> member <vmtarget> ; # java/util/regex/Pattern$$Lambda+0x800000032
instanceKlass sun/util/locale/provider/AvailableLanguageTags
instanceKlass  @bci sun/util/locale/provider/JRELocaleProviderAdapter getCalendarProvider ()Lsun/util/spi/CalendarProvider; 8 <appendix> member <vmtarget> ; # sun/util/locale/provider/JRELocaleProviderAdapter$$Lambda+0x800000068
instanceKlass java/util/ServiceLoader$ProviderImpl
instanceKlass java/util/ServiceLoader$Provider
instanceKlass java/util/ServiceLoader$1
instanceKlass sun/util/resources/cldr/provider/CLDRLocaleDataMetaInfo
instanceKlass jdk/internal/module/ModulePatcher$PatchedModuleReader
instanceKlass java/util/ServiceLoader$3
instanceKlass java/util/ServiceLoader$2
instanceKlass java/util/ServiceLoader$LazyClassPathLookupIterator
instanceKlass java/util/concurrent/CopyOnWriteArrayList$COWIterator
instanceKlass java/util/ServiceLoader$ModuleServicesLookupIterator
instanceKlass java/util/ServiceLoader
instanceKlass  @bci sun/util/cldr/CLDRLocaleProviderAdapter <init> ()V 4 <appendix> argL0 ; # sun/util/cldr/CLDRLocaleProviderAdapter$$Lambda+0x800000066
instanceKlass sun/util/locale/InternalLocaleBuilder$CaseInsensitiveChar
instanceKlass sun/util/locale/InternalLocaleBuilder
instanceKlass sun/util/locale/StringTokenIterator
instanceKlass sun/util/locale/ParseStatus
instanceKlass sun/util/locale/LanguageTag
instanceKlass sun/util/cldr/CLDRBaseLocaleDataMetaInfo
instanceKlass sun/util/locale/provider/LocaleDataMetaInfo
instanceKlass sun/util/locale/provider/ResourceBundleBasedAdapter
instanceKlass java/util/Collections$UnmodifiableCollection$1
instanceKlass sun/util/locale/provider/LocaleProviderAdapter
instanceKlass java/util/spi/LocaleServiceProvider
instanceKlass sun/util/calendar/CalendarUtils
instanceKlass sun/util/calendar/ZoneInfoFile$ZoneOffsetTransitionRule
instanceKlass java/io/FileInputStream$1
instanceKlass jdk/internal/util/ByteArray
instanceKlass sun/util/calendar/ZoneInfoFile$1
instanceKlass sun/util/calendar/ZoneInfoFile
instanceKlass java/util/TimeZone
instanceKlass java/util/Calendar
instanceKlass perfolation/Platform$
instanceKlass perfolation/CrossDate
instanceKlass perfolation/CrossDate$
instanceKlass perfolation/package$
instanceKlass perfolation/numeric/RoundingMode
instanceKlass perfolation/LongImplicits$
instanceKlass  @bci scribe/format/FormatBlocksFormatter format (Lscribe/LogRecord;)Lscribe/output/LogOutput; 9 <appendix> member <vmtarget> ; # scribe/format/FormatBlocksFormatter$$Lambda+0x000002368219b500
instanceKlass scribe/output/CompositeOutput
instanceKlass  @bci scribe/handler/SynchronousLogHandle$ log (Lscribe/handler/LogHandlerBuilder;Lscribe/LogRecord;)V 10 <appendix> member <vmtarget> ; # scribe/handler/SynchronousLogHandle$$$Lambda+0x000002368219aec8
instanceKlass  @bci scribe/Logger $anonfun$log$4 (Lscribe/LogRecord;Lscribe/Logger;)V 2 <appendix> member <vmtarget> ; # scribe/Logger$$Lambda+0x000002368219ac08
instanceKlass  @bci scribe/Logger $anonfun$log$1 (Lscribe/Logger;Lscribe/LogRecord;)V 26 <appendix> member <vmtarget> ; # scribe/Logger$$Lambda+0x000002368219a838
instanceKlass  @bci scribe/Logger $anonfun$log$1 (Lscribe/Logger;Lscribe/LogRecord;)V 17 <appendix> argL0 ; # scribe/Logger$$Lambda+0x000002368219a470
instanceKlass  @bci scribe/Logger $anonfun$log$1 (Lscribe/Logger;Lscribe/LogRecord;)V 5 <appendix> member <vmtarget> ; # scribe/Logger$$Lambda+0x000002368219a0a0
instanceKlass  @bci scribe/Logger log (Lscala/Function0;)V 156 <appendix> member <vmtarget> ; # scribe/Logger$$Lambda+0x0000023682199cd0
instanceKlass  @bci scribe/LoggerSupport log (Lscribe/Level;Lscribe/mdc/MDC;Lscala/collection/immutable/Seq;Lsourcecode/Pkg;Lsourcecode/FileName;Lsourcecode/Name;Lsourcecode/Line;)Ljava/lang/Object; 42 <appendix> member <vmtarget> ; # scribe/LoggerSupport$$Lambda+0x0000023682197d00
instanceKlass  @bci scribe/LoggerSupport log (Lscribe/Level;Lscribe/mdc/MDC;Lscala/collection/immutable/Seq;Lsourcecode/Pkg;Lsourcecode/FileName;Lsourcecode/Name;Lsourcecode/Line;)Ljava/lang/Object; 24 <appendix> argL0 ; # scribe/LoggerSupport$$Lambda+0x0000023682199728
instanceKlass scala/collection/convert/AsScalaExtensions$ConcurrentMapHasAsScala
instanceKlass  @bci scribe/Logger shouldLog (Lscribe/LogRecord;)Z 78 <appendix> member <vmtarget> ; # scribe/Logger$$Lambda+0x00000236821970a0
instanceKlass  @bci scribe/Logger shouldLog (Lscribe/LogRecord;)Z 68 <appendix> argL0 ; # scribe/Logger$$Lambda+0x0000023682196cd8
instanceKlass  @bci scribe/LogRecord$ simple (Ljava/lang/String;Ljava/lang/String;Ljava/lang/String;Lscala/Option;Lscala/Option;Lscala/Option;Lscribe/Level;Ljava/lang/Thread;Lscala/collection/immutable/Map;J)Lscribe/LogRecord; 19 <appendix> member <vmtarget> ; # scribe/LogRecord$$$Lambda+0x0000023682196a18
instanceKlass scribe/LogRecord$
instanceKlass  @bci scribe/Logger$ get (Ljava/lang/String;)Lscala/Option; 14 <appendix> argL0 ; # scribe/Logger$$$Lambda+0x0000023682196448
instanceKlass scribe/LoggerSupport$
instanceKlass scribe/message/LoggableMessage$$anon$1
instanceKlass scribe/message/LazyMessage
instanceKlass scribe/message/Message
instanceKlass  @bci scribe/message/LoggableMessage$ string2LoggableMessage (Lscala/Function0;)Lscribe/message/LoggableMessage; 1 <appendix> argL0 ; # scribe/message/LoggableMessage$$$Lambda+0x00000236821957c8
instanceKlass scribe/message/LoggableMessage
instanceKlass scribe/Loggable
instanceKlass scribe/message/LoggableMessage$
instanceKlass scribe/LogFeature$
instanceKlass  @bci scribe/mdc/MDC$ <clinit> ()V 16 <appendix> argL0 ; # scribe/mdc/MDC$$$Lambda+0x00000236821949f8
instanceKlass scribe/mdc/MDCMap
instanceKlass scribe/mdc/MDCThreadLocal$
instanceKlass scribe/mdc/MDC
instanceKlass scribe/mdc/MDCManager
instanceKlass scribe/mdc/MDC$
instanceKlass sourcecode/SourceValue
instanceKlass  @bci scala/meta/internal/metals/Trace$ setupPrintWriter$1 (Lscala/collection/immutable/List;Ljava/lang/String;Lscala/collection/immutable/List;)Lscala/Option; 190 <appendix> member <vmtarget> ; # scala/meta/internal/metals/Trace$$$Lambda+0x0000023682192c90
instanceKlass scribe/package$
instanceKlass scala/meta/internal/io/PlatformFileIO$
instanceKlass scala/meta/internal/io/FileIO$
instanceKlass  @bci scala/meta/internal/builds/ScalaCliBuildTool$ $anonfun$pathsToScalaCliBsp$1 (Lscala/meta/io/AbsolutePath;Ljava/lang/String;)Lscala/meta/io/AbsolutePath; 11 <appendix> form vmentry <vmtarget> ; # java/lang/invoke/LambdaForm$MH+0x000002368218c800
instanceKlass  @bci scala/meta/internal/metals/Trace$ setupTracePrinter (Ljava/lang/String;Lscala/meta/io/AbsolutePath;Lscala/concurrent/ExecutionContext;)Lscala/Option; 26 <appendix> member <vmtarget> ; # scala/meta/internal/metals/Trace$$$Lambda+0x0000023682192218
instanceKlass scala/meta/internal/metals/logging/LanguageClientLogger$
instanceKlass scribe/Priority
instanceKlass java/util/TimSort
instanceKlass java/util/Arrays$LegacyMergeSort
instanceKlass scala/meta/internal/metals/logging/MetalsLogger$MetalsFilter
instanceKlass  @bci scribe/format/package$FormatterInterpolator$ formatter$extension (Lscala/StringContext;Lscala/collection/immutable/Seq;)Lscribe/format/Formatter; 30 <appendix> member <vmtarget> ; # scribe/format/package$FormatterInterpolator$$$Lambda+0x000002368218f668
instanceKlass scala/collection/IterableOnce$
instanceKlass scala/collection/mutable/Builder$$anon$1
instanceKlass  @bci scala/collection/immutable/ArraySeq$ newBuilder (Lscala/reflect/ClassTag;)Lscala/collection/mutable/Builder; 12 <appendix> member <vmtarget> ; # scala/collection/immutable/ArraySeq$$$Lambda+0x000002368218edd0
instanceKlass scala/collection/mutable/IndexedBuffer
instanceKlass scala/collection/mutable/GrowableBuilder
instanceKlass scala/collection/mutable/ArrayBuffer$
instanceKlass scala/runtime/ClassValueCompat$
instanceKlass scala/runtime/ClassValueCompat
instanceKlass scala/runtime/ClassValueCompat$ClassValueInterface
instanceKlass scala/collection/mutable/ListBuffer$
instanceKlass scala/collection/ClassTagIterableFactory$AnyIterableDelegate
instanceKlass scala/collection/immutable/ArraySeq$
instanceKlass scala/collection/StrictOptimizedClassTagSeqFactory
instanceKlass scala/collection/ClassTagSeqFactory
instanceKlass scribe/format/FormatBlock$Level$PaddedRight$
instanceKlass scribe/format/FormatBlock$Date$Standard$
instanceKlass scribe/format/CachingFormatBlock
instanceKlass scala/StringContext
instanceKlass scribe/format/package$FormatterInterpolator$
instanceKlass scribe/file/FlushMode$AlwaysFlush$
instanceKlass  @bci scribe/file/PathBuilder file (J)Ljava/io/File; 11 <appendix> member <vmtarget> ; # scribe/file/PathBuilder$$Lambda+0x0000023682188e48
instanceKlass  @cpi scribe/file/PathBuilder 113 form vmentry <vmtarget> ; # java/lang/invoke/LambdaForm$DMH+0x000002368218c400
instanceKlass  @bci scribe/util/Time$ reset ()V 1 <appendix> argL0 ; # scribe/util/Time$$$Lambda+0x0000023682188b70
instanceKlass  @cpi scribe/util/Time$ 61 form vmentry <vmtarget> ; # java/lang/invoke/LambdaForm$DMH+0x000002368218c000
instanceKlass scribe/util/Time$
instanceKlass scribe/Execution$
instanceKlass scribe/file/FlushMode$AsynchronousFlush$
instanceKlass scribe/file/FlushMode$AsynchronousFlush
instanceKlass scala/runtime/AbstractFunction4
instanceKlass scala/Function4
instanceKlass scribe/file/path/PathPart$SetPath
instanceKlass scribe/file/path/PathPart
instanceKlass scribe/file/PathBuilder
instanceKlass scribe/file/PathBuilder$
instanceKlass scribe/file/FlushMode
instanceKlass scribe/file/FileWriter
instanceKlass  @bci scala/meta/internal/metals/logging/MetalsLogger$ configureWithFileHandlers (Lscala/collection/immutable/List;)Lscribe/Logger; 13 <appendix> argL0 ; # scala/meta/internal/metals/logging/MetalsLogger$$$Lambda+0x00000236821865b0
instanceKlass  @bci moduload/Moduload$ load ()V 75 <appendix> argL0 ; # moduload/Moduload$$$Lambda+0x00000236821861e8
instanceKlass  @bci moduload/Priority$ <clinit> ()V 16 <appendix> argL0 ; # moduload/Priority$$$Lambda+0x0000023682185e20
instanceKlass moduload/Priority$
instanceKlass  @bci moduload/Moduload$ load ()V 56 <appendix> argL0 ; # moduload/Moduload$$$Lambda+0x0000023682185850
instanceKlass moduload/Moduload
instanceKlass  @bci moduload/Moduload$ load ()V 48 <appendix> argL0 ; # moduload/Moduload$$$Lambda+0x0000023682185288
instanceKlass  @bci moduload/Moduload$ load ()V 38 <appendix> argL0 ; # moduload/Moduload$$$Lambda+0x0000023682184ec0
instanceKlass scala/collection/convert/JavaCollectionWrappers$IteratorWrapper
instanceKlass scala/collection/convert/AsScalaExtensions$EnumerationHasAsScala
instanceKlass jdk/internal/loader/URLClassPath$1
instanceKlass java/lang/CompoundEnumeration
instanceKlass jdk/internal/loader/BuiltinClassLoader$1
instanceKlass java/util/Collections$EmptyEnumeration
instanceKlass jdk/internal/jimage/ImageLocation
instanceKlass jdk/internal/jimage/decompressor/Decompressor
instanceKlass jdk/internal/jimage/ImageStringsReader
instanceKlass jdk/internal/jimage/ImageStrings
instanceKlass jdk/internal/jimage/ImageHeader
instanceKlass jdk/internal/jimage/NativeImageBuffer$1
instanceKlass jdk/internal/jimage/NativeImageBuffer
instanceKlass jdk/internal/jimage/BasicImageReader$1
instanceKlass jdk/internal/jimage/BasicImageReader
instanceKlass jdk/internal/jimage/ImageReader
instanceKlass jdk/internal/jimage/ImageReaderFactory$1
instanceKlass jdk/internal/jimage/ImageReaderFactory
instanceKlass jdk/internal/module/SystemModuleFinders$SystemImage
instanceKlass jdk/internal/module/SystemModuleFinders$SystemModuleReader
instanceKlass java/lang/module/ModuleReader
instanceKlass jdk/internal/loader/BuiltinClassLoader$5
instanceKlass jdk/internal/loader/BuiltinClassLoader$2
instanceKlass jdk/internal/module/Resources
instanceKlass java/util/concurrent/atomic/AtomicBoolean
instanceKlass moduload/Moduload$
instanceKlass scribe/LoggerId$
instanceKlass scribe/handler/LogHandlerBuilder
instanceKlass scala/math/Ordering$$anon$1
instanceKlass  @bci scribe/handler/LogHandler$ apply (Lscribe/format/Formatter;Lscribe/writer/Writer;Lscala/Option;Lscala/collection/immutable/List;Lscribe/output/format/OutputFormat;Lscribe/handler/LogHandle;)Lscribe/handler/LogHandlerBuilder; 21 <appendix> argL0 ; # scribe/handler/LogHandler$$$Lambda+0x0000023682183158
instanceKlass  @bci scribe/handler/LogHandler$ apply (Lscribe/format/Formatter;Lscribe/writer/Writer;Lscala/Option;Lscala/collection/immutable/List;Lscribe/output/format/OutputFormat;Lscribe/handler/LogHandle;)Lscribe/handler/LogHandlerBuilder; 1 <appendix> argL0 ; # scribe/handler/LogHandler$$$Lambda+0x0000023682182d90
instanceKlass scribe/handler/LogHandler$
instanceKlass scribe/handler/SynchronousLogHandle$
instanceKlass scribe/output/format/ASCIIOutputFormat$
instanceKlass  @bci scribe/PlatformImplementation outputFormat ()Lscribe/output/format/OutputFormat; 18 <appendix> argL0 ; # scribe/PlatformImplementation$$Lambda+0x0000023682182368
instanceKlass  @bci scala/sys/package$ env ()Lscala/collection/immutable/Map; 33 <appendix> argL0 ; # scala/sys/package$$$Lambda+0x0000023682180d60
instanceKlass java/util/Collections$UnmodifiableMap$UnmodifiableEntrySet$UnmodifiableEntry
instanceKlass java/util/Collections$UnmodifiableMap$UnmodifiableEntrySet$1
instanceKlass java/util/Collections$UnmodifiableCollection
instanceKlass java/io/Reader
instanceKlass scribe/output/format/OutputFormat
instanceKlass scribe/Platform$
instanceKlass scribe/PlatformImplementation
instanceKlass scribe/output/format/OutputFormat$
instanceKlass scribe/writer/ConsoleWriter$
instanceKlass scribe/format/FormatBlocksFormatter
instanceKlass scribe/format/FormatBlock$MDCAll$
instanceKlass scribe/format/FormatBlock$Messages$
instanceKlass  @bci scribe/format/package$ groupBySecond (Lscala/collection/immutable/Seq;)Lscribe/format/FormatBlock; 79 <appendix> form vmentry <vmtarget> ; # java/lang/invoke/LambdaForm$DMH+0x0000023682138800
instanceKlass  @bci scribe/format/package$ groupBySecond (Lscala/collection/immutable/Seq;)Lscribe/format/FormatBlock; 79 <appendix> member <vmtarget> ; # scribe/format/package$$$Lambda+0x0000023682139998
instanceKlass scala/runtime/ObjectRef
instanceKlass scala/runtime/LongRef
instanceKlass scribe/format/FormatBlock$NewLine$
instanceKlass scribe/output/Color$Green$
instanceKlass scribe/format/FormatBlock$Position$
instanceKlass  @bci scribe/format/package$ levelColored ()Lscribe/format/FormatBlock; 3 <appendix> argL0 ; # scribe/format/package$$$Lambda+0x000002368213b948
instanceKlass  @bci scribe/format/package$ italic (Lscribe/format/FormatBlock;)Lscribe/format/FormatBlock; 4 <appendix> member <vmtarget> ; # scribe/format/package$$$Lambda+0x000002368213b578
instanceKlass scribe/format/FormatBlock$ThreadName$
instanceKlass scribe/format/FormatBlock$RawString
instanceKlass  @bci scribe/format/package$ fg (Lscribe/output/Color;Lscribe/format/FormatBlock;)Lscribe/format/FormatBlock; 5 <appendix> member <vmtarget> ; # scribe/format/package$$$Lambda+0x000002368213ab78
instanceKlass scribe/output/ColoredOutput
instanceKlass scribe/output/Color$Cyan$
instanceKlass scribe/format/FormatBlock$$anon$1
instanceKlass  @bci scribe/format/package$ bold (Lscribe/format/FormatBlock;)Lscribe/format/FormatBlock; 4 <appendix> member <vmtarget> ; # scribe/format/package$$$Lambda+0x000002368213a000
instanceKlass scribe/LogRecord
instanceKlass scribe/format/FormatBlock$
instanceKlass scribe/format/FormatBlock$Date$Full$
instanceKlass scribe/output/LogOutput
instanceKlass scribe/output/Color
instanceKlass scribe/format/package$
instanceKlass scribe/format/FormatBlock
instanceKlass scribe/format/Formatter
instanceKlass scribe/format/Formatter$
instanceKlass  @bci scribe/Logger withModifier (Lscribe/modify/LogModifier;)Lscribe/Logger; 6 <appendix> member <vmtarget> ; # scribe/Logger$$Lambda+0x000002368213e5a0
instanceKlass  @bci scribe/modify/LevelFilter$ $greater$eq (Lscribe/Level;)Lscribe/modify/LevelFilter; 10 <appendix> argL0 ; # scribe/modify/LevelFilter$$$Lambda+0x000002368213e1b8
instanceKlass  @bci scribe/modify/LevelFilter$ $greater$eq (Lscribe/Level;)Lscribe/modify/LevelFilter; 5 <appendix> member <vmtarget> ; # scribe/modify/LevelFilter$$$Lambda+0x000002368213ddc8
instanceKlass  @cpi scribe/modify/LevelFilter$ 130 form vmentry <vmtarget> ; # java/lang/invoke/LambdaForm$DMH+0x0000023682138400
instanceKlass scala/runtime/java8/JFunction1$mcZD$sp
instanceKlass scribe/modify/LevelFilter
instanceKlass scribe/filter/Filter
instanceKlass scribe/modify/LevelFilter$
instanceKlass  @bci scribe/Logger$ DefaultRootMinimumLevel$lzycompute ()Lscribe/Level; 29 <appendix> argL0 ; # scribe/Logger$$$Lambda+0x000002368213d168
instanceKlass  @bci scribe/Logger$ DefaultRootMinimumLevel$lzycompute ()Lscribe/Level; 21 <appendix> argL0 ; # scribe/Logger$$$Lambda+0x000002368213cda0
instanceKlass  @bci scribe/Priority$ <clinit> ()V 16 <appendix> argL0 ; # scribe/Priority$$$Lambda+0x000002368213c9d8
instanceKlass scribe/Priority$
instanceKlass  @bci scribe/modify/LogModifier$ <clinit> ()V 16 <appendix> argL0 ; # scribe/modify/LogModifier$$$Lambda+0x000002368213c408
instanceKlass scribe/modify/LogModifier$
instanceKlass scribe/modify/LogModifier
instanceKlass scribe/handler/LogHandler
instanceKlass scribe/handler/LogHandle
instanceKlass scribe/Logger
instanceKlass scribe/LoggerId
instanceKlass scribe/Logger$
instanceKlass java/nio/channels/NetworkChannel
instanceKlass sun/nio/ch/SelChImpl
instanceKlass sun/nio/ch/Streams
instanceKlass java/nio/channels/Channels
instanceKlass sun/nio/ch/FileChannelImpl$Closer
instanceKlass sun/nio/ch/NativeThreadSet
instanceKlass java/nio/channels/spi/AbstractInterruptibleChannel$1
instanceKlass sun/nio/ch/Interruptible
instanceKlass sun/nio/ch/IOUtil
instanceKlass sun/nio/ch/NativeDispatcher
instanceKlass java/nio/channels/spi/AbstractInterruptibleChannel
instanceKlass java/nio/channels/InterruptibleChannel
instanceKlass java/nio/channels/ScatteringByteChannel
instanceKlass java/nio/channels/GatheringByteChannel
instanceKlass java/nio/channels/SeekableByteChannel
instanceKlass java/nio/channels/ByteChannel
instanceKlass java/nio/channels/WritableByteChannel
instanceKlass java/nio/channels/ReadableByteChannel
instanceKlass java/nio/channels/Channel
instanceKlass sun/nio/fs/WindowsChannelFactory$2
instanceKlass sun/nio/fs/WindowsChannelFactory$Flags
instanceKlass sun/nio/fs/WindowsChannelFactory$1
instanceKlass sun/nio/fs/WindowsChannelFactory
instanceKlass  @bci scala/meta/internal/metals/logging/MetalsLogger$ redirectSystemOut (Lscala/collection/immutable/List;)V 10 <appendix> argL0 ; # scala/meta/internal/metals/logging/MetalsLogger$$$Lambda+0x0000023682112c68
instanceKlass sun/nio/fs/WindowsSecurityDescriptor
instanceKlass java/nio/file/attribute/FileAttribute
instanceKlass  @bci scala/meta/internal/metals/logging/MetalsLogger$ redirectSystemOut (Lscala/collection/immutable/List;)V 1 <appendix> argL0 ; # scala/meta/internal/metals/logging/MetalsLogger$$$Lambda+0x00000236821128a0
instanceKlass  @bci scala/meta/internal/metals/Trace$ metalsLog (Lscala/concurrent/ExecutionContext;)Lscala/meta/io/AbsolutePath; 5 <appendix> argL0 ; # scala/meta/internal/metals/Trace$$$Lambda+0x00000236821125e8
instanceKlass scala/runtime/AbstractFunction1
instanceKlass scala/runtime/AbstractPartialFunction
instanceKlass jdk/internal/util/random/RandomSupport
instanceKlass java/util/Random
instanceKlass java/util/random/RandomGenerator
instanceKlass  @bci jdk/internal/foreign/AbstractMemorySegmentImpl toArray (Ljava/lang/foreign/ValueLayout$OfChar;)[C 10 <appendix> argL0 ; # jdk/internal/foreign/AbstractMemorySegmentImpl$$Lambda+0x0000023682146e78
instanceKlass  @bci jdk/internal/foreign/AbstractMemorySegmentImpl toArray (Ljava/lang/foreign/ValueLayout$OfChar;)[C 5 <appendix> argL0 ; # jdk/internal/foreign/AbstractMemorySegmentImpl$$Lambda+0x0000023682146c58
# instanceKlass java/lang/invoke/LambdaForm$MH+0x0000023682138000
# instanceKlass java/lang/invoke/LambdaForm$MH+0x0000023682137c00
# instanceKlass java/lang/invoke/LambdaForm$MH+0x0000023682137800
# instanceKlass java/lang/invoke/LambdaForm$BMH+0x0000023682137400
# instanceKlass java/lang/invoke/LambdaForm$DMH+0x0000023682137000
# instanceKlass java/lang/invoke/LambdaForm$DMH+0x0000023682136c00
# instanceKlass java/lang/invoke/LambdaForm$MH+0x0000023682136800
# instanceKlass java/lang/invoke/LambdaForm$MH+0x0000023682136400
# instanceKlass java/lang/invoke/LambdaForm$DMH+0x0000023682136000
# instanceKlass java/lang/invoke/LambdaForm$MH+0x0000023682135c00
# instanceKlass java/lang/invoke/LambdaForm$MH+0x0000023682135800
# instanceKlass java/lang/invoke/LambdaForm$BMH+0x0000023682135400
# instanceKlass java/lang/invoke/LambdaForm$DMH+0x0000023682135000
instanceKlass java/lang/invoke/VarHandles$1
# instanceKlass java/lang/invoke/LambdaForm$DMH+0x0000023682134c00
instanceKlass  @bci jdk/internal/foreign/AbstractMemorySegmentImpl get (Ljava/lang/foreign/AddressLayout;J)Ljava/lang/foreign/MemorySegment; 8 <adapter> ; # java/lang/invoke/LambdaForm$VH+0x0000023682134800
instanceKlass  @bci java/lang/invoke/VarHandles permuteCoordinates (Ljava/lang/invoke/VarHandle;Ljava/util/List;[I)Ljava/lang/invoke/VarHandle; 64 <appendix> member <vmtarget> ; # java/lang/invoke/VarHandles$$Lambda+0x0000023682146588
instanceKlass java/util/stream/Nodes$IntArrayNode
instanceKlass java/util/stream/Node$Builder$OfInt
instanceKlass  @bci java/util/stream/IntPipeline toArray ()[I 1 <appendix> argL0 ; # java/util/stream/IntPipeline$$Lambda+0x00000236821457f8
instanceKlass java/util/stream/Streams$2
instanceKlass java/util/stream/Streams
instanceKlass java/util/stream/Streams$ConcatSpliterator
instanceKlass java/util/stream/Streams$RangeIntSpliterator
instanceKlass java/util/Spliterators$IntArraySpliterator
# instanceKlass java/lang/invoke/LambdaForm$MH+0x0000023682134400
instanceKlass sun/invoke/util/ValueConversions$Handles
# instanceKlass java/lang/invoke/LambdaForm$MH+0x0000023682134000
# instanceKlass java/lang/invoke/LambdaForm$MH+0x0000023682133c00
# instanceKlass java/lang/invoke/LambdaForm$DMH+0x0000023682133800
# instanceKlass java/lang/invoke/LambdaForm$MH+0x0000023682133400
# instanceKlass java/lang/invoke/LambdaForm$MH+0x0000023682133000
# instanceKlass java/lang/invoke/LambdaForm$MH+0x0000023682132c00
# instanceKlass java/lang/invoke/LambdaForm$BMH+0x0000023682132800
# instanceKlass java/lang/invoke/LambdaForm$DMH+0x0000023682132400
instanceKlass  @bci scala/collection/StringOps$ stripMargin$extension (Ljava/lang/String;C)Ljava/lang/String; 27 <appendix> form vmentry <vmtarget> ; # java/lang/invoke/LambdaForm$DMH+0x0000023682132000
instanceKlass  @bci java/lang/invoke/VarHandles collectCoordinates (Ljava/lang/invoke/VarHandle;ILjava/lang/invoke/MethodHandle;)Ljava/lang/invoke/VarHandle; 217 <appendix> member <vmtarget> ; # java/lang/invoke/VarHandles$$Lambda+0x0000023682144210
instanceKlass  @cpi scala/meta/internal/metals/TimerProvider 155 form vmentry <vmtarget> ; # java/lang/invoke/LambdaForm$DMH+0x0000023682131c00
# instanceKlass java/lang/invoke/LambdaForm$MH+0x0000023682131800
instanceKlass sun/invoke/util/ValueConversions$1
# instanceKlass java/lang/invoke/LambdaForm$MH+0x0000023682131400
# instanceKlass java/lang/invoke/LambdaForm$MH+0x0000023682131000
# instanceKlass java/lang/invoke/LambdaForm$MH+0x0000023682130c00
instanceKlass  @bci java/lang/invoke/VarHandles filterValue (Ljava/lang/invoke/VarHandle;Ljava/lang/invoke/MethodHandle;Ljava/lang/invoke/MethodHandle;)Ljava/lang/invoke/VarHandle; 391 <appendix> member <vmtarget> ; # java/lang/invoke/VarHandles$$Lambda+0x0000023682143dd0
# instanceKlass java/lang/invoke/LambdaForm$MH+0x0000023682130800
instanceKlass jdk/internal/org/objectweb/asm/Edge
# instanceKlass java/lang/invoke/LambdaForm$MH+0x0000023682130400
# instanceKlass java/lang/invoke/LambdaForm$MH+0x0000023682130000
# instanceKlass java/lang/invoke/LambdaForm$MH+0x000002368212fc00
# instanceKlass java/lang/invoke/LambdaForm$DMH+0x000002368212f800
# instanceKlass java/lang/invoke/LambdaForm$DMH+0x000002368212f400
instanceKlass java/lang/ClassValue$Version
instanceKlass java/lang/ClassValue$Identity
instanceKlass java/lang/ClassValue
instanceKlass java/lang/invoke/MethodHandleImpl$ArrayAccessor
# instanceKlass java/lang/invoke/LambdaForm$MH+0x000002368212f000
instanceKlass  @bci org/flywaydb/core/internal/command/DbSchemas lambda$create$1 (Z)Ljava/lang/Object; 102 <appendix> form vmentry <vmtarget> ; # java/lang/invoke/LambdaForm$MH+0x000002368212ec00
# instanceKlass java/lang/invoke/LambdaForm$MH+0x000002368212e800
instanceKlass  @cpi scala/Enumeration 432 form vmentry <vmtarget> ; # java/lang/invoke/LambdaForm$DMH+0x000002368212e400
instanceKlass java/lang/invoke/MethodHandleImpl$LoopClauses
instanceKlass java/lang/invoke/MethodHandleImpl$CasesHolder
# instanceKlass java/lang/invoke/LambdaForm$MH+0x000002368212e000
# instanceKlass java/lang/invoke/LambdaForm$MH+0x000002368212dc00
instanceKlass  @bci java/util/stream/MatchOps makeRef (Ljava/util/function/Predicate;Ljava/util/stream/MatchOps$MatchKind;)Ljava/util/stream/TerminalOp; 20 <appendix> member <vmtarget> ; # java/util/stream/MatchOps$$Lambda+0x800000050
instanceKlass java/util/stream/MatchOps$BooleanTerminalSink
instanceKlass java/util/stream/MatchOps$MatchOp
instanceKlass java/util/stream/MatchOps
instanceKlass  @bci java/lang/invoke/VarHandles adaptForCheckedExceptions (Ljava/lang/invoke/MethodHandle;)Ljava/lang/invoke/MethodHandle; 13 <appendix> argL0 ; # java/lang/invoke/VarHandles$$Lambda+0x00000236821434e8
instanceKlass jdk/internal/foreign/abi/AbstractLinker$UpcallStubFactory
instanceKlass java/lang/invoke/InfoFromMemberName$1
# instanceKlass java/lang/invoke/LambdaForm$MH+0x000002368212d800
# instanceKlass java/lang/invoke/LambdaForm$DMH+0x000002368212d400
instanceKlass java/lang/invoke/ClassSpecializer$Factory$1Var
# instanceKlass java/lang/invoke/LambdaForm$MH+0x000002368212d000
# instanceKlass java/lang/invoke/LambdaForm$BMH+0x000002368212cc00
# instanceKlass java/lang/invoke/LambdaForm$DMH+0x000002368212c800
instanceKlass  @bci jdk/internal/foreign/Utils pointeeByteAlign (Ljava/lang/foreign/AddressLayout;)J 6 <appendix> argL0 ; # jdk/internal/foreign/Utils$$Lambda+0x0000023682142a88
instanceKlass  @bci jdk/internal/foreign/Utils pointeeByteSize (Ljava/lang/foreign/AddressLayout;)J 6 <appendix> argL0 ; # jdk/internal/foreign/Utils$$Lambda+0x0000023682142848
instanceKlass  @cpi tools/jackson/databind/ext/javatime/ser/ZonedDateTimeSerializer 210 form vmentry <vmtarget> ; # java/lang/invoke/LambdaForm$DMH+0x000002368212c400
instanceKlass  @bci jdk/internal/foreign/Utils makeRawSegmentViewVarHandle (Ljava/lang/foreign/ValueLayout;)Ljava/lang/invoke/VarHandle; 9 <appendix> argL0 ; # jdk/internal/foreign/Utils$$Lambda+0x00000236821420e8
instanceKlass jdk/internal/foreign/Utils$1VarHandleCache
instanceKlass  @bci jdk/internal/foreign/layout/AbstractLayout varHandleInternal ([Ljava/lang/foreign/MemoryLayout$PathElement;)Ljava/lang/invoke/VarHandle; 7 <appendix> argL0 ; # jdk/internal/foreign/layout/AbstractLayout$$Lambda+0x0000023682141ca0
# instanceKlass java/lang/invoke/LambdaForm$DMH+0x000002368212c000
# instanceKlass java/lang/invoke/LambdaForm$DMH+0x000002368212bc00
# instanceKlass java/lang/invoke/LambdaForm$DMH+0x000002368212b800
# instanceKlass java/lang/invoke/LambdaForm$DMH+0x000002368212b400
# instanceKlass java/lang/invoke/LambdaForm$DMH+0x000002368212b000
# instanceKlass java/lang/invoke/LambdaForm$DMH+0x000002368212ac00
instanceKlass jdk/internal/foreign/LayoutPath
instanceKlass java/lang/foreign/MemoryLayout$PathElement
instanceKlass  @bci jdk/internal/foreign/layout/ValueLayouts$AbstractValueLayout varHandle ()Ljava/lang/invoke/VarHandle; 22 <appendix> member <vmtarget> ; # jdk/internal/foreign/layout/ValueLayouts$AbstractValueLayout$$Lambda+0x00000236821413f0
instanceKlass jdk/internal/foreign/layout/ValueLayouts$AbstractValueLayout$1VarHandleCache
# instanceKlass java/lang/invoke/LambdaForm$MH+0x000002368212a800
# instanceKlass java/lang/invoke/LambdaForm$DMH+0x000002368212a400
instanceKlass  @bci coursier/paths/shaded/dirs/impl/WindowsForeign SHGetKnownFolderPath (Ljava/lang/foreign/MemorySegment;ILjava/lang/foreign/MemorySegment;Ljava/lang/foreign/MemorySegment;)I 11 <adapter> ; # java/lang/invoke/LambdaForm$MH+0x000002368212a000
# instanceKlass java/lang/invoke/LambdaForm$MH+0x0000023682129c00
# instanceKlass java/lang/invoke/LambdaForm$MH+0x0000023682129800
# instanceKlass java/lang/invoke/LambdaForm$MH+0x0000023682129400
# instanceKlass java/lang/invoke/LambdaForm$MH+0x0000023682129000
# instanceKlass java/lang/invoke/LambdaForm$BMH+0x0000023682128c00
# instanceKlass java/lang/invoke/LambdaForm$DMH+0x0000023682128800
# instanceKlass java/lang/invoke/LambdaForm$DMH+0x0000023682128400
# instanceKlass java/lang/invoke/LambdaForm$DMH+0x0000023682128000
# instanceKlass jdk/internal/foreign/abi/DowncallStub+0x0000023682127c00
# instanceKlass java/lang/invoke/LambdaForm$MH+0x0000023682127800
instanceKlass dev/dirs/impl/WindowsForeign$SHGetKnownFolderPath
# instanceKlass java/lang/invoke/LambdaForm$MH+0x0000023682127400
# instanceKlass java/lang/invoke/LambdaForm$DMH+0x0000023682127000
instanceKlass  @bci java/lang/invoke/BootstrapMethodInvoker invoke (Ljava/lang/Class;Ljava/lang/invoke/MethodHandle;Ljava/lang/String;Ljava/lang/Object;Ljava/lang/Object;Ljava/lang/Class;)Ljava/lang/Object; 95 <adapter> ; # java/lang/invoke/LambdaForm$MH+0x0000023682126c00
instanceKlass java/lang/invoke/ConstantBootstraps
instanceKlass  @bci coursier/paths/shaded/dirs/impl/WindowsForeign CLSIDFromString (Ljava/lang/foreign/MemorySegment;Ljava/lang/foreign/MemorySegment;)I 7 <adapter> ; # java/lang/invoke/LambdaForm$MH+0x0000023682126800
instanceKlass  @cpi org/flywaydb/core/internal/info/MigrationInfoImpl 413 form vmentry <vmtarget> ; # java/lang/invoke/LambdaForm$DMH+0x0000023682126400
# instanceKlass java/lang/invoke/LambdaForm$MH+0x0000023682126000
# instanceKlass java/lang/invoke/LambdaForm$MH+0x0000023682125c00
# instanceKlass java/lang/invoke/LambdaForm$MH+0x0000023682125800
# instanceKlass java/lang/invoke/LambdaForm$MH+0x0000023682125400
# instanceKlass java/lang/invoke/LambdaForm$BMH+0x0000023682125000
# instanceKlass java/lang/invoke/LambdaForm$DMH+0x0000023682124c00
# instanceKlass java/lang/invoke/LambdaForm$DMH+0x0000023682124800
instanceKlass  @cpi org/flywaydb/core/internal/database/DatabaseTypeRegister 374 form vmentry <vmtarget> ; # java/lang/invoke/LambdaForm$DMH+0x0000023682124400
# instanceKlass jdk/internal/foreign/abi/DowncallStub+0x0000023682124000
instanceKlass  @bci java/lang/classfile/constantpool/ConstantDynamicEntry asSymbol ()Ljava/lang/constant/DynamicConstantDesc; 59 <appendix> argL0 ; # java/lang/classfile/constantpool/ConstantDynamicEntry$$Lambda+0x00000236821406d0
instanceKlass  @bci java/lang/classfile/constantpool/ConstantDynamicEntry asSymbol ()Ljava/lang/constant/DynamicConstantDesc; 49 <appendix> argL0 ; # java/lang/classfile/constantpool/ConstantDynamicEntry$$Lambda+0x0000023682140490
instanceKlass java/lang/classfile/instruction/ExceptionCatch
instanceKlass java/lang/classfile/instruction/ThrowInstruction
instanceKlass  @bci jdk/internal/classfile/impl/BlockCodeBuilderImpl topLocal (Ljava/lang/classfile/CodeBuilder;)I 11 <appendix> argL0 member <vmtarget> ; # jdk/internal/classfile/impl/BlockCodeBuilderImpl$$TypeSwitch+0x000002368207f428
instanceKlass  @bci jdk/internal/classfile/impl/NonterminalCodeBuilder <init> (Ljava/lang/classfile/CodeBuilder;)V 21 <appendix> argL0 member <vmtarget> ; # jdk/internal/classfile/impl/NonterminalCodeBuilder$$TypeSwitch+0x000002368207e1e8
instanceKlass jdk/internal/classfile/impl/NonterminalCodeBuilder
instanceKlass  @bci jdk/internal/foreign/abi/BindingSpecializer emitReleaseScopes ()V 44 <appendix> member <vmtarget> ; # jdk/internal/foreign/abi/BindingSpecializer$$Lambda+0x000002368207bee0
instanceKlass  @cpi jdk/internal/foreign/abi/BindingSpecializer 1372 form vmentry <vmtarget> ; # java/lang/invoke/LambdaForm$DMH+0x0000023682123c00
instanceKlass java/lang/classfile/CodeBuilder$BlockCodeBuilder
instanceKlass java/lang/classfile/constantpool/InterfaceMethodRefEntry
instanceKlass java/lang/classfile/constantpool/DoubleEntry
instanceKlass java/lang/classfile/constantpool/LongEntry
instanceKlass java/lang/classfile/constantpool/ConstantValueEntry
instanceKlass java/lang/classfile/instruction/ConstantInstruction$LoadConstantInstruction
instanceKlass java/lang/classfile/constantpool/ConstantDynamicEntry
instanceKlass java/lang/classfile/constantpool/DynamicConstantPoolEntry
instanceKlass java/lang/classfile/constantpool/MethodHandleEntry
instanceKlass  @bci jdk/internal/foreign/abi/BindingSpecializer doBindings (Ljava/util/List;)V 41 <appendix> argL0 member <vmtarget> ; # jdk/internal/foreign/abi/BindingSpecializer$$TypeSwitch+0x00000236820798b8
instanceKlass java/lang/classfile/instruction/FieldInstruction
instanceKlass java/lang/classfile/constantpool/FieldRefEntry
instanceKlass java/lang/classfile/instruction/StoreInstruction
instanceKlass  @bci jdk/internal/foreign/abi/BindingSpecializer lambda$specializeHelper$1 (Ljava/lang/invoke/MethodType;Ljdk/internal/foreign/abi/CallingSequence;Ljdk/internal/foreign/abi/ABIDescriptor;Ljava/lang/invoke/MethodType;Ljava/lang/classfile/ClassBuilder;)V 50 <appendix> member <vmtarget> ; # jdk/internal/foreign/abi/BindingSpecializer$$Lambda+0x00000236820787a0
instanceKlass  @bci java/lang/invoke/MethodType describeConstable ()Ljava/util/Optional; 30 <appendix> argL0 ; # java/lang/invoke/MethodType$$Lambda+0x0000023682078580
instanceKlass  @bci java/lang/invoke/MethodType describeConstable ()Ljava/util/Optional; 20 <appendix> argL0 ; # java/lang/invoke/MethodType$$Lambda+0x0000023682078340
instanceKlass java/lang/classfile/ClassFileVersion
instanceKlass java/lang/classfile/Superclass
instanceKlass  @bci jdk/internal/foreign/abi/BindingSpecializer specializeHelper (Ljava/lang/invoke/MethodType;Ljava/lang/invoke/MethodType;Ljdk/internal/foreign/abi/CallingSequence;Ljdk/internal/foreign/abi/ABIDescriptor;)[B 28 <appendix> member <vmtarget> ; # jdk/internal/foreign/abi/BindingSpecializer$$Lambda+0x0000023682077858
instanceKlass jdk/internal/foreign/abi/BindingSpecializer
# instanceKlass java/lang/invoke/LambdaForm$MH+0x0000023682123800
instanceKlass java/lang/invoke/NativeMethodHandle$Lazy
instanceKlass  @bci scribe/file/PathBuilder file (J)Ljava/io/File; 11 <appendix> form vmentry <vmtarget> ; # java/lang/invoke/LambdaForm$DMH+0x0000023682123400
instanceKlass  @bci jdk/internal/foreign/abi/NativeEntryPoint lambda$make$1 (Ljava/lang/invoke/MethodType;Ljdk/internal/foreign/abi/ABIDescriptor;[Ljdk/internal/foreign/abi/VMStorage;[Ljdk/internal/foreign/abi/VMStorage;ZIZLjdk/internal/foreign/abi/NativeEntryPoint$CacheKey;)Ljdk/internal/foreign/abi/NativeEntryPoint; 51 <appendix> member <vmtarget> ; # jdk/internal/foreign/abi/NativeEntryPoint$$Lambda+0x0000023682076ec8
instanceKlass  @cpi jdk/internal/foreign/abi/NativeEntryPoint 179 form vmentry <vmtarget> ; # java/lang/invoke/LambdaForm$DMH+0x0000023682123000
instanceKlass java/util/Arrays$ArrayItr
instanceKlass  @bci jdk/internal/foreign/abi/NativeEntryPoint$CacheKey hashCode ()I 1 <appendix> argL1 form vmentry <vmtarget> ; # java/lang/invoke/LambdaForm$MH+0x0000023682122c00
instanceKlass  @bci jdk/internal/foreign/abi/NativeEntryPoint$CacheKey hashCode ()I 1 <appendix> argL1 form names 5 function resolvedHandle form vmentry <vmtarget> ; # java/lang/invoke/LambdaForm$DMH+0x0000023682122800
instanceKlass  @bci jdk/internal/foreign/abi/NativeEntryPoint make (Ljdk/internal/foreign/abi/ABIDescriptor;[Ljdk/internal/foreign/abi/VMStorage;[Ljdk/internal/foreign/abi/VMStorage;Ljava/lang/invoke/MethodType;ZIZ)Ljdk/internal/foreign/abi/NativeEntryPoint; 74 <adapter> ; # java/lang/invoke/LambdaForm$MH+0x0000023682122400
# instanceKlass java/lang/invoke/LambdaForm$DMH+0x0000023682122000
instanceKlass  @bci jdk/internal/foreign/abi/NativeEntryPoint make (Ljdk/internal/foreign/abi/ABIDescriptor;[Ljdk/internal/foreign/abi/VMStorage;[Ljdk/internal/foreign/abi/VMStorage;Ljava/lang/invoke/MethodType;ZIZ)Ljdk/internal/foreign/abi/NativeEntryPoint; 74 <appendix> form vmentry <vmtarget> ; # java/lang/invoke/LambdaForm$DMH+0x0000023682121c00
instanceKlass  @bci jdk/internal/foreign/abi/NativeEntryPoint make (Ljdk/internal/foreign/abi/ABIDescriptor;[Ljdk/internal/foreign/abi/VMStorage;[Ljdk/internal/foreign/abi/VMStorage;Ljava/lang/invoke/MethodType;ZIZ)Ljdk/internal/foreign/abi/NativeEntryPoint; 74 <appendix> member <vmtarget> ; # jdk/internal/foreign/abi/NativeEntryPoint$$Lambda+0x0000023682076a20
instanceKlass  @cpi jdk/internal/foreign/abi/NativeEntryPoint 173 form vmentry <vmtarget> ; # java/lang/invoke/LambdaForm$DMH+0x0000023682121800
instanceKlass java/util/stream/ReduceOps$5ReducingSink
instanceKlass  @bci jdk/internal/foreign/abi/CallingSequence capturedStateMask ()I 18 <appendix> argL0 ; # jdk/internal/foreign/abi/CallingSequence$$Lambda+0x0000023682075d38
instanceKlass java/util/function/IntBinaryOperator
instanceKlass  @bci jdk/internal/foreign/abi/CallingSequence capturedStateMask ()I 7 <appendix> argL0 ; # jdk/internal/foreign/abi/CallingSequence$$Lambda+0x0000023682074ef0
instanceKlass java/util/function/ToIntFunction
instanceKlass  @bci jdk/internal/foreign/abi/DowncallLinker toStorageArray ([Ljdk/internal/foreign/abi/Binding$Move;)[Ljdk/internal/foreign/abi/VMStorage; 14 <appendix> argL0 ; # jdk/internal/foreign/abi/DowncallLinker$$Lambda+0x0000023682074a80
instanceKlass  @bci jdk/internal/foreign/abi/DowncallLinker toStorageArray ([Ljdk/internal/foreign/abi/Binding$Move;)[Ljdk/internal/foreign/abi/VMStorage; 4 <appendix> argL0 ; # jdk/internal/foreign/abi/DowncallLinker$$Lambda+0x0000023682074840
instanceKlass  @bci jdk/internal/foreign/abi/DowncallLinker retMoveBindings (Ljdk/internal/foreign/abi/CallingSequence;)[Ljdk/internal/foreign/abi/Binding$VMLoad; 5 <appendix> argL0 ; # jdk/internal/foreign/abi/DowncallLinker$$Lambda+0x0000023682074620
instanceKlass  @bci jdk/internal/foreign/abi/DowncallLinker retMoveBindingsStream (Ljdk/internal/foreign/abi/CallingSequence;)Ljava/util/stream/Stream; 33 <appendix> member <vmtarget> ; # jdk/internal/foreign/abi/DowncallLinker$$Lambda+0x00000236820741e0
instanceKlass  @bci jdk/internal/foreign/abi/DowncallLinker retMoveBindingsStream (Ljdk/internal/foreign/abi/CallingSequence;)Ljava/util/stream/Stream; 16 <appendix> member <vmtarget> ; # jdk/internal/foreign/abi/DowncallLinker$$Lambda+0x0000023682073f88
instanceKlass  @bci jdk/internal/foreign/abi/DowncallLinker getBoundMethodHandle ()Ljava/lang/invoke/MethodHandle; 8 <appendix> argL0 ; # jdk/internal/foreign/abi/DowncallLinker$$Lambda+0x0000023682073d68
instanceKlass  @bci jdk/internal/foreign/abi/DowncallLinker argMoveBindingsStream (Ljdk/internal/foreign/abi/CallingSequence;)Ljava/util/stream/Stream; 28 <appendix> member <vmtarget> ; # jdk/internal/foreign/abi/DowncallLinker$$Lambda+0x0000023682073928
instanceKlass  @bci jdk/internal/foreign/abi/DowncallLinker argMoveBindingsStream (Ljdk/internal/foreign/abi/CallingSequence;)Ljava/util/stream/Stream; 11 <appendix> member <vmtarget> ; # jdk/internal/foreign/abi/DowncallLinker$$Lambda+0x00000236820736d0
instanceKlass  @bci jdk/internal/foreign/abi/CallingSequence argumentBindings ()Ljava/util/stream/Stream; 9 <appendix> argL0 ; # jdk/internal/foreign/abi/CallingSequence$$Lambda+0x0000023682073490
# instanceKlass java/lang/invoke/LambdaForm$DMH+0x0000023682121400
instanceKlass jdk/internal/foreign/abi/DowncallLinker
instanceKlass jdk/internal/foreign/abi/CallingSequence
instanceKlass  @bci jdk/internal/foreign/abi/CallingSequenceBuilder computeTypeHelper (Ljava/lang/Class;Ljava/lang/Class;)Ljava/lang/invoke/MethodType; 116 <appendix> argL0 ; # jdk/internal/foreign/abi/CallingSequenceBuilder$$Lambda+0x0000023682072ba8
instanceKlass  @bci jdk/internal/foreign/abi/CallingSequenceBuilder computeTypeHelper (Ljava/lang/Class;Ljava/lang/Class;)Ljava/lang/invoke/MethodType; 106 <appendix> member <vmtarget> ; # jdk/internal/foreign/abi/CallingSequenceBuilder$$Lambda+0x0000023682072570
instanceKlass  @bci jdk/internal/foreign/abi/CallingSequenceBuilder computeTypeHelper (Ljava/lang/Class;Ljava/lang/Class;)Ljava/lang/invoke/MethodType; 90 <appendix> member <vmtarget> ; # jdk/internal/foreign/abi/CallingSequenceBuilder$$Lambda+0x0000023682072318
instanceKlass java/util/stream/ReferencePipeline$7$1FlatMap
instanceKlass java/util/stream/AbstractSpinedBuffer
instanceKlass  @bci jdk/internal/foreign/abi/CallingSequenceBuilder computeTypeHelper (Ljava/lang/Class;Ljava/lang/Class;)Ljava/lang/invoke/MethodType; 61 <appendix> argL0 ; # jdk/internal/foreign/abi/CallingSequenceBuilder$$Lambda+0x00000236820720f8
instanceKlass  @bci jdk/internal/foreign/abi/CallingSequenceBuilder computeTypeHelper (Ljava/lang/Class;Ljava/lang/Class;)Ljava/lang/invoke/MethodType; 51 <appendix> argL0 ; # jdk/internal/foreign/abi/CallingSequenceBuilder$$Lambda+0x0000023682071eb8
instanceKlass  @bci jdk/internal/foreign/abi/CallingSequenceBuilder computeTypeHelper (Ljava/lang/Class;Ljava/lang/Class;)Ljava/lang/invoke/MethodType; 41 <appendix> member <vmtarget> ; # jdk/internal/foreign/abi/CallingSequenceBuilder$$Lambda+0x0000023682071c70
instanceKlass  @bci jdk/internal/foreign/abi/CallingSequenceBuilder computeTypeHelper (Ljava/lang/Class;Ljava/lang/Class;)Ljava/lang/invoke/MethodType; 25 <appendix> member <vmtarget> ; # jdk/internal/foreign/abi/CallingSequenceBuilder$$Lambda+0x0000023682071a18
instanceKlass  @bci jdk/internal/foreign/abi/CallingSequenceBuilder computeTypeHelper (Ljava/lang/Class;Ljava/lang/Class;)Ljava/lang/invoke/MethodType; 9 <appendix> argL0 ; # jdk/internal/foreign/abi/CallingSequenceBuilder$$Lambda+0x00000236820717d8
instanceKlass java/util/stream/ReduceOps$Box
instanceKlass java/util/stream/ReduceOps$AccumulatingSink
instanceKlass java/util/stream/ReduceOps$ReduceOp
instanceKlass java/util/stream/ReduceOps
instanceKlass  @bci jdk/internal/foreign/abi/CallingSequenceBuilder needsReturnBuffer ()Z 16 <appendix> member <vmtarget> ; # jdk/internal/foreign/abi/CallingSequenceBuilder$$Lambda+0x0000023682070c90
instanceKlass java/util/ArrayList$ArrayListSpliterator
instanceKlass  @bci jdk/internal/foreign/abi/CallingSequenceBuilder isUnbox (Ljdk/internal/foreign/abi/Binding;)Z 11 <appendix> argL0 member <vmtarget> ; # jdk/internal/foreign/abi/CallingSequenceBuilder$$TypeSwitch+0x0000023682070270
instanceKlass  @bci jdk/internal/foreign/abi/CallingSequenceBuilder isBox (Ljdk/internal/foreign/abi/Binding;)Z 11 <appendix> argL0 member <vmtarget> ; # jdk/internal/foreign/abi/CallingSequenceBuilder$$TypeSwitch+0x0000023682070068
instanceKlass java/lang/classfile/instruction/ConstantInstruction$ArgumentConstantInstruction
instanceKlass java/lang/classfile/CodeBuilder$1
instanceKlass jdk/internal/foreign/abi/Binding$Dereference
instanceKlass jdk/internal/foreign/abi/Binding$Move
instanceKlass jdk/internal/foreign/abi/x64/windows/CallArranger$1
instanceKlass jdk/internal/foreign/abi/Binding$Builder
instanceKlass jdk/internal/foreign/abi/Binding
instanceKlass  @bci jdk/internal/foreign/abi/x64/windows/CallArranger isInMemoryReturn (Ljava/util/Optional;)Z 16 <appendix> argL0 ; # jdk/internal/foreign/abi/x64/windows/CallArranger$$Lambda+0x000002368206cb50
instanceKlass  @bci jdk/internal/foreign/abi/x64/windows/CallArranger isInMemoryReturn (Ljava/util/Optional;)Z 8 <appendix> member <vmtarget> ; # jdk/internal/foreign/abi/x64/windows/CallArranger$$Lambda+0x000002368206c8f8
instanceKlass jdk/internal/foreign/abi/x64/windows/CallArranger$BoxBindingCalculator
instanceKlass jdk/internal/foreign/abi/x64/windows/CallArranger$StorageCalculator
instanceKlass jdk/internal/foreign/abi/x64/windows/CallArranger$UnboxBindingCalculator
instanceKlass jdk/internal/foreign/abi/x64/windows/CallArranger$BindingCalculator
instanceKlass jdk/internal/foreign/abi/CallingSequenceBuilder
instanceKlass jdk/internal/foreign/abi/x64/windows/CallArranger$1CallingSequenceBuilderHelper
instanceKlass java/util/stream/Sink$ChainedInt
instanceKlass java/util/stream/Sink$OfInt
instanceKlass java/util/function/IntConsumer
instanceKlass  @bci jdk/internal/foreign/abi/x64/X86_64Architecture abiFor ([Ljdk/internal/foreign/abi/VMStorage;[Ljdk/internal/foreign/abi/VMStorage;[Ljdk/internal/foreign/abi/VMStorage;[Ljdk/internal/foreign/abi/VMStorage;I[Ljdk/internal/foreign/abi/VMStorage;[Ljdk/internal/foreign/abi/VMStorage;IILjdk/internal/foreign/abi/VMStorage;Ljdk/internal/foreign/abi/VMStorage;)Ljdk/internal/foreign/abi/ABIDescriptor; 49 <appendix> argL0 ; # jdk/internal/foreign/abi/x64/X86_64Architecture$$Lambda+0x000002368206ab90
instanceKlass  @bci jdk/internal/foreign/abi/x64/X86_64Architecture abiFor ([Ljdk/internal/foreign/abi/VMStorage;[Ljdk/internal/foreign/abi/VMStorage;[Ljdk/internal/foreign/abi/VMStorage;[Ljdk/internal/foreign/abi/VMStorage;I[Ljdk/internal/foreign/abi/VMStorage;[Ljdk/internal/foreign/abi/VMStorage;IILjdk/internal/foreign/abi/VMStorage;Ljdk/internal/foreign/abi/VMStorage;)Ljdk/internal/foreign/abi/ABIDescriptor; 39 <appendix> argL0 ; # jdk/internal/foreign/abi/x64/X86_64Architecture$$Lambda+0x000002368206a450
instanceKlass java/util/stream/IntStream
instanceKlass jdk/internal/foreign/abi/x64/X86_64Architecture
instanceKlass jdk/internal/foreign/abi/Architecture
instanceKlass jdk/internal/foreign/abi/x64/X86_64Architecture$Regs
instanceKlass jdk/internal/foreign/abi/x64/windows/CallArranger
instanceKlass  @bci jdk/internal/foreign/abi/NativeEntryPoint$CacheKey hashCode ()I 1 <adapter> ; # java/lang/invoke/LambdaForm$MH+0x0000023682121000
instanceKlass  @bci jdk/internal/foreign/abi/NativeEntryPoint$CacheKey hashCode ()I 1 <appendix> form vmentry <vmtarget> ; # java/lang/invoke/LambdaForm$MH+0x0000023682120c00
# instanceKlass java/lang/invoke/LambdaForm$MH+0x0000023682120800
# instanceKlass java/lang/invoke/LambdaForm$MH+0x0000023682120400
instanceKlass  @bci jdk/internal/foreign/abi/NativeEntryPoint$CacheKey hashCode ()I 1 <appendix> form names 7 function resolvedHandle form vmentry <vmtarget> ; # java/lang/invoke/LambdaForm$DMH+0x0000023682120000
instanceKlass  @bci jdk/internal/foreign/abi/NativeEntryPoint$CacheKey hashCode ()I 1 <appendix> argL2 argL2 argL2 argL1 form vmentry <vmtarget> ; # java/lang/invoke/LambdaForm$MH+0x000002368211fc00
instanceKlass  @bci jdk/internal/foreign/abi/NativeEntryPoint$CacheKey hashCode ()I 1 <appendix> argL2 argL2 argL2 argL2 argL2 argL2 argL2 form vmentry <vmtarget> ; # java/lang/invoke/LambdaForm$MH+0x000002368211f800
instanceKlass  @bci java/lang/runtime/ObjectMethods bootstrap (Ljava/lang/invoke/MethodHandles$Lookup;Ljava/lang/String;Ljava/lang/invoke/TypeDescriptor;Ljava/lang/Class;Ljava/lang/String;[Ljava/lang/invoke/MethodHandle;)Ljava/lang/Object; 37 <appendix> argL0 ; # java/lang/runtime/ObjectMethods$$Lambda+0x00000236820687e8
instanceKlass  @cpi coursier/cache/CacheDefaults$ 349 form vmentry <vmtarget> ; # java/lang/invoke/LambdaForm$DMH+0x000002368211f400
# instanceKlass java/lang/invoke/LambdaForm$DMH+0x000002368211f000
# instanceKlass java/lang/invoke/LambdaForm$DMH+0x000002368211ec00
# instanceKlass java/lang/invoke/LambdaForm$DMH+0x000002368211e800
# instanceKlass java/lang/invoke/LambdaForm$DMH+0x000002368211e400
# instanceKlass java/lang/invoke/LambdaForm$DMH+0x000002368211e000
# instanceKlass java/lang/invoke/LambdaForm$DMH+0x000002368211dc00
# instanceKlass java/lang/invoke/LambdaForm$DMH+0x000002368211d800
# instanceKlass java/lang/invoke/LambdaForm$DMH+0x000002368211d400
# instanceKlass java/lang/invoke/LambdaForm$DMH+0x000002368211d000
instanceKlass  @cpi org/h2/engine/MetaRecord 135 form vmentry <vmtarget> ; # java/lang/invoke/LambdaForm$DMH+0x000002368211cc00
instanceKlass  @cpi org/h2/table/TableFilter 674 form vmentry <vmtarget> ; # java/lang/invoke/LambdaForm$DMH+0x000002368211c800
instanceKlass  @cpi com/sun/tools/javac/main/Arguments 1156 form vmentry <vmtarget> ; # java/lang/invoke/LambdaForm$DMH+0x000002368211c400
instanceKlass  @cpi org/flywaydb/core/FlywayExecutor 717 form vmentry <vmtarget> ; # java/lang/invoke/LambdaForm$DMH+0x000002368211c000
instanceKlass java/lang/runtime/ObjectMethods$1
# instanceKlass java/lang/invoke/LambdaForm$MH+0x000002368211bc00
instanceKlass sun/invoke/util/ValueConversions$WrapperCache
instanceKlass  @bci jdk/internal/foreign/abi/NativeEntryPoint$CacheKey hashCode ()I 1 <appendix> argL2 argL2 argL2 argL2 argL2 argL1 argL1 form vmentry <vmtarget> ; # java/lang/invoke/LambdaForm$MH+0x000002368211b800
# instanceKlass java/lang/invoke/LambdaForm$DMH+0x000002368211b400
instanceKlass java/lang/runtime/ObjectMethods
instanceKlass  @bci jdk/internal/foreign/abi/SoftReferenceCache get (Ljava/lang/Object;Ljava/util/function/Function;)Ljava/lang/Object; 6 <appendix> member <vmtarget> ; # jdk/internal/foreign/abi/SoftReferenceCache$$Lambda+0x0000023682067f70
instanceKlass jdk/internal/foreign/abi/SoftReferenceCache$Node
instanceKlass  @bci jdk/internal/foreign/abi/AbstractLinker downcallHandle0 (Ljava/lang/foreign/FunctionDescriptor;[Ljava/lang/foreign/Linker$Option;)Ljava/lang/invoke/MethodHandle; 46 <appendix> member <vmtarget> ; # jdk/internal/foreign/abi/AbstractLinker$$Lambda+0x0000023682067b18
instanceKlass  @bci jdk/internal/foreign/abi/LinkerOptions forDowncall (Ljava/lang/foreign/FunctionDescriptor;[Ljava/lang/foreign/Linker$Option;)Ljdk/internal/foreign/abi/LinkerOptions; 0 <appendix> argL0 ; # jdk/internal/foreign/abi/LinkerOptions$$Lambda+0x0000023682067270
instanceKlass java/lang/WeakPairMap$Pair$Lookup
instanceKlass java/lang/WeakPairMap$Pair
instanceKlass java/lang/WeakPairMap
instanceKlass java/lang/Module$ReflectionData
instanceKlass  @cpi com/sun/tools/javac/main/Arguments 1160 form vmentry <vmtarget> ; # java/lang/invoke/LambdaForm$DMH+0x000002368211b000
instanceKlass jdk/internal/foreign/abi/LinkerOptions$LinkerOptionImpl
instanceKlass java/util/function/BiConsumer
instanceKlass jdk/internal/foreign/abi/LinkerOptions
instanceKlass  @bci jdk/internal/foreign/abi/AbstractLinker stripNames (Ljava/lang/foreign/FunctionDescriptor;)Ljava/lang/foreign/FunctionDescriptor; 16 <appendix> member <vmtarget> ; # jdk/internal/foreign/abi/AbstractLinker$$Lambda+0x0000023682066c00
instanceKlass  @bci jdk/internal/foreign/abi/AbstractLinker stripNames (Ljava/lang/foreign/MemoryLayout;)Ljava/lang/foreign/MemoryLayout; 149 <appendix> member <vmtarget> ; # jdk/internal/foreign/abi/AbstractLinker$$Lambda+0x00000236820669d8
instanceKlass  @cpi org/flywaydb/core/internal/callback/DefaultCallbackExecutor 355 form vmentry <vmtarget> ; # java/lang/invoke/LambdaForm$DMH+0x000002368211ac00
instanceKlass  @bci jdk/internal/foreign/abi/AbstractLinker stripNames (Ljava/lang/foreign/MemoryLayout;)Ljava/lang/foreign/MemoryLayout; 134 <appendix> member <vmtarget> ; # jdk/internal/foreign/abi/AbstractLinker$$Lambda+0x0000023682066790
instanceKlass  @bci jdk/internal/foreign/abi/AbstractLinker stripNames (Ljava/util/List;)[Ljava/lang/foreign/MemoryLayout; 16 <appendix> argL0 ; # jdk/internal/foreign/abi/AbstractLinker$$Lambda+0x0000023682066570
instanceKlass  @bci jdk/internal/foreign/abi/AbstractLinker stripNames (Ljava/util/List;)[Ljava/lang/foreign/MemoryLayout; 6 <appendix> argL0 ; # jdk/internal/foreign/abi/AbstractLinker$$Lambda+0x0000023682066330
instanceKlass  @bci jdk/internal/classfile/impl/StackMapDecoder writeTypeInfo (Ljdk/internal/classfile/impl/BufWriterImpl;Ljava/lang/classfile/attribute/StackMapFrameInfo$VerificationTypeInfo;)V 21 <appendix> form vmentry <vmtarget> ; # java/lang/invoke/LambdaForm$MH+0x000002368211a800
# instanceKlass java/lang/invoke/LambdaForm$MH+0x000002368211a400
instanceKlass java/lang/runtime/SwitchBootstraps$ResolvedEnumLabels
instanceKlass  @bci jdk/internal/foreign/abi/AbstractLinker stripNames (Ljava/lang/foreign/MemoryLayout;)Ljava/lang/foreign/MemoryLayout; 11 <appendix> argL0 member <vmtarget> ; # jdk/internal/foreign/abi/AbstractLinker$$TypeSwitch+0x0000023682065d38
instanceKlass jdk/internal/org/objectweb/asm/ClassReader
instanceKlass jdk/internal/classfile/impl/ClassReaderImpl
instanceKlass java/lang/classfile/ClassReader
instanceKlass jdk/internal/classfile/impl/RawBytecodeHelper
instanceKlass java/util/BitSet
instanceKlass jdk/internal/classfile/impl/StackMapGenerator$Frame
instanceKlass jdk/internal/classfile/impl/ClassHierarchyImpl$CachedClassHierarchyResolver$1
instanceKlass java/lang/classfile/ClassHierarchyResolver$ClassHierarchyInfo
instanceKlass jdk/internal/classfile/impl/ClassHierarchyImpl$CachedClassHierarchyResolver
instanceKlass jdk/internal/classfile/impl/StackMapGenerator
instanceKlass jdk/internal/classfile/impl/DirectCodeBuilder$8
instanceKlass java/util/Collections$EmptyIterator
instanceKlass jdk/internal/classfile/impl/AbstractAttributeMapper
instanceKlass java/lang/classfile/AttributeMapper
instanceKlass java/lang/classfile/Attributes
instanceKlass java/lang/classfile/Attribute
instanceKlass java/lang/classfile/instruction/TypeCheckInstruction
instanceKlass java/lang/classfile/instruction/TableSwitchInstruction
instanceKlass java/util/ReverseOrderListView
instanceKlass java/lang/classfile/instruction/SwitchCase
instanceKlass java/lang/classfile/instruction/ReturnInstruction
instanceKlass java/lang/classfile/instruction/BranchInstruction
instanceKlass java/lang/classfile/instruction/StackInstruction
instanceKlass java/lang/classfile/instruction/InvokeInstruction
instanceKlass java/lang/classfile/constantpool/MethodRefEntry
instanceKlass java/lang/classfile/constantpool/MemberRefEntry
instanceKlass java/lang/classfile/constantpool/NameAndTypeEntry
instanceKlass java/lang/classfile/instruction/ConstantInstruction$IntrinsicConstantInstruction
instanceKlass java/lang/classfile/instruction/ConstantInstruction
instanceKlass jdk/internal/classfile/impl/BytecodeHelpers$1
instanceKlass jdk/internal/classfile/impl/BytecodeHelpers
instanceKlass java/lang/classfile/instruction/LoadInstruction
instanceKlass java/lang/classfile/Instruction
instanceKlass java/lang/classfile/instruction/LabelTarget
instanceKlass java/lang/classfile/PseudoInstruction
instanceKlass java/lang/classfile/CodeElement
instanceKlass java/lang/classfile/Label
instanceKlass jdk/internal/classfile/impl/BufWriterImpl
instanceKlass java/lang/classfile/BufWriter
instanceKlass jdk/internal/classfile/impl/TerminalCodeBuilder
instanceKlass jdk/internal/classfile/impl/LabelContext
instanceKlass jdk/internal/classfile/impl/MethodInfo
instanceKlass jdk/internal/classfile/impl/TerminalMethodBuilder
instanceKlass  @bci java/lang/classfile/ClassBuilder withMethodBody (Ljava/lang/classfile/constantpool/Utf8Entry;Ljava/lang/classfile/constantpool/Utf8Entry;ILjava/util/function/Consumer;)Ljava/lang/classfile/ClassBuilder; 6 <appendix> member <vmtarget> ; # java/lang/classfile/ClassBuilder$$Lambda+0x800000002
instanceKlass java/lang/classfile/MethodBuilder
instanceKlass  @bci java/lang/runtime/SwitchBootstraps generateTypeSwitchSkeleton (Ljava/lang/Class;[Ljava/lang/Object;Ljava/util/List;Ljava/util/List;)Ljava/util/function/Consumer; 24 <appendix> member <vmtarget> ; # java/lang/runtime/SwitchBootstraps$$Lambda+0x80000000f
instanceKlass java/lang/classfile/CodeBuilder
instanceKlass jdk/internal/classfile/impl/AbstractElement
instanceKlass java/lang/classfile/AccessFlags
instanceKlass java/lang/classfile/FieldElement
instanceKlass java/lang/classfile/MethodElement
instanceKlass java/lang/classfile/ClassElement
instanceKlass jdk/internal/classfile/impl/AttributeHolder
instanceKlass jdk/internal/classfile/impl/AbstractDirectBuilder
instanceKlass java/lang/classfile/constantpool/ClassEntry
instanceKlass java/lang/classfile/constantpool/LoadableConstantEntry
instanceKlass java/lang/classfile/constantpool/Utf8Entry
instanceKlass java/lang/classfile/constantpool/AnnotationConstantValueEntry
instanceKlass jdk/internal/classfile/impl/EntryMap
instanceKlass jdk/internal/classfile/impl/AbstractPoolEntry
instanceKlass jdk/internal/classfile/impl/Util
instanceKlass jdk/internal/classfile/impl/BootstrapMethodEntryImpl
instanceKlass java/lang/classfile/BootstrapMethodEntry
instanceKlass java/lang/classfile/constantpool/PoolEntry
instanceKlass jdk/internal/classfile/impl/SplitConstantPool
instanceKlass java/lang/classfile/constantpool/ConstantPoolBuilder
instanceKlass java/lang/classfile/WritableElement
instanceKlass java/lang/classfile/ClassFileElement
instanceKlass java/lang/classfile/constantpool/ConstantPool
instanceKlass  @bci java/lang/runtime/SwitchBootstraps generateTypeSwitch (Ljava/lang/invoke/MethodHandles$Lookup;Ljava/lang/Class;[Ljava/lang/Object;)Ljava/lang/invoke/MethodHandle; 35 <appendix> member <vmtarget> ; # java/lang/runtime/SwitchBootstraps$$Lambda+0x800000011
instanceKlass java/lang/classfile/ClassBuilder
instanceKlass java/lang/classfile/ClassFileBuilder
instanceKlass jdk/internal/classfile/impl/ClassFileImpl$1
instanceKlass java/lang/classfile/ClassFile$AttributeMapperOption
instanceKlass jdk/internal/classfile/impl/ClassHierarchyImpl$ClassLoadingClassHierarchyResolver$1
instanceKlass jdk/internal/classfile/impl/ClassHierarchyImpl$ClassLoadingClassHierarchyResolver
instanceKlass jdk/internal/classfile/impl/ClassHierarchyImpl
instanceKlass java/lang/classfile/ClassHierarchyResolver
instanceKlass java/lang/classfile/ClassFile$ClassHierarchyResolverOption
instanceKlass java/lang/classfile/ClassFile$Option
instanceKlass java/lang/classfile/ClassFile
instanceKlass java/lang/invoke/DirectMethodHandle$1
instanceKlass java/util/function/BiPredicate
instanceKlass java/lang/foreign/UnionLayout
instanceKlass java/lang/runtime/SwitchBootstraps
instanceKlass  @bci jdk/internal/foreign/abi/AbstractLinker stripNames (Ljava/lang/foreign/FunctionDescriptor;)Ljava/lang/foreign/FunctionDescriptor; 7 <appendix> member <vmtarget> ; # jdk/internal/foreign/abi/AbstractLinker$$Lambda+0x0000023682062f98
instanceKlass  @bci jdk/internal/foreign/abi/AbstractLinker checkLayouts (Ljava/lang/foreign/FunctionDescriptor;)V 22 <appendix> member <vmtarget> ; # jdk/internal/foreign/abi/AbstractLinker$$Lambda+0x0000023682062d60
instanceKlass  @bci jdk/internal/foreign/abi/AbstractLinker checkLayouts (Ljava/lang/foreign/FunctionDescriptor;)V 7 <appendix> member <vmtarget> ; # jdk/internal/foreign/abi/AbstractLinker$$Lambda+0x0000023682062b28
instanceKlass  @cpi com/sun/tools/javac/code/ClassFinder 993 form vmentry <vmtarget> ; # java/lang/invoke/LambdaForm$DMH+0x000002368211a000
instanceKlass java/lang/foreign/Linker$Option
instanceKlass  @bci dev/dirs/impl/WindowsForeign findOrThrow (Ljava/lang/String;)Ljava/lang/foreign/MemorySegment; 10 <appendix> member <vmtarget> ; # dev/dirs/impl/WindowsForeign$$Lambda+0x0000023682110668
instanceKlass  @bci java/lang/foreign/SymbolLookup lambda$or$1 (Ljava/lang/foreign/SymbolLookup;Ljava/lang/String;)Ljava/util/Optional; 9 <appendix> member <vmtarget> ; # java/lang/foreign/SymbolLookup$$Lambda+0x00000236820622a8
instanceKlass  @bci java/util/stream/FindOps$FindSink$OfRef <clinit> ()V 43 <appendix> argL0 ; # java/util/stream/FindOps$FindSink$OfRef$$Lambda+0x80000004c
instanceKlass  @bci java/util/stream/FindOps$FindSink$OfRef <clinit> ()V 38 <appendix> argL0 ; # java/util/stream/FindOps$FindSink$OfRef$$Lambda+0x80000004e
instanceKlass  @bci java/util/stream/FindOps$FindSink$OfRef <clinit> ()V 16 <appendix> argL0 ; # java/util/stream/FindOps$FindSink$OfRef$$Lambda+0x80000004d
instanceKlass  @bci java/util/stream/FindOps$FindSink$OfRef <clinit> ()V 11 <appendix> argL0 ; # java/util/stream/FindOps$FindSink$OfRef$$Lambda+0x80000004f
instanceKlass java/util/stream/FindOps$FindOp
instanceKlass java/util/stream/TerminalOp
instanceKlass java/util/stream/FindOps$FindSink
instanceKlass java/util/stream/TerminalSink
instanceKlass java/util/stream/FindOps
instanceKlass  @bci jdk/internal/foreign/FunctionDescriptorImpl <init> (Ljava/lang/foreign/MemoryLayout;Ljava/util/List;)V 44 <appendix> argL0 ; # jdk/internal/foreign/FunctionDescriptorImpl$$Lambda+0x0000023682062058
instanceKlass java/util/AbstractList$RandomAccessSpliterator
instanceKlass java/lang/foreign/PaddingLayout
instanceKlass jdk/internal/foreign/FunctionDescriptorImpl
instanceKlass java/lang/foreign/FunctionDescriptor
instanceKlass dev/dirs/impl/WindowsForeign$CLSIDFromString
instanceKlass jdk/internal/foreign/MemorySessionImpl$ResourceList$ResourceCleanup
instanceKlass jdk/internal/foreign/MemorySessionImpl$ResourceList
instanceKlass  @bci org/flywaydb/core/internal/command/DbMigrate logSummary (IJLjava/lang/String;)V 14 <appendix> form vmentry <vmtarget> ; # java/lang/invoke/LambdaForm$MH+0x0000023682119c00
# instanceKlass java/lang/invoke/LambdaForm$MH+0x0000023682119800
instanceKlass  @bci org/flywaydb/core/internal/command/DbMigrate logSummary (IJLjava/lang/String;)V 14 <appendix> argL3 form vmentry <vmtarget> ; # java/lang/invoke/LambdaForm$MH+0x0000023682119400
instanceKlass java/lang/invoke/MethodHandles$1
# instanceKlass java/lang/invoke/LambdaForm$MH+0x0000023682119000
instanceKlass  @bci org/flywaydb/core/internal/command/DbMigrate logSummary (IJLjava/lang/String;)V 14 <appendix> argL2 form vmentry <vmtarget> ; # java/lang/invoke/LambdaForm$MH+0x0000023682118c00
# instanceKlass java/lang/invoke/LambdaForm$MH+0x0000023682118800
instanceKlass  @bci org/flywaydb/core/internal/command/DbMigrate migrateGroup (Z)Ljava/lang/Integer; 100 <appendix> argL1 argL0 form vmentry <vmtarget> ; # java/lang/invoke/LambdaForm$MH+0x0000023682118400
# instanceKlass java/lang/invoke/LambdaForm$MH+0x0000023682118000
instanceKlass java/util/stream/Sink$ChainedReference
instanceKlass java/util/stream/Nodes$ArrayNode
instanceKlass java/util/stream/Node$Builder
instanceKlass java/util/stream/Sink
instanceKlass java/util/function/Consumer
instanceKlass java/util/stream/Node$OfDouble
instanceKlass java/util/stream/Node$OfLong
instanceKlass java/util/stream/Node$OfInt
instanceKlass java/util/stream/Node$OfPrimitive
instanceKlass java/util/stream/Nodes$EmptyNode
instanceKlass java/util/stream/Node
instanceKlass java/util/stream/Nodes
instanceKlass  @bci java/util/stream/ReferencePipeline toArray ()[Ljava/lang/Object; 1 <appendix> argL0 ; # java/util/stream/ReferencePipeline$$Lambda+0x000002368205e348
instanceKlass java/util/function/IntFunction
instanceKlass java/util/ImmutableCollections$Access$1
instanceKlass jdk/internal/access/JavaUtilCollectionAccess
instanceKlass java/util/ImmutableCollections$Access
instanceKlass  @bci java/lang/foreign/MemoryLayout lambda$structLayout$1 ([Ljava/lang/foreign/MemoryLayout;)Ljava/lang/foreign/StructLayout; 4 <appendix> argL0 ; # java/lang/foreign/MemoryLayout$$Lambda+0x000002368205dac8
instanceKlass java/util/EnumMap$1
instanceKlass java/util/stream/StreamOpFlag$MaskBuilder
instanceKlass java/util/stream/PipelineHelper
instanceKlass java/util/stream/StreamSupport
instanceKlass java/util/Spliterators$ArraySpliterator
instanceKlass java/util/Spliterator$OfDouble
instanceKlass java/util/Spliterator$OfLong
instanceKlass java/util/Spliterator$OfInt
instanceKlass java/util/Spliterator$OfPrimitive
instanceKlass java/util/Spliterator
instanceKlass java/util/Spliterators$EmptySpliterator
instanceKlass java/util/Spliterators
instanceKlass java/util/stream/Stream
instanceKlass java/util/stream/BaseStream
instanceKlass  @bci java/lang/foreign/MemoryLayout structLayout ([Ljava/lang/foreign/MemoryLayout;)Ljava/lang/foreign/StructLayout; 6 <appendix> member <vmtarget> ; # java/lang/foreign/MemoryLayout$$Lambda+0x000002368205d8a0
instanceKlass java/lang/foreign/StructLayout
instanceKlass java/util/Formatter$Flags
instanceKlass java/util/Formattable
instanceKlass jdk/internal/misc/Blocker
instanceKlass java/util/Formatter$FormatSpecifier
instanceKlass java/util/Formatter$Conversion
instanceKlass java/util/Formatter$FixedString
instanceKlass java/util/Formatter$FormatString
instanceKlass java/util/Formatter
instanceKlass  @bci java/lang/foreign/SymbolLookup or (Ljava/lang/foreign/SymbolLookup;)Ljava/lang/foreign/SymbolLookup; 7 <appendix> member <vmtarget> ; # java/lang/foreign/SymbolLookup$$Lambda+0x000002368205ce20
instanceKlass  @cpi java/lang/foreign/SymbolLookup 268 form vmentry <vmtarget> ; # java/lang/invoke/LambdaForm$DMH+0x0000023682117c00
instanceKlass  @bci jdk/internal/foreign/SystemLookup makeWindowsLookup ()Ljava/lang/foreign/SymbolLookup; 145 <appendix> member <vmtarget> ; # jdk/internal/foreign/SystemLookup$$Lambda+0x000002368205cbd8
instanceKlass  @cpi coursier/maven/PomParser$ 227 form vmentry <vmtarget> ; # java/lang/invoke/LambdaForm$DMH+0x0000023682117800
instanceKlass  @bci jdk/internal/foreign/SystemLookup makeWindowsLookup ()Ljava/lang/foreign/SymbolLookup; 130 <appendix> member <vmtarget> ; # jdk/internal/foreign/SystemLookup$$Lambda+0x000002368205c990
instanceKlass jdk/internal/foreign/AbstractMemorySegmentImpl
instanceKlass jdk/internal/foreign/SegmentFactories
instanceKlass  @bci jdk/internal/foreign/SystemLookup makeWindowsLookup ()Ljava/lang/foreign/SymbolLookup; 94 <appendix> argL0 ; # jdk/internal/foreign/SystemLookup$$Lambda+0x000002368205aff0
instanceKlass  @bci jdk/internal/foreign/SystemLookup libLookup (Ljava/util/function/Function;)Ljava/lang/foreign/SymbolLookup; 17 <appendix> member <vmtarget> ; # jdk/internal/foreign/SystemLookup$$Lambda+0x000002368205ada8
instanceKlass sun/nio/fs/WindowsLinkSupport
instanceKlass jdk/internal/loader/RawNativeLibraries$1
instanceKlass  @bci jdk/internal/foreign/SystemLookup makeWindowsLookup ()Ljava/lang/foreign/SymbolLookup; 79 <appendix> member <vmtarget> ; # jdk/internal/foreign/SystemLookup$$Lambda+0x000002368205a4f0
instanceKlass jdk/internal/loader/RawNativeLibraries
instanceKlass jdk/internal/foreign/SystemLookup$2
instanceKlass java/lang/ProcessEnvironment$CheckedEntry
instanceKlass java/lang/ProcessEnvironment$CheckedEntrySet$1
instanceKlass java/lang/ProcessEnvironment$EntryComparator
instanceKlass java/lang/ProcessEnvironment$NameComparator
instanceKlass jdk/internal/foreign/SystemLookup$1
instanceKlass  @bci jdk/internal/foreign/SystemLookup <clinit> ()V 10 <appendix> argL0 ; # jdk/internal/foreign/SystemLookup$$Lambda+0x00000236820585d8
instanceKlass jdk/internal/foreign/SystemLookup
instanceKlass java/util/AbstractMap$ValueIterator
instanceKlass jdk/internal/foreign/abi/SoftReferenceCache
instanceKlass jdk/internal/foreign/abi/x64/windows/Windowsx64Linker$1Holder
instanceKlass jdk/internal/foreign/abi/AbstractLinker
# instanceKlass java/lang/invoke/LambdaForm$MH+0x0000023682117400
instanceKlass jdk/internal/reflect/MethodHandleAccessorFactory$LazyStaticHolder
instanceKlass sun/reflect/annotation/AnnotationParser
instanceKlass java/lang/Class$3
instanceKlass jdk/internal/vm/ForeignLinkerSupport
instanceKlass jdk/internal/foreign/abi/SharedUtils$4
instanceKlass  @bci jdk/internal/foreign/abi/SharedUtils <clinit> ()V 168 <appendix> argL0 ; # jdk/internal/foreign/abi/SharedUtils$$Lambda+0x00000236820564c8
instanceKlass  @cpi jdk/internal/foreign/abi/SharedUtils 950 form vmentry <vmtarget> ; # java/lang/invoke/LambdaForm$DMH+0x0000023682117000
# instanceKlass java/lang/invoke/LambdaForm$DMH+0x0000023682116c00
instanceKlass  @cpi org/h2/table/TableFilter 680 form vmentry <vmtarget> ; # java/lang/invoke/LambdaForm$DMH+0x0000023682116800
instanceKlass  @cpi com/sun/tools/javac/code/DeferredCompletionFailureHandler$1 96 form vmentry <vmtarget> ; # java/lang/invoke/LambdaForm$DMH+0x0000023682116400
# instanceKlass java/lang/invoke/LambdaForm$DMH+0x0000023682116000
instanceKlass jdk/internal/foreign/abi/SharedUtils$1
instanceKlass jdk/internal/reflect/Reflection$1Holder
instanceKlass  @bci java/lang/foreign/MemoryLayout sequenceLayout (JLjava/lang/foreign/MemoryLayout;)Ljava/lang/foreign/SequenceLayout; 19 <adapter> ; # java/lang/invoke/LambdaForm$MH+0x0000023682115c00
# instanceKlass java/lang/invoke/LambdaForm$DMH+0x0000023682115800
instanceKlass  @bci java/lang/foreign/MemoryLayout sequenceLayout (JLjava/lang/foreign/MemoryLayout;)Ljava/lang/foreign/SequenceLayout; 19 <appendix> form vmentry <vmtarget> ; # java/lang/invoke/LambdaForm$DMH+0x0000023682115400
instanceKlass  @bci java/lang/foreign/MemoryLayout sequenceLayout (JLjava/lang/foreign/MemoryLayout;)Ljava/lang/foreign/SequenceLayout; 19 <appendix> member <vmtarget> ; # java/lang/foreign/MemoryLayout$$Lambda+0x0000023682055510
instanceKlass  @cpi java/lang/foreign/MemoryLayout 148 form vmentry <vmtarget> ; # java/lang/invoke/LambdaForm$DMH+0x0000023682115000
instanceKlass java/lang/foreign/SequenceLayout
instanceKlass java/lang/foreign/ValueLayout$OfDouble
instanceKlass java/lang/foreign/ValueLayout$OfFloat
instanceKlass java/lang/foreign/ValueLayout$OfLong
instanceKlass java/lang/foreign/ValueLayout$OfInt
instanceKlass java/lang/foreign/ValueLayout$OfShort
instanceKlass java/lang/foreign/ValueLayout$OfChar
instanceKlass java/lang/foreign/ValueLayout$OfBoolean
instanceKlass java/lang/foreign/ValueLayout$OfByte
# instanceKlass java/lang/invoke/LambdaForm$DMH+0x0000023682114c00
# instanceKlass java/lang/invoke/LambdaForm$DMH+0x0000023682114800
instanceKlass  @cpi tools/jackson/databind/ext/javatime/ser/ZonedDateTimeSerializer 206 form vmentry <vmtarget> ; # java/lang/invoke/LambdaForm$DMH+0x0000023682114400
instanceKlass  @cpi org/flywaydb/core/api/output/MigrateResult 254 form vmentry <vmtarget> ; # java/lang/invoke/LambdaForm$DMH+0x0000023682114000
instanceKlass  @cpi scala/meta/internal/pc/SemanticTokens$ 205 form vmentry <vmtarget> ; # java/lang/invoke/LambdaForm$DMH+0x000002368210c400
instanceKlass jdk/internal/foreign/Utils
instanceKlass jdk/internal/foreign/layout/MemoryLayoutUtil
instanceKlass java/lang/foreign/MemorySegment
instanceKlass jdk/internal/foreign/layout/ValueLayouts
instanceKlass jdk/internal/foreign/layout/AbstractLayout
instanceKlass java/lang/foreign/AddressLayout
instanceKlass java/lang/foreign/ValueLayout
instanceKlass jdk/internal/foreign/abi/SharedUtils
instanceKlass java/lang/foreign/Linker
instanceKlass  @bci java/lang/foreign/SymbolLookup loaderLookup ()Ljava/lang/foreign/SymbolLookup; 49 <appendix> member <vmtarget> ; # java/lang/foreign/SymbolLookup$$Lambda+0x0000023682050160
instanceKlass jdk/internal/foreign/ArenaImpl
instanceKlass  @bci jdk/internal/foreign/MemorySessionImpl <clinit> ()V 19 <appendix> argL0 ; # jdk/internal/foreign/MemorySessionImpl$$Lambda+0x000002368204f390
instanceKlass  @bci jdk/internal/foreign/MemorySessionImpl <clinit> ()V 4 <appendix> argL0 ; # jdk/internal/foreign/MemorySessionImpl$$Lambda+0x000002368204ed00
instanceKlass java/lang/invoke/VarHandle$AccessDescriptor
instanceKlass jdk/internal/foreign/MemorySessionImpl
instanceKlass java/lang/foreign/MemorySegment$Scope
instanceKlass scala/math/Ordering$Long$
instanceKlass scala/math/Ordering$LongOrdering
instanceKlass java/lang/foreign/Arena$1Holder
instanceKlass java/lang/foreign/Arena
instanceKlass java/lang/foreign/SegmentAllocator
instanceKlass scala/runtime/RichLong$
instanceKlass scala/runtime/RichLong
instanceKlass java/lang/foreign/SymbolLookup
instanceKlass scala/runtime/IntegralProxy
instanceKlass scala/runtime/RangedProxy
instanceKlass scala/runtime/ScalaWholeNumberProxy
instanceKlass scala/runtime/ScalaNumberProxy
instanceKlass java/lang/foreign/GroupLayout
instanceKlass scala/concurrent/AwaitPermission$
instanceKlass scala/concurrent/BlockContext$DefaultBlockContext$
instanceKlass java/lang/foreign/MemoryLayout
instanceKlass scala/concurrent/BlockContext$
instanceKlass dev/dirs/impl/WindowsForeign
instanceKlass  @bci scala/concurrent/Await$ result (Lscala/concurrent/Awaitable;Lscala/concurrent/duration/Duration;)Ljava/lang/Object; 64 <appendix> member <vmtarget> ; # scala/concurrent/Await$$$Lambda+0x000002368210f628
instanceKlass dev/dirs/Constants
instanceKlass scala/concurrent/package$
instanceKlass dev/dirs/impl/Util
instanceKlass scala/concurrent/Await$FutureValue$
instanceKlass scala/concurrent/duration/package$DurationInt$
instanceKlass  @bci dev/dirs/impl/WindowsDefault getDefaultSupplier ()Ljava/util/function/Supplier; 0 <appendix> argL0 ; # dev/dirs/impl/WindowsDefault$$Lambda+0x000002368210e568
instanceKlass scala/concurrent/duration/package$
instanceKlass dev/dirs/impl/WindowsDefault
instanceKlass scala/concurrent/duration/package$DurationInt
instanceKlass scala/concurrent/duration/DurationConversions
instanceKlass dev/dirs/jni/WindowsJni
instanceKlass dev/dirs/impl/Windows
instanceKlass scala/concurrent/CanAwait
instanceKlass scala/concurrent/Await$
instanceKlass scala/concurrent/impl/Promise$ManyCallbacks
instanceKlass  @bci scala/concurrent/Future$ apply (Lscala/Function0;Lscala/concurrent/ExecutionContext;)Lscala/concurrent/Future; 5 <appendix> member <vmtarget> ; # scala/concurrent/Future$$$Lambda+0x000002368210acc8
instanceKlass  @bci scala/concurrent/Future$ <clinit> ()V 444 <appendix> argL0 ; # scala/concurrent/Future$$$Lambda+0x000002368210a720
instanceKlass  @bci scala/concurrent/Future$ <clinit> ()V 436 <appendix> argL0 ; # scala/concurrent/Future$$$Lambda+0x000002368210a178
instanceKlass  @cpi tools/jackson/databind/ext/javatime/deser/InstantDeserializer 633 form vmentry <vmtarget> ; # java/lang/invoke/LambdaForm$DMH+0x000002368210c000
instanceKlass  @bci scala/concurrent/Future$ <clinit> ()V 428 <appendix> argL0 ; # scala/concurrent/Future$$$Lambda+0x0000023682109db0
instanceKlass  @bci scala/concurrent/Future$ <clinit> ()V 404 <appendix> argL0 ; # scala/concurrent/Future$$$Lambda+0x00000236821099e8
instanceKlass scala/concurrent/ExecutionContext$parasitic$
instanceKlass scala/concurrent/BatchingExecutor
instanceKlass scala/concurrent/Batchable
instanceKlass scala/concurrent/impl/Promise$
instanceKlass scala/concurrent/impl/Promise$Callbacks
instanceKlass scala/concurrent/Promise$
instanceKlass scala/util/control/NoStackTrace$
instanceKlass  @bci scala/concurrent/Future$ <clinit> ()V 350 <appendix> argL0 ; # scala/concurrent/Future$$$Lambda+0x0000023682107af0
instanceKlass  @bci scala/concurrent/Future$ <clinit> ()V 342 <appendix> argL0 ; # scala/concurrent/Future$$$Lambda+0x0000023682107728
instanceKlass scala/runtime/BoxedUnit
instanceKlass java/util/concurrent/atomic/AtomicReference
instanceKlass scala/concurrent/Promise
instanceKlass scala/concurrent/Future
instanceKlass scala/util/control/NoStackTrace
instanceKlass scala/concurrent/Future$
instanceKlass  @bci scala/meta/internal/metals/MetalsProjectDirectories$ wrap (ZLscala/Function0;Lscala/concurrent/ExecutionContext;)Lscala/Option; 11 <appendix> member <vmtarget> ; # scala/meta/internal/metals/MetalsProjectDirectories$$$Lambda+0x0000023682105578
instanceKlass  @bci scala/meta/internal/metals/MetalsProjectDirectories$ from (Ljava/lang/String;Ljava/lang/String;Ljava/lang/String;ZLscala/concurrent/ExecutionContext;)Lscala/Option; 6 <appendix> member <vmtarget> ; # scala/meta/internal/metals/MetalsProjectDirectories$$$Lambda+0x00000236821052b8
instanceKlass dev/dirs/ProjectDirectories
instanceKlass scala/meta/internal/metals/MetalsProjectDirectories$
instanceKlass  @bci scala/meta/internal/metals/Trace$ globalDirectory (Lscala/concurrent/ExecutionContext;)Lscala/Option; 4 <appendix> member <vmtarget> ; # scala/meta/internal/metals/Trace$$$Lambda+0x0000023682104be0
instanceKlass scala/util/Try
instanceKlass scala/util/Try$
instanceKlass  @bci scala/meta/io/AbsolutePath <init> (Ljava/nio/file/Path;)V 23 <appendix> member <vmtarget> ; # scala/meta/io/AbsolutePath$$Lambda+0x0000023682103d60
instanceKlass scala/meta/internal/io/PlatformPathIO$
instanceKlass scala/meta/io/AbsolutePath
instanceKlass scala/meta/io/AbsolutePath$
instanceKlass scala/meta/internal/io/PathIO$
instanceKlass scala/meta/internal/metals/Trace$
instanceKlass sun/nio/fs/WindowsPath$1
instanceKlass  @bci scala/meta/io/RelativePath <init> (Ljava/nio/file/Path;)V 31 <appendix> member <vmtarget> ; # scala/meta/io/RelativePath$$Lambda+0x00000236821022e0
instanceKlass java/net/URI$Parser
instanceKlass java/nio/file/FileSystems$DefaultFileSystemHolder$1
instanceKlass java/nio/file/FileSystems$DefaultFileSystemHolder
instanceKlass java/nio/file/FileSystems
instanceKlass java/nio/file/Paths
instanceKlass scala/meta/io/RelativePath
instanceKlass scala/meta/io/RelativePath$
instanceKlass java/util/StringTokenizer
instanceKlass java/util/jar/JarVerifier
instanceKlass java/nio/charset/CoderResult
instanceKlass java/lang/Readable
instanceKlass scala/reflect/ClassTag$
instanceKlass scala/collection/immutable/MapNode$
instanceKlass scala/collection/immutable/HashMap$
instanceKlass scala/collection/immutable/VectorInline$
instanceKlass scala/collection/immutable/VectorBuilder
instanceKlass  @bci scribe/Level$ add (Lscribe/Level;)V 62 <appendix> argL0 ; # scribe/Level$$$Lambda+0x00000236820f0dc0
instanceKlass scala/math/Ordering$Reverse
instanceKlass scala/math/Ordering$$anon$5
instanceKlass scala/math/Ordering$DeprecatedDoubleOrdering$
instanceKlass scala/math/Ordering$Double$TotalOrdering
instanceKlass  @bci scribe/Level$ <clinit> ()V 44 <appendix> argL0 ; # scribe/Level$$$Lambda+0x00000236820efb70
instanceKlass scribe/Level
instanceKlass scribe/LogFeature
instanceKlass scribe/Level$
instanceKlass  @bci scala/meta/internal/metals/MetalsServerConfig$ apply$default$30 ()I 28 <appendix> argL0 ; # scala/meta/internal/metals/MetalsServerConfig$$$Lambda+0x00000236820ef190
instanceKlass  @bci scala/meta/internal/metals/MetalsServerConfig$ apply$default$30 ()I 20 <appendix> argL0 ; # scala/meta/internal/metals/MetalsServerConfig$$$Lambda+0x00000236820eedc8
instanceKlass  @bci scala/meta/internal/metals/MetalsServerConfig$ apply$default$30 ()I 12 <appendix> argL0 ; # scala/meta/internal/metals/MetalsServerConfig$$$Lambda+0x00000236820eea00
instanceKlass  @bci scala/meta/internal/metals/MetalsServerConfig$ apply$default$28 ()I 28 <appendix> argL0 ; # scala/meta/internal/metals/MetalsServerConfig$$$Lambda+0x00000236820ee728
instanceKlass  @bci scala/meta/internal/metals/MetalsServerConfig$ apply$default$28 ()I 20 <appendix> argL0 ; # scala/meta/internal/metals/MetalsServerConfig$$$Lambda+0x00000236820ee360
instanceKlass  @bci scala/meta/internal/metals/MetalsServerConfig$ apply$default$28 ()I 12 <appendix> argL0 ; # scala/meta/internal/metals/MetalsServerConfig$$$Lambda+0x00000236820edf98
instanceKlass  @bci scala/meta/internal/metals/MetalsServerConfig$ apply$default$27 ()I 28 <appendix> argL0 ; # scala/meta/internal/metals/MetalsServerConfig$$$Lambda+0x00000236820edcc0
instanceKlass  @bci scala/meta/internal/metals/MetalsServerConfig$ apply$default$27 ()I 20 <appendix> argL0 ; # scala/meta/internal/metals/MetalsServerConfig$$$Lambda+0x00000236820ed8f8
instanceKlass  @bci scala/meta/internal/metals/MetalsServerConfig$ apply$default$27 ()I 12 <appendix> argL0 ; # scala/meta/internal/metals/MetalsServerConfig$$$Lambda+0x00000236820ed530
instanceKlass  @bci scala/meta/internal/metals/MetalsServerConfig$ apply$default$26 ()I 28 <appendix> argL0 ; # scala/meta/internal/metals/MetalsServerConfig$$$Lambda+0x00000236820ed258
instanceKlass  @bci scala/meta/internal/metals/MetalsServerConfig$ apply$default$26 ()I 20 <appendix> argL0 ; # scala/meta/internal/metals/MetalsServerConfig$$$Lambda+0x00000236820ece90
instanceKlass  @bci scala/meta/internal/metals/MetalsServerConfig$ apply$default$26 ()I 12 <appendix> argL0 ; # scala/meta/internal/metals/MetalsServerConfig$$$Lambda+0x00000236820ecac8
instanceKlass  @bci scala/meta/internal/metals/MetalsServerConfig$ apply$default$25 ()Lscala/concurrent/duration/Duration; 20 <appendix> argL0 ; # scala/meta/internal/metals/MetalsServerConfig$$$Lambda+0x00000236820ec810
instanceKlass  @bci scala/meta/internal/metals/MetalsServerConfig$ apply$default$25 ()Lscala/concurrent/duration/Duration; 12 <appendix> argL0 ; # scala/meta/internal/metals/MetalsServerConfig$$$Lambda+0x00000236820ec448
instanceKlass java/lang/Long$LongCache
instanceKlass scala/collection/StringParsers$
instanceKlass scala/runtime/RichInt$
instanceKlass  @bci scala/collection/StringOps$ <clinit> ()V 10 <appendix> argL0 ; # scala/collection/StringOps$$$Lambda+0x00000236820ebc70
instanceKlass scala/collection/StringOps$
instanceKlass scala/runtime/RichChar$
instanceKlass scala/runtime/OrderedProxy
instanceKlass scala/Proxy$Typed
instanceKlass scala/Proxy
# instanceKlass java/lang/invoke/LambdaForm$DMH+0x00000236820b8c00
instanceKlass java/lang/invoke/MethodHandle$1
instanceKlass java/util/regex/ASCII
instanceKlass java/util/regex/IntHashSet
instanceKlass java/util/regex/Matcher
instanceKlass java/util/regex/MatchResult
instanceKlass java/util/regex/Pattern$TreeInfo
instanceKlass  @bci java/util/regex/CharPredicates ASCII_SPACE ()Ljava/util/regex/Pattern$BmpCharPredicate; 0 <appendix> argL0 ; # java/util/regex/CharPredicates$$Lambda+0x80000002f
instanceKlass java/util/regex/Pattern$BmpCharPredicate
instanceKlass java/util/regex/Pattern$CharPredicate
instanceKlass java/util/regex/CharPredicates
instanceKlass java/util/regex/Pattern$Node
instanceKlass java/util/regex/Pattern
instanceKlass  @bci scala/collection/MapView$MapValues iterator ()Lscala/collection/Iterator; 10 <appendix> member <vmtarget> ; # scala/collection/MapView$MapValues$$Lambda+0x00000236820e7af8
instanceKlass  @bci scala/concurrent/duration/Duration$ <clinit> ()V 280 <appendix> argL0 ; # scala/concurrent/duration/Duration$$$Lambda+0x00000236820e5af0
instanceKlass scala/collection/MapViewFactory
instanceKlass scala/Function2
instanceKlass scala/collection/immutable/Node$
instanceKlass scala/collection/Hashing$
instanceKlass scala/Array$
instanceKlass scala/collection/immutable/Node
instanceKlass scala/collection/immutable/HashMapBuilder
instanceKlass scala/util/hashing/MurmurHash3
instanceKlass scala/collection/immutable/MapBuilderImpl
instanceKlass scala/collection/immutable/SeqMap$SeqMap4
instanceKlass scala/collection/immutable/SeqMap$SeqMap3
instanceKlass scala/collection/immutable/SeqMap$SeqMap2
instanceKlass scala/collection/immutable/SeqMap$SeqMap1
instanceKlass scala/collection/immutable/SeqMap
instanceKlass scala/collection/SeqMap
instanceKlass scala/collection/immutable/StrictOptimizedMapOps
instanceKlass scala/$less$colon$less$
instanceKlass scala/Predef$ArrowAssoc$
instanceKlass scala/concurrent/duration/Duration$
instanceKlass  @bci scala/meta/internal/metals/MetalsServerConfig$ apply$default$24 ()Lscala/concurrent/duration/Duration; 20 <appendix> argL0 ; # scala/meta/internal/metals/MetalsServerConfig$$$Lambda+0x00000236820ce000
instanceKlass  @bci scala/meta/internal/metals/MetalsServerConfig$ apply$default$24 ()Lscala/concurrent/duration/Duration; 12 <appendix> argL0 ; # scala/meta/internal/metals/MetalsServerConfig$$$Lambda+0x00000236820cdc38
instanceKlass  @bci scala/meta/internal/metals/MetalsServerConfig$ apply$default$23 ()I 28 <appendix> argL0 ; # scala/meta/internal/metals/MetalsServerConfig$$$Lambda+0x00000236820cd960
instanceKlass  @bci scala/meta/internal/metals/MetalsServerConfig$ apply$default$23 ()I 20 <appendix> argL0 ; # scala/meta/internal/metals/MetalsServerConfig$$$Lambda+0x00000236820cd598
instanceKlass  @bci scala/meta/internal/metals/MetalsServerConfig$ apply$default$23 ()I 12 <appendix> argL0 ; # scala/meta/internal/metals/MetalsServerConfig$$$Lambda+0x00000236820cd1d0
instanceKlass  @bci scala/meta/internal/metals/MetalsServerConfig$ apply$default$22 ()J 28 <appendix> argL0 ; # scala/meta/internal/metals/MetalsServerConfig$$$Lambda+0x00000236820ccef8
instanceKlass  @cpi scala/meta/internal/metals/MetalsServerConfig$ 1293 form vmentry <vmtarget> ; # java/lang/invoke/LambdaForm$DMH+0x00000236820b8800
instanceKlass scala/runtime/java8/JFunction0$mcJ$sp
instanceKlass  @bci scala/meta/internal/metals/MetalsServerConfig$ apply$default$22 ()J 20 <appendix> argL0 ; # scala/meta/internal/metals/MetalsServerConfig$$$Lambda+0x00000236820cc930
instanceKlass scala/Option$WithFilter
instanceKlass  @bci scala/meta/internal/metals/MetalsServerConfig$ apply$default$22 ()J 12 <appendix> argL0 ; # scala/meta/internal/metals/MetalsServerConfig$$$Lambda+0x00000236820cc330
instanceKlass  @bci scala/meta/internal/metals/MetalsServerConfig$ apply$default$21 ()Ljava/lang/String; 20 <appendix> argL0 ; # scala/meta/internal/metals/MetalsServerConfig$$$Lambda+0x00000236820cc078
instanceKlass  @bci scala/meta/internal/metals/MetalsServerConfig$ apply$default$21 ()Ljava/lang/String; 12 <appendix> argL0 ; # scala/meta/internal/metals/MetalsServerConfig$$$Lambda+0x00000236820cbcb0
instanceKlass  @bci scala/meta/internal/metals/MetalsServerConfig$ apply$default$20 ()I 27 <appendix> argL0 ; # scala/meta/internal/metals/MetalsServerConfig$$$Lambda+0x00000236820cb9d8
instanceKlass scala/runtime/java8/JFunction0$mcI$sp
instanceKlass  @bci scala/meta/internal/metals/MetalsServerConfig$ apply$default$20 ()I 19 <appendix> argL0 ; # scala/meta/internal/metals/MetalsServerConfig$$$Lambda+0x00000236820cb410
instanceKlass  @bci scala/meta/internal/metals/MetalsServerConfig$ apply$default$20 ()I 11 <appendix> argL0 ; # scala/meta/internal/metals/MetalsServerConfig$$$Lambda+0x00000236820cb048
instanceKlass  @bci scala/collection/Map$ <clinit> ()V 20 <appendix> argL0 ; # scala/collection/Map$$$Lambda+0x00000236820cad90
instanceKlass scala/collection/MapFactory$Delegate
instanceKlass  @bci scala/collection/Map equals (Ljava/lang/Object;)Z 44 <appendix> member <vmtarget> ; # scala/collection/Map$$Lambda+0x00000236820c9b20
instanceKlass scala/meta/internal/pc/PresentationCompilerConfigImpl
instanceKlass  @bci scala/meta/internal/pc/PresentationCompilerConfigImpl$ apply$default$14 ()Lscala/Function0; 0 <appendix> argL0 ; # scala/meta/internal/pc/PresentationCompilerConfigImpl$$$Lambda+0x00000236820c6fc8
instanceKlass  @cpi scala/meta/internal/semver/SemVer$Version 185 form vmentry <vmtarget> ; # java/lang/invoke/LambdaForm$DMH+0x00000236820b8400
instanceKlass scala/runtime/java8/JFunction0$mcZ$sp
instanceKlass scala/collection/convert/JavaCollectionWrappers$JMapWrapperLike
instanceKlass scala/collection/StrictOptimizedMapOps
instanceKlass scala/collection/concurrent/Map
instanceKlass scala/collection/mutable/Set
instanceKlass scala/collection/mutable/SetOps
instanceKlass scala/collection/mutable/Buffer
instanceKlass scala/jdk/javaapi/CollectionConverters$
instanceKlass scala/collection/convert/AsJavaConverters
instanceKlass scala/collection/convert/AsScalaConverters
instanceKlass scala/collection/convert/AsScalaExtensions$MapHasAsScala
instanceKlass scala/meta/pc/PresentationCompilerConfig
instanceKlass scala/jdk/CollectionConverters$
instanceKlass scala/collection/convert/AsJavaExtensions
instanceKlass scala/meta/internal/jdk/package$
instanceKlass scala/runtime/AbstractFunction21
instanceKlass scala/Function21
instanceKlass scala/meta/internal/metals/Configs$CompilersConfig$
instanceKlass scala/meta/internal/metals/StatisticsConfig
instanceKlass scala/meta/internal/metals/StatisticsConfig$
instanceKlass scala/meta/internal/metals/Icons$
instanceKlass scala/meta/internal/metals/ExecuteClientCommandConfig
instanceKlass scala/meta/internal/metals/ExecuteClientCommandConfig$
instanceKlass scala/meta/internal/metals/StatusBarConfig
instanceKlass scala/meta/internal/metals/StatusBarConfig$
instanceKlass  @bci scala/meta/internal/metals/MetalsServerConfig$ commaSeparatedProperty (Ljava/lang/String;)Lscala/collection/immutable/Set; 18 <appendix> argL0 ; # scala/meta/internal/metals/MetalsServerConfig$$$Lambda+0x00000236820bfca0
instanceKlass  @bci scala/meta/internal/metals/MetalsServerConfig$ commaSeparatedProperty (Ljava/lang/String;)Lscala/collection/immutable/Set; 10 <appendix> argL0 ; # scala/meta/internal/metals/MetalsServerConfig$$$Lambda+0x00000236820bb3a8
instanceKlass  @bci scala/sys/SystemProperties get (Ljava/lang/String;)Lscala/Option; 2 <appendix> member <vmtarget> ; # scala/sys/SystemProperties$$Lambda+0x00000236820bf9e0
instanceKlass scala/collection/MapView
instanceKlass scala/collection/convert/AsScalaExtensions
instanceKlass scala/sys/package$
instanceKlass scala/meta/internal/metals/Configs$GlobSyntaxConfig
instanceKlass scala/meta/internal/metals/Configs$GlobSyntaxConfig$
instanceKlass scala/meta/internal/metals/MetalsServerConfig
instanceKlass scala/meta/internal/metals/MetalsServerConfig$MetalsClientType$
instanceKlass  @bci scala/meta/internal/metals/MetalsServerConfig$ default ()Lscala/meta/internal/metals/MetalsServerConfig; 4 <appendix> argL0 ; # scala/meta/internal/metals/MetalsServerConfig$$$Lambda+0x00000236820bd520
instanceKlass scala/Option$
instanceKlass scala/Function0
instanceKlass scala/meta/internal/metals/Icons
instanceKlass scala/meta/internal/metals/MetalsServerConfig$
instanceKlass scribe/writer/Writer
instanceKlass scribe/LoggerSupport
instanceKlass java/util/TreeMap$PrivateEntryIterator
instanceKlass java/util/TreeMap$Entry
instanceKlass java/util/NavigableMap
instanceKlass java/util/SortedMap
instanceKlass java/util/NavigableSet
instanceKlass java/util/SortedSet
instanceKlass scala/meta/internal/metals/logging/MetalsLogger$
instanceKlass scala/concurrent/impl/ExecutionContextImpl
instanceKlass java/util/concurrent/Executors$DefaultThreadFactory
instanceKlass java/util/concurrent/LinkedTransferQueue$DualNode
instanceKlass java/util/concurrent/TransferQueue
instanceKlass java/util/concurrent/BlockingQueue
instanceKlass java/util/concurrent/ThreadPoolExecutor$AbortPolicy
instanceKlass java/util/concurrent/RejectedExecutionHandler
instanceKlass java/util/concurrent/Executors
instanceKlass scala/runtime/BoxesRunTime
instanceKlass  @bci scala/runtime/Statics releaseFence ()V 3 <adapter> ; # java/lang/invoke/LambdaForm$MH+0x00000236820b8000
instanceKlass scala/runtime/Statics$VM
instanceKlass scala/runtime/Statics
instanceKlass scala/collection/immutable/SetBuilderImpl
instanceKlass scala/collection/MapOps$GenKeySet
instanceKlass scala/collection/immutable/StrictOptimizedSetOps
instanceKlass scala/collection/StrictOptimizedSetOps
instanceKlass scala/collection/ClassTagIterableFactory
instanceKlass scala/collection/EvidenceIterableFactory
instanceKlass scala/collection/EvidenceIterableFactoryDefaults
instanceKlass scala/runtime/ScalaRunTime$
instanceKlass scala/reflect/NoManifest$
instanceKlass scala/reflect/ManifestFactory$ClassTypeManifest
instanceKlass scala/runtime/Null$
instanceKlass scala/collection/mutable/IndexedSeq
instanceKlass scala/collection/mutable/IndexedSeqOps
instanceKlass scala/collection/mutable/Seq
instanceKlass scala/collection/mutable/SeqOps
instanceKlass scala/reflect/AnyValManifest
instanceKlass scala/reflect/ManifestFactory$
instanceKlass scala/reflect/Manifest
instanceKlass scala/reflect/ClassTag
instanceKlass scala/reflect/ClassManifestDeprecatedApis
instanceKlass scala/reflect/OptManifest
instanceKlass scala/reflect/Manifest$
instanceKlass scala/Tuple2$
instanceKlass scala/collection/immutable/Set
instanceKlass scala/collection/immutable/SetOps
instanceKlass scala/collection/Set
instanceKlass scala/collection/SetOps
instanceKlass scala/collection/immutable/Set$
instanceKlass scala/collection/immutable/Map$
instanceKlass scala/util/Right$
instanceKlass scala/util/Left$
instanceKlass scala/util/Either$
instanceKlass scala/math/Ordering$
instanceKlass scala/math/LowPriorityOrderingImplicits
instanceKlass scala/math/Ordered$
instanceKlass scala/math/Numeric$
instanceKlass scala/math/Integral$
instanceKlass scala/math/Fractional$
instanceKlass scala/math/Equiv$
instanceKlass scala/math/LowPriorityEquiv
instanceKlass scala/math/Integral
instanceKlass scala/math/ScalaNumericConversions
instanceKlass scala/math/ScalaNumericAnyConversions
instanceKlass scala/math/BigInt$
instanceKlass java/math/MathContext
instanceKlass scala/math/BigDecimal$
instanceKlass scala/collection/immutable/Range$
instanceKlass scala/collection/mutable/StringBuilder$
instanceKlass  @bci scala/collection/immutable/LazyList$ <clinit> ()V 31 <appendix> argL0 ; # scala/collection/immutable/LazyList$$$Lambda+0x0000023682037c30
instanceKlass scala/collection/immutable/LazyList$EmptyMarker$
instanceKlass scala/collection/immutable/LazyList$
instanceKlass scala/collection/immutable/Stream$
instanceKlass scala/collection/package$$colon$plus$
instanceKlass scala/collection/package$$plus$colon$
instanceKlass scala/collection/immutable/$colon$colon$
instanceKlass scala/collection/Iterator$
instanceKlass scala/collection/immutable/VectorStatics$
instanceKlass scala/collection/BufferedIterator
instanceKlass scala/collection/AbstractIterator
instanceKlass scala/collection/immutable/Vector$
instanceKlass scala/collection/SeqFactory$Delegate
instanceKlass scala/collection/immutable/List$$anon$1
instanceKlass scala/collection/Searching$SearchResult
instanceKlass scala/collection/mutable/Map
instanceKlass scala/collection/mutable/MapOps
instanceKlass scala/collection/mutable/Shrinkable
instanceKlass scala/collection/mutable/Cloneable
instanceKlass scala/collection/mutable/Iterable
instanceKlass scala/collection/MapFactory
instanceKlass scala/collection/WithFilter
instanceKlass scala/collection/immutable/Map
instanceKlass scala/collection/immutable/MapOps
instanceKlass scala/collection/Map
instanceKlass scala/collection/MapFactoryDefaults
instanceKlass scala/collection/MapOps
instanceKlass scala/Product2$mcID$sp
instanceKlass scala/Product2$mcDI$sp
instanceKlass scala/Product2$mcJJ$sp
instanceKlass scala/Product2$mcDD$sp
instanceKlass scala/Product2$mcIJ$sp
instanceKlass scala/Product2$mcII$sp
instanceKlass scala/Product2$mcJD$sp
instanceKlass scala/Product2$mcJI$sp
instanceKlass scala/Product2$mcDJ$sp
instanceKlass scala/Tuple2
instanceKlass scala/Product2
instanceKlass scala/collection/generic/DefaultSerializable
instanceKlass scala/collection/StrictOptimizedLinearSeqOps
instanceKlass scala/collection/immutable/LinearSeq
instanceKlass scala/collection/immutable/LinearSeqOps
instanceKlass scala/collection/LinearSeq
instanceKlass scala/collection/LinearSeqOps
instanceKlass scala/collection/immutable/List$
instanceKlass scala/collection/StrictOptimizedSeqFactory
instanceKlass scala/collection/SeqFactory
instanceKlass scala/collection/BuildFrom
instanceKlass scala/collection/Factory
instanceKlass scala/collection/IterableFactory$Delegate
instanceKlass scala/collection/IterableFactory
instanceKlass scala/package$$anon$1
instanceKlass scala/Specializable
instanceKlass scala/package$
instanceKlass scala/LowPriorityImplicits2
instanceKlass  @bci scala/collection/ArrayOps$ <clinit> ()V 10 <appendix> argL0 ; # scala/collection/ArrayOps$$$Lambda+0x0000023682016cd0
instanceKlass scala/collection/IndexedSeqView
instanceKlass scala/collection/SeqView
instanceKlass scala/collection/View
instanceKlass scala/collection/AbstractIterable
instanceKlass scala/collection/immutable/StrictOptimizedSeqOps
instanceKlass scala/collection/DoubleStepper
instanceKlass scala/collection/Stepper$mcD$sp
instanceKlass scala/collection/LongStepper
instanceKlass scala/collection/Stepper$mcJ$sp
instanceKlass scala/collection/IntStepper
instanceKlass scala/collection/Stepper$mcI$sp
instanceKlass scala/collection/AnyStepper
instanceKlass scala/collection/Stepper
instanceKlass scala/collection/convert/impl/IndexedStepperBase
instanceKlass scala/collection/Stepper$EfficientSplit
instanceKlass scala/collection/StrictOptimizedSeqOps
instanceKlass scala/collection/StrictOptimizedIterableOps
instanceKlass scala/collection/Iterator
instanceKlass scala/collection/immutable/IndexedSeq
instanceKlass scala/collection/immutable/IndexedSeqOps
instanceKlass scala/collection/IndexedSeq
instanceKlass scala/collection/IndexedSeqOps
instanceKlass scala/collection/mutable/ArrayBuilder
instanceKlass scala/collection/mutable/ReusableBuilder
instanceKlass scala/collection/mutable/Builder
instanceKlass scala/collection/mutable/Growable
instanceKlass scala/collection/mutable/Clearable
instanceKlass scala/collection/ArrayOps$
instanceKlass java/util/concurrent/ForkJoinPool$2
instanceKlass jdk/internal/access/JavaUtilConcurrentFJPAccess
instanceKlass jdk/internal/vm/ThreadContainers
instanceKlass java/lang/invoke/VarForm
instanceKlass java/lang/invoke/VarHandleGuards
instanceKlass java/lang/invoke/VarHandles
instanceKlass java/util/concurrent/ForkJoinPool$DefaultForkJoinWorkerThreadFactory
instanceKlass java/util/concurrent/ForkJoinTask
instanceKlass java/util/concurrent/Future
instanceKlass java/util/concurrent/ForkJoinPool$WorkQueue
instanceKlass jdk/internal/vm/StackableScope
instanceKlass java/util/function/Predicate
instanceKlass java/util/concurrent/CountDownLatch
instanceKlass java/util/concurrent/AbstractExecutorService
instanceKlass java/util/concurrent/Semaphore
instanceKlass  @bci scala/concurrent/impl/ExecutionContextImpl$ fromExecutor (Ljava/util/concurrent/Executor;Lscala/Function1;)Lscala/concurrent/ExecutionContextExecutor; 55 <appendix> member <vmtarget> ; # scala/concurrent/impl/ExecutionContextImpl$$$Lambda+0x0000023682007818
instanceKlass  @cpi org/h2/table/Plan 89 form vmentry <vmtarget> ; # java/lang/invoke/LambdaForm$DMH+0x0000023682008400
instanceKlass scala/concurrent/BlockContext
instanceKlass scala/concurrent/impl/ExecutionContextImpl$DefaultThreadFactory
instanceKlass java/util/concurrent/ForkJoinPool$ForkJoinWorkerThreadFactory
instanceKlass jdk/internal/math/FloatingDecimal$ASCIIToBinaryBuffer
instanceKlass jdk/internal/math/FloatingDecimal$PreparedASCIIToBinaryBuffer
instanceKlass jdk/internal/math/FloatingDecimal$ASCIIToBinaryConverter
instanceKlass jdk/internal/math/FloatingDecimal$BinaryToASCIIBuffer
instanceKlass jdk/internal/math/FloatingDecimal$ExceptionalBinaryToASCIIBuffer
instanceKlass jdk/internal/math/FloatingDecimal$BinaryToASCIIConverter
instanceKlass jdk/internal/math/FloatingDecimal
instanceKlass scala/math/Fractional
instanceKlass scala/math/Numeric
instanceKlass scala/runtime/RichDouble$
instanceKlass scala/math/package$
instanceKlass scala/concurrent/ExecutionContextExecutorService
instanceKlass java/util/concurrent/ExecutorService
instanceKlass scala/concurrent/impl/ExecutionContextImpl$
instanceKlass  @bci com/sun/tools/javac/code/DeferredCompletionFailureHandler$1 install ()V 9 <appendix> form vmentry <vmtarget> ; # java/lang/invoke/LambdaForm$MH+0x0000023682008000
instanceKlass jdk/internal/org/objectweb/asm/FieldVisitor
instanceKlass java/lang/invoke/InvokerBytecodeGenerator$ClassData
instanceKlass jdk/internal/org/objectweb/asm/Frame
instanceKlass java/lang/invoke/LambdaFormBuffer
instanceKlass java/lang/invoke/LambdaFormEditor$TransformKey
instanceKlass java/lang/invoke/LambdaFormEditor
instanceKlass java/lang/invoke/DirectMethodHandle$2
instanceKlass java/lang/invoke/ClassSpecializer$Factory
instanceKlass java/lang/invoke/ClassSpecializer$SpeciesData
instanceKlass java/lang/invoke/ClassSpecializer$1
instanceKlass java/lang/invoke/ClassSpecializer
instanceKlass sun/invoke/empty/Empty
instanceKlass sun/invoke/util/VerifyType
instanceKlass  @bci scala/concurrent/ExecutionContext$ <clinit> ()V 10 <appendix> argL0 ; # scala/concurrent/ExecutionContext$$$Lambda+0x0000023682006098
instanceKlass java/lang/invoke/MethodHandles$Lookup$ClassDefiner
instanceKlass java/lang/invoke/MethodHandles$Lookup$ClassFile
instanceKlass jdk/internal/org/objectweb/asm/AnnotationVisitor
instanceKlass jdk/internal/org/objectweb/asm/Attribute
instanceKlass jdk/internal/org/objectweb/asm/Handler
instanceKlass jdk/internal/org/objectweb/asm/Label
instanceKlass jdk/internal/org/objectweb/asm/MethodVisitor
instanceKlass java/util/SequencedSet
instanceKlass java/lang/invoke/LambdaProxyClassArchive
instanceKlass jdk/internal/org/objectweb/asm/ByteVector
instanceKlass jdk/internal/org/objectweb/asm/Symbol
instanceKlass jdk/internal/org/objectweb/asm/SymbolTable
instanceKlass jdk/internal/org/objectweb/asm/ClassVisitor
instanceKlass java/lang/invoke/InfoFromMemberName
instanceKlass java/lang/invoke/MethodHandleInfo
instanceKlass jdk/internal/org/objectweb/asm/ConstantDynamic
instanceKlass sun/invoke/util/BytecodeDescriptor
instanceKlass jdk/internal/org/objectweb/asm/Handle
instanceKlass sun/security/action/GetBooleanAction
instanceKlass jdk/internal/org/objectweb/asm/Type
instanceKlass java/lang/invoke/AbstractValidatingLambdaMetafactory
instanceKlass java/lang/invoke/BootstrapMethodInvoker
instanceKlass sun/invoke/util/VerifyAccess$1
instanceKlass java/lang/invoke/Invokers$Holder
instanceKlass java/lang/invoke/DelegatingMethodHandle$Holder
instanceKlass java/lang/invoke/MethodHandleImpl$1
instanceKlass jdk/internal/access/JavaLangInvokeAccess
instanceKlass java/lang/invoke/InvokerBytecodeGenerator$1
instanceKlass java/lang/invoke/InvokerBytecodeGenerator
instanceKlass java/lang/invoke/LambdaForm$Holder
instanceKlass java/lang/invoke/LambdaForm$Name
instanceKlass java/lang/invoke/Invokers
instanceKlass java/lang/invoke/MethodHandleImpl
instanceKlass sun/invoke/util/ValueConversions
instanceKlass java/lang/invoke/DirectMethodHandle$Holder
instanceKlass java/lang/invoke/LambdaForm$NamedFunction
instanceKlass java/lang/constant/DynamicConstantDesc
instanceKlass jdk/internal/constant/DirectMethodHandleDescImpl$1
instanceKlass jdk/internal/constant/ConstantUtils
instanceKlass jdk/internal/constant/DirectMethodHandleDescImpl
instanceKlass java/lang/constant/DirectMethodHandleDesc
instanceKlass java/lang/constant/MethodHandleDesc$1
instanceKlass java/lang/constant/MethodHandleDesc
instanceKlass jdk/internal/constant/MethodTypeDescImpl
instanceKlass java/lang/constant/MethodTypeDesc
instanceKlass jdk/internal/constant/ReferenceClassDescImpl
instanceKlass java/lang/constant/ClassDesc
instanceKlass java/lang/constant/ConstantDescs
instanceKlass sun/invoke/util/Wrapper$Format
instanceKlass java/lang/invoke/MethodTypeForm
instanceKlass java/lang/invoke/MethodType$1
instanceKlass java/lang/invoke/LambdaMetafactory
instanceKlass scala/concurrent/ExecutionContextExecutor
instanceKlass java/util/concurrent/Executor
instanceKlass scala/concurrent/ExecutionContext$
instanceKlass scala/$less$colon$less
instanceKlass scala/Option
instanceKlass scala/collection/immutable/Seq
instanceKlass scala/collection/immutable/SeqOps
instanceKlass scala/collection/Seq
instanceKlass scala/collection/SeqOps
instanceKlass scala/PartialFunction
instanceKlass scala/Function1
instanceKlass scala/collection/immutable/Iterable
instanceKlass scala/collection/Iterable
instanceKlass scala/collection/IterableFactoryDefaults
instanceKlass scala/collection/IterableOps
instanceKlass scala/collection/IterableOnceOps
instanceKlass scala/concurrent/Awaitable
instanceKlass scala/collection/IterableOnce
instanceKlass scala/math/Ordering
instanceKlass scala/math/PartialOrdering
instanceKlass scala/math/Equiv
instanceKlass scala/meta/metals/SupportedScalaVersions
instanceKlass java/lang/Void
instanceKlass java/lang/PublicMethods$Key
instanceKlass java/lang/PublicMethods$MethodList
instanceKlass scala/util/Either
instanceKlass scala/Product
instanceKlass scala/Equals
instanceKlass scala/concurrent/duration/Duration
instanceKlass scala/math/Ordered
instanceKlass scala/concurrent/ExecutionContext
instanceKlass java/util/ArrayList$Itr
instanceKlass jdk/internal/misc/PreviewFeatures
instanceKlass jdk/internal/misc/MethodFinder
instanceKlass scala/meta/metals/Main
instanceKlass java/security/SecureClassLoader$DebugHolder
instanceKlass java/security/Permission
instanceKlass java/security/Guard
instanceKlass java/security/PermissionCollection
instanceKlass java/security/SecureClassLoader$1
instanceKlass java/util/zip/Checksum$1
instanceKlass java/util/zip/CRC32
instanceKlass java/util/zip/Checksum
instanceKlass sun/nio/ByteBuffered
instanceKlass java/lang/Package$VersionInfo
instanceKlass java/lang/NamedPackage
instanceKlass java/lang/reflect/Array
instanceKlass java/util/jar/Attributes$Name
instanceKlass java/util/SequencedMap
instanceKlass java/util/jar/Attributes
instanceKlass jdk/internal/loader/Resource
instanceKlass sun/security/action/GetIntegerAction
instanceKlass sun/security/util/Debug
instanceKlass sun/security/util/SignatureFileVerifier
instanceKlass java/util/zip/ZipFile$InflaterCleanupAction
instanceKlass java/util/zip/Inflater$InflaterZStreamRef
instanceKlass java/util/zip/Inflater
instanceKlass java/util/zip/ZipEntry
instanceKlass java/util/zip/ZipFile$2
instanceKlass java/nio/Bits$1
instanceKlass jdk/internal/misc/VM$BufferPool
instanceKlass java/nio/Bits
instanceKlass sun/nio/ch/DirectBuffer
instanceKlass jdk/internal/perf/PerfCounter$CoreCounters
instanceKlass jdk/internal/perf/Perf
instanceKlass jdk/internal/perf/Perf$GetPerfAction
instanceKlass jdk/internal/perf/PerfCounter
instanceKlass jdk/internal/util/StrongReferenceKey
instanceKlass jdk/internal/util/ReferenceKey
instanceKlass java/util/Locale$1
instanceKlass sun/util/locale/LocaleUtils
instanceKlass sun/util/locale/BaseLocale$1
instanceKlass java/util/function/UnaryOperator
instanceKlass jdk/internal/util/ReferencedKeyMap$1
instanceKlass jdk/internal/util/ReferencedKeyMap
instanceKlass sun/util/locale/BaseLocale
instanceKlass java/util/Locale
instanceKlass java/nio/file/attribute/FileTime
instanceKlass java/util/zip/ZipUtils
instanceKlass java/util/zip/ZipFile$Source$End
instanceKlass java/io/RandomAccessFile$2
instanceKlass jdk/internal/access/JavaIORandomAccessFileAccess
instanceKlass java/io/RandomAccessFile
instanceKlass java/io/DataInput
instanceKlass java/io/DataOutput
instanceKlass sun/nio/fs/WindowsNativeDispatcher$CompletionStatus
instanceKlass sun/nio/fs/WindowsNativeDispatcher$AclInformation
instanceKlass sun/nio/fs/WindowsNativeDispatcher$Account
instanceKlass sun/nio/fs/WindowsNativeDispatcher$DiskFreeSpace
instanceKlass sun/nio/fs/WindowsNativeDispatcher$VolumeInformation
instanceKlass sun/nio/fs/WindowsNativeDispatcher$FirstStream
instanceKlass sun/nio/fs/WindowsNativeDispatcher$FirstFile
instanceKlass java/util/Enumeration
instanceKlass java/util/concurrent/ConcurrentHashMap$Traverser
instanceKlass jdk/internal/loader/NativeLibraries$3
instanceKlass jdk/internal/loader/NativeLibrary
instanceKlass java/util/ArrayDeque$DeqIterator
instanceKlass jdk/internal/loader/NativeLibraries$NativeLibraryContext$1
instanceKlass jdk/internal/loader/NativeLibraries$NativeLibraryContext
instanceKlass jdk/internal/loader/NativeLibraries$2
instanceKlass jdk/internal/loader/NativeLibraries$1
instanceKlass jdk/internal/loader/NativeLibraries$LibraryPaths
instanceKlass sun/nio/fs/WindowsNativeDispatcher
instanceKlass sun/nio/fs/NativeBuffer$Deallocator
instanceKlass sun/nio/fs/NativeBuffer
instanceKlass java/lang/ThreadLocal$ThreadLocalMap
instanceKlass java/lang/ThreadLocal
instanceKlass sun/nio/fs/NativeBuffers
instanceKlass sun/nio/fs/WindowsFileAttributes
instanceKlass java/nio/file/attribute/DosFileAttributes
instanceKlass sun/nio/fs/AbstractBasicFileAttributeView
instanceKlass sun/nio/fs/DynamicFileAttributeView
instanceKlass sun/nio/fs/WindowsFileAttributeViews
instanceKlass sun/nio/fs/Util
instanceKlass java/nio/file/attribute/BasicFileAttributeView
instanceKlass java/nio/file/attribute/FileAttributeView
instanceKlass java/nio/file/attribute/AttributeView
instanceKlass java/nio/file/Files
instanceKlass java/nio/file/CopyOption
instanceKlass java/nio/file/attribute/BasicFileAttributes
instanceKlass sun/nio/fs/WindowsPath
instanceKlass java/nio/file/Path
instanceKlass java/nio/file/Watchable
instanceKlass java/util/zip/ZipFile$Source$Key
instanceKlass java/util/concurrent/ForkJoinPool$ManagedBlocker
instanceKlass sun/nio/fs/WindowsPathParser$Result
instanceKlass java/util/concurrent/locks/AbstractQueuedSynchronizer$Node
instanceKlass sun/nio/fs/WindowsPathParser
instanceKlass java/nio/file/FileSystem
instanceKlass java/nio/file/OpenOption
instanceKlass java/nio/file/spi/FileSystemProvider
instanceKlass sun/nio/fs/DefaultFileSystemProvider
instanceKlass java/util/zip/ZipFile$Source
instanceKlass java/lang/ref/Cleaner$Cleanable
instanceKlass jdk/internal/ref/CleanerImpl
instanceKlass java/lang/ref/Cleaner$1
instanceKlass java/lang/ref/Cleaner
instanceKlass jdk/internal/ref/CleanerFactory$1
instanceKlass java/util/concurrent/ThreadFactory
instanceKlass jdk/internal/ref/CleanerFactory
instanceKlass java/util/zip/ZipCoder
instanceKlass java/util/zip/ZipFile$CleanableResource
instanceKlass jdk/internal/util/DecimalDigits
instanceKlass java/lang/Runtime$Version
instanceKlass java/util/jar/JavaUtilJarAccessImpl
instanceKlass jdk/internal/access/JavaUtilJarAccess
instanceKlass jdk/internal/loader/FileURLMapper
instanceKlass jdk/internal/loader/URLClassPath$JarLoader$1
instanceKlass java/util/zip/ZipFile$1
instanceKlass jdk/internal/access/JavaUtilZipFileAccess
instanceKlass java/util/zip/ZipFile
instanceKlass java/util/zip/ZipConstants
instanceKlass jdk/internal/loader/URLClassPath$Loader
instanceKlass jdk/internal/loader/URLClassPath$3
instanceKlass java/security/PrivilegedExceptionAction
instanceKlass sun/net/util/URLUtil
instanceKlass sun/launcher/LauncherHelper
instanceKlass jdk/internal/vm/PostVMInitHook$1
instanceKlass jdk/internal/util/EnvUtils
instanceKlass jdk/internal/vm/PostVMInitHook$2
instanceKlass jdk/internal/vm/PostVMInitHook
instanceKlass jdk/internal/vm/ContinuationSupport
instanceKlass java/lang/invoke/StringConcatFactory
instanceKlass java/lang/ModuleLayer$Controller
instanceKlass java/util/concurrent/CopyOnWriteArrayList
instanceKlass jdk/internal/module/ServicesCatalog$ServiceProvider
instanceKlass jdk/internal/loader/AbstractClassLoaderValue$Memoizer
instanceKlass java/util/ImmutableCollections$ListItr
instanceKlass java/util/ListIterator
instanceKlass java/lang/ModuleLayer
instanceKlass jdk/internal/module/ModuleLoaderMap$Mapper
instanceKlass java/util/AbstractMap$KeyIterator
instanceKlass java/lang/module/ResolvedModule
instanceKlass java/lang/module/Configuration
instanceKlass jdk/internal/loader/BuiltinClassLoader$LoadedModule
instanceKlass jdk/internal/loader/AbstractClassLoaderValue
instanceKlass jdk/internal/module/ServicesCatalog
instanceKlass java/util/Deque
instanceKlass java/util/Queue
instanceKlass sun/net/util/IPAddressUtil$MASKS
instanceKlass sun/net/util/IPAddressUtil
instanceKlass java/net/URLStreamHandler
instanceKlass sun/net/www/ParseUtil
instanceKlass java/net/URL$3
instanceKlass jdk/internal/access/JavaNetURLAccess
instanceKlass java/net/URL$DefaultFactory
instanceKlass java/net/URLStreamHandlerFactory
instanceKlass jdk/internal/loader/URLClassPath
instanceKlass java/security/Principal
instanceKlass java/security/ProtectionDomain$Key
instanceKlass java/security/ProtectionDomain$JavaSecurityAccessImpl
instanceKlass jdk/internal/access/JavaSecurityAccess
instanceKlass java/lang/ClassLoader$ParallelLoaders
instanceKlass java/security/cert/Certificate
instanceKlass jdk/internal/loader/ArchivedClassLoaders
instanceKlass java/util/concurrent/ConcurrentHashMap$CollectionView
instanceKlass jdk/internal/loader/ClassLoaderHelper
instanceKlass jdk/internal/loader/NativeLibraries
instanceKlass java/lang/Module$EnableNativeAccess
instanceKlass jdk/internal/loader/BootLoader
instanceKlass java/util/Optional
instanceKlass jdk/internal/module/SystemModuleFinders$SystemModuleFinder
instanceKlass java/lang/module/ModuleFinder
instanceKlass jdk/internal/module/SystemModuleFinders$3
instanceKlass jdk/internal/module/ModuleHashes$HashSupplier
instanceKlass jdk/internal/module/SystemModuleFinders$2
instanceKlass java/util/function/Supplier
instanceKlass java/lang/module/ModuleReference
instanceKlass jdk/internal/module/ModuleResolution
instanceKlass java/util/Collections$UnmodifiableMap
instanceKlass jdk/internal/module/ModuleHashes$Builder
instanceKlass jdk/internal/module/ModuleHashes
instanceKlass jdk/internal/module/ModuleTarget
instanceKlass java/util/ImmutableCollections$Set12$1
instanceKlass java/lang/reflect/AccessFlag$18
instanceKlass java/lang/reflect/AccessFlag$17
instanceKlass java/lang/reflect/AccessFlag$16
instanceKlass java/lang/reflect/AccessFlag$15
instanceKlass java/lang/reflect/AccessFlag$14
instanceKlass java/lang/reflect/AccessFlag$13
instanceKlass java/lang/reflect/AccessFlag$12
instanceKlass java/lang/reflect/AccessFlag$11
instanceKlass java/lang/reflect/AccessFlag$10
instanceKlass java/lang/reflect/AccessFlag$9
instanceKlass java/lang/reflect/AccessFlag$8
instanceKlass java/lang/reflect/AccessFlag$7
instanceKlass java/lang/reflect/AccessFlag$6
instanceKlass java/lang/reflect/AccessFlag$5
instanceKlass java/lang/reflect/AccessFlag$4
instanceKlass java/lang/reflect/AccessFlag$3
instanceKlass java/lang/reflect/AccessFlag$2
instanceKlass java/lang/reflect/AccessFlag$1
instanceKlass java/lang/module/ModuleDescriptor$Version
instanceKlass java/lang/module/ModuleDescriptor$Provides
instanceKlass java/lang/module/ModuleDescriptor$Opens
instanceKlass java/util/ImmutableCollections$SetN$SetNIterator
instanceKlass java/lang/module/ModuleDescriptor$Exports
instanceKlass java/lang/module/ModuleDescriptor$Requires
instanceKlass jdk/internal/module/Builder
instanceKlass jdk/internal/module/SystemModules$default
instanceKlass jdk/internal/module/SystemModules
instanceKlass jdk/internal/module/SystemModulesMap
instanceKlass java/net/URI$1
instanceKlass jdk/internal/access/JavaNetUriAccess
instanceKlass java/net/URI
instanceKlass jdk/internal/module/SystemModuleFinders
instanceKlass jdk/internal/module/ArchivedModuleGraph
instanceKlass jdk/internal/module/ArchivedBootLayer
instanceKlass jdk/internal/module/ModuleBootstrap$Counters
instanceKlass jdk/internal/module/ModuleLoaderMap$Modules
instanceKlass jdk/internal/module/ModuleLoaderMap
instanceKlass jdk/internal/module/ModulePatcher
instanceKlass java/io/FileSystem
instanceKlass java/io/DefaultFileSystem
instanceKlass java/io/File
instanceKlass java/lang/module/ModuleDescriptor$1
instanceKlass jdk/internal/access/JavaLangModuleAccess
instanceKlass sun/invoke/util/VerifyAccess
instanceKlass java/util/KeyValueHolder
instanceKlass java/util/ImmutableCollections$MapN$MapNIterator
instanceKlass java/lang/StrictMath
instanceKlass java/lang/invoke/MethodHandles$Lookup
instanceKlass java/lang/invoke/MemberName$Factory
instanceKlass java/lang/invoke/MethodHandles
instanceKlass java/lang/module/ModuleDescriptor
instanceKlass jdk/internal/module/ModuleBootstrap
instanceKlass java/lang/Character$CharacterCache
instanceKlass java/util/HexFormat
instanceKlass jdk/internal/util/ClassFileDumper
instanceKlass sun/security/action/GetPropertyAction
instanceKlass java/lang/invoke/MethodHandleStatics
instanceKlass java/util/concurrent/locks/AbstractQueuedSynchronizer$ConditionObject
instanceKlass java/util/concurrent/locks/Condition
instanceKlass java/util/Collections
instanceKlass java/lang/Thread$ThreadIdentifiers
instanceKlass sun/io/Win32ErrorMode
instanceKlass jdk/internal/misc/OSEnvironment
instanceKlass java/lang/Integer$IntegerCache
instanceKlass jdk/internal/misc/Signal$NativeHandler
instanceKlass java/util/Hashtable$Entry
instanceKlass jdk/internal/misc/Signal
instanceKlass java/lang/Terminator$1
instanceKlass jdk/internal/misc/Signal$Handler
instanceKlass java/lang/Terminator
instanceKlass java/nio/ByteOrder
instanceKlass java/nio/Buffer$2
instanceKlass jdk/internal/access/JavaNioAccess
instanceKlass java/nio/Buffer$1
instanceKlass jdk/internal/misc/ScopedMemoryAccess
instanceKlass sun/nio/cs/ArrayEncoder
instanceKlass java/nio/charset/CharsetEncoder
instanceKlass java/io/Writer
instanceKlass java/io/PrintStream$1
instanceKlass jdk/internal/access/JavaIOPrintStreamAccess
instanceKlass jdk/internal/misc/InternalLock
instanceKlass java/io/OutputStream
instanceKlass java/io/Flushable
instanceKlass java/io/FileDescriptor$1
instanceKlass jdk/internal/access/JavaIOFileDescriptorAccess
instanceKlass java/io/FileDescriptor
instanceKlass jdk/internal/util/StaticProperty
instanceKlass java/util/HashMap$HashIterator
instanceKlass java/util/concurrent/locks/LockSupport
instanceKlass java/util/concurrent/ConcurrentHashMap$Node
instanceKlass java/util/concurrent/ConcurrentHashMap$CounterCell
instanceKlass java/util/concurrent/locks/ReentrantLock
instanceKlass java/util/concurrent/locks/Lock
instanceKlass java/lang/CharacterData
instanceKlass java/lang/Runtime
instanceKlass java/lang/VersionProps
instanceKlass java/lang/StringConcatHelper
instanceKlass java/util/HashMap$Node
instanceKlass java/util/Map$Entry
instanceKlass java/lang/StringCoding
instanceKlass java/nio/charset/CodingErrorAction
instanceKlass sun/nio/cs/SingleByte
instanceKlass java/lang/StringUTF16
instanceKlass sun/nio/cs/MS1250$Holder
instanceKlass sun/nio/cs/ArrayDecoder
instanceKlass java/nio/charset/CharsetDecoder
instanceKlass jdk/internal/reflect/MethodHandleAccessorFactory
instanceKlass java/lang/reflect/Modifier
instanceKlass java/lang/Class$1
instanceKlass java/lang/Class$Atomic
instanceKlass java/lang/Class$ReflectionData
instanceKlass java/nio/charset/StandardCharsets
instanceKlass sun/nio/cs/HistoricallyNamedCharset
instanceKlass jdk/internal/util/ArraysSupport
instanceKlass java/util/Arrays
instanceKlass jdk/internal/util/Preconditions$3
instanceKlass jdk/internal/util/Preconditions$2
instanceKlass jdk/internal/util/Preconditions$4
instanceKlass java/util/function/BiFunction
instanceKlass jdk/internal/util/Preconditions$1
instanceKlass java/util/function/Function
instanceKlass jdk/internal/util/Preconditions
instanceKlass java/nio/charset/spi/CharsetProvider
instanceKlass java/nio/charset/Charset
instanceKlass jdk/internal/util/SystemProps$Raw
instanceKlass jdk/internal/util/SystemProps
instanceKlass java/lang/System$2
instanceKlass jdk/internal/access/JavaLangAccess
instanceKlass java/lang/ref/NativeReferenceQueue$Lock
instanceKlass java/lang/ref/ReferenceQueue
instanceKlass java/lang/ref/Reference$1
instanceKlass jdk/internal/access/JavaLangRefAccess
instanceKlass jdk/internal/reflect/ReflectionFactory
instanceKlass java/lang/Math
instanceKlass java/lang/StringLatin1
instanceKlass jdk/internal/reflect/Reflection
instanceKlass jdk/internal/reflect/ReflectionFactory$GetReflectionFactoryAction
instanceKlass java/security/PrivilegedAction
instanceKlass jdk/internal/access/SharedSecrets
instanceKlass java/lang/reflect/ReflectAccess
instanceKlass jdk/internal/access/JavaLangReflectAccess
instanceKlass java/util/ImmutableCollections
instanceKlass java/util/Objects
instanceKlass java/util/Set
instanceKlass jdk/internal/misc/CDS
instanceKlass java/lang/Module$ArchivedData
instanceKlass jdk/internal/misc/VM
instanceKlass java/lang/String$CaseInsensitiveComparator
instanceKlass java/util/Comparator
instanceKlass java/io/ObjectStreamField
instanceKlass jdk/internal/vm/FillerObject
instanceKlass jdk/internal/vm/vector/VectorSupport$VectorPayload
instanceKlass jdk/internal/vm/vector/VectorSupport
instanceKlass java/lang/reflect/RecordComponent
instanceKlass java/util/Iterator
instanceKlass java/lang/Number
instanceKlass java/lang/Character
instanceKlass java/lang/Boolean
instanceKlass java/util/concurrent/locks/AbstractOwnableSynchronizer
instanceKlass java/lang/LiveStackFrame
instanceKlass java/lang/ClassFrameInfo
instanceKlass java/lang/StackWalker$StackFrame
instanceKlass java/lang/StackStreamFactory$AbstractStackWalker
instanceKlass java/lang/StackWalker
instanceKlass java/nio/Buffer
instanceKlass java/lang/StackTraceElement
instanceKlass java/util/RandomAccess
instanceKlass java/util/List
instanceKlass java/util/SequencedCollection
instanceKlass java/util/AbstractCollection
instanceKlass java/util/Collection
instanceKlass java/lang/Iterable
instanceKlass java/util/concurrent/ConcurrentMap
instanceKlass java/util/AbstractMap
instanceKlass java/security/CodeSource
instanceKlass jdk/internal/loader/ClassLoaders
instanceKlass java/util/jar/Manifest
instanceKlass java/lang/Enum
instanceKlass java/net/URL
instanceKlass java/io/InputStream
instanceKlass java/io/Closeable
instanceKlass java/lang/AutoCloseable
instanceKlass jdk/internal/module/Modules
instanceKlass jdk/internal/misc/Unsafe
instanceKlass jdk/internal/misc/UnsafeConstants
instanceKlass java/lang/AbstractStringBuilder
instanceKlass java/lang/Appendable
instanceKlass java/lang/AssertionStatusDirectives
instanceKlass java/lang/invoke/MethodHandleNatives$CallSiteContext
instanceKlass jdk/internal/foreign/abi/ABIDescriptor
instanceKlass jdk/internal/foreign/abi/NativeEntryPoint
instanceKlass java/lang/invoke/CallSite
instanceKlass java/lang/invoke/MethodType
instanceKlass java/lang/invoke/TypeDescriptor$OfMethod
instanceKlass java/lang/invoke/LambdaForm
instanceKlass java/lang/invoke/MethodHandleNatives
instanceKlass java/lang/invoke/ResolvedMethodName
instanceKlass java/lang/invoke/MemberName
instanceKlass java/lang/invoke/VarHandle
instanceKlass java/lang/invoke/MethodHandle
instanceKlass jdk/internal/reflect/ConstructorAccessor
instanceKlass jdk/internal/reflect/CallerSensitive
instanceKlass java/lang/annotation/Annotation
instanceKlass jdk/internal/reflect/ConstantPool
instanceKlass jdk/internal/reflect/MethodAccessor
instanceKlass jdk/internal/reflect/MagicAccessorImpl
instanceKlass jdk/internal/vm/StackChunk
instanceKlass jdk/internal/vm/Continuation
instanceKlass jdk/internal/vm/ContinuationScope
instanceKlass java/lang/reflect/Parameter
instanceKlass java/lang/reflect/Member
instanceKlass java/lang/reflect/AccessibleObject
instanceKlass java/lang/Module
instanceKlass java/util/Map
instanceKlass java/util/Dictionary
instanceKlass java/lang/ThreadGroup
instanceKlass java/lang/Thread$UncaughtExceptionHandler
instanceKlass java/lang/Thread$Constants
instanceKlass java/lang/Thread$FieldHolder
instanceKlass java/lang/Thread
instanceKlass java/lang/Runnable
instanceKlass java/lang/ref/Reference
instanceKlass java/lang/Record
instanceKlass java/security/AccessController
instanceKlass java/security/AccessControlContext
instanceKlass java/security/ProtectionDomain
instanceKlass java/lang/SecurityManager
instanceKlass java/lang/Throwable
instanceKlass java/lang/System
instanceKlass java/lang/ClassLoader
instanceKlass java/lang/Cloneable
instanceKlass java/lang/Class
instanceKlass java/lang/invoke/TypeDescriptor$OfField
instanceKlass java/lang/invoke/TypeDescriptor
instanceKlass java/lang/reflect/Type
instanceKlass java/lang/reflect/GenericDeclaration
instanceKlass java/lang/reflect/AnnotatedElement
instanceKlass java/lang/String
instanceKlass java/lang/constant/ConstantDesc
instanceKlass java/lang/constant/Constable
instanceKlass java/lang/CharSequence
instanceKlass java/lang/Comparable
instanceKlass java/io/Serializable
ciInstanceKlass java/lang/Object 1 1 123 7 1 10 12 1 1 10 7 12 1 1 1 10 7 12 1 1 1 10 12 1 1 8 1 10 12 1 1 10 7 12 1 1 1 10 12 1 10 12 1 1 10 7 12 1 1 1 10 12 1 1 10 12 1 10 100 12 1 1 10 12 1 1 7 1 10 12 1 100 1 8 1 10 12 1 3 8 1 7 1 5 0 1 1 1 1 1 1 1 1 1 1 1 1 1 1 1 1 7 1 1 1 1 1 1 1 1 1 7 1 1 1 1 1 1 1 1 1 1 3 1 1
ciInstanceKlass java/io/Serializable 1 0 7 100 1 100 1 1 1
ciInstanceKlass java/lang/System 1 1 836 10 7 12 1 1 1 9 7 12 1 1 1 10 12 1 10 12 1 1 10 12 1 1 10 12 1 9 12 1 1 10 7 12 1 1 1 11 100 12 1 1 1 10 100 12 1 1 1 10 12 1 1 10 12 1 1 100 1 8 1 10 12 1 10 7 12 1 1 1 10 100 12 1 1 1 18 12 1 1 10 7 12 1 1 1 7 1 10 12 1 1 10 7 12 1 1 1 10 12 1 10 7 12 1 1 1 9 100 12 1 1 1 10 7 12 1 1 1 11 7 12 1 1 1 10 12 1 1 10 7 12 1 1 1 7 1 10 10 12 1 1 8 1 10 12 1 8 1 10 12 1 9 12 1 1 8 1 10 7 12 1 1 1 10 12 1 1 100 1 8 1 10 9 12 1 1 8 1 10 12 1 1 10 100 12 1 1 1 8 1 10 12 1 7 1 10 12 1 8 1 10 12 1 10 12 1 1 100 1 10 12 10 12 1 9 12 1 1 9 12 1 1 10 7 12 1 1 1 10 7 12 1 1 1 10 12 1 1 10 12 1 10 12 1 10 7 12 1 1 1 10 12 1 100 1 100 1 8 1 10 12 1 10 12 1 1 7 1 10 12 1 100 1 8 1 10 10 12 1 100 1 8 1 10 8 1 10 7 12 1 1 8 1 10 12 100 1 8 1 10 10 12 1 1 10 100 12 1 1 1 100 1 18 12 1 100 1 9 100 12 1 1 1 10 12 1 100 1 10 12 1 1 10 12 1 1 10 7 12 1 1 1 10 12 1 1 10 12 1 10 12 1 10 12 1 1 10 12 1 7 1 10 12 1 9 7 12 1 1 1 10 7 12 1 1 1 10 12 1 10 12 1 10 7 12 1 1 1 7 1 8 1 10 9 12 1 9 12 1 10 12 1 10 7 12 1 1 10 12 1 10 12 1 1 8 1 10 12 1 1 8 1 11 12 1 10 12 11 12 1 1 11 7 12 1 1 1 11 7 12 1 1 11 12 1 1 7 1 11 12 1 10 12 1 8 1 10 12 1 1 8 1 8 1 8 1 8 1 11 12 1 10 12 1 10 12 1 10 12 1 8 1 10 12 1 1 8 1 9 12 1 8 1 10 7 12 1 1 8 1 7 1 9 7 12 1 1 1 10 12 1 7 1 9 12 10 9 12 7 1 10 12 9 12 1 1 8 1 10 12 1 1 8 1 10 7 12 1 1 10 12 1 10 12 1 1 11 7 12 1 1 10 12 10 7 12 1 1 1 9 12 1 1 7 1 8 1 10 12 1 1 10 7 12 1 1 1 7 1 10 12 1 1 10 12 1 8 1 8 1 10 8 1 8 1 8 1 8 1 10 10 7 12 1 1 10 12 1 10 12 1 1 10 12 1 1 10 12 1 10 100 12 1 1 1 10 7 1 8 1 10 10 10 12 1 1 10 12 1 1 8 1 10 12 1 8 1 8 1 10 12 1 10 7 12 1 1 1 10 12 1 1 7 1 10 10 12 1 10 12 1 9 12 1 1 1 1 3 1 3 1 1 1 1 1 1 1 1 1 1 100 1 1 100 1 1 1 1 1 1 1 1 1 1 1 100 1 7 1 1 1 1 1 1 1 1 1 1 1 1 1 1 1 1 1 1 1 1 1 1 1 1 1 1 1 1 1 1 1 1 1 1 1 1 1 1 1 1 1 1 1 1 1 1 1 1 1 1 1 1 1 1 1 1 1 1 100 1 1 1 1 1 1 1 1 1 1 1 1 1 1 1 1 1 1 1 1 1 1 1 1 1 1 1 1 1 1 1 1 1 100 1 1 16 15 10 12 1 1 16 15 10 12 16 1 15 10 100 12 1 1 1 1 1 1 1 1 1 1 1 100 1 100 1 1
staticfield java/lang/System in Ljava/io/InputStream; java/io/BufferedInputStream
staticfield java/lang/System out Ljava/io/PrintStream; java/io/PrintStream
staticfield java/lang/System err Ljava/io/PrintStream; java/io/PrintStream
ciInstanceKlass java/lang/SecurityManager 0 0 576 10 7 12 1 1 1 9 7 12 1 1 1 10 7 12 1 1 1 100 1 8 1 10 12 1 10 12 1 1 10 7 12 1 1 1 10 7 1 10 100 1 10 9 100 12 1 1 1 10 7 12 1 1 1 10 12 1 1 10 7 12 1 1 100 1 8 1 10 9 12 1 1 9 12 1 8 1 9 12 1 7 1 10 8 1 10 12 1 1 10 12 1 10 12 1 1 100 1 10 10 12 1 1 100 1 8 1 10 12 1 8 1 8 1 8 1 8 1 8 1 8 1 10 12 1 8 1 8 1 8 1 8 1 8 1 10 7 12 1 1 1 10 12 1 1 8 1 100 1 8 1 10 8 1 8 1 8 1 8 1 8 1 10 100 12 1 1 8 1 100 1 8 1 8 1 10 8 1 10 12 1 100 1 8 1 10 10 12 1 1 10 12 1 10 12 1 10 12 1 10 100 12 1 1 1 10 12 1 10 100 12 1 1 11 100 12 1 1 1 18 12 1 1 11 100 12 1 1 1 18 12 1 1 11 12 1 1 18 18 11 12 1 18 12 1 11 12 1 1 9 12 1 1 9 12 1 9 12 1 9 12 1 100 1 10 100 12 1 1 10 12 1 10 12 1 18 12 1 18 10 100 12 1 1 1 18 12 1 10 12 1 18 18 8 1 10 12 1 9 12 1 1 11 7 12 1 1 1 8 1 100 1 10 12 1 10 12 1 1 10 12 1 1 9 12 1 1 10 12 1 10 12 1 1 8 1 100 1 10 9 12 1 8 1 10 12 1 8 1 100 1 10 10 100 12 1 1 10 100 1 9 7 12 1 1 1 11 12 1 1 10 12 1 11 12 1 10 12 1 7 1 10 10 12 1 1 10 12 1 1 1 1 1 1 1 1 1 1 1 7 1 1 1 1 1 1 1 1 1 1 1 1 1 1 1 1 1 1 1 1 1 1 1 1 1 1 1 1 1 1 1 1 1 1 1 1 1 1 1 1 1 1 1 1 1 1 1 1 1 1 1 1 1 1 1 1 3 1 1 1 1 1 1 1 1 1 1 100 1 1 1 1 1 1 1 1 1 1 1 1 1 1 1 1 1 1 1 1 1 1 1 1 1 1 1 1 1 1 1 1 1 1 1 1 1 1 16 15 10 7 12 1 1 1 16 1 16 15 10 12 16 1 15 10 12 16 15 11 7 1 16 1 16 1 15 10 12 16 15 10 12 16 15 10 12 1 16 1 15 11 12 1 15 10 12 16 15 10 16 1 15 10 100 12 1 1 1 1 1 1 100 1 100 1 1
ciInstanceKlass java/security/AccessController 1 1 295 10 7 12 1 1 1 10 7 12 1 1 1 10 7 12 1 1 1 10 12 1 1 10 12 1 1 10 7 12 1 1 1 10 12 1 1 10 12 1 10 12 1 1 10 12 1 100 1 8 1 10 12 1 10 12 1 10 12 1 1 10 12 1 7 1 7 1 10 12 1 1 10 12 1 10 12 1 10 12 1 1 10 7 12 1 1 1 10 12 1 1 9 100 12 1 1 1 10 7 12 1 1 1 10 12 1 10 12 1 9 100 12 1 1 1 10 12 1 10 12 1 1 9 12 1 1 10 100 1 10 11 7 12 1 1 1 10 7 12 1 1 11 7 1 7 1 10 12 1 10 12 1 10 12 1 8 1 10 12 1 1 8 1 10 100 12 1 1 1 8 1 7 1 10 10 12 1 1 10 12 1 10 7 12 1 1 1 10 12 1 8 1 10 7 12 1 1 8 1 8 1 10 12 1 8 1 10 12 1 10 12 1 1 10 12 1 1 1 1 1 1 1 1 1 1 1 1 1 1 1 1 1 1 1 1 1 1 1 1 1 1 1 1 100 1 1 1 1 1 1 1 1 1 1 1 1 1 1 1 1 1 1 1 1 1 1 1 1 1 1 1 1 1 1 1 1 1 1 100 1 100 1 1 1 1 1 1 1 1 1 3 1 1 1
staticfield java/security/AccessController $assertionsDisabled Z 1
ciInstanceKlass java/security/ProtectionDomain 1 1 348 10 7 12 1 1 1 9 7 12 1 1 1 7 1 10 9 12 1 1 9 12 1 1 9 12 1 1 10 7 12 1 1 7 1 9 12 1 9 12 1 1 7 1 9 12 1 1 9 12 1 10 100 12 1 1 10 100 12 1 1 1 10 12 1 1 10 12 1 9 12 1 9 100 12 1 1 10 12 1 1 10 100 1 10 12 1 1 8 1 7 1 8 1 10 12 1 10 11 10 7 12 1 1 1 10 12 1 1 8 1 11 8 1 10 12 1 8 1 8 1 10 12 1 1 10 12 1 10 12 1 1 10 12 1 8 1 10 12 1 8 1 8 1 10 7 12 1 1 1 9 100 12 1 1 1 10 12 1 1 9 100 12 1 1 1 10 7 12 1 1 1 100 1 18 12 1 1 10 7 12 1 1 1 10 7 1 10 12 1 10 12 1 1 11 100 12 1 1 11 12 1 100 1 11 7 12 1 1 1 10 12 1 10 11 12 1 1 11 12 1 1 10 12 1 10 7 12 1 1 10 100 12 1 1 11 12 1 10 12 10 12 1 8 1 8 1 10 7 12 1 1 1 7 1 10 10 7 12 1 1 1 1 1 1 1 1 1 1 7 1 1 7 1 1 1 1 1 1 1 1 1 1 1 1 1 1 1 1 1 1 1 1 1 1 1 1 1 1 1 1 1 1 1 1 1 1 1 1 1 1 1 1 1 1 1 1 7 1 1 1 1 1 1 100 1 1 16 15 10 12 16 15 10 100 12 1 1 1 1 1 1 1 100 1 100 1 1
staticfield java/security/ProtectionDomain filePermCompatInPD Z 0
ciInstanceKlass java/security/CodeSource 1 1 399 10 7 12 1 1 1 9 7 12 1 1 1 9 12 1 1 9 12 1 1 9 12 1 1 10 7 12 1 1 1 9 12 1 1 10 7 12 1 1 10 7 10 100 12 1 1 1 10 12 1 1 10 12 1 1 7 1 10 10 7 12 1 1 1 10 7 12 1 1 1 10 12 1 1 100 1 10 12 1 1 10 12 1 1 10 12 1 1 10 12 1 10 10 7 1 10 12 1 1 10 7 12 1 1 1 10 12 1 1 10 12 1 10 12 1 8 1 10 12 1 10 12 1 10 12 1 1 10 12 1 8 1 10 12 1 1 10 7 1 10 10 12 1 1 8 1 10 12 1 10 12 1 10 12 1 8 1 8 1 9 12 1 1 100 1 8 1 10 12 1 10 12 1 1 8 1 10 12 1 8 1 8 1 8 1 10 100 12 1 1 10 12 1 1 10 12 1 10 12 1 1 10 12 1 1 10 12 1 1 100 1 100 1 10 12 1 10 12 10 12 1 1 10 100 12 1 1 10 12 1 7 1 10 12 10 100 12 1 1 1 10 8 1 10 12 1 10 12 1 10 12 1 1 100 1 10 12 1 1 100 1 7 1 8 1 8 1 10 10 12 1 1 10 100 12 1 1 1 7 1 10 12 10 12 1 1 11 7 12 1 1 10 10 12 1 11 10 12 1 8 1 100 1 10 12 1 10 12 1 1 10 12 1 11 12 1 1 7 1 1 1 1 5 0 1 1 1 1 1 1 1 1 1 1 1 1 1 1 1 1 1 1 1 1 1 1 1 1 1 1 1 1 1 1 1 1 1 1 1 1 1 1 1 1 1 1 1 1 1 1 1 1 1 1 1 1 1 1 1 1 1 1 1 1 1 1 1 1 1 1 100 1 1 1 1 1 1 1
ciInstanceKlass java/lang/Boolean 1 1 152 10 7 12 1 1 1 9 7 12 1 1 1 10 12 1 1 10 12 1 8 1 10 7 12 1 1 9 12 1 1 9 12 1 10 12 1 1 10 12 1 1 10 12 1 1 10 7 12 1 1 1 100 1 100 1 10 12 1 1 9 100 12 1 1 9 12 10 100 12 1 1 1 10 12 1 1 8 1 10 7 12 1 1 1 9 12 1 1 7 1 7 1 7 1 1 1 1 1 1 5 0 1 1 1 1 1 1 1 1 1 1 3 1 1 1 1 1 1 1 1 1 1 1 1 1 1 1 1 1 1 7 1 1 1 1 1 1 1 1 1 1 100 1 1 1 1 1 1 1 1 1
staticfield java/lang/Boolean TRUE Ljava/lang/Boolean; java/lang/Boolean
staticfield java/lang/Boolean FALSE Ljava/lang/Boolean; java/lang/Boolean
staticfield java/lang/Boolean TYPE Ljava/lang/Class; java/lang/Class
ciInstanceKlass java/lang/Comparable 1 0 12 100 1 100 1 1 1 1 1 1 1 1
ciInstanceKlass java/lang/constant/Constable 1 0 11 100 1 100 1 1 1 1 1 1 1
ciInstanceKlass java/util/Map 1 1 263 11 7 12 1 1 1 11 12 1 1 10 7 12 1 1 11 12 1 1 11 7 12 1 1 1 11 100 12 1 1 1 11 12 1 1 7 1 11 12 1 11 12 1 100 1 100 1 10 12 1 1 11 100 12 1 1 1 11 100 12 1 1 1 11 12 1 11 12 1 10 12 1 1 11 12 1 11 7 12 1 9 7 12 1 1 1 7 1 10 12 7 1 7 1 10 12 1 7 1 10 7 1 11 12 1 11 12 1 1 11 12 1 1 7 1 11 12 1 1 1 1 1 1 1 1 1 1 1 1 1 1 1 1 1 1 1 1 1 1 1 1 1 1 1 1 1 1 1 1 1 1 1 1 1 1 1 1 1 1 1 1 1 1 1 1 1 1 1 1 1 1 1 1 1 1 1 1 1 1 1 1 1 1 1 1 1 1 1 1 1 1 1 1 1 1 1 1 1 1 1 1 1 1 1 1 1 1 1 1 1 1 1 1 1 1 1 1 1 1 1 1 1 1 1 1 1 1 1 1 1 1 1 1 1 1 1 1 1 1 1 1 1 1 100 1 1 1 1 1 1 1 1 1 1 1 1 1 1 1 1 1 1
ciInstanceKlass java/lang/Class 1 1 1747 10 7 12 1 1 1 9 7 12 1 1 1 9 12 1 1 10 12 1 1 8 1 10 12 1 8 1 8 1 10 12 1 1 10 7 12 1 1 1 10 12 1 7 1 10 10 12 1 10 12 1 1 10 12 1 1 10 12 1 1 10 7 12 1 1 10 12 1 10 12 1 10 12 1 1 10 12 1 8 1 10 12 1 8 1 10 12 1 8 1 8 1 10 12 1 1 10 7 12 1 1 1 18 12 1 1 11 7 12 1 1 1 8 1 8 1 8 1 10 7 12 1 1 1 11 12 1 1 8 1 10 12 1 10 10 12 1 1 10 12 1 8 1 10 12 1 1 8 1 10 12 1 10 12 1 1 11 100 12 1 1 1 11 7 12 1 1 1 11 8 1 18 8 1 10 12 1 10 7 12 1 1 10 12 1 1 10 7 12 1 1 1 10 12 1 1 10 12 1 1 10 7 12 1 1 1 10 12 9 100 12 1 1 1 10 7 12 1 1 1 10 12 1 10 7 12 1 1 1 10 12 1 1 18 12 1 1 10 7 12 1 1 1 10 7 12 1 10 12 1 1 10 7 1 10 12 1 8 1 10 8 1 8 1 8 1 8 1 8 1 8 1 8 1 8 1 9 7 12 1 1 9 7 1 9 7 1 9 7 1 9 7 1 9 7 1 9 7 1 9 7 1 9 100 1 7 1 10 12 1 1 9 12 1 1 7 1 8 1 10 12 1 10 12 1 1 10 12 1 1 10 7 12 1 1 1 7 1 10 12 1 7 1 7 1 10 10 12 1 1 10 12 1 1 100 1 10 7 12 1 1 1 10 12 1 1 10 12 1 1 9 12 1 1 10 12 1 10 12 1 1 9 12 1 1 9 12 1 1 10 12 1 1 10 7 1 10 12 1 10 12 1 1 10 9 12 1 10 12 1 8 1 10 12 1 1 10 12 1 1 10 12 1 10 12 1 10 12 1 1 10 12 1 9 7 12 1 1 1 10 7 12 1 1 10 12 1 10 12 1 10 12 1 10 12 1 9 100 12 1 1 1 9 12 1 10 12 1 10 100 12 1 1 1 10 12 1 1 10 100 12 1 1 10 12 1 10 12 1 1 10 100 12 1 1 1 10 12 1 10 12 1 1 10 12 1 10 12 1 10 12 1 1 10 7 1 10 10 12 1 1 10 12 1 1 10 12 10 10 12 1 1 7 1 8 1 10 10 12 1 1 10 12 1 100 1 11 12 1 10 12 1 10 12 1 10 100 12 1 1 10 10 12 1 1 8 1 10 12 1 10 12 1 1 8 1 9 12 1 10 12 1 10 12 1 10 12 1 10 12 7 1 9 12 1 10 12 1 9 12 1 10 12 1 10 12 1 10 12 1 10 10 12 1 10 12 1 10 12 1 10 12 1 10 12 1 10 12 1 100 1 10 12 1 10 12 1 1 10 12 1 1 10 12 1 1 10 12 1 1 10 12 1 1 10 12 1 1 7 1 10 10 12 1 1 10 12 1 1 10 12 1 1 10 10 12 1 10 12 1 1 10 12 1 1 10 12 1 1 10 12 1 1 7 1 10 10 12 11 7 12 1 1 10 12 1 1 10 7 12 1 1 1 10 12 1 10 12 1 10 7 12 1 1 1 10 12 1 1 10 10 12 1 1 7 1 10 10 12 1 1 10 7 12 1 1 1 100 1 7 1 10 12 1 1 10 12 1 10 10 12 1 1 10 12 1 10 12 1 10 12 1 10 100 12 1 1 1 11 7 12 1 1 10 12 1 10 12 1 9 12 1 10 12 1 1 10 12 1 9 12 1 1 7 1 10 9 12 1 1 10 12 7 1 10 12 1 9 12 1 10 100 12 1 1 1 10 12 1 10 12 1 10 100 12 1 1 10 12 1 10 12 10 12 1 1 100 1 10 8 1 10 12 1 11 11 12 1 1 11 7 12 1 1 11 12 1 8 1 10 12 1 10 12 1 1 9 12 1 9 12 1 1 10 7 12 1 1 9 12 1 10 12 1 1 10 10 12 1 10 7 12 1 1 1 10 7 12 1 1 10 7 12 1 1 9 12 1 1 10 12 1 9 12 1 10 12 1 10 12 1 1 9 12 1 1 9 12 1 10 12 1 10 12 1 1 9 12 1 100 1 10 10 12 1 1 7 1 10 12 1 1 100 11 7 1 9 12 1 1 9 12 1 7 1 10 12 1 9 12 1 1 9 12 1 10 12 1 10 12 1 1 9 12 1 7 1 10 10 12 1 1 10 10 12 1 10 12 10 10 12 1 9 12 1 10 12 1 1 10 12 1 8 10 7 8 1 18 8 1 8 1 10 12 1 9 12 1 9 12 1 1 10 12 1 7 1 7 1 10 12 1 9 12 1 1 7 1 10 10 12 1 10 7 1 9 12 1 8 1 10 12 1 7 1 10 12 1 10 12 1 1 100 1 7 1 9 12 1 100 1 8 1 10 10 7 12 1 1 1 10 12 11 7 12 1 1 1 10 12 1 10 12 1 1 10 8 1 10 12 1 8 1 10 12 1 1 9 7 12 1 1 11 12 7 1 11 7 12 1 1 9 12 1 10 100 12 1 1 1 10 7 12 1 1 10 12 1 1 9 12 1 9 10 12 1 1 10 12 1 1 10 12 1 1 10 12 1 1 10 12 1 1 11 12 1 100 1 11 12 1 10 100 12 1 1 1 10 12 1 11 12 1 10 100 12 1 1 1 10 12 1 10 100 12 1 1 1 11 12 1 11 12 1 1 10 12 1 10 12 1 1 9 12 1 1 10 12 1 10 100 12 1 1 1 10 12 1 1 10 12 1 10 12 1 10 12 1 10 7 12 1 1 1 10 12 1 8 1 10 12 1 10 12 1 10 12 1 10 100 12 1 1 100 1 10 12 10 7 12 1 1 1 11 7 12 1 1 1 10 12 1 1 10 12 1 18 12 1 1 11 12 1 1 18 11 12 1 18 12 1 11 12 1 10 12 1 1 10 12 1 10 12 1 10 12 1 10 12 10 12 1 8 1 10 12 1 7 1 9 12 1 1 7 1 7 1 7 1 7 1 1 1 3 1 3 1 3 1 1 1 1 1 1 1 1 1 5 0 1 1 1 1 1 1 1 1 1 1 1 1 1 1 1 1 1 1 1 1 1 1 1 1 100 1 1 1 1 1 1 1 1 1 1 1 100 1 1 1 1 1 7 1 1 1 1 1 1 1 1 1 1 1 1 1 1 1 1 1 1 1 1 1 1 1 1 1 1 1 1 1 1 1 1 1 1 1 1 1 1 1 1 1 1 1 100 1 1 1 1 1 1 1 1 1 1 1 1 1 1 1 1 1 1 1 1 1 1 1 1 1 1 1 1 1 1 1 100 1 1 1 1 1 1 1 1 1 1 1 1 1 1 1 1 1 1 1 1 1 1 1 1 1 1 1 1 1 1 1 1 1 1 1 1 1 1 1 1 1 1 1 1 1 1 1 1 1 1 1 1 1 1 1 1 1 1 1 1 7 1 7 1 1 1 1 1 1 1 1 1 1 1 1 1 1 1 1 1 1 1 1 1 1 1 1 1 1 1 1 1 1 1 1 1 1 1 1 1 1 1 1 1 1 1 1 1 1 1 1 1 1 1 1 1 1 1 1 1 1 1 1 1 1 1 1 1 1 1 1 1 1 1 1 1 1 1 1 1 1 1 1 1 1 1 1 1 1 1 1 1 1 1 1 1 1 1 1 1 1 1 1 1 1 1 1 1 1 1 1 1 1 1 1 1 1 1 1 1 1 1 1 1 1 1 1 1 1 1 16 15 10 12 16 15 11 12 16 1 16 15 16 15 10 12 16 16 15 10 12 16 15 16 1 15 10 12 16 15 10 7 12 1 1 1 1 1 1 1 1 1 1 1 1 7 1 1 100 1 100 1 1 100 1 100 1 1
staticfield java/lang/Class EMPTY_CLASS_ARRAY [Ljava/lang/Class; 0 [Ljava/lang/Class;
staticfield java/lang/Class serialPersistentFields [Ljava/io/ObjectStreamField; 0 [Ljava/io/ObjectStreamField;
ciInstanceKlass java/lang/reflect/AnnotatedElement 1 1 165 11 7 12 1 1 1 11 12 1 1 7 1 10 100 12 1 1 1 10 12 1 1 10 12 1 1 10 12 1 10 100 12 1 1 1 11 12 1 1 11 7 12 1 1 10 7 12 1 1 1 10 12 1 10 100 12 1 1 1 18 12 1 1 11 100 12 1 1 18 12 1 18 12 1 1 10 100 12 1 1 1 11 100 12 1 1 1 7 1 10 100 12 1 1 1 1 1 1 1 1 1 1 1 1 1 1 1 1 1 1 1 1 1 1 1 1 1 1 100 1 1 1 1 1 1 1 1 1 1 1 16 15 16 1 16 1 15 11 12 16 16 1 15 10 100 12 1 1 1 16 1 15 10 100 12 1 1 1 1 100 1 100 1 1
ciInstanceKlass java/lang/invoke/TypeDescriptor 1 0 17 100 1 100 1 1 1 1 1 1 100 1 100 1 1 1 1
ciInstanceKlass java/lang/reflect/GenericDeclaration 1 0 30 7 1 7 1 7 1 1 1 1 1 1 1 1 100 1 8 1 1 12 10 1 1 1 8 1 1 1 8 1
ciInstanceKlass java/lang/reflect/Type 1 1 17 11 100 12 1 1 1 100 1 1 1 1 1 1 1 1 1
ciInstanceKlass java/lang/invoke/TypeDescriptor$OfField 1 0 21 100 1 100 1 100 1 1 1 1 1 1 1 1 1 1 1 1 1 1 1
ciInstanceKlass java/lang/StringBuilder 1 1 425 10 7 12 1 1 1 10 12 1 10 12 1 10 12 1 1 10 7 12 1 1 1 10 7 12 1 1 1 10 12 1 10 12 1 10 12 1 10 12 1 10 12 1 10 12 1 10 12 1 10 12 1 10 12 1 10 12 1 10 12 1 10 12 1 10 12 1 10 12 1 1 10 12 1 10 12 1 1 10 12 1 1 10 12 1 10 12 1 10 12 1 10 12 1 10 12 1 10 12 1 10 12 1 10 12 10 12 1 10 12 1 10 12 1 10 12 1 1 10 12 1 10 12 1 10 12 10 12 1 1 10 12 1 10 12 1 10 12 1 1 8 1 10 12 1 10 100 12 1 1 1 9 12 1 1 10 12 1 10 12 1 10 12 1 1 9 12 1 1 10 100 12 1 1 1 10 100 1 10 12 1 1 10 100 12 1 1 10 12 1 10 12 1 1 100 1 100 1 8 1 10 10 12 1 1 10 12 1 10 12 1 10 12 1 1 10 12 1 10 12 1 10 12 1 10 12 1 10 12 1 10 12 10 12 1 10 12 1 10 12 1 10 12 1 10 12 1 10 12 1 10 12 1 10 12 1 10 12 1 1 10 12 1 1 10 12 1 10 12 1 10 12 1 10 12 10 12 10 12 1 10 12 1 10 12 1 10 12 10 12 1 10 12 1 10 12 1 10 12 1 10 12 1 10 12 1 10 12 1 10 12 1 10 12 1 1 10 12 1 10 12 1 1 10 12 1 10 12 1 1 10 12 1 10 12 1 1 10 12 1 10 12 1 10 12 1 10 10 10 12 1 7 1 7 1 7 1 7 1 1 1 1 5 0 1 1 1 1 1 1 1 1 1 1 1 1 1 1 1 1 1 1 1 1 1 1 1 1 1 1 1 1 1 1 1 1 1 1 1 1 1 1 1 1 1 1 1 1 100 1 1 1 7 1 1 1 1 1 1 1 1 1 1 1
instanceKlass java/lang/StringBuilder
instanceKlass java/lang/StringBuffer
ciInstanceKlass java/lang/AbstractStringBuilder 1 1 613 7 1 10 7 12 1 1 1 9 7 12 1 1 1 9 12 1 9 12 1 1 9 12 1 1 10 7 12 1 1 1 10 12 1 1 7 1 3 3 10 12 1 10 12 1 1 11 7 1 100 1 7 1 10 8 1 10 12 1 10 12 1 10 12 1 1 10 12 1 10 12 1 9 12 1 10 12 1 9 12 1 1 10 12 1 1 10 7 12 1 1 1 10 10 12 1 10 12 1 10 12 1 1 10 12 1 1 10 7 12 1 1 1 10 7 12 1 1 1 7 1 8 1 10 10 12 1 1 100 1 10 12 10 12 1 1 10 10 12 1 1 10 12 1 1 10 12 1 1 10 12 1 1 10 10 7 12 1 1 1 10 12 1 100 1 10 10 7 12 1 1 1 9 12 1 1 9 12 1 10 12 1 1 10 10 12 1 1 10 12 10 12 1 10 12 1 1 10 12 1 1 10 12 1 1 10 12 1 10 12 1 1 10 12 1 1 10 12 1 10 12 1 1 8 1 10 12 1 1 10 12 1 10 12 1 10 12 1 10 12 1 10 12 1 10 12 1 10 7 12 1 1 10 12 1 10 12 1 10 100 12 1 1 1 100 1 100 1 10 12 1 10 100 12 1 1 10 12 1 10 12 1 1 10 12 1 10 12 1 1 10 12 1 10 12 1 1 10 12 1 1 10 10 7 12 1 1 1 10 12 1 10 12 1 10 12 1 1 10 12 1 10 12 1 10 12 1 10 12 1 10 12 1 10 12 1 10 12 1 10 12 1 10 12 1 1 10 12 1 10 12 1 10 12 10 12 1 1 18 12 1 1 100 1 10 100 12 1 1 1 18 10 12 1 1 10 12 1 1 10 12 1 10 12 1 1 11 12 1 1 10 12 1 10 12 1 10 12 10 12 1 10 10 10 12 1 10 5 0 10 10 12 1 1 100 1 8 1 10 10 12 1 1 10 100 12 1 1 1 10 12 1 10 12 1 1 100 1 10 12 100 1 10 100 1 10 7 1 1 1 1 1 1 1 1 1 1 1 100 1 1 1 1 1 1 1 1 1 1 1 1 1 1 1 1 1 1 1 1 1 1 1 1 1 1 1 1 1 1 1 1 1 1 1 1 1 1 1 1 1 1 1 1 1 1 1 1 1 1 1 1 1 1 1 1 1 1 1 1 1 1 1 1 1 1 1 1 1 1 1 1 1 1 1 1 1 1 1 1 1 1 1 1 1 1 1 1 1 1 1 1 1 1 1 1 1 1 1 1 100 1 1 1 1 1 1 1 1 1 1 1 1 1 1 1 1 1 100 1 1 1 1 1 1 7 1 1 16 1 15 10 12 16 15 10 12 15 10 100 12 1 1 1 1 1 1 1 100 1 100 1 1
staticfield java/lang/AbstractStringBuilder EMPTYVALUE [B 0
ciMethod java/lang/StringBuilder toString ()Ljava/lang/String; 10 0 51542 0 -1
ciInstanceKlass java/lang/Appendable 1 0 14 100 1 100 1 1 1 1 100 1 1 1 1 1
ciInstanceKlass java/lang/CharSequence 1 1 131 11 7 12 1 1 1 18 12 1 1 100 1 10 100 12 1 1 1 18 10 100 12 1 1 1 11 12 1 1 11 7 1 11 12 1 1 10 100 12 1 1 1 11 12 1 1 100 1 10 12 1 1 10 100 12 1 1 1 100 1 10 10 12 1 1 7 1 1 1 1 1 1 1 1 1 1 1 1 1 1 1 1 1 1 1 1 1 1 1 1 1 1 1 1 1 1 1 1 1 16 1 15 11 12 16 15 11 12 15 10 100 12 1 1 1 1 1 100 1 100 1 1 100 1 1 100 1 100 1 1
ciInstanceKlass java/lang/AutoCloseable 1 0 12 100 1 100 1 1 1 1 100 1 1 1
ciInstanceKlass java/io/Closeable 1 0 14 100 1 100 1 100 1 1 1 1 100 1 1 1
instanceKlass com/sun/tools/javac/util/ByteBuffer$UnderflowException
instanceKlass com/sun/tools/javac/util/InvalidUtfException
instanceKlass scala/meta/internal/tokenizers/package$UnexpectedInputEndException
instanceKlass com/sun/tools/javac/main/Option$InvalidValueException
instanceKlass org/scalameta/invariants/InvariantFailedException
instanceKlass org/h2/security/auth/AuthenticationException
instanceKlass scala/meta/internal/metals/debug/DiscoveryFailures$NoRunOptionException$
instanceKlass scala/meta/internal/metals/debug/DiscoveryFailures$SemanticDbNotFoundException$
instanceKlass scala/meta/internal/metals/debug/DiscoveryFailures$UndefinedPositionException
instanceKlass scala/meta/internal/metals/debug/DiscoveryFailures$BuildTargetContainsNoMainException
instanceKlass scala/meta/internal/metals/debug/DiscoveryFailures$NothingToRun$
instanceKlass scala/meta/internal/metals/debug/DiscoveryFailures$UndefinedPathException
instanceKlass scala/meta/internal/metals/debug/DiscoveryFailures$NoBuildTargetSpecified$
instanceKlass scala/meta/internal/metals/debug/DiscoveryFailures$NoTestsFoundException
instanceKlass scala/meta/internal/metals/config/RunType$UnknownRunTypeException
instanceKlass scala/meta/internal/metals/debug/DiscoveryFailures$BuildTargetNotFoundForPathException
instanceKlass scala/meta/internal/metals/debug/DiscoveryFailures$WorkspaceErrorsException$
instanceKlass scala/meta/internal/metals/debug/DiscoveryFailures$BuildTargetNotFoundException
instanceKlass scala/meta/internal/metals/debug/DiscoveryFailures$ClassNotFoundInBuildTargetException
instanceKlass scala/meta/internal/metals/debug/DiscoveryFailures$NoMainClassFoundException
instanceKlass scala/meta/internal/metals/codeactions/ExtractRenameMember$CodeActionCommandNotFoundException
instanceKlass scala/meta/internal/metals/ScalafixProvider$ScalafixRunException
instanceKlass org/eclipse/jface/text/BadLocationException
instanceKlass java/security/GeneralSecurityException
instanceKlass coursier/error/CoursierError
instanceKlass coursier/paths/CachePath$StructureLockException
instanceKlass coursier/cache/ArtifactError
instanceKlass coursier/error/DependencyError
instanceKlass coursier/paths/Mirror$MirrorPropertiesException
instanceKlass scala/cli/config/ConfigDb$ConfigDbFormatError
instanceKlass scalafix/interfaces/ScalafixException
instanceKlass org/scalafmt/interfaces/PositionException
instanceKlass coursierapi/error/CoursierError
instanceKlass scala/meta/inputs/InputException
instanceKlass scala/meta/internal/mtags/IndexingExceptions$InvalidSymbolException
instanceKlass java/sql/SQLException
instanceKlass scala/meta/internal/metals/debug/DiscoveryFailures$WorkspaceResetException$
instanceKlass java/net/URISyntaxException
instanceKlass java/text/ParseException
instanceKlass java/lang/CloneNotSupportedException
instanceKlass sun/nio/fs/WindowsException
instanceKlass java/lang/InterruptedException
instanceKlass java/util/concurrent/ExecutionException
instanceKlass java/util/concurrent/TimeoutException
instanceKlass java/security/PrivilegedActionException
instanceKlass java/io/IOException
instanceKlass java/lang/ReflectiveOperationException
instanceKlass java/lang/RuntimeException
ciInstanceKlass java/lang/Exception 1 1 40 10 7 12 1 1 1 10 12 1 10 12 1 10 12 1 10 12 1 100 1 1 1 1 5 0 1 1 1 1 1 1 1 1 1 1 1 1 1 1
instanceKlass coursier/util/Task$WrappedException
instanceKlass scala/concurrent/Future$$anon$4
instanceKlass scala/util/control/ControlThrowable
instanceKlass scala/runtime/Nothing$
instanceKlass java/lang/Exception
instanceKlass java/lang/Error
ciInstanceKlass java/lang/Throwable 1 1 413 10 7 12 1 1 1 9 7 12 1 1 1 9 12 1 1 9 12 1 9 12 1 1 9 12 1 10 12 1 1 9 12 1 1 10 12 1 1 10 100 12 1 1 1 9 12 1 1 10 12 1 1 10 12 1 100 1 7 1 10 8 1 10 12 1 1 8 1 10 100 12 1 1 10 10 12 1 100 1 8 1 10 10 7 12 1 1 10 12 1 8 1 9 7 12 1 1 1 10 12 1 1 100 1 10 12 10 12 1 10 7 12 1 1 1 7 1 10 12 10 12 1 10 12 1 7 1 10 10 7 12 1 1 1 11 7 12 1 1 1 10 12 1 1 10 12 1 1 8 1 10 12 1 10 12 1 1 8 1 8 1 10 12 1 1 10 12 1 8 1 8 1 9 12 1 10 12 1 1 100 1 10 11 12 1 8 1 8 1 10 7 12 1 1 8 1 10 12 1 8 1 7 1 10 12 1 9 12 1 1 10 12 1 10 100 12 1 9 12 1 1 10 12 1 1 100 1 8 1 10 12 1 10 100 12 1 1 10 12 1 1 7 1 10 100 12 1 1 1 10 12 1 11 7 12 1 1 1 11 7 12 1 1 11 12 1 8 1 10 12 1 1 8 1 10 10 9 100 12 1 1 1 8 1 10 12 1 1 11 10 100 1 8 1 10 11 12 1 1 8 1 9 12 1 10 100 12 1 1 11 9 12 1 1 11 12 1 1 100 10 12 1 10 12 1 1 7 1 1 1 1 5 0 1 1 1 1 1 1 1 1 1 1 1 1 7 1 1 1 1 1 1 1 1 1 1 1 1 1 1 1 1 1 1 1 1 1 1 1 1 1 1 1 1 1 1 1 1 1 1 1 1 1 1 1 1 1 1 1 1 1 100 1 7 1 1 1 1 1 1 1 1 1 1 1 1 1 1 1 1 1 1
staticfield java/lang/Throwable UNASSIGNED_STACK [Ljava/lang/StackTraceElement; 0 [Ljava/lang/StackTraceElement;
staticfield java/lang/Throwable SUPPRESSED_SENTINEL Ljava/util/List; java/util/Collections$EmptyList
staticfield java/lang/Throwable EMPTY_THROWABLE_ARRAY [Ljava/lang/Throwable; 0 [Ljava/lang/Throwable;
staticfield java/lang/Throwable $assertionsDisabled Z 1
instanceKlass org/h2/util/SortedProperties
instanceKlass java/security/Provider
ciInstanceKlass java/util/Properties 1 1 690 10 7 12 1 1 1 100 1 10 7 12 1 1 7 1 10 12 1 9 12 1 1 9 12 1 1 9 12 1 1 10 7 12 1 1 1 10 12 1 1 8 1 10 7 12 1 1 1 7 1 10 12 1 10 12 1 1 8 1 10 12 1 7 1 10 12 10 12 1 1 9 12 1 1 10 12 1 1 7 1 10 12 1 10 12 1 10 12 1 1 100 1 8 1 10 12 1 10 12 1 10 12 1 1 10 12 1 7 1 3 10 10 7 12 1 1 1 10 12 1 10 12 1 1 8 1 10 12 1 10 12 1 1 8 1 10 7 12 1 1 10 12 1 1 10 12 1 10 12 1 1 100 1 10 12 1 10 12 1 1 7 1 9 7 12 1 1 1 10 12 1 10 12 1 1 10 12 1 1 10 12 1 1 7 1 9 12 1 1 7 1 7 1 10 12 1 7 1 11 7 12 1 1 1 11 12 1 1 11 7 12 1 1 1 11 7 12 1 1 1 11 12 1 1 11 12 1 11 12 1 10 12 1 1 8 1 10 12 1 10 7 12 1 1 10 12 1 7 1 10 10 12 1 10 12 1 100 1 10 10 12 1 1 10 7 12 1 1 9 100 12 1 1 10 12 1 1 10 100 12 1 1 1 100 1 100 1 100 1 10 8 1 8 1 10 12 1 10 12 1 10 12 1 1 10 10 12 1 1 10 12 1 1 7 1 10 10 12 1 11 7 12 1 1 10 7 12 1 1 1 8 1 10 100 12 1 1 11 11 7 1 8 1 10 100 1 11 10 12 1 10 10 12 1 10 12 1 1 10 12 1 1 10 12 1 1 10 12 1 10 12 1 10 10 12 1 10 12 1 10 12 1 10 10 12 1 1 10 12 1 1 10 10 12 1 10 12 1 10 12 1 10 12 1 10 12 1 1 10 12 1 1 10 12 1 10 12 1 10 12 1 1 10 12 10 12 1 1 10 12 1 1 10 12 1 10 12 1 1 10 12 1 1 10 12 10 11 12 1 4 11 10 12 1 1 10 100 12 1 1 11 12 1 10 12 1 1 10 100 12 1 1 10 12 1 100 1 8 1 10 12 1 10 10 100 12 1 1 1 100 1 6 0 10 12 1 1 11 100 12 1 1 1 10 12 1 10 12 1 1 1 1 1 5 0 1 1 1 1 1 1 1 1 1 1 1 1 1 1 1 1 1 1 1 1 1 1 1 1 1 1 1 1 1 1 1 1 1 1 1 1 1 1 1 100 1 1 1 1 1 1 1 1 1 1 1 1 1 1 1 1 1 1 1 1 100 1 1 1 1 1 1 1 1 1 1 1 1 7 1 7 1 1 1 1 1 100 1 1 1 1 1 1 1 1 1 1 1 1 1 1 1 1 1 1 1 1 1 1 1 1 1 1 1 1 1 1 1 1 1 1 1 1 1 1 1 1 1 1 1 1 1 1 1 1 1 1 1 1 1 1 1 1 1 1 1 1 1 1 1 1 1 1 1 1 1 1 1 1 1 1 1 1 1 7 1 1 1 1 1 1 1 1 1 1 1 100 1 1
staticfield java/util/Properties UNSAFE Ljdk/internal/misc/Unsafe; jdk/internal/misc/Unsafe
instanceKlass scala/collection/convert/JavaCollectionWrappers$DictionaryWrapper
instanceKlass java/util/Hashtable
ciInstanceKlass java/util/Dictionary 1 1 36 10 7 12 1 1 1 100 1 1 1 1 1 1 1 1 1 1 1 1 1 1 1 1 1 1 1 1 1 1 1 1 1 1 1 1
instanceKlass java/util/Properties
ciInstanceKlass java/util/Hashtable 1 1 516 7 1 10 7 12 1 1 1 9 7 12 1 1 1 100 1 7 1 10 8 1 10 12 1 1 10 12 1 10 12 1 1 10 12 1 10 7 12 1 1 1 8 1 10 12 1 9 12 1 1 7 1 9 12 1 1 4 10 7 12 1 1 1 9 12 1 4 10 12 1 11 7 12 1 1 1 10 12 1 1 10 12 1 1 9 12 1 10 12 1 1 100 1 10 9 12 1 1 10 7 12 1 1 1 9 12 1 1 10 12 1 10 12 1 3 9 12 1 9 12 1 3 10 12 1 10 12 1 10 12 1 1 11 12 1 1 11 100 12 1 1 1 11 7 12 1 1 1 11 12 1 100 1 11 12 1 11 12 1 10 12 1 1 10 12 1 1 10 12 1 9 12 1 1 9 12 9 12 1 1 10 100 1 7 1 10 12 1 10 8 1 10 10 12 1 8 1 10 8 1 10 100 12 1 1 1 7 1 10 12 1 10 12 1 100 1 10 12 1 10 12 1 1 100 1 10 100 1 10 10 12 1 1 11 12 1 1 11 12 1 7 1 10 10 10 100 12 1 1 11 100 12 1 1 1 100 1 10 11 100 12 1 1 11 100 12 1 10 12 1 10 12 1 1 10 100 12 1 1 10 12 1 1 10 12 1 1 10 12 1 1 10 100 12 1 1 1 8 10 100 12 1 1 100 1 8 1 10 4 4 10 12 1 1 10 12 1 8 1 4 10 12 10 100 12 1 1 1 100 1 11 100 12 1 1 1 10 100 12 1 1 1 10 12 1 10 12 1 1 10 7 1 7 1 1 1 1 1 1 5 0 1 1 1 1 1 3 1 3 1 3 1 1 1 1 1 1 1 1 1 1 1 1 1 1 1 1 1 1 1 1 1 1 1 1 1 100 1 1 1 1 1 1 1 1 1 1 1 1 1 1 1 1 1 1 1 1 1 1 1 1 1 1 1 1 1 7 1 1 1 1 1 1 1 1 1 1 1 1 1 1 7 1 1 1 1 1 1 1 1 1 1 1 1 1 1 1 1 1 1 1 1 1 1 1 1 1 1 1 1 1 1 1 1 1 1 1 1 1 1 1 1 1 1 1 1 100 1 1 1 7 1 1 1 1 1 7 1 1 1 1 1 1 1 1 1 1 1 1 1 1 1 1 1 1
ciInstanceKlass java/lang/String 1 1 1488 10 7 12 1 1 1 8 1 9 7 12 1 1 1 9 12 1 1 9 12 1 1 9 12 1 1 10 12 1 10 12 1 1 10 12 1 1 9 12 1 10 7 12 1 1 1 10 12 1 1 10 12 1 10 7 12 1 1 1 10 12 1 1 10 12 1 1 10 12 1 10 12 1 1 10 12 1 10 7 12 1 1 1 7 1 9 7 12 1 1 1 10 7 12 1 1 1 10 12 1 1 10 12 1 1 10 7 12 1 1 1 10 12 1 1 9 7 12 1 1 10 12 9 7 12 1 1 10 12 1 1 3 10 12 1 1 7 1 11 12 1 1 11 12 1 11 12 1 1 10 100 12 1 1 1 10 12 1 1 9 100 12 1 1 1 10 12 1 1 10 12 1 11 12 1 1 10 12 1 10 12 10 12 1 1 10 7 12 1 1 1 10 7 12 1 1 1 10 12 1 1 100 1 7 1 10 12 1 10 12 1 10 12 1 1 10 12 1 1 100 1 10 12 1 1 100 1 10 12 1 1 10 12 1 1 10 12 1 10 10 12 1 100 1 100 1 100 1 10 12 1 10 12 1 1 10 12 1 1 10 12 1 10 12 1 1 10 12 1 1 10 7 12 1 1 7 1 11 10 7 12 1 1 11 12 1 11 12 1 10 12 1 1 10 12 1 10 12 10 12 1 1 10 10 100 12 1 1 1 10 100 12 1 1 10 12 1 1 10 100 12 1 1 10 12 1 10 12 1 1 10 12 1 1 10 12 1 10 12 1 10 12 1 1 100 1 10 12 1 1 10 12 10 12 1 10 12 1 1 10 12 1 1 10 7 12 1 1 1 10 12 1 10 12 1 1 10 12 1 10 12 1 3 3 10 12 1 1 10 12 1 10 12 1 1 10 12 1 1 10 12 1 1 10 12 1 10 12 1 1 10 12 1 1 10 12 1 10 12 1 10 12 1 10 12 1 1 10 12 1 10 12 1 10 12 1 10 12 1 10 12 1 10 12 1 10 7 1 10 8 1 10 12 1 1 10 12 1 8 1 10 12 1 1 10 12 10 12 1 8 1 10 10 12 1 1 10 12 1 1 7 1 5 0 7 1 8 1 10 10 12 1 1 5 0 5 0 5 0 10 12 1 1 10 7 1 10 10 12 1 10 12 1 10 12 1 10 10 12 1 10 12 1 10 12 1 10 12 1 10 12 1 10 12 1 10 12 1 1 10 12 1 1 10 12 1 1 10 10 12 1 1 10 10 12 1 100 1 10 9 100 12 1 1 1 11 100 12 1 1 1 10 12 1 1 10 12 1 1 10 7 1 10 12 1 10 12 1 10 7 12 1 1 1 10 12 1 10 12 1 1 10 12 1 11 7 1 11 12 10 12 1 10 12 1 1 10 12 1 1 10 10 12 1 10 12 1 9 12 1 1 11 7 12 1 1 1 10 12 10 10 12 1 10 12 1 1 10 10 12 1 10 12 1 10 12 1 1 10 12 1 1 10 10 12 1 1 10 10 7 12 1 1 1 10 12 1 10 12 1 10 12 10 10 12 10 10 12 1 10 12 1 10 10 12 10 12 1 1 10 12 10 10 12 10 12 1 10 12 10 12 10 10 12 1 10 12 1 1 10 12 1 1 10 10 12 1 10 7 12 1 1 1 10 12 1 1 10 10 7 12 1 1 1 11 10 12 1 10 12 1 1 10 12 1 1 10 7 12 1 1 1 10 12 1 10 12 1 10 12 1 10 12 1 10 12 1 10 12 1 100 1 10 10 12 1 10 12 1 1 8 1 10 12 1 3 3 10 12 1 10 12 1 1 10 12 7 1 10 10 12 1 1 10 12 10 12 1 10 12 1 10 12 1 1 10 12 1 1 11 7 12 1 1 1 7 1 10 12 1 10 12 1 1 8 1 10 12 1 1 10 12 1 11 7 12 1 1 1 11 7 12 1 1 11 12 1 10 12 1 10 12 1 1 10 10 7 12 1 1 1 10 12 1 10 12 1 10 10 12 10 12 1 1 10 10 12 1 10 10 12 1 10 10 12 1 10 10 12 1 10 12 1 1 10 10 12 1 8 1 10 12 1 1 18 12 1 1 11 100 12 1 1 1 3 18 12 1 18 12 1 8 1 10 100 12 1 1 1 11 12 1 1 10 12 10 10 12 1 10 11 12 1 1 10 12 1 1 11 12 1 18 3 11 10 11 11 10 12 1 10 12 1 1 8 1 10 12 1 10 12 1 10 12 1 1 10 10 12 1 11 100 12 1 100 1 100 1 10 12 100 1 10 10 100 12 1 1 1 100 1 10 7 1 10 10 12 1 10 10 12 1 8 1 10 10 12 1 8 1 8 1 10 12 1 10 12 1 10 10 12 10 7 12 1 1 10 7 12 1 1 10 7 12 1 1 8 1 10 12 1 10 12 1 10 9 12 1 10 12 9 7 12 1 1 1 10 12 1 10 12 1 10 12 1 10 12 10 12 1 10 12 1 8 1 10 100 12 1 1 1 10 12 10 12 1 1 10 12 10 12 10 12 7 1 9 12 1 1 7 1 10 7 1 7 1 7 1 7 1 1 1 1 1 1 5 0 1 1 1 1 1 3 1 3 1 1 1 1 1 1 1 1 1 1 1 1 1 1 1 100 1 1 1 1 1 1 1 1 1 1 1 1 1 1 1 1 1 1 1 1 1 1 1 1 1 1 1 1 1 1 1 100 1 1 1 1 1 1 1 1 1 1 1 1 7 1 1 1 1 1 1 1 1 1 1 1 1 1 1 1 1 1 1 1 1 1 1 1 1 1 1 1 1 1 1 1 1 1 1 1 1 1 1 1 1 1 1 1 1 1 1 1 1 1 1 1 1 1 1 1 1 1 1 1 1 1 1 1 1 1 1 1 1 1 1 1 1 1 1 1 1 1 1 1 1 1 1 1 1 1 1 1 1 1 1 1 1 1 1 1 1 1 1 1 1 1 1 1 1 1 1 1 1 1 1 1 1 1 1 1 1 1 1 1 1 1 1 1 1 1 1 1 1 1 1 1 1 1 1 1 1 1 1 1 1 1 1 1 1 1 1 1 1 1 1 1 1 1 1 1 1 1 1 1 1 1 1 1 1 1 1 1 1 1 1 1 1 1 1 1 1 1 1 1 1 1 100 1 1 1 1 1 1 1 1 1 1 1 1 1 1 1 1 1 1 1 1 1 1 1 100 1 1 1 1 1 1 1 1 1 1 1 1 1 1 1 7 1 1 1 1 1 1 1 1 1 1 1 1 1 1 1 16 15 10 12 16 15 10 12 15 10 12 15 10 12 15 10 100 12 1 1 1 1 100 1 1 1 1 1 100 1 100 1 1 1
staticfield java/lang/String COMPACT_STRINGS Z 1
staticfield java/lang/String serialPersistentFields [Ljava/io/ObjectStreamField; 0 [Ljava/io/ObjectStreamField;
staticfield java/lang/String CASE_INSENSITIVE_ORDER Ljava/util/Comparator; java/lang/String$CaseInsensitiveComparator
ciInstanceKlass java/lang/constant/ConstantDesc 1 0 37 100 1 100 1 1 1 1 100 1 1 1 1 100 1 100 1 100 1 100 1 100 1 100 1 100 1 100 1 100 1 1 100 1 100 1 1
ciInstanceKlass sun/nio/cs/UTF_8 1 1 84 8 1 10 7 12 1 1 1 10 7 12 1 1 1 8 1 7 1 10 12 1 7 1 10 10 7 12 1 1 1 10 12 1 1 10 12 1 1 7 1 10 12 1 9 12 1 1 10 7 12 1 1 1 9 12 1 1 1 1 1 1 1 1 1 1 1 1 1 1 1 1 1 1 1 1 1 1 1 1 1 1 1 1
staticfield sun/nio/cs/UTF_8 INSTANCE Lsun/nio/cs/UTF_8; sun/nio/cs/UTF_8
staticfield sun/nio/cs/UTF_8 JLA Ljdk/internal/access/JavaLangAccess; java/lang/System$2
instanceKlass sun/nio/cs/MS1250
instanceKlass sun/nio/cs/US_ASCII
instanceKlass sun/nio/cs/ISO_8859_1
instanceKlass sun/nio/cs/Unicode
ciInstanceKlass java/nio/charset/Charset 1 1 371 10 7 12 1 1 1 100 1 10 12 1 1 10 12 1 1 9 7 12 1 1 1 9 12 1 7 1 100 1 10 12 1 9 100 12 1 1 1 10 100 12 1 1 1 10 12 1 1 10 7 12 1 1 1 10 12 1 100 1 10 10 7 12 1 1 1 10 12 1 9 100 12 1 1 1 10 7 12 1 1 1 100 1 8 1 10 10 12 1 1 10 12 1 9 12 1 1 10 12 1 10 12 1 10 12 1 1 10 12 1 10 12 1 100 1 10 11 7 12 1 1 11 12 1 10 12 1 1 11 7 12 1 1 1 100 1 10 100 1 9 12 1 1 10 7 12 1 1 9 100 12 1 1 1 10 9 12 1 1 10 12 1 1 10 7 12 1 1 1 10 12 1 1 10 100 12 1 1 1 100 8 1 8 1 8 1 9 12 1 9 12 1 9 12 1 1 11 100 12 1 1 1 8 1 10 12 1 1 8 1 10 100 12 1 1 1 9 100 12 1 1 1 10 100 12 1 1 1 10 12 1 10 12 1 1 100 1 7 1 10 12 1 10 12 1 1 10 100 12 1 1 10 12 10 12 1 1 10 100 12 1 1 1 10 10 12 1 1 10 12 1 10 12 1 1 7 1 10 7 1 1 1 1 1 1 1 1 1 1 1 1 1 1 1 1 1 1 1 1 1 1 7 1 1 1 100 1 100 1 1 1 1 1 1 1 1 1 1 1 1 1 1 1 1 1 1 1 1 1 1 1 1 1 1 1 1 1 1 1 1 1 1 1 1 1 1 1 1 1 1 1 1 1 1 1 1 1 1 1 1 1 1 1 1 1 100 1 1 1 1
staticfield java/nio/charset/Charset standardProvider Ljava/nio/charset/spi/CharsetProvider; sun/nio/cs/StandardCharsets
staticfield java/nio/charset/Charset zeroAliases [Ljava/lang/String; 0 [Ljava/lang/String;
ciInstanceKlass sun/nio/cs/HistoricallyNamedCharset 1 0 9 100 1 100 1 1 1 1 1
instanceKlass java/util/zip/ZipError
ciInstanceKlass java/lang/InternalError 1 0 34 10 100 12 1 1 1 10 12 1 10 12 1 10 12 1 100 1 1 1 1 5 0 1 1 1 1 1 1 1 1 1 1 1
instanceKlass com/sun/tools/javac/processing/ServiceProxy$ServiceConfigurationError
instanceKlass com/sun/tools/javac/util/Abort
instanceKlass com/sun/tools/javac/processing/AnnotationProcessingError
instanceKlass com/sun/tools/javac/util/FatalError
instanceKlass java/util/ServiceConfigurationError
instanceKlass com/google/common/util/concurrent/ExecutionError
instanceKlass org/scalafmt/dynamic/ScalafmtDynamicError$ScalafmtInterfaceMethodDeprecated
instanceKlass org/scalafmt/dynamic/ScalafmtDynamicError
instanceKlass java/lang/ThreadDeath
instanceKlass jdk/internal/misc/ScopedMemoryAccess$ScopedAccessError
instanceKlass scala/NotImplementedError
instanceKlass java/lang/AssertionError
instanceKlass java/lang/VirtualMachineError
instanceKlass java/lang/LinkageError
ciInstanceKlass java/lang/Error 1 1 58 10 7 12 1 1 1 9 12 1 1 10 100 12 1 1 1 10 100 12 1 1 1 10 12 1 10 12 1 10 12 1 10 12 1 100 1 1 1 1 5 0 1 1 1 1 1 1 1 1 100 1 1 1 1 1 1 1
instanceKlass java/lang/StackOverflowError
instanceKlass java/lang/OutOfMemoryError
instanceKlass java/lang/InternalError
ciInstanceKlass java/lang/VirtualMachineError 1 1 34 10 7 12 1 1 1 10 12 1 10 12 1 10 12 1 100 1 1 1 1 5 0 1 1 1 1 1 1 1 1 1 1 1
ciInstanceKlass java/util/Iterator 1 1 53 100 1 8 1 10 12 1 1 10 7 12 1 1 1 11 7 12 1 1 1 11 12 1 1 11 7 12 1 1 1 7 1 1 1 1 1 1 1 1 1 1 1 1 1 1 1 1 1 1 1 1 1
instanceKlass sun/nio/ch/NioSocketImpl$1
instanceKlass java/net/Socket$SocketInputStream
instanceKlass java/io/ObjectInputStream
instanceKlass org/h2/mvstore/StreamStore$Stream
instanceKlass org/h2/store/CountingReaderInputStream
instanceKlass java/io/SequenceInputStream
instanceKlass com/sun/org/apache/xerces/internal/impl/XMLEntityManager$RewindableInputStream
instanceKlass sun/nio/ch/ChannelInputStream
instanceKlass java/util/jar/JarVerifier$VerifierStream
instanceKlass java/util/zip/ZipFile$ZipFileInputStream
instanceKlass java/io/FilterInputStream
instanceKlass java/io/FileInputStream
instanceKlass java/io/ByteArrayInputStream
ciInstanceKlass java/io/InputStream 1 1 195 7 1 10 7 12 1 1 1 100 1 10 10 7 12 1 1 1 10 7 12 1 1 1 10 12 1 100 1 3 10 12 1 1 100 1 8 1 10 12 1 10 7 12 1 1 1 3 7 1 8 1 10 10 7 12 1 1 1 7 1 10 11 7 12 1 1 1 10 12 1 1 11 12 1 1 11 7 12 1 1 1 11 12 1 1 7 1 10 7 12 1 1 1 5 0 10 12 1 10 12 1 1 100 1 10 8 1 10 8 1 8 1 10 12 1 1 10 100 12 1 1 1 7 1 5 0 10 12 1 100 1 7 1 1 1 1 3 1 3 1 1 1 1 1 1 1 1 1 1 1 1 1 1 1 1 1 1 1 1 1 1 1 1 1 1 1 1 1 1 1 1 1 1 1 1 1 1 1 1 1 1 1 1 1 1 1 1 1 1 1 1 1 1 1
ciInstanceKlass jdk/internal/misc/Unsafe 1 1 1242 10 7 12 1 1 1 9 7 12 1 1 1 9 12 1 1 10 12 1 1 10 7 12 1 1 1 10 12 1 1 10 12 1 1 10 12 1 1 10 12 1 1 10 12 1 1 10 12 1 1 10 12 1 1 10 12 1 1 10 12 1 1 10 12 1 1 10 12 1 1 10 12 1 1 10 12 1 1 10 12 1 10 12 1 100 1 10 10 12 1 1 10 12 1 1 5 0 10 12 1 1 10 12 1 1 10 7 12 1 1 1 10 12 1 1 10 12 1 10 12 1 10 12 1 1 10 12 1 1 10 12 1 10 12 1 7 1 7 1 10 8 1 10 12 1 1 10 12 1 8 1 10 12 1 1 10 12 1 10 12 1 10 12 1 1 10 12 1 10 12 1 1 10 12 1 1 10 12 1 10 12 1 10 12 1 10 12 1 1 10 12 1 10 12 1 10 12 1 1 10 12 1 5 0 5 0 5 0 10 12 1 10 12 1 10 12 1 10 12 1 10 12 1 10 12 1 10 12 1 10 12 1 10 12 1 1 10 12 1 10 12 1 7 1 8 1 10 100 1 10 10 12 1 1 10 12 1 1 10 12 1 10 12 1 1 10 12 1 1 10 12 1 10 12 1 1 10 12 1 9 7 12 1 1 9 12 1 100 1 10 10 12 1 1 8 1 10 8 1 8 1 10 12 1 1 9 7 12 1 1 1 9 7 1 9 7 1 9 7 1 9 9 7 1 9 7 1 9 7 1 10 12 1 1 10 12 1 1 10 12 1 1 10 12 1 1 5 0 5 0 9 12 1 1 10 12 1 10 12 1 10 12 1 1 10 12 1 1 10 12 1 8 1 3 10 12 1 1 10 12 1 1 10 12 1 10 12 1 1 10 12 1 1 10 12 1 10 12 1 10 12 1 10 12 1 10 12 1 10 12 1 1 10 12 1 1 10 12 1 10 12 1 10 12 1 10 12 1 10 12 1 10 12 1 1 10 12 1 1 10 12 1 10 12 1 10 12 1 10 12 1 10 12 1 10 12 1 1 10 12 1 1 10 12 1 1 10 12 1 1 10 12 1 10 12 1 10 12 1 10 12 1 10 12 1 10 12 1 10 12 1 1 10 12 1 1 10 12 1 10 12 1 10 12 1 10 12 1 10 12 1 10 12 1 10 12 1 1 10 12 1 1 10 12 1 10 12 1 10 12 1 10 12 1 10 12 1 10 12 1 10 12 1 10 12 1 1 10 12 1 10 12 1 10 12 1 10 12 1 10 12 1 1 10 12 1 10 12 1 10 12 1 10 12 1 10 12 1 10 12 1 10 12 1 10 12 1 1 10 12 1 10 12 1 10 12 1 10 12 1 10 12 1 10 12 1 1 10 12 1 10 12 1 10 12 1 1 10 12 1 10 12 1 10 12 1 10 12 1 10 12 1 10 12 1 10 12 1 10 12 1 10 12 1 10 12 1 10 12 1 10 12 1 10 12 1 10 12 1 10 12 1 10 12 1 10 12 1 10 12 1 10 12 1 10 12 1 10 12 1 10 12 1 10 12 1 100 1 10 100 1 10 9 12 1 5 0 10 12 1 1 5 0 10 12 1 5 0 10 12 1 10 12 1 10 12 1 1 10 12 1 1 10 12 1 10 12 1 10 12 1 10 12 1 1 10 12 1 10 12 1 10 12 1 10 12 1 10 12 1 1 10 12 1 10 12 1 10 12 1 10 12 1 1 10 12 1 10 12 1 10 12 1 1 10 12 1 10 12 1 10 12 1 10 12 1 1 10 12 1 10 10 12 1 1 10 12 1 10 12 1 1 10 12 1 10 12 5 0 5 0 5 0 10 12 1 1 10 12 1 10 12 1 10 12 10 100 12 1 1 8 1 100 1 11 12 1 1 8 1 11 12 1 1 10 100 12 1 1 10 12 1 10 7 1 10 12 1 9 12 1 7 1 9 12 1 7 1 9 12 1 7 1 9 12 1 7 1 9 12 1 7 1 9 12 1 7 1 9 12 1 7 1 9 12 1 7 1 9 12 1 10 12 1 9 12 1 9 12 1 9 12 1 9 12 1 9 12 1 9 12 1 9 12 1 9 12 1 9 12 1 9 12 1 1 1 3 1 1 1 1 1 1 1 1 1 1 1 1 1 1 1 1 1 1 1 1 1 1 1 1 1 1 1 1 1 1 1 1 1 1 1 1 1 1 1 1 1 1 1 1 1 1 1 1 1 1 1 1 1 1 1 1 1 1 1 1 1 1 1 1 1 1 1 1 1 1 1 1 1 1 1 1 1 1 1 1 1 1 1 1 1 1 1 1 1 1 100 1 1 1 1 1 1 1 1 1 1 1 1 1 1 1 1 1 1 1 1 1 1 1 1 1 1 1 1 1 1 1 1 1 1 1 1 1 1 1 1 1 1 1 1 1 1 1 1 1 1 1 1 1 1 1 1 1 1 1 1 1 1 1 1 1 1 1 1 1 1 1 1 1 1 1 1 1 1 1 1 1 1 1 1 1 1 1 1 1 1 1 1 1 1 1 1 1 1 1 1 1 1 1 1 1 1 1 1 1 1 1 1 1 1 1 1 1 1 1 1 1 1 1 1 1 1 1 1 1 1 1 1 1 1 1 1 1 1 1 1 1 1 1 1 1 1 1 1 1 1 1 1 1 1 1 1 1 1 1 1 1 1 1 1 1 1 1 1 1 1 1 1 1 1 1 1 1 1 1 1 1 1 1 1 1 1 1 1 1 1 1 1 1 1 1 1 1 1 1 1 1 1 1 1 1 1 1 1 1 1 1 1 1
staticfield jdk/internal/misc/Unsafe theUnsafe Ljdk/internal/misc/Unsafe; jdk/internal/misc/Unsafe
staticfield jdk/internal/misc/Unsafe ARRAY_BOOLEAN_BASE_OFFSET I 16
staticfield jdk/internal/misc/Unsafe ARRAY_BYTE_BASE_OFFSET I 16
staticfield jdk/internal/misc/Unsafe ARRAY_SHORT_BASE_OFFSET I 16
staticfield jdk/internal/misc/Unsafe ARRAY_CHAR_BASE_OFFSET I 16
staticfield jdk/internal/misc/Unsafe ARRAY_INT_BASE_OFFSET I 16
staticfield jdk/internal/misc/Unsafe ARRAY_LONG_BASE_OFFSET I 16
staticfield jdk/internal/misc/Unsafe ARRAY_FLOAT_BASE_OFFSET I 16
staticfield jdk/internal/misc/Unsafe ARRAY_DOUBLE_BASE_OFFSET I 16
staticfield jdk/internal/misc/Unsafe ARRAY_OBJECT_BASE_OFFSET I 16
staticfield jdk/internal/misc/Unsafe ARRAY_BOOLEAN_INDEX_SCALE I 1
staticfield jdk/internal/misc/Unsafe ARRAY_BYTE_INDEX_SCALE I 1
staticfield jdk/internal/misc/Unsafe ARRAY_SHORT_INDEX_SCALE I 2
staticfield jdk/internal/misc/Unsafe ARRAY_CHAR_INDEX_SCALE I 2
staticfield jdk/internal/misc/Unsafe ARRAY_INT_INDEX_SCALE I 4
staticfield jdk/internal/misc/Unsafe ARRAY_LONG_INDEX_SCALE I 8
staticfield jdk/internal/misc/Unsafe ARRAY_FLOAT_INDEX_SCALE I 4
staticfield jdk/internal/misc/Unsafe ARRAY_DOUBLE_INDEX_SCALE I 8
staticfield jdk/internal/misc/Unsafe ARRAY_OBJECT_INDEX_SCALE I 8
staticfield jdk/internal/misc/Unsafe ADDRESS_SIZE I 8
instanceKlass scalafix/internal/interfaces/ScalafixInterfacesClassloader
instanceKlass scala/meta/internal/worksheets/MdocClassLoader
instanceKlass scala/meta/internal/metals/PresentationCompilerClassLoader
instanceKlass jdk/internal/reflect/DelegatingClassLoader
instanceKlass java/security/SecureClassLoader
ciInstanceKlass java/lang/ClassLoader 1 1 1108 9 7 12 1 1 1 10 7 12 1 1 1 9 12 1 1 10 7 12 1 1 1 7 1 10 12 1 1 10 12 1 1 9 12 1 1 10 12 1 1 100 1 10 12 1 10 12 1 1 10 7 12 1 1 1 100 1 8 1 10 12 1 10 7 12 1 1 1 10 7 12 1 10 7 1 10 7 1 7 1 7 1 10 12 1 10 12 1 9 12 1 1 10 10 7 12 1 1 1 9 12 1 1 9 12 1 9 12 1 1 9 12 1 9 12 1 1 9 12 1 1 7 1 10 12 1 9 12 1 1 10 12 1 1 10 7 12 1 1 1 9 12 1 9 12 1 1 9 12 1 10 12 1 1 9 12 10 12 1 1 7 1 10 8 1 10 12 1 1 10 12 1 10 7 1 7 1 10 12 1 1 10 7 12 1 1 1 8 1 10 12 1 10 12 1 10 12 1 1 10 12 1 1 10 12 1 1 10 12 1 1 10 12 1 1 10 12 1 7 1 10 12 1 10 100 12 1 1 1 10 12 1 1 10 12 1 10 12 1 10 12 1 10 12 1 10 12 1 1 10 10 12 1 10 12 1 10 100 12 1 1 10 12 1 1 10 12 1 1 10 12 1 100 1 10 12 1 7 1 10 12 1 10 7 12 1 1 1 10 10 12 1 1 10 12 1 1 7 1 8 1 10 8 1 10 12 1 10 12 1 100 1 8 1 10 12 1 1 10 12 1 1 10 10 12 1 1 10 12 1 1 10 12 1 1 10 7 1 10 12 1 1 10 12 1 1 10 12 1 1 10 12 1 1 10 12 1 1 10 12 1 1 10 12 1 10 7 12 1 1 1 10 12 1 10 12 1 10 12 1 1 10 12 1 10 12 1 10 12 1 10 12 1 1 10 12 1 10 12 1 1 8 1 9 12 1 10 12 1 1 8 1 8 1 10 7 12 1 1 100 1 10 10 12 10 12 1 10 12 1 10 12 1 10 12 1 1 10 7 12 1 1 10 12 1 10 7 1 7 1 10 12 1 1 10 12 1 10 7 1 10 12 1 100 1 18 12 1 10 100 12 1 1 1 10 100 12 1 1 1 10 7 12 1 1 10 12 1 10 12 1 100 1 10 12 1 8 1 10 10 12 1 1 10 12 1 10 12 1 1 100 1 10 12 1 10 12 1 1 10 7 12 1 1 10 12 1 8 1 100 1 10 10 12 1 9 12 1 10 7 12 1 1 10 12 1 7 1 8 1 10 12 1 10 8 1 8 1 10 12 1 1 10 12 1 1 10 12 1 1 10 7 12 1 1 7 1 100 1 10 12 1 1 7 1 7 1 10 7 12 1 1 10 12 1 10 12 1 1 10 12 1 10 12 1 1 10 12 1 1 9 100 12 1 1 1 10 12 1 1 10 12 1 10 12 1 10 12 1 1 10 12 1 8 1 7 1 18 12 1 1 10 12 1 1 10 12 1 10 12 1 10 12 1 8 1 10 12 1 10 12 1 18 12 1 11 100 12 1 1 1 100 1 10 12 1 1 10 12 1 10 11 12 1 1 10 18 10 12 1 1 11 7 12 1 18 12 1 11 12 1 1 10 12 10 12 1 1 10 12 1 1 100 1 8 1 10 10 12 1 8 1 8 1 10 100 12 1 1 10 12 1 100 1 10 10 12 1 8 1 8 1 8 1 10 12 1 10 12 1 1 10 12 1 10 7 12 1 1 1 11 7 12 1 1 100 1 10 11 10 12 1 10 12 1 10 12 1 1 9 7 12 1 1 9 12 1 1 9 12 9 12 1 9 12 1 9 12 1 8 10 12 1 1 10 7 12 1 1 1 10 12 1 1 10 12 1 1 10 12 1 10 10 12 1 11 12 1 1 10 100 12 1 1 1 100 1 10 12 1 10 12 1 10 12 1 1 1 1 1 1 1 1 1 1 1 1 1 1 1 1 1 1 1 1 1 1 1 1 1 1 1 1 100 1 1 1 1 1 1 1 1 1 1 1 1 1 1 1 1 1 1 1 1 1 100 1 1 1 1 1 1 1 1 1 1 100 1 1 1 1 1 1 1 1 1 1 1 1 1 1 1 1 1 1 1 1 1 1 1 1 1 1 1 1 1 1 1 1 1 1 1 1 1 1 1 1 1 100 1 1 1 1 1 1 1 1 1 1 1 1 1 1 1 1 1 1 1 7 1 1 1 1 1 1 1 1 1 1 1 1 1 1 1 1 1 1 1 1 1 1 1 1 1 1 1 1 1 1 1 1 1 1 1 1 1 1 1 1 1 1 1 1 1 1 1 1 1 1 100 1 1 1 1 1 1 1 1 1 1 1 1 1 1 1 1 1 1 1 1 1 1 1 1 1 1 1 1 1 1 1 1 1 1 1 1 1 1 1 1 1 1 1 1 1 1 16 1 15 10 12 16 1 16 15 10 12 16 1 16 1 15 10 12 16 15 10 12 16 15 10 12 16 15 10 100 12 1 1 1 1 1 100 1 100 1 1
staticfield java/lang/ClassLoader nocerts [Ljava/security/cert/Certificate; 0 [Ljava/security/cert/Certificate;
staticfield java/lang/ClassLoader $assertionsDisabled Z 1
ciInstanceKlass java/lang/reflect/Constructor 1 1 439 10 100 12 1 1 1 10 100 12 1 1 9 7 12 1 1 1 10 12 1 1 10 12 1 1 10 100 12 1 1 9 12 1 1 10 7 12 1 1 1 9 12 1 1 9 12 1 1 9 12 1 9 12 1 1 9 12 1 9 12 1 1 9 12 1 1 9 12 1 100 1 8 1 10 12 1 10 12 1 9 12 1 1 10 7 12 1 1 10 7 12 1 1 1 10 12 1 1 10 12 1 1 10 12 1 7 1 100 1 8 1 10 10 12 1 10 12 1 10 12 1 1 10 12 1 1 9 100 12 1 1 1 10 7 12 1 1 10 12 1 1 10 12 1 10 12 1 1 10 7 12 1 1 1 10 100 12 1 1 10 12 1 1 10 12 1 10 7 12 1 1 1 8 1 10 10 12 1 100 1 8 1 10 12 1 10 12 1 1 10 12 1 1 10 12 1 10 12 1 10 12 1 1 10 12 1 1 9 12 1 1 10 12 1 1 10 12 1 1 10 12 1 1 11 7 12 1 1 1 10 12 1 1 10 12 1 10 12 1 10 12 1 8 1 9 12 1 1 10 7 12 1 1 1 10 7 12 1 1 10 12 1 1 10 12 1 1 10 12 1 1 10 12 1 1 10 12 1 9 7 12 1 1 10 12 1 10 12 1 10 12 1 100 1 8 1 10 10 12 1 1 10 12 1 10 10 12 1 1 10 12 1 1 10 100 12 1 1 1 11 100 12 1 1 1 10 12 1 1 9 100 12 1 1 1 10 100 12 1 1 1 10 12 1 1 1 1 1 1 1 1 1 1 1 1 1 1 1 1 1 1 1 1 1 1 1 1 1 1 1 1 1 1 1 1 1 1 1 1 1 1 1 1 1 1 1 1 1 1 1 1 1 1 1 1 100 1 100 1 100 1 100 1 1 1 1 1 1 1 1 1 1 1 1 1 1 1 1 1 1 1 1 1 1 1 1 1 1 1 1 1 1 1 1 1 100 1 1
instanceKlass java/lang/reflect/Executable
instanceKlass java/lang/reflect/Field
ciInstanceKlass java/lang/reflect/AccessibleObject 1 1 402 10 7 12 1 1 1 9 100 12 1 1 1 10 7 12 1 1 1 10 7 12 1 1 10 7 12 1 1 1 10 100 12 1 1 1 10 12 1 1 10 12 1 1 9 12 1 1 7 1 10 7 12 1 1 1 11 12 1 7 1 10 12 1 7 1 100 1 10 12 1 10 12 1 1 10 12 1 1 10 12 1 1 10 12 1 1 7 1 10 7 12 1 1 1 10 12 1 1 11 10 7 12 1 1 1 10 12 1 1 10 12 1 10 12 1 10 12 1 1 10 12 1 8 1 7 1 7 1 10 10 12 1 1 8 1 10 12 1 10 12 1 8 1 8 1 8 1 8 1 8 1 8 1 8 1 8 1 8 1 100 1 10 12 1 10 12 1 9 12 1 1 10 12 1 1 10 12 1 10 7 1 100 1 8 1 10 8 1 10 12 1 8 1 10 12 1 10 12 1 1 10 100 1 8 1 10 11 7 12 1 1 1 10 12 1 1 10 12 1 1 10 12 1 1 9 12 1 1 100 1 10 12 1 7 1 10 12 1 10 12 1 1 10 100 1 10 12 1 10 12 10 12 1 10 12 1 10 12 1 1 10 12 1 9 12 1 10 100 12 1 1 8 1 10 100 12 1 1 1 8 1 10 7 12 1 1 1 9 12 1 7 1 10 7 1 10 10 7 12 1 1 1 7 1 10 10 7 12 1 1 1 7 1 9 12 1 1 1 1 1 1 1 1 1 1 1 1 1 1 1 1 1 1 1 1 1 1 1 1 1 1 1 1 1 1 1 1 1 1 1 1 1 1 1 1 1 1 1 1 1 1 1 1 1 1 1 1 1 1 1 1 1 1 1 1 1 1 1 1 1 1 1 1 1 1 1 1 1 1 1 1 1 1 1 1 1 1 1 1 1 1
staticfield java/lang/reflect/AccessibleObject reflectionFactory Ljdk/internal/reflect/ReflectionFactory; jdk/internal/reflect/ReflectionFactory
instanceKlass java/lang/reflect/Constructor
instanceKlass java/lang/reflect/Method
ciInstanceKlass java/lang/reflect/Executable 1 1 581 10 7 12 1 1 1 10 7 12 1 1 1 10 7 12 1 1 1 11 7 12 1 1 1 10 7 12 1 1 1 10 12 1 1 10 7 12 1 1 1 10 7 12 1 1 1 10 12 1 8 1 10 10 12 1 1 10 12 1 1 10 100 12 1 1 1 18 12 1 1 11 100 12 1 1 1 8 1 8 1 8 1 10 100 12 1 1 1 11 12 1 1 7 1 8 1 8 1 10 12 1 7 1 8 1 10 12 1 8 1 11 100 12 1 1 1 7 1 11 7 12 1 1 1 11 12 1 8 1 18 8 1 10 12 1 10 12 1 1 18 8 1 10 12 1 100 1 10 12 1 10 12 1 11 12 1 10 12 1 1 8 1 8 1 10 12 1 1 10 12 1 1 10 10 12 1 9 100 12 1 1 1 10 100 12 1 1 1 10 12 1 10 12 1 1 10 7 12 1 1 10 12 1 10 12 1 10 12 1 10 7 12 1 1 7 1 10 100 12 1 1 1 10 12 1 1 10 7 12 1 1 10 12 1 10 12 1 1 9 7 12 1 1 1 10 7 10 12 1 8 1 10 12 1 10 12 1 3 100 1 8 1 10 12 1 10 12 1 10 10 12 1 10 12 1 1 8 1 8 1 8 1 9 12 1 1 9 12 1 10 12 1 100 1 8 1 10 12 1 10 12 1 10 12 1 1 10 12 1 1 10 12 1 10 12 10 12 1 100 1 10 12 1 10 12 1 1 100 1 10 7 12 1 1 1 7 1 10 7 12 1 1 1 10 12 1 1 11 7 12 1 1 10 12 1 10 100 12 1 1 1 10 12 1 1 9 12 1 10 12 1 1 10 12 1 10 12 1 1 9 100 12 1 1 1 10 100 12 1 1 1 10 12 1 10 12 1 1 9 12 1 10 10 10 10 100 12 1 1 1 10 12 1 9 12 1 10 12 1 1 9 12 1 7 1 7 1 1 1 1 1 1 1 1 1 1 1 1 1 1 1 1 1 1 1 1 1 1 1 1 1 1 1 1 1 1 1 1 1 1 1 1 100 1 1 1 1 1 1 1 1 1 1 1 1 1 1 1 1 1 1 1 100 1 1 1 1 1 1 1 1 1 1 1 1 1 1 1 1 1 1 1 1 1 1 1 1 1 1 1 1 1 1 1 1 1 1 1 1 1 1 1 1 1 1 1 7 1 1 1 1 1 1 1 1 1 1 1 1 1 1 1 1 1 1 1 1 1 1 7 1 1 16 15 16 1 16 1 15 10 12 16 15 10 100 12 1 1 1 1 1 1 100 1 1 100 1 100 1 1
ciInstanceKlass java/lang/reflect/Member 1 1 37 100 1 10 12 1 1 100 1 100 1 1 1 1 3 1 3 1 1 1 1 1 1 1 1 1 1 1 1 1 1 1 1 1 1 1 1
instanceKlass com/sun/tools/javac/file/BaseFileManager$1
instanceKlass org/h2/engine/OnExitDatabaseCloser
instanceKlass org/h2/mvstore/FileStore$BackgroundWriterThread
instanceKlass scala/meta/internal/worksheets/WorksheetProvider$$anon$1
instanceKlass java/util/logging/LogManager$Cleaner
instanceKlass scribe/file/Platform$$anon$1
instanceKlass java/util/concurrent/ForkJoinWorkerThread
instanceKlass jdk/internal/misc/InnocuousThread
instanceKlass java/lang/ref/Finalizer$FinalizerThread
instanceKlass java/lang/ref/Reference$ReferenceHandler
instanceKlass java/lang/BaseVirtualThread
ciInstanceKlass java/lang/Thread 1 1 872 10 7 12 1 1 1 9 12 1 1 10 7 12 1 1 10 12 1 10 100 12 1 1 100 1 8 1 10 12 1 1 9 12 1 1 9 12 1 9 12 1 1 7 1 10 12 1 1 10 12 1 10 7 12 1 1 1 10 12 9 12 1 1 10 12 1 7 1 10 12 1 10 12 1 1 10 12 1 1 10 12 1 10 12 1 1 100 1 8 1 10 9 7 12 1 1 1 10 12 1 1 10 3 8 1 7 1 5 0 10 7 12 1 1 1 9 12 1 10 12 1 1 10 7 12 1 1 1 10 7 12 1 1 1 10 12 1 1 10 12 1 1 9 12 1 1 10 7 1 8 1 10 7 1 10 12 1 9 12 1 1 10 7 12 1 1 1 10 10 12 1 1 9 100 12 1 1 1 10 12 1 1 10 12 1 1 10 7 12 1 1 10 12 1 10 12 1 10 7 12 1 1 9 12 1 10 7 12 1 1 1 10 12 1 1 9 12 1 1 9 12 1 1 10 7 12 1 1 1 9 12 1 1 10 7 12 1 1 10 7 12 1 1 1 10 12 1 10 12 1 10 7 12 1 1 9 12 1 8 1 9 7 12 1 1 9 12 1 1 5 0 100 1 10 100 1 10 100 1 10 7 1 10 8 1 10 12 1 1 10 7 12 1 10 12 1 10 12 1 100 1 8 1 10 10 12 1 10 12 1 1 10 100 12 1 1 1 10 100 12 1 1 1 10 12 1 7 1 9 12 1 1 100 1 10 10 12 1 9 12 1 1 10 12 1 1 10 12 1 1 10 12 1 10 12 1 9 12 1 1 10 10 12 1 1 10 12 1 1 11 7 12 1 1 10 7 12 1 1 9 12 1 9 12 1 1 9 12 1 1 10 100 12 1 1 10 12 1 1 9 7 12 1 1 1 10 7 12 1 1 10 12 1 10 12 1 100 1 10 10 12 9 12 1 1 10 12 1 11 100 12 1 1 11 12 1 10 12 1 10 12 1 10 12 1 9 12 1 10 10 12 1 10 12 1 1 9 12 1 9 12 10 12 1 8 1 10 12 1 10 12 1 10 12 1 10 12 1 10 12 1 1 10 12 1 10 12 1 1 10 12 1 10 12 1 10 12 1 10 12 1 10 12 1 1 9 7 12 1 1 1 8 1 10 9 12 1 10 12 1 7 1 8 1 10 10 12 1 8 1 10 12 1 1 9 12 10 12 8 1 10 10 12 1 10 12 1 8 1 10 12 1 10 8 1 10 100 12 1 1 10 12 1 1 100 1 8 1 10 9 12 1 9 12 1 1 10 12 1 1 10 10 12 1 10 12 1 100 10 7 12 1 1 1 9 12 1 10 12 1 1 10 12 1 1 10 100 12 1 1 1 11 7 12 1 1 1 9 100 12 1 1 1 10 100 12 1 1 1 7 1 10 12 1 100 1 10 12 1 10 12 1 1 10 12 1 1 8 1 9 12 1 10 12 1 10 12 1 1 11 7 12 1 1 1 10 12 1 1 1 1 3 1 3 1 3 1 3 1 1 1 1 1 1 1 1 1 1 1 1 1 1 1 1 1 1 1 1 1 7 1 1 1 1 1 1 1 1 1 1 1 1 1 1 1 1 1 1 1 1 100 1 1 1 1 1 1 1 1 1 1 1 1 1 1 1 1 1 1 7 1 7 1 1 1 1 1 1 1 1 1 1 1 1 1 1 1 1 1 1 1 1 1 1 1 1 1 1 1 1 1 1 1 1 1 1 1 1 1 1 1 1 1 1 1 1 1 1 1 1 1 1 1 1 1 1 1 1 1 1 1 1 1 1 1 1 1 1 1 1 1 1 1 1 1 1 100 100 1 1 1 1 1 1 1 1 1 1 1 1 1 1 1 1 1 1 1 1 1 1 1 1 1 1 100 1 100 1 100 1 100 1 100 1 1 100 1 1 1 1 1 1 1 1 1 1 1 1 1 1 1
staticfield java/lang/Thread NEW_THREAD_BINDINGS Ljava/lang/Object; java/lang/Class
staticfield java/lang/Thread EMPTY_STACK_TRACE [Ljava/lang/StackTraceElement; 0 [Ljava/lang/StackTraceElement;
ciInstanceKlass java/lang/Runnable 1 0 11 100 1 100 1 1 1 1 1 1 1
ciInstanceKlass java/net/URL 1 1 771 10 7 12 1 1 1 10 12 1 10 7 12 1 1 9 12 1 1 9 12 1 10 7 12 1 1 1 10 12 1 1 10 12 1 1 9 12 1 1 10 7 12 1 1 1 8 1 10 12 1 1 7 1 10 10 12 1 1 8 1 10 12 1 1 9 12 1 100 1 8 1 10 12 1 10 12 1 8 1 9 12 1 10 12 1 1 9 12 1 10 12 1 10 12 1 9 12 1 9 12 1 8 1 9 12 1 10 12 1 1 8 1 9 12 1 1 10 12 1 1 10 7 12 1 1 1 8 1 10 12 1 7 1 10 12 1 10 12 1 10 12 1 10 12 1 1 10 12 1 1 8 1 10 12 1 1 10 12 1 8 1 9 12 1 8 1 10 12 1 10 7 12 1 1 1 7 1 10 12 1 10 12 1 1 10 7 12 1 1 1 100 1 8 1 10 10 12 1 8 1 10 12 1 1 10 12 1 10 12 1 10 12 1 10 12 1 10 12 1 10 12 1 8 1 10 12 1 8 1 10 10 100 1 10 10 12 1 8 1 10 7 12 1 1 1 10 12 1 9 100 12 1 1 1 10 7 12 1 1 1 9 12 1 1 10 12 1 10 100 12 1 1 1 100 1 100 1 10 12 1 10 12 1 10 12 1 10 12 1 10 12 1 10 12 10 10 12 1 10 12 1 10 12 1 1 8 1 9 100 12 1 1 1 10 100 12 1 1 1 10 12 1 1 9 100 12 1 1 1 10 12 1 1 100 1 10 12 1 10 12 1 10 10 12 1 1 10 12 1 1 10 12 1 10 12 1 10 12 1 10 7 12 1 1 1 10 12 1 1 10 12 1 9 12 1 1 9 12 1 1 7 1 8 1 10 10 12 1 9 12 1 1 10 7 12 1 1 8 1 10 100 12 1 1 8 1 10 12 1 1 10 12 1 8 1 8 1 10 7 12 1 1 1 7 1 10 7 12 1 1 1 10 12 1 10 12 1 100 1 10 9 100 12 1 1 1 10 100 12 1 1 10 12 1 1 10 12 1 8 1 100 1 10 10 7 12 1 1 1 10 12 1 8 9 100 12 1 1 1 10 12 1 1 10 12 1 10 12 1 1 10 100 12 1 1 11 7 12 1 1 10 12 1 10 12 1 9 12 1 10 12 1 1 10 100 12 1 1 10 100 12 1 1 1 8 10 100 12 1 1 100 1 10 8 8 10 12 1 8 8 8 100 1 10 12 1 9 12 1 1 10 12 1 10 12 1 1 10 12 1 10 12 10 12 1 1 10 12 1 1 10 10 10 12 1 10 12 1 10 12 1 10 12 1 10 12 1 10 10 12 1 100 1 8 1 10 10 10 12 1 1 10 12 1 10 12 1 1 8 1 7 1 10 10 7 1 10 12 1 9 7 12 1 1 1 9 12 1 1 7 1 10 10 7 12 1 1 1 7 1 1 1 1 1 5 0 1 1 1 1 1 1 1 1 1 1 1 1 1 1 1 1 1 1 1 1 1 1 1 1 1 1 1 1 1 1 1 1 1 1 1 1 1 1 1 1 1 1 1 1 1 1 1 1 7 1 1 1 1 1 1 1 1 1 1 1 1 1 1 1 1 1 1 1 1 1 1 1 1 1 1 1 1 1 1 1 1 1 1 1 1 1 100 1 1 1 1 1 1 1 1 1 1 1 1 1 1 1 1 1 100 1 1 1 1 1 1 1 1 1 1 1 1 1 1 1 1 1 1 1
staticfield java/net/URL defaultFactory Ljava/net/URLStreamHandlerFactory; java/net/URL$DefaultFactory
staticfield java/net/URL handlers Ljava/util/Hashtable; java/util/Hashtable
staticfield java/net/URL streamHandlerLock Ljava/lang/Object; java/lang/Object
staticfield java/net/URL serialPersistentFields [Ljava/io/ObjectStreamField; 7 [Ljava/io/ObjectStreamField;
ciMethod java/lang/System getSecurityManager ()Ljava/lang/SecurityManager; 398 0 47674 0 -1
ciInstanceKlass java/lang/Module 1 1 1066 10 7 12 1 1 1 9 7 12 1 1 1 10 7 12 1 1 1 9 12 1 9 12 1 1 9 12 1 1 10 12 1 1 10 12 1 10 12 1 1 10 7 12 1 1 1 7 1 10 7 12 1 1 1 10 12 1 1 11 7 12 1 1 1 10 12 1 1 10 7 12 1 1 1 9 100 12 1 1 1 10 7 12 1 1 1 10 12 1 8 1 10 7 12 1 1 1 10 7 12 1 1 1 10 7 12 1 1 1 10 12 1 1 10 12 1 9 12 1 1 10 7 12 1 1 100 1 7 1 10 8 1 10 12 1 1 10 12 1 10 12 10 12 1 10 7 12 1 1 8 1 8 1 10 8 1 8 1 8 1 9 12 1 1 8 1 10 7 12 1 1 1 10 12 1 9 12 1 1 11 12 1 9 7 12 1 1 10 7 12 1 1 1 10 7 12 1 1 1 10 12 1 1 8 1 10 12 1 1 10 12 1 10 12 1 1 9 7 12 1 1 1 10 12 1 1 10 12 1 1 9 12 1 10 12 1 10 12 1 9 12 1 1 11 7 12 1 1 10 12 1 1 9 12 1 9 12 1 10 12 1 10 12 1 100 1 8 1 10 10 12 1 1 10 12 1 8 1 10 12 1 1 8 1 8 1 10 12 1 1 10 12 1 10 12 1 1 18 12 1 1 10 12 1 1 11 12 1 9 12 1 11 12 10 100 12 1 1 100 1 8 1 10 11 12 1 1 10 7 12 1 1 1 10 12 1 10 12 1 1 11 12 1 1 11 7 12 1 1 11 12 1 1 9 12 1 11 12 1 10 12 1 1 10 12 1 1 9 12 1 10 12 10 7 12 1 1 10 7 1 18 12 1 1 11 100 12 1 1 1 18 12 1 11 12 1 1 10 100 12 1 1 1 11 12 1 1 10 7 12 1 1 7 1 11 12 1 7 1 7 1 10 12 1 10 7 12 1 1 1 10 7 12 1 1 1 10 11 7 12 1 8 1 10 10 12 1 1 10 7 12 1 1 10 12 1 10 12 1 7 1 10 12 1 10 11 12 1 1 10 12 10 12 1 1 9 12 1 1 100 1 10 10 12 1 1 11 7 1 10 12 1 1 11 12 1 10 10 12 1 11 10 12 1 1 10 12 1 1 10 12 1 1 10 7 12 1 1 10 12 1 10 12 1 1 10 10 12 1 1 10 12 1 18 12 1 11 12 1 18 12 1 10 12 1 10 12 1 10 12 7 1 10 12 1 10 12 1 10 12 1 9 12 1 7 1 10 10 10 10 12 1 10 12 1 10 12 1 10 12 1 1 10 12 1 1 10 12 1 9 12 1 18 12 1 1 10 7 12 1 1 1 100 1 8 1 10 12 1 1 10 12 1 1 10 7 12 1 1 7 1 10 12 1 1 7 1 8 1 100 1 9 100 12 1 1 1 11 100 12 1 1 10 12 1 1 11 12 1 1 18 12 1 1 11 12 1 1 100 1 10 12 1 10 12 1 1 7 1 7 1 10 12 8 1 10 12 1 1 10 12 1 1 10 7 12 1 1 10 12 1 1 10 12 1 10 12 10 12 1 1 7 1 10 10 12 1 1 10 7 12 1 1 1 100 1 10 12 1 1 10 7 12 1 1 8 1 18 12 1 1 100 1 100 1 9 12 1 1 9 12 1 9 12 1 11 100 12 1 1 1 100 1 11 12 1 1 100 1 10 12 1 8 1 10 12 1 10 12 10 12 1 8 1 10 10 100 12 1 1 7 1 10 10 12 1 10 7 12 1 1 9 12 1 9 12 1 9 12 1 9 12 1 10 12 11 12 1 10 12 1 7 1 1 1 1 1 1 1 1 1 1 1 1 1 1 1 1 1 1 1 1 1 1 1 1 1 1 1 1 1 1 1 1 1 1 1 1 1 1 1 1 1 1 1 1 1 1 1 1 1 1 1 1 1 1 1 1 1 1 1 1 1 1 1 1 1 1 1 1 1 1 1 1 1 1 1 1 1 1 1 1 1 1 1 1 1 1 1 1 1 1 1 1 1 1 1 1 1 1 1 1 1 1 1 1 1 1 1 1 1 1 1 100 100 1 1 1 1 1 1 1 1 1 1 1 1 1 1 1 1 1 1 1 1 1 1 1 1 1 1 1 1 1 100 1 100 1 1 1 1 1 1 1 1 1 1 1 1 1 1 1 1 1 1 1 1 100 1 1 1 1 1 1 1 1 1 1 1 1 1 1 1 1 1 1 1 1 1 1 1 16 15 10 12 16 16 15 10 12 16 16 15 10 16 1 15 10 12 16 1 15 10 12 16 1 16 15 10 12 16 16 1 15 10 12 16 15 10 7 12 1 1 1 15 10 100 12 1 1 1 1 1 1 1 1 1 1 1 1 100 1 100 1 1
staticfield java/lang/Module ALL_UNNAMED_MODULE Ljava/lang/Module; java/lang/Module
staticfield java/lang/Module ALL_UNNAMED_MODULE_SET Ljava/util/Set; java/util/ImmutableCollections$Set12
staticfield java/lang/Module EVERYONE_MODULE Ljava/lang/Module; java/lang/Module
staticfield java/lang/Module EVERYONE_SET Ljava/util/Set; java/util/ImmutableCollections$Set12
staticfield java/lang/Module $assertionsDisabled Z 1
ciInstanceKlass java/lang/StringLatin1 1 1 420 7 1 10 7 12 1 1 1 10 12 1 1 10 7 12 1 1 1 10 7 12 1 1 1 10 12 1 10 12 1 1 7 1 5 0 5 0 10 7 12 1 1 1 10 7 12 1 1 1 10 12 1 1 10 7 12 1 1 1 10 7 12 1 1 1 10 12 1 1 10 12 1 1 10 10 12 1 10 12 1 10 9 7 12 1 1 1 10 12 1 1 10 7 12 1 1 1 10 12 10 12 1 1 10 12 1 1 10 12 1 10 12 1 1 10 12 1 10 7 12 1 1 1 10 12 1 10 12 1 9 12 1 1 100 1 10 10 12 1 1 10 7 12 1 1 1 10 12 1 10 12 1 100 1 7 1 8 1 10 12 1 8 1 10 12 1 1 100 1 10 10 12 1 10 7 12 1 1 1 8 1 8 1 8 1 10 12 1 1 10 12 10 100 12 1 1 10 12 1 10 12 1 1 10 12 1 1 10 12 1 1 10 12 1 10 12 10 12 10 12 1 10 12 10 10 12 1 10 12 1 10 12 1 10 100 12 1 1 1 10 100 12 1 1 1 10 12 1 1 10 12 1 1 10 10 7 12 1 1 1 1 1 1 1 1 1 1 1 1 1 1 1 1 1 1 1 1 1 1 1 1 1 1 1 1 1 1 1 1 1 1 1 1 1 1 1 1 1 1 1 1 1 1 1 1 1 1 1 1 1 1 1 1 1 1 1 1 1 1 1 100 1 1 1 1 1 1 1 1 1 1 1 1 1 1 1 1 1 1 1 1 1 1 1 1 1 1 1 1 1 1 1 1 1 1 1 1 1 1 1 1 1 100 1 1 1 1 1 1 1 1 1 1 1 1 1 1 1 1 1 1 1 1 1 1 1 100 1 1 1 1 1 1 1 1 1 1 1 1 1 1 1 1 1 1 1 1 1 1 1 1 1 1 1 100 1 1 1 1
staticfield java/lang/StringLatin1 $assertionsDisabled Z 1
ciInstanceKlass java/lang/Integer 1 1 442 7 1 7 1 7 1 7 1 10 12 1 1 9 12 1 1 9 12 1 1 10 7 12 1 1 1 10 12 1 1 10 100 12 1 1 1 10 10 12 1 1 10 7 12 1 1 1 10 12 1 10 12 1 1 10 7 12 1 1 1 10 12 1 1 10 12 1 1 10 12 1 10 12 1 10 12 1 1 10 10 12 1 100 1 8 1 10 12 1 8 1 7 1 10 12 1 1 10 12 1 1 8 1 10 12 1 1 8 1 10 12 1 1 10 12 1 1 10 12 1 1 3 3 10 7 12 1 1 1 11 7 1 10 12 1 1 11 10 12 1 1 10 12 1 1 8 1 10 12 1 10 12 1 8 1 7 1 10 12 1 8 1 10 12 1 1 10 12 1 8 1 10 12 1 10 12 1 7 1 9 12 1 1 9 12 1 1 10 12 1 10 7 1 9 12 1 10 12 1 10 12 1 10 12 1 1 10 7 12 1 1 1 100 1 100 1 10 12 1 1 10 12 1 1 8 1 8 1 10 12 1 1 8 1 8 1 8 1 8 1 8 1 8 1 10 12 1 10 12 1 10 12 1 5 0 3 3 3 3 10 12 1 10 12 1 3 10 12 1 10 100 12 1 1 1 10 12 1 1 10 12 1 1 8 1 10 7 12 1 1 1 9 12 1 1 7 1 7 1 7 1 1 1 1 3 1 1 1 3 1 3 1 1 5 0 1 1 1 1 1 1 1 1 1 1 100 1 1 1 1 1 1 1 1 1 1 1 1 1 1 1 1 1 1 1 1 1 1 1 1 1 1 1 1 1 1 1 1 1 1 1 1 1 3 1 1 1 1 1 1 1 1 1 1 1 1 1 1 1 1 7 1 1 1 1 1 1 1 1 1 1 1 1 1 1 1 1 1 1 1 1 1 1 1 1 1 1 1 1 1 1 1 1 1 1 1 1 1 1 1 1 1 1 1 1 1 7 1 1 1 1 1 1 1 1 1 100 1 100 1 1
staticfield java/lang/Integer TYPE Ljava/lang/Class; java/lang/Class
staticfield java/lang/Integer digits [C 36
instanceKlass java/util/concurrent/atomic/Striped64
instanceKlass java/math/BigDecimal
instanceKlass com/google/gson/internal/LazilyParsedNumber
instanceKlass scala/math/ScalaNumber
instanceKlass java/math/BigInteger
instanceKlass java/util/concurrent/atomic/AtomicLong
instanceKlass java/util/concurrent/atomic/AtomicInteger
instanceKlass java/lang/Long
instanceKlass java/lang/Integer
instanceKlass java/lang/Short
instanceKlass java/lang/Byte
instanceKlass java/lang/Double
instanceKlass java/lang/Float
ciInstanceKlass java/lang/Number 1 1 37 10 7 12 1 1 1 10 100 12 1 1 1 100 1 1 1 1 5 0 1 1 1 1 1 1 1 1 1 1 1 1 1 1 1 1 1
ciInstanceKlass java/lang/Character 1 1 604 7 1 7 1 100 1 9 12 1 1 8 1 9 12 1 1 7 1 9 12 1 1 10 7 12 1 1 1 10 100 12 1 1 1 10 100 12 1 1 1 10 7 12 1 1 1 9 7 12 1 1 1 10 12 1 10 12 1 1 10 12 1 1 10 7 12 1 1 10 12 1 1 3 3 3 3 3 10 12 1 1 10 12 1 3 11 7 12 1 1 1 11 12 1 1 10 12 1 1 10 12 1 1 100 1 10 10 12 1 3 10 12 1 1 10 12 1 10 12 1 1 100 1 8 1 10 12 1 1 10 12 1 10 12 1 10 12 1 10 100 12 1 1 1 10 12 1 10 12 1 10 12 1 1 10 12 1 10 7 12 1 1 10 10 12 1 10 10 12 1 10 12 1 1 10 12 1 10 10 12 1 10 12 1 10 12 1 10 12 1 10 12 1 10 12 1 10 12 1 10 12 10 10 12 10 10 12 1 10 10 12 1 10 10 12 1 10 10 12 1 10 12 1 10 12 1 10 12 1 10 12 1 10 12 1 10 12 1 10 10 12 1 10 10 12 1 10 10 12 1 1 10 10 12 1 10 5 0 10 12 1 10 12 1 10 10 12 1 10 10 12 1 1 10 10 12 1 10 10 12 1 9 12 1 1 100 1 10 10 12 1 10 12 1 1 3 10 100 12 1 1 1 10 12 1 10 100 12 1 1 7 1 10 10 12 1 1 10 12 1 1 10 12 1 1 8 1 10 12 1 9 100 12 1 1 1 10 12 1 10 10 12 1 10 12 1 1 10 12 1 10 10 12 1 1 10 10 12 1 1 7 1 8 1 10 12 1 1 10 7 12 1 1 1 8 1 10 12 1 1 9 12 1 1 7 1 7 1 7 1 1 1 1 3 1 3 1 3 1 3 1 1 1 1 1 3 1 1 3 1 3 1 3 1 3 1 3 1 3 1 3 1 3 1 3 1 3 1 3 1 3 1 3 1 3 1 3 1 3 1 3 1 3 1 3 1 3 1 3 1 3 1 3 1 3 1 3 1 3 1 3 1 3 1 1 1 1 1 1 1 1 1 1 1 1 1 1 1 1 1 1 1 3 1 1 1 1 1 1 1 3 1 1 3 1 1 1 1 1 3 1 1 5 0 1 1 1 1 1 1 1 1 1 1 1 1 1 1 1 1 1 1 1 1 1 1 1 1 1 1 1 1 1 1 1 1 1 1 1 1 1 1 1 1 1 1 1 1 1 1 1 1 1 1 1 1 1 1 1 1 1 1 1 1 1 1 1 1 1 1 1 1 1 1 1 1 1 1 1 1 1 1 1 1 1 1 1 1 1 1 1 1 1 1 100 1 100 1 1 1 1 1 1
staticfield java/lang/Character TYPE Ljava/lang/Class; java/lang/Class
staticfield java/lang/Character $assertionsDisabled Z 1
ciInstanceKlass java/util/Arrays 1 1 1020 10 7 12 1 1 1 10 100 12 1 1 1 10 7 12 1 1 1 10 12 1 10 12 1 10 12 1 10 12 1 10 12 1 10 12 1 10 100 12 1 1 1 100 1 7 1 10 8 1 10 12 1 1 10 12 1 8 1 8 1 10 12 1 1 10 12 1 100 1 10 12 1 9 100 12 1 1 1 10 7 12 1 1 100 1 10 12 1 1 10 7 12 1 1 10 7 12 1 1 1 100 1 10 12 1 10 12 1 1 7 1 9 7 12 1 1 1 10 12 1 1 10 7 12 1 1 10 12 1 10 12 1 1 10 12 1 10 12 1 1 7 1 11 12 1 1 10 12 1 10 7 12 1 1 1 10 12 10 12 1 10 12 1 10 12 10 12 1 11 100 12 1 1 1 10 7 12 1 1 1 100 1 10 12 1 10 100 1 10 12 1 10 100 1 10 12 1 10 100 1 10 12 1 10 10 12 1 1 10 12 1 10 12 1 10 12 1 10 12 1 10 12 1 10 7 12 1 1 1 10 12 1 10 7 12 1 1 1 10 12 1 10 12 1 10 7 12 1 1 1 10 12 1 10 12 1 10 12 1 10 12 1 10 12 1 10 12 1 10 12 1 10 12 1 10 12 1 10 12 1 10 12 1 10 12 1 10 12 1 10 12 1 10 12 1 10 12 1 1 10 12 1 1 10 7 12 1 1 1 10 7 1 10 100 1 10 7 1 10 100 1 10 100 1 10 100 1 10 100 1 10 100 1 10 12 1 8 1 7 1 10 12 10 7 12 1 1 1 10 12 10 12 1 10 12 1 10 12 1 10 7 12 1 1 10 12 10 12 1 10 12 1 10 12 10 12 1 1 10 12 1 1 9 7 12 1 1 1 10 12 1 9 7 1 10 12 1 9 10 12 1 9 7 1 10 12 1 9 7 1 10 12 1 9 10 12 1 9 10 12 1 10 12 1 10 12 1 9 12 1 100 1 10 10 12 1 1 10 12 1 10 12 1 10 12 1 10 12 1 10 12 1 10 12 1 10 12 1 10 12 1 10 12 1 8 1 8 1 10 12 1 10 12 1 8 1 10 12 1 10 12 1 10 12 1 10 7 12 1 1 1 3 10 100 1 10 10 12 1 1 11 100 12 1 1 10 12 1 1 10 12 1 10 12 1 10 12 1 10 12 1 10 12 1 10 12 1 10 12 1 10 12 1 11 12 1 8 1 10 11 12 1 11 100 12 1 1 1 11 100 12 1 1 1 11 12 1 1 18 12 1 1 11 12 1 1 11 100 12 1 1 1 18 12 1 11 100 12 1 1 1 18 12 1 11 100 12 1 1 1 18 12 1 100 1 10 7 12 1 1 1 10 12 1 10 12 1 10 12 1 10 12 1 10 12 1 10 12 1 10 12 1 10 12 1 1 10 12 1 10 7 12 1 1 10 12 1 10 12 1 10 12 1 1 10 12 1 10 12 1 10 12 1 1 10 12 1 10 12 1 10 12 1 1 10 12 1 10 12 1 10 12 1 10 12 1 10 12 10 12 1 10 12 10 12 10 12 1 10 12 10 12 1 10 12 1 10 12 1 1 1 1 3 1 3 1 1 1 1 1 1 1 1 1 1 1 1 1 1 1 1 1 1 1 1 1 1 1 1 1 1 1 1 1 1 1 1 1 1 1 1 1 1 1 1 1 1 1 1 1 1 1 1 1 1 1 1 1 1 1 1 1 1 1 1 1 1 1 1 1 1 1 1 1 1 1 1 1 1 1 1 1 1 1 1 1 1 1 1 1 1 1 1 1 1 1 1 1 1 1 1 1 1 1 1 1 1 1 1 1 1 1 1 1 1 1 1 1 1 1 1 1 1 1 1 1 1 1 1 1 1 1 1 1 1 1 1 1 1 1 1 1 1 1 1 1 1 1 1 1 1 1 1 1 1 1 1 1 1 1 1 1 1 1 1 1 1 1 1 1 1 1 1 1 1 1 1 1 1 1 1 1 1 1 1 1 1 1 1 1 1 1 1 1 1 1 1 1 1 1 1 1 1 1 1 1 1 1 1 1 1 1 1 1 1 1 1 1 1 1 1 1 1 1 1 1 1 1 1 1 1 1 1 1 1 1 1 1 1 1 1 1 1 1 1 1 1 1 1 1 1 1 1 1 1 1 1 1 1 1 1 1 1 1 1 100 1 1 16 15 10 12 15 10 12 15 10 12 15 10 12 15 10 100 12 1 1 1 1 1 100 1 100 1 1 1 1 100 1 1 1 1 1 1 100 1 1 100 1 1 100 1 1 1 100 1 100 1 1
staticfield java/util/Arrays $assertionsDisabled Z 1
ciInstanceKlass java/lang/OutOfMemoryError 1 1 26 10 7 12 1 1 1 10 12 1 100 1 1 1 1 5 0 1 1 1 1 1 1 1 1 1
ciMethod java/lang/StringLatin1 inflate ([BII)[B 0 0 1 0 -1
ciMethod java/lang/StringLatin1 inflate ([BI[BII)V 0 0 281 0 -1
ciInstanceKlass java/lang/StringUTF16 1 1 638 7 1 7 1 10 7 12 1 1 1 10 7 12 1 1 1 100 1 10 3 7 1 7 1 10 8 1 10 12 1 1 10 12 1 8 1 10 12 1 1 10 12 1 9 12 1 1 10 12 1 1 100 1 8 1 10 12 1 9 12 1 1 9 12 1 10 10 12 1 1 10 12 1 1 10 7 12 1 1 1 10 12 1 10 12 1 1 10 12 1 1 10 12 1 1 10 12 1 1 10 12 1 10 12 1 1 10 12 1 1 10 12 1 1 10 12 1 1 10 12 1 1 10 12 1 10 7 12 1 1 1 10 12 1 1 10 100 12 1 1 1 10 12 1 1 10 12 1 10 12 1 1 10 12 1 1 10 12 1 1 10 12 1 10 12 1 100 1 10 12 1 10 10 12 1 10 12 1 1 10 12 1 10 100 12 1 1 1 10 12 1 1 10 12 10 12 1 1 10 12 1 10 12 1 1 10 12 1 10 12 1 10 12 1 10 12 1 10 100 12 1 1 1 3 10 12 1 10 12 1 10 12 1 10 12 1 10 12 1 10 12 1 1 9 12 1 10 12 1 10 12 10 12 1 1 10 12 1 10 12 1 10 12 1 10 10 12 10 12 10 10 12 1 1 10 12 1 10 12 1 10 12 1 100 1 8 1 8 1 10 12 1 1 100 1 10 10 7 12 1 1 1 10 100 12 1 1 8 1 8 1 8 1 10 12 1 1 10 12 1 1 10 12 10 100 12 1 1 10 12 1 1 10 12 1 1 10 12 1 10 12 10 12 10 12 1 10 12 10 12 1 10 12 1 10 12 1 10 12 1 10 100 12 1 1 1 10 100 12 1 1 1 10 12 1 1 10 12 1 1 11 7 12 1 1 10 12 1 10 12 1 10 12 1 1 10 12 1 5 0 5 0 10 7 12 1 1 1 10 12 1 10 12 10 12 10 7 12 1 1 1 10 7 12 1 1 1 10 12 1 1 1 1 1 1 1 1 1 1 1 1 1 1 1 1 1 1 1 1 1 1 1 1 1 1 1 1 1 1 100 1 1 1 1 1 1 1 1 1 1 1 1 1 1 1 1 1 1 1 1 1 1 1 1 1 1 1 1 1 1 1 1 1 1 1 1 1 1 1 1 1 1 1 1 1 1 1 1 1 1 1 1 1 1 1 1 1 1 1 1 1 1 1 1 1 1 1 1 1 1 1 1 1 1 1 1 1 1 1 1 1 1 1 1 1 1 1 1 1 100 1 1 1 1 1 1 1 1 1 1 1 1 1 1 1 1 1 100 1 1 1 1 1 1 1 1 1 1 1 1 1 1 1 1 1 1 1 1 1 1 1 1 1 1 1 1 1 1 1 1 1 1 1 1 1 1 1 1 1 1 1 1 1 1 1 1 1 1 1 1 1 1 1 1 1 1 1 1 1 100 1 100 1 1 1 1 1
staticfield java/lang/StringUTF16 HI_BYTE_SHIFT I 0
staticfield java/lang/StringUTF16 LO_BYTE_SHIFT I 8
staticfield java/lang/StringUTF16 $assertionsDisabled Z 1
ciMethod java/lang/StringUTF16 compress ([CI[BII)I 210 31018 2912 0 -1
ciMethod java/lang/StringUTF16 compress ([CII)[B 334 0 5458 0 -1
ciMethod java/lang/StringUTF16 compress ([BI[BII)I 0 0 450 0 -1
ciMethod java/lang/StringUTF16 toBytes ([CII)[B 0 0 1 0 -1
ciMethod java/lang/StringUTF16 getChar ([BI)C 1024 0 11567 0 -1
ciMethod java/lang/StringUTF16 putChar ([BII)V 1024 0 13458 0 -1
ciMethod java/lang/StringUTF16 coderFromArrayLen ([BI)B 334 0 5908 0 -1
ciMethod java/lang/StringUTF16 newBytesFor (I)[B 0 0 21 0 -1
ciInstanceKlass java/lang/Thread$FieldHolder 1 1 48 10 7 12 1 1 1 9 7 12 1 1 1 9 12 1 1 9 12 1 1 9 12 1 1 9 12 1 1 1 1 1 1 1 1 1 1 100 1 100 1 1 1 1 100 1 1 1
ciInstanceKlass java/lang/Thread$Constants 0 0 59 7 1 10 7 12 1 1 1 100 1 10 10 7 12 1 1 1 7 1 8 1 10 12 1 9 7 12 1 1 1 7 1 7 1 10 12 1 10 12 1 9 12 1 1 1 1 1 1 1 1 1 1 1 1 1 1 1 1
ciInstanceKlass java/lang/ThreadGroup 1 1 404 10 7 12 1 1 1 9 7 12 1 1 1 8 1 9 12 1 1 7 1 9 12 1 1 9 12 1 1 10 7 12 1 1 1 10 12 1 1 10 12 1 10 12 1 10 12 1 10 12 1 1 10 12 1 1 10 12 1 10 12 1 1 10 12 1 10 12 1 10 100 12 1 1 1 10 12 1 1 18 12 1 1 11 7 12 1 1 1 10 7 12 1 1 1 10 7 12 1 10 12 1 1 10 12 1 1 10 12 1 1 10 100 12 1 1 1 10 12 1 11 12 1 1 11 7 12 1 1 11 12 1 1 10 12 1 1 10 12 1 10 12 1 11 12 1 11 12 1 1 10 12 1 100 1 10 18 12 1 1 11 7 12 1 1 1 11 12 1 1 9 12 1 1 10 12 1 1 8 1 10 7 12 1 1 1 10 100 12 1 1 1 10 12 1 1 11 12 10 12 1 1 10 12 1 1 11 7 1 9 12 1 7 1 10 8 1 10 12 1 1 10 12 1 1 8 1 10 12 1 10 7 12 1 1 1 10 12 1 1 10 7 1 8 1 10 8 1 10 12 1 10 12 1 8 1 9 12 1 1 9 12 1 10 100 12 1 1 1 100 9 12 1 1 7 1 9 12 1 10 12 10 12 1 1 100 10 12 9 12 1 10 12 1 100 1 10 11 12 1 1 7 1 10 10 12 1 10 12 1 1 1 1 1 1 1 1 1 1 1 1 1 1 1 1 1 1 3 1 1 1 1 1 1 1 1 1 1 1 1 100 1 1 1 1 1 1 1 1 1 1 1 1 1 1 1 1 1 1 1 1 1 1 1 1 1 1 1 1 1 1 1 1 1 1 1 1 1 1 1 16 15 10 12 16 16 15 10 12 16 15 10 100 12 1 1 1 1 1 100 1 100 1 1
staticfield java/lang/ThreadGroup $assertionsDisabled Z 1
ciInstanceKlass java/lang/Thread$UncaughtExceptionHandler 1 0 16 100 1 100 1 1 1 1 1 1 1 1 100 1 1 1
ciInstanceKlass java/security/AccessControlContext 1 1 375 9 7 12 1 1 1 9 12 1 1 10 100 12 1 1 1 8 1 10 100 12 1 1 1 10 7 12 1 1 1 9 12 1 9 12 1 1 9 12 1 1 10 7 12 1 1 7 1 10 12 1 11 7 12 1 1 1 11 12 1 11 12 1 11 12 1 1 7 1 11 12 1 1 10 12 1 10 7 12 1 1 1 9 100 12 1 1 1 10 7 12 1 1 1 11 100 12 1 1 1 10 7 1 100 1 8 1 10 12 1 10 12 1 1 7 1 10 7 12 1 1 1 9 12 1 9 12 1 9 12 1 9 12 1 1 9 12 1 1 9 12 1 9 12 1 10 7 12 1 1 1 9 12 1 10 12 1 1 10 12 1 1 8 1 10 12 1 1 10 12 1 1 10 7 12 1 1 1 7 1 10 10 12 1 1 10 7 12 1 1 1 10 8 1 10 7 12 1 1 8 1 10 7 12 1 1 8 1 8 1 10 12 1 8 1 10 12 1 8 1 10 12 1 10 12 1 10 12 1 1 8 1 8 1 100 1 10 12 1 10 12 1 1 100 1 10 12 1 8 1 10 12 1 10 12 1 10 8 1 10 12 1 1 10 12 1 1 10 12 1 1 10 12 1 1 10 12 1 10 12 1 11 10 12 1 10 12 1 1 10 10 10 12 1 1 1 1 1 1 1 1 1 1 1 1 1 1 1 1 1 1 1 1 1 1 1 1 100 1 1 1 1 1 1 1 1 1 1 1 1 1 1 1 1 1 1 1 1 1 1 1 1 1 1 1 1 1 1 1 1 1 1 1 1 1 1 1 1 1 1 1 1 1 1 1 1 1 1 1 1 1 3 1 1
instanceKlass java/lang/ThreadBuilders$BoundVirtualThread
instanceKlass java/lang/VirtualThread
ciInstanceKlass java/lang/BaseVirtualThread 0 0 36 10 100 12 1 1 1 100 1 1 1 1 1 1 1 1 1 1 1 1 1 1 1 1 1 1 1 1 100 1 100 1 1 100 1 1
ciInstanceKlass java/lang/VirtualThread 0 0 922 9 7 12 1 1 1 10 7 12 1 1 1 10 100 12 1 1 1 10 7 12 1 1 1 9 12 1 1 9 12 1 1 100 1 10 12 1 9 12 1 1 18 12 1 1 9 12 1 1 10 12 1 1 100 1 10 12 1 10 12 1 1 10 12 1 1 10 12 1 1 10 12 1 10 7 12 1 10 12 1 10 12 1 10 12 1 10 12 1 11 100 12 1 1 1 100 1 10 12 1 1 10 100 12 1 1 1 10 100 12 1 1 1 10 12 1 100 1 10 10 12 1 10 12 1 1 9 12 1 1 10 12 1 1 9 12 1 1 10 12 1 9 12 1 1 9 12 1 100 1 10 10 12 1 10 100 12 1 1 10 9 10 10 12 1 1 10 12 1 1 10 100 12 1 1 10 100 1 10 9 10 10 12 1 7 1 10 12 1 1 10 12 1 10 12 1 10 12 1 1 9 12 1 10 12 1 10 12 1 9 12 1 1 10 12 1 10 12 1 9 12 1 1 10 12 1 10 12 1 10 12 1 11 100 12 1 1 10 12 1 1 10 12 1 1 10 100 1 10 12 1 10 12 1 1 9 12 1 10 12 1 1 10 12 1 1 10 12 1 10 12 1 10 12 1 10 12 9 12 1 1 10 100 12 1 1 10 12 1 10 12 1 1 10 100 12 1 1 10 12 1 100 1 8 1 10 12 1 10 12 1 1 10 12 1 10 12 1 10 100 12 1 1 10 12 1 10 12 1 1 10 12 1 10 12 1 1 10 7 12 1 1 10 12 1 1 10 12 1 1 100 1 10 10 12 1 7 1 9 12 1 1 10 7 12 1 1 10 9 12 1 1 18 9 100 12 1 1 1 11 100 12 1 1 1 11 100 1 11 12 10 12 1 10 12 1 10 12 1 1 10 12 1 100 1 10 10 12 1 10 12 1 1 10 12 1 1 10 12 1 10 12 1 10 12 1 1 10 12 1 10 12 1 1 11 100 12 1 1 11 12 1 10 12 9 100 12 1 1 1 9 12 1 10 12 1 1 9 12 1 9 12 1 9 12 1 7 1 10 10 12 1 1 10 12 1 10 12 7 1 7 1 10 8 1 10 12 1 1 10 12 1 10 12 1 10 10 12 1 8 1 10 10 12 1 10 12 1 10 7 12 1 1 8 1 8 1 10 9 100 12 1 1 1 10 12 1 1 10 12 1 10 10 10 12 9 12 1 10 12 1 1 9 12 1 10 12 1 1 9 12 1 10 12 1 1 18 12 1 1 18 12 1 10 7 12 1 1 1 8 1 10 100 12 1 1 1 10 7 12 1 1 1 18 12 1 10 100 12 1 1 1 100 1 10 12 1 8 1 10 12 1 8 1 10 12 1 1 8 1 8 1 10 100 12 1 1 8 1 10 12 1 8 1 8 1 10 100 12 1 1 1 10 12 1 10 12 1 1 10 12 1 18 12 1 1 18 12 1 1 5 0 9 12 1 10 12 1 18 12 1 100 1 10 12 10 7 12 1 1 10 12 1 1 7 1 8 1 10 10 12 1 10 12 1 1 10 12 1 9 12 1 8 10 12 1 1 8 8 9 12 1 8 10 12 1 1 3 1 3 1 3 1 3 1 3 1 3 1 3 1 3 1 3 1 3 1 3 1 3 3 1 3 1 1 1 1 1 1 1 1 1 1 1 1 1 1 7 1 1 1 1 1 1 1 1 1 1 1 1 1 1 7 1 1 1 1 1 1 1 1 1 1 1 7 1 1 1 1 1 1 1 1 1 1 1 1 1 1 1 1 1 1 1 1 1 1 1 1 1 1 1 1 1 1 1 1 1 1 1 1 1 1 1 1 1 100 1 1 1 1 1 1 1 1 1 1 1 1 1 1 1 1 1 1 1 1 1 1 1 1 1 1 1 1 1 1 1 1 1 1 1 100 1 1 1 1 1 1 1 1 1 1 1 1 1 1 100 1 1 16 15 10 12 15 16 15 10 12 16 15 10 12 16 16 15 10 12 16 15 10 12 16 15 10 12 16 15 10 12 16 1 15 10 100 12 1 1 1 1 1 1 1 7 1 1 100 1 100 1 1
ciInstanceKlass java/lang/ThreadBuilders$BoundVirtualThread 0 0 132 10 7 12 1 1 1 9 7 12 1 1 1 10 7 12 1 1 1 9 12 1 1 10 12 1 1 10 12 1 1 9 12 1 1 10 7 12 1 1 1 10 12 1 1 7 1 8 1 10 12 1 10 12 1 1 10 12 1 1 10 12 1 1 10 7 12 1 1 1 8 1 10 12 1 8 1 10 12 1 1 10 100 12 1 1 9 100 12 1 1 1 10 12 1 1 10 10 12 1 1 1 1 1 1 1 1 1 1 1 1 1 1 1 1 1 1 1 1 1 1 1 1 1 1 1 1 100 1 1 1 1
ciInstanceKlass jdk/internal/vm/ContinuationScope 0 0 50 10 100 12 1 1 1 10 100 12 1 1 1 100 1 9 100 12 1 1 1 10 12 1 1 10 100 12 1 1 1 10 12 1 1 10 12 1 1 1 1 1 1 1 1 1 1 1 1 1
ciInstanceKlass jdk/internal/vm/StackChunk 1 1 32 10 100 12 1 1 1 9 100 12 1 1 1 9 12 1 1 9 12 1 1 1 1 1 1 1 1 1 1 1 1 1
ciInstanceKlass java/lang/Float 1 1 279 7 1 7 1 10 100 12 1 1 1 10 100 12 1 1 1 4 7 1 10 12 1 1 10 12 1 1 8 1 8 1 10 7 12 1 1 1 10 12 1 1 10 12 1 1 10 100 1 4 10 7 12 1 1 9 12 1 1 10 12 1 1 10 12 1 10 10 12 1 1 10 12 1 10 12 1 3 3 100 1 4 4 4 3 10 12 1 1 9 12 1 1 100 1 10 3 3 4 4 10 12 1 3 3 3 10 12 1 1 10 12 1 1 10 12 1 10 100 12 1 1 1 10 12 1 1 10 12 1 1 10 7 12 1 1 1 8 1 10 12 1 1 9 12 1 1 7 1 7 1 7 1 1 1 1 4 1 4 1 1 1 4 1 1 3 1 3 1 3 1 3 1 3 1 1 1 1 5 0 1 1 1 1 1 1 1 1 1 1 100 1 1 1 1 1 1 1 1 1 1 1 1 1 3 1 1 1 1 1 1 1 1 1 1 1 1 1 1 1 1 1 1 1 1 1 1 1 1 1 1 1 1 1 1 1 1 1 1 1 1 1 1 1 1 1 1 1 1 1 1 1 1 1 1 1 1 1 1 1 1 1 1 1 1 1 7 1 1 1 1 1 1 1 100 1 100 1 1
staticfield java/lang/Float TYPE Ljava/lang/Class; java/lang/Class
staticfield java/lang/Float $assertionsDisabled Z 1
ciInstanceKlass java/lang/Double 1 1 290 7 1 7 1 10 100 12 1 1 1 10 12 1 1 10 7 1 10 12 1 1 10 7 12 1 1 1 6 0 8 1 10 12 1 1 8 1 10 12 1 1 8 1 6 0 10 12 1 1 100 1 5 0 5 0 8 1 8 1 10 7 12 1 1 1 10 7 12 1 1 1 8 1 10 12 1 1 8 1 8 1 8 1 10 12 1 1 10 12 1 10 12 1 1 10 12 1 10 12 1 10 12 1 1 10 12 1 10 7 1 6 0 10 7 12 1 1 9 12 1 1 10 12 1 10 12 1 10 12 1 10 12 1 10 12 1 5 0 10 12 1 1 10 12 1 10 12 1 10 100 12 1 1 1 10 12 1 1 10 12 1 1 8 1 10 7 12 1 1 1 9 12 1 1 7 1 7 1 7 1 1 1 6 0 1 6 0 1 6 0 1 1 1 6 0 1 1 3 1 3 1 3 1 3 1 3 1 1 1 1 5 0 1 1 1 1 1 1 1 1 1 1 1 1 1 1 1 1 100 1 1 1 1 1 1 1 1 1 1 1 1 3 1 1 1 1 1 1 1 1 1 1 1 1 1 1 1 1 1 1 1 1 1 1 1 1 1 1 1 1 1 1 1 1 1 1 7 1 1 1 1 1 1 1 100 1 100 1 1
staticfield java/lang/Double TYPE Ljava/lang/Class; java/lang/Class
ciInstanceKlass java/lang/Byte 1 1 213 7 1 100 1 10 7 12 1 1 1 9 12 1 1 8 1 9 12 1 1 7 1 10 12 1 1 10 12 1 1 10 100 12 1 1 1 10 100 12 1 1 1 9 7 12 1 1 1 10 12 1 1 100 1 7 1 10 12 1 1 8 1 10 12 1 1 8 1 10 12 1 10 12 1 10 12 1 10 12 1 1 10 12 1 10 12 1 10 12 1 1 10 8 1 8 1 10 7 1 9 12 1 1 10 12 1 1 10 12 1 1 10 12 1 1 10 12 1 5 0 10 12 1 1 8 1 10 7 12 1 1 1 9 12 1 1 7 1 7 1 1 1 3 1 3 1 1 1 1 3 1 3 1 1 5 0 1 1 1 1 1 1 1 1 1 1 1 1 1 1 1 1 1 1 1 1 1 1 1 1 1 1 1 1 1 1 1 1 1 1 1 1 1 1 1 1 1 1 1 1 1 1 1 1 1 1 1 1 1 1 1 1
staticfield java/lang/Byte TYPE Ljava/lang/Class; java/lang/Class
ciInstanceKlass java/lang/Short 1 1 222 7 1 7 1 100 1 10 7 12 1 1 1 10 12 1 1 100 1 7 1 10 12 1 1 8 1 10 12 1 1 8 1 10 12 1 10 12 1 10 12 1 10 12 1 1 10 12 1 1 10 12 1 9 12 1 1 8 1 9 12 1 1 7 1 10 12 1 1 10 12 1 10 100 12 1 1 1 10 100 12 1 1 1 9 100 12 1 1 1 10 12 1 10 12 1 1 10 8 1 8 1 10 7 1 9 12 1 1 10 12 1 1 10 12 1 1 10 12 1 1 10 12 1 3 3 5 0 10 12 1 1 8 1 10 7 12 1 1 1 9 12 1 1 7 1 7 1 1 1 3 1 3 1 1 1 1 3 1 3 1 1 5 0 1 1 1 1 1 1 1 1 1 1 1 1 1 1 1 1 1 1 1 1 1 1 1 1 1 1 1 3 1 1 1 1 1 1 1 1 1 1 1 1 1 1 1 1 1 1 1 1 1 1 1 1 1 1 1 1 1 1
staticfield java/lang/Short TYPE Ljava/lang/Class; java/lang/Class
ciInstanceKlass java/lang/Long 1 1 506 7 1 7 1 7 1 7 1 10 12 1 1 9 12 1 1 9 7 12 1 1 1 10 7 12 1 1 1 10 12 1 1 10 100 12 1 1 1 10 10 12 10 12 1 10 12 1 10 12 1 5 0 5 0 7 1 10 12 1 1 10 12 1 1 10 12 1 10 12 1 10 12 1 10 12 1 1 10 100 12 1 1 10 12 1 10 12 1 1 10 12 1 1 10 12 1 1 10 12 1 1 10 7 12 1 1 1 10 12 1 1 10 12 1 10 12 1 10 12 1 10 12 1 1 10 10 12 1 5 0 100 1 8 1 10 12 1 8 1 7 1 10 12 1 10 12 1 1 8 1 10 12 1 1 8 1 10 12 1 1 10 12 1 1 10 12 1 1 5 0 5 0 10 100 12 1 1 1 11 7 1 10 12 1 1 11 10 12 1 1 10 12 1 1 8 1 5 0 10 12 1 1 10 12 1 1 8 1 8 1 10 12 1 8 1 10 12 1 10 12 1 5 0 5 0 9 7 12 1 1 1 10 12 1 10 12 1 1 8 1 8 1 10 12 1 1 8 1 8 1 8 1 8 1 8 1 8 1 10 12 1 10 12 1 10 7 1 9 12 1 1 10 12 1 10 12 1 1 10 12 1 1 10 7 12 1 1 1 100 1 100 1 10 12 1 1 10 12 1 10 12 1 10 12 1 5 0 5 0 5 0 10 12 1 1 10 12 1 5 0 5 0 10 12 10 12 1 10 100 12 1 1 1 10 12 1 1 10 12 1 1 8 1 10 7 12 1 1 1 9 12 1 1 7 1 7 1 7 1 1 1 1 5 0 1 1 1 1 3 1 3 1 5 0 1 1 1 1 1 1 1 1 1 1 100 1 1 1 1 1 1 1 1 1 1 1 1 1 1 1 1 1 1 1 1 1 1 1 1 1 1 1 1 1 1 1 1 1 1 1 1 1 1 1 1 1 1 1 1 1 3 1 1 1 1 1 1 1 1 1 1 1 1 1 1 1 7 1 1 1 1 1 1 1 1 1 1 1 1 1 1 1 1 1 1 1 1 1 1 1 1 1 1 1 1 1 1 1 1 1 1 1 1 1 1 1 1 1 1 1 7 1 1 1 1 1 1 1 1 1 100 1 100 1 1
staticfield java/lang/Long TYPE Ljava/lang/Class; java/lang/Class
ciInstanceKlass jdk/internal/vm/vector/VectorSupport 0 0 575 100 1 10 100 12 1 1 1 9 12 1 1 10 12 1 1 100 1 10 12 1 11 100 12 1 1 1 11 100 12 1 1 1 11 100 12 1 1 11 100 12 1 1 11 100 12 1 1 1 11 100 12 1 1 11 100 12 1 1 11 100 12 1 1 11 100 12 1 1 11 100 12 1 1 11 100 12 1 1 11 100 12 1 1 1 11 100 12 1 1 11 100 12 1 1 1 11 100 12 1 1 1 11 100 12 1 1 11 100 12 1 1 1 11 100 12 1 1 100 1 10 12 1 1 11 100 12 1 1 11 100 12 1 1 11 100 12 1 1 11 100 12 1 1 11 100 12 1 1 11 100 12 1 1 9 12 1 1 10 100 12 1 1 11 100 12 1 1 10 12 1 1 10 100 12 1 1 1 10 12 1 10 12 1 1 10 12 1 1 1 1 1 3 1 3 1 3 1 3 1 3 1 3 1 3 1 3 1 3 1 3 1 3 1 3 1 3 1 3 1 3 1 3 1 3 1 3 1 3 1 3 1 3 1 3 1 3 1 3 1 3 1 3 1 3 1 3 1 3 1 3 1 3 1 3 1 3 1 3 1 3 1 3 1 3 1 3 1 3 1 3 1 3 1 3 1 3 1 3 1 3 1 3 1 3 1 3 1 3 1 3 1 3 1 3 1 3 1 1 1 1 1 1 1 1 1 1 1 1 1 1 1 1 1 1 1 1 1 1 1 1 1 1 1 1 1 1 1 1 1 1 1 1 1 1 1 1 1 1 1 1 1 1 1 1 1 1 1 1 1 1 1 1 1 1 1 1 1 1 1 1 1 1 1 1 1 1 1 1 1 1 1 1 1 1 1 1 1 1 1 1 1 1 1 1 1 1 1 1 1 1 1 1 1 1 1 1 1 1 1 1 1 1 1 1 1 1 1 1 1 1 1 1 1 1 1 1 1 1 1 1 1 1 1 1 1 1 1 1 1 1 1 1 1 1 1 1 1 1 1 1 1 1 1 1 1 1 1 1 1 1 1 1 1 1 1 1 1 1 1 1 1 1 1 1 1 1 1 1 1 1 1 1 1 1 1 1 1 1 1 1 1 1 1 1 1 1 1 1 1 1 1 1 1 1 1 1 1 1 1 1 1 1 1 1 1 1 1 1 1 1 1 1 1 1 1 1 1 1 1 1 1 1 1 1 1 1 1 1 1 1 1 1 1 100 1 100 1 100 1 100 1 100 1 1 1 1 1 1 1 1 1 1 1 1 1 1 1 1 1 1 1 1 1 1 1 1 1 1 1 1 1 1 1
instanceKlass jdk/internal/vm/vector/VectorSupport$VectorShuffle
instanceKlass jdk/internal/vm/vector/VectorSupport$VectorMask
instanceKlass jdk/internal/vm/vector/VectorSupport$Vector
ciInstanceKlass jdk/internal/vm/vector/VectorSupport$VectorPayload 0 0 32 10 100 12 1 1 1 9 100 12 1 1 1 10 100 12 1 1 1 1 1 1 1 1 1 1 1 1 1 1 1 1
ciInstanceKlass jdk/internal/vm/vector/VectorSupport$Vector 0 0 28 10 100 12 1 1 1 100 1 1 1 1 1 1 1 1 1 1 1 1 1 1 1 100 1 1 1 1
ciInstanceKlass jdk/internal/vm/vector/VectorSupport$VectorMask 0 0 28 10 100 12 1 1 1 100 1 1 1 1 1 1 1 1 1 1 1 1 1 1 1 100 1 1 1 1
ciInstanceKlass jdk/internal/vm/vector/VectorSupport$VectorShuffle 0 0 28 10 100 12 1 1 1 100 1 1 1 1 1 1 1 1 1 1 1 1 1 1 1 100 1 1 1 1
ciInstanceKlass jdk/internal/vm/FillerObject 0 0 16 10 100 12 1 1 1 100 1 1 1 1 1 1 1 1
instanceKlass java/lang/ref/PhantomReference
instanceKlass java/lang/ref/FinalReference
instanceKlass java/lang/ref/WeakReference
instanceKlass java/lang/ref/SoftReference
ciInstanceKlass java/lang/ref/Reference 1 1 190 9 7 12 1 1 1 9 7 12 1 1 10 12 1 1 10 12 1 1 9 12 1 1 10 12 1 1 9 12 1 1 9 12 1 1 100 1 10 12 1 10 7 12 1 1 10 12 1 10 12 1 1 10 12 1 7 1 8 1 10 12 1 1 7 1 10 12 1 1 10 12 1 1 10 12 1 9 12 1 10 12 1 1 10 12 1 10 12 1 9 12 1 7 1 100 1 10 12 9 12 1 9 12 1 100 1 10 10 12 1 10 10 7 12 1 1 7 1 10 10 7 12 1 1 1 1 1 1 1 1 1 1 1 1 1 1 1 1 1 1 1 7 1 1 1 100 1 1 1 1 1 1 1 1 1 1 1 1 1 1 1 1 1 1 1 1 1 1 1 1 1 1 1 1 1 1 1 1 1 1 1 7 1 7 1 7 1 1 1
staticfield java/lang/ref/Reference processPendingLock Ljava/lang/Object; java/lang/Object
staticfield java/lang/ref/Reference $assertionsDisabled Z 1
ciMethod java/lang/ref/Reference reachabilityFence (Ljava/lang/Object;)V 512 0 46004 0 -1
instanceKlass java/util/ResourceBundle$BundleReference
instanceKlass sun/security/util/MemoryCache$SoftCacheEntry
instanceKlass sun/util/locale/provider/LocaleResources$ResourceReference
instanceKlass sun/util/resources/Bundles$BundleReference
instanceKlass java/lang/invoke/LambdaFormEditor$Transform
instanceKlass jdk/internal/util/SoftReferenceKey
ciInstanceKlass java/lang/ref/SoftReference 1 1 47 10 7 12 1 1 1 9 7 12 1 1 1 9 12 1 10 12 1 10 12 1 1 1 1 1 1 1 1 1 1 1 1 1 1 1 1 1 1 1 1 100 1 1 1 1 1
instanceKlass java/util/ResourceBundle$KeyElementReference
instanceKlass sun/nio/ch/FileLockTable$FileLockReference
instanceKlass concurrentrefhashmap/ConcurrentReferenceHashMap$WeakValueReference
instanceKlass concurrentrefhashmap/ConcurrentReferenceHashMap$WeakKeyReference
instanceKlass java/util/logging/LogManager$LoggerWeakRef
instanceKlass java/util/logging/Level$KnownLevel
instanceKlass java/lang/WeakPairMap$WeakRefPeer
instanceKlass java/lang/ClassValue$Entry
instanceKlass jdk/internal/util/WeakReferenceKey
instanceKlass java/lang/ThreadLocal$ThreadLocalMap$Entry
instanceKlass java/util/WeakHashMap$Entry
ciInstanceKlass java/lang/ref/WeakReference 1 1 31 10 7 12 1 1 1 10 12 1 100 1 1 1 1 1 1 1 1 1 1 1 1 1 1 1 1 1 1 1 1
instanceKlass java/lang/ref/Finalizer
ciInstanceKlass java/lang/ref/FinalReference 1 1 50 10 7 12 1 1 1 10 7 12 1 1 1 10 12 1 1 7 1 8 1 10 12 1 1 1 1 1 1 1 1 1 1 1 1 1 1 1 1 1 1 1 1 1 1 1 1 1 7 1
instanceKlass org/h2/util/CloseWatcher
instanceKlass jdk/internal/ref/PhantomCleanable
instanceKlass jdk/internal/ref/Cleaner
ciInstanceKlass java/lang/ref/PhantomReference 1 1 39 10 100 12 1 1 1 10 7 12 1 1 1 1 1 1 1 1 1 1 1 1 1 1 1 1 1 1 1 1 1 1 1 1 1 1 1 1 1
ciInstanceKlass java/lang/ref/Finalizer 1 1 155 9 7 12 1 1 1 10 7 12 1 1 1 9 12 1 1 9 12 1 1 9 12 1 9 12 1 9 12 1 1 10 12 1 7 1 8 1 10 12 1 10 12 1 1 9 12 1 100 1 10 12 1 7 1 11 100 12 1 1 10 12 1 7 1 10 12 1 100 1 10 12 1 10 7 12 1 1 1 10 100 12 1 1 1 100 1 10 10 12 1 7 1 10 12 1 7 1 10 12 1 1 10 12 1 1 10 12 1 10 7 12 1 1 1 7 1 10 7 1 10 10 12 1 1 1 1 1 1 1 1 1 1 1 1 1 1 1 1 1 1 1 1 1 1 1 1 1 1 1 1 1 1 1 1
staticfield java/lang/ref/Finalizer lock Ljava/lang/Object; java/lang/Object
staticfield java/lang/ref/Finalizer ENABLED Z 1
staticfield java/lang/ref/Finalizer $assertionsDisabled Z 1
instanceKlass com/sun/tools/javac/code/TypeTag
instanceKlass com/sun/tools/javac/jvm/ClassReader$AttributeKind
instanceKlass com/sun/tools/javac/main/JavaCompiler$CompilePolicy
instanceKlass com/sun/tools/javac/code/Source$Feature$DiagKind
instanceKlass com/sun/tools/javac/util/JCDiagnostic$DiagnosticType
instanceKlass com/sun/tools/javac/code/Source$Feature
instanceKlass com/sun/tools/javac/main/Arguments$ErrorMode
instanceKlass com/sun/tools/javac/jvm/Target
instanceKlass java/nio/file/FileVisitResult
instanceKlass java/nio/file/FileTreeWalker$EventType
instanceKlass com/sun/tools/javac/util/BasicDiagnosticFormatter$BasicConfiguration$SourcePosition
instanceKlass com/sun/tools/javac/util/BasicDiagnosticFormatter$BasicConfiguration$BasicFormatKind
instanceKlass com/sun/tools/javac/api/DiagnosticFormatter$Configuration$MultilineLimit
instanceKlass com/sun/tools/javac/api/DiagnosticFormatter$Configuration$DiagnosticPart
instanceKlass com/google/common/cache/LocalCache$NullEntry
instanceKlass com/sun/tools/javac/util/JCDiagnostic$DiagnosticFlag
instanceKlass com/sun/tools/javac/util/Log$WriterKind
instanceKlass com/google/common/util/concurrent/AbstractFutureState$VarHandleAtomicHelperMaker
instanceKlass javax/tools/StandardLocation
instanceKlass java/nio/file/FileVisitOption
instanceKlass com/sun/tools/javac/code/Source
instanceKlass com/sun/tools/javac/code/Lint$LintCategory
instanceKlass com/sun/tools/javac/main/Option$ChoiceKind
instanceKlass com/sun/tools/javac/main/Option$ArgKind
instanceKlass com/sun/tools/javac/main/Option$OptionGroup
instanceKlass com/sun/tools/javac/main/Option$OptionKind
instanceKlass com/sun/tools/javac/main/Option
instanceKlass javax/tools/JavaFileObject$Kind
instanceKlass javax/lang/model/SourceVersion
instanceKlass org/flywaydb/core/internal/util/DataUnits
instanceKlass org/h2/command/query/ForUpdate$Type
instanceKlass org/h2/expression/condition/CompareLike$LikeType
instanceKlass org/flywaydb/core/api/migration/baseline/BaselineMigrationType
instanceKlass org/flywaydb/core/api/CoreMigrationType
instanceKlass org/flywaydb/core/api/MigrationState
instanceKlass org/flywaydb/core/internal/callback/NoopCallback
instanceKlass org/flywaydb/core/internal/database/h2/H2Database$CompatibilityMode
instanceKlass org/h2/command/query/Select$QuickOffset
instanceKlass org/flywaydb/core/internal/callback/NoopCallbackExecutor
instanceKlass org/flywaydb/core/api/migration/baseline/BaselineResourceTypeProvider$BaselineResourceType
instanceKlass org/flywaydb/core/api/callback/Event
instanceKlass org/flywaydb/core/internal/resource/CoreResourceTypeProvider$CoreResourceType
instanceKlass org/flywaydb/core/api/logging/LogLevel
instanceKlass org/slf4j/helpers/Reporter$Level
instanceKlass org/slf4j/helpers/Reporter$TargetChoice
instanceKlass org/flywaydb/core/extensibility/Tier
instanceKlass org/flywaydb/core/internal/logging/buffered/BufferedLog$Level
instanceKlass org/flywaydb/core/internal/configuration/resolvers/ProvisionerMode
instanceKlass com/fasterxml/jackson/annotation/JsonFormat$Feature
instanceKlass tools/jackson/databind/util/AccessPattern
instanceKlass tools/jackson/core/JsonToken
instanceKlass tools/jackson/core/StreamReadCapability
instanceKlass com/fasterxml/jackson/annotation/JsonProperty$Access
instanceKlass tools/jackson/databind/cfg/ConstructorDetector$SingleArgConstructor
instanceKlass com/fasterxml/jackson/annotation/JsonCreator$Mode
instanceKlass tools/jackson/databind/AnnotationIntrospector$ReferenceProperty$Type
instanceKlass com/fasterxml/jackson/annotation/PropertyAccessor
instanceKlass java/lang/annotation/ElementType
instanceKlass tools/jackson/core/JsonParser$NumberType
instanceKlass tools/jackson/core/StreamWriteCapability
instanceKlass com/fasterxml/jackson/annotation/JsonFormat$Shape
instanceKlass tools/jackson/databind/cfg/DateTimeFeature
instanceKlass tools/jackson/databind/cfg/JsonNodeFeature
instanceKlass tools/jackson/databind/cfg/EnumFeature
instanceKlass tools/jackson/databind/cfg/CoercionInputShape
instanceKlass tools/jackson/databind/cfg/CoercionAction
instanceKlass tools/jackson/databind/type/LogicalType
instanceKlass com/fasterxml/jackson/annotation/Nulls
instanceKlass com/fasterxml/jackson/annotation/JsonAutoDetect$Visibility
instanceKlass com/fasterxml/jackson/annotation/JsonInclude$Include
instanceKlass tools/jackson/core/json/JsonWriteFeature
instanceKlass tools/jackson/core/json/JsonReadFeature
instanceKlass tools/jackson/core/StreamWriteFeature
instanceKlass tools/jackson/core/StreamReadFeature
instanceKlass tools/jackson/core/TokenStreamFactory$Feature
instanceKlass com/fasterxml/jackson/annotation/JsonTypeInfo$Id
instanceKlass tools/jackson/core/Base64Variant$PaddingReadBehaviour
instanceKlass tools/jackson/databind/util/internal/PrivateMaxEntriesMap$DrainStatus
instanceKlass tools/jackson/core/util/Separators$Spacing
instanceKlass tools/jackson/databind/DeserializationFeature
instanceKlass tools/jackson/databind/SerializationFeature
instanceKlass tools/jackson/databind/MapperFeature
instanceKlass org/h2/schema/Sequence$Cycle
instanceKlass java/util/Comparators$NaturalOrderComparator
instanceKlass java/net/Proxy$Type
instanceKlass org/h2/constraint/Constraint$Type
instanceKlass org/h2/constraint/ConstraintActionType
instanceKlass org/h2/expression/analysis/WindowFunctionType
instanceKlass org/h2/command/Parser$NullConstraintType
instanceKlass org/h2/expression/aggregate/AggregateType
instanceKlass org/h2/mvstore/db/MVTable$TraceLockEvent
instanceKlass org/h2/engine/IsolationLevel
instanceKlass org/h2/engine/SessionLocal$State
instanceKlass org/h2/mvstore/MVMap$Decision
instanceKlass java/net/StandardProtocolFamily
instanceKlass org/h2/store/FileLockMethod
instanceKlass org/h2/mode/DefaultNullOrdering
instanceKlass org/h2/api/IntervalQualifier
instanceKlass org/h2/engine/Mode$ViewExpressionNames
instanceKlass org/h2/engine/Mode$ExpressionNames
instanceKlass org/h2/engine/Mode$CharPadding
instanceKlass org/h2/engine/NullsDistinct
instanceKlass org/h2/engine/Mode$ModeEnum
instanceKlass org/eclipse/lsp4j/TextDocumentSyncKind
instanceKlass java/security/cert/CertPathValidatorException$BasicReason
instanceKlass com/google/common/cache/LocalCache$EntryFactory
instanceKlass com/google/common/cache/CacheBuilder$NullListener
instanceKlass com/google/common/cache/CacheBuilder$OneWeigher
instanceKlass com/google/common/cache/LocalCache$Strength
instanceKlass com/sun/org/apache/xerces/internal/impl/XMLScanner$NameType
instanceKlass jdk/xml/internal/JdkProperty$ImplPropMap
instanceKlass com/sun/org/apache/xerces/internal/util/Status
instanceKlass javax/xml/catalog/GroupEntry$PreferType
instanceKlass javax/xml/catalog/CatalogResolver$NotFoundAction
instanceKlass javax/xml/catalog/BaseEntry$CatalogEntryType
instanceKlass javax/xml/catalog/CatalogFeatures$State
instanceKlass com/sun/org/apache/xerces/internal/utils/XMLSecurityPropertyManager$Property
instanceKlass com/sun/org/apache/xerces/internal/utils/XMLSecurityPropertyManager$State
instanceKlass javax/xml/catalog/CatalogFeatures$Feature
instanceKlass jdk/xml/internal/JdkProperty$State
instanceKlass jdk/xml/internal/XMLSecurityManager$Processor
instanceKlass jdk/xml/internal/XMLSecurityManager$Limit
instanceKlass java/util/stream/Collector$Characteristics
instanceKlass java/time/format/TextStyle
instanceKlass java/time/format/ResolverStyle
instanceKlass java/time/format/SignStyle
instanceKlass java/time/format/DateTimeFormatterBuilder$SettingsParser
instanceKlass java/time/temporal/JulianFields$Field
instanceKlass java/time/temporal/IsoFields$Unit
instanceKlass java/time/temporal/IsoFields$Field
instanceKlass java/time/zone/ZoneOffsetTransitionRule$TimeDefinition
instanceKlass java/time/DayOfWeek
instanceKlass java/time/Month
instanceKlass sun/misc/Unsafe$MemoryAccessOption
instanceKlass java/security/DrbgParameters$Capability
instanceKlass concurrentrefhashmap/ConcurrentReferenceHashMap$ReferenceType
instanceKlass ch/epfl/scala/bsp4j/ScalaPlatform
instanceKlass org/eclipse/lsp4j/DiagnosticTag
instanceKlass org/eclipse/lsp4j/PrepareSupportDefaultBehavior
instanceKlass org/eclipse/lsp4j/CodeActionTag
instanceKlass org/eclipse/lsp4j/CompletionItemKind
instanceKlass org/eclipse/lsp4j/CompletionItemTag
instanceKlass org/eclipse/lsp4j/InsertTextMode
instanceKlass org/eclipse/lsp4j/SymbolTag
instanceKlass org/eclipse/lsp4j/SymbolKind
instanceKlass com/google/gson/ReflectionAccessFilter$FilterResult
instanceKlass com/google/gson/stream/JsonToken
instanceKlass com/google/gson/Strictness
instanceKlass jdk/internal/logger/BootstrapLogger$LoggingBackend
instanceKlass com/google/gson/ToNumberPolicy
instanceKlass com/google/gson/FieldNamingPolicy
instanceKlass com/google/gson/LongSerializationPolicy
instanceKlass org/eclipse/lsp4j/MessageType
instanceKlass java/lang/classfile/attribute/StackMapFrameInfo$SimpleVerificationTypeInfo
instanceKlass java/lang/reflect/ProxyGenerator$PrimitiveTypeInfo
instanceKlass java/lang/annotation/RetentionPolicy
instanceKlass jdk/internal/icu/util/CodePointTrie$ValueWidth
instanceKlass jdk/internal/icu/util/CodePointTrie$Type
instanceKlass java/text/Normalizer$Form
instanceKlass java/time/temporal/ChronoUnit
instanceKlass java/time/temporal/ChronoField
instanceKlass sun/security/util/DisabledAlgorithmConstraints$Constraint$Operator
instanceKlass java/lang/System$Logger$Level
instanceKlass sun/security/rsa/RSAUtil$KeyType
instanceKlass sun/security/util/KnownOIDs
instanceKlass sun/util/locale/provider/LocaleProviderAdapter$Type
instanceKlass java/lang/invoke/MethodHandleImpl$ArrayAccess
instanceKlass java/util/stream/MatchOps$MatchKind
instanceKlass jdk/internal/foreign/abi/CapturableState
instanceKlass jdk/internal/foreign/abi/Binding$Cast
instanceKlass jdk/internal/foreign/abi/x64/windows/TypeClass
instanceKlass jdk/internal/foreign/abi/StubLocations
instanceKlass java/lang/classfile/Opcode$Kind
instanceKlass java/lang/classfile/Opcode
instanceKlass java/lang/classfile/TypeKind
instanceKlass jdk/internal/classfile/impl/AbstractPoolEntry$Utf8EntryImpl$State
instanceKlass java/lang/classfile/AttributeMapper$AttributeStability
instanceKlass java/lang/classfile/ClassFile$DeadLabelsOption
instanceKlass java/lang/classfile/ClassFile$DeadCodeOption
instanceKlass java/lang/classfile/ClassFile$ShortJumpsOption
instanceKlass java/lang/classfile/ClassFile$ConstantPoolSharingOption
instanceKlass java/lang/classfile/ClassFile$AttributesProcessingOption
instanceKlass java/lang/classfile/ClassFile$LineNumbersOption
instanceKlass java/lang/classfile/ClassFile$DebugElementsOption
instanceKlass java/lang/classfile/ClassFile$StackMapsOption
instanceKlass jdk/internal/foreign/layout/AbstractGroupLayout$Kind
instanceKlass java/util/stream/StreamShape
instanceKlass java/util/stream/StreamOpFlag$Type
instanceKlass java/util/stream/StreamOpFlag
instanceKlass java/util/Locale$Category
instanceKlass jdk/internal/foreign/SystemLookup$WindowsFallbackSymbols
instanceKlass java/nio/file/AccessMode
instanceKlass jdk/internal/util/OperatingSystem
instanceKlass jdk/internal/foreign/CABI
instanceKlass java/util/regex/Pattern$Qtype
instanceKlass scala/meta/pc/PresentationCompilerConfig$ScalaImportsPlacement
instanceKlass scala/meta/pc/SourcePathMode
instanceKlass scala/meta/pc/ContentType
instanceKlass scala/meta/pc/PresentationCompilerConfig$OverrideDefFormat
instanceKlass java/math/RoundingMode
instanceKlass java/lang/invoke/MethodHandles$Lookup$ClassOption
instanceKlass java/lang/invoke/VarHandle$AccessType
instanceKlass java/lang/invoke/VarHandle$AccessMode
instanceKlass java/lang/invoke/MethodHandleImpl$Intrinsic
instanceKlass java/lang/invoke/LambdaForm$BasicType
instanceKlass java/lang/invoke/LambdaForm$Kind
instanceKlass java/lang/constant/DirectMethodHandleDesc$Kind
instanceKlass sun/invoke/util/Wrapper
instanceKlass java/util/zip/ZipCoder$Comparison
instanceKlass java/nio/file/LinkOption
instanceKlass sun/nio/fs/WindowsPathType
instanceKlass java/util/concurrent/TimeUnit
instanceKlass java/nio/file/StandardOpenOption
instanceKlass jdk/internal/vm/Continuation$Pinned
instanceKlass java/io/File$PathStatus
instanceKlass java/lang/module/ModuleDescriptor$Requires$Modifier
instanceKlass java/lang/reflect/AccessFlag$Location
instanceKlass java/lang/reflect/AccessFlag
instanceKlass java/lang/module/ModuleDescriptor$Modifier
instanceKlass java/util/HexFormat$Case
instanceKlass java/lang/reflect/ClassFileFormatVersion
instanceKlass java/lang/Thread$State
ciInstanceKlass java/lang/Enum 1 1 204 9 7 12 1 1 1 9 12 1 1 10 7 12 1 1 1 9 12 1 10 7 12 1 1 1 100 1 10 10 12 1 1 10 12 1 7 1 10 10 7 12 1 1 10 12 1 1 18 12 1 1 10 100 12 1 1 1 10 12 1 1 11 7 12 1 1 1 100 1 8 1 10 12 1 100 1 7 1 10 8 1 10 12 1 1 10 12 1 1 8 1 10 12 1 10 100 1 8 1 10 10 12 1 1 10 100 12 1 1 1 7 1 7 1 7 1 1 1 1 1 1 1 1 1 1 1 1 1 1 1 1 1 1 1 1 1 1 1 1 1 1 1 1 1 1 1 1 1 1 1 1 1 1 1 1 1 1 1 1 1 1 1 3 1 1 1 1 100 1 7 1 1 100 1 1 1 1 1 1 1 1 1 1 1 16 15 10 12 16 15 10 100 12 1 1 1 1 1 100 1 100 1 1
ciInstanceKlass java/lang/reflect/Method 1 1 472 9 7 12 1 1 1 10 7 12 1 1 1 10 7 12 1 1 9 12 1 1 10 12 1 1 10 12 1 1 10 7 12 1 1 10 7 12 1 1 1 9 12 1 1 9 12 1 9 12 1 1 9 12 1 9 12 1 9 12 1 1 9 12 1 9 12 1 1 9 12 1 9 12 1 9 12 1 1 100 1 8 1 10 12 1 10 12 1 9 12 1 1 8 1 10 7 12 1 1 10 7 12 1 1 1 10 12 1 1 10 12 1 1 10 12 1 10 12 1 1 10 12 1 1 9 100 12 1 1 1 10 12 1 1 10 12 10 7 12 1 1 10 12 1 1 10 12 1 10 12 1 10 12 1 10 7 12 1 1 1 10 12 1 1 10 7 1 10 7 12 1 1 1 10 7 12 1 1 10 12 1 1 10 12 1 1 10 12 1 10 7 12 1 1 1 10 12 1 10 8 1 10 12 1 10 12 1 7 1 8 1 8 1 8 1 10 12 1 10 12 1 1 10 12 1 1 10 10 12 1 1 10 12 1 11 7 1 10 12 1 9 12 1 1 10 12 1 1 10 12 1 10 12 1 1 10 12 1 1 11 7 12 1 1 1 11 12 1 9 12 1 1 10 12 1 10 12 1 10 12 1 10 12 1 10 12 1 10 12 1 9 12 1 1 10 7 12 1 1 1 10 7 12 1 1 10 12 1 1 10 7 12 1 1 1 10 7 12 1 1 1 10 7 12 1 1 1 11 7 12 1 1 1 10 7 12 1 1 1 7 1 100 1 100 1 10 12 1 10 12 1 1 10 12 1 100 1 8 1 10 12 1 10 10 12 1 1 10 12 1 1 10 12 1 1 10 12 1 1 8 1 10 12 1 1 1 1 1 1 1 1 1 1 1 1 1 1 1 1 1 1 1 1 1 1 1 1 1 1 1 1 1 1 1 1 1 1 1 1 1 1 1 1 1 1 1 1 1 1 1 1 1 1 1 1 1 100 1 100 1 100 1 1 1 1 1 1 1 1 1 1 1 1 1 1 1 1 1 1 1 1 1 1 1 1 1 1 1 1 1 1
ciInstanceKlass java/lang/reflect/Field 1 1 457 9 7 12 1 1 1 10 12 1 1 10 7 12 1 1 1 10 7 12 1 1 9 12 1 1 10 12 1 1 10 12 1 1 10 7 12 1 1 10 7 12 1 1 1 9 12 1 1 9 12 1 9 12 1 9 12 1 1 9 12 1 1 9 12 1 9 12 1 1 9 12 1 1 100 1 8 1 10 12 1 10 12 1 9 12 1 1 9 12 1 10 12 1 10 7 12 1 1 10 12 1 1 10 12 1 1 10 12 1 10 12 1 1 9 100 12 1 1 1 10 100 12 1 1 1 7 1 10 12 1 1 10 12 1 1 10 12 1 1 10 12 1 10 12 1 10 7 1 10 7 12 1 1 7 1 10 8 1 10 12 1 1 10 12 1 1 8 1 10 12 10 12 1 8 1 8 1 10 11 7 1 9 12 1 10 12 1 1 10 12 1 1 11 7 12 1 1 1 10 12 1 11 12 1 1 11 12 1 1 11 12 1 1 11 12 1 1 11 12 1 1 11 12 1 1 11 12 1 1 11 12 1 1 11 12 1 1 11 12 1 1 11 12 1 1 11 12 1 1 11 12 1 1 11 12 1 1 11 12 1 1 11 12 1 1 11 12 1 1 10 12 1 10 7 12 1 1 10 12 1 10 12 1 10 12 1 9 12 1 1 10 7 12 1 1 1 10 12 1 1 10 12 1 10 7 12 1 1 10 12 1 1 11 7 1 10 12 1 7 1 10 100 12 1 1 1 10 7 12 1 1 1 9 12 1 10 7 12 1 1 1 11 7 12 1 1 1 10 12 1 1 10 12 1 1 9 100 12 1 1 10 100 12 1 1 1 10 12 1 1 7 1 1 1 1 1 1 1 1 1 1 1 1 1 1 1 1 1 1 1 1 1 1 1 1 1 1 1 1 1 1 1 1 1 1 1 1 1 1 1 100 1 1 1 1 1 1 1 1 1 1 1 1 1 1 1 1 1 1 1 1 1 1 1 1 1 1 1 1 1 1 1 1 7 1 1 1 1 1 1 1 1 1 100 1 1
ciInstanceKlass java/lang/reflect/Parameter 1 1 243 10 7 12 1 1 1 9 7 12 1 1 1 9 12 1 1 9 12 1 1 9 12 1 10 12 1 1 10 12 1 1 10 7 12 1 1 1 7 1 10 10 12 1 1 11 7 12 1 1 1 10 12 1 10 7 12 1 1 1 10 12 1 1 10 12 1 10 12 1 8 1 8 1 10 7 12 1 1 1 10 12 1 10 12 9 100 12 1 1 1 10 100 12 1 1 1 10 12 1 8 1 10 12 1 9 12 1 1 10 12 1 1 9 12 1 1 10 12 1 1 10 12 1 1 10 12 1 1 10 12 1 10 10 12 1 10 100 12 1 1 1 10 12 1 1 11 7 12 1 1 10 7 12 1 1 7 1 10 100 12 1 1 1 10 12 1 1 10 12 1 1 10 12 1 1 10 12 1 1 9 12 1 100 1 10 11 12 1 1 11 12 1 1 7 1 1 1 1 1 1 1 1 1 1 1 1 1 1 1 1 1 1 1 1 1 1 1 1 1 1 1 1 1 1 1 1 1 1 1 1 1 1 1 1 1 100 1 1 1 1 1 1
ciInstanceKlass java/lang/reflect/RecordComponent 1 1 196 10 7 12 1 1 1 9 7 12 1 1 1 9 12 1 1 9 12 1 10 12 1 1 10 12 1 1 10 100 12 1 1 1 10 12 1 1 9 12 1 1 10 12 1 1 10 12 1 1 10 12 1 10 100 12 1 1 10 100 12 1 1 9 12 1 1 10 100 12 1 1 1 11 100 12 1 1 1 10 9 100 12 1 1 1 10 100 12 1 1 1 9 12 1 1 10 100 12 1 1 1 10 12 1 1 11 7 12 1 1 10 7 12 1 1 7 1 9 12 1 9 12 1 1 9 12 1 10 100 12 1 1 1 10 12 1 1 10 12 1 1 7 1 10 10 12 1 10 12 1 1 8 1 10 12 1 10 12 1 9 12 1 7 1 1 1 1 1 1 1 1 1 1 1 1 1 1 1 1 1 1 1 1 1 1 7 1 1 1 1 1 1 100 1 1
ciInstanceKlass java/lang/StringBuffer 1 1 487 10 7 12 1 1 1 10 12 1 10 12 1 10 12 1 1 9 7 12 1 1 1 10 12 1 1 10 12 1 10 12 1 1 9 12 1 1 10 12 1 10 12 1 1 10 12 1 1 10 12 1 10 12 1 1 10 12 1 10 12 1 1 10 12 1 1 10 7 12 1 1 1 10 12 1 1 10 12 1 10 12 1 10 12 1 10 12 1 10 12 1 10 12 1 10 12 1 10 12 1 10 12 1 10 12 1 10 12 1 10 12 1 10 12 1 10 12 1 1 10 12 1 10 12 1 1 10 12 1 1 10 10 12 1 1 10 12 1 10 12 1 10 12 1 10 12 1 10 12 1 10 12 1 10 12 10 12 1 10 12 1 10 12 1 10 12 1 1 10 12 1 10 12 1 10 10 12 1 1 10 12 1 10 12 1 10 12 1 8 1 10 12 1 10 10 100 12 1 1 1 10 10 12 1 1 9 12 1 1 10 100 12 1 1 10 100 1 8 10 100 12 1 1 1 8 10 12 1 8 1 10 12 1 10 12 1 10 100 12 1 1 1 10 100 12 1 1 1 7 1 10 12 100 1 8 1 10 10 12 1 1 10 12 1 1 10 12 1 10 12 1 10 12 1 1 10 12 1 10 12 1 10 12 1 10 12 1 10 12 1 10 12 10 12 1 10 12 1 10 12 1 10 12 1 10 12 1 10 12 1 10 12 1 10 12 1 10 12 1 10 12 1 10 12 10 12 10 12 1 10 12 1 10 12 1 10 12 10 12 1 10 12 1 10 12 1 10 12 1 10 12 1 10 12 1 10 12 1 10 12 1 10 12 1 10 12 1 10 12 1 7 1 10 12 1 9 7 12 1 1 1 9 7 1 9 12 1 1 7 1 7 1 7 1 7 1 1 1 1 5 0 1 1 1 1 1 1 1 1 1 1 1 1 1 1 1 1 1 1 1 1 1 1 1 1 1 1 1 1 1 1 1 1 1 1 1 1 1 1 1 1 1 1 1 1 1 1 1 1 1 1 1 1 1 1 1 1 1 1 1 1 100 1 1 1 1 1 7 1 1 1 1 1 1 1 1 1 1 1 1 1 1 1 1 1 1
staticfield java/lang/StringBuffer serialPersistentFields [Ljava/io/ObjectStreamField; 3 [Ljava/io/ObjectStreamField;
instanceKlass jdk/internal/loader/BuiltinClassLoader
instanceKlass java/net/URLClassLoader
ciInstanceKlass java/security/SecureClassLoader 1 1 102 10 7 12 1 1 1 7 1 10 12 1 9 7 12 1 1 1 10 12 1 10 12 1 10 12 1 1 10 12 1 1 10 12 1 7 1 10 7 1 10 12 1 7 1 10 12 1 11 7 12 1 1 1 7 1 11 12 1 10 12 1 1 1 1 1 1 1 1 1 1 1 1 1 1 1 1 1 1 1 1 1 1 1 1 1 1 1 1 1 1 1 1 1 1 1 1 100 1 1 1 1
ciInstanceKlass java/net/URLClassLoader 0 0 600 10 7 12 1 1 1 100 1 10 12 1 9 7 12 1 1 1 10 7 12 1 1 1 9 12 1 1 100 1 10 12 1 9 12 1 1 10 12 1 10 10 12 1 10 100 12 1 1 1 10 12 1 1 10 7 12 1 1 1 10 100 12 1 1 1 100 1 10 12 1 1 10 12 1 1 10 12 1 1 100 1 100 1 10 7 12 1 1 1 100 1 8 1 10 12 1 10 7 12 1 1 1 10 12 1 1 10 12 1 1 11 100 12 1 1 1 11 7 12 1 1 1 11 12 1 1 7 1 11 12 1 11 7 12 1 1 10 12 1 11 12 1 11 12 1 1 11 10 12 1 1 10 12 1 1 10 12 1 1 100 1 10 12 1 10 12 1 1 7 1 100 1 10 12 1 1 7 1 10 10 12 1 1 10 100 12 1 1 10 12 1 100 1 7 1 10 8 1 10 12 1 1 8 1 10 12 1 1 10 10 12 1 8 1 8 1 10 12 1 1 10 7 12 1 1 1 10 100 12 1 1 1 10 12 1 1 10 12 1 1 10 12 1 1 10 12 1 10 12 1 100 1 100 1 8 1 10 12 1 10 12 1 1 10 12 1 1 7 1 10 12 1 10 100 12 1 1 1 10 12 1 1 10 12 1 1 10 12 1 1 10 12 1 10 100 12 1 1 1 10 12 1 1 8 1 10 12 1 1 11 100 12 1 1 1 9 100 12 1 1 1 10 100 12 1 1 1 9 12 1 9 12 1 9 12 1 9 12 1 9 12 1 9 12 1 10 7 12 1 1 1 8 1 10 12 1 1 100 1 10 10 12 1 10 12 1 1 10 12 1 1 100 1 10 12 1 10 12 1 1 10 12 1 10 12 1 1 100 1 10 100 12 1 1 9 100 12 1 1 1 10 12 1 8 1 100 1 8 1 10 12 1 10 12 1 8 1 10 12 1 10 12 1 9 12 1 1 10 100 12 1 1 10 12 1 10 12 1 10 100 1 8 1 10 100 1 10 12 1 10 100 12 1 100 1 10 12 1 10 12 1 100 1 10 10 7 12 1 1 1 1 1 1 1 1 1 1 1 1 1 1 1 1 1 1 1 1 1 1 1 1 1 1 1 1 1 1 1 1 1 1 1 1 1 7 1 100 1 7 1 7 1 1 1 1 1 1 1 1 1 1 1 1 1 1 1 1 1 1 1 1 1 1 1 1 1 1 1 1 1 1 1 1 1 1 1 1 1 1 1 1 1 1 1 1 1 1 100 1 1 1 1 1 1 1 1 1 1 1 1 1 1 1 1 1 1 1 1 1 1 1 1 1 1 1 1 1 1 1 1 1 1 1 1 1 100 1 1 1
ciInstanceKlass java/util/jar/Manifest 1 1 320 10 7 12 1 1 1 7 1 10 9 7 12 1 1 1 7 1 10 9 12 1 1 9 12 1 1 10 12 1 10 12 1 1 10 12 1 1 10 12 1 1 10 12 1 1 11 7 1 11 12 1 1 10 12 1 1 10 100 12 1 1 1 100 1 7 1 10 8 1 10 12 1 1 10 12 1 1 10 12 1 10 12 1 11 100 1 10 12 1 10 12 1 1 11 12 1 1 10 12 1 11 12 1 1 11 100 12 1 1 1 11 7 12 1 1 11 12 1 1 100 1 10 12 1 8 1 11 12 1 7 1 10 12 1 1 11 12 1 10 12 1 10 12 1 10 9 7 12 1 1 1 10 12 1 1 10 100 12 1 10 12 1 10 12 1 9 100 12 1 1 1 8 1 10 12 1 8 1 8 1 7 1 10 12 1 10 12 1 10 12 1 1 100 1 8 1 10 12 1 1 8 1 10 10 12 1 1 8 1 10 12 1 1 10 7 12 1 1 1 10 12 1 10 11 12 1 1 10 12 1 1 10 7 12 1 1 1 10 12 1 1 10 12 1 10 12 1 1 11 10 12 1 11 10 12 1 7 1 1 1 1 1 1 1 1 1 1 1 1 1 1 1 1 1 1 1 1 1 1 1 1 1 1 1 1 1 1 1 1 1 1 1 100 1 1 1 1 1 1 1 1 1 1 1 1 1 1 7 1 1 1 1 1 1 1 1 1 1 1
ciInstanceKlass java/io/ByteArrayInputStream 1 1 135 10 7 12 1 1 1 9 7 12 1 1 1 9 12 1 1 9 12 1 9 12 1 10 100 12 1 1 1 10 7 12 1 1 1 10 7 12 1 1 1 10 100 12 1 1 1 10 12 1 1 10 100 12 1 1 1 100 1 100 1 100 1 3 10 100 1 10 100 12 1 1 1 9 12 1 1 100 1 10 10 7 12 1 1 1 1 1 1 1 1 1 1 1 1 1 1 1 1 1 1 1 1 1 1 1 1 1 1 1 1 1 1 1 1 1 1 1 100 1 100 1 1 1 1 1 1 1 1 1 1 1 1 1 1
staticfield java/io/ByteArrayInputStream $assertionsDisabled Z 1
instanceKlass java/nio/IntBuffer
instanceKlass java/nio/CharBuffer
instanceKlass java/nio/LongBuffer
instanceKlass java/nio/ByteBuffer
ciInstanceKlass java/nio/Buffer 1 1 256 100 1 10 7 12 1 1 1 9 7 12 1 1 1 9 12 1 9 12 1 1 9 12 1 9 12 1 1 10 12 1 1 10 12 1 1 10 12 100 1 7 1 10 8 1 10 12 1 1 10 12 1 8 1 8 1 10 12 1 1 10 12 1 8 1 9 12 1 1 100 1 8 1 10 12 1 8 1 8 1 9 12 10 12 1 8 1 8 1 8 1 10 12 1 8 1 8 1 8 1 100 1 10 100 1 10 100 1 10 9 12 1 1 10 7 12 1 1 1 100 1 10 12 1 1 10 12 1 10 100 12 1 1 10 7 12 1 1 1 10 7 12 1 1 1 9 12 1 1 10 7 12 1 1 1 9 12 1 1 7 1 10 10 12 1 1 7 1 10 10 7 12 1 1 1 1 1 3 1 1 1 1 1 1 1 1 1 1 1 1 1 1 100 1 1 1 1 1 1 1 7 1 1 1 1 1 1 1 1 1 1 1 1 1 1 1 1 1 1 1 1 1 1 1 1 1 1 1 1 1 1 1 1 1 1 1 1 1 1 1 100 1 100 1 100 1 100 1 100 1 100 1 100 1 1
staticfield java/nio/Buffer UNSAFE Ljdk/internal/misc/Unsafe; jdk/internal/misc/Unsafe
staticfield java/nio/Buffer SCOPED_MEMORY_ACCESS Ljdk/internal/misc/ScopedMemoryAccess; jdk/internal/misc/ScopedMemoryAccess
staticfield java/nio/Buffer IOOBE_FORMATTER Ljava/util/function/BiFunction; jdk/internal/util/Preconditions$4
staticfield java/nio/Buffer $assertionsDisabled Z 1
ciMethod java/nio/Buffer checkIndex (I)I 512 0 22668 0 -1
ciMethod java/nio/Buffer limit ()I 268 0 134 0 0
ciMethod java/nio/Buffer session ()Ljdk/internal/foreign/MemorySessionImpl; 16 0 20662 0 -1
ciInstanceKlass jdk/internal/util/Preconditions 1 1 194 10 7 12 1 1 1 11 7 12 1 1 1 11 100 12 1 1 1 7 1 100 1 10 7 12 1 1 1 10 12 1 8 1 7 1 10 7 12 1 1 1 10 12 1 1 8 1 8 1 10 7 12 1 1 7 1 10 12 1 8 1 10 7 12 1 1 1 8 1 10 12 1 1 10 12 1 1 11 12 1 8 1 8 1 11 12 1 1 8 1 8 1 8 1 10 12 1 1 10 12 1 1 10 12 1 10 12 1 10 12 1 10 12 7 1 10 10 12 1 1 9 12 1 1 7 1 10 9 12 1 7 1 10 9 12 1 1 1 1 1 1 1 1 1 1 1 1 1 1 1 1 1 1 1 1 1 1 1 1 1 1 1 1 1 1 1 1 1 1 1 1 1 1 1 1 1 1 1 1 1 1 1 1 1 1 1 1 1 1 1 1 1 1
staticfield jdk/internal/util/Preconditions SIOOBE_FORMATTER Ljava/util/function/BiFunction; jdk/internal/util/Preconditions$4
staticfield jdk/internal/util/Preconditions AIOOBE_FORMATTER Ljava/util/function/BiFunction; jdk/internal/util/Preconditions$4
staticfield jdk/internal/util/Preconditions IOOBE_FORMATTER Ljava/util/function/BiFunction; jdk/internal/util/Preconditions$4
ciInstanceKlass java/util/List 1 1 251 10 100 12 1 1 1 11 100 12 1 1 1 11 100 12 1 1 1 11 12 1 1 11 100 12 1 1 11 12 1 1 11 12 1 1 10 100 12 1 1 1 7 1 7 1 10 12 1 1 100 1 10 100 12 1 1 1 11 12 1 1 11 12 1 11 12 1 100 1 10 12 1 11 12 1 1 11 12 1 1 11 12 1 10 7 12 1 1 1 9 7 12 1 1 1 7 1 10 12 10 12 1 7 1 10 12 1 1 10 12 1 10 12 1 1 11 12 1 1 100 1 1 1 1 1 1 1 1 1 1 1 1 1 1 1 1 1 1 1 1 1 1 1 1 1 1 1 1 1 1 1 1 1 1 1 1 1 1 1 1 1 1 1 1 100 1 100 1 1 1 1 1 1 1 1 1 1 1 1 1 1 1 1 1 1 1 1 1 1 1 1 1 1 1 1 1 1 1 1 1 1 1 1 1 1 1 1 1 1 1 1 1 1 1 1 1 1 1 1 1 1 1 1 1 1 1 1 1 1 1 1 1 1 1 1 1 1 1 1 1 1 1 1 100 1 1 100 1 1 1
instanceKlass com/sun/tools/javac/comp/Attr$BreakAttr
instanceKlass com/sun/tools/javac/code/Types$FunctionDescriptorLookupError
instanceKlass com/sun/tools/javac/comp/Resolve$InapplicableMethodException
instanceKlass com/sun/tools/javac/jvm/ClassWriter$StringOverflow
instanceKlass com/sun/tools/javac/jvm/ClassWriter$PoolOverflow
instanceKlass com/sun/tools/javac/code/Symbol$CompletionFailure
instanceKlass java/util/MissingResourceException
instanceKlass scala/meta/pc/DisplayableException
instanceKlass java/nio/file/ProviderNotFoundException
instanceKlass com/sun/tools/javac/util/ClientCodeException
instanceKlass com/sun/tools/javac/util/PropagatedException
instanceKlass java/time/DateTimeException
instanceKlass java/lang/reflect/MalformedParametersException
instanceKlass tools/jackson/core/JacksonException
instanceKlass org/h2/mvstore/MVStoreException
instanceKlass java/nio/file/FileSystemNotFoundException
instanceKlass java/util/concurrent/RejectedExecutionException
instanceKlass org/h2/message/DbException
instanceKlass java/io/UncheckedIOException
instanceKlass scala/meta/internal/metals/Interruptable$MetalsCancelException$
instanceKlass org/eclipse/text/edits/MalformedTreeException
instanceKlass com/google/common/util/concurrent/UncheckedExecutionException
instanceKlass com/google/common/cache/CacheLoader$InvalidCacheLoadException
instanceKlass com/github/plokhotnyuk/jsoniter_scala/core/JsonReaderException
instanceKlass com/typesafe/config/ConfigException
instanceKlass coursier/core/shaded/jsoniter/core/JsonReaderException
instanceKlass org/scalafmt/interfaces/ScalafmtException
instanceKlass scala/meta/internal/metals/BatchedFunction$BatchedFunctionCancelation
instanceKlass org/flywaydb/core/api/FlywayException
instanceKlass java/util/ConcurrentModificationException
instanceKlass org/eclipse/lsp4j/jsonrpc/ResponseErrorException
instanceKlass org/eclipse/lsp4j/jsonrpc/JsonRpcException
instanceKlass org/eclipse/lsp4j/jsonrpc/MessageIssueException
instanceKlass com/google/gson/JsonParseException
instanceKlass java/lang/reflect/UndeclaredThrowableException
instanceKlass java/nio/file/FileSystemAlreadyExistsException
instanceKlass java/lang/WrongThreadException
instanceKlass java/lang/IllegalStateException
instanceKlass java/lang/IndexOutOfBoundsException
instanceKlass java/lang/UnsupportedOperationException
instanceKlass java/util/NoSuchElementException
instanceKlass java/lang/SecurityException
instanceKlass scala/MatchError
instanceKlass java/lang/IllegalArgumentException
instanceKlass java/lang/ArithmeticException
instanceKlass java/lang/NullPointerException
instanceKlass java/lang/IllegalMonitorStateException
instanceKlass java/lang/ArrayStoreException
instanceKlass java/lang/ClassCastException
ciInstanceKlass java/lang/RuntimeException 1 1 40 10 7 12 1 1 1 10 12 1 10 12 1 10 12 1 10 12 1 100 1 1 1 1 5 0 1 1 1 1 1 1 1 1 1 1 1 1 1 1
ciInstanceKlass jdk/internal/util/Preconditions$4 1 1 61 9 7 12 1 1 1 10 7 12 1 1 1 10 100 12 1 1 1 11 100 12 1 1 1 100 1 100 1 100 1 10 12 1 100 1 1 1 1 1 1 1 1 1 1 1 1 1 1 1 1 1 1 1 1 1 12 1 1 1 1
ciInstanceKlass java/util/function/BiFunction 1 1 65 10 100 12 1 1 1 18 12 1 1 11 7 12 1 1 11 100 12 1 7 1 1 1 1 1 1 1 1 1 1 1 1 1 1 1 1 1 1 1 1 1 1 1 1 1 1 1 16 15 11 12 15 10 100 12 1 1 1 1 100 1 100 1 1
ciMethod jdk/internal/util/Preconditions checkIndex (IILjava/util/function/BiFunction;)I 1024 0 5119 0 -1
ciInstanceKlass java/lang/AssertionStatusDirectives 0 0 24 10 100 12 1 1 1 100 1 1 1 1 1 1 1 1 1 1 1 1 1 1 1 1
instanceKlass jdk/net/UnixDomainPrincipal
instanceKlass java/util/stream/Collectors$CollectorImpl
instanceKlass java/nio/DirectByteBuffer$Deallocator
instanceKlass java/lang/reflect/Executable$ParameterData
instanceKlass jdk/internal/classfile/impl/StackCounter$Target
instanceKlass jdk/internal/classfile/impl/StackMapDecoder$StackMapFrameImpl
instanceKlass jdk/internal/classfile/impl/StackMapDecoder$ObjectVerificationTypeInfoImpl
instanceKlass java/lang/reflect/Proxy$ProxyBuilder$ProxyClassContext
instanceKlass sun/security/pkcs/SignerInfo$AlgorithmInfo
instanceKlass sun/security/pkcs/PKCS9Attribute$AttributeInfo
instanceKlass jdk/internal/misc/ThreadTracker$ThreadRef
instanceKlass jdk/internal/classfile/impl/StackMapGenerator$RawExceptionCatch
instanceKlass jdk/internal/foreign/abi/NativeEntryPoint$CacheKey
instanceKlass jdk/internal/foreign/abi/DowncallLinker$InvocationData
instanceKlass jdk/internal/foreign/abi/x64/windows/CallArranger$Bindings
instanceKlass jdk/internal/foreign/abi/Binding$SegmentOffset
instanceKlass jdk/internal/foreign/abi/Binding$SegmentBase
instanceKlass jdk/internal/foreign/abi/Binding$BufferLoad
instanceKlass jdk/internal/foreign/abi/Binding$VMStore
instanceKlass jdk/internal/foreign/abi/Binding$ShiftRight
instanceKlass jdk/internal/foreign/abi/Binding$ShiftLeft
instanceKlass jdk/internal/foreign/abi/Binding$Dup
instanceKlass jdk/internal/foreign/abi/Binding$BoxAddress
instanceKlass jdk/internal/foreign/abi/Binding$Allocate
instanceKlass jdk/internal/foreign/abi/Binding$Copy
instanceKlass jdk/internal/foreign/abi/Binding$BufferStore
instanceKlass jdk/internal/foreign/abi/Binding$VMLoad
instanceKlass jdk/internal/foreign/abi/LinkerOptions$Critical
instanceKlass jdk/internal/foreign/abi/AbstractLinker$LinkRequest
instanceKlass jdk/internal/foreign/abi/LinkerOptions$FirstVariadicArg
instanceKlass jdk/internal/foreign/abi/LinkerOptions$CaptureCallState
instanceKlass jdk/internal/classfile/impl/ClassHierarchyImpl$ClassHierarchyInfoImpl
instanceKlass java/lang/classfile/ClassHierarchyResolver$1Factory
instanceKlass jdk/internal/classfile/impl/StackMapGenerator$Type
instanceKlass jdk/internal/classfile/impl/AbstractInstruction$SwitchCaseImpl
instanceKlass java/lang/runtime/SwitchBootstraps$1Element
instanceKlass jdk/internal/classfile/impl/DirectCodeBuilder$DeferredLabel
instanceKlass jdk/internal/classfile/impl/ClassFileImpl$AttributeMapperOptionImpl
instanceKlass jdk/internal/classfile/impl/ClassFileImpl$ClassHierarchyResolverOptionImpl
instanceKlass jdk/internal/classfile/impl/ClassFileImpl
instanceKlass jdk/internal/foreign/Utils$BaseAndScale
instanceKlass java/security/SecureClassLoader$CodeSourceKey
instanceKlass jdk/internal/reflect/ReflectionFactory$Config
instanceKlass jdk/internal/foreign/abi/UpcallLinker$CallRegs
instanceKlass jdk/internal/foreign/abi/VMStorage
ciInstanceKlass java/lang/Record 1 1 22 10 7 12 1 1 1 100 1 1 1 1 1 1 1 1 1 1 1 1 1 1
ciInstanceKlass java/lang/invoke/MethodType 1 1 780 7 1 10 7 12 1 1 1 9 12 1 1 9 12 1 1 9 12 1 1 10 7 12 1 1 1 9 7 12 1 1 8 1 10 100 12 1 1 1 9 7 1 9 7 1 10 12 1 1 7 1 10 8 1 10 12 1 1 10 12 1 10 12 1 1 7 1 8 1 10 12 1 100 1 10 10 12 1 10 12 1 1 10 12 1 1 11 7 12 1 1 1 9 12 1 11 12 1 1 7 10 12 1 1 10 12 1 1 7 1 7 1 10 7 12 1 1 1 10 12 1 10 12 1 9 12 1 1 10 7 12 1 1 10 12 1 1 10 7 12 1 1 1 10 7 12 1 1 1 10 12 1 9 12 1 1 10 12 1 1 10 12 1 1 10 12 1 1 10 12 1 1 10 12 1 1 10 12 1 10 12 1 10 12 1 1 10 12 1 8 1 8 1 10 12 1 1 9 12 1 1 100 1 10 10 12 1 1 10 12 1 10 12 1 1 10 12 1 1 10 12 1 10 12 1 10 12 1 8 1 10 12 1 1 10 100 12 1 1 1 10 12 1 10 12 1 1 10 12 1 10 12 1 10 12 1 1 10 12 1 10 12 1 9 12 1 10 12 1 10 10 12 1 1 10 12 1 9 12 1 1 10 12 1 1 11 12 1 1 10 12 1 1 10 12 1 10 12 1 100 1 8 1 8 1 8 1 10 12 1 10 12 1 10 12 1 1 10 10 12 1 11 12 1 1 11 12 1 10 100 12 1 1 1 9 12 1 10 12 1 10 12 1 1 10 12 1 1 10 12 1 10 12 1 10 100 12 1 1 1 10 12 1 1 10 12 1 10 12 1 10 12 1 10 9 12 1 1 7 1 10 12 1 10 12 1 1 9 100 12 1 1 1 10 7 12 1 1 1 10 7 12 1 1 1 10 12 1 1 10 7 12 1 1 1 10 12 1 1 8 1 10 7 12 1 1 1 11 12 1 1 9 12 1 1 10 12 1 1 10 12 1 10 12 1 1 10 12 1 1 10 7 12 1 1 7 1 10 12 1 1 11 7 12 1 1 18 12 1 1 11 12 1 1 18 12 1 11 12 1 7 1 11 7 12 1 1 10 12 1 100 1 10 12 1 10 100 12 1 1 10 12 1 1 9 12 1 1 9 100 12 1 1 1 10 7 12 1 1 1 9 12 1 10 100 12 1 1 10 12 1 100 10 12 1 1 10 12 1 7 1 10 10 12 1 1 7 1 7 1 9 12 1 1 7 1 7 1 7 1 1 1 5 0 1 1 1 1 1 1 1 3 1 3 1 3 1 1 1 1 1 1 1 1 1 1 1 1 1 1 1 1 1 1 1 1 1 1 1 1 1 1 1 1 1 1 1 1 1 1 1 1 1 1 1 1 1 1 1 1 1 1 1 1 1 1 1 1 1 1 1 1 1 1 1 1 1 1 1 1 1 1 1 1 1 1 1 1 1 1 1 1 1 1 1 1 1 1 1 1 1 1 1 1 1 1 1 1 1 1 1 1 1 1 1 1 1 1 1 1 1 1 1 1 1 1 1 1 1 1 1 1 1 1 1 1 1 1 1 1 1 1 1 1 1 1 100 1 100 1 1 1 1 1 1 1 1 1 1 1 1 1 100 1 1 1 7 1 1 1 1 1 1 1 1 1 1 1 1 1 1 1 1 1 1 1 1 1 1 16 15 10 12 16 16 15 10 12 16 15 10 7 12 1 1 1 1 1 7 1 1 7 1 1 100 1 100 1 1
staticfield java/lang/invoke/MethodType internTable Ljdk/internal/util/ReferencedKeySet; jdk/internal/util/ReferencedKeySet
staticfield java/lang/invoke/MethodType NO_PTYPES [Ljava/lang/Class; 0 [Ljava/lang/Class;
staticfield java/lang/invoke/MethodType objectOnlyTypes [Ljava/lang/invoke/MethodType; 20 [Ljava/lang/invoke/MethodType;
staticfield java/lang/invoke/MethodType METHOD_HANDLE_ARRAY [Ljava/lang/Class; 1 [Ljava/lang/Class;
staticfield java/lang/invoke/MethodType serialPersistentFields [Ljava/io/ObjectStreamField; 0 [Ljava/io/ObjectStreamField;
staticfield java/lang/invoke/MethodType $assertionsDisabled Z 1
ciInstanceKlass java/lang/invoke/TypeDescriptor$OfMethod 1 0 43 100 1 100 1 100 1 1 1 1 1 1 1 1 1 1 1 1 1 1 1 1 1 1 1 1 1 1 1 1 1 1 1 1 1 1 1 1 1 1 100 1 1
instanceKlass java/lang/reflect/InvocationTargetException
instanceKlass java/lang/InstantiationException
instanceKlass java/lang/IllegalAccessException
instanceKlass java/lang/NoSuchFieldException
instanceKlass java/lang/NoSuchMethodException
instanceKlass java/lang/ClassNotFoundException
ciInstanceKlass java/lang/ReflectiveOperationException 1 1 34 10 7 12 1 1 1 10 12 1 10 12 1 10 12 1 100 1 1 1 1 5 0 1 1 1 1 1 1 1 1 1 1 1
instanceKlass java/lang/invoke/NativeMethodHandle
instanceKlass java/lang/invoke/BoundMethodHandle
instanceKlass java/lang/invoke/DelegatingMethodHandle
instanceKlass java/lang/invoke/DirectMethodHandle
ciInstanceKlass java/lang/invoke/MethodHandle 1 1 734 100 1 9 7 12 1 1 1 10 7 12 1 1 1 10 7 12 1 1 1 7 1 7 1 10 12 1 1 9 12 1 1 10 12 1 10 12 1 1 10 12 1 1 10 100 12 1 1 1 10 12 1 1 10 12 1 1 11 7 12 1 1 1 10 12 1 1 10 12 1 10 12 1 9 12 1 1 9 12 1 1 10 7 12 1 1 1 10 12 1 10 12 1 1 10 12 1 10 12 1 100 1 7 1 10 8 1 10 12 1 1 10 12 1 8 1 10 12 1 1 10 12 1 10 7 12 1 1 1 10 12 1 1 10 12 1 1 10 12 1 1 10 7 12 1 1 1 10 12 1 1 10 12 1 1 10 12 1 10 12 1 1 10 7 12 1 1 10 7 12 1 1 10 12 1 10 12 1 10 12 1 1 10 12 1 1 10 12 1 1 10 12 1 1 10 7 12 1 1 1 10 100 12 1 1 1 10 12 1 1 10 12 1 1 10 12 1 1 8 1 10 7 12 1 1 1 8 1 10 12 1 10 12 1 1 10 12 1 1 10 12 1 8 1 10 12 1 1 8 1 10 12 1 8 1 10 7 12 1 1 1 9 12 1 1 100 1 10 9 7 12 1 1 1 9 7 1 8 1 10 12 1 1 10 12 1 10 12 1 1 10 12 1 10 12 1 1 10 12 1 10 12 1 1 10 12 1 10 12 1 1 10 12 1 1 8 1 10 12 1 1 8 1 10 12 1 10 12 1 1 10 12 1 10 12 1 10 12 1 1 9 100 12 1 1 1 10 12 1 1 11 12 1 10 12 1 10 12 1 1 10 100 12 1 1 100 1 11 12 1 10 100 1 11 12 1 7 1 10 12 1 11 12 1 9 100 12 1 1 1 11 12 1 1 11 100 12 1 1 1 10 12 1 1 9 12 1 11 12 1 9 12 1 9 12 1 9 12 1 11 12 1 1 9 12 1 9 12 1 9 12 1 9 12 1 9 12 1 9 12 1 9 12 1 8 1 10 12 1 10 12 1 8 1 10 12 1 10 12 1 10 12 1 1 10 10 10 7 12 1 1 10 12 1 1 100 1 100 1 8 1 8 1 10 10 12 1 1 10 12 1 10 12 1 7 1 10 100 12 1 1 1 10 9 7 12 1 1 1 10 12 1 1 10 12 1 1 8 1 8 1 10 7 12 1 1 9 12 1 9 12 1 1 9 12 1 1 10 12 1 7 1 10 12 1 10 12 1 1 9 12 1 1 9 12 1 1 10 7 12 1 1 1 11 7 12 1 1 9 12 1 10 12 1 1 9 12 1 10 12 1 8 10 12 1 1 8 1 1 1 1 1 1 1 1 7 1 1 1 1 1 1 1 1 1 1 1 1 1 1 1 1 1 1 1 1 1 1 1 1 1 1 1 1 1 1 1 1 100 1 1 1 1 1 1 1 1 1 1 1 1 1 1 1 1 1 1 1 1 1 1 1 1 1 1 1 1 1 1 1 1 1 1 1 1 1 1 1 1 1 1 1 1 1 1 1 1 1 1 1 1 1 1 1 1 1 1 1 1 1 1 1 1 1 1 1 1 1 1 1 1 1 1 1 1 1 1 1 1 1 1 1 1 1 1 100 1 1 100 1 7 1 100 1 1 100 1 1 100 1 1 1 1
staticfield java/lang/invoke/MethodHandle FORM_OFFSET J 24
staticfield java/lang/invoke/MethodHandle UPDATE_OFFSET J 13
staticfield java/lang/invoke/MethodHandle $assertionsDisabled Z 1
instanceKlass tools/jackson/core/util/InternCache
instanceKlass org/h2/value/CaseInsensitiveConcurrentMap
ciInstanceKlass java/util/concurrent/ConcurrentHashMap 1 1 1211 7 1 7 1 3 10 12 1 1 3 7 1 10 7 12 1 1 1 7 1 10 7 12 1 1 1 100 1 11 12 1 1 11 12 1 11 12 1 1 9 12 1 1 9 12 1 1 9 12 1 10 7 12 1 1 1 7 1 10 12 1 1 10 12 1 1 10 7 12 1 1 1 4 10 12 1 11 7 12 1 1 1 10 12 1 10 12 1 1 100 1 10 5 0 10 12 1 9 12 1 10 12 1 1 5 0 10 12 1 10 12 1 9 12 1 1 10 12 1 1 9 12 1 9 12 1 1 10 12 1 1 9 12 1 10 12 1 1 9 12 1 1 10 12 1 1 100 1 10 7 1 10 12 1 10 12 1 1 10 12 1 1 10 12 1 1 10 12 1 10 12 1 1 10 12 1 1 100 1 10 12 1 1 7 1 100 1 8 1 10 12 1 10 12 1 1 10 12 1 1 10 10 12 1 11 12 1 1 11 7 12 1 1 1 11 7 12 1 1 1 11 12 1 7 1 11 12 1 11 12 1 10 12 1 1 10 12 1 1 9 12 1 1 10 100 12 1 1 1 9 10 12 1 1 9 12 1 10 12 1 1 5 0 9 12 1 1 7 1 10 12 1 9 12 1 1 7 1 10 12 1 9 12 1 7 1 10 7 1 10 10 12 1 1 8 1 10 12 1 10 12 1 1 11 100 1 10 12 1 10 100 12 1 1 1 8 1 10 100 12 1 1 1 8 1 10 12 1 8 1 10 12 1 10 12 1 1 10 100 12 1 1 10 12 1 10 12 1 10 12 1 9 12 1 9 10 12 1 9 12 1 1 11 100 12 1 1 1 11 7 12 1 1 1 100 1 10 12 11 100 12 1 1 10 11 7 12 1 10 12 1 7 1 10 12 1 100 1 10 10 9 7 12 1 1 1 3 10 7 12 1 1 9 12 1 10 12 1 1 9 12 1 1 9 12 1 10 12 1 1 10 100 12 1 1 9 12 1 9 7 12 1 1 10 12 1 1 10 12 1 3 9 12 1 9 12 1 10 12 1 1 7 1 9 3 9 12 1 7 1 10 12 1 9 12 1 10 12 1 9 12 1 10 12 1 9 12 1 10 100 12 1 1 1 100 10 12 1 7 1 5 0 10 100 12 1 1 100 1 10 12 1 1 10 12 1 10 12 1 100 1 10 12 1 10 100 1 100 1 10 10 12 1 10 100 1 10 12 1 10 100 1 10 12 1 10 7 1 10 12 1 1 100 1 10 12 1 10 10 12 1 100 1 10 12 1 10 10 12 1 100 1 10 12 1 10 100 1 10 12 1 10 100 1 10 12 1 10 100 1 10 12 1 10 100 1 10 12 1 10 100 1 10 12 1 10 100 1 10 12 1 10 100 1 10 12 1 10 100 1 10 10 100 1 10 10 100 1 10 10 100 1 10 12 1 10 100 1 10 12 1 10 100 1 10 12 1 10 100 1 10 12 1 10 100 1 10 12 1 10 100 1 10 10 100 1 10 10 100 1 10 10 100 1 10 12 1 10 100 1 10 12 1 10 100 1 10 12 1 10 100 1 10 12 1 10 100 1 10 12 1 10 10 12 1 10 7 12 1 1 1 10 12 1 7 1 7 1 10 12 1 9 12 1 1 9 12 1 1 10 12 1 1 8 10 12 1 1 8 8 8 8 7 10 12 1 1 10 12 1 100 1 8 1 10 7 1 7 1 7 1 1 1 5 0 1 1 3 1 3 1 1 1 1 3 1 3 1 3 1 1 1 1 1 3 1 3 1 3 1 1 1 1 1 1 1 1 1 1 1 1 1 1 1 1 1 1 1 1 1 1 1 1 1 100 1 1 1 1 1 1 1 1 1 1 1 1 1 1 1 1 1 1 1 1 1 1 1 1 1 1 1 1 1 1 1 1 1 1 1 1 1 1 1 1 1 1 1 1 1 1 1 1 1 1 1 1 1 1 1 1 1 1 1 1 1 1 1 1 1 1 1 1 1 1 1 1 1 1 1 1 1 1 1 1 1 1 1 1 100 1 1 1 1 1 1 1 1 1 1 1 7 1 1 1 1 1 1 1 1 1 1 1 1 1 1 1 1 1 1 1 1 1 1 1 1 1 1 1 1 1 1 1 1 1 1 1 1 1 1 1 1 1 1 1 1 1 1 1 1 1 1 1 1 1 1 1 1 1 1 1 1 1 1 1 1 1 1 1 1 1 1 1 1 1 1 1 1 1 1 1 1 1 1 1 1 1 1 1 1 1 1 1 1 1 1 1 1 1 1 1 1 1 1 1 1 1 1 1 1 1 1 1 1 1 1 1 1 1 1 1 1 1 1 1 1 1 1 1 1 1 1 1 1 1 1 1 1 1 1 1 1 1 1 1 1 1 1 1 1 1 1 1 1 1 1 1 1 1 1 1 1 1 1 1 1 1 1 1 1 1 1 1 1 1 1 1 1 1 1 1 1 1 1 1 1 1 1 1 1 1 1 1 1 1 1 1 1 1 1 1 1 1 1 1 1 1 1 1 1 1 1 1 1 1 1 1 1 1 1 1 1 1 1 1 100 1 100 1 100 1 100 1 100 1 100 1 100 1 100 1 100 1 1 1 1 1 1 1 1 1 1 1 1 1 1 1 1 1 1 1 1 1 1 1 1 1 1 1 1 1 1 1 1 1 1 1 1 1 1 1 1 1 1 1 1 1 1 1 1 1 1 1 1 1 1 1 1 1 1
staticfield java/util/concurrent/ConcurrentHashMap NCPU I 20
staticfield java/util/concurrent/ConcurrentHashMap serialPersistentFields [Ljava/io/ObjectStreamField; 3 [Ljava/io/ObjectStreamField;
staticfield java/util/concurrent/ConcurrentHashMap U Ljdk/internal/misc/Unsafe; jdk/internal/misc/Unsafe
staticfield java/util/concurrent/ConcurrentHashMap SIZECTL J 12
staticfield java/util/concurrent/ConcurrentHashMap TRANSFERINDEX J 40
staticfield java/util/concurrent/ConcurrentHashMap BASECOUNT J 32
staticfield java/util/concurrent/ConcurrentHashMap CELLSBUSY J 44
staticfield java/util/concurrent/ConcurrentHashMap CELLVALUE J 144
staticfield java/util/concurrent/ConcurrentHashMap ABASE I 16
staticfield java/util/concurrent/ConcurrentHashMap ASHIFT I 3
instanceKlass tools/jackson/databind/util/internal/PrivateMaxEntriesMap
instanceKlass org/h2/mvstore/tx/TransactionMap
instanceKlass org/h2/mvstore/MVMap
instanceKlass com/google/common/cache/LocalCache
instanceKlass java/util/Collections$SingletonMap
instanceKlass java/util/concurrent/ConcurrentSkipListMap
instanceKlass concurrentrefhashmap/ConcurrentReferenceHashMap
instanceKlass com/google/gson/internal/LinkedTreeMap
instanceKlass java/util/EnumMap
instanceKlass scala/collection/convert/JavaCollectionWrappers$MapWrapper
instanceKlass java/util/TreeMap
instanceKlass java/util/IdentityHashMap
instanceKlass java/util/WeakHashMap
instanceKlass java/util/Collections$EmptyMap
instanceKlass java/util/HashMap
instanceKlass sun/util/PreHashedMap
instanceKlass java/util/ImmutableCollections$AbstractImmutableMap
instanceKlass java/util/concurrent/ConcurrentHashMap
ciInstanceKlass java/util/AbstractMap 1 1 198 10 7 12 1 1 1 10 7 12 1 1 1 11 7 12 1 1 1 10 11 12 1 1 11 7 12 1 1 1 11 12 1 1 7 1 11 12 1 10 12 1 1 11 12 1 100 1 10 11 12 1 11 7 1 10 12 1 1 11 12 1 9 12 1 1 7 1 10 12 1 9 12 1 1 7 1 10 11 11 12 1 1 11 12 1 7 1 100 1 11 12 1 8 1 7 1 10 10 12 1 1 8 1 10 12 1 10 12 1 1 10 12 1 1 1 1 1 1 1 1 1 1 1 1 1 1 1 1 1 1 1 1 1 1 1 1 1 1 1 1 1 1 1 1 1 1 1 1 1 1 1 1 7 1 1 1 1 1 1 1 7 1 1 1 1 1 1 1 1 1 100 1 1 1 1 1 1 1 1 1 100 1 100 1 100 1 100 1 100 1 1 1 1 1 1 1 1
ciInstanceKlass java/util/concurrent/ConcurrentMap 1 1 201 11 7 12 1 1 1 10 100 12 1 1 11 12 1 1 11 100 12 1 1 1 11 7 12 1 1 1 11 12 1 1 100 1 11 12 1 11 12 1 100 1 11 100 12 1 1 1 18 12 1 11 12 1 1 11 100 12 1 1 11 12 1 1 11 100 12 1 11 12 1 1 11 12 1 1 7 1 7 1 1 1 1 1 1 1 1 1 1 1 1 1 1 1 1 1 1 1 1 1 1 1 1 1 1 1 1 1 1 1 1 1 1 1 1 1 1 1 1 1 1 1 1 1 1 1 1 1 1 1 1 1 1 1 1 1 1 1 1 16 15 11 12 15 10 100 12 1 1 1 1 1 100 1 100 1 1 1 100 1 8 1 1 12 10 1 8 1 1 1 8 1 8 1 1 8 1 1 1 8 1 1 1 8 1 1 8 1 8 1 1 1 8 1 1 1 8 1 1 8 1
ciInstanceKlass java/util/Collection 1 1 115 11 7 12 1 1 1 7 1 11 7 12 1 1 1 10 7 12 1 1 1 11 12 1 1 11 7 12 1 1 1 11 12 1 1 11 7 12 1 1 1 11 12 1 1 10 100 12 1 1 1 11 12 1 10 7 12 1 1 1 100 1 100 1 1 1 1 1 1 1 1 1 1 1 1 1 1 1 1 1 1 1 1 1 1 1 1 1 1 1 1 1 1 1 1 1 1 1 1 1 1 1 1 1 1 1 1 1 1 1 1 1 1 1 1
ciInstanceKlass jdk/internal/loader/ClassLoaders 1 1 185 10 7 12 1 1 1 10 7 12 1 1 1 10 12 1 1 10 100 12 1 1 1 9 7 12 1 1 1 9 12 1 1 9 12 1 1 7 1 11 100 12 1 1 1 100 1 11 12 1 1 11 12 1 1 10 100 12 1 1 1 10 100 12 1 1 1 100 1 100 1 10 7 12 1 1 1 9 12 1 1 8 1 10 7 12 1 1 1 10 12 1 1 7 1 10 12 1 10 12 1 1 7 1 10 12 1 1 10 12 1 1 10 12 1 7 1 10 12 10 12 1 8 1 10 7 12 1 1 8 1 8 1 10 12 1 7 1 10 10 12 1 10 12 1 1 1 1 1 1 1 1 1 1 1 1 1 1 1 1 1 1 1 1 7 1 1 1 1 1 1 1 1 1 1 1 1 1 1 1 1 1 1 1 1
staticfield jdk/internal/loader/ClassLoaders JLA Ljdk/internal/access/JavaLangAccess; java/lang/System$2
staticfield jdk/internal/loader/ClassLoaders BOOT_LOADER Ljdk/internal/loader/ClassLoaders$BootClassLoader; jdk/internal/loader/ClassLoaders$BootClassLoader
staticfield jdk/internal/loader/ClassLoaders PLATFORM_LOADER Ljdk/internal/loader/ClassLoaders$PlatformClassLoader; jdk/internal/loader/ClassLoaders$PlatformClassLoader
staticfield jdk/internal/loader/ClassLoaders APP_LOADER Ljdk/internal/loader/ClassLoaders$AppClassLoader; jdk/internal/loader/ClassLoaders$AppClassLoader
instanceKlass jdk/internal/loader/ClassLoaders$BootClassLoader
instanceKlass jdk/internal/loader/ClassLoaders$PlatformClassLoader
instanceKlass jdk/internal/loader/ClassLoaders$AppClassLoader
ciInstanceKlass jdk/internal/loader/BuiltinClassLoader 1 1 737 9 7 12 1 1 1 10 7 12 1 1 1 10 7 12 1 1 1 9 12 1 1 9 12 1 1 7 1 10 12 1 9 12 1 10 12 1 9 12 1 10 7 12 1 1 1 10 7 12 1 1 1 10 7 12 1 1 1 11 7 12 1 1 1 7 1 7 1 10 10 12 1 1 8 1 10 12 1 10 12 7 1 10 12 1 10 12 1 1 11 7 12 1 1 1 11 7 12 1 1 1 11 12 1 1 7 1 8 1 8 1 10 9 12 1 1 10 7 12 1 1 11 12 1 1 10 12 1 1 10 12 1 1 10 12 1 1 10 7 12 1 1 1 10 12 1 10 7 12 1 1 1 10 12 1 1 11 7 12 1 1 1 10 7 12 1 1 7 1 10 7 12 1 1 1 10 12 1 100 1 8 1 10 12 1 1 10 8 1 10 12 1 1 10 12 1 1 10 12 1 1 11 7 12 1 1 11 12 1 7 1 10 11 12 1 1 11 10 12 1 1 7 1 10 12 1 10 7 12 1 10 12 1 7 1 10 12 1 10 7 12 1 1 1 100 1 10 12 1 1 11 12 1 7 1 100 1 10 12 1 10 12 1 1 100 1 100 1 10 12 1 10 12 1 18 12 1 1 10 12 1 10 12 1 1 18 100 1 10 7 12 1 1 1 7 1 10 10 12 1 1 10 12 1 1 10 12 1 1 10 12 1 9 12 1 1 100 1 10 10 12 1 1 10 12 1 1 10 12 1 10 12 10 12 1 1 10 12 1 1 10 12 1 1 10 12 1 10 12 1 1 18 12 1 7 1 10 12 1 1 10 12 1 10 12 1 1 10 12 1 100 1 10 12 1 7 1 10 12 1 10 7 12 1 1 1 10 12 1 11 12 1 7 1 10 12 1 7 1 100 1 10 12 1 10 12 1 11 12 1 1 10 12 1 1 10 12 1 1 10 12 1 1 10 12 1 1 10 12 1 10 12 1 10 12 1 10 12 1 8 1 10 12 1 1 10 7 12 1 1 10 12 1 100 1 8 1 8 1 10 10 12 1 8 1 8 1 10 7 12 1 1 1 11 7 12 1 1 1 9 7 12 1 1 1 10 7 12 1 1 1 9 12 1 9 12 1 9 12 1 9 12 1 9 12 1 9 12 1 10 7 12 1 1 1 8 1 10 12 1 7 1 10 12 1 1 10 12 1 7 1 10 11 12 1 1 10 12 10 12 1 10 12 1 100 1 10 12 1 10 12 1 10 10 12 1 10 7 12 1 1 8 1 10 7 12 1 1 10 12 1 1 1 1 1 1 1 1 1 1 1 1 1 1 1 1 1 1 1 1 1 1 1 1 1 1 1 1 1 1 1 1 1 1 1 1 1 1 1 1 1 1 1 1 1 1 1 1 1 1 1 1 1 1 1 1 7 1 1 1 1 1 1 1 1 1 1 1 1 1 1 1 1 1 1 7 1 7 1 1 1 1 1 1 1 1 1 1 1 1 1 1 1 1 1 1 1 1 1 1 1 1 1 1 1 1 1 1 1 1 1 1 1 1 1 1 1 1 1 1 1 1 1 1 1 1 1 1 1 100 1 1 16 15 10 12 16 15 10 12 16 15 10 12 16 1 15 10 100 12 1 1 1 1 1 100 1 1 1 1 1 100 1 100 1 1
staticfield jdk/internal/loader/BuiltinClassLoader packageToModule Ljava/util/Map; java/util/concurrent/ConcurrentHashMap
staticfield jdk/internal/loader/BuiltinClassLoader $assertionsDisabled Z 1
ciInstanceKlass jdk/internal/loader/ClassLoaders$AppClassLoader 1 1 119 8 1 10 7 12 1 1 1 10 7 12 1 1 1 10 7 12 1 1 1 10 12 1 1 10 7 12 1 1 1 10 12 1 1 10 12 1 1 7 1 8 1 10 12 10 7 12 1 1 1 10 7 12 1 1 10 12 1 1 10 12 1 1 10 7 12 1 1 1 7 1 10 12 1 1 1 1 1 1 1 1 1 1 1 1 1 1 1 1 1 1 1 1 1 7 1 1 1 1 1 1 1 1 1 1 1 1 1 1 1 1 1 1 1 7 1 1 1
ciInstanceKlass jdk/internal/loader/ClassLoaders$PlatformClassLoader 1 1 42 8 1 10 7 12 1 1 1 10 7 12 1 1 1 7 1 10 12 1 7 1 1 1 1 1 1 1 1 1 1 1 1 1 1 7 1 1 1 100 1 1
ciInstanceKlass java/lang/ArithmeticException 1 1 26 10 100 12 1 1 1 10 12 1 100 1 1 1 1 5 0 1 1 1 1 1 1 1 1 1
ciInstanceKlass java/lang/ArrayStoreException 1 1 26 10 100 12 1 1 1 10 12 1 100 1 1 1 1 5 0 1 1 1 1 1 1 1 1 1
ciInstanceKlass java/lang/ClassCastException 1 1 26 10 100 12 1 1 1 10 12 1 100 1 1 1 1 5 0 1 1 1 1 1 1 1 1 1
ciInstanceKlass java/lang/ClassNotFoundException 1 1 96 7 1 10 7 12 1 1 1 10 12 1 10 12 1 1 10 100 12 1 1 1 8 1 10 100 12 1 1 1 10 7 12 1 1 10 100 12 1 1 1 10 100 12 1 1 1 10 12 1 1 7 1 10 12 1 9 12 1 1 1 1 1 5 0 1 1 1 1 1 1 1 1 1 1 1 1 1 1 1 1 1 1 100 1 1 1 1 1 1 1 1 1 1 1 1
staticfield java/lang/ClassNotFoundException serialPersistentFields [Ljava/io/ObjectStreamField; 1 [Ljava/io/ObjectStreamField;
ciInstanceKlass java/lang/IllegalMonitorStateException 1 1 26 10 100 12 1 1 1 10 12 1 100 1 1 1 1 5 0 1 1 1 1 1 1 1 1 1
ciInstanceKlass java/lang/BootstrapMethodError 0 0 45 10 100 12 1 1 1 10 12 1 10 12 1 10 100 12 1 1 1 10 100 12 1 1 1 1 1 1 5 0 1 1 1 1 1 1 1 1 1 1 1 100 1 1 1
instanceKlass java/lang/UnsatisfiedLinkError
instanceKlass java/lang/ExceptionInInitializerError
instanceKlass java/lang/IncompatibleClassChangeError
instanceKlass java/lang/BootstrapMethodError
instanceKlass java/lang/NoClassDefFoundError
ciInstanceKlass java/lang/LinkageError 1 1 31 10 7 12 1 1 1 10 12 1 10 12 1 100 1 1 1 1 5 0 1 1 1 1 1 1 1 1 1 1 1
ciInstanceKlass java/lang/NullPointerException 1 1 52 10 7 12 1 1 1 10 12 1 9 7 12 1 1 1 10 12 1 1 9 12 1 1 10 12 1 1 10 12 1 1 1 1 5 0 1 1 1 1 1 1 1 1 100 1 100 1 100 1 1 1
ciInstanceKlass java/lang/NoClassDefFoundError 0 0 26 10 100 12 1 1 1 10 12 1 100 1 1 1 1 5 0 1 1 1 1 1 1 1 1 1
ciInstanceKlass java/lang/StackOverflowError 1 1 26 10 100 12 1 1 1 10 12 1 100 1 1 1 1 5 0 1 1 1 1 1 1 1 1 1
ciInstanceKlass java/lang/StackTraceElement 1 1 235 10 7 12 1 1 1 10 7 12 1 1 9 12 1 1 9 12 1 1 9 12 1 9 12 1 8 1 10 7 12 1 1 1 7 1 9 12 1 8 1 9 12 1 9 12 1 9 12 1 1 10 12 1 1 10 12 1 8 1 10 7 12 1 1 1 7 1 10 12 1 10 12 1 1 10 12 1 10 12 1 1 10 12 1 10 12 1 10 10 12 1 8 1 10 12 1 10 12 1 1 10 12 1 1 10 12 1 10 12 1 10 12 1 9 12 1 1 10 7 12 1 1 1 10 12 1 1 7 1 10 12 1 1 10 7 12 1 1 10 7 12 1 1 1 10 7 12 1 1 10 7 12 1 1 10 10 12 1 1 10 12 1 1 10 12 1 1 10 12 1 7 1 1 1 1 1 1 1 3 1 3 1 1 5 0 1 1 1 1 1 1 1 1 1 1 1 1 1 1 1 1 1 1 1 1 1 1 1 1 1 1 1 1 1 7 1 7 1 1 1 1 1 1 1 100 1 1 1 1 1 1 1 1 1
instanceKlass java/util/concurrent/locks/AbstractQueuedSynchronizer
ciInstanceKlass java/util/concurrent/locks/AbstractOwnableSynchronizer 1 1 32 10 7 12 1 1 1 9 7 12 1 1 1 100 1 1 1 1 5 0 1 1 1 1 1 1 1 1 1 1 1 1
ciInstanceKlass java/lang/StringCoding 1 1 49 10 100 12 1 1 1 10 7 12 1 1 1 10 100 12 1 1 1 1 1 1 1 1 1 1 1 1 1 1 1 1 1 1 1 1 1 1 1 1 1 1 1 1 1 1 1 1 1
ciMethod java/lang/StringCoding countPositives ([BII)I 262 60508 6172 0 -1
ciMethod java/lang/StringCoding hasNegatives ([BII)Z 98 0 28142 0 -1
ciInstanceKlass jdk/internal/vm/Continuation 1 1 549 9 7 12 1 1 1 9 12 1 9 12 1 100 1 7 1 10 12 1 1 8 1 10 12 1 1 10 12 1 10 12 1 1 10 12 1 9 7 12 1 1 1 11 100 12 1 1 1 10 7 1 9 12 1 1 9 12 1 1 10 8 1 10 12 1 9 12 1 1 10 11 12 1 1 100 1 10 100 12 1 1 1 10 12 1 1 10 12 1 10 12 1 1 11 12 1 1 9 12 1 1 10 12 1 1 18 12 1 1 10 7 12 1 1 1 100 1 10 12 1 11 100 12 1 1 1 10 12 1 9 12 1 10 12 1 1 100 1 8 1 10 12 1 10 12 1 1 9 12 1 1 11 12 1 1 9 12 1 1 8 1 10 11 12 1 1 11 12 1 1 10 12 1 1 10 12 1 1 9 12 1 10 12 1 10 10 12 1 8 1 10 12 1 8 1 8 1 10 7 12 1 1 1 10 7 12 1 1 1 10 12 1 9 12 1 11 12 1 7 1 10 12 1 10 12 1 1 9 12 1 1 7 1 10 12 1 1 9 12 1 1 10 12 1 10 12 1 11 7 12 1 1 10 7 1 10 12 1 8 1 9 12 1 10 12 1 1 9 12 1 1 10 7 12 1 1 8 1 8 1 8 1 8 1 10 12 1 1 10 12 1 10 12 1 10 12 1 10 12 1 1 10 12 1 1 8 1 10 12 1 1 9 12 1 1 10 12 1 1 9 12 1 8 1 10 7 12 1 1 1 10 12 1 8 1 100 1 8 1 10 9 12 1 1 8 1 10 7 12 1 1 10 100 12 1 1 8 1 8 1 10 12 10 7 12 1 1 1 10 7 1 10 7 12 1 1 1 18 11 100 12 1 1 1 18 12 1 11 12 1 1 7 1 10 7 12 1 1 10 12 1 1 8 10 12 1 1 10 7 12 1 1 1 10 7 12 1 1 10 12 1 8 1 10 12 1 7 1 7 1 10 12 1 1 1 1 1 1 1 1 1 1 1 1 1 1 1 1 1 1 1 1 1 1 1 1 1 1 1 1 1 1 1 1 1 1 1 1 1 1 1 1 1 1 1 1 1 1 1 1 1 1 1 1 1 1 1 1 1 1 1 1 1 1 1 1 1 1 1 1 1 1 1 1 1 1 1 100 1 1 16 1 15 10 12 16 15 11 7 12 1 1 1 16 1 16 1 15 10 12 16 15 10 100 12 1 1 1 1 1 1 1 1 100 1 100 1 1
staticfield jdk/internal/vm/Continuation U Ljdk/internal/misc/Unsafe; jdk/internal/misc/Unsafe
staticfield jdk/internal/vm/Continuation MOUNTED_OFFSET J 13
staticfield jdk/internal/vm/Continuation PRESERVE_SCOPED_VALUE_CACHE Z 1
staticfield jdk/internal/vm/Continuation JLA Ljdk/internal/access/JavaLangAccess; java/lang/System$2
staticfield jdk/internal/vm/Continuation $assertionsDisabled Z 1
ciInstanceKlass jdk/internal/misc/UnsafeConstants 1 1 34 10 100 12 1 1 1 9 7 12 1 1 1 9 12 1 9 12 1 1 9 12 1 9 12 1 1 1 1 1 1 1 1 1
staticfield jdk/internal/misc/UnsafeConstants ADDRESS_SIZE0 I 8
staticfield jdk/internal/misc/UnsafeConstants PAGE_SIZE I 4096
staticfield jdk/internal/misc/UnsafeConstants BIG_ENDIAN Z 0
staticfield jdk/internal/misc/UnsafeConstants UNALIGNED_ACCESS Z 1
staticfield jdk/internal/misc/UnsafeConstants DATA_CACHE_LINE_FLUSH_SIZE I 0
ciInstanceKlass jdk/internal/misc/ScopedMemoryAccess 1 1 1420 10 7 12 1 1 1 10 7 12 1 1 1 9 12 1 1 10 12 1 1 100 1 10 12 1 1 10 7 12 1 1 9 12 1 1 10 7 12 1 1 1 10 7 12 1 1 1 10 12 1 1 10 12 1 1 10 12 1 1 10 12 1 1 10 12 1 1 10 100 12 1 1 1 10 12 1 1 10 100 12 1 1 1 11 100 12 1 1 1 10 12 1 1 11 12 1 1 10 12 1 11 12 1 10 12 1 1 11 12 1 1 10 100 12 1 1 1 10 12 1 1 10 12 1 1 10 12 1 1 10 100 12 1 1 100 1 10 12 1 1 10 12 1 1 10 12 1 1 10 12 1 1 10 12 1 1 10 12 1 1 10 12 1 1 10 12 1 1 10 12 1 1 10 12 1 1 10 12 1 10 12 1 10 12 1 10 12 1 10 12 1 10 12 1 10 12 1 10 12 1 10 12 1 10 12 1 10 12 1 10 12 1 10 12 1 1 10 12 1 1 10 12 1 10 12 1 10 12 1 10 12 1 10 12 1 10 12 1 10 12 1 10 12 1 10 12 1 10 12 1 10 12 1 10 12 1 10 12 1 10 12 1 10 12 1 10 12 1 10 12 1 10 12 1 10 12 1 10 12 1 10 12 1 10 12 1 10 12 1 1 10 12 1 1 10 12 1 1 10 12 1 1 10 12 1 1 10 12 1 1 10 12 1 1 10 12 1 1 10 12 1 10 12 1 10 12 1 10 12 1 10 12 1 10 12 1 10 12 1 10 12 1 10 12 1 10 12 1 10 12 1 10 12 1 10 12 1 1 10 12 1 1 10 12 1 10 12 1 10 12 1 10 12 1 10 12 1 10 12 1 10 12 1 10 12 1 10 12 1 10 12 1 10 12 1 10 12 1 10 12 1 10 12 1 10 12 1 10 12 1 10 12 1 10 12 1 10 12 1 10 12 1 10 12 1 10 12 1 10 12 1 1 10 12 1 1 10 12 1 1 10 12 1 1 10 12 1 1 10 12 1 1 10 12 1 1 10 12 1 1 10 12 1 10 12 1 10 12 1 10 12 1 10 12 1 10 12 1 10 12 1 10 12 1 10 12 1 10 12 1 10 12 1 10 12 1 10 12 1 1 10 12 1 1 10 12 1 10 12 1 10 12 1 10 12 1 10 12 1 10 12 1 10 12 1 10 12 1 10 12 1 10 12 1 10 12 1 10 12 1 10 12 1 10 12 1 10 12 1 10 12 1 10 12 1 10 12 1 10 12 1 10 12 1 10 12 1 10 12 1 10 12 1 1 10 12 1 1 10 12 1 1 10 12 1 1 10 12 1 1 10 12 1 1 10 12 1 1 10 12 1 1 10 12 1 10 12 1 10 12 1 10 12 1 10 12 1 10 12 1 10 12 1 10 12 1 10 12 1 10 12 1 10 12 1 10 12 1 10 12 1 1 10 12 1 1 10 12 1 1 10 12 1 1 10 12 1 10 12 1 10 12 1 10 12 1 10 12 1 10 12 1 10 12 1 10 12 1 10 12 1 10 12 1 10 12 1 10 12 1 10 12 1 1 10 12 1 1 10 12 1 10 12 1 10 12 1 10 12 1 10 12 1 10 12 1 10 12 1 10 12 1 10 12 1 10 12 1 10 12 1 10 12 1 10 12 1 10 12 1 10 12 1 10 12 1 10 12 1 10 12 1 10 12 1 10 12 1 10 12 1 10 12 1 10 12 1 10 12 1 10 12 1 10 12 1 10 12 1 10 12 1 10 12 1 1 10 12 1 1 10 12 1 1 10 12 1 1 10 12 1 1 10 12 1 1 10 12 1 1 10 12 1 1 10 12 1 10 12 1 10 12 1 10 12 1 10 12 1 10 12 1 10 12 1 10 12 1 10 12 1 10 12 1 10 12 1 10 12 1 10 12 1 1 10 12 1 1 10 12 1 1 10 12 1 1 10 12 1 10 12 1 10 12 1 10 12 1 10 12 1 10 12 1 10 12 1 10 12 1 10 12 1 10 12 1 10 12 1 10 12 1 10 12 1 1 10 12 1 1 10 12 1 10 12 1 10 12 1 10 12 1 10 12 1 10 12 1 10 12 1 10 12 1 10 12 1 10 12 1 10 12 1 10 12 1 10 12 1 10 12 1 10 12 1 10 12 1 10 12 1 10 12 1 10 12 1 10 12 1 10 12 1 10 12 1 10 12 1 10 12 1 10 12 1 10 12 1 10 12 1 10 12 1 10 12 1 1 10 12 1 1 10 12 1 1 10 12 1 1 10 12 1 10 12 1 10 12 1 10 12 1 10 12 1 10 12 1 10 12 1 10 12 1 10 12 1 10 12 1 10 12 1 10 12 1 10 12 1 1 10 12 1 1 10 12 1 1 10 12 1 1 10 12 1 10 12 1 10 12 1 10 12 1 10 12 1 10 12 1 10 12 1 10 12 1 10 12 1 10 12 1 10 12 1 10 12 1 10 12 1 1 10 12 1 1 10 12 1 10 12 1 10 12 1 10 12 1 10 12 1 10 12 1 10 12 1 10 12 1 10 12 1 10 12 1 10 12 1 1 10 12 1 1 10 12 1 1 10 12 1 1 10 12 1 10 12 1 10 12 1 10 12 1 10 12 1 10 12 1 10 12 1 10 12 1 10 12 1 10 12 1 10 12 1 10 12 1 10 12 1 1 10 12 1 1 10 12 1 1 10 12 1 1 10 12 1 10 12 1 10 12 1 10 12 1 10 12 1 10 12 1 10 12 1 10 12 1 10 12 1 10 12 1 10 12 1 10 12 1 10 12 1 1 10 12 1 1 10 12 1 10 12 1 10 12 1 10 12 1 10 12 1 10 12 1 10 12 1 10 12 1 10 12 1 10 12 1 10 12 1 1 10 12 1 10 1 1 1 1 1 1 1 1 1 1 1 1 1 1 1 1 1 1 1 1 1 1 1 1 100 1 1 1 1 1 1 1 1 1 1 1 1 1 1 1 1 1 1 1 1 1 1 1 1 1 1 1 1 1 1 1 1 1 1 1 1 1 1 1 1 1 1 1 1 1 1 1 1 1 1 1 1 1 1 1 1 1 1 1 1 1 1 1 1 1 1 1 1 1 1 1 1 1 1 1 1 1 1 1 1 1 100 1 1 1 100 1 1 100 1 1 1 100 1 1 100 1 1 100 1 1 100 1 1 100 1 1 1
staticfield jdk/internal/misc/ScopedMemoryAccess UNSAFE Ljdk/internal/misc/Unsafe; jdk/internal/misc/Unsafe
staticfield jdk/internal/misc/ScopedMemoryAccess theScopedMemoryAccess Ljdk/internal/misc/ScopedMemoryAccess; jdk/internal/misc/ScopedMemoryAccess
ciMethod jdk/internal/misc/ScopedMemoryAccess getByte (Ljdk/internal/foreign/MemorySessionImpl;Ljava/lang/Object;J)B 638 0 6688 0 -1
ciMethod jdk/internal/misc/ScopedMemoryAccess getByteInternal (Ljdk/internal/foreign/MemorySessionImpl;Ljava/lang/Object;J)B 638 0 6688 0 -1
ciInstanceKlass java/lang/Void 1 1 31 10 7 12 1 1 1 8 1 10 7 12 1 1 1 9 7 12 1 1 1 1 1 1 1 1 1 1 1 1 1
staticfield java/lang/Void TYPE Ljava/lang/Class; java/lang/Class
ciInstanceKlass java/lang/invoke/LambdaForm 1 1 1060 7 1 100 1 10 7 12 1 1 1 9 12 1 1 9 12 1 9 12 1 9 12 1 1 9 12 1 1 9 12 1 1 9 12 1 1 9 12 1 1 9 12 1 10 7 12 1 1 9 12 1 10 12 1 1 100 1 10 10 12 1 1 10 12 1 10 12 1 10 12 1 1 10 12 1 9 12 1 9 12 1 10 12 1 1 10 7 12 1 1 1 10 12 1 1 9 100 12 1 1 1 10 12 1 1 9 7 12 1 1 10 12 1 10 12 1 1 10 12 1 1 10 12 1 1 7 1 10 7 12 1 1 1 10 12 1 1 10 12 1 10 12 1 1 9 12 1 1 9 12 1 9 12 1 1 10 12 1 9 12 1 10 100 12 1 1 1 10 12 1 1 7 1 10 12 1 9 12 1 1 10 7 12 1 1 1 10 12 1 10 12 1 7 1 10 12 1 10 12 1 10 12 1 1 10 12 1 1 10 12 1 10 12 1 10 12 1 10 12 1 1 8 1 10 12 1 10 12 1 10 10 12 1 8 1 8 1 9 12 1 9 12 1 1 10 12 1 1 10 12 1 9 12 1 10 12 1 1 10 7 12 1 1 1 10 12 1 1 10 12 1 10 12 1 10 100 12 1 1 1 9 12 1 10 12 1 8 1 8 1 8 1 8 1 8 1 8 1 8 1 8 1 10 12 1 9 12 1 7 1 10 12 1 1 9 12 1 10 12 1 10 12 1 1 10 12 10 12 1 10 12 1 1 10 12 1 1 10 10 12 1 1 10 12 1 1 7 1 8 1 10 12 1 1 10 12 1 10 12 1 1 10 8 1 10 12 1 1 8 1 8 1 8 1 10 12 1 10 12 1 10 12 1 1 100 1 10 12 1 1 10 12 1 1 10 7 12 1 1 1 10 12 1 1 9 12 1 1 8 1 10 100 12 1 1 1 10 7 12 1 1 10 12 10 12 1 1 10 12 1 1 9 12 1 8 10 12 1 1 100 1 10 12 1 1 10 12 1 9 7 12 1 1 9 7 12 1 1 1 8 1 10 100 12 1 1 10 12 1 1 7 1 7 1 10 10 12 1 1 10 12 1 1 8 1 8 1 7 1 8 1 10 12 10 12 1 10 12 1 10 12 1 1 8 1 8 1 10 12 1 10 12 1 1 8 1 8 1 8 1 7 1 8 1 7 1 8 1 7 1 8 1 10 12 1 8 1 9 10 7 12 1 1 1 10 12 1 9 12 1 1 10 12 1 10 10 12 1 10 12 1 10 12 1 10 12 1 1 10 12 1 10 12 1 1 10 12 1 1 10 12 1 1 10 12 1 1 8 1 100 10 12 1 10 12 1 9 12 1 1 10 7 12 1 1 8 1 8 1 7 1 8 1 8 1 8 1 8 1 8 1 8 1 8 1 8 1 10 12 1 1 10 12 1 1 10 12 1 10 12 1 10 12 1 10 12 1 8 1 8 1 8 1 10 12 1 8 1 10 12 1 8 1 8 1 8 1 8 1 8 1 10 12 1 10 12 1 10 12 1 1 10 7 12 1 1 1 10 12 1 10 12 1 10 12 1 10 12 1 10 12 1 10 12 1 10 12 1 9 12 1 1 8 1 10 12 1 1 9 12 1 1 10 12 1 1 9 12 1 9 12 1 1 9 12 1 9 12 1 1 7 1 10 7 12 1 1 1 9 12 1 10 12 1 10 12 1 8 1 10 12 1 9 12 1 1 7 1 10 7 12 1 1 1 8 1 100 1 10 12 1 9 12 1 9 12 1 10 12 1 10 12 1 10 7 12 1 1 1 10 12 1 9 7 12 1 1 10 12 1 1 10 12 1 10 12 1 10 12 1 9 12 10 12 1 10 10 12 1 9 12 1 9 9 12 1 7 9 12 1 1 10 12 1 1 9 12 1 10 12 1 10 7 1 9 1 1 1 1 3 1 3 1 1 3 1 3 1 1 1 1 1 1 1 1 1 1 1 1 1 1 1 1 1 1 1 1 1 1 1 1 1 1 1 1 1 1 1 1 1 1 1 1 1 1 1 1 1 1 1 1 1 1 1 1 1 1 1 100 1 1 1 1 1 1 1 1 1 1 1 1 1 1 1 1 1 1 1 1 1 1 1 1 1 1 1 1 1 1 1 1 1 1 1 1 1 1 1 1 1 1 1 1 1 1 1 1 1 1 1 1 1 1 1 1 1 1 1 1 1 1 1 100 1 1 1 1 1 1 1 1 1 1 1 1 1 1 1 1 1 1 1 1 1 1 1 1 1 1 1 1 1 1 1 1 1 1 7 1 1 1 1 1 1 1 1 1 1 1 1 1 1 1 1 1 1 1 1 1 1 100 1 1 1 100 1 1 7 1 1 1 1 1 1 1 1 1 1 1
staticfield java/lang/invoke/LambdaForm DEFAULT_CUSTOMIZED Ljava/lang/invoke/MethodHandle; null
staticfield java/lang/invoke/LambdaForm DEFAULT_KIND Ljava/lang/invoke/LambdaForm$Kind; java/lang/invoke/LambdaForm$Kind
staticfield java/lang/invoke/LambdaForm COMPILE_THRESHOLD I 0
staticfield java/lang/invoke/LambdaForm INTERNED_ARGUMENTS [[Ljava/lang/invoke/LambdaForm$Name; 5 [[Ljava/lang/invoke/LambdaForm$Name;
staticfield java/lang/invoke/LambdaForm IMPL_NAMES Ljava/lang/invoke/MemberName$Factory; java/lang/invoke/MemberName$Factory
staticfield java/lang/invoke/LambdaForm LF_identity [Ljava/lang/invoke/LambdaForm; 6 [Ljava/lang/invoke/LambdaForm;
staticfield java/lang/invoke/LambdaForm LF_zero [Ljava/lang/invoke/LambdaForm; 6 [Ljava/lang/invoke/LambdaForm;
staticfield java/lang/invoke/LambdaForm NF_identity [Ljava/lang/invoke/LambdaForm$NamedFunction; 6 [Ljava/lang/invoke/LambdaForm$NamedFunction;
staticfield java/lang/invoke/LambdaForm NF_zero [Ljava/lang/invoke/LambdaForm$NamedFunction; 6 [Ljava/lang/invoke/LambdaForm$NamedFunction;
staticfield java/lang/invoke/LambdaForm createFormsLock Ljava/lang/Object; java/lang/Object
staticfield java/lang/invoke/LambdaForm DEBUG_NAME_COUNTERS Ljava/util/HashMap; null
staticfield java/lang/invoke/LambdaForm DEBUG_NAMES Ljava/util/HashMap; null
staticfield java/lang/invoke/LambdaForm TRACE_INTERPRETER Z 0
staticfield java/lang/invoke/LambdaForm $assertionsDisabled Z 1
ciInstanceKlass java/lang/invoke/MemberName 1 1 728 7 1 7 1 100 1 9 12 1 1 10 7 12 1 1 1 9 12 1 1 10 12 1 1 10 12 1 1 10 12 1 1 10 12 1 10 12 1 1 10 7 12 1 1 1 10 12 1 9 7 12 1 1 10 12 1 7 1 7 1 10 12 1 8 1 10 12 1 1 10 12 1 10 12 1 1 10 12 1 9 12 1 1 8 1 10 100 12 1 1 1 7 1 10 10 12 1 1 100 1 100 1 10 12 1 9 12 1 1 100 1 8 1 10 12 1 10 12 1 10 12 1 10 12 1 10 12 1 1 10 12 1 10 12 1 10 12 1 1 8 1 8 1 10 12 1 8 1 9 12 1 1 3 10 12 1 10 12 1 10 12 1 10 10 7 12 1 1 1 10 12 1 10 12 1 10 12 1 10 12 1 7 1 8 10 12 1 1 10 12 1 1 8 1 9 7 1 8 9 7 1 10 12 1 1 10 12 1 10 12 1 8 1 10 12 1 1 10 12 1 10 12 1 10 12 1 10 12 1 1 7 1 10 12 1 1 10 12 1 8 1 10 12 1 10 12 1 8 1 10 12 1 1 10 12 1 1 7 1 10 12 1 1 10 12 8 1 8 1 7 1 10 12 1 10 100 12 1 1 1 100 1 10 12 10 12 1 10 12 1 10 12 1 10 12 1 10 10 12 1 10 12 1 10 12 1 3 10 12 1 3 10 12 1 3 3 3 3 3 3 10 12 1 3 9 12 1 10 12 1 1 3 10 12 1 10 10 7 12 1 1 1 10 12 1 1 10 7 12 1 1 10 10 12 1 10 12 1 1 10 12 1 10 10 12 1 1 10 12 1 10 12 1 10 12 1 7 1 10 10 10 12 100 1 10 10 10 12 1 1 10 12 1 1 10 10 12 1 8 10 7 1 10 12 1 10 7 1 10 12 1 10 12 1 10 12 1 10 10 12 1 10 12 1 1 10 12 1 1 10 12 1 10 12 1 10 12 1 100 1 10 12 1 1 100 1 8 1 10 7 1 10 12 1 10 12 10 12 1 1 10 12 1 10 12 1 8 1 8 1 8 1 8 1 10 12 1 10 12 1 10 7 12 1 1 1 8 1 8 1 10 12 1 8 1 10 10 10 12 1 10 12 1 8 1 8 1 10 10 12 1 8 1 10 100 12 1 1 1 8 1 100 1 10 12 1 10 12 1 1 10 12 1 8 1 8 1 8 1 8 1 100 1 10 8 1 8 1 8 1 8 1 10 12 1 100 1 100 1 100 1 10 100 1 10 7 1 10 7 12 1 1 1 9 7 12 1 1 1 7 1 7 1 1 1 1 1 1 1 3 1 3 1 3 1 3 1 3 1 3 1 1 1 1 1 1 1 1 3 1 3 1 1 1 1 1 1 1 1 1 1 1 1 1 1 1 1 1 1 1 1 1 1 1 1 1 1 1 1 1 1 1 1 1 1 1 1 1 1 1 1 1 1 1 1 1 1 1 1 1 1 1 1 1 1 1 1 1 1 1 1 1 1 1 1 1 1 1 1 1 1 1 1 1 1 1 1 1 1 1 1 1 1 1 1 1 1 1 1 1 1 1 1 1 1 1 1 1 1 1 7 1 1 1 1 1 1 1 1 1 1 1 1 1 1 1 1
staticfield java/lang/invoke/MemberName $assertionsDisabled Z 1
instanceKlass java/lang/invoke/VarHandleLongs$Array
instanceKlass java/lang/invoke/VarHandleLongs$FieldInstanceReadOnly
instanceKlass java/lang/invoke/VarHandleInts$Array
instanceKlass java/lang/invoke/VarHandleReferences$Array
instanceKlass java/lang/invoke/LazyInitializingVarHandle
instanceKlass java/lang/invoke/VarHandleReferences$FieldStaticReadOnly
instanceKlass java/lang/invoke/VarHandleByteArrayAsDoubles$ByteArrayViewVarHandle
instanceKlass java/lang/invoke/VarHandleByteArrayAsLongs$ByteArrayViewVarHandle
instanceKlass java/lang/invoke/VarHandleByteArrayAsFloats$ByteArrayViewVarHandle
instanceKlass java/lang/invoke/VarHandleByteArrayAsInts$ByteArrayViewVarHandle
instanceKlass java/lang/invoke/VarHandleByteArrayAsChars$ByteArrayViewVarHandle
instanceKlass java/lang/invoke/VarHandleByteArrayAsShorts$ByteArrayViewVarHandle
instanceKlass java/lang/invoke/IndirectVarHandle
instanceKlass java/lang/invoke/VarHandleSegmentViewBase
instanceKlass java/lang/invoke/VarHandleInts$FieldInstanceReadOnly
instanceKlass java/lang/invoke/VarHandleReferences$FieldInstanceReadOnly
instanceKlass java/lang/invoke/VarHandleBooleans$FieldInstanceReadOnly
ciInstanceKlass java/lang/invoke/VarHandle 1 1 474 10 7 12 1 1 1 10 7 12 1 1 9 12 1 1 9 12 1 1 10 12 1 1 8 1 10 12 1 1 10 7 12 1 1 1 10 12 1 1 10 7 12 1 1 1 9 7 12 1 1 1 10 12 1 1 10 7 12 1 1 1 10 12 1 1 9 12 1 10 12 1 9 12 1 1 10 7 12 1 1 10 12 1 9 100 12 1 1 1 9 12 1 1 10 12 1 1 100 1 7 1 10 8 1 10 12 1 1 10 12 1 8 1 10 12 1 10 12 1 9 12 1 1 9 12 1 10 12 1 10 12 1 1 10 12 1 10 10 7 12 1 1 1 10 12 1 1 10 12 1 1 10 7 12 1 1 1 10 100 12 1 1 1 10 100 12 1 1 1 9 12 1 1 9 10 12 1 10 12 1 1 10 12 1 1 10 12 1 10 7 12 1 1 1 9 12 1 1 10 12 1 1 9 12 1 10 12 1 10 12 1 10 7 12 1 1 100 1 10 9 7 12 1 1 1 9 12 1 1 10 7 12 1 1 1 10 12 1 10 12 1 10 12 1 10 12 1 10 12 1 10 12 1 1 8 10 12 1 1 7 1 10 12 1 1 7 1 1 1 1 1 1 1 1 1 1 1 1 1 1 1 1 1 1 1 1 1 1 1 1 1 1 1 1 1 1 1 1 1 1 1 1 1 1 1 1 1 1 1 1 1 1 1 1 1 1 1 1 1 1 1 1 1 1 1 1 1 1 1 1 1 100 1 1 1 1 1 1 1 1 100 1 1 1 1 1 1 1 1 1 1 1 1 100 1 100 1 1 100 1 100 1 100 1 100 1 100 1 100 1 100 1 100 1 100 1 100 1 100 1 100 1 100 1 100 1 100 1 100 1 100 1 100 1 100 1 100 1 100 1 100 1 100 1 100 1 100 1 100 1 100 1 100 1 100 1 100 1 100 1 100 1 100 1 100 1 100 1 100 1 1 1 1 1 1 100 1 1 1 100 1 1 100 1 100 1 100 1 100 1 100 1 100 1 1 1 1 100 1 100 1 100 1 100 1 100 1 100 1 100 1 100 1
staticfield java/lang/invoke/VarHandle VFORM_OFFSET J 16
staticfield java/lang/invoke/VarHandle $assertionsDisabled Z 1
ciInstanceKlass java/lang/Iterable 1 1 62 10 7 12 1 1 1 11 7 12 1 1 1 11 7 12 1 1 1 11 12 1 1 11 7 12 1 1 1 10 100 12 1 1 1 100 1 1 1 1 1 1 1 1 1 1 1 1 1 1 1 1 1 1 1 1 1 1 1 1 1 1
instanceKlass jdk/internal/reflect/DirectMethodHandleAccessor
ciInstanceKlass jdk/internal/reflect/MethodAccessorImpl 1 1 38 10 7 12 1 1 1 10 100 12 1 1 1 100 1 1 1 1 1 1 1 100 1 100 1 1 1 1 1 1 1 1 1 1 1 1 1 1
ciInstanceKlass jdk/internal/reflect/MethodAccessor 1 0 17 100 1 100 1 1 1 1 100 1 100 1 1 1 1 1 1
instanceKlass jdk/internal/reflect/FieldAccessorImpl
instanceKlass jdk/internal/reflect/ConstructorAccessorImpl
instanceKlass jdk/internal/reflect/MethodAccessorImpl
ciInstanceKlass jdk/internal/reflect/MagicAccessorImpl 1 1 16 10 7 12 1 1 1 100 1 1 1 1 1 1 1 1
ciInstanceKlass jdk/internal/reflect/DelegatingClassLoader 0 0 18 10 100 12 1 1 1 100 1 1 1 1 1 1 1 1 1 1
ciInstanceKlass java/util/Objects 1 1 184 10 7 12 1 1 1 100 1 8 1 10 12 1 10 12 1 1 10 7 12 1 1 1 10 12 1 1 10 12 1 10 7 12 1 1 1 10 12 1 1 10 7 12 1 1 1 7 1 10 10 12 1 1 10 7 12 1 1 10 12 1 1 8 1 10 7 12 1 1 1 10 7 12 1 1 1 10 11 100 12 1 1 1 100 1 10 10 12 1 8 1 10 12 1 8 1 100 1 11 12 1 1 8 1 10 7 12 1 1 1 10 12 1 1 10 12 1 10 12 1 10 12 1 10 12 1 1 1 1 1 1 1 1 1 1 1 1 1 1 1 1 1 1 1 1 1 1 1 1 1 1 1 1 1 1 1 1 1 1 1 1 1 1 1 1 1 1 1 1 1 1 1 1 1 1 1 1 1 1 1 1 1 1
ciInstanceKlass jdk/internal/reflect/CallerSensitive 0 0 17 100 1 100 1 100 1 1 1 1 1 1 1 1 1 1 1
ciInstanceKlass jdk/internal/reflect/DirectConstructorHandleAccessor$NativeAccessor 1 1 44 10 7 12 1 1 1 9 7 12 1 1 1 10 12 1 1 1 1 1 1 1 1 1 1 1 1 1 1 1 1 1 100 1 100 1 1 1 1 1 100 1 1 1
ciInstanceKlass jdk/internal/reflect/ConstructorAccessor 1 0 16 100 1 100 1 1 1 1 100 1 100 1 100 1 1 1
instanceKlass jdk/internal/reflect/DirectConstructorHandleAccessor
instanceKlass jdk/internal/reflect/SerializationConstructorAccessorImpl
instanceKlass jdk/internal/reflect/DirectConstructorHandleAccessor$NativeAccessor
ciInstanceKlass jdk/internal/reflect/ConstructorAccessorImpl 1 1 27 10 7 12 1 1 1 100 1 100 1 1 1 1 1 1 1 1 1 100 1 100 1 100 1 1 1
ciInstanceKlass jdk/internal/reflect/SerializationConstructorAccessorImpl 0 0 16 10 100 12 1 1 1 100 1 1 1 1 1 1 1 1
ciInstanceKlass jdk/internal/reflect/ConstantPool 1 1 142 10 7 12 1 1 1 9 7 12 1 1 1 10 12 1 1 10 12 1 1 10 12 1 10 12 1 1 10 12 1 1 10 12 1 10 12 1 1 10 12 1 10 12 1 1 10 12 1 10 12 1 10 12 1 10 12 1 1 10 12 1 1 10 12 1 1 10 12 1 1 10 12 1 10 12 1 1 10 100 12 1 1 1 8 11 7 12 1 1 1 10 7 12 1 1 1 1 1 1 1 1 1 1 1 1 1 1 1 1 1 1 1 1 1 1 1 1 1 1 1 1 1 1 1 1 1 1 1 1 1 1 1 1 1 1 1 1 1 1 1 1
instanceKlass java/lang/invoke/VolatileCallSite
instanceKlass java/lang/invoke/MutableCallSite
instanceKlass java/lang/invoke/ConstantCallSite
ciInstanceKlass java/lang/invoke/CallSite 1 1 308 10 7 12 1 1 1 10 7 12 1 1 1 9 7 12 1 1 1 10 12 1 1 9 12 1 1 10 7 12 1 1 1 10 12 1 7 1 10 12 1 1 10 12 1 1 9 100 12 1 1 1 10 7 12 1 1 10 12 1 1 100 1 7 1 10 10 7 12 1 1 1 10 12 1 1 8 1 10 12 1 10 12 1 1 10 12 1 10 12 1 1 10 12 1 1 10 10 100 12 1 1 10 12 1 1 9 12 1 9 100 12 1 1 1 8 1 10 7 12 1 1 1 10 12 1 1 7 1 10 12 1 1 9 12 1 8 1 100 1 10 12 1 10 12 1 100 1 8 1 10 10 12 1 10 12 1 1 100 1 10 12 1 1 10 12 1 10 12 1 10 12 1 1 10 12 1 1 9 12 1 1 8 10 12 1 1 9 12 1 1 100 1 10 10 12 1 10 7 12 1 1 1 10 12 1 1 10 12 1 1 10 12 1 10 7 12 1 1 1 7 1 8 1 10 10 12 10 12 1 1 7 1 7 1 7 1 8 1 10 12 1 10 7 12 1 1 1 1 1 1 1 1 1 1 1 1 1 1 1 1 1 1 1 1 1 1 1 1 1 1 1 1 1 1 1 1 1 1 1 1 1 1 1 1 1 1 1 1 1 1 1 1 1 1 1 1 1 1 1 1 7 1 7 1 1 1 1
staticfield java/lang/invoke/CallSite $assertionsDisabled Z 1
ciInstanceKlass java/lang/invoke/ConstantCallSite 1 1 65 10 7 12 1 1 1 9 7 12 1 1 1 9 12 1 1 10 7 12 1 1 1 10 12 1 100 1 10 12 9 12 1 1 100 1 10 10 12 1 1 10 12 1 1 1 1 1 1 1 1 1 1 1 1 1 100 1 1 1 1 1 1 1 1
staticfield java/lang/invoke/ConstantCallSite UNSAFE Ljdk/internal/misc/Unsafe; jdk/internal/misc/Unsafe
instanceKlass java/lang/invoke/DirectMethodHandle$StaticAccessor
instanceKlass java/lang/invoke/DirectMethodHandle$Special
instanceKlass java/lang/invoke/DirectMethodHandle$Interface
instanceKlass java/lang/invoke/DirectMethodHandle$Accessor
instanceKlass java/lang/invoke/DirectMethodHandle$Constructor
ciInstanceKlass java/lang/invoke/DirectMethodHandle 1 1 923 7 1 7 1 100 1 7 1 7 1 10 7 12 1 1 1 10 7 12 1 1 1 7 1 10 12 1 10 12 1 1 10 7 12 1 1 10 12 1 1 10 12 1 10 12 1 7 1 10 12 1 1 10 12 1 1 10 12 1 10 12 1 1 10 7 12 1 1 1 10 12 1 9 12 1 1 100 1 10 9 12 1 1 9 12 1 10 12 1 10 12 1 10 12 1 1 10 12 1 10 12 1 10 12 1 10 7 12 1 1 1 10 12 1 10 12 1 1 8 1 10 12 1 1 7 1 10 12 1 7 1 10 10 12 1 10 12 1 10 12 1 10 7 12 1 1 1 10 12 1 1 7 1 10 12 1 10 12 1 7 1 10 12 1 10 12 1 1 10 12 1 1 10 12 8 10 7 12 1 1 1 10 12 1 10 12 1 10 12 1 1 10 12 1 9 7 12 1 1 1 7 1 10 12 1 10 7 12 1 1 1 10 12 1 10 12 1 1 9 12 1 1 7 1 10 8 1 10 12 1 1 10 12 1 1 8 1 10 12 1 10 12 1 10 10 12 1 10 12 1 10 12 1 10 12 1 10 12 1 1 10 12 1 10 12 1 1 10 12 1 10 12 1 1 10 10 7 12 1 1 1 10 12 1 10 12 1 1 10 12 1 10 12 1 1 8 1 9 7 12 1 1 1 8 1 9 12 1 9 12 1 8 1 9 12 1 9 12 1 8 1 9 12 1 9 12 1 8 1 10 12 1 10 12 1 1 9 12 1 1 7 1 10 12 1 1 7 1 10 7 12 1 1 1 10 12 1 1 10 12 1 10 12 1 1 7 1 10 12 1 1 10 12 1 10 12 1 1 7 1 10 12 1 1 10 12 1 10 7 12 1 1 1 10 12 1 10 12 1 1 10 12 1 9 12 1 1 10 7 1 9 12 9 12 1 10 7 12 1 1 1 10 12 1 7 1 7 1 7 1 9 12 1 1 10 7 12 1 1 1 10 12 10 12 1 7 1 10 12 1 10 12 1 1 8 1 9 12 1 9 12 1 10 12 1 1 9 12 1 1 10 7 12 1 1 1 9 12 1 1 9 12 1 1 10 12 1 10 12 1 10 12 1 10 12 1 1 10 12 1 9 12 1 10 12 1 10 12 1 10 12 1 10 12 1 1 10 12 1 1 9 12 1 1 10 12 1 1 9 7 12 1 1 1 9 12 1 9 12 1 9 12 1 9 12 1 9 12 1 9 12 1 9 12 1 9 12 1 9 12 1 9 12 1 9 12 1 9 12 1 9 12 1 9 12 1 9 12 1 9 12 1 9 12 1 9 12 1 9 12 1 9 12 1 9 12 1 9 12 1 9 12 1 9 12 1 9 12 1 9 12 1 9 12 1 9 12 1 9 12 1 9 12 1 9 12 1 9 12 1 9 12 1 9 12 1 9 12 1 9 12 1 8 1 9 12 1 1 9 12 1 1 10 12 1 10 12 1 1 9 7 1 10 12 1 9 12 1 1 10 12 10 12 1 10 12 1 10 12 1 10 12 1 10 8 1 8 1 8 1 8 1 10 12 1 1 9 12 1 1 10 12 1 10 100 12 1 1 1 8 9 12 1 1 10 12 1 1 8 1 8 8 9 12 1 8 1 8 8 8 8 8 1 8 10 12 1 7 1 10 12 1 8 1 8 1 10 12 1 10 12 1 10 12 1 10 12 1 1 7 1 1 1 1 3 1 3 1 3 1 3 1 3 1 3 1 3 1 3 1 3 1 3 1 1 1 1 1 1 1 1 1 1 3 1 3 1 1 1 1 3 1 1 1 1 1 1 1 1 1 1 1 1 1 1 1 1 1 1 1 1 1 1 1 1 1 1 1 1 1 1 1 1 1 1 1 1 1 1 1 1 1 1 1 1 1 1 1 1 1 1 1 1 1 1 1 1 1 1 100 1 1 1 1 1 1 1 1 1 100 1 1 1 1 1 1 1 1 1 1 1 1 1 1 1 1 1 1 1 1 1 1 1 1 1 1 1 1 1 1 1 1 1 1 1 1 1 1 1 1 1 1 1 1 1 1 1 1 1 1 1 1
staticfield java/lang/invoke/DirectMethodHandle IMPL_NAMES Ljava/lang/invoke/MemberName$Factory; java/lang/invoke/MemberName$Factory
staticfield java/lang/invoke/DirectMethodHandle FT_UNCHECKED_REF I 8
staticfield java/lang/invoke/DirectMethodHandle ACCESSOR_FORMS [Ljava/lang/invoke/LambdaForm; 132 [Ljava/lang/invoke/LambdaForm;
staticfield java/lang/invoke/DirectMethodHandle ALL_WRAPPERS [Lsun/invoke/util/Wrapper; 10 [Lsun/invoke/util/Wrapper;
staticfield java/lang/invoke/DirectMethodHandle NFS [Ljava/lang/invoke/LambdaForm$NamedFunction; 12 [Ljava/lang/invoke/LambdaForm$NamedFunction;
staticfield java/lang/invoke/DirectMethodHandle OBJ_OBJ_TYPE Ljava/lang/invoke/MethodType; java/lang/invoke/MethodType
staticfield java/lang/invoke/DirectMethodHandle LONG_OBJ_TYPE Ljava/lang/invoke/MethodType; java/lang/invoke/MethodType
staticfield java/lang/invoke/DirectMethodHandle $assertionsDisabled Z 1
ciInstanceKlass java/lang/invoke/MutableCallSite 0 0 63 10 100 12 1 1 1 10 12 1 9 100 12 1 1 1 10 12 1 10 12 1 1 9 12 1 1 10 100 12 1 1 1 10 100 12 1 1 1 10 12 1 1 1 1 1 1 1 1 1 1 1 1 1 1 1 1 1 1 100 1 1 1
ciInstanceKlass java/lang/invoke/VolatileCallSite 0 0 37 10 100 12 1 1 1 10 12 1 10 100 12 1 1 1 10 12 1 10 12 1 1 1 1 1 1 1 1 1 1 1 1 1 1 1 1
ciInstanceKlass java/lang/invoke/ResolvedMethodName 1 1 25 10 100 12 1 1 1 9 100 12 1 1 1 1 1 1 1 1 1 1 1 1 1 1 1
ciInstanceKlass java/lang/invoke/MethodHandleNatives 1 1 694 100 1 10 7 12 1 1 1 9 7 12 1 1 1 10 12 1 1 100 1 10 10 12 1 1 10 12 1 10 12 1 8 1 8 1 8 1 8 1 8 1 8 1 8 1 8 1 8 1 8 1 10 12 1 1 7 1 10 7 12 1 1 1 10 7 12 1 1 1 7 1 10 10 12 1 1 8 1 10 12 1 8 1 10 12 1 1 8 1 10 12 1 1 9 7 12 1 1 1 8 1 10 100 12 1 1 1 7 1 10 12 100 1 100 1 8 1 7 1 10 10 12 1 7 1 9 7 12 1 1 10 12 1 1 10 12 1 10 7 12 1 1 1 10 12 1 1 9 12 1 8 1 10 12 1 1 10 12 1 8 1 10 12 1 1 7 1 10 12 1 10 7 12 1 1 1 10 12 1 10 12 1 1 10 12 1 1 8 1 10 12 1 1 8 1 10 12 1 8 1 8 1 8 1 7 1 10 12 1 8 1 10 7 12 1 1 1 10 12 1 1 10 7 12 1 1 10 10 12 1 1 10 12 1 10 7 12 1 1 1 100 1 8 1 10 100 12 1 1 1 7 1 8 1 10 12 1 8 1 8 1 8 1 8 1 8 1 10 12 1 1 10 12 1 1 10 12 1 10 12 1 1 10 12 1 1 7 1 10 12 1 7 1 7 1 10 12 1 10 12 1 8 1 8 1 10 10 12 1 1 10 12 1 1 8 1 10 7 12 1 1 8 1 8 1 10 12 1 1 10 7 12 1 1 1 100 1 10 12 1 1 7 1 9 12 1 1 10 7 12 1 1 1 10 10 12 1 9 12 1 10 12 1 9 12 1 9 12 1 10 12 1 1 10 12 1 10 12 1 1 7 1 7 1 10 12 1 1 10 12 1 10 12 1 1 10 7 12 1 1 1 10 12 1 8 1 10 12 1 10 12 1 10 12 1 1 10 12 1 10 7 12 1 1 1 10 12 1 1 100 1 8 1 10 9 7 12 1 1 1 10 12 1 1 10 12 1 1 7 1 10 12 1 1 10 12 1 1 100 1 100 1 10 10 100 1 100 1 10 100 1 10 10 12 1 1 10 7 1 10 12 1 10 12 1 1 10 12 1 1 10 12 1 1 10 12 1 10 12 1 1 10 8 1 10 12 1 10 12 1 10 12 1 10 12 1 10 12 1 1 10 12 1 10 12 1 10 12 1 10 10 7 12 1 1 10 12 1 1 1 1 1 1 1 1 1 1 1 1 1 7 1 1 1 1 1 1 1 1 1 1 1 1 1 1 1 1 1 1 1 1 1 1 1 1 1 1 1 1 1 1 1 1 1 1 1 1 1 1 1 1 1 1 1 1 1 1 1 1 1 1 1 1 1 1 1 1 1 1 1 1 1 1 1 1 1 100 1 1 1 1 1 1 1 1 1 1 1 1 1 1 1 1 1 1 1 1 1 1 1 1 1 1 1 1 1 1 1 1 1 1 1 100 1 1 1 1 1 1 1 1 1 1 1 1 1 1 1 1 1 1 1 1 1 1 1 1 1 1 1 1 7 1 1 1 1 1 1 1 100 1 1 1
staticfield java/lang/invoke/MethodHandleNatives $assertionsDisabled Z 1
ciInstanceKlass java/lang/invoke/MethodHandleNatives$CallSiteContext 1 1 49 10 7 12 1 1 1 7 1 10 10 7 12 1 1 1 10 7 12 1 1 1 10 100 12 1 1 1 100 1 1 1 1 1 1 1 1 1 1 1 1 1 1 1 1 1 100 1 1
ciInstanceKlass jdk/internal/foreign/abi/NativeEntryPoint 1 1 199 10 7 12 1 1 1 9 7 12 1 1 1 9 12 1 1 100 1 8 1 10 12 1 10 12 1 1 7 1 10 7 12 1 1 1 10 12 1 9 12 1 1 18 12 1 1 10 7 12 1 1 1 10 7 12 1 1 1 9 7 12 1 1 1 7 1 10 8 1 10 12 1 1 10 12 1 10 12 1 1 8 1 10 12 1 1 7 1 8 1 10 12 1 10 12 1 1 7 1 8 1 10 10 12 1 9 12 1 1 18 12 1 1 10 7 12 1 1 1 10 12 1 1 10 12 1 10 7 12 1 1 1 10 1 1 1 1 1 1 1 1 1 1 1 1 1 1 1 1 1 1 1 1 1 1 1 1 1 1 1 1 1 1 1 1 1 1 1 1 1 16 1 15 10 12 16 1 16 15 10 12 15 10 7 12 1 1 1 1 1 100 1 1 100 1 100 1 1
staticfield jdk/internal/foreign/abi/NativeEntryPoint CLEANER Ljava/lang/ref/Cleaner; java/lang/ref/Cleaner
staticfield jdk/internal/foreign/abi/NativeEntryPoint NEP_CACHE Ljdk/internal/foreign/abi/SoftReferenceCache; jdk/internal/foreign/abi/SoftReferenceCache
ciInstanceKlass jdk/internal/foreign/abi/ABIDescriptor 1 1 55 10 7 12 1 1 1 9 7 12 1 1 1 9 12 1 1 9 12 1 9 12 1 9 12 1 1 9 12 1 9 12 1 1 9 12 1 9 12 1 9 12 1 9 12 1 1 1 1 1 1 1 1 1 1
ciInstanceKlass jdk/internal/foreign/abi/VMStorage 1 1 91 10 7 12 1 1 1 9 7 12 1 1 1 9 12 1 1 9 12 1 1 9 12 1 1 7 1 10 8 1 10 12 1 1 10 12 1 10 12 1 1 10 12 1 18 12 1 18 12 1 1 18 12 1 1 1 1 1 1 1 1 1 1 1 1 1 1 1 1 1 1 1 8 1 15 15 15 15 15 10 7 12 1 1 1 1 100 1 100 1 1
ciInstanceKlass jdk/internal/foreign/abi/UpcallLinker$CallRegs 0 0 66 10 7 12 1 1 1 9 7 12 1 1 1 9 12 1 18 12 1 1 18 12 1 1 18 12 1 1 1 1 1 1 1 1 1 1 1 1 1 1 1 1 1 1 100 1 1 1 8 1 15 15 15 10 100 12 1 1 1 1 1 100 1 100 1 1
instanceKlass java/lang/StackFrameInfo
ciInstanceKlass java/lang/ClassFrameInfo 0 0 126 10 7 12 1 1 1 9 7 12 1 1 1 7 1 3 9 12 1 1 9 12 1 1 7 1 9 12 1 1 3 11 100 12 1 1 1 11 12 1 10 12 1 1 10 12 1 1 10 12 1 100 1 10 10 12 1 1 8 1 8 1 10 12 7 1 10 10 12 1 1 8 1 10 12 1 8 1 10 12 8 1 10 12 1 10 100 12 1 1 1 7 1 1 1 1 1 1 1 1 1 1 1 1 1 1 1 1 1 1 1 1 1 1 1 1 1 1 1 7 1 1 1 1 1 1
ciInstanceKlass java/lang/StackWalker$StackFrame 0 0 41 100 1 10 12 1 1 100 1 100 1 1 1 1 1 1 1 1 1 1 1 1 1 1 1 1 1 1 1 1 1 1 1 1 1 1 1 100 1 1 1
ciInstanceKlass java/lang/StackWalker 0 0 259 9 7 12 1 1 1 10 100 12 1 1 1 100 1 10 100 12 1 1 1 10 12 1 1 11 100 12 1 1 1 10 12 1 1 10 12 1 1 10 12 1 1 100 1 8 1 10 12 1 10 12 1 10 12 1 10 7 12 1 1 9 12 1 1 9 12 1 1 9 12 1 1 9 12 1 1 10 12 1 1 9 12 1 1 9 12 1 1 9 12 1 1 10 7 12 1 1 1 11 12 1 1 100 1 8 1 10 10 7 12 1 1 9 12 1 1 10 12 1 1 10 100 12 1 1 1 10 100 12 1 1 1 18 12 1 1 100 1 8 1 10 8 1 10 12 1 1 10 100 12 1 1 1 10 12 1 1 10 12 1 9 100 12 1 1 11 100 12 1 1 1 10 12 1 1 1 1 1 1 1 1 1 1 1 1 1 1 1 1 1 1 1 1 1 1 1 1 1 1 1 1 1 1 1 1 1 1 1 1 1 1 1 1 1 1 1 1 1 1 1 1 1 1 1 1 1 1 1 1 1 1 7 1 1 16 15 10 12 16 1 15 10 100 12 1 1 1 1 1 1 1 1 1 100 1 100 1 1
instanceKlass java/lang/LiveStackFrameInfo
ciInstanceKlass java/lang/StackFrameInfo 0 0 150 10 100 12 1 1 1 9 100 12 1 1 1 9 12 1 1 11 100 12 1 1 1 10 12 1 1 10 100 12 1 1 1 9 12 1 1 10 12 1 1 9 12 1 1 100 1 10 12 10 12 1 9 12 1 100 1 100 1 10 12 1 1 11 12 1 1 10 12 1 10 12 1 10 12 1 1 9 12 1 1 10 12 1 1 10 100 12 1 1 10 12 1 1 9 12 1 10 100 12 1 1 1 9 12 1 1 10 100 1 10 12 1 9 12 1 1 10 12 1 1 10 12 1 1 1 1 1 1 1 1 1 1 1 1 1 1 1 1 100 1 100 1 1 1 1 1 1 1 1
ciInstanceKlass java/lang/LiveStackFrameInfo 0 0 97 10 7 12 1 1 1 9 7 12 1 1 1 9 12 1 9 12 1 9 12 1 9 12 1 1 7 1 10 12 1 1 10 12 1 8 1 10 12 1 1 8 1 8 1 8 1 10 100 1 10 12 1 100 1 10 12 1 7 1 7 1 1 1 3 1 3 1 1 1 1 1 1 1 1 1 1 1 1 1 1 1 1 1 1 1 1 1 1 1 1 1 1 1 100 1 1
ciInstanceKlass java/lang/LiveStackFrame 0 0 132 100 1 10 100 12 1 1 1 11 7 12 1 1 1 11 12 1 10 7 12 1 1 1 100 1 8 1 10 12 1 1 10 7 12 1 1 1 9 100 12 1 1 1 10 7 12 1 1 1 10 7 12 1 1 1 11 12 1 10 12 1 7 1 7 1 1 1 1 1 1 1 1 1 1 1 1 1 1 1 1 1 1 1 1 1 1 1 1 1 1 1 1 100 1 1 1 1 1 1 1 100 1 8 10 1 1 1 8 1 1 1 8 1 1 1 8 1 1 1 8 1 1 8 1 1 1 8 1 1 8 1
ciInstanceKlass java/lang/StackStreamFactory$AbstractStackWalker 1 0 364 100 1 7 1 3 10 7 12 1 1 1 10 7 12 1 1 10 7 12 1 1 1 9 12 1 1 9 12 1 1 9 12 1 1 9 12 1 9 12 1 10 7 12 1 1 1 10 12 1 1 10 7 12 1 1 9 12 1 1 9 12 1 1 10 12 1 1 9 12 1 1 10 100 12 1 1 1 10 12 1 1 9 12 1 1 9 7 12 1 1 1 7 1 10 8 1 10 12 1 1 10 12 1 8 1 10 12 1 1 10 100 12 1 1 1 100 1 8 1 10 12 1 8 1 10 12 10 100 12 1 1 9 12 1 1 8 1 5 0 8 1 8 1 9 12 1 1 10 12 1 1 18 12 1 1 10 7 12 1 1 1 10 12 1 1 10 12 1 10 12 1 9 100 12 1 1 1 10 12 1 1 9 12 1 10 12 1 10 12 1 10 12 1 10 12 1 10 12 1 10 12 1 1 8 1 10 12 1 10 12 1 10 12 1 10 12 1 1 8 1 10 12 1 1 10 12 1 1 10 12 1 1 10 12 1 10 12 1 10 12 1 9 12 1 8 1 10 12 1 8 1 10 12 1 10 12 1 1 10 12 1 10 12 1 10 12 1 1 10 12 1 10 12 1 10 12 1 10 12 1 10 12 1 10 12 1 1 10 12 1 10 12 1 10 12 1 10 12 1 8 1 1 1 1 1 1 1 1 1 1 1 1 1 7 1 1 1 1 1 1 7 1 1 1 1 7 1 1 1 1 1 1 1 1 1 1 1 1 1 1 1 1 1 1 16 15 15 10 100 12 1 1 1 1 1 1 1 1 100 1 100 1 1
ciInstanceKlass jdk/internal/module/Modules 1 1 507 10 7 12 1 1 1 9 7 12 1 1 1 11 7 12 1 1 1 11 12 1 1 11 12 1 1 11 12 1 1 11 12 1 11 12 1 11 12 1 11 12 1 11 12 1 11 12 1 1 10 7 12 1 1 1 10 100 12 1 1 1 18 12 1 1 10 7 12 1 1 1 7 1 10 7 12 1 1 1 10 100 12 1 1 1 10 100 12 1 1 10 12 1 1 11 12 1 9 12 1 1 11 100 12 1 1 1 10 12 1 1 10 10 12 1 10 9 12 1 1 10 100 12 1 1 10 12 1 1 10 100 12 1 1 100 1 11 100 12 1 1 1 10 100 12 1 1 1 11 100 12 1 1 10 12 1 1 10 100 12 1 1 10 100 12 1 1 1 10 12 1 1 10 12 1 1 11 12 1 1 18 12 1 1 11 100 12 1 1 10 100 12 1 1 1 11 100 12 1 1 1 7 1 11 12 1 1 11 7 12 1 1 1 11 12 1 1 10 12 1 1 10 100 12 1 1 18 12 1 1 11 12 1 1 18 12 1 1 11 12 1 1 10 12 1 18 18 10 12 1 1 9 12 1 1 11 7 12 1 1 1 100 1 10 11 12 1 11 12 1 1 11 12 1 1 10 100 1 10 12 1 1 10 100 12 1 1 10 12 1 1 11 12 10 12 1 1 7 1 10 18 12 1 10 12 1 1 7 1 8 1 10 12 1 10 100 12 1 1 18 12 1 11 11 12 10 12 1 10 10 100 1 18 12 1 10 10 10 7 12 1 1 10 7 12 1 1 1 10 12 1 1 1 1 1 1 1 1 1 1 1 1 1 1 1 1 1 1 1 1 1 1 1 1 1 1 1 1 1 1 1 1 1 100 1 1 1 1 1 1 1 1 1 1 1 1 1 1 1 1 1 1 1 1 1 1 1 1 1 1 1 1 1 1 1 1 1 1 1 7 1 1 1 1 1 1 1 1 1 1 1 1 1 1 1 1 1 1 1 1 1 1 1 16 15 10 12 1 16 16 15 10 12 1 16 1 16 1 15 10 12 1 16 1 16 1 15 10 12 16 1 15 10 16 1 15 10 12 16 1 15 10 12 16 15 10 12 16 15 10 12 15 10 100 12 1 1 1 1 1 1 100 1 100 1 1
staticfield jdk/internal/module/Modules JLA Ljdk/internal/access/JavaLangAccess; java/lang/System$2
staticfield jdk/internal/module/Modules JLMA Ljdk/internal/access/JavaLangModuleAccess; java/lang/module/ModuleDescriptor$1
staticfield jdk/internal/module/Modules $assertionsDisabled Z 1
ciInstanceKlass java/util/ArrayList 1 1 509 10 7 12 1 1 1 7 1 9 7 12 1 1 1 9 12 1 100 1 7 1 10 8 1 10 12 1 1 10 12 1 10 12 1 1 10 12 1 9 12 1 11 7 12 1 1 1 9 12 1 1 11 12 1 1 7 10 7 12 1 1 1 9 12 1 10 12 1 10 12 1 1 10 7 12 1 1 1 10 7 12 1 1 1 10 12 1 1 10 12 1 1 10 12 1 1 10 12 1 10 12 1 1 100 1 7 1 10 12 1 10 10 7 12 1 1 1 10 7 12 1 1 10 12 1 100 1 10 10 12 10 12 1 1 10 12 1 1 10 12 1 10 12 10 12 1 1 7 1 10 12 1 1 10 12 1 1 10 12 1 100 1 10 11 12 1 1 11 7 12 1 1 1 11 12 1 10 12 1 10 12 1 10 12 1 1 100 1 10 12 1 1 10 10 12 1 1 10 12 1 8 1 8 1 8 1 8 1 10 12 1 1 10 12 1 1 11 12 1 7 1 10 100 12 1 1 10 12 1 10 12 1 1 10 100 12 1 1 10 12 1 10 100 12 1 1 1 11 100 12 1 1 1 10 12 1 100 1 8 1 10 100 1 10 12 1 7 1 10 12 1 10 12 1 1 7 1 10 12 1 10 12 1 1 11 7 12 1 1 7 1 10 12 1 10 12 1 1 11 100 12 1 1 10 12 1 1 10 12 1 1 10 12 1 1 10 12 1 1 11 7 12 1 1 10 12 1 1 7 1 7 1 7 1 1 1 1 5 0 1 3 1 1 1 1 1 1 1 1 1 1 1 1 1 1 1 1 1 1 1 1 1 1 1 1 1 1 1 1 1 1 1 1 1 1 1 1 1 1 1 1 1 1 1 1 1 1 1 1 1 1 1 1 1 1 1 1 1 1 1 1 1 1 1 1 1 1 1 1 1 1 1 1 1 1 1 1 1 1 1 1 1 1 1 1 1 1 1 1 1 1 1 1 1 1 1 1 1 1 1 1 1 1 1 1 100 1 1 1 1 7 1 1 1 1 1 1 1 1 1 1 1 1 1 1 1 1 1 1 1 1 1 1 1 1 1 1 1 1 1 100 1 1 1 1 1 1 1 1 1 1 1 1 1 1 1 1 1 1 100 1 100 1 1 1 1 1 1
staticfield java/util/ArrayList EMPTY_ELEMENTDATA [Ljava/lang/Object; 0 [Ljava/lang/Object;
staticfield java/util/ArrayList DEFAULTCAPACITY_EMPTY_ELEMENTDATA [Ljava/lang/Object; 0 [Ljava/lang/Object;
ciInstanceKlass java/util/SequencedCollection 1 1 104 100 1 10 12 1 1 11 7 12 1 1 1 11 7 12 1 1 1 11 12 1 1 11 12 1 7 1 7 1 1 1 1 1 1 1 1 1 1 1 1 1 1 1 1 1 1 1 1 1 1 1 1 1 1 1 1 1 100 1 8 1 12 10 1 1 8 1 1 1 8 1 1 8 1 1 1 8 1 1 8 1 1 1 8 1 1 8 1 8 1 1 8 1 1 1 8 1 1 8 1 1 8 1
ciInstanceKlass java/util/RandomAccess 1 0 7 100 1 100 1 1 1
instanceKlass com/google/common/collect/ImmutableCollection
instanceKlass com/sun/tools/javac/util/List
instanceKlass scala/collection/convert/JavaCollectionWrappers$IterableWrapper
instanceKlass java/util/TreeMap$Values
instanceKlass tools/jackson/databind/util/internal/LinkedDeque
instanceKlass java/util/concurrent/ConcurrentLinkedDeque
instanceKlass java/util/IdentityHashMap$Values
instanceKlass java/util/HashMap$Values
instanceKlass java/util/LinkedHashMap$LinkedValues
instanceKlass java/util/AbstractMap$2
instanceKlass java/util/AbstractQueue
instanceKlass java/util/ArrayDeque
instanceKlass java/util/AbstractSet
instanceKlass java/util/ImmutableCollections$AbstractImmutableCollection
instanceKlass java/util/AbstractList
ciInstanceKlass java/util/AbstractCollection 1 1 160 10 7 12 1 1 1 10 7 12 1 1 1 10 12 1 1 11 7 12 1 1 1 11 12 1 1 10 12 1 1 10 100 12 1 1 1 10 12 1 1 10 12 1 1 10 7 12 1 1 10 7 12 1 1 1 7 1 10 7 12 1 1 1 10 100 12 1 1 1 100 1 10 11 12 1 11 7 1 10 12 1 10 12 1 10 100 12 1 1 1 11 8 1 7 1 10 10 12 1 1 8 1 10 12 1 10 12 1 1 1 1 1 1 1 1 1 1 1 1 1 1 1 1 1 1 1 1 1 1 1 1 1 1 1 1 1 1 1 1 1 1 1 1 1 1 1 1 1 1 1 1 1 1 1 1 1 1 1 1
instanceKlass java/util/AbstractSequentialList
instanceKlass scala/collection/convert/JavaCollectionWrappers$SeqWrapper
instanceKlass scala/collection/convert/JavaCollectionWrappers$MutableBufferWrapper
instanceKlass java/util/Collections$SingletonList
instanceKlass java/util/Vector
instanceKlass sun/security/jca/ProviderList$3
instanceKlass java/util/Collections$CopiesList
instanceKlass java/util/ArrayList$SubList
instanceKlass java/util/Arrays$ArrayList
instanceKlass java/util/Collections$EmptyList
instanceKlass java/util/ArrayList
ciInstanceKlass java/util/AbstractList 1 1 218 10 7 12 1 1 1 9 7 12 1 1 1 10 12 1 1 10 12 1 1 100 1 10 10 12 1 1 11 100 12 1 1 1 11 12 1 1 11 12 1 10 7 12 1 1 1 10 12 1 11 12 1 11 12 1 11 12 1 10 12 1 1 10 12 1 1 11 7 12 1 1 1 11 7 1 11 7 1 10 12 1 100 1 10 12 1 10 12 1 1 7 1 100 1 10 12 1 100 1 10 100 1 7 1 10 8 1 10 12 1 1 10 12 1 10 12 1 1 10 12 1 8 1 100 1 8 1 8 1 8 1 10 7 1 11 10 10 12 1 11 12 1 10 12 1 1 8 1 8 1 1 1 1 1 1 1 1 1 1 1 1 1 1 1 1 1 1 1 1 1 1 1 1 1 1 1 1 1 1 1 1 1 1 1 1 1 1 1 1 1 1 1 1 1 1 1 1 1 1 1 1 1 1 1 1 1 1 100 1 100 1 1 1 1 1 1 1
ciInstanceKlass sun/nio/cs/ISO_8859_1 1 1 60 8 1 10 7 12 1 1 1 10 7 12 1 1 1 8 1 100 1 7 1 7 1 10 12 1 7 1 10 10 12 1 9 12 1 1 7 1 1 1 1 1 1 1 1 1 1 1 1 1 1 1 1 1 1 1 1 1 1 1
staticfield sun/nio/cs/ISO_8859_1 INSTANCE Lsun/nio/cs/ISO_8859_1; sun/nio/cs/ISO_8859_1
ciInstanceKlass sun/nio/cs/US_ASCII 1 1 67 8 1 10 7 12 1 1 1 10 7 12 1 1 1 8 1 7 1 100 1 10 12 1 7 1 10 10 12 1 9 12 1 1 10 7 12 1 1 1 9 12 1 1 7 1 1 1 1 1 1 1 1 1 1 1 1 1 1 1 1 1 1 1 1 1 1
staticfield sun/nio/cs/US_ASCII INSTANCE Lsun/nio/cs/US_ASCII; sun/nio/cs/US_ASCII
staticfield sun/nio/cs/US_ASCII JLA Ljdk/internal/access/JavaLangAccess; java/lang/System$2
ciInstanceKlass sun/nio/cs/ArrayDecoder 1 1 25 100 1 100 1 1 1 1 1 1 1 1 1 1 1 1 1 1 1 1 1 1 1 1 1
ciMethod sun/nio/cs/ArrayDecoder isASCIICompatible ()Z 0 0 1 0 -1
ciMethod sun/nio/cs/ArrayDecoder isLatin1Decodable ()Z 0 0 1 0 -1
ciMethod sun/nio/cs/ArrayDecoder decodeToLatin1 ([BII[B)I 0 0 1 0 -1
ciMethod sun/nio/cs/ArrayDecoder decode ([BII[C)I 0 0 1 0 -1
instanceKlass sun/nio/cs/ISO_8859_1$Decoder
instanceKlass sun/nio/cs/UTF_8$Decoder
instanceKlass sun/nio/cs/SingleByte$Decoder
ciInstanceKlass java/nio/charset/CharsetDecoder 1 1 301 10 7 12 1 1 1 9 7 12 1 1 1 9 7 12 1 1 9 12 1 9 12 1 1 9 12 1 1 100 1 8 1 10 12 1 8 1 8 1 9 12 1 1 9 12 1 1 9 12 1 10 12 1 1 8 1 10 12 1 8 1 10 7 12 1 1 1 8 1 8 1 10 12 1 8 1 10 12 1 1 10 12 1 10 12 1 1 10 12 1 1 7 1 100 1 10 12 1 10 7 12 1 1 1 10 12 1 10 7 12 1 1 10 12 1 10 12 1 1 10 12 1 10 12 1 9 12 1 1 100 1 10 12 1 1 10 12 1 9 12 1 10 100 1 9 12 1 1 10 12 1 1 9 12 1 10 12 1 10 10 12 1 10 10 12 1 1 9 12 1 10 12 1 10 12 1 100 1 3 10 100 12 1 1 1 10 12 1 1 10 12 1 1 10 12 1 1 10 12 1 10 12 1 1 10 12 1 1 10 12 1 10 12 1 100 1 10 100 1 7 1 10 8 1 10 12 1 1 9 12 1 1 8 1 10 10 10 7 12 1 1 8 1 8 1 8 1 8 1 1 1 3 1 3 1 3 1 3 1 1 1 1 1 1 1 100 1 1 1 1 1 1 1 1 1 1 1 1 1 1 1 1 1 1 1 1 1 1 1 1 100 1 1 1 1 1 1 1 1 1
staticfield java/nio/charset/CharsetDecoder $assertionsDisabled Z 1
ciMethod java/nio/charset/CharsetDecoder maxCharsPerByte ()F 0 0 1 0 -1
ciMethod java/nio/charset/CharsetDecoder onMalformedInput (Ljava/nio/charset/CodingErrorAction;)Ljava/nio/charset/CharsetDecoder; 0 0 69 0 -1
ciMethod java/nio/charset/CharsetDecoder onUnmappableCharacter (Ljava/nio/charset/CodingErrorAction;)Ljava/nio/charset/CharsetDecoder; 0 0 69 0 -1
ciInstanceKlass java/nio/charset/CodingErrorAction 1 1 38 10 7 12 1 1 1 9 7 12 1 1 1 8 1 10 12 1 9 12 1 8 1 9 12 8 1 9 12 1 1 1 1 1 1 1 1 1
staticfield java/nio/charset/CodingErrorAction IGNORE Ljava/nio/charset/CodingErrorAction; java/nio/charset/CodingErrorAction
staticfield java/nio/charset/CodingErrorAction REPLACE Ljava/nio/charset/CodingErrorAction; java/nio/charset/CodingErrorAction
staticfield java/nio/charset/CodingErrorAction REPORT Ljava/nio/charset/CodingErrorAction; java/nio/charset/CodingErrorAction
instanceKlass java/nio/MappedByteBuffer
instanceKlass java/nio/HeapByteBuffer
ciInstanceKlass java/nio/ByteBuffer 1 1 446 10 7 12 1 1 1 9 7 12 1 1 1 10 7 12 1 1 1 9 12 1 1 9 12 1 9 12 1 1 9 12 1 1 10 12 1 10 12 1 7 1 10 12 1 10 12 1 1 7 1 10 12 1 10 12 1 100 1 100 1 10 12 1 10 12 1 1 10 7 12 1 1 1 10 12 1 1 10 12 1 100 1 10 10 12 1 1 10 12 1 10 12 1 10 12 100 1 5 0 9 12 1 1 9 12 1 9 12 1 1 10 12 1 1 10 12 1 1 10 7 12 1 1 1 10 7 12 1 1 1 10 12 1 10 12 1 1 10 12 1 1 100 1 10 100 1 10 10 12 1 1 9 12 1 10 12 1 100 1 10 10 12 1 10 12 1 10 12 10 12 1 9 12 100 1 10 10 12 1 10 12 10 12 1 1 10 12 1 10 12 1 10 12 1 10 12 1 7 1 10 10 7 12 1 1 1 10 7 12 1 1 1 10 12 1 1 8 1 10 12 1 8 1 8 1 10 12 1 8 1 10 12 1 10 100 12 1 1 1 10 100 12 1 1 1 10 12 1 1 10 7 1 9 12 1 8 1 10 12 1 8 1 8 1 10 10 12 1 10 12 1 1 10 12 1 1 10 12 10 12 1 1 10 12 10 12 10 12 10 12 10 12 10 12 10 12 1 1 10 12 1 9 12 1 1 7 10 7 12 1 1 1 7 1 1 1 1 1 1 1 1 1 1 1 1 100 1 1 1 1 1 1 1 1 1 1 1 1 1 1 1 1 1 1 1 1 1 7 1 1 1 1 1 1 1 1 1 1 1 1 1 1 1 1 1 1 1 1 1 1 1 1 1 1 1 1 1 1 1 1 1 1 1 1 1 1 1 1 1 1 1 1 1 1 1 1 1 1 1 1 1 1 1 1 1 1 1 1 1 1 1 1 1 1 1 1 1 1 1 1 1 1 1 1 1 1 1 1 1 1 1 1 1 1 1 1 1 1 1 1 1 1 1 100 1
staticfield java/nio/ByteBuffer ARRAY_BASE_OFFSET J 16
staticfield java/nio/ByteBuffer $assertionsDisabled Z 1
ciMethod java/nio/ByteBuffer get (I)B 0 0 1 0 -1
ciInstanceKlass java/lang/annotation/Annotation 1 0 17 100 1 100 1 1 1 1 1 1 1 1 1 1 1 1 1
ciInstanceKlass sun/nio/ch/DirectBuffer 1 1 13 100 1 100 1 1 1 1 1 1 1 1 1
ciInstanceKlass java/nio/charset/StandardCharsets 1 1 86 10 7 12 1 1 1 100 1 8 1 10 12 1 9 7 12 1 1 1 9 7 12 1 1 1 9 7 12 1 1 9 12 1 9 7 12 1 1 9 12 1 7 1 10 9 12 1 7 1 10 9 12 1 7 1 10 9 12 1 7 1 10 9 12 1 7 1 10 9 12 1 7 1 10 9 12 1 1 1 1 1 1 1 1 1
staticfield java/nio/charset/StandardCharsets US_ASCII Ljava/nio/charset/Charset; sun/nio/cs/US_ASCII
staticfield java/nio/charset/StandardCharsets ISO_8859_1 Ljava/nio/charset/Charset; sun/nio/cs/ISO_8859_1
staticfield java/nio/charset/StandardCharsets UTF_8 Ljava/nio/charset/Charset; sun/nio/cs/UTF_8
staticfield java/nio/charset/StandardCharsets UTF_16BE Ljava/nio/charset/Charset; sun/nio/cs/UTF_16BE
staticfield java/nio/charset/StandardCharsets UTF_16LE Ljava/nio/charset/Charset; sun/nio/cs/UTF_16LE
staticfield java/nio/charset/StandardCharsets UTF_16 Ljava/nio/charset/Charset; sun/nio/cs/UTF_16
staticfield java/nio/charset/StandardCharsets UTF_32BE Ljava/nio/charset/Charset; sun/nio/cs/UTF_32BE
staticfield java/nio/charset/StandardCharsets UTF_32LE Ljava/nio/charset/Charset; sun/nio/cs/UTF_32LE
staticfield java/nio/charset/StandardCharsets UTF_32 Ljava/nio/charset/Charset; sun/nio/cs/UTF_32
ciInstanceKlass sun/nio/cs/SingleByte$Decoder 1 1 170 100 1 10 7 12 1 1 1 3 9 7 12 1 1 1 9 12 1 1 9 12 1 1 9 12 1 10 100 12 1 1 1 10 12 1 1 10 12 1 10 12 1 10 100 12 1 1 10 10 10 9 100 12 1 1 1 9 12 1 9 100 12 1 1 1 10 100 12 1 1 1 11 100 12 1 1 1 10 12 1 1 10 12 1 1 10 12 1 1 10 12 1 1 10 12 1 1 10 12 1 10 10 12 1 1 10 12 1 10 10 12 1 1 10 12 1 10 7 12 1 1 100 1 1 1 1 1 1 1 1 1 1 1 1 1 1 1 1 1 1 1 1 1 1 1 1 1 1 1 100 100 1 100 1 1 1 1 1 1 1 1 1 1 1 1 1 1 1 1
instanceKlass java/nio/DirectByteBufferR
ciInstanceKlass java/nio/DirectByteBuffer 1 1 566 9 7 12 1 1 1 9 12 1 1 10 7 12 1 1 1 10 7 12 1 1 1 10 7 12 1 1 1 10 7 12 1 1 1 10 12 1 1 9 12 1 1 10 7 12 1 1 1 7 1 10 12 1 10 12 1 1 9 12 1 1 7 1 10 12 1 10 7 12 1 1 1 7 1 10 12 1 1 10 12 1 10 12 1 1 100 1 7 1 10 12 1 8 1 10 12 1 1 10 12 1 8 1 10 12 1 1 10 12 1 7 1 5 0 8 1 7 1 9 11 7 12 1 1 1 10 12 1 10 12 1 9 12 1 1 100 1 10 10 12 1 1 10 12 1 9 12 1 1 10 12 1 10 100 12 1 1 1 10 12 1 10 12 1 7 1 10 10 12 1 1 10 100 12 1 1 1 10 12 1 100 1 8 1 10 10 12 1 9 12 1 1 10 12 1 10 12 1 1 10 7 12 1 1 1 10 7 12 1 1 1 10 12 1 1 10 12 1 10 12 1 1 10 12 1 1 10 12 1 10 12 10 12 1 9 12 1 10 12 1 1 10 12 10 12 1 1 10 12 1 10 12 1 1 10 12 10 12 1 1 9 12 1 5 0 100 1 10 12 1 100 1 10 9 12 1 100 1 10 12 1 100 1 10 10 12 1 1 10 12 1 1 10 12 1 1 10 12 1 1 100 1 10 100 1 10 100 1 10 100 1 10 10 12 1 1 10 12 1 10 12 1 1 10 12 1 1 5 0 100 1 10 100 1 10 7 1 10 100 1 10 10 12 1 1 10 12 1 10 12 1 1 10 12 1 1 5 0 100 1 10 100 1 10 7 1 10 100 1 10 10 7 12 1 1 1 10 12 1 1 10 12 1 1 10 12 1 1 100 1 10 100 1 10 100 1 10 100 1 10 10 7 12 1 1 1 10 12 1 10 12 1 1 10 12 1 1 100 1 10 100 1 10 100 1 10 100 1 10 10 12 1 1 10 12 1 10 12 1 1 10 12 10 7 12 1 1 10 12 1 1 1 1 1 1 1 1 1 1 1 1 1 1 1 1 1 1 1 1 1 1 1 1 1 1 1 1 1 1 1 1 1 1 100 1 100 1 7 1 1 1 1 1 1 1 1 1 1 1 1 1 1 1 1 1 1 1 1 1 1 1 1 1 1 1 100 1 1 1 1 1 1 1 1 100 1 1 1 1 1 100 1 1 1 1 1 100 1 1 1 1 1 1 1 100 1 1 1 1 1 1 1 1 100 1 1 1 1 1 1 1 1 1 1 1
staticfield java/nio/DirectByteBuffer UNALIGNED Z 1
staticfield java/nio/DirectByteBuffer $assertionsDisabled Z 1
instanceKlass java/nio/DirectByteBuffer
ciInstanceKlass java/nio/MappedByteBuffer 1 1 162 10 7 12 1 1 1 9 7 12 1 1 1 9 12 1 1 100 1 10 12 1 9 12 1 1 10 12 1 1 9 12 1 1 10 12 1 1 10 7 12 1 1 1 10 12 1 1 10 100 12 1 1 1 10 12 1 1 10 100 12 1 1 1 10 12 1 10 12 1 1 10 12 1 10 12 1 1 10 12 1 10 12 1 10 12 1 10 12 1 10 12 1 1 10 12 10 12 10 12 10 12 10 12 10 12 1 10 12 10 12 1 10 12 1 10 12 10 12 1 1 1 1 1 1 1 1 1 1 1 1 1 1 1 1 1 1 100 1 1 1 1 100 1 1 1 1 1 1 1 1 1 1 1 1 1 1 1 1 100 1 1
staticfield java/nio/MappedByteBuffer SCOPED_MEMORY_ACCESS Ljdk/internal/misc/ScopedMemoryAccess; jdk/internal/misc/ScopedMemoryAccess
ciMethod java/nio/DirectByteBuffer get (I)B 534 0 6688 0 176
ciMethod java/nio/DirectByteBuffer ix (I)J 534 0 1651 0 88
ciInstanceKlass java/nio/DirectByteBufferR 1 1 263 10 7 12 1 1 1 9 7 12 1 1 1 10 12 1 10 12 1 10 12 1 1 10 12 1 9 12 1 100 1 10 12 1 10 12 1 1 10 12 1 1 9 12 1 1 10 10 100 12 1 1 1 10 12 1 10 12 1 10 12 1 1 100 1 10 9 12 1 9 12 1 1 5 0 9 12 1 100 1 10 12 1 100 1 10 9 12 1 100 1 10 12 1 100 1 10 100 1 10 100 1 10 100 1 10 100 1 10 5 0 100 1 10 100 1 10 7 1 10 100 1 10 5 0 100 1 10 100 1 10 100 1 10 100 1 10 100 1 10 100 1 10 100 1 10 100 1 10 100 1 10 100 1 10 100 1 10 100 1 10 10 12 1 10 12 1 1 10 12 10 7 12 1 1 100 1 1 1 1 1 1 1 1 1 1 1 1 1 1 1 1 1 1 1 1 1 1 1 1 1 1 1 1 1 1 1 1 1 1 1 1 1 1 1 1 1 100 1 1 1 1 1 1 1 100 1 1 1 1 1 1 100 1 1 1 1 1 1 100 1 1 1 1 1 1 1 100 1 1 1 1 1 1 1 100 1 1 1 1 1 1 1
staticfield java/nio/DirectByteBufferR $assertionsDisabled Z 1
ciInstanceKlass jdk/internal/jimage/ImageStringsReader 1 1 205 10 7 12 1 1 1 10 7 12 1 1 1 7 1 9 7 12 1 1 1 10 12 1 1 10 12 1 1 7 1 8 1 10 12 1 3 10 12 1 1 10 12 1 3 10 12 1 10 7 12 1 1 1 10 12 1 1 100 1 7 1 10 8 1 10 12 1 1 10 7 12 1 1 10 12 1 1 10 3 8 1 10 12 1 1 10 12 1 1 8 1 10 12 1 10 12 1 10 12 1 1 10 7 12 1 1 10 12 1 1 8 1 8 1 10 12 1 8 1 10 12 1 1 10 12 1 1 9 7 12 1 1 1 10 12 1 10 12 1 1 10 12 1 1 10 12 1 1 7 1 1 1 1 1 1 1 1 1 1 1 1 1 1 1 1 1 1 1 1 1 1 1 1 1 1 1 1 1 100 1 1 1 1 1 1 1 1 1 100 1 1 1 1 1 1 1 1 1 1 1 1 1 1 1
ciMethod jdk/internal/jimage/ImageStringsReader stringFromByteBuffer (Ljava/nio/ByteBuffer;I)Ljava/lang/String; 758 8192 24836 0 -1
ciMethod jdk/internal/jimage/ImageStringsReader charsFromByteBufferLength (Ljava/nio/ByteBuffer;I)I 0 0 24836 0 846
ciMethod jdk/internal/jimage/ImageStringsReader charsFromByteBuffer ([CLjava/nio/ByteBuffer;I)V 0 0 2046 0 0
ciMethod java/util/Objects requireNonNull (Ljava/lang/Object;)Ljava/lang/Object; 1024 0 148083 0 -1
ciMethod java/util/Arrays copyOfRange ([BII)[B 512 0 5405 0 -1
ciMethod java/util/Arrays copyOf ([BI)[B 252 0 5257 0 -1
ciMethod jdk/internal/misc/Unsafe getByte (Ljava/lang/Object;J)B 256 0 128 0 -1
ciMethod java/lang/InternalError <init> (Ljava/lang/String;)V 0 0 1 0 -1
ciMethod java/nio/charset/Charset newDecoder ()Ljava/nio/charset/CharsetDecoder; 0 0 1 0 -1
ciMethod java/lang/String decodeWithDecoder (Ljava/nio/charset/CharsetDecoder;[C[BII)I 0 0 1 0 -1
ciMethod java/lang/String scale (IF)I 16 0 44 0 -1
ciMethod java/lang/String decodeUTF8_UTF16 ([BII[BIZ)I 0 0 1 0 -1
ciMethod java/lang/String decode2 (II)C 0 0 338 0 -1
ciMethod java/lang/String <init> ([C)V 168 0 4898 0 0
ciMethod java/lang/String <init> ([BLjava/nio/charset/Charset;)V 512 0 23309 0 0
ciMethod java/lang/String <init> (Ljava/nio/charset/Charset;[BII)V 890 0 32595 0 -1
ciMethod java/lang/String <init> ([CIILjava/lang/Void;)V 530 0 5488 0 1269
ciMethod java/lang/StringBuilder append (I)Ljava/lang/StringBuilder; 6 0 15831 0 -1
ciMethod java/lang/StringBuilder append (Ljava/lang/String;)Ljava/lang/StringBuilder; 10 0 132160 0 -1
ciMethod java/lang/StringBuilder <init> ()V 8 0 50347 0 -1
ciMethod java/lang/Class getClassLoader0 ()Ljava/lang/ClassLoader; 200 0 100 0 -1
ciMethod java/lang/Object getClass ()Ljava/lang/Class; 256 0 128 0 -1
ciMethod java/lang/Object <init> ()V 1024 0 427289 0 136
ciInstanceKlass sun/nio/cs/MS1250 1 1 80 8 1 10 7 12 1 1 1 10 7 12 1 1 1 8 1 10 12 1 1 8 1 10 100 12 1 1 1 100 1 7 1 9 7 12 1 1 1 10 12 1 7 1 9 12 1 9 12 1 10 12 1 100 1 1 1 1 1 1 1 1 1 1 1 1 1 1 1 1 1 1 1 1 1 100 1 1 1 1
ciInstanceKlass java/lang/foreign/MemorySegment$Scope 1 0 21 100 1 100 1 1 1 1 1 1 1 1 1 1 100 1 1 100 1 1 1
instanceKlass jdk/internal/foreign/ConfinedSession
instanceKlass jdk/internal/foreign/SharedSession
instanceKlass jdk/internal/foreign/GlobalSession
ciInstanceKlass jdk/internal/foreign/MemorySessionImpl 1 1 311 7 1 7 1 10 12 1 1 11 7 12 1 1 1 7 1 10 100 12 1 1 1 10 12 1 1 9 12 1 1 10 100 12 1 1 1 10 12 1 1 100 1 10 12 1 1 10 12 1 9 12 1 1 10 7 12 1 1 10 7 12 1 9 12 1 1 7 1 10 12 1 100 1 10 100 1 10 12 1 7 1 10 12 1 10 12 1 11 100 12 1 1 10 12 1 10 7 12 1 1 1 9 12 1 1 9 12 1 10 12 1 7 1 10 12 1 1 100 1 10 12 1 1 100 1 10 10 12 1 10 100 1 8 1 10 12 1 8 1 10 12 1 1 10 100 12 1 1 1 8 1 100 1 8 1 10 100 1 8 1 10 18 12 1 1 10 12 1 18 7 1 10 9 12 1 1 10 7 12 1 1 1 8 9 12 1 1 10 7 12 1 1 1 9 12 1 1 100 1 100 1 10 12 1 100 1 1 1 3 1 3 1 3 1 1 1 1 1 1 1 1 1 1 1 1 1 1 1 1 1 1 1 1 1 1 1 1 1 1 1 1 1 1 1 1 1 1 1 1 1 1 1 1 1 1 1 1 1 1 1 1 1 1 1 1 1 1 1 1 1 1 1 1 1 1 1 1 1 100 1 100 1 1 1 16 15 10 12 16 15 10 12 15 10 7 12 1 1 1 1 100 1 1 1 1 1 100 1 1 1
staticfield jdk/internal/foreign/MemorySessionImpl STATE Ljava/lang/invoke/VarHandle; java/lang/invoke/VarHandleInts$FieldInstanceReadWrite
staticfield jdk/internal/foreign/MemorySessionImpl ALREADY_CLOSED Ljdk/internal/misc/ScopedMemoryAccess$ScopedAccessError; jdk/internal/misc/ScopedMemoryAccess$ScopedAccessError
staticfield jdk/internal/foreign/MemorySessionImpl WRONG_THREAD Ljdk/internal/misc/ScopedMemoryAccess$ScopedAccessError; jdk/internal/misc/ScopedMemoryAccess$ScopedAccessError
staticfield jdk/internal/foreign/MemorySessionImpl GLOBAL_SESSION Ljdk/internal/foreign/MemorySessionImpl; jdk/internal/foreign/GlobalSession
ciInstanceKlass jdk/internal/misc/ScopedMemoryAccess$ScopedAccessError 1 1 47 8 1 10 7 12 1 1 1 9 7 12 1 1 1 11 100 12 1 1 1 100 1 1 1 1 1 1 5 0 1 1 1 1 1 1 1 1 1 1 1 1 1 100 1 1 1
ciInstanceKlass java/lang/foreign/MemorySegment 1 1 242 10 7 12 1 1 1 10 7 12 1 1 1 10 12 1 10 12 1 10 12 1 10 12 1 10 12 1 10 12 1 10 12 1 1 9 7 12 1 1 1 11 7 12 1 1 1 10 7 12 1 1 1 10 10 12 1 10 12 1 10 12 1 1 11 12 1 1 9 12 1 1 100 1 1 1 1 1 1 1 1 1 1 1 1 1 1 1 1 1 1 1 1 1 1 1 1 1 1 1 1 1 1 1 1 1 1 1 1 1 1 1 1 1 1 1 1 1 1 1 1 1 1 1 1 1 1 1 1 1 1 1 1 1 1 1 1 1 1 1 1 1 1 1 1 1 1 1 1 1 1 1 1 1 1 1 1 1 1 1 1 1 1 1 1 1 1 1 1 1 1 1 1 1 1 1 1 1 1 1 1 1 1 1 1 1 1 1 1 1 1 1 1 1 1 1 1 1 1 1 1 1 1 1 1 1 1 1 1 1 1 1 1 100 1 1 1 100 1 1 1 100 1 1 100 1 1 100 1 1 100 1 1 100 1 1 100 1 1 100 1 1
staticfield java/lang/foreign/MemorySegment NULL Ljava/lang/foreign/MemorySegment; jdk/internal/foreign/NativeMemorySegmentImpl
instanceKlass jdk/internal/foreign/HeapMemorySegmentImpl
instanceKlass jdk/internal/foreign/NativeMemorySegmentImpl
ciInstanceKlass jdk/internal/foreign/AbstractMemorySegmentImpl 1 1 1130 10 7 12 1 1 1 9 7 12 1 1 1 9 12 1 1 9 12 1 1 10 12 1 1 10 12 1 1 10 12 1 1 10 7 12 1 1 1 10 12 1 1 100 1 8 1 10 12 1 10 7 12 1 1 1 11 7 12 1 1 1 11 12 1 10 12 1 1 10 7 12 1 1 1 10 7 12 1 1 1 10 12 1 1 10 7 1 8 1 10 12 1 1 8 1 10 12 1 1 10 12 1 1 100 1 8 1 10 18 12 1 1 10 12 1 10 7 12 1 1 1 8 1 8 1 10 12 1 1 10 12 1 8 1 8 1 100 1 10 12 1 10 12 1 1 10 100 12 1 1 1 10 12 1 1 9 12 1 1 10 12 1 1 10 12 1 1 10 12 1 10 7 12 1 1 1 10 12 1 5 0 100 1 5 0 3 9 100 12 1 1 1 10 12 1 1 5 0 8 1 10 12 1 1 10 12 1 1 10 100 12 1 1 10 100 12 1 1 1 10 12 10 100 12 1 1 1 10 12 1 1 11 11 12 1 1 11 12 1 1 10 12 1 1 8 1 100 1 18 12 1 1 18 12 1 10 12 1 1 100 1 18 18 7 1 18 18 100 1 18 18 100 1 18 18 100 1 18 18 100 1 18 18 10 7 12 1 1 1 11 7 1 11 7 12 1 1 11 7 12 1 10 7 12 1 1 1 11 12 1 1 11 12 1 8 1 10 12 1 1 10 12 1 10 12 1 10 12 1 100 1 8 1 10 12 1 1 10 100 12 1 1 10 100 12 1 1 1 10 5 0 8 1 10 7 12 1 1 1 10 12 1 1 11 100 12 1 1 100 1 10 12 1 10 12 1 1 100 1 8 1 10 100 1 10 8 1 10 12 1 1 10 12 1 18 10 12 1 1 8 1 10 12 1 8 1 10 12 1 1 8 1 10 12 1 8 1 10 12 1 10 12 1 1 9 12 1 1 11 100 12 1 1 1 10 100 12 1 1 8 1 11 12 1 1 11 12 1 1 10 12 1 1 10 12 1 11 12 1 1 10 12 1 10 12 1 1 10 12 1 10 12 1 1 18 12 1 1 100 1 10 12 1 100 1 10 100 1 10 100 1 10 100 1 10 100 1 10 100 1 10 100 1 8 1 10 12 1 100 1 10 12 1 100 1 10 12 1 100 1 11 12 1 8 1 10 12 1 8 1 8 1 10 12 1 8 1 8 1 8 1 11 12 1 10 12 1 1 10 12 1 1 10 12 1 1 10 100 12 1 1 10 12 1 10 12 1 11 12 1 8 1 10 12 1 10 12 1 10 100 12 1 1 1 10 12 1 1 10 12 1 9 12 1 1 10 12 1 10 12 1 1 9 12 1 5 0 8 1 18 12 1 100 1 10 12 1 100 1 100 1 100 1 100 1 100 1 100 1 11 100 12 1 1 1 10 7 12 1 1 10 12 1 1 11 100 1 10 12 1 10 12 1 11 7 1 10 12 1 10 12 1 11 100 1 10 12 1 10 12 1 11 100 1 10 12 1 10 12 1 11 100 1 10 12 1 10 12 1 11 100 1 10 12 1 10 12 1 11 100 1 10 12 1 10 12 1 11 7 1 10 12 1 10 12 1 8 1 11 11 11 11 11 11 11 11 11 9 100 12 1 1 1 10 12 1 1 10 100 12 1 1 1 10 12 1 1 10 12 1 1 10 12 1 1 10 12 1 10 12 1 8 1 8 1 10 12 1 11 100 12 1 1 10 12 1 10 7 12 1 1 1 100 1 100 1 1 1 1 1 1 1 1 1 1 1 1 1 1 1 1 1 1 1 1 1 1 1 1 1 1 1 1 1 1 1 1 1 100 1 1 1 1 1 1 1 1 1 1 1 1 1 1 1 1 1 1 1 1 1 1 1 1 1 1 1 1 1 1 1 1 1 1 1 1 1 1 1 1 1 1 1 1 1 1 1 1 1 1 1 1 1 1 1 1 1 1 1 1 1 1 1 1 1 1 1 1 1 1 1 1 1 1 1 1 1 1 1 1 1 1 1 1 1 1 1 1 1 1 1 1 1 1 1 1 1 1 1 1 1 100 1 1 1 1 1 1 1 1 1 1 1 1 1 1 1 1 1 1 1 1 1 1 1 1 1 1 1 1 1 1 1 1 1 1 1 1 1 1 1 1 1 1 1 1 1 1 1 1 1 1 1 1 1 1 1 1 1 1 1 1 1 1 1 1 1 1 1 1 1 1 1 1 1 1 1 1 1 1 1 1 1 1 1 1 1 1 1 1 1 100 1 1 16 15 10 12 16 15 10 12 16 16 15 11 12 1 1 16 15 10 12 16 15 11 12 1 16 15 10 12 16 15 11 12 1 16 15 10 12 16 15 11 12 1 16 15 10 12 16 15 11 12 1 16 15 10 12 16 15 11 12 1 16 15 10 12 16 15 11 12 1 16 15 10 12 16 15 10 7 12 1 1 1 15 10 100 12 1 1 1 100 1 1 1 1 1 1 1 1 1 1 1 1 100 1 100 1 1 1 100 1 8 10 1 8 1 8 1
staticfield jdk/internal/foreign/AbstractMemorySegmentImpl SCOPED_MEMORY_ACCESS Ljdk/internal/misc/ScopedMemoryAccess; jdk/internal/misc/ScopedMemoryAccess
staticfield jdk/internal/foreign/AbstractMemorySegmentImpl NIO_ACCESS Ljdk/internal/access/JavaNioAccess; java/nio/Buffer$2
staticfield jdk/internal/foreign/AbstractMemorySegmentImpl $assertionsDisabled Z 1
ciMethodData java/lang/Object <init> ()V 2 426777 orig 80 1 0 0 0 0 0 0 0 0 0 0 0 255 127 0 0 0 0 0 0 0 0 0 0 0 0 0 0 0 0 0 0 0 0 0 0 0 0 0 0 0 0 0 0 0 0 0 0 0 0 0 0 0 0 0 0 0 0 0 0 0 0 0 0 0 0 0 0 0 0 0 0 0 0 0 0 0 0 0 0 data 4 0x0 0x9 0x1 0x0 oops 0 methods 0
ciMethodData java/util/Objects requireNonNull (Ljava/lang/Object;)Ljava/lang/Object; 2 147571 orig 80 0 0 0 0 0 0 0 0 0 0 0 0 54 2 0 0 0 0 0 0 0 0 0 0 0 0 0 0 0 0 0 0 0 0 0 0 0 0 0 0 0 0 0 0 0 0 0 0 0 0 0 0 0 0 0 0 0 0 0 0 0 0 0 0 0 0 0 0 0 0 0 0 0 0 0 0 0 0 0 0 data 15 0x10007 0x24074 0x30 0x0 0x80002 0x0 0x0 0x0 0x0 0x0 0x0 0x0 0x9 0x1 0x0 oops 0 methods 0
ciMethodData java/lang/String <init> (Ljava/nio/charset/Charset;[BII)V 2 32150 orig 80 1 0 0 0 0 0 0 0 0 0 0 0 255 127 0 0 0 0 0 0 0 0 0 0 0 0 0 0 0 0 0 0 0 0 0 0 0 0 0 1 0 0 0 0 0 0 0 0 0 0 0 0 0 0 0 0 0 0 0 0 0 0 0 0 0 0 0 0 0 0 0 0 0 0 0 0 0 0 0 0 data 356 0x10002 0x7d96 0x60007 0x7d96 0x38 0x0 0x1b0003 0x0 0x9b8 0x220007 0x5985 0x2b8 0x2411 0x280007 0x0 0x230 0x2411 0x2f0002 0x2411 0x8000000600380007 0x2 0x30 0x2410 0x420002 0x2410 0x540002 0x2 0x610007 0x1 0xf8 0x1f7 0x700007 0x3 0x38 0x1f4 0x7e0003 0x1f4 0xffffffffffffffc0 0x8a0007 0x1 0x88 0x2 0x910007 0x0 0x68 0x2 0x9f0007 0x0 0x48 0x2 0xad0002 0x2 0xb50003 0x2 0xffffffffffffff38 0xbb0003 0x1 0x18 0xc20007 0x1 0x50 0x1 0xca0007 0x0 0x30 0x1 0xd10002 0x1 0xe40002 0x1 0xf10002 0x1 0xff0002 0x1 0x1080007 0x0 0x30 0x1 0x1110002 0x1 0x1210003 0x1 0x768 0x1260002 0x0 0x1350002 0x0 0x13e0007 0x0 0x30 0x0 0x1470002 0x0 0x1570003 0x0 0x700 0x15e0007 0x5923 0x90 0x62 0x1640007 0x0 0x48 0x62 0x16e0002 0x62 0x1790003 0x62 0x698 0x1810002 0x0 0x18c0003 0x0 0x670 0x1930007 0x1 0x140 0x5922 0x1990007 0x0 0x78 0x5922 0x1a00002 0x5922 0x1a30007 0x0 0x48 0x5922 0x1ad0002 0x5922 0x1b80003 0x5922 0x5d8 0x1bd0002 0x0 0x1c90007 0x0 0x80 0x0 0x1dd0007 0x0 0x38 0x0 0x1e30003 0x0 0x18 0x1e80002 0x0 0x1eb0003 0x0 0xffffffffffffff98 0x1f90003 0x0 0x530 0x1fd0005 0x0 0x236c8876c00 0x1 0x0 0x0 0x2040004 0x0 0x236c8c0cef0 0x1 0x0 0x0 0x2070007 0x0 0x2d0 0x1 0x20c0004 0x0 0x236c8c0cef0 0x1 0x0 0x0 0x2130005 0x0 0x236c8c0cef0 0x1 0x0 0x0 0x2180007 0x0 0x90 0x1 0x21f0002 0x1 0x2220007 0x0 0x60 0x1 0x2280007 0x0 0x30 0x1 0x2320002 0x1 0x2430002 0x0 0x2520007 0x0 0xa0 0x0 0x2570005 0x0 0x0 0x0 0x0 0x0 0x25c0007 0x0 0x50 0x0 0x26d0005 0x0 0x0 0x0 0x0 0x0 0x2830005 0x0 0x0 0x0 0x0 0x0 0x2860002 0x0 0x2900005 0x0 0x0 0x0 0x0 0x0 0x2960005 0x0 0x0 0x0 0x0 0x0 0x2a80005 0x0 0x0 0x0 0x0 0x0 0x2b20007 0x0 0x40 0x0 0x2ba0002 0x0 0x2c40002 0x0 0x2dc0002 0x0 0x2e70005 0x0 0x0 0x0 0x0 0x0 0x2ea0002 0x0 0x2f40005 0x0 0x0 0x0 0x0 0x0 0x2fa0005 0x0 0x0 0x0 0x0 0x0 0x3050005 0x0 0x0 0x0 0x0 0x0 0x3080005 0x0 0x0 0x0 0x0 0x0 0x30b0007 0x0 0x60 0x0 0x30e0002 0x0 0x3110007 0x0 0x30 0x0 0x31a0002 0x0 0x3280002 0x0 0x32d0003 0x0 0x28 0x3380002 0x0 0x33f0007 0x0 0x40 0x0 0x3470002 0x0 0x3510002 0x0 0x3690002 0x0 0x0 0x0 0x0 0x0 0x0 0x0 0x0 0x0 0x0 0x0 0x0 0x0 0x0 0x0 0x0 0x0 0x0 0x0 0x0 0x0 0x0 0x0 0x0 0x0 0x0 0x0 0x0 0x0 0x0 0x0 0x0 0x9 0x5 0x0 0x0 0x0 0x0 0x0 0x3300001 oops 4 156 sun/nio/cs/MS1250 162 sun/nio/cs/SingleByte$Decoder 172 sun/nio/cs/SingleByte$Decoder 178 sun/nio/cs/SingleByte$Decoder methods 0
ciMethodData java/lang/StringUTF16 compress ([CII)[B 2 5291 orig 80 0 0 0 0 0 0 0 0 0 0 0 0 54 2 0 0 0 0 0 0 0 0 0 0 0 0 0 0 0 0 0 0 0 0 0 0 0 0 0 0 0 0 0 0 0 0 0 0 0 0 0 0 0 0 0 0 0 0 0 0 0 0 0 0 0 0 0 0 0 0 0 0 0 0 0 0 0 0 0 0 data 31 0x90002 0x14ab 0x110007 0x14aa 0x90 0x1 0x170002 0x1 0x200002 0x0 0x260007 0x1 0x50 0x0 0x2f0002 0x0 0x330007 0x0 0x20 0x0 0x0 0x0 0x0 0x0 0x0 0x0 0x9 0x3 0x0 0x0 0x0 oops 0 methods 0
ciMethodData java/lang/StringUTF16 coderFromArrayLen ([BI)B 2 5741 orig 80 0 0 0 0 0 0 0 0 0 0 0 0 54 2 0 0 0 0 0 0 0 0 0 0 0 0 0 0 0 0 0 0 0 0 0 0 0 0 0 0 0 0 0 0 0 0 0 0 0 0 0 0 0 0 0 0 0 0 0 0 0 0 0 0 0 0 0 0 0 0 0 0 0 0 0 0 0 0 0 0 data 7 0x0 0x0 0x0 0x9 0x2 0x0 0x0 oops 0 methods 0
ciMethodData java/lang/ref/Reference reachabilityFence (Ljava/lang/Object;)V 2 45748 orig 80 0 0 0 0 0 0 0 0 0 0 0 0 54 2 0 0 0 0 0 0 0 0 0 0 0 0 0 0 0 0 0 0 0 0 0 0 0 0 0 0 0 0 0 0 0 0 0 0 0 0 0 0 0 0 0 0 0 0 0 0 0 0 0 0 0 0 0 0 0 0 0 0 0 0 0 0 0 0 0 0 data 4 0x0 0x9 0x1 0x0 oops 0 methods 0
ciMethodData java/nio/Buffer session ()Ljdk/internal/foreign/MemorySessionImpl; 2 20654 orig 80 0 0 0 0 0 0 0 0 0 0 0 0 255 127 0 0 0 0 0 0 0 0 0 0 0 0 0 0 0 0 0 0 0 0 0 0 0 0 0 0 0 0 0 0 0 0 0 0 0 0 0 0 0 0 0 0 0 0 0 0 0 0 0 0 0 0 0 0 0 0 0 0 0 0 0 0 0 0 0 0 data 25 0x40007 0x50ae 0x80 0x0 0xb0004 0x0 0x0 0x0 0x0 0x0 0xe0005 0x0 0x0 0x0 0x0 0x0 0x0 0x0 0x0 0x0 0x0 0x0 0x9 0x1 0x0 oops 0 methods 0
ciMethodData java/nio/Buffer checkIndex (I)I 2 22412 orig 80 0 0 0 0 0 0 0 0 0 0 0 0 54 2 0 0 0 0 0 0 0 0 0 0 0 0 0 0 0 0 0 0 0 0 0 0 0 0 0 0 0 0 0 0 0 0 0 0 0 0 0 0 0 0 0 0 0 0 0 0 0 0 0 0 0 0 0 0 0 0 0 0 0 0 0 0 0 0 0 0 data 12 0x80002 0x578c 0x0 0x0 0x0 0x0 0x0 0x0 0x9 0x2 0x0 0x0 oops 0 methods 0
ciMethod jdk/internal/foreign/MemorySessionImpl checkValidStateRaw ()V 194 0 569 0 -1
ciMethod jdk/internal/misc/ScopedMemoryAccess$ScopedAccessError newRuntimeException ()Ljava/lang/RuntimeException; 0 0 1 0 -1
ciMethod jdk/internal/foreign/AbstractMemorySegmentImpl sessionImpl ()Ljdk/internal/foreign/MemorySessionImpl; 280 0 140 0 -1
ciMethodData java/nio/DirectByteBuffer get (I)B 2 6421 orig 80 0 0 0 0 0 0 0 0 0 0 0 0 0 0 0 0 0 0 0 0 0 0 0 0 0 0 0 0 0 0 0 0 0 0 0 0 0 0 0 0 0 0 0 0 0 0 0 0 0 0 0 0 0 0 0 0 0 0 0 0 0 0 0 0 0 0 0 0 0 0 0 0 0 0 0 0 0 0 0 0 data 44 0x40005 0x1915 0x0 0x0 0x0 0x0 0xb0005 0x1915 0x0 0x0 0x0 0x0 0xe0005 0x1915 0x0 0x0 0x0 0x0 0x11000b 0x0 0x236c2282900 0x1915 0x0 0x0 0x4 0x1 0x1 0x2 0x1 0x160002 0x1915 0x1d0002 0x0 0x0 0x0 0x0 0x0 0x0 0x0 0x9 0x2 0x0 0x0 0x1b0001 oops 1 20 jdk/internal/misc/ScopedMemoryAccess methods 0
ciMethodData java/nio/DirectByteBuffer ix (I)J 2 1384 orig 80 0 0 0 0 0 0 0 0 0 0 0 0 54 2 0 0 0 0 0 0 0 0 0 0 0 0 0 0 0 0 0 0 0 0 0 0 0 0 0 0 0 0 0 0 0 0 0 0 0 0 0 0 0 0 0 0 0 0 0 0 0 0 0 0 0 0 0 0 0 0 0 0 0 0 0 0 0 0 0 0 data 7 0x0 0x0 0x0 0x9 0x2 0x0 0x0 oops 0 methods 0
ciMethodData jdk/internal/misc/ScopedMemoryAccess getByte (Ljdk/internal/foreign/MemorySessionImpl;Ljava/lang/Object;J)B 2 6369 orig 80 0 0 0 0 0 0 0 0 0 0 0 0 255 127 0 0 0 0 0 0 0 0 0 0 0 0 0 0 0 0 0 0 0 0 0 0 0 0 0 0 0 0 0 0 0 0 0 0 0 0 0 0 0 0 0 0 0 0 0 0 0 0 0 0 0 0 0 0 0 0 0 0 0 0 0 0 0 0 0 0 data 31 0x4000b 0x18e1 0x0 0x0 0x0 0x0 0x4 0x1 0x1 0x2 0x1 0xc0005 0x0 0x0 0x0 0x0 0x0 0x0 0x0 0x0 0x0 0x0 0x0 0x9 0x5 0x0 0x0 0x0 0x0 0x0 0x80001 oops 0 methods 0
ciMethodData jdk/internal/misc/ScopedMemoryAccess getByteInternal (Ljdk/internal/foreign/MemorySessionImpl;Ljava/lang/Object;J)B 2 6369 orig 80 0 0 0 0 0 0 0 0 0 0 0 0 0 0 0 0 0 0 0 0 0 0 0 0 0 0 0 0 0 0 0 0 0 0 0 0 0 0 0 0 0 0 0 0 0 0 0 0 0 0 0 0 0 0 0 0 0 0 0 0 0 0 0 0 0 0 0 0 0 0 0 0 0 0 0 0 0 0 0 0 data 38 0x10007 0x18e1 0x50 0x0 0x50005 0x0 0x0 0x0 0x0 0x0 0xd000b 0xad 0x0 0x0 0x0 0x0 0x2 0x1 0x1 0x130002 0x18e1 0x1c0002 0x0 0x0 0x0 0x0 0x0 0x0 0x0 0x9 0x5 0x0 0x0 0x0 0x0 0x0 0x190001 0x190001 oops 0 methods 0
ciMethodData java/lang/String <init> ([CIILjava/lang/Void;)V 2 5223 orig 80 0 0 0 0 0 0 0 0 0 0 0 0 54 2 0 0 0 0 0 0 0 0 0 0 0 0 0 0 0 0 0 0 0 0 0 0 0 0 0 0 0 0 0 0 0 0 0 0 0 0 0 0 0 0 0 0 0 0 0 0 0 0 0 0 0 0 0 0 0 0 0 0 0 0 0 0 0 0 0 0 data 29 0x10002 0x1467 0x50007 0x1449 0x20 0x1e 0x1e0007 0x0 0x40 0x1449 0x240002 0x1449 0x2d0002 0x1449 0x430002 0x0 0x0 0x0 0x0 0x0 0x0 0x0 0x9 0x5 0xc 0x0 0x0 0x0 0x0 oops 0 methods 0
ciMethodData java/lang/String <init> ([C)V 2 4814 orig 80 0 0 0 0 0 0 0 0 0 0 0 0 54 2 0 0 0 0 0 0 0 0 0 0 0 0 0 0 0 0 0 0 0 0 0 0 0 0 0 0 0 0 0 0 0 0 0 0 0 0 0 0 0 0 0 0 0 0 0 0 0 0 0 0 0 0 0 0 0 0 0 0 0 0 0 0 0 0 0 0 data 9 0x60002 0x12ce 0x0 0x0 0x0 0x9 0x2 0x0 0x0 oops 0 methods 0
ciMethodData java/lang/String <init> ([BLjava/nio/charset/Charset;)V 2 23053 orig 80 0 0 0 0 0 0 0 0 0 0 0 0 54 2 0 0 0 0 0 0 0 0 0 0 0 0 0 0 0 0 0 0 0 0 0 0 0 0 0 0 0 0 0 0 0 0 0 0 0 0 0 0 0 0 0 0 0 0 0 0 0 0 0 0 0 0 0 0 0 0 0 0 0 0 0 0 0 0 0 0 data 21 0x20002 0x5a0d 0x50004 0x0 0x0 0x0 0x0 0x0 0xc0002 0x5a0d 0x0 0x0 0x0 0x0 0x0 0x0 0x9 0x3 0x0 0x0 0x0 oops 0 methods 0
ciMethodData jdk/internal/jimage/ImageStringsReader charsFromByteBufferLength (Ljava/nio/ByteBuffer;I)I 2 24836 orig 80 0 0 0 0 0 0 0 0 0 0 0 0 255 127 0 0 0 0 0 0 0 0 0 0 0 0 0 0 0 0 0 0 0 0 0 0 0 0 0 0 0 0 0 0 0 0 0 0 0 0 0 0 0 0 0 0 0 0 0 0 0 0 0 0 0 0 0 0 0 0 0 0 0 0 0 0 0 0 0 0 data 53 0x30005 0x6104 0x0 0x0 0x0 0x0 0xc0007 0x0 0x118 0x52b43 0x140005 0x0 0x236c23760b0 0x52b43 0x0 0x0 0x1b0007 0x52b43 0x38 0x0 0x210003 0x0 0x70 0x260007 0x4ca40 0x58 0x6103 0x2b0007 0x0 0x38 0x6103 0x2f0003 0x6103 0x18 0x3e0007 0x0 0x20 0x4ca40 0x440003 0x4ca3f 0xffffffffffffff00 0x4d0002 0x0 0x0 0x0 0x0 0x0 0x0 0x0 0x9 0x2 0x0 0x0 oops 1 12 java/nio/DirectByteBufferR methods 0
ciMethodData jdk/internal/jimage/ImageStringsReader charsFromByteBuffer ([CLjava/nio/ByteBuffer;I)V 2 2046 orig 80 0 0 0 0 0 0 0 0 0 0 0 0 255 127 0 0 0 0 0 0 0 0 0 0 0 0 0 0 0 0 0 0 0 0 0 0 0 0 0 0 0 0 0 0 0 0 0 0 0 0 0 0 0 0 0 0 0 0 0 0 0 0 0 0 0 0 0 0 0 0 0 0 0 0 0 0 0 0 0 0 data 112 0x30005 0x7fe 0x0 0x0 0x0 0x0 0xb0007 0x0 0x2e8 0x7fe 0x130005 0x0 0x236c23760b0 0x7fe 0x0 0x0 0x1a0007 0x0 0x20 0x7fe 0x240007 0x0 0x38 0x0 0x280003 0x0 0x18 0x370007 0x0 0x158 0x0 0x430007 0x0 0x138 0x0 0x4b0005 0x0 0x0 0x0 0x0 0x0 0x590007 0x0 0xd0 0x0 0x640002 0x0 0x690005 0x0 0x0 0x0 0x0 0x0 0x6e0005 0x0 0x0 0x0 0x0 0x0 0x710005 0x0 0x0 0x0 0x0 0x0 0x740002 0x0 0x900003 0x0 0xfffffffffffffee0 0x9a0007 0x0 0xd0 0x0 0xa50002 0x0 0xaa0005 0x0 0x0 0x0 0x0 0x0 0xaf0005 0x0 0x0 0x0 0x0 0x0 0xb20005 0x0 0x0 0x0 0x0 0x0 0xb50002 0x0 0xc20003 0x0 0xfffffffffffffd30 0xcb0002 0x0 0x0 0x0 0x0 0x0 0x0 0x0 0x9 0x3 0x0 0x0 0x0 oops 1 12 java/nio/DirectByteBufferR methods 0
ciMethodData jdk/internal/jimage/ImageStringsReader stringFromByteBuffer (Ljava/nio/ByteBuffer;I)Ljava/lang/String; 2 24457 orig 80 0 0 0 0 0 0 0 0 0 0 0 0 255 127 0 0 0 0 0 0 0 0 0 0 0 0 0 0 0 0 0 0 0 0 0 0 0 0 0 0 0 0 0 0 0 0 0 0 0 0 0 0 0 0 0 0 0 0 0 0 0 0 0 0 0 0 0 0 0 0 0 0 0 0 0 0 0 0 0 0 data 35 0x20002 0x5f89 0x70007 0x7fc 0x98 0x578c 0x140007 0x578d 0x68 0x4ba35 0x1f0005 0x0 0x236c23760b0 0x4ba35 0x0 0x0 0x260003 0x4ba35 0xffffffffffffffb0 0x310002 0x578d 0x3d0002 0x7fc 0x450002 0x7fc 0x0 0x0 0x0 0x0 0x0 0x0 0x9 0x2 0x0 0x0 oops 1 12 java/nio/DirectByteBufferR methods 0
compile jdk/internal/jimage/ImageStringsReader stringFromByteBuffer (Ljava/nio/ByteBuffer;I)Ljava/lang/String; -1 4 inline 26 0 -1 0 jdk/internal/jimage/ImageStringsReader stringFromByteBuffer (Ljava/nio/ByteBuffer;I)Ljava/lang/String; 1 2 0 jdk/internal/jimage/ImageStringsReader charsFromByteBufferLength (Ljava/nio/ByteBuffer;I)I 2 3 0 java/nio/Buffer limit ()I 2 20 0 java/nio/DirectByteBuffer get (I)B 3 4 0 java/nio/Buffer session ()Ljdk/internal/foreign/MemorySessionImpl; 3 11 0 java/nio/Buffer checkIndex (I)I 3 14 0 java/nio/DirectByteBuffer ix (I)J 3 17 0 jdk/internal/misc/ScopedMemoryAccess getByte (Ljdk/internal/foreign/MemorySessionImpl;Ljava/lang/Object;J)B 4 4 0 jdk/internal/misc/ScopedMemoryAccess getByteInternal (Ljdk/internal/foreign/MemorySessionImpl;Ljava/lang/Object;J)B 5 19 0 java/lang/ref/Reference reachabilityFence (Ljava/lang/Object;)V 3 22 0 java/lang/ref/Reference reachabilityFence (Ljava/lang/Object;)V 1 31 0 java/nio/DirectByteBuffer get (I)B 2 4 0 java/nio/Buffer session ()Ljdk/internal/foreign/MemorySessionImpl; 2 11 0 java/nio/Buffer checkIndex (I)I 2 14 0 java/nio/DirectByteBuffer ix (I)J 2 17 0 jdk/internal/misc/ScopedMemoryAccess getByte (Ljdk/internal/foreign/MemorySessionImpl;Ljava/lang/Object;J)B 3 4 0 jdk/internal/misc/ScopedMemoryAccess getByteInternal (Ljdk/internal/foreign/MemorySessionImpl;Ljava/lang/Object;J)B 4 19 0 java/lang/ref/Reference reachabilityFence (Ljava/lang/Object;)V 2 22 0 java/lang/ref/Reference reachabilityFence (Ljava/lang/Object;)V 1 49 0 java/lang/String <init> ([BLjava/nio/charset/Charset;)V 2 2 0 java/util/Objects requireNonNull (Ljava/lang/Object;)Ljava/lang/Object; 1 69 0 java/lang/String <init> ([C)V 2 6 0 java/lang/String <init> ([CIILjava/lang/Void;)V 3 1 0 java/lang/Object <init> ()V 3 36 0 java/lang/StringUTF16 compress ([CII)[B 3 45 0 java/lang/StringUTF16 coderFromArrayLen ([BI)B
