2026.05.25 13:49:57 INFO  Started: Metals version 1.6.7 in folders 'C:\Users\weron\OneDrive\Dokumenty\java\zad3' for client Visual Studio Code 1.121.0.
2026.05.25 13:49:57 INFO  Memory monitor started
2026.05.25 13:49:59 WARN  Using H2 2.4.240 which is newer than the version Flyway has been verified with. The latest verified version of H2 is 2.3.232.
2026.05.25 13:49:59 INFO  no build target found for C:\Users\weron\OneDrive\Dokumenty\java\zad3\src\main\java\com\javmar kt\Main.java. Using fallback presentation compiler.
2026.05.25 13:49:59 WARN  no build tool detected in workspace 'C:\Users\weron\OneDrive\Dokumenty\java\zad3'. The most common cause for this problem is that the editor was opened in the wrong working directory, for example if you use sbt then the workspace directory should contain build.sbt. 
2026.05.25 13:49:59 WARN  Build server is not auto-connectable.
2026.05.25 13:49:59 WARN  no build target for: C:\Users\weron\OneDrive\Dokumenty\java\zad3\src\main\java\com\javmar kt\Main.java
2026.05.25 13:49:59 INFO  no build target found for C:\Users\weron\OneDrive\Dokumenty\java\zad3\src\main\java\com\javmar kt\Main.java. Using fallback presentation compiler.
2026.05.25 13:50:00 WARN  Running javac-semanticdb failed for file:///C:/Users/weron/OneDrive/Dokumenty/java/zad3/src/main/java/com/javmar%20kt/Main.java. Output:

2026.05.25 13:50:11 INFO  no build target found for C:\Users\weron\OneDrive\Dokumenty\java\zad3\src\main\java\com\javmar kt\Main.java. Using fallback presentation compiler.
2026.05.25 13:50:29 INFO  no build target found for C:\Users\weron\OneDrive\Dokumenty\java\zad3\src\main\java\com\javmar kt\Main.java. Using fallback presentation compiler.
2026.05.25 13:50:31 INFO  no build target found for C:\Users\weron\OneDrive\Dokumenty\java\zad3\src\main\java\com\javmar kt\Main.java. Using fallback presentation compiler.
2026.05.25 13:50:35 INFO  no build target found for C:\Users\weron\OneDrive\Dokumenty\java\zad3\src\main\java\com\javmar kt\Main.java. Using fallback presentation compiler.
2026.05.25 13:50:35 INFO  no build target found for C:\Users\weron\OneDrive\Dokumenty\java\zad3\src\main\java\com\javmar kt\Main.java. Using fallback presentation compiler.
2026.05.25 13:50:35 INFO  no build target found for C:\Users\weron\OneDrive\Dokumenty\java\zad3\src\main\java\com\javmar kt\Main.java. Using fallback presentation compiler.
2026.05.25 13:50:35 INFO  no build target found for C:\Users\weron\OneDrive\Dokumenty\java\zad3\src\main\java\com\javmar kt\Main.java. Using fallback presentation compiler.
2026.05.25 13:50:35 INFO  no build target found for C:\Users\weron\OneDrive\Dokumenty\java\zad3\src\main\java\com\javmar kt\Main.java. Using fallback presentation compiler.
2026.05.25 13:50:35 INFO  no build target found for C:\Users\weron\OneDrive\Dokumenty\java\zad3\src\main\java\com\javmar kt\Main.java. Using fallback presentation compiler.
2026.05.25 13:50:35 INFO  no build target found for C:\Users\weron\OneDrive\Dokumenty\java\zad3\src\main\java\com\javmar kt\Main.java. Using fallback presentation compiler.
2026.05.25 13:50:37 INFO  no build target found for C:\Users\weron\OneDrive\Dokumenty\java\zad3\src\main\java\com\javmar kt\Main.java. Using fallback presentation compiler.
2026.05.25 13:50:37 INFO  no build target found for C:\Users\weron\OneDrive\Dokumenty\java\zad3\src\main\java\com\javmar kt\Main.java. Using fallback presentation compiler.
2026.05.25 13:50:39 INFO  no build target found for C:\Users\weron\OneDrive\Dokumenty\java\zad3\src\main\java\com\javmar kt\Main.java. Using fallback presentation compiler.
2026.05.25 13:50:39 INFO  no build target found for C:\Users\weron\OneDrive\Dokumenty\java\zad3\src\main\java\com\javmar kt\Main.java. Using fallback presentation compiler.
2026.05.25 13:50:39 INFO  no build target found for C:\Users\weron\OneDrive\Dokumenty\java\zad3\src\main\java\com\javmar kt\Main.java. Using fallback presentation compiler.
2026.05.25 13:50:39 INFO  no build target found for C:\Users\weron\OneDrive\Dokumenty\java\zad3\src\main\java\com\javmar kt\Main.java. Using fallback presentation compiler.
2026.05.25 13:50:39 INFO  no build target found for C:\Users\weron\OneDrive\Dokumenty\java\zad3\src\main\java\com\javmar kt\Main.java. Using fallback presentation compiler.
2026.05.25 13:50:41 INFO  no build target found for C:\Users\weron\OneDrive\Dokumenty\java\zad3\src\main\java\com\javmar kt\Main.java. Using fallback presentation compiler.
2026.05.25 13:50:42 INFO  no build target found for C:\Users\weron\OneDrive\Dokumenty\java\zad3\src\main\java\com\javmar kt\Main.java. Using fallback presentation compiler.
2026.05.25 13:50:42 INFO  no build target found for C:\Users\weron\OneDrive\Dokumenty\java\zad3\src\main\java\com\javmar kt\Main.java. Using fallback presentation compiler.
2026.05.25 13:50:42 INFO  no build target found for C:\Users\weron\OneDrive\Dokumenty\java\zad3\src\main\java\com\javmar kt\Main.java. Using fallback presentation compiler.
2026.05.25 13:50:42 INFO  no build target found for C:\Users\weron\OneDrive\Dokumenty\java\zad3\src\main\java\com\javmar kt\Main.java. Using fallback presentation compiler.
2026.05.25 13:50:45 INFO  no build target found for C:\Users\weron\OneDrive\Dokumenty\java\zad3\src\main\java\com\javmar kt\Main.java. Using fallback presentation compiler.
2026.05.25 13:50:46 WARN  Running javac-semanticdb failed for file:///C:/Users/weron/OneDrive/Dokumenty/java/zad3/src/main/java/com/javmar%20kt/Main.java. Output:

2026.05.25 14:05:49 INFO  no build target found for c:\Users\weron\OneDrive\Dokumenty\java\zad3\src\main\java\com\javmar kt\Main.java. Using fallback presentation compiler.
2026.05.25 14:05:49 WARN  no build target for: C:\Users\weron\OneDrive\Dokumenty\java\zad3\src\main\java\com\javamar kt\Main.java
2026.05.25 14:05:49 INFO  no build target found for C:\Users\weron\OneDrive\Dokumenty\java\zad3\src\main\java\com\javamar kt\Main.java. Using fallback presentation compiler.
2026.05.25 14:05:49 WARN  Running javac-semanticdb failed for file:///C:/Users/weron/OneDrive/Dokumenty/java/zad3/src/main/java/com/javamar%20kt/Main.java. Output:

2026.05.25 14:05:49 INFO  no build target found for C:\Users\weron\OneDrive\Dokumenty\java\zad3\src\main\java\com\javamar kt\Main.java. Using fallback presentation compiler.
2026.05.25 14:05:49 INFO  no build target found for C:\Users\weron\OneDrive\Dokumenty\java\zad3\src\main\java\com\javamar kt\Main.java. Using fallback presentation compiler.
2026.05.25 14:05:49 INFO  no build target found for C:\Users\weron\OneDrive\Dokumenty\java\zad3\src\main\java\com\javamar kt\Main.java. Using fallback presentation compiler.
2026.05.25 14:05:49 INFO  no build target found for C:\Users\weron\OneDrive\Dokumenty\java\zad3\src\main\java\com\javamar kt\Main.java. Using fallback presentation compiler.
2026.05.25 14:05:49 INFO  no build target found for C:\Users\weron\OneDrive\Dokumenty\java\zad3\src\main\java\com\javamar kt\Main.java. Using fallback presentation compiler.
2026.05.25 14:06:28 WARN  no build target for: C:\Users\weron\OneDrive\Dokumenty\java\zad3\src\test\java\com\javamar kt\promotions\PromotionsTest.java
2026.05.25 14:06:28 WARN  Running javac-semanticdb failed for file:///C:/Users/weron/OneDrive/Dokumenty/java/zad3/src/test/java/com/javamar%20kt/promotions/PromotionsTest.java. Output:

2026.05.25 14:06:28 INFO  no build target found for C:\Users\weron\OneDrive\Dokumenty\java\zad3\src\test\java\com\javamar kt\promotions\PromotionsTest.java. Using fallback presentation compiler.
2026.05.25 14:06:28 INFO  no build target found for C:\Users\weron\OneDrive\Dokumenty\java\zad3\src\test\java\com\javamar kt\promotions\PromotionsTest.java. Using fallback presentation compiler.
2026.05.25 14:06:28 INFO  no build target found for C:\Users\weron\OneDrive\Dokumenty\java\zad3\src\test\java\com\javamar kt\promotions\PromotionsTest.java. Using fallback presentation compiler.
2026.05.25 14:06:28 INFO  no build target found for C:\Users\weron\OneDrive\Dokumenty\java\zad3\src\test\java\com\javamar kt\promotions\PromotionsTest.java. Using fallback presentation compiler.
2026.05.25 14:06:28 INFO  no build target found for C:\Users\weron\OneDrive\Dokumenty\java\zad3\src\test\java\com\javamar kt\promotions\PromotionsTest.java. Using fallback presentation compiler.
2026.05.25 14:06:28 INFO  no build target found for C:\Users\weron\OneDrive\Dokumenty\java\zad3\src\test\java\com\javamar kt\promotions\PromotionsTest.java. Using fallback presentation compiler.
2026.05.25 14:06:29 WARN  Running javac-semanticdb failed for file:///C:/Users/weron/OneDrive/Dokumenty/java/zad3/src/test/java/com/javamar%20kt/promotions/PromotionsTest.java. Output:

2026.05.25 14:07:17 WARN  no build target for: C:\Users\weron\OneDrive\Dokumenty\java\zad3\src\test\java\com\javamar kt\util\ProductUtilsTest.java
2026.05.25 14:07:17 INFO  no build target found for C:\Users\weron\OneDrive\Dokumenty\java\zad3\src\test\java\com\javamar kt\util\ProductUtilsTest.java. Using fallback presentation compiler.
2026.05.25 14:07:17 WARN  Running javac-semanticdb failed for file:///C:/Users/weron/OneDrive/Dokumenty/java/zad3/src/test/java/com/javamar%20kt/util/ProductUtilsTest.java. Output:

2026.05.25 14:07:18 INFO  no build target found for C:\Users\weron\OneDrive\Dokumenty\java\zad3\src\test\java\com\javamar kt\util\ProductUtilsTest.java. Using fallback presentation compiler.
2026.05.25 14:07:17 INFO  no build target found for C:\Users\weron\OneDrive\Dokumenty\java\zad3\src\test\java\com\javamar kt\util\ProductUtilsTest.java. Using fallback presentation compiler.
2026.05.25 14:07:18 INFO  no build target found for C:\Users\weron\OneDrive\Dokumenty\java\zad3\src\test\java\com\javamar kt\util\ProductUtilsTest.java. Using fallback presentation compiler.
2026.05.25 14:07:18 INFO  no build target found for C:\Users\weron\OneDrive\Dokumenty\java\zad3\src\test\java\com\javamar kt\util\ProductUtilsTest.java. Using fallback presentation compiler.
2026.05.25 14:07:19 WARN  Running javac-semanticdb failed for file:///C:/Users/weron/OneDrive/Dokumenty/java/zad3/src/test/java/com/javamar%20kt/util/ProductUtilsTest.java. Output:

2026.05.25 14:10:11 WARN  no build target for: C:\Users\weron\OneDrive\Dokumenty\java\zad3\src\main\java\com\javamar kt\model\Product.java
2026.05.25 14:10:11 INFO  no build target found for C:\Users\weron\OneDrive\Dokumenty\java\zad3\src\main\java\com\javamar kt\model\Product.java. Using fallback presentation compiler.
2026.05.25 14:10:11 WARN  Running javac-semanticdb failed for file:///C:/Users/weron/OneDrive/Dokumenty/java/zad3/src/main/java/com/javamar%20kt/model/Product.java. Output:

2026.05.25 14:10:12 INFO  no build target found for C:\Users\weron\OneDrive\Dokumenty\java\zad3\src\main\java\com\javamar kt\model\Product.java. Using fallback presentation compiler.
2026.05.25 14:10:12 INFO  no build target found for C:\Users\weron\OneDrive\Dokumenty\java\zad3\src\main\java\com\javamar kt\model\Product.java. Using fallback presentation compiler.
2026.05.25 14:10:12 INFO  no build target found for C:\Users\weron\OneDrive\Dokumenty\java\zad3\src\main\java\com\javamar kt\model\Product.java. Using fallback presentation compiler.
2026.05.25 14:10:12 INFO  no build target found for C:\Users\weron\OneDrive\Dokumenty\java\zad3\src\main\java\com\javamar kt\model\Product.java. Using fallback presentation compiler.
2026.05.25 14:10:12 WARN  Running javac-semanticdb failed for file:///C:/Users/weron/OneDrive/Dokumenty/java/zad3/src/main/java/com/javamar%20kt/model/Product.java. Output:

2026.05.25 14:10:15 INFO  Shutting down server
2026.05.25 14:10:15 INFO  Memory monitor stopped
2026.05.25 14:10:15 INFO  shutting down Metals
maj 25, 2026 2:10:21 PM org.eclipse.lsp4j.jsonrpc.RemoteEndpoint handleCancellation
WARNING: Unmatched cancel notification for request id 94
2026.05.28 14:23:37 INFO  Started: Metals version 1.6.7 in folders 'C:\Users\weron\OneDrive\Dokumenty\java\zad3' for client Visual Studio Code 1.121.0.
2026.05.28 14:23:37 INFO  Memory monitor started
2026.05.28 14:23:39 WARN  Using H2 2.4.240 which is newer than the version Flyway has been verified with. The latest verified version of H2 is 2.3.232.
2026.05.28 14:23:40 INFO  no build target found for C:\Users\weron\OneDrive\Dokumenty\java\zad3\src\main\java\com\javamar kt\promotions\Promotion.java. Using fallback presentation compiler.
2026.05.28 14:23:46 INFO  Started: Metals version 1.6.7 in folders 'C:\Users\weron\OneDrive\Dokumenty\java\zad3' for client Visual Studio Code 1.121.0.
2026.05.28 14:23:46 INFO  Memory monitor started
2026.05.28 14:23:55 INFO  Started: Metals version 1.6.7 in folders 'C:\Users\weron\OneDrive\Dokumenty\java\zad3' for client Visual Studio Code 1.121.0.
2026.05.28 14:23:55 INFO  Memory monitor started
2026.05.28 14:23:59 WARN  Using H2 2.4.240 which is newer than the version Flyway has been verified with. The latest verified version of H2 is 2.3.232.
2026.05.28 14:23:59 INFO  no build target found for C:\Users\weron\OneDrive\Dokumenty\java\zad3\src\main\java\com\javamar kt\promotions\Promotion.java. Using fallback presentation compiler.
2026.05.28 14:23:59 WARN  no build tool detected in workspace 'C:\Users\weron\OneDrive\Dokumenty\java\zad3'. The most common cause for this problem is that the editor was opened in the wrong working directory, for example if you use sbt then the workspace directory should contain build.sbt. 
2026.05.28 14:24:00 WARN  Build server is not auto-connectable.
2026.05.28 14:23:59 WARN  no build target for: C:\Users\weron\OneDrive\Dokumenty\java\zad3\src\test\java\com\javamar kt\util\ProductUtilsTest.java
2026.05.28 14:24:00 WARN  no build target for: C:\Users\weron\OneDrive\Dokumenty\java\zad3\src\main\java\com\javamar kt\promotions\Promotion.java
2026.05.28 14:24:00 WARN  no build target for: C:\Users\weron\OneDrive\Dokumenty\java\zad3\src\main\java\com\javamar kt\Main.java
2026.05.28 14:24:00 WARN  no build target for: C:\Users\weron\OneDrive\Dokumenty\java\zad3\src\test\java\com\javamar kt\promotions\PromotionsTest.java
2026.05.28 14:24:00 WARN  no build target for: C:\Users\weron\OneDrive\Dokumenty\java\zad3\src\main\java\com\javamar kt\cart\ShoppingCart.java
2026.05.28 14:24:00 WARN  no build target for: C:\Users\weron\OneDrive\Dokumenty\java\zad3\src\main\java\com\javamar kt\model\Product.java
2026.05.28 14:24:00 WARN  no build target for: C:\Users\weron\OneDrive\Dokumenty\java\zad3\src\main\java\com\javamar kt\promotions\OrderValuePercentageDiscountPromotion.java
2026.05.28 14:24:00 WARN  no build target for: C:\Users\weron\OneDrive\Dokumenty\java\zad3\src\main\java\com\javamar kt\cart\util\ProductUtils.java
2026.05.28 14:24:00 INFO  no build target found for C:\Users\weron\OneDrive\Dokumenty\java\zad3\src\main\java\com\javamar kt\promotions\Promotion.java. Using fallback presentation compiler.
2026.05.28 14:24:08 INFO  Started: Metals version 1.6.7 in folders 'C:\Users\weron\OneDrive\Dokumenty\java\zad3' for client Visual Studio Code 1.121.0.
2026.05.28 14:24:08 INFO  Memory monitor started
2026.05.28 14:24:12 WARN  Using H2 2.4.240 which is newer than the version Flyway has been verified with. The latest verified version of H2 is 2.3.232.
2026.05.28 14:24:13 INFO  no build target found for C:\Users\weron\OneDrive\Dokumenty\java\zad3\src\main\java\com\javamar kt\promotions\Promotion.java. Using fallback presentation compiler.
2026.05.28 14:24:13 WARN  no build tool detected in workspace 'C:\Users\weron\OneDrive\Dokumenty\java\zad3'. The most common cause for this problem is that the editor was opened in the wrong working directory, for example if you use sbt then the workspace directory should contain build.sbt. 
2026.05.28 14:24:13 WARN  Build server is not auto-connectable.
2026.05.28 14:24:13 WARN  no build target for: C:\Users\weron\OneDrive\Dokumenty\java\zad3\src\main\java\com\javamar kt\promotions\Promotion.java
2026.05.28 14:24:13 WARN  no build target for: C:\Users\weron\OneDrive\Dokumenty\java\zad3\src\test\java\com\javamar kt\util\ProductUtilsTest.java
2026.05.28 14:24:13 WARN  no build target for: C:\Users\weron\OneDrive\Dokumenty\java\zad3\src\main\java\com\javamar kt\model\Product.java
2026.05.28 14:24:13 WARN  no build target for: C:\Users\weron\OneDrive\Dokumenty\java\zad3\src\main\java\com\javamar kt\cart\util\ProductUtils.java
2026.05.28 14:24:13 WARN  no build target for: C:\Users\weron\OneDrive\Dokumenty\java\zad3\src\main\java\com\javamar kt\cart\ShoppingCart.java
2026.05.28 14:24:13 WARN  no build target for: C:\Users\weron\OneDrive\Dokumenty\java\zad3\src\test\java\com\javamar kt\promotions\PromotionsTest.java
2026.05.28 14:24:13 WARN  no build target for: C:\Users\weron\OneDrive\Dokumenty\java\zad3\src\main\java\com\javamar kt\promotions\OrderValuePercentageDiscountPromotion.java
2026.05.28 14:24:13 WARN  no build target for: C:\Users\weron\OneDrive\Dokumenty\java\zad3\src\main\java\com\javamar kt\Main.java
2026.05.28 14:24:13 INFO  no build target found for C:\Users\weron\OneDrive\Dokumenty\java\zad3\src\main\java\com\javamar kt\promotions\Promotion.java. Using fallback presentation compiler.
2026.05.28 14:24:17 INFO  no build target found for C:\Users\weron\OneDrive\Dokumenty\java\zad3\src\main\java\com\javamar kt\promotions\Promotion.java. Using fallback presentation compiler.
2026.05.28 14:24:17 INFO  Shutting down server
2026.05.28 14:24:17 INFO  Memory monitor stopped
2026.05.28 14:24:17 INFO  shutting down Metals
2026.05.28 14:24:18 WARN  Running javac-semanticdb failed for file:///C:/Users/weron/OneDrive/Dokumenty/java/zad3/src/main/java/com/javamar%20kt/promotions/Promotion.java. Output:

2026.05.29 19:02:43 INFO  Started: Metals version 1.6.7 in folders 'C:\Users\weron\OneDrive\Dokumenty\java\zad3' for client Visual Studio Code 1.122.1.
2026.05.29 19:02:43 INFO  Memory monitor started
2026.05.29 19:02:44 WARN  Using H2 2.4.240 which is newer than the version Flyway has been verified with. The latest verified version of H2 is 2.3.232.
2026.05.29 19:02:45 INFO  no build target found for C:\Users\weron\OneDrive\Dokumenty\java\zad3\src\main\java\com\javamarkt\Main.java. Using fallback presentation compiler.
2026.05.29 19:02:45 WARN  no build tool detected in workspace 'C:\Users\weron\OneDrive\Dokumenty\java\zad3'. The most common cause for this problem is that the editor was opened in the wrong working directory, for example if you use sbt then the workspace directory should contain build.sbt. 
2026.05.29 19:02:45 WARN  Build server is not auto-connectable.
2026.05.29 19:02:45 WARN  no build target for: C:\Users\weron\OneDrive\Dokumenty\java\zad3\src\main\java\com\javamarkt\Main.java
2026.05.29 19:02:45 INFO  no build target found for C:\Users\weron\OneDrive\Dokumenty\java\zad3\src\main\java\com\javamarkt\Main.java. Using fallback presentation compiler.
2026.05.29 19:02:47 INFO  time: code lens generation in 1.89s
2026.05.29 19:02:56 INFO  no build target found for C:\Users\weron\OneDrive\Dokumenty\java\zad3\src\main\java\com\javamarkt\Main.java. Using fallback presentation compiler.
2026.05.29 19:27:55 INFO  no build target found for C:\Users\weron\OneDrive\Dokumenty\java\zad3\src\main\java\com\javamarkt\Main.java. Using fallback presentation compiler.
2026.05.30 02:11:43 INFO  no build target found for C:\Users\weron\OneDrive\Dokumenty\java\zad3\src\main\java\com\javamarkt\Main.java. Using fallback presentation compiler.
2026.05.30 17:29:09 INFO  Shutting down server
2026.05.30 17:29:09 INFO  Memory monitor stopped
2026.05.30 17:29:09 INFO  shutting down Metals
2026.05.30 17:29:09 INFO  Exiting server
2026.06.02 10:13:57 INFO  Started: Metals version 1.6.7 in folders 'C:\Users\weron\OneDrive\Dokumenty\java\zad3' for client Visual Studio Code 1.122.1.
2026.06.02 10:13:57 INFO  Memory monitor started
2026.06.02 10:13:57 WARN  Using H2 2.4.240 which is newer than the version Flyway has been verified with. The latest verified version of H2 is 2.3.232.
2026.06.02 10:13:58 INFO  no build target found for C:\Users\weron\OneDrive\Dokumenty\java\zad3\src\main\java\com\javamarkt\Main.java. Using fallback presentation compiler.
2026.06.02 10:13:58 WARN  no build tool detected in workspace 'C:\Users\weron\OneDrive\Dokumenty\java\zad3'. The most common cause for this problem is that the editor was opened in the wrong working directory, for example if you use sbt then the workspace directory should contain build.sbt. 
2026.06.02 10:13:58 WARN  Build server is not auto-connectable.
2026.06.02 10:13:58 WARN  no build target for: C:\Users\weron\OneDrive\Dokumenty\java\zad3\src\main\java\com\javamarkt\Main.java
2026.06.02 10:13:58 INFO  no build target found for C:\Users\weron\OneDrive\Dokumenty\java\zad3\src\main\java\com\javamarkt\Main.java. Using fallback presentation compiler.
2026.06.02 10:13:59 INFO  time: code lens generation in 1.66s
2026.06.02 10:14:08 INFO  no build target found for C:\Users\weron\OneDrive\Dokumenty\java\zad3\src\main\java\com\javamarkt\Main.java. Using fallback presentation compiler.
cze 02, 2026 10:14:15 AM org.eclipse.lsp4j.jsonrpc.services.GenericEndpoint notify
INFO: Unsupported notification method: $/setTrace
cze 02, 2026 10:14:17 AM org.eclipse.lsp4j.jsonrpc.services.GenericEndpoint notify
INFO: Unsupported notification method: $/setTrace
2026.06.02 10:14:23 INFO  no build target found for C:\Users\weron\OneDrive\Dokumenty\java\zad3\src\main\java\com\javamarkt\Main.java. Using fallback presentation compiler.
2026.06.02 10:15:13 INFO  no build target found for C:\Users\weron\OneDrive\Dokumenty\java\zad3\src\main\java\com\javamarkt\Main.java. Using fallback presentation compiler.
2026.06.02 10:25:25 INFO  no build target found for C:\Users\weron\OneDrive\Dokumenty\java\zad3\src\main\java\com\javamarkt\Main.java. Using fallback presentation compiler.
2026.06.02 10:27:38 WARN  no build target for: C:\Users\weron\OneDrive\Dokumenty\java\zad3\src\main\java\com\javamarkt\model\Product.java
2026.06.02 10:27:38 INFO  no build target found for C:\Users\weron\OneDrive\Dokumenty\java\zad3\src\main\java\com\javamarkt\model\Product.java. Using fallback presentation compiler.
2026.06.02 10:27:38 INFO  no build target found for C:\Users\weron\OneDrive\Dokumenty\java\zad3\src\main\java\com\javamarkt\model\Product.java. Using fallback presentation compiler.
2026.06.02 10:27:38 INFO  no build target found for C:\Users\weron\OneDrive\Dokumenty\java\zad3\src\main\java\com\javamarkt\model\Product.java. Using fallback presentation compiler.
2026.06.02 10:27:38 INFO  no build target found for C:\Users\weron\OneDrive\Dokumenty\java\zad3\src\main\java\com\javamarkt\model\Product.java. Using fallback presentation compiler.
2026.06.02 10:27:38 INFO  no build target found for C:\Users\weron\OneDrive\Dokumenty\java\zad3\src\main\java\com\javamarkt\model\Product.java. Using fallback presentation compiler.
2026.06.02 10:27:44 INFO  no build target found for C:\Users\weron\OneDrive\Dokumenty\java\zad3\src\main\java\com\javamarkt\model\Product.java. Using fallback presentation compiler.
2026.06.02 10:27:44 INFO  no build target found for C:\Users\weron\OneDrive\Dokumenty\java\zad3\src\main\java\com\javamarkt\model\Product.java. Using fallback presentation compiler.
2026.06.02 10:27:44 INFO  no build target found for C:\Users\weron\OneDrive\Dokumenty\java\zad3\src\main\java\com\javamarkt\model\Product.java. Using fallback presentation compiler.
2026.06.02 10:27:45 INFO  no build target found for C:\Users\weron\OneDrive\Dokumenty\java\zad3\src\main\java\com\javamarkt\model\Product.java. Using fallback presentation compiler.
2026.06.02 10:27:45 INFO  no build target found for C:\Users\weron\OneDrive\Dokumenty\java\zad3\src\main\java\com\javamarkt\model\Product.java. Using fallback presentation compiler.
2026.06.02 10:27:46 WARN  no build target for: C:\Users\weron\OneDrive\Dokumenty\java\zad3\src\main\java\com\javamarkt\model\Product.java
2026.06.02 10:27:46 INFO  no build target found for C:\Users\weron\OneDrive\Dokumenty\java\zad3\src\main\java\com\javamarkt\model\Product.java. Using fallback presentation compiler.
2026.06.02 10:27:46 WARN  no build target for: C:\Users\weron\OneDrive\Dokumenty\java\zad3\src\main\java\com\javamarkt\model\Product.java
2026.06.02 10:27:46 INFO  no build target found for C:\Users\weron\OneDrive\Dokumenty\java\zad3\src\main\java\com\javamarkt\model\Product.java. Using fallback presentation compiler.
2026.06.02 10:27:46 WARN  no build target for: C:\Users\weron\OneDrive\Dokumenty\java\zad3\src\main\java\com\javamarkt\model\Product.java
2026.06.02 10:27:46 INFO  no build target found for C:\Users\weron\OneDrive\Dokumenty\java\zad3\src\main\java\com\javamarkt\model\Product.java. Using fallback presentation compiler.
2026.06.02 10:28:22 INFO  no build target found for C:\Users\weron\OneDrive\Dokumenty\java\zad3\src\main\java\com\javamarkt\model\Product.java. Using fallback presentation compiler.
2026.06.02 10:28:22 INFO  no build target found for C:\Users\weron\OneDrive\Dokumenty\java\zad3\src\main\java\com\javamarkt\model\Product.java. Using fallback presentation compiler.
2026.06.02 10:28:22 INFO  no build target found for C:\Users\weron\OneDrive\Dokumenty\java\zad3\src\main\java\com\javamarkt\model\Product.java. Using fallback presentation compiler.
2026.06.02 10:28:22 INFO  no build target found for C:\Users\weron\OneDrive\Dokumenty\java\zad3\src\main\java\com\javamarkt\model\Product.java. Using fallback presentation compiler.
2026.06.02 10:28:23 INFO  no build target found for C:\Users\weron\OneDrive\Dokumenty\java\zad3\src\main\java\com\javamarkt\model\Product.java. Using fallback presentation compiler.
2026.06.02 10:28:22 INFO  no build target found for C:\Users\weron\OneDrive\Dokumenty\java\zad3\src\main\java\com\javamarkt\model\Product.java. Using fallback presentation compiler.
2026.06.02 10:28:23 INFO  no build target found for C:\Users\weron\OneDrive\Dokumenty\java\zad3\src\main\java\com\javamarkt\model\Product.java. Using fallback presentation compiler.
2026.06.02 10:28:23 INFO  no build target found for C:\Users\weron\OneDrive\Dokumenty\java\zad3\src\main\java\com\javamarkt\model\Product.java. Using fallback presentation compiler.
2026.06.02 10:28:24 INFO  no build target found for C:\Users\weron\OneDrive\Dokumenty\java\zad3\src\main\java\com\javamarkt\model\Product.java. Using fallback presentation compiler.
2026.06.02 10:28:25 INFO  no build target found for C:\Users\weron\OneDrive\Dokumenty\java\zad3\src\main\java\com\javamarkt\model\Product.java. Using fallback presentation compiler.
2026.06.02 10:28:25 INFO  no build target found for C:\Users\weron\OneDrive\Dokumenty\java\zad3\src\main\java\com\javamarkt\model\Product.java. Using fallback presentation compiler.
2026.06.02 10:28:25 INFO  no build target found for C:\Users\weron\OneDrive\Dokumenty\java\zad3\src\main\java\com\javamarkt\model\Product.java. Using fallback presentation compiler.
2026.06.02 10:28:27 INFO  no build target found for C:\Users\weron\OneDrive\Dokumenty\java\zad3\src\main\java\com\javamarkt\model\Product.java. Using fallback presentation compiler.
2026.06.02 10:28:27 INFO  no build target found for C:\Users\weron\OneDrive\Dokumenty\java\zad3\src\main\java\com\javamarkt\model\Product.java. Using fallback presentation compiler.
2026.06.02 10:28:29 INFO  no build target found for C:\Users\weron\OneDrive\Dokumenty\java\zad3\src\main\java\com\javamarkt\model\Product.java. Using fallback presentation compiler.
2026.06.02 10:28:29 INFO  no build target found for C:\Users\weron\OneDrive\Dokumenty\java\zad3\src\main\java\com\javamarkt\model\Product.java. Using fallback presentation compiler.
2026.06.02 10:28:45 INFO  no build target found for C:\Users\weron\OneDrive\Dokumenty\java\zad3\src\main\java\com\javamarkt\model\Product.java. Using fallback presentation compiler.
2026.06.02 10:28:45 INFO  no build target found for C:\Users\weron\OneDrive\Dokumenty\java\zad3\src\main\java\com\javamarkt\model\Product.java. Using fallback presentation compiler.
2026.06.02 10:28:47 INFO  no build target found for C:\Users\weron\OneDrive\Dokumenty\java\zad3\src\main\java\com\javamarkt\model\Product.java. Using fallback presentation compiler.
2026.06.02 10:28:47 INFO  no build target found for C:\Users\weron\OneDrive\Dokumenty\java\zad3\src\main\java\com\javamarkt\model\Product.java. Using fallback presentation compiler.
2026.06.02 10:28:47 INFO  no build target found for C:\Users\weron\OneDrive\Dokumenty\java\zad3\src\main\java\com\javamarkt\model\Product.java. Using fallback presentation compiler.
2026.06.02 10:28:47 INFO  no build target found for C:\Users\weron\OneDrive\Dokumenty\java\zad3\src\main\java\com\javamarkt\model\Product.java. Using fallback presentation compiler.
2026.06.02 10:28:47 INFO  no build target found for C:\Users\weron\OneDrive\Dokumenty\java\zad3\src\main\java\com\javamarkt\model\Product.java. Using fallback presentation compiler.
2026.06.02 10:28:47 INFO  no build target found for C:\Users\weron\OneDrive\Dokumenty\java\zad3\src\main\java\com\javamarkt\model\Product.java. Using fallback presentation compiler.
2026.06.02 10:28:48 INFO  no build target found for C:\Users\weron\OneDrive\Dokumenty\java\zad3\src\main\java\com\javamarkt\model\Product.java. Using fallback presentation compiler.
2026.06.02 10:28:50 INFO  no build target found for C:\Users\weron\OneDrive\Dokumenty\java\zad3\src\main\java\com\javamarkt\model\Product.java. Using fallback presentation compiler.
2026.06.02 10:28:54 INFO  no build target found for C:\Users\weron\OneDrive\Dokumenty\java\zad3\src\main\java\com\javamarkt\model\Product.java. Using fallback presentation compiler.
2026.06.02 10:28:56 INFO  no build target found for C:\Users\weron\OneDrive\Dokumenty\java\zad3\src\main\java\com\javamarkt\model\Product.java. Using fallback presentation compiler.
2026.06.02 10:28:56 INFO  no build target found for C:\Users\weron\OneDrive\Dokumenty\java\zad3\src\main\java\com\javamarkt\model\Product.java. Using fallback presentation compiler.
2026.06.02 10:28:56 INFO  no build target found for C:\Users\weron\OneDrive\Dokumenty\java\zad3\src\main\java\com\javamarkt\model\Product.java. Using fallback presentation compiler.
2026.06.02 10:28:56 INFO  no build target found for C:\Users\weron\OneDrive\Dokumenty\java\zad3\src\main\java\com\javamarkt\model\Product.java. Using fallback presentation compiler.
2026.06.02 10:28:56 INFO  no build target found for C:\Users\weron\OneDrive\Dokumenty\java\zad3\src\main\java\com\javamarkt\model\Product.java. Using fallback presentation compiler.
2026.06.02 10:28:57 INFO  no build target found for C:\Users\weron\OneDrive\Dokumenty\java\zad3\src\main\java\com\javamarkt\model\Product.java. Using fallback presentation compiler.
2026.06.02 10:28:58 INFO  no build target found for C:\Users\weron\OneDrive\Dokumenty\java\zad3\src\main\java\com\javamarkt\model\Product.java. Using fallback presentation compiler.
2026.06.02 10:28:58 INFO  no build target found for C:\Users\weron\OneDrive\Dokumenty\java\zad3\src\main\java\com\javamarkt\model\Product.java. Using fallback presentation compiler.
2026.06.02 10:28:58 INFO  no build target found for C:\Users\weron\OneDrive\Dokumenty\java\zad3\src\main\java\com\javamarkt\model\Product.java. Using fallback presentation compiler.
2026.06.02 10:28:59 INFO  no build target found for C:\Users\weron\OneDrive\Dokumenty\java\zad3\src\main\java\com\javamarkt\model\Product.java. Using fallback presentation compiler.
2026.06.02 10:28:58 INFO  no build target found for C:\Users\weron\OneDrive\Dokumenty\java\zad3\src\main\java\com\javamarkt\model\Product.java. Using fallback presentation compiler.
2026.06.02 10:29:00 INFO  no build target found for C:\Users\weron\OneDrive\Dokumenty\java\zad3\src\main\java\com\javamarkt\model\Product.java. Using fallback presentation compiler.
2026.06.02 10:29:20 WARN  no build target for: C:\Users\weron\OneDrive\Dokumenty\java\zad3\src\test\java\com\javamarkt\util\ProductUtilsTest.java
2026.06.02 10:29:20 INFO  no build target found for C:\Users\weron\OneDrive\Dokumenty\java\zad3\src\test\java\com\javamarkt\util\ProductUtilsTest.java. Using fallback presentation compiler.
2026.06.02 10:29:20 INFO  no build target found for C:\Users\weron\OneDrive\Dokumenty\java\zad3\src\test\java\com\javamarkt\util\ProductUtilsTest.java. Using fallback presentation compiler.
2026.06.02 10:29:20 INFO  no build target found for C:\Users\weron\OneDrive\Dokumenty\java\zad3\src\test\java\com\javamarkt\util\ProductUtilsTest.java. Using fallback presentation compiler.
2026.06.02 10:29:20 INFO  no build target found for C:\Users\weron\OneDrive\Dokumenty\java\zad3\src\test\java\com\javamarkt\util\ProductUtilsTest.java. Using fallback presentation compiler.
2026.06.02 10:29:20 INFO  no build target found for C:\Users\weron\OneDrive\Dokumenty\java\zad3\src\test\java\com\javamarkt\util\ProductUtilsTest.java. Using fallback presentation compiler.
2026.06.02 10:29:22 INFO  no build target found for C:\Users\weron\OneDrive\Dokumenty\java\zad3\src\test\java\com\javamarkt\util\ProductUtilsTest.java. Using fallback presentation compiler.
2026.06.02 10:29:26 WARN  no build target for: C:\Users\weron\OneDrive\Dokumenty\java\zad3\src\main\java\com\javamarkt\cart\util\ProductUtils.java
2026.06.02 10:29:26 INFO  no build target found for C:\Users\weron\OneDrive\Dokumenty\java\zad3\src\main\java\com\javamarkt\cart\util\ProductUtils.java. Using fallback presentation compiler.
2026.06.02 10:29:26 INFO  no build target found for C:\Users\weron\OneDrive\Dokumenty\java\zad3\src\main\java\com\javamarkt\cart\util\ProductUtils.java. Using fallback presentation compiler.
2026.06.02 10:29:26 INFO  no build target found for C:\Users\weron\OneDrive\Dokumenty\java\zad3\src\main\java\com\javamarkt\cart\util\ProductUtils.java. Using fallback presentation compiler.
2026.06.02 10:29:26 INFO  no build target found for C:\Users\weron\OneDrive\Dokumenty\java\zad3\src\main\java\com\javamarkt\cart\util\ProductUtils.java. Using fallback presentation compiler.
2026.06.02 10:29:27 INFO  no build target found for C:\Users\weron\OneDrive\Dokumenty\java\zad3\src\main\java\com\javamarkt\cart\util\ProductUtils.java. Using fallback presentation compiler.
2026.06.02 10:29:26 INFO  no build target found for C:\Users\weron\OneDrive\Dokumenty\java\zad3\src\main\java\com\javamarkt\cart\util\ProductUtils.java. Using fallback presentation compiler.
2026.06.02 10:29:32 INFO  no build target found for C:\Users\weron\OneDrive\Dokumenty\java\zad3\src\main\java\com\javamarkt\cart\util\ProductUtils.java. Using fallback presentation compiler.
2026.06.02 10:29:32 INFO  no build target found for C:\Users\weron\OneDrive\Dokumenty\java\zad3\src\main\java\com\javamarkt\cart\util\ProductUtils.java. Using fallback presentation compiler.
2026.06.02 10:29:32 INFO  no build target found for C:\Users\weron\OneDrive\Dokumenty\java\zad3\src\main\java\com\javamarkt\cart\util\ProductUtils.java. Using fallback presentation compiler.
2026.06.02 10:29:34 INFO  no build target found for C:\Users\weron\OneDrive\Dokumenty\java\zad3\src\main\java\com\javamarkt\cart\util\ProductUtils.java. Using fallback presentation compiler.
2026.06.02 10:29:34 INFO  no build target found for C:\Users\weron\OneDrive\Dokumenty\java\zad3\src\main\java\com\javamarkt\cart\util\ProductUtils.java. Using fallback presentation compiler.
2026.06.02 10:29:34 WARN  no build target for: C:\Users\weron\OneDrive\Dokumenty\java\zad3\src\main\java\com\javamarkt\cart\util\ProductUtils.java
2026.06.02 10:29:34 INFO  no build target found for C:\Users\weron\OneDrive\Dokumenty\java\zad3\src\main\java\com\javamarkt\cart\util\ProductUtils.java. Using fallback presentation compiler.
2026.06.02 10:29:34 INFO  no build target found for c:\Users\weron\OneDrive\Dokumenty\java\zad3\src\main\java\com\javamarkt\cart\util\ProductUtils.java. Using fallback presentation compiler.
2026.06.02 10:29:34 WARN  no build target for: C:\Users\weron\OneDrive\Dokumenty\java\zad3\src\main\java\com\javamarkt\cart\util\ProductComparators.java
2026.06.02 10:29:34 INFO  no build target found for C:\Users\weron\OneDrive\Dokumenty\java\zad3\src\main\java\com\javamarkt\cart\util\ProductComparators.java. Using fallback presentation compiler.
2026.06.02 10:29:34 INFO  no build target found for C:\Users\weron\OneDrive\Dokumenty\java\zad3\src\main\java\com\javamarkt\cart\util\ProductComparators.java. Using fallback presentation compiler.
2026.06.02 10:29:34 WARN  no build target for: C:\Users\weron\OneDrive\Dokumenty\java\zad3\src\main\java\com\javamarkt\cart\util\ProductComparators.java
2026.06.02 10:29:34 INFO  no build target found for C:\Users\weron\OneDrive\Dokumenty\java\zad3\src\main\java\com\javamarkt\cart\util\ProductComparators.java. Using fallback presentation compiler.
2026.06.02 10:29:34 WARN  no build target for: C:\Users\weron\OneDrive\Dokumenty\java\zad3\src\main\java\com\javamarkt\cart\util\ProductComparators.java
2026.06.02 10:29:34 INFO  no build target found for C:\Users\weron\OneDrive\Dokumenty\java\zad3\src\main\java\com\javamarkt\cart\util\ProductComparators.java. Using fallback presentation compiler.
2026.06.02 10:29:35 WARN  no build target for: C:\Users\weron\OneDrive\Dokumenty\java\zad3\src\main\java\com\javamarkt\cart\util\ProductComparators.java
2026.06.02 10:29:34 INFO  no build target found for C:\Users\weron\OneDrive\Dokumenty\java\zad3\src\main\java\com\javamarkt\cart\util\ProductComparators.java. Using fallback presentation compiler.
2026.06.02 10:29:34 WARN  no build target for: C:\Users\weron\OneDrive\Dokumenty\java\zad3\src\main\java\com\javamarkt\cart\util\ProductComparators.java
2026.06.02 10:29:34 INFO  no build target found for C:\Users\weron\OneDrive\Dokumenty\java\zad3\src\main\java\com\javamarkt\cart\util\ProductComparators.java. Using fallback presentation compiler.
2026.06.02 10:29:34 WARN  no build target for: C:\Users\weron\OneDrive\Dokumenty\java\zad3\src\main\java\com\javamarkt\cart\util\ProductComparators.java
2026.06.02 10:29:34 INFO  no build target found for C:\Users\weron\OneDrive\Dokumenty\java\zad3\src\main\java\com\javamarkt\cart\util\ProductComparators.java. Using fallback presentation compiler.
2026.06.02 10:29:34 WARN  no build target for: C:\Users\weron\OneDrive\Dokumenty\java\zad3\src\main\java\com\javamarkt\cart\util\ProductComparators.java
2026.06.02 10:29:34 INFO  no build target found for C:\Users\weron\OneDrive\Dokumenty\java\zad3\src\main\java\com\javamarkt\cart\util\ProductComparators.java. Using fallback presentation compiler.
2026.06.02 10:29:35 WARN  no build target for: C:\Users\weron\OneDrive\Dokumenty\java\zad3\src\main\java\com\javamarkt\cart\util\ProductComparators.java
2026.06.02 10:29:34 INFO  no build target found for C:\Users\weron\OneDrive\Dokumenty\java\zad3\src\main\java\com\javamarkt\cart\util\ProductComparators.java. Using fallback presentation compiler.
2026.06.02 10:31:11 INFO  no build target found for C:\Users\weron\OneDrive\Dokumenty\java\zad3\src\main\java\com\javamarkt\model\Product.java. Using fallback presentation compiler.
2026.06.02 10:31:11 WARN  no build target for: C:\Users\weron\OneDrive\Dokumenty\java\zad3\src\main\java\com\javamarkt\model\Product.java
2026.06.02 10:31:11 INFO  no build target found for C:\Users\weron\OneDrive\Dokumenty\java\zad3\src\main\java\com\javamarkt\model\Product.java. Using fallback presentation compiler.
2026.06.02 10:31:11 INFO  no build target found for C:\Users\weron\OneDrive\Dokumenty\java\zad3\src\main\java\com\javamarkt\model\Product.java. Using fallback presentation compiler.
2026.06.02 10:31:11 INFO  no build target found for C:\Users\weron\OneDrive\Dokumenty\java\zad3\src\main\java\com\javamarkt\model\Product.java. Using fallback presentation compiler.
2026.06.02 10:31:12 INFO  no build target found for C:\Users\weron\OneDrive\Dokumenty\java\zad3\src\main\java\com\javamarkt\model\Product.java. Using fallback presentation compiler.
2026.06.02 10:31:12 INFO  no build target found for C:\Users\weron\OneDrive\Dokumenty\java\zad3\src\main\java\com\javamarkt\model\Product.java. Using fallback presentation compiler.
2026.06.02 10:31:12 INFO  no build target found for C:\Users\weron\OneDrive\Dokumenty\java\zad3\src\main\java\com\javamarkt\model\Product.java. Using fallback presentation compiler.
2026.06.02 10:31:13 INFO  no build target found for C:\Users\weron\OneDrive\Dokumenty\java\zad3\src\main\java\com\javamarkt\model\Product.java. Using fallback presentation compiler.
2026.06.02 10:31:13 INFO  no build target found for C:\Users\weron\OneDrive\Dokumenty\java\zad3\src\main\java\com\javamarkt\model\Product.java. Using fallback presentation compiler.
2026.06.02 10:31:14 WARN  no build target for: C:\Users\weron\OneDrive\Dokumenty\java\zad3\src\main\java\com\javamarkt\model\Product.java
2026.06.02 10:31:14 INFO  no build target found for C:\Users\weron\OneDrive\Dokumenty\java\zad3\src\main\java\com\javamarkt\model\Product.java. Using fallback presentation compiler.
2026.06.02 10:31:14 INFO  Created report: Optional[file:///C:/Users/weron/OneDrive/Dokumenty/java/zad3/src/main/java/com/javamarkt/model/Product.java]
2026.06.02 10:31:14 INFO  QDox parse error in file:///C:/Users/weron/OneDrive/Dokumenty/java/zad3/src/main/java/com/javamarkt/model/Product.java (full report at: "C:\Users\weron\OneDrive\Dokumenty\java\zad3\.metals\.reports\metals-full\2026-06-02\r_qdox-error_10-31-14-300.md")
2026.06.02 10:31:14 WARN  no build target for: C:\Users\weron\OneDrive\Dokumenty\java\zad3\src\main\java\com\javamarkt\model\Product.java
2026.06.02 10:31:14 INFO  QDox parse error in file:///C:/Users/weron/OneDrive/Dokumenty/java/zad3/src/main/java/com/javamarkt/model/Product.java (full report at: "C:\Users\weron\OneDrive\Dokumenty\java\zad3\.metals\.reports\metals-full\2026-06-02\r_qdox-error_10-31-14-300.md")
2026.06.02 10:31:14 INFO  no build target found for C:\Users\weron\OneDrive\Dokumenty\java\zad3\src\main\java\com\javamarkt\model\Product.java. Using fallback presentation compiler.
2026.06.02 10:31:13 WARN  no build target for: C:\Users\weron\OneDrive\Dokumenty\java\zad3\src\main\java\com\javamarkt\model\Product.java
2026.06.02 10:31:14 INFO  QDox parse error in file:///C:/Users/weron/OneDrive/Dokumenty/java/zad3/src/main/java/com/javamarkt/model/Product.java (full report at: "C:\Users\weron\OneDrive\Dokumenty\java\zad3\.metals\.reports\metals-full\2026-06-02\r_qdox-error_10-31-14-300.md")
2026.06.02 10:31:14 INFO  no build target found for C:\Users\weron\OneDrive\Dokumenty\java\zad3\src\main\java\com\javamarkt\model\Product.java. Using fallback presentation compiler.
2026.06.02 10:31:14 WARN  no build target for: C:\Users\weron\OneDrive\Dokumenty\java\zad3\src\main\java\com\javamarkt\model\Product.java
2026.06.02 10:31:14 INFO  QDox parse error in file:///C:/Users/weron/OneDrive/Dokumenty/java/zad3/src/main/java/com/javamarkt/model/Product.java (full report at: "C:\Users\weron\OneDrive\Dokumenty\java\zad3\.metals\.reports\metals-full\2026-06-02\r_qdox-error_10-31-14-300.md")
2026.06.02 10:31:13 INFO  no build target found for C:\Users\weron\OneDrive\Dokumenty\java\zad3\src\main\java\com\javamarkt\model\Product.java. Using fallback presentation compiler.
2026.06.02 10:31:15 INFO  no build target found for C:\Users\weron\OneDrive\Dokumenty\java\zad3\src\main\java\com\javamarkt\model\Product.java. Using fallback presentation compiler.
2026.06.02 10:31:26 INFO  no build target found for C:\Users\weron\OneDrive\Dokumenty\java\zad3\src\main\java\com\javamarkt\model\Product.java. Using fallback presentation compiler.
2026.06.02 10:31:26 INFO  no build target found for C:\Users\weron\OneDrive\Dokumenty\java\zad3\src\main\java\com\javamarkt\model\Product.java. Using fallback presentation compiler.
2026.06.02 10:31:26 INFO  QDox parse error in file:///C:/Users/weron/OneDrive/Dokumenty/java/zad3/src/main/java/com/javamarkt/model/Product.java (full report at: "C:\Users\weron\OneDrive\Dokumenty\java\zad3\.metals\.reports\metals-full\2026-06-02\r_qdox-error_10-31-14-300.md")
2026.06.02 10:31:27 INFO  no build target found for C:\Users\weron\OneDrive\Dokumenty\java\zad3\src\main\java\com\javamarkt\model\Product.java. Using fallback presentation compiler.
cze 02, 2026 10:31:27 AM org.eclipse.lsp4j.jsonrpc.RemoteEndpoint fallbackResponseError
SEVERE: Internal error: java.lang.StringIndexOutOfBoundsException: Range [-1, 995) out of bounds for length 1390
java.util.concurrent.CompletionException: java.lang.StringIndexOutOfBoundsException: Range [-1, 995) out of bounds for length 1390
	at java.base/java.util.concurrent.CompletableFuture.wrapInCompletionException(CompletableFuture.java:323)
	at java.base/java.util.concurrent.CompletableFuture.encodeThrowable(CompletableFuture.java:376)
	at java.base/java.util.concurrent.CompletableFuture.completeThrowable(CompletableFuture.java:391)
	at java.base/java.util.concurrent.CompletableFuture$UniAccept.tryFire(CompletableFuture.java:752)
	at java.base/java.util.concurrent.CompletableFuture.postComplete(CompletableFuture.java:554)
	at java.base/java.util.concurrent.CompletableFuture.completeExceptionally(CompletableFuture.java:2238)
	at scala.meta.internal.metals.CancelTokens$.$anonfun$future$1(CancelTokens.scala:40)
	at scala.meta.internal.metals.CancelTokens$.$anonfun$future$1$adapted(CancelTokens.scala:38)
	at scala.concurrent.impl.Promise$Transformation.run(Promise.scala:517)
	at java.base/java.util.concurrent.ThreadPoolExecutor.runWorker(ThreadPoolExecutor.java:1144)
	at java.base/java.util.concurrent.ThreadPoolExecutor$Worker.run(ThreadPoolExecutor.java:642)
	at java.base/java.lang.Thread.run(Thread.java:1575)
Caused by: java.lang.StringIndexOutOfBoundsException: Range [-1, 995) out of bounds for length 1390
	at java.base/jdk.internal.util.Preconditions$1.apply(Preconditions.java:55)
	at java.base/jdk.internal.util.Preconditions$1.apply(Preconditions.java:52)
	at java.base/jdk.internal.util.Preconditions$4.apply(Preconditions.java:213)
	at java.base/jdk.internal.util.Preconditions$4.apply(Preconditions.java:210)
	at java.base/jdk.internal.util.Preconditions.outOfBounds(Preconditions.java:98)
	at java.base/jdk.internal.util.Preconditions.outOfBoundsCheckFromToIndex(Preconditions.java:112)
	at java.base/jdk.internal.util.Preconditions.checkFromToIndex(Preconditions.java:349)
	at java.base/java.lang.String.checkBoundsBeginEnd(String.java:4963)
	at java.base/java.lang.String.substring(String.java:2925)
	at scala.meta.internal.pc.JavaMetalsGlobal.findIndentifierStartAndEnd(JavaMetalsGlobal.scala:87)
	at scala.meta.internal.pc.JavaDefinitionProvider.$anonfun$definitionImpl$5(JavaDefinitionProvider.scala:122)
	at scala.Option$WithFilter.map(Option.scala:242)
	at scala.meta.internal.pc.JavaDefinitionProvider.definitionImpl(JavaDefinitionProvider.scala:70)
	at scala.meta.internal.pc.JavaDefinitionProvider.definitionOffset(JavaDefinitionProvider.scala:53)
	at scala.meta.internal.pc.JavaDefinitionProvider.definition(JavaDefinitionProvider.scala:31)
	at scala.meta.internal.pc.JavaPresentationCompiler.definition(JavaPresentationCompiler.scala:98)
	at scala.meta.internal.metals.Compilers.$anonfun$definition$1(Compilers.scala:1230)
	at scala.meta.internal.metals.Compilers.$anonfun$withPCAndAdjustLsp$4(Compilers.scala:1543)
	at scala.Option.map(Option.scala:242)
	at scala.meta.internal.metals.Compilers.$anonfun$withPCAndAdjustLsp$3(Compilers.scala:1543)
	at scala.Option.flatMap(Option.scala:283)
	at scala.meta.internal.metals.Compilers.withPCAndAdjustLsp(Compilers.scala:1535)
	at scala.meta.internal.metals.Compilers.definition(Compilers.scala:1221)
	at scala.meta.internal.metals.Compilers.definition(Compilers.scala:1182)
	at scala.meta.internal.metals.DefinitionProvider.fromCompiler$1(DefinitionProvider.scala:97)
	at scala.meta.internal.metals.DefinitionProvider.$anonfun$definition$10(DefinitionProvider.scala:146)
	at scala.meta.internal.metals.DefinitionProvider.$anonfun$definition$15(DefinitionProvider.scala:153)
	at scala.concurrent.impl.Promise$Transformation.run(Promise.scala:503)
	... 3 more

2026.06.02 10:31:27 WARN  no build target for: C:\Users\weron\OneDrive\Dokumenty\java\zad3\src\main\java\com\javamarkt\model\Product.java
2026.06.02 10:31:27 INFO  QDox parse error in file:///C:/Users/weron/OneDrive/Dokumenty/java/zad3/src/main/java/com/javamarkt/model/Product.java (full report at: "C:\Users\weron\OneDrive\Dokumenty\java\zad3\.metals\.reports\metals-full\2026-06-02\r_qdox-error_10-31-14-300.md")
2026.06.02 10:31:27 INFO  no build target found for C:\Users\weron\OneDrive\Dokumenty\java\zad3\src\main\java\com\javamarkt\model\Product.java. Using fallback presentation compiler.
2026.06.02 10:31:27 WARN  no build target for: C:\Users\weron\OneDrive\Dokumenty\java\zad3\src\main\java\com\javamarkt\model\Product.java
2026.06.02 10:31:27 INFO  QDox parse error in file:///C:/Users/weron/OneDrive/Dokumenty/java/zad3/src/main/java/com/javamarkt/model/Product.java (full report at: "C:\Users\weron\OneDrive\Dokumenty\java\zad3\.metals\.reports\metals-full\2026-06-02\r_qdox-error_10-31-14-300.md")
2026.06.02 10:31:27 INFO  no build target found for C:\Users\weron\OneDrive\Dokumenty\java\zad3\src\main\java\com\javamarkt\model\Product.java. Using fallback presentation compiler.
2026.06.02 10:31:28 INFO  no build target found for C:\Users\weron\OneDrive\Dokumenty\java\zad3\src\main\java\com\javamarkt\model\Product.java. Using fallback presentation compiler.
2026.06.02 10:31:28 INFO  no build target found for C:\Users\weron\OneDrive\Dokumenty\java\zad3\src\main\java\com\javamarkt\model\Product.java. Using fallback presentation compiler.
2026.06.02 10:31:38 INFO  no build target found for C:\Users\weron\OneDrive\Dokumenty\java\zad3\src\main\java\com\javamarkt\model\Product.java. Using fallback presentation compiler.
2026.06.02 10:31:38 INFO  no build target found for C:\Users\weron\OneDrive\Dokumenty\java\zad3\src\main\java\com\javamarkt\model\Product.java. Using fallback presentation compiler.
2026.06.02 10:31:38 INFO  QDox parse error in file:///C:/Users/weron/OneDrive/Dokumenty/java/zad3/src/main/java/com/javamarkt/model/Product.java (full report at: "C:\Users\weron\OneDrive\Dokumenty\java\zad3\.metals\.reports\metals-full\2026-06-02\r_qdox-error_10-31-14-300.md")
2026.06.02 10:31:39 INFO  no build target found for C:\Users\weron\OneDrive\Dokumenty\java\zad3\src\main\java\com\javamarkt\model\Product.java. Using fallback presentation compiler.
2026.06.02 10:31:39 WARN  no build target for: C:\Users\weron\OneDrive\Dokumenty\java\zad3\src\main\java\com\javamarkt\model\Product.java
2026.06.02 10:31:39 INFO  QDox parse error in file:///C:/Users/weron/OneDrive/Dokumenty/java/zad3/src/main/java/com/javamarkt/model/Product.java (full report at: "C:\Users\weron\OneDrive\Dokumenty\java\zad3\.metals\.reports\metals-full\2026-06-02\r_qdox-error_10-31-14-300.md")
2026.06.02 10:31:39 INFO  no build target found for C:\Users\weron\OneDrive\Dokumenty\java\zad3\src\main\java\com\javamarkt\model\Product.java. Using fallback presentation compiler.
2026.06.02 10:31:40 INFO  no build target found for C:\Users\weron\OneDrive\Dokumenty\java\zad3\src\main\java\com\javamarkt\model\Product.java. Using fallback presentation compiler.
2026.06.02 10:31:42 INFO  no build target found for C:\Users\weron\OneDrive\Dokumenty\java\zad3\src\main\java\com\javamarkt\model\Product.java. Using fallback presentation compiler.
2026.06.02 10:31:48 INFO  no build target found for C:\Users\weron\OneDrive\Dokumenty\java\zad3\src\main\java\com\javamarkt\model\Product.java. Using fallback presentation compiler.
2026.06.02 10:31:48 INFO  no build target found for C:\Users\weron\OneDrive\Dokumenty\java\zad3\src\main\java\com\javamarkt\model\Product.java. Using fallback presentation compiler.
2026.06.02 10:31:48 INFO  no build target found for C:\Users\weron\OneDrive\Dokumenty\java\zad3\src\main\java\com\javamarkt\model\Product.java. Using fallback presentation compiler.
2026.06.02 10:31:49 WARN  Running javac-semanticdb failed for file:///C:/Users/weron/OneDrive/Dokumenty/java/zad3/src/main/java/com/javamarkt/model/Product.java. Output:

2026.06.02 10:31:49 INFO  no build target found for C:\Users\weron\OneDrive\Dokumenty\java\zad3\src\main\java\com\javamarkt\model\Product.java. Using fallback presentation compiler.
2026.06.02 10:31:49 WARN  no build target for: C:\Users\weron\OneDrive\Dokumenty\java\zad3\src\main\java\com\javamarkt\model\Product.java
2026.06.02 10:31:50 INFO  no build target found for C:\Users\weron\OneDrive\Dokumenty\java\zad3\src\main\java\com\javamarkt\model\Product.java. Using fallback presentation compiler.
2026.06.02 10:31:50 WARN  no build target for: C:\Users\weron\OneDrive\Dokumenty\java\zad3\src\main\java\com\javamarkt\model\Product.java
2026.06.02 10:31:50 INFO  no build target found for C:\Users\weron\OneDrive\Dokumenty\java\zad3\src\main\java\com\javamarkt\model\Product.java. Using fallback presentation compiler.
2026.06.02 10:31:50 WARN  no build target for: C:\Users\weron\OneDrive\Dokumenty\java\zad3\src\main\java\com\javamarkt\model\Product.java
2026.06.02 10:31:50 INFO  no build target found for C:\Users\weron\OneDrive\Dokumenty\java\zad3\src\main\java\com\javamarkt\model\Product.java. Using fallback presentation compiler.
2026.06.02 10:31:51 WARN  no build target for: C:\Users\weron\OneDrive\Dokumenty\java\zad3\src\main\java\com\javamarkt\model\Product.java
2026.06.02 10:31:50 INFO  no build target found for C:\Users\weron\OneDrive\Dokumenty\java\zad3\src\main\java\com\javamarkt\model\Product.java. Using fallback presentation compiler.
2026.06.02 10:32:04 INFO  no build target found for C:\Users\weron\OneDrive\Dokumenty\java\zad3\src\test\java\com\javamarkt\util\ProductUtilsTest.java. Using fallback presentation compiler.
2026.06.02 10:32:04 WARN  no build target for: C:\Users\weron\OneDrive\Dokumenty\java\zad3\src\main\java\com\javamarkt\promotions\Promotion.java
2026.06.02 10:32:04 INFO  no build target found for C:\Users\weron\OneDrive\Dokumenty\java\zad3\src\main\java\com\javamarkt\promotions\Promotion.java. Using fallback presentation compiler.
2026.06.02 10:32:04 INFO  no build target found for C:\Users\weron\OneDrive\Dokumenty\java\zad3\src\main\java\com\javamarkt\promotions\Promotion.java. Using fallback presentation compiler.
2026.06.02 10:32:04 INFO  no build target found for C:\Users\weron\OneDrive\Dokumenty\java\zad3\src\main\java\com\javamarkt\promotions\Promotion.java. Using fallback presentation compiler.
2026.06.02 10:32:04 INFO  no build target found for C:\Users\weron\OneDrive\Dokumenty\java\zad3\src\main\java\com\javamarkt\promotions\Promotion.java. Using fallback presentation compiler.
2026.06.02 10:32:04 INFO  no build target found for C:\Users\weron\OneDrive\Dokumenty\java\zad3\src\main\java\com\javamarkt\promotions\Promotion.java. Using fallback presentation compiler.
2026.06.02 10:32:06 INFO  no build target found for C:\Users\weron\OneDrive\Dokumenty\java\zad3\src\main\java\com\javamarkt\promotions\Promotion.java. Using fallback presentation compiler.
2026.06.02 10:32:06 INFO  no build target found for C:\Users\weron\OneDrive\Dokumenty\java\zad3\src\main\java\com\javamarkt\promotions\Promotion.java. Using fallback presentation compiler.
2026.06.02 10:32:06 INFO  no build target found for C:\Users\weron\OneDrive\Dokumenty\java\zad3\src\main\java\com\javamarkt\promotions\Promotion.java. Using fallback presentation compiler.
2026.06.02 10:32:07 INFO  no build target found for C:\Users\weron\OneDrive\Dokumenty\java\zad3\src\main\java\com\javamarkt\promotions\Promotion.java. Using fallback presentation compiler.
2026.06.02 10:32:08 WARN  no build target for: C:\Users\weron\OneDrive\Dokumenty\java\zad3\src\main\java\com\javamarkt\promotions\Promotion.java
2026.06.02 10:32:08 INFO  no build target found for C:\Users\weron\OneDrive\Dokumenty\java\zad3\src\main\java\com\javamarkt\promotions\Promotion.java. Using fallback presentation compiler.
2026.06.02 10:32:08 WARN  no build target for: C:\Users\weron\OneDrive\Dokumenty\java\zad3\src\main\java\com\javamarkt\promotions\Promotion.java
2026.06.02 10:32:08 INFO  no build target found for C:\Users\weron\OneDrive\Dokumenty\java\zad3\src\main\java\com\javamarkt\promotions\Promotion.java. Using fallback presentation compiler.
2026.06.02 10:32:07 WARN  no build target for: C:\Users\weron\OneDrive\Dokumenty\java\zad3\src\main\java\com\javamarkt\promotions\Promotion.java
2026.06.02 10:32:08 INFO  no build target found for C:\Users\weron\OneDrive\Dokumenty\java\zad3\src\main\java\com\javamarkt\promotions\Promotion.java. Using fallback presentation compiler.
2026.06.02 10:32:18 WARN  no build target for: C:\Users\weron\OneDrive\Dokumenty\java\zad3\src\main\java\com\javamarkt\promotions\OrderValuePercentageDiscountPromotion.java
2026.06.02 10:32:18 INFO  no build target found for C:\Users\weron\OneDrive\Dokumenty\java\zad3\src\main\java\com\javamarkt\promotions\OrderValuePercentageDiscountPromotion.java. Using fallback presentation compiler.
2026.06.02 10:32:18 INFO  no build target found for C:\Users\weron\OneDrive\Dokumenty\java\zad3\src\main\java\com\javamarkt\promotions\OrderValuePercentageDiscountPromotion.java. Using fallback presentation compiler.
2026.06.02 10:32:18 INFO  no build target found for C:\Users\weron\OneDrive\Dokumenty\java\zad3\src\main\java\com\javamarkt\promotions\OrderValuePercentageDiscountPromotion.java. Using fallback presentation compiler.
2026.06.02 10:32:18 INFO  no build target found for C:\Users\weron\OneDrive\Dokumenty\java\zad3\src\main\java\com\javamarkt\promotions\OrderValuePercentageDiscountPromotion.java. Using fallback presentation compiler.
2026.06.02 10:32:19 INFO  no build target found for C:\Users\weron\OneDrive\Dokumenty\java\zad3\src\main\java\com\javamarkt\promotions\OrderValuePercentageDiscountPromotion.java. Using fallback presentation compiler.
2026.06.02 10:32:18 INFO  no build target found for C:\Users\weron\OneDrive\Dokumenty\java\zad3\src\main\java\com\javamarkt\promotions\OrderValuePercentageDiscountPromotion.java. Using fallback presentation compiler.
2026.06.02 10:32:19 INFO  no build target found for C:\Users\weron\OneDrive\Dokumenty\java\zad3\src\main\java\com\javamarkt\promotions\OrderValuePercentageDiscountPromotion.java. Using fallback presentation compiler.
2026.06.02 10:32:19 INFO  no build target found for C:\Users\weron\OneDrive\Dokumenty\java\zad3\src\main\java\com\javamarkt\promotions\OrderValuePercentageDiscountPromotion.java. Using fallback presentation compiler.
2026.06.02 10:32:20 INFO  no build target found for C:\Users\weron\OneDrive\Dokumenty\java\zad3\src\main\java\com\javamarkt\promotions\OrderValuePercentageDiscountPromotion.java. Using fallback presentation compiler.
2026.06.02 10:32:19 INFO  no build target found for C:\Users\weron\OneDrive\Dokumenty\java\zad3\src\main\java\com\javamarkt\promotions\OrderValuePercentageDiscountPromotion.java. Using fallback presentation compiler.
2026.06.02 10:32:21 INFO  no build target found for C:\Users\weron\OneDrive\Dokumenty\java\zad3\src\main\java\com\javamarkt\promotions\OrderValuePercentageDiscountPromotion.java. Using fallback presentation compiler.
2026.06.02 10:32:21 INFO  no build target found for C:\Users\weron\OneDrive\Dokumenty\java\zad3\src\main\java\com\javamarkt\promotions\OrderValuePercentageDiscountPromotion.java. Using fallback presentation compiler.
2026.06.02 10:32:21 INFO  no build target found for C:\Users\weron\OneDrive\Dokumenty\java\zad3\src\main\java\com\javamarkt\promotions\OrderValuePercentageDiscountPromotion.java. Using fallback presentation compiler.
2026.06.02 10:32:22 WARN  no build target for: C:\Users\weron\OneDrive\Dokumenty\java\zad3\src\main\java\com\javamarkt\promotions\OrderValuePercentageDiscountPromotion.java
2026.06.02 10:32:22 INFO  no build target found for C:\Users\weron\OneDrive\Dokumenty\java\zad3\src\main\java\com\javamarkt\promotions\OrderValuePercentageDiscountPromotion.java. Using fallback presentation compiler.
2026.06.02 10:32:22 WARN  no build target for: C:\Users\weron\OneDrive\Dokumenty\java\zad3\src\main\java\com\javamarkt\promotions\OrderValuePercentageDiscountPromotion.java
2026.06.02 10:32:22 INFO  no build target found for C:\Users\weron\OneDrive\Dokumenty\java\zad3\src\main\java\com\javamarkt\promotions\OrderValuePercentageDiscountPromotion.java. Using fallback presentation compiler.
2026.06.02 10:32:22 WARN  no build target for: C:\Users\weron\OneDrive\Dokumenty\java\zad3\src\main\java\com\javamarkt\promotions\OrderValuePercentageDiscountPromotion.java
2026.06.02 10:32:22 INFO  no build target found for C:\Users\weron\OneDrive\Dokumenty\java\zad3\src\main\java\com\javamarkt\promotions\OrderValuePercentageDiscountPromotion.java. Using fallback presentation compiler.
2026.06.02 10:32:22 WARN  no build target for: C:\Users\weron\OneDrive\Dokumenty\java\zad3\src\main\java\com\javamarkt\promotions\OrderValuePercentageDiscountPromotion.java
2026.06.02 10:32:22 INFO  no build target found for C:\Users\weron\OneDrive\Dokumenty\java\zad3\src\main\java\com\javamarkt\promotions\OrderValuePercentageDiscountPromotion.java. Using fallback presentation compiler.
2026.06.02 10:32:22 WARN  no build target for: C:\Users\weron\OneDrive\Dokumenty\java\zad3\src\main\java\com\javamarkt\promotions\OrderValuePercentageDiscountPromotion.java
2026.06.02 10:32:22 INFO  no build target found for C:\Users\weron\OneDrive\Dokumenty\java\zad3\src\main\java\com\javamarkt\promotions\OrderValuePercentageDiscountPromotion.java. Using fallback presentation compiler.
2026.06.02 10:32:23 WARN  no build target for: C:\Users\weron\OneDrive\Dokumenty\java\zad3\src\main\java\com\javamarkt\promotions\OrderValuePercentageDiscountPromotion.java
2026.06.02 10:32:23 INFO  no build target found for C:\Users\weron\OneDrive\Dokumenty\java\zad3\src\main\java\com\javamarkt\promotions\OrderValuePercentageDiscountPromotion.java. Using fallback presentation compiler.
2026.06.02 10:32:26 INFO  no build target found for C:\Users\weron\OneDrive\Dokumenty\java\zad3\src\main\java\com\javamarkt\promotions\OrderValuePercentageDiscountPromotion.java. Using fallback presentation compiler.
2026.06.02 10:32:26 INFO  no build target found for C:\Users\weron\OneDrive\Dokumenty\java\zad3\src\main\java\com\javamarkt\promotions\OrderValuePercentageDiscountPromotion.java. Using fallback presentation compiler.
2026.06.02 10:32:28 INFO  no build target found for C:\Users\weron\OneDrive\Dokumenty\java\zad3\src\main\java\com\javamarkt\promotions\OrderValuePercentageDiscountPromotion.java. Using fallback presentation compiler.
2026.06.02 10:32:28 INFO  no build target found for C:\Users\weron\OneDrive\Dokumenty\java\zad3\src\main\java\com\javamarkt\promotions\OrderValuePercentageDiscountPromotion.java. Using fallback presentation compiler.
2026.06.02 10:32:48 WARN  no build target for: C:\Users\weron\OneDrive\Dokumenty\java\zad3\src\main\java\com\javamarkt\promotions\ThreeForTwoCheapestFreePromotion.java
2026.06.02 10:32:48 INFO  no build target found for C:\Users\weron\OneDrive\Dokumenty\java\zad3\src\main\java\com\javamarkt\promotions\ThreeForTwoCheapestFreePromotion.java. Using fallback presentation compiler.
2026.06.02 10:32:48 INFO  no build target found for C:\Users\weron\OneDrive\Dokumenty\java\zad3\src\main\java\com\javamarkt\promotions\ThreeForTwoCheapestFreePromotion.java. Using fallback presentation compiler.
2026.06.02 10:32:48 INFO  no build target found for C:\Users\weron\OneDrive\Dokumenty\java\zad3\src\main\java\com\javamarkt\promotions\ThreeForTwoCheapestFreePromotion.java. Using fallback presentation compiler.
2026.06.02 10:32:48 INFO  no build target found for C:\Users\weron\OneDrive\Dokumenty\java\zad3\src\main\java\com\javamarkt\promotions\ThreeForTwoCheapestFreePromotion.java. Using fallback presentation compiler.
2026.06.02 10:32:48 INFO  no build target found for C:\Users\weron\OneDrive\Dokumenty\java\zad3\src\main\java\com\javamarkt\promotions\ThreeForTwoCheapestFreePromotion.java. Using fallback presentation compiler.
2026.06.02 10:32:48 INFO  no build target found for C:\Users\weron\OneDrive\Dokumenty\java\zad3\src\main\java\com\javamarkt\promotions\ThreeForTwoCheapestFreePromotion.java. Using fallback presentation compiler.
2026.06.02 10:32:49 INFO  no build target found for C:\Users\weron\OneDrive\Dokumenty\java\zad3\src\main\java\com\javamarkt\promotions\ThreeForTwoCheapestFreePromotion.java. Using fallback presentation compiler.
2026.06.02 10:32:49 INFO  no build target found for C:\Users\weron\OneDrive\Dokumenty\java\zad3\src\main\java\com\javamarkt\promotions\ThreeForTwoCheapestFreePromotion.java. Using fallback presentation compiler.
2026.06.02 10:32:49 INFO  no build target found for C:\Users\weron\OneDrive\Dokumenty\java\zad3\src\main\java\com\javamarkt\promotions\ThreeForTwoCheapestFreePromotion.java. Using fallback presentation compiler.
2026.06.02 10:32:50 INFO  no build target found for C:\Users\weron\OneDrive\Dokumenty\java\zad3\src\main\java\com\javamarkt\promotions\ThreeForTwoCheapestFreePromotion.java. Using fallback presentation compiler.
2026.06.02 10:32:49 INFO  no build target found for C:\Users\weron\OneDrive\Dokumenty\java\zad3\src\main\java\com\javamarkt\promotions\ThreeForTwoCheapestFreePromotion.java. Using fallback presentation compiler.
2026.06.02 10:32:50 INFO  no build target found for C:\Users\weron\OneDrive\Dokumenty\java\zad3\src\main\java\com\javamarkt\promotions\ThreeForTwoCheapestFreePromotion.java. Using fallback presentation compiler.
2026.06.02 10:32:50 INFO  no build target found for C:\Users\weron\OneDrive\Dokumenty\java\zad3\src\main\java\com\javamarkt\promotions\ThreeForTwoCheapestFreePromotion.java. Using fallback presentation compiler.
2026.06.02 10:32:51 INFO  no build target found for C:\Users\weron\OneDrive\Dokumenty\java\zad3\src\main\java\com\javamarkt\promotions\ThreeForTwoCheapestFreePromotion.java. Using fallback presentation compiler.
2026.06.02 10:32:51 WARN  no build target for: C:\Users\weron\OneDrive\Dokumenty\java\zad3\src\main\java\com\javamarkt\promotions\ThreeForTwoCheapestFreePromotion.java
2026.06.02 10:32:51 INFO  no build target found for C:\Users\weron\OneDrive\Dokumenty\java\zad3\src\main\java\com\javamarkt\promotions\ThreeForTwoCheapestFreePromotion.java. Using fallback presentation compiler.
2026.06.02 10:32:52 WARN  no build target for: C:\Users\weron\OneDrive\Dokumenty\java\zad3\src\main\java\com\javamarkt\promotions\ThreeForTwoCheapestFreePromotion.java
2026.06.02 10:32:52 INFO  no build target found for C:\Users\weron\OneDrive\Dokumenty\java\zad3\src\main\java\com\javamarkt\promotions\ThreeForTwoCheapestFreePromotion.java. Using fallback presentation compiler.
2026.06.02 10:32:52 WARN  no build target for: C:\Users\weron\OneDrive\Dokumenty\java\zad3\src\main\java\com\javamarkt\promotions\ThreeForTwoCheapestFreePromotion.java
2026.06.02 10:32:52 INFO  no build target found for C:\Users\weron\OneDrive\Dokumenty\java\zad3\src\main\java\com\javamarkt\promotions\ThreeForTwoCheapestFreePromotion.java. Using fallback presentation compiler.
2026.06.02 10:32:52 WARN  no build target for: C:\Users\weron\OneDrive\Dokumenty\java\zad3\src\main\java\com\javamarkt\promotions\ThreeForTwoCheapestFreePromotion.java
2026.06.02 10:32:52 INFO  no build target found for C:\Users\weron\OneDrive\Dokumenty\java\zad3\src\main\java\com\javamarkt\promotions\ThreeForTwoCheapestFreePromotion.java. Using fallback presentation compiler.
2026.06.02 10:32:55 INFO  no build target found for C:\Users\weron\OneDrive\Dokumenty\java\zad3\src\main\java\com\javamarkt\promotions\ThreeForTwoCheapestFreePromotion.java. Using fallback presentation compiler.
2026.06.02 10:33:05 WARN  no build target for: C:\Users\weron\OneDrive\Dokumenty\java\zad3\src\main\java\com\javamarkt\promotions\FreeMugPromotion.java
2026.06.02 10:33:05 INFO  no build target found for C:\Users\weron\OneDrive\Dokumenty\java\zad3\src\main\java\com\javamarkt\promotions\FreeMugPromotion.java. Using fallback presentation compiler.
2026.06.02 10:33:05 INFO  no build target found for C:\Users\weron\OneDrive\Dokumenty\java\zad3\src\main\java\com\javamarkt\promotions\FreeMugPromotion.java. Using fallback presentation compiler.
2026.06.02 10:33:05 INFO  no build target found for C:\Users\weron\OneDrive\Dokumenty\java\zad3\src\main\java\com\javamarkt\promotions\FreeMugPromotion.java. Using fallback presentation compiler.
2026.06.02 10:33:05 INFO  no build target found for C:\Users\weron\OneDrive\Dokumenty\java\zad3\src\main\java\com\javamarkt\promotions\FreeMugPromotion.java. Using fallback presentation compiler.
2026.06.02 10:33:06 INFO  no build target found for C:\Users\weron\OneDrive\Dokumenty\java\zad3\src\main\java\com\javamarkt\promotions\FreeMugPromotion.java. Using fallback presentation compiler.
2026.06.02 10:33:07 INFO  no build target found for C:\Users\weron\OneDrive\Dokumenty\java\zad3\src\main\java\com\javamarkt\promotions\FreeMugPromotion.java. Using fallback presentation compiler.
2026.06.02 10:33:07 INFO  no build target found for C:\Users\weron\OneDrive\Dokumenty\java\zad3\src\main\java\com\javamarkt\promotions\FreeMugPromotion.java. Using fallback presentation compiler.
2026.06.02 10:33:07 INFO  no build target found for C:\Users\weron\OneDrive\Dokumenty\java\zad3\src\main\java\com\javamarkt\promotions\FreeMugPromotion.java. Using fallback presentation compiler.
2026.06.02 10:33:08 INFO  no build target found for C:\Users\weron\OneDrive\Dokumenty\java\zad3\src\main\java\com\javamarkt\promotions\FreeMugPromotion.java. Using fallback presentation compiler.
2026.06.02 10:33:08 WARN  no build target for: C:\Users\weron\OneDrive\Dokumenty\java\zad3\src\main\java\com\javamarkt\promotions\FreeMugPromotion.java
2026.06.02 10:33:08 INFO  no build target found for C:\Users\weron\OneDrive\Dokumenty\java\zad3\src\main\java\com\javamarkt\promotions\FreeMugPromotion.java. Using fallback presentation compiler.
2026.06.02 10:33:08 WARN  no build target for: C:\Users\weron\OneDrive\Dokumenty\java\zad3\src\main\java\com\javamarkt\promotions\FreeMugPromotion.java
2026.06.02 10:33:08 INFO  no build target found for C:\Users\weron\OneDrive\Dokumenty\java\zad3\src\main\java\com\javamarkt\promotions\FreeMugPromotion.java. Using fallback presentation compiler.
2026.06.02 10:33:08 WARN  no build target for: C:\Users\weron\OneDrive\Dokumenty\java\zad3\src\main\java\com\javamarkt\promotions\FreeMugPromotion.java
2026.06.02 10:33:08 INFO  no build target found for C:\Users\weron\OneDrive\Dokumenty\java\zad3\src\main\java\com\javamarkt\promotions\FreeMugPromotion.java. Using fallback presentation compiler.
2026.06.02 10:33:08 WARN  no build target for: C:\Users\weron\OneDrive\Dokumenty\java\zad3\src\main\java\com\javamarkt\promotions\FreeMugPromotion.java
2026.06.02 10:33:09 INFO  no build target found for C:\Users\weron\OneDrive\Dokumenty\java\zad3\src\main\java\com\javamarkt\promotions\FreeMugPromotion.java. Using fallback presentation compiler.
2026.06.02 10:33:09 WARN  no build target for: C:\Users\weron\OneDrive\Dokumenty\java\zad3\src\main\java\com\javamarkt\promotions\FreeMugPromotion.java
2026.06.02 10:33:09 INFO  no build target found for C:\Users\weron\OneDrive\Dokumenty\java\zad3\src\main\java\com\javamarkt\promotions\FreeMugPromotion.java. Using fallback presentation compiler.
2026.06.02 10:33:11 INFO  no build target found for C:\Users\weron\OneDrive\Dokumenty\java\zad3\src\main\java\com\javamarkt\promotions\FreeMugPromotion.java. Using fallback presentation compiler.
2026.06.02 10:33:11 INFO  no build target found for C:\Users\weron\OneDrive\Dokumenty\java\zad3\src\main\java\com\javamarkt\promotions\FreeMugPromotion.java. Using fallback presentation compiler.
2026.06.02 10:33:14 INFO  no build target found for C:\Users\weron\OneDrive\Dokumenty\java\zad3\src\main\java\com\javamarkt\promotions\FreeMugPromotion.java. Using fallback presentation compiler.
2026.06.02 10:33:15 INFO  no build target found for C:\Users\weron\OneDrive\Dokumenty\java\zad3\src\main\java\com\javamarkt\promotions\FreeMugPromotion.java. Using fallback presentation compiler.
2026.06.02 10:33:15 INFO  no build target found for C:\Users\weron\OneDrive\Dokumenty\java\zad3\src\main\java\com\javamarkt\promotions\FreeMugPromotion.java. Using fallback presentation compiler.
2026.06.02 10:33:17 INFO  no build target found for C:\Users\weron\OneDrive\Dokumenty\java\zad3\src\main\java\com\javamarkt\promotions\FreeMugPromotion.java. Using fallback presentation compiler.
2026.06.02 10:33:17 INFO  no build target found for C:\Users\weron\OneDrive\Dokumenty\java\zad3\src\main\java\com\javamarkt\promotions\FreeMugPromotion.java. Using fallback presentation compiler.
2026.06.02 10:34:17 INFO  no build target found for C:\Users\weron\OneDrive\Dokumenty\java\zad3\src\main\java\com\javamarkt\promotions\FreeMugPromotion.java. Using fallback presentation compiler.
2026.06.02 10:34:17 INFO  no build target found for C:\Users\weron\OneDrive\Dokumenty\java\zad3\src\main\java\com\javamarkt\promotions\FreeMugPromotion.java. Using fallback presentation compiler.
2026.06.02 10:34:18 INFO  no build target found for C:\Users\weron\OneDrive\Dokumenty\java\zad3\src\main\java\com\javamarkt\promotions\FreeMugPromotion.java. Using fallback presentation compiler.
2026.06.02 10:34:18 INFO  no build target found for C:\Users\weron\OneDrive\Dokumenty\java\zad3\src\main\java\com\javamarkt\promotions\FreeMugPromotion.java. Using fallback presentation compiler.
2026.06.02 10:34:18 INFO  no build target found for C:\Users\weron\OneDrive\Dokumenty\java\zad3\src\main\java\com\javamarkt\promotions\FreeMugPromotion.java. Using fallback presentation compiler.
2026.06.02 10:34:19 INFO  no build target found for C:\Users\weron\OneDrive\Dokumenty\java\zad3\src\main\java\com\javamarkt\promotions\FreeMugPromotion.java. Using fallback presentation compiler.
2026.06.02 10:34:20 WARN  no build target for: C:\Users\weron\OneDrive\Dokumenty\java\zad3\src\main\java\com\javamarkt\promotions\FreeMugPromotion.java
2026.06.02 10:34:19 INFO  no build target found for C:\Users\weron\OneDrive\Dokumenty\java\zad3\src\main\java\com\javamarkt\promotions\FreeMugPromotion.java. Using fallback presentation compiler.
2026.06.02 10:34:20 WARN  no build target for: C:\Users\weron\OneDrive\Dokumenty\java\zad3\src\main\java\com\javamarkt\promotions\FreeMugPromotion.java
2026.06.02 10:34:20 INFO  no build target found for C:\Users\weron\OneDrive\Dokumenty\java\zad3\src\main\java\com\javamarkt\promotions\FreeMugPromotion.java. Using fallback presentation compiler.
2026.06.02 10:34:19 WARN  no build target for: C:\Users\weron\OneDrive\Dokumenty\java\zad3\src\main\java\com\javamarkt\promotions\FreeMugPromotion.java
2026.06.02 10:34:20 INFO  no build target found for C:\Users\weron\OneDrive\Dokumenty\java\zad3\src\main\java\com\javamarkt\promotions\FreeMugPromotion.java. Using fallback presentation compiler.
2026.06.02 10:34:28 WARN  no build target for: C:\Users\weron\OneDrive\Dokumenty\java\zad3\src\main\java\com\javamarkt\promotions\SingleProductCouponPromotion.java
2026.06.02 10:34:28 INFO  no build target found for C:\Users\weron\OneDrive\Dokumenty\java\zad3\src\main\java\com\javamarkt\promotions\SingleProductCouponPromotion.java. Using fallback presentation compiler.
2026.06.02 10:34:28 INFO  no build target found for C:\Users\weron\OneDrive\Dokumenty\java\zad3\src\main\java\com\javamarkt\promotions\SingleProductCouponPromotion.java. Using fallback presentation compiler.
2026.06.02 10:34:29 INFO  no build target found for C:\Users\weron\OneDrive\Dokumenty\java\zad3\src\main\java\com\javamarkt\promotions\SingleProductCouponPromotion.java. Using fallback presentation compiler.
2026.06.02 10:34:30 INFO  no build target found for C:\Users\weron\OneDrive\Dokumenty\java\zad3\src\main\java\com\javamarkt\promotions\SingleProductCouponPromotion.java. Using fallback presentation compiler.
2026.06.02 10:34:30 INFO  no build target found for C:\Users\weron\OneDrive\Dokumenty\java\zad3\src\main\java\com\javamarkt\promotions\SingleProductCouponPromotion.java. Using fallback presentation compiler.
2026.06.02 10:34:30 INFO  no build target found for C:\Users\weron\OneDrive\Dokumenty\java\zad3\src\main\java\com\javamarkt\promotions\SingleProductCouponPromotion.java. Using fallback presentation compiler.
2026.06.02 10:34:31 INFO  no build target found for C:\Users\weron\OneDrive\Dokumenty\java\zad3\src\main\java\com\javamarkt\promotions\SingleProductCouponPromotion.java. Using fallback presentation compiler.
2026.06.02 10:34:31 WARN  no build target for: C:\Users\weron\OneDrive\Dokumenty\java\zad3\src\main\java\com\javamarkt\promotions\SingleProductCouponPromotion.java
2026.06.02 10:34:31 INFO  no build target found for C:\Users\weron\OneDrive\Dokumenty\java\zad3\src\main\java\com\javamarkt\promotions\SingleProductCouponPromotion.java. Using fallback presentation compiler.
2026.06.02 10:34:31 WARN  no build target for: C:\Users\weron\OneDrive\Dokumenty\java\zad3\src\main\java\com\javamarkt\promotions\SingleProductCouponPromotion.java
2026.06.02 10:34:31 INFO  no build target found for C:\Users\weron\OneDrive\Dokumenty\java\zad3\src\main\java\com\javamarkt\promotions\SingleProductCouponPromotion.java. Using fallback presentation compiler.
2026.06.02 10:34:31 WARN  no build target for: C:\Users\weron\OneDrive\Dokumenty\java\zad3\src\main\java\com\javamarkt\promotions\SingleProductCouponPromotion.java
2026.06.02 10:34:31 INFO  no build target found for C:\Users\weron\OneDrive\Dokumenty\java\zad3\src\main\java\com\javamarkt\promotions\SingleProductCouponPromotion.java. Using fallback presentation compiler.
2026.06.02 10:34:31 WARN  no build target for: C:\Users\weron\OneDrive\Dokumenty\java\zad3\src\main\java\com\javamarkt\promotions\SingleProductCouponPromotion.java
2026.06.02 10:34:31 INFO  no build target found for C:\Users\weron\OneDrive\Dokumenty\java\zad3\src\main\java\com\javamarkt\promotions\SingleProductCouponPromotion.java. Using fallback presentation compiler.
2026.06.02 10:34:48 INFO  no build target found for C:\Users\weron\OneDrive\Dokumenty\java\zad3\src\main\java\com\javamarkt\cart\util\ProductComparators.java. Using fallback presentation compiler.
2026.06.02 10:34:48 WARN  no build target for: C:\Users\weron\OneDrive\Dokumenty\java\zad3\src\main\java\com\javamarkt\cart\util\ProductComparators.java
2026.06.02 10:34:48 INFO  no build target found for C:\Users\weron\OneDrive\Dokumenty\java\zad3\src\main\java\com\javamarkt\cart\util\ProductComparators.java. Using fallback presentation compiler.
2026.06.02 10:34:48 INFO  no build target found for C:\Users\weron\OneDrive\Dokumenty\java\zad3\src\main\java\com\javamarkt\cart\util\ProductComparators.java. Using fallback presentation compiler.
2026.06.02 10:34:49 INFO  no build target found for C:\Users\weron\OneDrive\Dokumenty\java\zad3\src\main\java\com\javamarkt\cart\util\ProductComparators.java. Using fallback presentation compiler.
2026.06.02 10:34:50 INFO  no build target found for C:\Users\weron\OneDrive\Dokumenty\java\zad3\src\main\java\com\javamarkt\cart\util\ProductComparators.java. Using fallback presentation compiler.
cze 02, 2026 10:34:50 AM org.eclipse.lsp4j.jsonrpc.RemoteEndpoint fallbackResponseError
SEVERE: Internal error: java.lang.StringIndexOutOfBoundsException: Range [-1, 185) out of bounds for length 764
java.util.concurrent.CompletionException: java.lang.StringIndexOutOfBoundsException: Range [-1, 185) out of bounds for length 764
	at java.base/java.util.concurrent.CompletableFuture.wrapInCompletionException(CompletableFuture.java:323)
	at java.base/java.util.concurrent.CompletableFuture.encodeThrowable(CompletableFuture.java:376)
	at java.base/java.util.concurrent.CompletableFuture.completeThrowable(CompletableFuture.java:391)
	at java.base/java.util.concurrent.CompletableFuture$UniAccept.tryFire(CompletableFuture.java:752)
	at java.base/java.util.concurrent.CompletableFuture.postComplete(CompletableFuture.java:554)
	at java.base/java.util.concurrent.CompletableFuture.completeExceptionally(CompletableFuture.java:2238)
	at scala.meta.internal.metals.CancelTokens$.$anonfun$future$1(CancelTokens.scala:40)
	at scala.meta.internal.metals.CancelTokens$.$anonfun$future$1$adapted(CancelTokens.scala:38)
	at scala.concurrent.impl.Promise$Transformation.run(Promise.scala:517)
	at java.base/java.util.concurrent.ThreadPoolExecutor.runWorker(ThreadPoolExecutor.java:1144)
	at java.base/java.util.concurrent.ThreadPoolExecutor$Worker.run(ThreadPoolExecutor.java:642)
	at java.base/java.lang.Thread.run(Thread.java:1575)
Caused by: java.lang.StringIndexOutOfBoundsException: Range [-1, 185) out of bounds for length 764
	at java.base/jdk.internal.util.Preconditions$1.apply(Preconditions.java:55)
	at java.base/jdk.internal.util.Preconditions$1.apply(Preconditions.java:52)
	at java.base/jdk.internal.util.Preconditions$4.apply(Preconditions.java:213)
	at java.base/jdk.internal.util.Preconditions$4.apply(Preconditions.java:210)
	at java.base/jdk.internal.util.Preconditions.outOfBounds(Preconditions.java:98)
	at java.base/jdk.internal.util.Preconditions.outOfBoundsCheckFromToIndex(Preconditions.java:112)
	at java.base/jdk.internal.util.Preconditions.checkFromToIndex(Preconditions.java:349)
	at java.base/java.lang.String.checkBoundsBeginEnd(String.java:4963)
	at java.base/java.lang.String.substring(String.java:2925)
	at scala.meta.internal.pc.JavaMetalsGlobal.findIndentifierStartAndEnd(JavaMetalsGlobal.scala:87)
	at scala.meta.internal.pc.JavaDefinitionProvider.$anonfun$definitionImpl$5(JavaDefinitionProvider.scala:122)
	at scala.Option$WithFilter.map(Option.scala:242)
	at scala.meta.internal.pc.JavaDefinitionProvider.definitionImpl(JavaDefinitionProvider.scala:70)
	at scala.meta.internal.pc.JavaDefinitionProvider.definitionOffset(JavaDefinitionProvider.scala:53)
	at scala.meta.internal.pc.JavaDefinitionProvider.definition(JavaDefinitionProvider.scala:31)
	at scala.meta.internal.pc.JavaPresentationCompiler.definition(JavaPresentationCompiler.scala:98)
	at scala.meta.internal.metals.Compilers.$anonfun$definition$1(Compilers.scala:1230)
	at scala.meta.internal.metals.Compilers.$anonfun$withPCAndAdjustLsp$4(Compilers.scala:1543)
	at scala.Option.map(Option.scala:242)
	at scala.meta.internal.metals.Compilers.$anonfun$withPCAndAdjustLsp$3(Compilers.scala:1543)
	at scala.Option.flatMap(Option.scala:283)
	at scala.meta.internal.metals.Compilers.withPCAndAdjustLsp(Compilers.scala:1535)
	at scala.meta.internal.metals.Compilers.definition(Compilers.scala:1221)
	at scala.meta.internal.metals.Compilers.definition(Compilers.scala:1182)
	at scala.meta.internal.metals.DefinitionProvider.fromCompiler$1(DefinitionProvider.scala:97)
	at scala.meta.internal.metals.DefinitionProvider.$anonfun$definition$10(DefinitionProvider.scala:146)
	at scala.meta.internal.metals.DefinitionProvider.$anonfun$definition$15(DefinitionProvider.scala:153)
	at scala.concurrent.impl.Promise$Transformation.run(Promise.scala:503)
	... 3 more

2026.06.02 10:34:49 INFO  no build target found for C:\Users\weron\OneDrive\Dokumenty\java\zad3\src\main\java\com\javamarkt\cart\util\ProductComparators.java. Using fallback presentation compiler.
2026.06.02 10:34:49 INFO  no build target found for C:\Users\weron\OneDrive\Dokumenty\java\zad3\src\main\java\com\javamarkt\cart\util\ProductComparators.java. Using fallback presentation compiler.
2026.06.02 10:34:51 INFO  no build target found for C:\Users\weron\OneDrive\Dokumenty\java\zad3\src\main\java\com\javamarkt\cart\util\ProductComparators.java. Using fallback presentation compiler.
2026.06.02 10:34:51 INFO  no build target found for C:\Users\weron\OneDrive\Dokumenty\java\zad3\src\main\java\com\javamarkt\cart\util\ProductComparators.java. Using fallback presentation compiler.
2026.06.02 10:34:52 WARN  no build target for: C:\Users\weron\OneDrive\Dokumenty\java\zad3\src\main\java\com\javamarkt\cart\util\ProductComparators.java
2026.06.02 10:34:52 INFO  no build target found for C:\Users\weron\OneDrive\Dokumenty\java\zad3\src\main\java\com\javamarkt\cart\util\ProductComparators.java. Using fallback presentation compiler.
2026.06.02 10:34:52 WARN  no build target for: C:\Users\weron\OneDrive\Dokumenty\java\zad3\src\main\java\com\javamarkt\cart\util\ProductComparators.java
2026.06.02 10:34:52 INFO  no build target found for C:\Users\weron\OneDrive\Dokumenty\java\zad3\src\main\java\com\javamarkt\cart\util\ProductComparators.java. Using fallback presentation compiler.
2026.06.02 10:34:53 INFO  no build target found for C:\Users\weron\OneDrive\Dokumenty\java\zad3\src\main\java\com\javamarkt\cart\util\ProductComparators.java. Using fallback presentation compiler.
2026.06.02 10:35:01 WARN  no build target for: C:\Users\weron\OneDrive\Dokumenty\java\zad3\src\main\java\com\javamarkt\cart\util\ProductComparators.java
2026.06.02 10:35:01 INFO  no build target found for C:\Users\weron\OneDrive\Dokumenty\java\zad3\src\main\java\com\javamarkt\cart\util\ProductComparators.java. Using fallback presentation compiler.
2026.06.02 10:35:01 WARN  no build target for: C:\Users\weron\OneDrive\Dokumenty\java\zad3\src\main\java\com\javamarkt\cart\util\ProductComparators.java
2026.06.02 10:35:01 INFO  no build target found for C:\Users\weron\OneDrive\Dokumenty\java\zad3\src\main\java\com\javamarkt\cart\util\ProductComparators.java. Using fallback presentation compiler.
2026.06.02 10:35:11 WARN  no build target for: C:\Users\weron\OneDrive\Dokumenty\java\zad3\src\test\java\com\javamarkt\util\ProductUtilsTest.java
2026.06.02 10:35:11 INFO  no build target found for C:\Users\weron\OneDrive\Dokumenty\java\zad3\src\test\java\com\javamarkt\util\ProductUtilsTest.java. Using fallback presentation compiler.
2026.06.02 10:35:11 INFO  no build target found for C:\Users\weron\OneDrive\Dokumenty\java\zad3\src\test\java\com\javamarkt\util\ProductUtilsTest.java. Using fallback presentation compiler.
2026.06.02 10:35:11 INFO  no build target found for C:\Users\weron\OneDrive\Dokumenty\java\zad3\src\test\java\com\javamarkt\util\ProductUtilsTest.java. Using fallback presentation compiler.
2026.06.02 10:35:11 INFO  no build target found for C:\Users\weron\OneDrive\Dokumenty\java\zad3\src\test\java\com\javamarkt\util\ProductUtilsTest.java. Using fallback presentation compiler.
2026.06.02 10:35:11 INFO  no build target found for C:\Users\weron\OneDrive\Dokumenty\java\zad3\src\test\java\com\javamarkt\util\ProductUtilsTest.java. Using fallback presentation compiler.
2026.06.02 10:35:11 INFO  no build target found for C:\Users\weron\OneDrive\Dokumenty\java\zad3\src\test\java\com\javamarkt\util\ProductUtilsTest.java. Using fallback presentation compiler.
2026.06.02 10:38:20 INFO  no build target found for C:\Users\weron\OneDrive\Dokumenty\java\zad3\src\test\java\com\javamarkt\util\ProductUtilsTest.java. Using fallback presentation compiler.
2026.06.02 10:40:15 INFO  no build target found for C:\Users\weron\OneDrive\Dokumenty\java\zad3\src\test\java\com\javamarkt\util\ProductUtilsTest.java. Using fallback presentation compiler.
2026.06.02 10:40:15 INFO  no build target found for C:\Users\weron\OneDrive\Dokumenty\java\zad3\src\test\java\com\javamarkt\util\ProductUtilsTest.java. Using fallback presentation compiler.
2026.06.02 10:40:15 INFO  no build target found for C:\Users\weron\OneDrive\Dokumenty\java\zad3\src\test\java\com\javamarkt\util\ProductUtilsTest.java. Using fallback presentation compiler.
2026.06.02 10:42:09 WARN  no build target for: C:\Users\weron\OneDrive\Dokumenty\java\zad3\src\main\java\com\javamarkt\cart\ShoppingCart.java
2026.06.02 10:42:09 INFO  no build target found for C:\Users\weron\OneDrive\Dokumenty\java\zad3\src\main\java\com\javamarkt\cart\ShoppingCart.java. Using fallback presentation compiler.
2026.06.02 10:42:09 INFO  no build target found for C:\Users\weron\OneDrive\Dokumenty\java\zad3\src\main\java\com\javamarkt\cart\ShoppingCart.java. Using fallback presentation compiler.
2026.06.02 10:42:09 INFO  no build target found for C:\Users\weron\OneDrive\Dokumenty\java\zad3\src\main\java\com\javamarkt\cart\ShoppingCart.java. Using fallback presentation compiler.
2026.06.02 10:42:09 INFO  no build target found for C:\Users\weron\OneDrive\Dokumenty\java\zad3\src\main\java\com\javamarkt\cart\ShoppingCart.java. Using fallback presentation compiler.
2026.06.02 10:42:10 INFO  no build target found for C:\Users\weron\OneDrive\Dokumenty\java\zad3\src\main\java\com\javamarkt\cart\ShoppingCart.java. Using fallback presentation compiler.
2026.06.02 10:42:10 INFO  no build target found for C:\Users\weron\OneDrive\Dokumenty\java\zad3\src\main\java\com\javamarkt\cart\ShoppingCart.java. Using fallback presentation compiler.
2026.06.02 10:42:10 INFO  no build target found for C:\Users\weron\OneDrive\Dokumenty\java\zad3\src\main\java\com\javamarkt\cart\ShoppingCart.java. Using fallback presentation compiler.
2026.06.02 10:42:10 INFO  no build target found for C:\Users\weron\OneDrive\Dokumenty\java\zad3\src\main\java\com\javamarkt\cart\ShoppingCart.java. Using fallback presentation compiler.
2026.06.02 10:42:12 INFO  no build target found for C:\Users\weron\OneDrive\Dokumenty\java\zad3\src\main\java\com\javamarkt\cart\ShoppingCart.java. Using fallback presentation compiler.
2026.06.02 10:42:12 INFO  no build target found for C:\Users\weron\OneDrive\Dokumenty\java\zad3\src\main\java\com\javamarkt\cart\ShoppingCart.java. Using fallback presentation compiler.
2026.06.02 10:42:12 WARN  no build target for: C:\Users\weron\OneDrive\Dokumenty\java\zad3\src\main\java\com\javamarkt\cart\ShoppingCart.java
2026.06.02 10:42:12 INFO  no build target found for C:\Users\weron\OneDrive\Dokumenty\java\zad3\src\main\java\com\javamarkt\cart\ShoppingCart.java. Using fallback presentation compiler.
2026.06.02 10:42:12 WARN  no build target for: C:\Users\weron\OneDrive\Dokumenty\java\zad3\src\main\java\com\javamarkt\cart\ShoppingCart.java
2026.06.02 10:42:12 INFO  no build target found for C:\Users\weron\OneDrive\Dokumenty\java\zad3\src\main\java\com\javamarkt\cart\ShoppingCart.java. Using fallback presentation compiler.
2026.06.02 10:42:12 WARN  no build target for: C:\Users\weron\OneDrive\Dokumenty\java\zad3\src\main\java\com\javamarkt\cart\ShoppingCart.java
2026.06.02 10:42:12 INFO  no build target found for C:\Users\weron\OneDrive\Dokumenty\java\zad3\src\main\java\com\javamarkt\cart\ShoppingCart.java. Using fallback presentation compiler.
2026.06.02 10:42:14 INFO  no build target found for C:\Users\weron\OneDrive\Dokumenty\java\zad3\src\main\java\com\javamarkt\cart\ShoppingCart.java. Using fallback presentation compiler.
2026.06.02 10:42:14 INFO  no build target found for C:\Users\weron\OneDrive\Dokumenty\java\zad3\src\main\java\com\javamarkt\cart\ShoppingCart.java. Using fallback presentation compiler.
2026.06.02 10:42:20 INFO  no build target found for C:\Users\weron\OneDrive\Dokumenty\java\zad3\src\main\java\com\javamarkt\cart\ShoppingCart.java. Using fallback presentation compiler.
2026.06.02 10:42:20 INFO  no build target found for C:\Users\weron\OneDrive\Dokumenty\java\zad3\src\main\java\com\javamarkt\cart\ShoppingCart.java. Using fallback presentation compiler.
2026.06.02 10:42:21 INFO  no build target found for C:\Users\weron\OneDrive\Dokumenty\java\zad3\src\main\java\com\javamarkt\cart\ShoppingCart.java. Using fallback presentation compiler.
2026.06.02 10:42:21 INFO  Created report: Optional[file:///C:/Users/weron/OneDrive/Dokumenty/java/zad3/src/main/java/com/javamarkt/cart/ShoppingCart.java]
2026.06.02 10:42:21 INFO  empty definition using pc, found symbol in pc: _empty_/Promotion# (full report at: "C:\Users\weron\OneDrive\Dokumenty\java\zad3\.metals\.reports\metals-full\2026-06-02\r_empty-definition_10-42-21-315.md")
2026.06.02 10:42:21 WARN  no build target for: C:\Users\weron\OneDrive\Dokumenty\java\zad3\src\main\java\com\javamarkt\cart\ShoppingCart.java
2026.06.02 10:42:21 INFO  no build target found for C:\Users\weron\OneDrive\Dokumenty\java\zad3\src\main\java\com\javamarkt\cart\ShoppingCart.java. Using fallback presentation compiler.
2026.06.02 10:42:21 WARN  no build target for: C:\Users\weron\OneDrive\Dokumenty\java\zad3\src\main\java\com\javamarkt\cart\ShoppingCart.java
2026.06.02 10:42:21 INFO  no build target found for C:\Users\weron\OneDrive\Dokumenty\java\zad3\src\main\java\com\javamarkt\cart\ShoppingCart.java. Using fallback presentation compiler.
2026.06.02 10:42:22 INFO  no build target found for C:\Users\weron\OneDrive\Dokumenty\java\zad3\src\main\java\com\javamarkt\cart\ShoppingCart.java. Using fallback presentation compiler.
2026.06.02 10:42:27 INFO  no build target found for C:\Users\weron\OneDrive\Dokumenty\java\zad3\src\main\java\com\javamarkt\cart\ShoppingCart.java. Using fallback presentation compiler.
2026.06.02 10:42:27 INFO  no build target found for C:\Users\weron\OneDrive\Dokumenty\java\zad3\src\main\java\com\javamarkt\cart\ShoppingCart.java. Using fallback presentation compiler.
2026.06.02 10:42:27 INFO  no build target found for C:\Users\weron\OneDrive\Dokumenty\java\zad3\src\main\java\com\javamarkt\cart\ShoppingCart.java. Using fallback presentation compiler.
2026.06.02 10:42:27 WARN  no build target for: C:\Users\weron\OneDrive\Dokumenty\java\zad3\src\main\java\com\javamarkt\cart\ShoppingCart.java
2026.06.02 10:42:27 INFO  no build target found for C:\Users\weron\OneDrive\Dokumenty\java\zad3\src\main\java\com\javamarkt\cart\ShoppingCart.java. Using fallback presentation compiler.
2026.06.02 10:42:29 INFO  no build target found for C:\Users\weron\OneDrive\Dokumenty\java\zad3\src\main\java\com\javamarkt\cart\ShoppingCart.java. Using fallback presentation compiler.
2026.06.02 10:42:35 WARN  no build target for: C:\Users\weron\OneDrive\Dokumenty\java\zad3\src\main\java\com\javamarkt\cart\BestPromotionOrderFinder.java
2026.06.02 10:42:35 INFO  no build target found for C:\Users\weron\OneDrive\Dokumenty\java\zad3\src\main\java\com\javamarkt\cart\BestPromotionOrderFinder.java. Using fallback presentation compiler.
2026.06.02 10:42:35 INFO  no build target found for C:\Users\weron\OneDrive\Dokumenty\java\zad3\src\main\java\com\javamarkt\cart\BestPromotionOrderFinder.java. Using fallback presentation compiler.
2026.06.02 10:42:35 INFO  no build target found for C:\Users\weron\OneDrive\Dokumenty\java\zad3\src\main\java\com\javamarkt\cart\BestPromotionOrderFinder.java. Using fallback presentation compiler.
2026.06.02 10:42:35 INFO  no build target found for C:\Users\weron\OneDrive\Dokumenty\java\zad3\src\main\java\com\javamarkt\cart\BestPromotionOrderFinder.java. Using fallback presentation compiler.
2026.06.02 10:42:36 INFO  no build target found for C:\Users\weron\OneDrive\Dokumenty\java\zad3\src\main\java\com\javamarkt\cart\BestPromotionOrderFinder.java. Using fallback presentation compiler.
2026.06.02 10:42:35 INFO  no build target found for C:\Users\weron\OneDrive\Dokumenty\java\zad3\src\main\java\com\javamarkt\cart\BestPromotionOrderFinder.java. Using fallback presentation compiler.
2026.06.02 10:42:37 INFO  no build target found for C:\Users\weron\OneDrive\Dokumenty\java\zad3\src\main\java\com\javamarkt\cart\BestPromotionOrderFinder.java. Using fallback presentation compiler.
2026.06.02 10:42:37 INFO  no build target found for C:\Users\weron\OneDrive\Dokumenty\java\zad3\src\main\java\com\javamarkt\cart\BestPromotionOrderFinder.java. Using fallback presentation compiler.
2026.06.02 10:42:37 INFO  no build target found for C:\Users\weron\OneDrive\Dokumenty\java\zad3\src\main\java\com\javamarkt\cart\BestPromotionOrderFinder.java. Using fallback presentation compiler.
2026.06.02 10:42:37 INFO  no build target found for C:\Users\weron\OneDrive\Dokumenty\java\zad3\src\main\java\com\javamarkt\cart\BestPromotionOrderFinder.java. Using fallback presentation compiler.
2026.06.02 10:42:38 INFO  no build target found for C:\Users\weron\OneDrive\Dokumenty\java\zad3\src\main\java\com\javamarkt\cart\BestPromotionOrderFinder.java. Using fallback presentation compiler.
2026.06.02 10:42:38 INFO  no build target found for C:\Users\weron\OneDrive\Dokumenty\java\zad3\src\main\java\com\javamarkt\cart\BestPromotionOrderFinder.java. Using fallback presentation compiler.
2026.06.02 10:42:38 WARN  no build target for: C:\Users\weron\OneDrive\Dokumenty\java\zad3\src\main\java\com\javamarkt\cart\BestPromotionOrderFinder.java
2026.06.02 10:42:38 INFO  no build target found for C:\Users\weron\OneDrive\Dokumenty\java\zad3\src\main\java\com\javamarkt\cart\BestPromotionOrderFinder.java. Using fallback presentation compiler.
2026.06.02 10:42:39 WARN  no build target for: C:\Users\weron\OneDrive\Dokumenty\java\zad3\src\main\java\com\javamarkt\cart\BestPromotionOrderFinder.java
2026.06.02 10:42:39 INFO  no build target found for C:\Users\weron\OneDrive\Dokumenty\java\zad3\src\main\java\com\javamarkt\cart\BestPromotionOrderFinder.java. Using fallback presentation compiler.
2026.06.02 10:42:39 WARN  no build target for: C:\Users\weron\OneDrive\Dokumenty\java\zad3\src\main\java\com\javamarkt\cart\BestPromotionOrderFinder.java
2026.06.02 10:42:39 INFO  no build target found for C:\Users\weron\OneDrive\Dokumenty\java\zad3\src\main\java\com\javamarkt\cart\BestPromotionOrderFinder.java. Using fallback presentation compiler.
2026.06.02 10:42:40 INFO  no build target found for C:\Users\weron\OneDrive\Dokumenty\java\zad3\src\main\java\com\javamarkt\cart\BestPromotionOrderFinder.java. Using fallback presentation compiler.
2026.06.02 10:42:41 INFO  no build target found for C:\Users\weron\OneDrive\Dokumenty\java\zad3\src\main\java\com\javamarkt\cart\BestPromotionOrderFinder.java. Using fallback presentation compiler.
2026.06.02 10:42:41 INFO  no build target found for C:\Users\weron\OneDrive\Dokumenty\java\zad3\src\main\java\com\javamarkt\cart\BestPromotionOrderFinder.java. Using fallback presentation compiler.
2026.06.02 10:42:43 INFO  no build target found for C:\Users\weron\OneDrive\Dokumenty\java\zad3\src\main\java\com\javamarkt\cart\BestPromotionOrderFinder.java. Using fallback presentation compiler.
2026.06.02 10:43:49 WARN  no build target for: C:\Users\weron\OneDrive\Dokumenty\java\zad3\src\main\java\com\javamarkt\cart\util\ProductUtils.java
2026.06.02 10:43:49 INFO  no build target found for C:\Users\weron\OneDrive\Dokumenty\java\zad3\src\main\java\com\javamarkt\cart\util\ProductUtils.java. Using fallback presentation compiler.
2026.06.02 10:43:49 WARN  Running javac-semanticdb failed for file:///C:/Users/weron/OneDrive/Dokumenty/java/zad3/src/main/java/com/javamarkt/cart/util/ProductUtils.java. Output:

2026.06.02 10:43:49 INFO  no build target found for C:\Users\weron\OneDrive\Dokumenty\java\zad3\src\main\java\com\javamarkt\cart\util\ProductUtils.java. Using fallback presentation compiler.
cze 02, 2026 10:43:49 AM org.eclipse.lsp4j.jsonrpc.RemoteEndpoint handleCancellation
WARNING: Unmatched cancel notification for request id 790
2026.06.02 10:43:49 INFO  no build target found for C:\Users\weron\OneDrive\Dokumenty\java\zad3\src\main\java\com\javamarkt\cart\util\ProductUtils.java. Using fallback presentation compiler.
2026.06.02 10:43:49 INFO  no build target found for C:\Users\weron\OneDrive\Dokumenty\java\zad3\src\main\java\com\javamarkt\cart\util\ProductUtils.java. Using fallback presentation compiler.
2026.06.02 10:43:49 INFO  no build target found for C:\Users\weron\OneDrive\Dokumenty\java\zad3\src\main\java\com\javamarkt\cart\util\ProductUtils.java. Using fallback presentation compiler.
2026.06.02 10:43:49 WARN  Running javac-semanticdb failed for file:///C:/Users/weron/OneDrive/Dokumenty/java/zad3/src/main/java/com/javamarkt/cart/util/ProductUtils.java. Output:

2026.06.02 10:43:54 INFO  no build target found for C:\Users\weron\OneDrive\Dokumenty\java\zad3\src\main\java\com\javamarkt\cart\util\ProductUtils.java. Using fallback presentation compiler.
2026.06.02 10:43:54 INFO  no build target found for C:\Users\weron\OneDrive\Dokumenty\java\zad3\src\main\java\com\javamarkt\cart\util\ProductUtils.java. Using fallback presentation compiler.
2026.06.02 10:43:54 INFO  no build target found for C:\Users\weron\OneDrive\Dokumenty\java\zad3\src\main\java\com\javamarkt\cart\util\ProductUtils.java. Using fallback presentation compiler.
2026.06.02 10:43:54 WARN  Running javac-semanticdb failed for file:///C:/Users/weron/OneDrive/Dokumenty/java/zad3/src/main/java/com/javamarkt/cart/util/ProductUtils.java. Output:

2026.06.02 10:43:54 INFO  no build target found for C:\Users\weron\OneDrive\Dokumenty\java\zad3\src\main\java\com\javamarkt\cart\util\ProductUtils.java. Using fallback presentation compiler.
2026.06.02 10:43:54 WARN  no build target for: C:\Users\weron\OneDrive\Dokumenty\java\zad3\src\main\java\com\javamarkt\cart\util\ProductUtils.java
2026.06.02 10:43:54 INFO  no build target found for C:\Users\weron\OneDrive\Dokumenty\java\zad3\src\main\java\com\javamarkt\cart\util\ProductUtils.java. Using fallback presentation compiler.
2026.06.02 10:43:54 WARN  no build target for: C:\Users\weron\OneDrive\Dokumenty\java\zad3\src\main\java\com\javamarkt\cart\util\ProductUtils.java
2026.06.02 10:43:55 INFO  no build target found for C:\Users\weron\OneDrive\Dokumenty\java\zad3\src\main\java\com\javamarkt\cart\util\ProductUtils.java. Using fallback presentation compiler.
2026.06.02 10:43:55 WARN  no build target for: C:\Users\weron\OneDrive\Dokumenty\java\zad3\src\main\java\com\javamarkt\cart\util\ProductUtils.java
2026.06.02 10:43:55 INFO  no build target found for C:\Users\weron\OneDrive\Dokumenty\java\zad3\src\main\java\com\javamarkt\cart\util\ProductUtils.java. Using fallback presentation compiler.
2026.06.02 10:43:55 WARN  no build target for: C:\Users\weron\OneDrive\Dokumenty\java\zad3\src\main\java\com\javamarkt\cart\util\ProductUtils.java
2026.06.02 10:43:55 INFO  no build target found for C:\Users\weron\OneDrive\Dokumenty\java\zad3\src\main\java\com\javamarkt\cart\util\ProductUtils.java. Using fallback presentation compiler.
2026.06.02 10:43:54 WARN  no build target for: C:\Users\weron\OneDrive\Dokumenty\java\zad3\src\main\java\com\javamarkt\cart\util\ProductUtils.java
2026.06.02 10:43:55 INFO  no build target found for C:\Users\weron\OneDrive\Dokumenty\java\zad3\src\main\java\com\javamarkt\cart\util\ProductUtils.java. Using fallback presentation compiler.
2026.06.02 10:43:56 INFO  no build target found for C:\Users\weron\OneDrive\Dokumenty\java\zad3\src\main\java\com\javamarkt\cart\util\ProductUtils.java. Using fallback presentation compiler.
2026.06.02 10:45:29 INFO  no build target found for C:\Users\weron\OneDrive\Dokumenty\java\zad3\src\test\java\com\javamarkt\util\ProductUtilsTest.java. Using fallback presentation compiler.
2026.06.02 10:45:29 WARN  no build target for: C:\Users\weron\OneDrive\Dokumenty\java\zad3\src\test\java\com\javamarkt\util\ProductUtilsTest.java
2026.06.02 10:45:29 INFO  no build target found for C:\Users\weron\OneDrive\Dokumenty\java\zad3\src\test\java\com\javamarkt\util\ProductUtilsTest.java. Using fallback presentation compiler.
2026.06.02 10:45:29 INFO  no build target found for C:\Users\weron\OneDrive\Dokumenty\java\zad3\src\test\java\com\javamarkt\util\ProductUtilsTest.java. Using fallback presentation compiler.
2026.06.02 10:45:29 INFO  no build target found for C:\Users\weron\OneDrive\Dokumenty\java\zad3\src\test\java\com\javamarkt\util\ProductUtilsTest.java. Using fallback presentation compiler.
2026.06.02 10:45:29 INFO  no build target found for C:\Users\weron\OneDrive\Dokumenty\java\zad3\src\test\java\com\javamarkt\util\ProductUtilsTest.java. Using fallback presentation compiler.
2026.06.02 10:45:29 INFO  no build target found for C:\Users\weron\OneDrive\Dokumenty\java\zad3\src\test\java\com\javamarkt\util\ProductUtilsTest.java. Using fallback presentation compiler.
2026.06.02 10:45:30 INFO  no build target found for C:\Users\weron\OneDrive\Dokumenty\java\zad3\src\test\java\com\javamarkt\util\ProductUtilsTest.java. Using fallback presentation compiler.
2026.06.02 10:45:30 INFO  no build target found for C:\Users\weron\OneDrive\Dokumenty\java\zad3\src\test\java\com\javamarkt\util\ProductUtilsTest.java. Using fallback presentation compiler.
2026.06.02 10:45:30 INFO  no build target found for C:\Users\weron\OneDrive\Dokumenty\java\zad3\src\test\java\com\javamarkt\util\ProductUtilsTest.java. Using fallback presentation compiler.
2026.06.02 10:45:30 INFO  no build target found for C:\Users\weron\OneDrive\Dokumenty\java\zad3\src\test\java\com\javamarkt\util\ProductUtilsTest.java. Using fallback presentation compiler.
2026.06.02 10:45:31 INFO  no build target found for C:\Users\weron\OneDrive\Dokumenty\java\zad3\src\test\java\com\javamarkt\util\ProductUtilsTest.java. Using fallback presentation compiler.
2026.06.02 10:45:31 WARN  no build target for: C:\Users\weron\OneDrive\Dokumenty\java\zad3\src\test\java\com\javamarkt\util\ProductUtilsTest.java
2026.06.02 10:45:31 INFO  no build target found for C:\Users\weron\OneDrive\Dokumenty\java\zad3\src\test\java\com\javamarkt\util\ProductUtilsTest.java. Using fallback presentation compiler.
2026.06.02 10:45:31 WARN  no build target for: C:\Users\weron\OneDrive\Dokumenty\java\zad3\src\test\java\com\javamarkt\util\ProductUtilsTest.java
2026.06.02 10:45:31 INFO  no build target found for C:\Users\weron\OneDrive\Dokumenty\java\zad3\src\test\java\com\javamarkt\util\ProductUtilsTest.java. Using fallback presentation compiler.
2026.06.02 10:45:31 WARN  no build target for: C:\Users\weron\OneDrive\Dokumenty\java\zad3\src\test\java\com\javamarkt\util\ProductUtilsTest.java
2026.06.02 10:45:32 INFO  no build target found for C:\Users\weron\OneDrive\Dokumenty\java\zad3\src\test\java\com\javamarkt\util\ProductUtilsTest.java. Using fallback presentation compiler.
2026.06.02 10:45:32 WARN  no build target for: C:\Users\weron\OneDrive\Dokumenty\java\zad3\src\test\java\com\javamarkt\util\ProductUtilsTest.java
2026.06.02 10:45:32 INFO  no build target found for C:\Users\weron\OneDrive\Dokumenty\java\zad3\src\test\java\com\javamarkt\util\ProductUtilsTest.java. Using fallback presentation compiler.
2026.06.02 10:45:31 WARN  no build target for: C:\Users\weron\OneDrive\Dokumenty\java\zad3\src\test\java\com\javamarkt\util\ProductUtilsTest.java
2026.06.02 10:45:31 INFO  no build target found for C:\Users\weron\OneDrive\Dokumenty\java\zad3\src\test\java\com\javamarkt\util\ProductUtilsTest.java. Using fallback presentation compiler.
2026.06.02 10:45:31 WARN  no build target for: C:\Users\weron\OneDrive\Dokumenty\java\zad3\src\test\java\com\javamarkt\util\ProductUtilsTest.java
2026.06.02 10:45:32 INFO  no build target found for C:\Users\weron\OneDrive\Dokumenty\java\zad3\src\test\java\com\javamarkt\util\ProductUtilsTest.java. Using fallback presentation compiler.
2026.06.02 10:45:39 WARN  no build target for: C:\Users\weron\OneDrive\Dokumenty\java\zad3\src\test\java\com\javamarkt\promotions\PromotionsTest.java
2026.06.02 10:45:39 INFO  no build target found for C:\Users\weron\OneDrive\Dokumenty\java\zad3\src\test\java\com\javamarkt\promotions\PromotionsTest.java. Using fallback presentation compiler.
2026.06.02 10:45:39 INFO  no build target found for C:\Users\weron\OneDrive\Dokumenty\java\zad3\src\test\java\com\javamarkt\promotions\PromotionsTest.java. Using fallback presentation compiler.
2026.06.02 10:45:39 INFO  no build target found for C:\Users\weron\OneDrive\Dokumenty\java\zad3\src\test\java\com\javamarkt\promotions\PromotionsTest.java. Using fallback presentation compiler.
2026.06.02 10:45:39 INFO  no build target found for C:\Users\weron\OneDrive\Dokumenty\java\zad3\src\test\java\com\javamarkt\promotions\PromotionsTest.java. Using fallback presentation compiler.
2026.06.02 10:45:39 INFO  no build target found for C:\Users\weron\OneDrive\Dokumenty\java\zad3\src\test\java\com\javamarkt\promotions\PromotionsTest.java. Using fallback presentation compiler.
2026.06.02 10:45:39 INFO  no build target found for C:\Users\weron\OneDrive\Dokumenty\java\zad3\src\test\java\com\javamarkt\promotions\PromotionsTest.java. Using fallback presentation compiler.
2026.06.02 10:45:39 INFO  no build target found for C:\Users\weron\OneDrive\Dokumenty\java\zad3\src\test\java\com\javamarkt\promotions\PromotionsTest.java. Using fallback presentation compiler.
2026.06.02 10:45:39 INFO  no build target found for C:\Users\weron\OneDrive\Dokumenty\java\zad3\src\test\java\com\javamarkt\promotions\PromotionsTest.java. Using fallback presentation compiler.
2026.06.02 10:45:40 INFO  no build target found for C:\Users\weron\OneDrive\Dokumenty\java\zad3\src\test\java\com\javamarkt\promotions\PromotionsTest.java. Using fallback presentation compiler.
2026.06.02 10:45:40 INFO  no build target found for C:\Users\weron\OneDrive\Dokumenty\java\zad3\src\test\java\com\javamarkt\promotions\PromotionsTest.java. Using fallback presentation compiler.
2026.06.02 10:45:40 INFO  no build target found for C:\Users\weron\OneDrive\Dokumenty\java\zad3\src\test\java\com\javamarkt\promotions\PromotionsTest.java. Using fallback presentation compiler.
2026.06.02 10:45:40 INFO  no build target found for C:\Users\weron\OneDrive\Dokumenty\java\zad3\src\test\java\com\javamarkt\promotions\PromotionsTest.java. Using fallback presentation compiler.
2026.06.02 10:45:41 INFO  no build target found for C:\Users\weron\OneDrive\Dokumenty\java\zad3\src\test\java\com\javamarkt\promotions\PromotionsTest.java. Using fallback presentation compiler.
2026.06.02 10:45:41 WARN  no build target for: C:\Users\weron\OneDrive\Dokumenty\java\zad3\src\test\java\com\javamarkt\promotions\PromotionsTest.java
2026.06.02 10:45:41 INFO  no build target found for C:\Users\weron\OneDrive\Dokumenty\java\zad3\src\test\java\com\javamarkt\promotions\PromotionsTest.java. Using fallback presentation compiler.
2026.06.02 10:45:41 WARN  no build target for: C:\Users\weron\OneDrive\Dokumenty\java\zad3\src\test\java\com\javamarkt\promotions\PromotionsTest.java
2026.06.02 10:45:41 INFO  no build target found for C:\Users\weron\OneDrive\Dokumenty\java\zad3\src\test\java\com\javamarkt\promotions\PromotionsTest.java. Using fallback presentation compiler.
2026.06.02 10:45:41 WARN  no build target for: C:\Users\weron\OneDrive\Dokumenty\java\zad3\src\test\java\com\javamarkt\promotions\PromotionsTest.java
2026.06.02 10:45:41 INFO  no build target found for C:\Users\weron\OneDrive\Dokumenty\java\zad3\src\test\java\com\javamarkt\promotions\PromotionsTest.java. Using fallback presentation compiler.
2026.06.02 10:45:41 WARN  no build target for: C:\Users\weron\OneDrive\Dokumenty\java\zad3\src\test\java\com\javamarkt\promotions\PromotionsTest.java
2026.06.02 10:45:41 INFO  no build target found for C:\Users\weron\OneDrive\Dokumenty\java\zad3\src\test\java\com\javamarkt\promotions\PromotionsTest.java. Using fallback presentation compiler.
2026.06.02 10:45:41 WARN  no build target for: C:\Users\weron\OneDrive\Dokumenty\java\zad3\src\test\java\com\javamarkt\promotions\PromotionsTest.java
2026.06.02 10:45:41 INFO  no build target found for C:\Users\weron\OneDrive\Dokumenty\java\zad3\src\test\java\com\javamarkt\promotions\PromotionsTest.java. Using fallback presentation compiler.
2026.06.02 10:47:08 INFO  no build target found for C:\Users\weron\OneDrive\Dokumenty\java\zad3\src\test\java\com\javamarkt\promotions\PromotionsTest.java. Using fallback presentation compiler.
cze 02, 2026 10:47:08 AM org.eclipse.lsp4j.jsonrpc.RemoteEndpoint handleCancellation
WARNING: Unmatched cancel notification for request id 882
2026.06.02 10:47:12 INFO  no build target found for C:\Users\weron\OneDrive\Dokumenty\java\zad3\src\main\java\com\javamarkt\cart\BestPromotionOrderFinder.java. Using fallback presentation compiler.
2026.06.02 10:47:12 WARN  no build target for: C:\Users\weron\OneDrive\Dokumenty\java\zad3\src\main\java\com\javamarkt\cart\BestPromotionOrderFinder.java
2026.06.02 10:47:12 INFO  no build target found for C:\Users\weron\OneDrive\Dokumenty\java\zad3\src\main\java\com\javamarkt\cart\BestPromotionOrderFinder.java. Using fallback presentation compiler.
2026.06.02 10:47:14 INFO  no build target found for C:\Users\weron\OneDrive\Dokumenty\java\zad3\src\main\java\com\javamarkt\cart\BestPromotionOrderFinder.java. Using fallback presentation compiler.
2026.06.02 10:47:14 INFO  no build target found for C:\Users\weron\OneDrive\Dokumenty\java\zad3\src\main\java\com\javamarkt\cart\BestPromotionOrderFinder.java. Using fallback presentation compiler.
2026.06.02 10:47:20 INFO  no build target found for C:\Users\weron\OneDrive\Dokumenty\java\zad3\src\main\java\com\javamarkt\cart\BestPromotionOrderFinder.java. Using fallback presentation compiler.
2026.06.02 10:47:22 INFO  no build target found for C:\Users\weron\OneDrive\Dokumenty\java\zad3\src\main\java\com\javamarkt\cart\BestPromotionOrderFinder.java. Using fallback presentation compiler.
2026.06.02 10:47:22 INFO  no build target found for C:\Users\weron\OneDrive\Dokumenty\java\zad3\src\main\java\com\javamarkt\cart\BestPromotionOrderFinder.java. Using fallback presentation compiler.
2026.06.02 10:47:25 INFO  no build target found for C:\Users\weron\OneDrive\Dokumenty\java\zad3\src\main\java\com\javamarkt\cart\BestPromotionOrderFinder.java. Using fallback presentation compiler.
2026.06.02 10:47:25 INFO  no build target found for C:\Users\weron\OneDrive\Dokumenty\java\zad3\src\main\java\com\javamarkt\cart\BestPromotionOrderFinder.java. Using fallback presentation compiler.
2026.06.02 10:47:25 INFO  no build target found for C:\Users\weron\OneDrive\Dokumenty\java\zad3\src\main\java\com\javamarkt\cart\BestPromotionOrderFinder.java. Using fallback presentation compiler.
2026.06.02 10:47:25 WARN  no build target for: C:\Users\weron\OneDrive\Dokumenty\java\zad3\src\main\java\com\javamarkt\cart\BestPromotionOrderFinder.java
2026.06.02 10:47:25 INFO  no build target found for C:\Users\weron\OneDrive\Dokumenty\java\zad3\src\main\java\com\javamarkt\cart\BestPromotionOrderFinder.java. Using fallback presentation compiler.
2026.06.02 10:47:26 INFO  no build target found for C:\Users\weron\OneDrive\Dokumenty\java\zad3\src\main\java\com\javamarkt\cart\BestPromotionOrderFinder.java. Using fallback presentation compiler.
2026.06.02 10:47:26 INFO  no build target found for C:\Users\weron\OneDrive\Dokumenty\java\zad3\src\main\java\com\javamarkt\cart\BestPromotionOrderFinder.java. Using fallback presentation compiler.
2026.06.02 10:47:26 INFO  no build target found for C:\Users\weron\OneDrive\Dokumenty\java\zad3\src\main\java\com\javamarkt\cart\BestPromotionOrderFinder.java. Using fallback presentation compiler.
2026.06.02 10:47:33 INFO  no build target found for C:\Users\weron\OneDrive\Dokumenty\java\zad3\src\main\java\com\javamarkt\cart\ShoppingCart.java. Using fallback presentation compiler.
2026.06.02 10:47:33 WARN  no build target for: C:\Users\weron\OneDrive\Dokumenty\java\zad3\src\main\java\com\javamarkt\cart\ShoppingCart.java
2026.06.02 10:47:33 INFO  no build target found for C:\Users\weron\OneDrive\Dokumenty\java\zad3\src\main\java\com\javamarkt\cart\ShoppingCart.java. Using fallback presentation compiler.
2026.06.02 10:47:33 INFO  no build target found for C:\Users\weron\OneDrive\Dokumenty\java\zad3\src\main\java\com\javamarkt\cart\ShoppingCart.java. Using fallback presentation compiler.
2026.06.02 10:47:33 INFO  no build target found for C:\Users\weron\OneDrive\Dokumenty\java\zad3\src\main\java\com\javamarkt\cart\ShoppingCart.java. Using fallback presentation compiler.
2026.06.02 10:47:33 INFO  no build target found for C:\Users\weron\OneDrive\Dokumenty\java\zad3\src\main\java\com\javamarkt\cart\ShoppingCart.java. Using fallback presentation compiler.
2026.06.02 10:47:34 INFO  no build target found for C:\Users\weron\OneDrive\Dokumenty\java\zad3\src\main\java\com\javamarkt\cart\ShoppingCart.java. Using fallback presentation compiler.
2026.06.02 10:47:34 INFO  no build target found for C:\Users\weron\OneDrive\Dokumenty\java\zad3\src\main\java\com\javamarkt\cart\ShoppingCart.java. Using fallback presentation compiler.
2026.06.02 10:47:47 INFO  no build target found for C:\Users\weron\OneDrive\Dokumenty\java\zad3\src\test\java\com\javamarkt\promotions\PromotionsTest.java. Using fallback presentation compiler.
2026.06.02 10:47:47 WARN  no build target for: C:\Users\weron\OneDrive\Dokumenty\java\zad3\src\test\java\com\javamarkt\promotions\PromotionsTest.java
2026.06.02 10:47:47 INFO  no build target found for C:\Users\weron\OneDrive\Dokumenty\java\zad3\src\test\java\com\javamarkt\promotions\PromotionsTest.java. Using fallback presentation compiler.
2026.06.02 10:47:47 INFO  no build target found for C:\Users\weron\OneDrive\Dokumenty\java\zad3\src\test\java\com\javamarkt\promotions\PromotionsTest.java. Using fallback presentation compiler.
2026.06.02 10:47:48 INFO  no build target found for C:\Users\weron\OneDrive\Dokumenty\java\zad3\src\test\java\com\javamarkt\promotions\PromotionsTest.java. Using fallback presentation compiler.
2026.06.02 10:47:48 INFO  no build target found for C:\Users\weron\OneDrive\Dokumenty\java\zad3\src\test\java\com\javamarkt\promotions\PromotionsTest.java. Using fallback presentation compiler.
2026.06.02 10:47:48 INFO  no build target found for C:\Users\weron\OneDrive\Dokumenty\java\zad3\src\test\java\com\javamarkt\promotions\PromotionsTest.java. Using fallback presentation compiler.
2026.06.02 10:47:48 INFO  no build target found for C:\Users\weron\OneDrive\Dokumenty\java\zad3\src\test\java\com\javamarkt\promotions\PromotionsTest.java. Using fallback presentation compiler.
2026.06.02 10:47:50 INFO  no build target found for C:\Users\weron\OneDrive\Dokumenty\java\zad3\src\test\java\com\javamarkt\promotions\PromotionsTest.java. Using fallback presentation compiler.
2026.06.02 10:47:50 INFO  no build target found for C:\Users\weron\OneDrive\Dokumenty\java\zad3\src\test\java\com\javamarkt\promotions\PromotionsTest.java. Using fallback presentation compiler.
2026.06.02 10:47:56 INFO  no build target found for C:\Users\weron\OneDrive\Dokumenty\java\zad3\src\test\java\com\javamarkt\promotions\PromotionsTest.java. Using fallback presentation compiler.
2026.06.02 10:47:59 INFO  no build target found for C:\Users\weron\OneDrive\Dokumenty\java\zad3\src\test\java\com\javamarkt\promotions\PromotionsTest.java. Using fallback presentation compiler.
2026.06.02 10:47:59 INFO  no build target found for C:\Users\weron\OneDrive\Dokumenty\java\zad3\src\test\java\com\javamarkt\promotions\PromotionsTest.java. Using fallback presentation compiler.
2026.06.02 10:48:04 INFO  no build target found for C:\Users\weron\OneDrive\Dokumenty\java\zad3\src\test\java\com\javamarkt\promotions\PromotionsTest.java. Using fallback presentation compiler.
2026.06.02 10:48:04 INFO  no build target found for C:\Users\weron\OneDrive\Dokumenty\java\zad3\src\test\java\com\javamarkt\promotions\PromotionsTest.java. Using fallback presentation compiler.
2026.06.02 10:48:06 INFO  no build target found for C:\Users\weron\OneDrive\Dokumenty\java\zad3\src\test\java\com\javamarkt\promotions\PromotionsTest.java. Using fallback presentation compiler.
2026.06.02 10:48:06 INFO  no build target found for C:\Users\weron\OneDrive\Dokumenty\java\zad3\src\test\java\com\javamarkt\promotions\PromotionsTest.java. Using fallback presentation compiler.
2026.06.02 10:48:11 INFO  no build target found for C:\Users\weron\OneDrive\Dokumenty\java\zad3\src\test\java\com\javamarkt\promotions\PromotionsTest.java. Using fallback presentation compiler.
2026.06.02 10:48:11 INFO  no build target found for C:\Users\weron\OneDrive\Dokumenty\java\zad3\src\test\java\com\javamarkt\promotions\PromotionsTest.java. Using fallback presentation compiler.
2026.06.02 10:48:11 INFO  no build target found for C:\Users\weron\OneDrive\Dokumenty\java\zad3\src\test\java\com\javamarkt\promotions\PromotionsTest.java. Using fallback presentation compiler.
2026.06.02 10:48:13 INFO  no build target found for C:\Users\weron\OneDrive\Dokumenty\java\zad3\src\test\java\com\javamarkt\promotions\PromotionsTest.java. Using fallback presentation compiler.
2026.06.02 10:48:18 INFO  no build target found for C:\Users\weron\OneDrive\Dokumenty\java\zad3\src\test\java\com\javamarkt\util\ProductUtilsTest.java. Using fallback presentation compiler.
2026.06.02 10:48:18 WARN  no build target for: C:\Users\weron\OneDrive\Dokumenty\java\zad3\src\test\java\com\javamarkt\util\ProductUtilsTest.java
2026.06.02 10:48:19 INFO  no build target found for C:\Users\weron\OneDrive\Dokumenty\java\zad3\src\test\java\com\javamarkt\util\ProductUtilsTest.java. Using fallback presentation compiler.
2026.06.02 10:48:20 INFO  no build target found for C:\Users\weron\OneDrive\Dokumenty\java\zad3\src\test\java\com\javamarkt\util\ProductUtilsTest.java. Using fallback presentation compiler.
2026.06.02 10:49:07 INFO  no build target found for C:\Users\weron\OneDrive\Dokumenty\java\zad3\src\main\java\com\javamarkt\cart\BestPromotionOrderFinder.java. Using fallback presentation compiler.
2026.06.02 10:49:07 WARN  no build target for: C:\Users\weron\OneDrive\Dokumenty\java\zad3\src\main\java\com\javamarkt\cart\BestPromotionOrderFinder.java
2026.06.02 10:49:07 INFO  no build target found for C:\Users\weron\OneDrive\Dokumenty\java\zad3\src\main\java\com\javamarkt\cart\BestPromotionOrderFinder.java. Using fallback presentation compiler.
2026.06.02 10:49:07 INFO  no build target found for C:\Users\weron\OneDrive\Dokumenty\java\zad3\src\main\java\com\javamarkt\cart\BestPromotionOrderFinder.java. Using fallback presentation compiler.
2026.06.02 10:49:07 INFO  no build target found for C:\Users\weron\OneDrive\Dokumenty\java\zad3\src\main\java\com\javamarkt\cart\BestPromotionOrderFinder.java. Using fallback presentation compiler.
2026.06.02 10:49:07 INFO  no build target found for C:\Users\weron\OneDrive\Dokumenty\java\zad3\src\main\java\com\javamarkt\cart\BestPromotionOrderFinder.java. Using fallback presentation compiler.
2026.06.02 10:49:10 INFO  no build target found for C:\Users\weron\OneDrive\Dokumenty\java\zad3\src\main\java\com\javamarkt\cart\ShoppingCart.java. Using fallback presentation compiler.
2026.06.02 10:49:10 WARN  no build target for: C:\Users\weron\OneDrive\Dokumenty\java\zad3\src\main\java\com\javamarkt\cart\ShoppingCart.java
2026.06.02 10:49:10 INFO  no build target found for C:\Users\weron\OneDrive\Dokumenty\java\zad3\src\main\java\com\javamarkt\cart\ShoppingCart.java. Using fallback presentation compiler.
2026.06.02 10:49:10 INFO  no build target found for C:\Users\weron\OneDrive\Dokumenty\java\zad3\src\main\java\com\javamarkt\cart\ShoppingCart.java. Using fallback presentation compiler.
2026.06.02 10:49:10 INFO  no build target found for C:\Users\weron\OneDrive\Dokumenty\java\zad3\src\main\java\com\javamarkt\cart\ShoppingCart.java. Using fallback presentation compiler.
2026.06.02 10:49:10 INFO  no build target found for C:\Users\weron\OneDrive\Dokumenty\java\zad3\src\main\java\com\javamarkt\cart\ShoppingCart.java. Using fallback presentation compiler.
2026.06.02 10:49:12 INFO  no build target found for C:\Users\weron\OneDrive\Dokumenty\java\zad3\src\main\java\com\javamarkt\cart\BestPromotionOrderFinder.java. Using fallback presentation compiler.
2026.06.02 10:49:12 WARN  no build target for: C:\Users\weron\OneDrive\Dokumenty\java\zad3\src\main\java\com\javamarkt\cart\BestPromotionOrderFinder.java
2026.06.02 10:49:12 INFO  no build target found for C:\Users\weron\OneDrive\Dokumenty\java\zad3\src\main\java\com\javamarkt\cart\BestPromotionOrderFinder.java. Using fallback presentation compiler.
2026.06.02 10:49:12 INFO  no build target found for C:\Users\weron\OneDrive\Dokumenty\java\zad3\src\main\java\com\javamarkt\cart\BestPromotionOrderFinder.java. Using fallback presentation compiler.
2026.06.02 10:49:12 INFO  no build target found for C:\Users\weron\OneDrive\Dokumenty\java\zad3\src\main\java\com\javamarkt\cart\BestPromotionOrderFinder.java. Using fallback presentation compiler.
2026.06.02 10:49:12 INFO  no build target found for C:\Users\weron\OneDrive\Dokumenty\java\zad3\src\main\java\com\javamarkt\cart\BestPromotionOrderFinder.java. Using fallback presentation compiler.
2026.06.02 10:49:13 INFO  no build target found for C:\Users\weron\OneDrive\Dokumenty\java\zad3\src\main\java\com\javamarkt\cart\BestPromotionOrderFinder.java. Using fallback presentation compiler.
2026.06.02 10:49:13 INFO  no build target found for C:\Users\weron\OneDrive\Dokumenty\java\zad3\src\main\java\com\javamarkt\cart\BestPromotionOrderFinder.java. Using fallback presentation compiler.
2026.06.02 10:49:13 INFO  no build target found for C:\Users\weron\OneDrive\Dokumenty\java\zad3\src\main\java\com\javamarkt\cart\BestPromotionOrderFinder.java. Using fallback presentation compiler.
2026.06.02 10:49:16 INFO  no build target found for C:\Users\weron\OneDrive\Dokumenty\java\zad3\src\main\java\com\javamarkt\cart\BestPromotionOrderFinder.java. Using fallback presentation compiler.
2026.06.02 10:49:17 INFO  no build target found for C:\Users\weron\OneDrive\Dokumenty\java\zad3\src\main\java\com\javamarkt\cart\BestPromotionOrderFinder.java. Using fallback presentation compiler.
2026.06.02 10:49:23 INFO  no build target found for c:\Users\weron\OneDrive\Dokumenty\java\zad3\src\main\java\com\javamarkt\cart\BestPromotionOrderFinder.java. Using fallback presentation compiler.
2026.06.02 10:49:23 INFO  no build target found for C:\Users\weron\OneDrive\Dokumenty\java\zad3\src\main\java\com\javamarkt\cart\ShoppingCart.java. Using fallback presentation compiler.
2026.06.02 10:49:23 WARN  no build target for: C:\Users\weron\OneDrive\Dokumenty\java\zad3\src\main\java\com\javamarkt\cart\ShoppingCart.java
2026.06.02 10:49:23 INFO  no build target found for C:\Users\weron\OneDrive\Dokumenty\java\zad3\src\main\java\com\javamarkt\cart\ShoppingCart.java. Using fallback presentation compiler.
2026.06.02 10:49:23 INFO  no build target found for C:\Users\weron\OneDrive\Dokumenty\java\zad3\src\main\java\com\javamarkt\cart\ShoppingCart.java. Using fallback presentation compiler.
2026.06.02 10:49:23 INFO  no build target found for C:\Users\weron\OneDrive\Dokumenty\java\zad3\src\main\java\com\javamarkt\cart\ShoppingCart.java. Using fallback presentation compiler.
2026.06.02 10:49:23 INFO  no build target found for C:\Users\weron\OneDrive\Dokumenty\java\zad3\src\main\java\com\javamarkt\cart\ShoppingCart.java. Using fallback presentation compiler.
2026.06.02 10:49:44 WARN  no build target for: C:\Users\weron\OneDrive\Dokumenty\java\zad3\src\main\java\com\javamarkt\cart\util\BestPromotionOrderFinder.java
2026.06.02 10:49:44 WARN  Running javac-semanticdb failed for file:///C:/Users/weron/OneDrive/Dokumenty/java/zad3/src/main/java/com/javamarkt/cart/util/BestPromotionOrderFinder.java. Output:

2026.06.02 10:49:44 INFO  no build target found for C:\Users\weron\OneDrive\Dokumenty\java\zad3\src\main\java\com\javamarkt\cart\util\BestPromotionOrderFinder.java. Using fallback presentation compiler.
2026.06.02 10:49:44 INFO  no build target found for C:\Users\weron\OneDrive\Dokumenty\java\zad3\src\main\java\com\javamarkt\cart\util\BestPromotionOrderFinder.java. Using fallback presentation compiler.
2026.06.02 10:49:44 INFO  no build target found for C:\Users\weron\OneDrive\Dokumenty\java\zad3\src\main\java\com\javamarkt\cart\util\BestPromotionOrderFinder.java. Using fallback presentation compiler.
2026.06.02 10:49:45 INFO  no build target found for C:\Users\weron\OneDrive\Dokumenty\java\zad3\src\main\java\com\javamarkt\cart\util\BestPromotionOrderFinder.java. Using fallback presentation compiler.
2026.06.02 10:49:44 INFO  no build target found for C:\Users\weron\OneDrive\Dokumenty\java\zad3\src\main\java\com\javamarkt\cart\util\BestPromotionOrderFinder.java. Using fallback presentation compiler.
2026.06.02 10:49:45 WARN  Running javac-semanticdb failed for file:///C:/Users/weron/OneDrive/Dokumenty/java/zad3/src/main/java/com/javamarkt/cart/util/BestPromotionOrderFinder.java. Output:

2026.06.02 10:49:47 INFO  no build target found for C:\Users\weron\OneDrive\Dokumenty\java\zad3\src\main\java\com\javamarkt\cart\util\BestPromotionOrderFinder.java. Using fallback presentation compiler.
2026.06.02 10:49:47 INFO  no build target found for C:\Users\weron\OneDrive\Dokumenty\java\zad3\src\main\java\com\javamarkt\cart\util\BestPromotionOrderFinder.java. Using fallback presentation compiler.
2026.06.02 10:49:47 INFO  no build target found for C:\Users\weron\OneDrive\Dokumenty\java\zad3\src\main\java\com\javamarkt\cart\util\BestPromotionOrderFinder.java. Using fallback presentation compiler.
2026.06.02 10:49:47 WARN  Running javac-semanticdb failed for file:///C:/Users/weron/OneDrive/Dokumenty/java/zad3/src/main/java/com/javamarkt/cart/util/BestPromotionOrderFinder.java. Output:

2026.06.02 10:49:47 INFO  no build target found for C:\Users\weron\OneDrive\Dokumenty\java\zad3\src\main\java\com\javamarkt\cart\util\BestPromotionOrderFinder.java. Using fallback presentation compiler.
2026.06.02 10:49:47 WARN  no build target for: C:\Users\weron\OneDrive\Dokumenty\java\zad3\src\main\java\com\javamarkt\cart\util\BestPromotionOrderFinder.java
2026.06.02 10:49:47 INFO  no build target found for C:\Users\weron\OneDrive\Dokumenty\java\zad3\src\main\java\com\javamarkt\cart\util\BestPromotionOrderFinder.java. Using fallback presentation compiler.
2026.06.02 10:49:48 WARN  no build target for: C:\Users\weron\OneDrive\Dokumenty\java\zad3\src\main\java\com\javamarkt\cart\util\BestPromotionOrderFinder.java
2026.06.02 10:49:47 INFO  no build target found for C:\Users\weron\OneDrive\Dokumenty\java\zad3\src\main\java\com\javamarkt\cart\util\BestPromotionOrderFinder.java. Using fallback presentation compiler.
2026.06.02 10:49:48 WARN  no build target for: C:\Users\weron\OneDrive\Dokumenty\java\zad3\src\main\java\com\javamarkt\cart\util\BestPromotionOrderFinder.java
2026.06.02 10:49:47 INFO  no build target found for C:\Users\weron\OneDrive\Dokumenty\java\zad3\src\main\java\com\javamarkt\cart\util\BestPromotionOrderFinder.java. Using fallback presentation compiler.
2026.06.02 10:49:48 WARN  no build target for: C:\Users\weron\OneDrive\Dokumenty\java\zad3\src\main\java\com\javamarkt\cart\util\BestPromotionOrderFinder.java
2026.06.02 10:49:47 INFO  no build target found for C:\Users\weron\OneDrive\Dokumenty\java\zad3\src\main\java\com\javamarkt\cart\util\BestPromotionOrderFinder.java. Using fallback presentation compiler.
2026.06.02 10:49:48 WARN  no build target for: C:\Users\weron\OneDrive\Dokumenty\java\zad3\src\main\java\com\javamarkt\cart\util\BestPromotionOrderFinder.java
2026.06.02 10:49:48 INFO  no build target found for C:\Users\weron\OneDrive\Dokumenty\java\zad3\src\main\java\com\javamarkt\cart\util\BestPromotionOrderFinder.java. Using fallback presentation compiler.
2026.06.02 10:49:48 WARN  no build target for: C:\Users\weron\OneDrive\Dokumenty\java\zad3\src\main\java\com\javamarkt\cart\util\BestPromotionOrderFinder.java
2026.06.02 10:49:48 INFO  no build target found for C:\Users\weron\OneDrive\Dokumenty\java\zad3\src\main\java\com\javamarkt\cart\util\BestPromotionOrderFinder.java. Using fallback presentation compiler.
2026.06.02 10:49:48 WARN  no build target for: C:\Users\weron\OneDrive\Dokumenty\java\zad3\src\main\java\com\javamarkt\cart\util\BestPromotionOrderFinder.java
2026.06.02 10:49:48 INFO  no build target found for C:\Users\weron\OneDrive\Dokumenty\java\zad3\src\main\java\com\javamarkt\cart\util\BestPromotionOrderFinder.java. Using fallback presentation compiler.
2026.06.02 10:49:50 WARN  no build target for: C:\Users\weron\OneDrive\Dokumenty\java\zad3\src\main\java\com\javamarkt\cart\util\BestPromotionOrderFinder.java
2026.06.02 10:49:50 INFO  no build target found for C:\Users\weron\OneDrive\Dokumenty\java\zad3\src\main\java\com\javamarkt\cart\util\BestPromotionOrderFinder.java. Using fallback presentation compiler.
2026.06.02 10:49:52 INFO  no build target found for C:\Users\weron\OneDrive\Dokumenty\java\zad3\src\main\java\com\javamarkt\cart\ShoppingCart.java. Using fallback presentation compiler.
2026.06.02 10:49:52 WARN  no build target for: C:\Users\weron\OneDrive\Dokumenty\java\zad3\src\main\java\com\javamarkt\cart\ShoppingCart.java
2026.06.02 10:49:52 INFO  no build target found for C:\Users\weron\OneDrive\Dokumenty\java\zad3\src\main\java\com\javamarkt\cart\ShoppingCart.java. Using fallback presentation compiler.
2026.06.02 10:49:52 INFO  no build target found for C:\Users\weron\OneDrive\Dokumenty\java\zad3\src\main\java\com\javamarkt\cart\ShoppingCart.java. Using fallback presentation compiler.
2026.06.02 10:49:52 INFO  no build target found for C:\Users\weron\OneDrive\Dokumenty\java\zad3\src\main\java\com\javamarkt\cart\ShoppingCart.java. Using fallback presentation compiler.
2026.06.02 10:49:52 INFO  no build target found for C:\Users\weron\OneDrive\Dokumenty\java\zad3\src\main\java\com\javamarkt\cart\ShoppingCart.java. Using fallback presentation compiler.
2026.06.02 10:49:57 INFO  no build target found for C:\Users\weron\OneDrive\Dokumenty\java\zad3\src\main\java\com\javamarkt\cart\ShoppingCart.java. Using fallback presentation compiler.
2026.06.02 10:50:00 INFO  no build target found for C:\Users\weron\OneDrive\Dokumenty\java\zad3\src\main\java\com\javamarkt\Main.java. Using fallback presentation compiler.
2026.06.02 10:50:00 INFO  no build target found for c:\Users\weron\OneDrive\Dokumenty\java\zad3\src\main\java\com\javamarkt\cart\ShoppingCart.java. Using fallback presentation compiler.
2026.06.02 10:50:00 WARN  no build target for: C:\Users\weron\OneDrive\Dokumenty\java\zad3\src\main\java\com\javamarkt\cart\util\ShoppingCart.java
2026.06.02 10:50:00 INFO  no build target found for C:\Users\weron\OneDrive\Dokumenty\java\zad3\src\main\java\com\javamarkt\cart\util\ShoppingCart.java. Using fallback presentation compiler.
2026.06.02 10:50:00 INFO  no build target found for C:\Users\weron\OneDrive\Dokumenty\java\zad3\src\main\java\com\javamarkt\cart\util\ShoppingCart.java. Using fallback presentation compiler.
2026.06.02 10:50:00 INFO  no build target found for C:\Users\weron\OneDrive\Dokumenty\java\zad3\src\main\java\com\javamarkt\cart\util\ShoppingCart.java. Using fallback presentation compiler.
2026.06.02 10:50:00 INFO  no build target found for C:\Users\weron\OneDrive\Dokumenty\java\zad3\src\main\java\com\javamarkt\cart\util\ShoppingCart.java. Using fallback presentation compiler.
2026.06.02 10:50:00 INFO  no build target found for C:\Users\weron\OneDrive\Dokumenty\java\zad3\src\main\java\com\javamarkt\cart\util\ShoppingCart.java. Using fallback presentation compiler.
2026.06.02 10:50:02 WARN  no build target for: C:\Users\weron\OneDrive\Dokumenty\java\zad3\src\main\java\com\javamarkt\cart\util\ShoppingCart.java
2026.06.02 10:50:02 INFO  no build target found for C:\Users\weron\OneDrive\Dokumenty\java\zad3\src\main\java\com\javamarkt\cart\util\ShoppingCart.java. Using fallback presentation compiler.
2026.06.02 10:50:02 WARN  no build target for: C:\Users\weron\OneDrive\Dokumenty\java\zad3\src\main\java\com\javamarkt\cart\util\ShoppingCart.java
2026.06.02 10:50:03 INFO  no build target found for C:\Users\weron\OneDrive\Dokumenty\java\zad3\src\main\java\com\javamarkt\cart\util\ShoppingCart.java. Using fallback presentation compiler.
2026.06.02 10:50:43 INFO  no build target found for C:\Users\weron\OneDrive\Dokumenty\java\zad3\src\test\java\com\javamarkt\promotions\PromotionsTest.java. Using fallback presentation compiler.
2026.06.02 10:50:43 WARN  no build target for: C:\Users\weron\OneDrive\Dokumenty\java\zad3\src\test\java\com\javamarkt\promotions\PromotionsTest.java
2026.06.02 10:50:43 INFO  no build target found for C:\Users\weron\OneDrive\Dokumenty\java\zad3\src\test\java\com\javamarkt\promotions\PromotionsTest.java. Using fallback presentation compiler.
2026.06.02 10:51:06 INFO  no build target found for C:\Users\weron\OneDrive\Dokumenty\java\zad3\src\main\java\com\javamarkt\Main.java. Using fallback presentation compiler.
2026.06.02 10:51:06 WARN  no build target for: C:\Users\weron\OneDrive\Dokumenty\java\zad3\src\main\java\com\javamarkt\Main.java
2026.06.02 10:51:06 INFO  no build target found for C:\Users\weron\OneDrive\Dokumenty\java\zad3\src\main\java\com\javamarkt\Main.java. Using fallback presentation compiler.
2026.06.02 10:51:06 INFO  no build target found for C:\Users\weron\OneDrive\Dokumenty\java\zad3\src\main\java\com\javamarkt\Main.java. Using fallback presentation compiler.
2026.06.02 10:51:06 INFO  no build target found for C:\Users\weron\OneDrive\Dokumenty\java\zad3\src\main\java\com\javamarkt\Main.java. Using fallback presentation compiler.
2026.06.02 10:51:06 INFO  no build target found for C:\Users\weron\OneDrive\Dokumenty\java\zad3\src\main\java\com\javamarkt\Main.java. Using fallback presentation compiler.
2026.06.02 10:51:07 INFO  no build target found for C:\Users\weron\OneDrive\Dokumenty\java\zad3\src\main\java\com\javamarkt\Main.java. Using fallback presentation compiler.
2026.06.02 10:51:07 INFO  no build target found for C:\Users\weron\OneDrive\Dokumenty\java\zad3\src\main\java\com\javamarkt\Main.java. Using fallback presentation compiler.
2026.06.02 10:51:21 INFO  no build target found for C:\Users\weron\OneDrive\Dokumenty\java\zad3\src\main\java\com\javamarkt\Main.java. Using fallback presentation compiler.
2026.06.02 10:51:21 INFO  no build target found for C:\Users\weron\OneDrive\Dokumenty\java\zad3\src\main\java\com\javamarkt\Main.java. Using fallback presentation compiler.
2026.06.02 10:51:21 INFO  no build target found for C:\Users\weron\OneDrive\Dokumenty\java\zad3\src\main\java\com\javamarkt\Main.java. Using fallback presentation compiler.
2026.06.02 10:51:22 INFO  no build target found for C:\Users\weron\OneDrive\Dokumenty\java\zad3\src\main\java\com\javamarkt\Main.java. Using fallback presentation compiler.
2026.06.02 10:51:22 WARN  no build target for: C:\Users\weron\OneDrive\Dokumenty\java\zad3\src\main\java\com\javamarkt\Main.java
2026.06.02 10:51:22 INFO  no build target found for C:\Users\weron\OneDrive\Dokumenty\java\zad3\src\main\java\com\javamarkt\Main.java. Using fallback presentation compiler.
2026.06.02 10:51:23 INFO  no build target found for C:\Users\weron\OneDrive\Dokumenty\java\zad3\src\main\java\com\javamarkt\Main.java. Using fallback presentation compiler.
2026.06.02 10:51:25 INFO  no build target found for C:\Users\weron\OneDrive\Dokumenty\java\zad3\src\main\java\com\javamarkt\Main.java. Using fallback presentation compiler.
2026.06.02 10:51:25 INFO  no build target found for C:\Users\weron\OneDrive\Dokumenty\java\zad3\src\main\java\com\javamarkt\Main.java. Using fallback presentation compiler.
2026.06.02 10:51:25 INFO  no build target found for C:\Users\weron\OneDrive\Dokumenty\java\zad3\src\main\java\com\javamarkt\Main.java. Using fallback presentation compiler.
2026.06.02 10:52:45 INFO  no build target found for C:\Users\weron\OneDrive\Dokumenty\java\zad3\src\test\java\com\javamarkt\util\ProductUtilsTest.java. Using fallback presentation compiler.
2026.06.02 10:52:45 WARN  no build target for: C:\Users\weron\OneDrive\Dokumenty\java\zad3\src\test\java\com\javamarkt\util\ProductUtilsTest.java
2026.06.02 10:52:45 INFO  no build target found for C:\Users\weron\OneDrive\Dokumenty\java\zad3\src\test\java\com\javamarkt\util\ProductUtilsTest.java. Using fallback presentation compiler.
2026.06.02 10:52:48 INFO  no build target found for C:\Users\weron\OneDrive\Dokumenty\java\zad3\src\test\java\com\javamarkt\util\ProductUtilsTest.java. Using fallback presentation compiler.
2026.06.02 10:52:48 INFO  no build target found for C:\Users\weron\OneDrive\Dokumenty\java\zad3\src\test\java\com\javamarkt\util\ProductUtilsTest.java. Using fallback presentation compiler.
2026.06.02 10:52:48 INFO  no build target found for C:\Users\weron\OneDrive\Dokumenty\java\zad3\src\test\java\com\javamarkt\util\ProductUtilsTest.java. Using fallback presentation compiler.
2026.06.02 10:52:48 INFO  no build target found for C:\Users\weron\OneDrive\Dokumenty\java\zad3\src\test\java\com\javamarkt\util\ProductUtilsTest.java. Using fallback presentation compiler.
2026.06.02 10:52:49 WARN  no build target for: C:\Users\weron\OneDrive\Dokumenty\java\zad3\src\test\java\com\javamarkt\util\ProductUtilsTest.java
2026.06.02 10:52:49 INFO  no build target found for C:\Users\weron\OneDrive\Dokumenty\java\zad3\src\test\java\com\javamarkt\util\ProductUtilsTest.java. Using fallback presentation compiler.
2026.06.02 10:52:48 WARN  no build target for: C:\Users\weron\OneDrive\Dokumenty\java\zad3\src\test\java\com\javamarkt\util\ProductUtilsTest.java
2026.06.02 10:52:49 INFO  no build target found for C:\Users\weron\OneDrive\Dokumenty\java\zad3\src\test\java\com\javamarkt\util\ProductUtilsTest.java. Using fallback presentation compiler.
2026.06.02 10:52:49 WARN  no build target for: C:\Users\weron\OneDrive\Dokumenty\java\zad3\src\test\java\com\javamarkt\util\ProductUtilsTest.java
2026.06.02 10:52:48 INFO  no build target found for C:\Users\weron\OneDrive\Dokumenty\java\zad3\src\test\java\com\javamarkt\util\ProductUtilsTest.java. Using fallback presentation compiler.
2026.06.02 10:52:49 WARN  no build target for: C:\Users\weron\OneDrive\Dokumenty\java\zad3\src\test\java\com\javamarkt\util\ProductUtilsTest.java
2026.06.02 10:52:49 INFO  no build target found for C:\Users\weron\OneDrive\Dokumenty\java\zad3\src\test\java\com\javamarkt\util\ProductUtilsTest.java. Using fallback presentation compiler.
2026.06.02 10:52:49 WARN  no build target for: C:\Users\weron\OneDrive\Dokumenty\java\zad3\src\test\java\com\javamarkt\util\ProductUtilsTest.java
2026.06.02 10:52:49 INFO  no build target found for C:\Users\weron\OneDrive\Dokumenty\java\zad3\src\test\java\com\javamarkt\util\ProductUtilsTest.java. Using fallback presentation compiler.
2026.06.02 10:52:49 WARN  no build target for: C:\Users\weron\OneDrive\Dokumenty\java\zad3\src\test\java\com\javamarkt\util\ProductUtilsTest.java
2026.06.02 10:52:49 INFO  no build target found for C:\Users\weron\OneDrive\Dokumenty\java\zad3\src\test\java\com\javamarkt\util\ProductUtilsTest.java. Using fallback presentation compiler.
2026.06.02 10:52:49 WARN  no build target for: C:\Users\weron\OneDrive\Dokumenty\java\zad3\src\test\java\com\javamarkt\util\ProductUtilsTest.java
2026.06.02 10:52:49 INFO  no build target found for C:\Users\weron\OneDrive\Dokumenty\java\zad3\src\test\java\com\javamarkt\util\ProductUtilsTest.java. Using fallback presentation compiler.
2026.06.02 10:52:49 WARN  no build target for: C:\Users\weron\OneDrive\Dokumenty\java\zad3\src\test\java\com\javamarkt\util\ProductUtilsTest.java
2026.06.02 10:52:49 INFO  no build target found for C:\Users\weron\OneDrive\Dokumenty\java\zad3\src\test\java\com\javamarkt\util\ProductUtilsTest.java. Using fallback presentation compiler.
2026.06.02 10:52:49 WARN  no build target for: C:\Users\weron\OneDrive\Dokumenty\java\zad3\src\test\java\com\javamarkt\util\ProductUtilsTest.java
2026.06.02 10:52:49 INFO  no build target found for C:\Users\weron\OneDrive\Dokumenty\java\zad3\src\test\java\com\javamarkt\util\ProductUtilsTest.java. Using fallback presentation compiler.
2026.06.02 10:52:58 INFO  no build target found for C:\Users\weron\OneDrive\Dokumenty\java\zad3\src\test\java\com\javamarkt\promotions\PromotionsTest.java. Using fallback presentation compiler.
2026.06.02 10:52:58 WARN  no build target for: C:\Users\weron\OneDrive\Dokumenty\java\zad3\src\test\java\com\javamarkt\promotions\PromotionsTest.java
2026.06.02 10:52:58 INFO  no build target found for C:\Users\weron\OneDrive\Dokumenty\java\zad3\src\test\java\com\javamarkt\promotions\PromotionsTest.java. Using fallback presentation compiler.
2026.06.02 10:52:59 INFO  no build target found for C:\Users\weron\OneDrive\Dokumenty\java\zad3\src\test\java\com\javamarkt\promotions\PromotionsTest.java. Using fallback presentation compiler.
2026.06.02 10:52:59 INFO  no build target found for C:\Users\weron\OneDrive\Dokumenty\java\zad3\src\test\java\com\javamarkt\promotions\PromotionsTest.java. Using fallback presentation compiler.
2026.06.02 10:52:59 INFO  no build target found for C:\Users\weron\OneDrive\Dokumenty\java\zad3\src\test\java\com\javamarkt\promotions\PromotionsTest.java. Using fallback presentation compiler.
2026.06.02 10:53:00 INFO  no build target found for C:\Users\weron\OneDrive\Dokumenty\java\zad3\src\test\java\com\javamarkt\promotions\PromotionsTest.java. Using fallback presentation compiler.
2026.06.02 10:53:00 WARN  no build target for: C:\Users\weron\OneDrive\Dokumenty\java\zad3\src\test\java\com\javamarkt\promotions\PromotionsTest.java
2026.06.02 10:53:00 INFO  no build target found for C:\Users\weron\OneDrive\Dokumenty\java\zad3\src\test\java\com\javamarkt\promotions\PromotionsTest.java. Using fallback presentation compiler.
2026.06.02 10:53:00 WARN  no build target for: C:\Users\weron\OneDrive\Dokumenty\java\zad3\src\test\java\com\javamarkt\promotions\PromotionsTest.java
2026.06.02 10:53:00 INFO  no build target found for C:\Users\weron\OneDrive\Dokumenty\java\zad3\src\test\java\com\javamarkt\promotions\PromotionsTest.java. Using fallback presentation compiler.
2026.06.02 10:53:00 WARN  no build target for: C:\Users\weron\OneDrive\Dokumenty\java\zad3\src\test\java\com\javamarkt\promotions\PromotionsTest.java
2026.06.02 10:53:00 INFO  no build target found for C:\Users\weron\OneDrive\Dokumenty\java\zad3\src\test\java\com\javamarkt\promotions\PromotionsTest.java. Using fallback presentation compiler.
2026.06.02 10:53:00 WARN  no build target for: C:\Users\weron\OneDrive\Dokumenty\java\zad3\src\test\java\com\javamarkt\promotions\PromotionsTest.java
2026.06.02 10:53:00 INFO  no build target found for C:\Users\weron\OneDrive\Dokumenty\java\zad3\src\test\java\com\javamarkt\promotions\PromotionsTest.java. Using fallback presentation compiler.
2026.06.02 10:53:00 WARN  no build target for: C:\Users\weron\OneDrive\Dokumenty\java\zad3\src\test\java\com\javamarkt\promotions\PromotionsTest.java
2026.06.02 10:53:00 INFO  no build target found for C:\Users\weron\OneDrive\Dokumenty\java\zad3\src\test\java\com\javamarkt\promotions\PromotionsTest.java. Using fallback presentation compiler.
2026.06.02 10:53:12 INFO  no build target found for C:\Users\weron\OneDrive\Dokumenty\java\zad3\src\main\java\com\javamarkt\Main.java. Using fallback presentation compiler.
2026.06.02 10:53:12 WARN  no build target for: C:\Users\weron\OneDrive\Dokumenty\java\zad3\src\main\java\com\javamarkt\Main.java
2026.06.02 10:53:12 INFO  no build target found for C:\Users\weron\OneDrive\Dokumenty\java\zad3\src\main\java\com\javamarkt\Main.java. Using fallback presentation compiler.
2026.06.02 10:53:12 INFO  no build target found for C:\Users\weron\OneDrive\Dokumenty\java\zad3\src\main\java\com\javamarkt\Main.java. Using fallback presentation compiler.
2026.06.02 10:53:12 INFO  no build target found for C:\Users\weron\OneDrive\Dokumenty\java\zad3\src\main\java\com\javamarkt\Main.java. Using fallback presentation compiler.
2026.06.02 10:53:12 INFO  no build target found for C:\Users\weron\OneDrive\Dokumenty\java\zad3\src\main\java\com\javamarkt\Main.java. Using fallback presentation compiler.
2026.06.02 10:53:12 INFO  no build target found for C:\Users\weron\OneDrive\Dokumenty\java\zad3\src\main\java\com\javamarkt\Main.java. Using fallback presentation compiler.
2026.06.02 10:53:12 INFO  no build target found for C:\Users\weron\OneDrive\Dokumenty\java\zad3\src\main\java\com\javamarkt\Main.java. Using fallback presentation compiler.
2026.06.02 10:53:13 INFO  no build target found for C:\Users\weron\OneDrive\Dokumenty\java\zad3\src\main\java\com\javamarkt\Main.java. Using fallback presentation compiler.
2026.06.02 10:53:13 INFO  no build target found for C:\Users\weron\OneDrive\Dokumenty\java\zad3\src\main\java\com\javamarkt\Main.java. Using fallback presentation compiler.
2026.06.02 10:53:57 INFO  no build target found for C:\Users\weron\OneDrive\Dokumenty\java\zad3\src\main\java\com\javamarkt\cart\util\ProductUtils.java. Using fallback presentation compiler.
2026.06.02 10:53:57 WARN  no build target for: C:\Users\weron\OneDrive\Dokumenty\java\zad3\src\main\java\com\javamarkt\cart\util\ProductUtils.java
2026.06.02 10:53:57 INFO  no build target found for C:\Users\weron\OneDrive\Dokumenty\java\zad3\src\main\java\com\javamarkt\cart\util\ProductUtils.java. Using fallback presentation compiler.
2026.06.02 10:53:57 INFO  no build target found for C:\Users\weron\OneDrive\Dokumenty\java\zad3\src\main\java\com\javamarkt\cart\util\ProductUtils.java. Using fallback presentation compiler.
2026.06.02 10:54:01 INFO  no build target found for C:\Users\weron\OneDrive\Dokumenty\java\zad3\src\main\java\com\javamarkt\cart\util\ProductUtils.java. Using fallback presentation compiler.
2026.06.02 10:54:01 INFO  no build target found for C:\Users\weron\OneDrive\Dokumenty\java\zad3\src\main\java\com\javamarkt\cart\util\ProductUtils.java. Using fallback presentation compiler.
2026.06.02 10:54:02 INFO  no build target found for C:\Users\weron\OneDrive\Dokumenty\java\zad3\src\main\java\com\javamarkt\cart\util\ProductUtils.java. Using fallback presentation compiler.
2026.06.02 10:54:01 INFO  no build target found for C:\Users\weron\OneDrive\Dokumenty\java\zad3\src\main\java\com\javamarkt\cart\util\ProductUtils.java. Using fallback presentation compiler.
2026.06.02 10:54:02 INFO  no build target found for C:\Users\weron\OneDrive\Dokumenty\java\zad3\src\main\java\com\javamarkt\cart\util\ProductUtils.java. Using fallback presentation compiler.
2026.06.02 10:54:02 INFO  no build target found for C:\Users\weron\OneDrive\Dokumenty\java\zad3\src\main\java\com\javamarkt\cart\util\ProductUtils.java. Using fallback presentation compiler.
2026.06.02 10:54:02 INFO  no build target found for C:\Users\weron\OneDrive\Dokumenty\java\zad3\src\main\java\com\javamarkt\cart\util\ProductUtils.java. Using fallback presentation compiler.
2026.06.02 10:54:03 WARN  no build target for: C:\Users\weron\OneDrive\Dokumenty\java\zad3\src\main\java\com\javamarkt\cart\util\ProductUtils.java
2026.06.02 10:54:02 INFO  no build target found for C:\Users\weron\OneDrive\Dokumenty\java\zad3\src\main\java\com\javamarkt\cart\util\ProductUtils.java. Using fallback presentation compiler.
2026.06.02 10:54:03 WARN  no build target for: C:\Users\weron\OneDrive\Dokumenty\java\zad3\src\main\java\com\javamarkt\cart\util\ProductUtils.java
2026.06.02 10:54:02 INFO  no build target found for C:\Users\weron\OneDrive\Dokumenty\java\zad3\src\main\java\com\javamarkt\cart\util\ProductUtils.java. Using fallback presentation compiler.
2026.06.02 10:54:02 WARN  no build target for: C:\Users\weron\OneDrive\Dokumenty\java\zad3\src\main\java\com\javamarkt\cart\util\ProductUtils.java
2026.06.02 10:54:03 INFO  no build target found for C:\Users\weron\OneDrive\Dokumenty\java\zad3\src\main\java\com\javamarkt\cart\util\ProductUtils.java. Using fallback presentation compiler.
2026.06.02 10:54:12 INFO  no build target found for C:\Users\weron\OneDrive\Dokumenty\java\zad3\src\main\java\com\javamarkt\cart\util\ShoppingCart.java. Using fallback presentation compiler.
2026.06.02 10:54:12 WARN  no build target for: C:\Users\weron\OneDrive\Dokumenty\java\zad3\src\main\java\com\javamarkt\cart\util\ShoppingCart.java
2026.06.02 10:54:12 INFO  no build target found for C:\Users\weron\OneDrive\Dokumenty\java\zad3\src\main\java\com\javamarkt\cart\util\ShoppingCart.java. Using fallback presentation compiler.
2026.06.02 10:54:12 INFO  no build target found for C:\Users\weron\OneDrive\Dokumenty\java\zad3\src\main\java\com\javamarkt\cart\util\ShoppingCart.java. Using fallback presentation compiler.
2026.06.02 10:54:12 INFO  no build target found for C:\Users\weron\OneDrive\Dokumenty\java\zad3\src\main\java\com\javamarkt\cart\util\ShoppingCart.java. Using fallback presentation compiler.
2026.06.02 10:54:13 INFO  no build target found for C:\Users\weron\OneDrive\Dokumenty\java\zad3\src\main\java\com\javamarkt\cart\util\ShoppingCart.java. Using fallback presentation compiler.
2026.06.02 10:54:13 INFO  no build target found for C:\Users\weron\OneDrive\Dokumenty\java\zad3\src\main\java\com\javamarkt\cart\util\ShoppingCart.java. Using fallback presentation compiler.
2026.06.02 10:54:13 INFO  no build target found for C:\Users\weron\OneDrive\Dokumenty\java\zad3\src\main\java\com\javamarkt\cart\util\ShoppingCart.java. Using fallback presentation compiler.
2026.06.02 10:54:13 INFO  no build target found for C:\Users\weron\OneDrive\Dokumenty\java\zad3\src\main\java\com\javamarkt\cart\util\ShoppingCart.java. Using fallback presentation compiler.
2026.06.02 10:54:14 INFO  no build target found for C:\Users\weron\OneDrive\Dokumenty\java\zad3\src\main\java\com\javamarkt\cart\util\ShoppingCart.java. Using fallback presentation compiler.
2026.06.02 10:54:14 WARN  no build target for: C:\Users\weron\OneDrive\Dokumenty\java\zad3\src\main\java\com\javamarkt\cart\util\ShoppingCart.java
2026.06.02 10:54:14 INFO  no build target found for C:\Users\weron\OneDrive\Dokumenty\java\zad3\src\main\java\com\javamarkt\cart\util\ShoppingCart.java. Using fallback presentation compiler.
2026.06.02 10:54:14 WARN  no build target for: C:\Users\weron\OneDrive\Dokumenty\java\zad3\src\main\java\com\javamarkt\cart\util\ShoppingCart.java
2026.06.02 10:54:14 INFO  no build target found for C:\Users\weron\OneDrive\Dokumenty\java\zad3\src\main\java\com\javamarkt\cart\util\ShoppingCart.java. Using fallback presentation compiler.
2026.06.02 10:54:14 WARN  no build target for: C:\Users\weron\OneDrive\Dokumenty\java\zad3\src\main\java\com\javamarkt\cart\util\ShoppingCart.java
2026.06.02 10:54:14 INFO  no build target found for C:\Users\weron\OneDrive\Dokumenty\java\zad3\src\main\java\com\javamarkt\cart\util\ShoppingCart.java. Using fallback presentation compiler.
2026.06.02 10:54:15 WARN  no build target for: C:\Users\weron\OneDrive\Dokumenty\java\zad3\src\main\java\com\javamarkt\cart\util\ShoppingCart.java
2026.06.02 10:54:15 INFO  no build target found for C:\Users\weron\OneDrive\Dokumenty\java\zad3\src\main\java\com\javamarkt\cart\util\ShoppingCart.java. Using fallback presentation compiler.
2026.06.02 10:54:16 WARN  no build target for: C:\Users\weron\OneDrive\Dokumenty\java\zad3\src\main\java\com\javamarkt\cart\util\ShoppingCart.java
2026.06.02 10:54:15 INFO  no build target found for C:\Users\weron\OneDrive\Dokumenty\java\zad3\src\main\java\com\javamarkt\cart\util\ShoppingCart.java. Using fallback presentation compiler.
2026.06.02 10:54:15 WARN  no build target for: C:\Users\weron\OneDrive\Dokumenty\java\zad3\src\main\java\com\javamarkt\cart\util\ShoppingCart.java
2026.06.02 10:54:16 INFO  no build target found for C:\Users\weron\OneDrive\Dokumenty\java\zad3\src\main\java\com\javamarkt\cart\util\ShoppingCart.java. Using fallback presentation compiler.
2026.06.02 10:54:24 INFO  no build target found for C:\Users\weron\OneDrive\Dokumenty\java\zad3\src\main\java\com\javamarkt\Main.java. Using fallback presentation compiler.
2026.06.02 10:54:24 WARN  no build target for: C:\Users\weron\OneDrive\Dokumenty\java\zad3\src\main\java\com\javamarkt\Main.java
2026.06.02 10:54:24 INFO  no build target found for C:\Users\weron\OneDrive\Dokumenty\java\zad3\src\main\java\com\javamarkt\Main.java. Using fallback presentation compiler.
2026.06.02 10:54:24 INFO  no build target found for C:\Users\weron\OneDrive\Dokumenty\java\zad3\src\main\java\com\javamarkt\Main.java. Using fallback presentation compiler.
2026.06.02 10:54:24 INFO  no build target found for C:\Users\weron\OneDrive\Dokumenty\java\zad3\src\main\java\com\javamarkt\Main.java. Using fallback presentation compiler.
2026.06.02 10:54:24 INFO  no build target found for C:\Users\weron\OneDrive\Dokumenty\java\zad3\src\main\java\com\javamarkt\Main.java. Using fallback presentation compiler.
2026.06.02 10:54:24 INFO  no build target found for C:\Users\weron\OneDrive\Dokumenty\java\zad3\src\main\java\com\javamarkt\Main.java. Using fallback presentation compiler.
2026.06.02 10:54:26 INFO  no build target found for C:\Users\weron\OneDrive\Dokumenty\java\zad3\src\main\java\com\javamarkt\Main.java. Using fallback presentation compiler.
2026.06.02 10:54:26 INFO  no build target found for C:\Users\weron\OneDrive\Dokumenty\java\zad3\src\main\java\com\javamarkt\Main.java. Using fallback presentation compiler.
2026.06.02 10:54:26 INFO  no build target found for C:\Users\weron\OneDrive\Dokumenty\java\zad3\src\main\java\com\javamarkt\Main.java. Using fallback presentation compiler.
2026.06.02 10:54:26 INFO  no build target found for C:\Users\weron\OneDrive\Dokumenty\java\zad3\src\main\java\com\javamarkt\Main.java. Using fallback presentation compiler.
2026.06.02 10:54:30 INFO  no build target found for C:\Users\weron\OneDrive\Dokumenty\java\zad3\src\main\java\com\javamarkt\Main.java. Using fallback presentation compiler.
2026.06.02 10:54:31 INFO  no build target found for C:\Users\weron\OneDrive\Dokumenty\java\zad3\src\main\java\com\javamarkt\Main.java. Using fallback presentation compiler.
2026.06.02 10:54:31 WARN  no build target for: C:\Users\weron\OneDrive\Dokumenty\java\zad3\src\main\java\com\javamarkt\Main.java
2026.06.02 10:54:32 INFO  no build target found for C:\Users\weron\OneDrive\Dokumenty\java\zad3\src\main\java\com\javamarkt\Main.java. Using fallback presentation compiler.
2026.06.02 10:54:32 WARN  no build target for: C:\Users\weron\OneDrive\Dokumenty\java\zad3\src\main\java\com\javamarkt\Main.java
2026.06.02 10:54:32 INFO  no build target found for C:\Users\weron\OneDrive\Dokumenty\java\zad3\src\main\java\com\javamarkt\Main.java. Using fallback presentation compiler.
2026.06.02 10:54:32 WARN  no build target for: C:\Users\weron\OneDrive\Dokumenty\java\zad3\src\main\java\com\javamarkt\Main.java
2026.06.02 10:54:32 INFO  no build target found for C:\Users\weron\OneDrive\Dokumenty\java\zad3\src\main\java\com\javamarkt\Main.java. Using fallback presentation compiler.
2026.06.02 10:54:39 INFO  no build target found for C:\Users\weron\OneDrive\Dokumenty\java\zad3\src\main\java\com\javamarkt\Main.java. Using fallback presentation compiler.
2026.06.02 10:54:39 INFO  no build target found for C:\Users\weron\OneDrive\Dokumenty\java\zad3\src\main\java\com\javamarkt\Main.java. Using fallback presentation compiler.
2026.06.02 10:54:39 INFO  no build target found for C:\Users\weron\OneDrive\Dokumenty\java\zad3\src\main\java\com\javamarkt\Main.java. Using fallback presentation compiler.
2026.06.02 10:54:39 INFO  no build target found for C:\Users\weron\OneDrive\Dokumenty\java\zad3\src\main\java\com\javamarkt\Main.java. Using fallback presentation compiler.
2026.06.02 10:54:39 INFO  no build target found for C:\Users\weron\OneDrive\Dokumenty\java\zad3\src\main\java\com\javamarkt\Main.java. Using fallback presentation compiler.
2026.06.02 10:54:41 INFO  no build target found for C:\Users\weron\OneDrive\Dokumenty\java\zad3\src\main\java\com\javamarkt\Main.java. Using fallback presentation compiler.
2026.06.02 10:54:41 INFO  no build target found for C:\Users\weron\OneDrive\Dokumenty\java\zad3\src\main\java\com\javamarkt\Main.java. Using fallback presentation compiler.
2026.06.02 10:54:42 INFO  no build target found for C:\Users\weron\OneDrive\Dokumenty\java\zad3\src\main\java\com\javamarkt\Main.java. Using fallback presentation compiler.
2026.06.02 10:54:42 INFO  no build target found for C:\Users\weron\OneDrive\Dokumenty\java\zad3\src\main\java\com\javamarkt\Main.java. Using fallback presentation compiler.
2026.06.02 10:54:43 INFO  no build target found for C:\Users\weron\OneDrive\Dokumenty\java\zad3\src\main\java\com\javamarkt\Main.java. Using fallback presentation compiler.
2026.06.02 10:54:44 INFO  no build target found for C:\Users\weron\OneDrive\Dokumenty\java\zad3\src\main\java\com\javamarkt\Main.java. Using fallback presentation compiler.
2026.06.02 10:54:44 WARN  no build target for: C:\Users\weron\OneDrive\Dokumenty\java\zad3\src\main\java\com\javamarkt\Main.java
2026.06.02 10:54:44 INFO  no build target found for C:\Users\weron\OneDrive\Dokumenty\java\zad3\src\main\java\com\javamarkt\Main.java. Using fallback presentation compiler.
2026.06.02 10:54:44 WARN  no build target for: C:\Users\weron\OneDrive\Dokumenty\java\zad3\src\main\java\com\javamarkt\Main.java
2026.06.02 10:54:44 INFO  no build target found for C:\Users\weron\OneDrive\Dokumenty\java\zad3\src\main\java\com\javamarkt\Main.java. Using fallback presentation compiler.
2026.06.02 10:54:45 WARN  no build target for: C:\Users\weron\OneDrive\Dokumenty\java\zad3\src\main\java\com\javamarkt\Main.java
2026.06.02 10:54:45 INFO  no build target found for C:\Users\weron\OneDrive\Dokumenty\java\zad3\src\main\java\com\javamarkt\Main.java. Using fallback presentation compiler.
2026.06.02 10:54:44 WARN  no build target for: C:\Users\weron\OneDrive\Dokumenty\java\zad3\src\main\java\com\javamarkt\Main.java
2026.06.02 10:54:45 INFO  no build target found for C:\Users\weron\OneDrive\Dokumenty\java\zad3\src\main\java\com\javamarkt\Main.java. Using fallback presentation compiler.
2026.06.02 10:54:45 WARN  no build target for: C:\Users\weron\OneDrive\Dokumenty\java\zad3\src\main\java\com\javamarkt\Main.java
2026.06.02 10:54:44 INFO  no build target found for C:\Users\weron\OneDrive\Dokumenty\java\zad3\src\main\java\com\javamarkt\Main.java. Using fallback presentation compiler.
2026.06.02 10:54:45 WARN  no build target for: C:\Users\weron\OneDrive\Dokumenty\java\zad3\src\main\java\com\javamarkt\Main.java
2026.06.02 10:54:45 INFO  no build target found for C:\Users\weron\OneDrive\Dokumenty\java\zad3\src\main\java\com\javamarkt\Main.java. Using fallback presentation compiler.
2026.06.02 10:54:50 INFO  no build target found for C:\Users\weron\OneDrive\Dokumenty\java\zad3\src\main\java\com\javamarkt\Main.java. Using fallback presentation compiler.
2026.06.02 10:54:50 INFO  no build target found for C:\Users\weron\OneDrive\Dokumenty\java\zad3\src\main\java\com\javamarkt\Main.java. Using fallback presentation compiler.
2026.06.02 10:54:50 INFO  no build target found for C:\Users\weron\OneDrive\Dokumenty\java\zad3\src\main\java\com\javamarkt\Main.java. Using fallback presentation compiler.
2026.06.02 10:54:50 INFO  no build target found for C:\Users\weron\OneDrive\Dokumenty\java\zad3\src\main\java\com\javamarkt\Main.java. Using fallback presentation compiler.
2026.06.02 10:54:50 INFO  no build target found for C:\Users\weron\OneDrive\Dokumenty\java\zad3\src\main\java\com\javamarkt\Main.java. Using fallback presentation compiler.
2026.06.02 10:54:51 INFO  no build target found for C:\Users\weron\OneDrive\Dokumenty\java\zad3\src\main\java\com\javamarkt\Main.java. Using fallback presentation compiler.
2026.06.02 10:54:51 WARN  no build target for: C:\Users\weron\OneDrive\Dokumenty\java\zad3\src\main\java\com\javamarkt\Main.java
2026.06.02 10:54:51 INFO  no build target found for C:\Users\weron\OneDrive\Dokumenty\java\zad3\src\main\java\com\javamarkt\Main.java. Using fallback presentation compiler.
2026.06.02 10:54:52 WARN  no build target for: C:\Users\weron\OneDrive\Dokumenty\java\zad3\src\main\java\com\javamarkt\Main.java
2026.06.02 10:54:52 INFO  no build target found for C:\Users\weron\OneDrive\Dokumenty\java\zad3\src\main\java\com\javamarkt\Main.java. Using fallback presentation compiler.
2026.06.02 10:54:52 WARN  no build target for: C:\Users\weron\OneDrive\Dokumenty\java\zad3\src\main\java\com\javamarkt\Main.java
2026.06.02 10:54:52 INFO  no build target found for C:\Users\weron\OneDrive\Dokumenty\java\zad3\src\main\java\com\javamarkt\Main.java. Using fallback presentation compiler.
2026.06.02 10:54:52 WARN  no build target for: C:\Users\weron\OneDrive\Dokumenty\java\zad3\src\main\java\com\javamarkt\Main.java
2026.06.02 10:54:52 INFO  no build target found for C:\Users\weron\OneDrive\Dokumenty\java\zad3\src\main\java\com\javamarkt\Main.java. Using fallback presentation compiler.
2026.06.02 10:54:53 INFO  no build target found for C:\Users\weron\OneDrive\Dokumenty\java\zad3\src\main\java\com\javamarkt\Main.java. Using fallback presentation compiler.
2026.06.02 10:54:54 INFO  no build target found for C:\Users\weron\OneDrive\Dokumenty\java\zad3\src\main\java\com\javamarkt\Main.java. Using fallback presentation compiler.
2026.06.02 10:54:54 INFO  no build target found for C:\Users\weron\OneDrive\Dokumenty\java\zad3\src\main\java\com\javamarkt\Main.java. Using fallback presentation compiler.
2026.06.02 10:55:03 INFO  no build target found for C:\Users\weron\OneDrive\Dokumenty\java\zad3\src\test\java\com\javamarkt\promotions\PromotionsTest.java. Using fallback presentation compiler.
2026.06.02 10:55:03 WARN  no build target for: C:\Users\weron\OneDrive\Dokumenty\java\zad3\src\test\java\com\javamarkt\promotions\PromotionsTest.java
2026.06.02 10:55:03 INFO  no build target found for C:\Users\weron\OneDrive\Dokumenty\java\zad3\src\test\java\com\javamarkt\promotions\PromotionsTest.java. Using fallback presentation compiler.
2026.06.02 10:55:20 INFO  no build target found for C:\Users\weron\OneDrive\Dokumenty\java\zad3\src\main\java\com\javamarkt\promotions\FreeMugPromotion.java. Using fallback presentation compiler.
2026.06.02 10:55:20 WARN  no build target for: C:\Users\weron\OneDrive\Dokumenty\java\zad3\src\main\java\com\javamarkt\promotions\FreeMugPromotion.java
2026.06.02 10:55:20 INFO  no build target found for C:\Users\weron\OneDrive\Dokumenty\java\zad3\src\main\java\com\javamarkt\promotions\FreeMugPromotion.java. Using fallback presentation compiler.
2026.06.02 10:55:21 INFO  no build target found for C:\Users\weron\OneDrive\Dokumenty\java\zad3\src\main\java\com\javamarkt\promotions\FreeMugPromotion.java. Using fallback presentation compiler.
2026.06.02 10:55:24 INFO  no build target found for C:\Users\weron\OneDrive\Dokumenty\java\zad3\src\main\java\com\javamarkt\promotions\FreeMugPromotion.java. Using fallback presentation compiler.
2026.06.02 10:55:24 INFO  no build target found for C:\Users\weron\OneDrive\Dokumenty\java\zad3\src\main\java\com\javamarkt\promotions\FreeMugPromotion.java. Using fallback presentation compiler.
2026.06.02 10:55:24 INFO  no build target found for C:\Users\weron\OneDrive\Dokumenty\java\zad3\src\main\java\com\javamarkt\promotions\FreeMugPromotion.java. Using fallback presentation compiler.
2026.06.02 10:55:24 INFO  no build target found for C:\Users\weron\OneDrive\Dokumenty\java\zad3\src\main\java\com\javamarkt\promotions\FreeMugPromotion.java. Using fallback presentation compiler.
2026.06.02 10:55:26 INFO  no build target found for C:\Users\weron\OneDrive\Dokumenty\java\zad3\src\main\java\com\javamarkt\promotions\FreeMugPromotion.java. Using fallback presentation compiler.
2026.06.02 10:55:26 INFO  no build target found for C:\Users\weron\OneDrive\Dokumenty\java\zad3\src\main\java\com\javamarkt\promotions\FreeMugPromotion.java. Using fallback presentation compiler.
2026.06.02 10:55:27 INFO  no build target found for C:\Users\weron\OneDrive\Dokumenty\java\zad3\src\main\java\com\javamarkt\promotions\FreeMugPromotion.java. Using fallback presentation compiler.
2026.06.02 10:55:27 INFO  no build target found for C:\Users\weron\OneDrive\Dokumenty\java\zad3\src\main\java\com\javamarkt\promotions\FreeMugPromotion.java. Using fallback presentation compiler.
2026.06.02 10:55:37 INFO  no build target found for C:\Users\weron\OneDrive\Dokumenty\java\zad3\src\main\java\com\javamarkt\promotions\OrderValuePercentageDiscountPromotion.java. Using fallback presentation compiler.
2026.06.02 10:55:37 WARN  no build target for: C:\Users\weron\OneDrive\Dokumenty\java\zad3\src\main\java\com\javamarkt\promotions\OrderValuePercentageDiscountPromotion.java
2026.06.02 10:55:37 INFO  no build target found for C:\Users\weron\OneDrive\Dokumenty\java\zad3\src\main\java\com\javamarkt\promotions\OrderValuePercentageDiscountPromotion.java. Using fallback presentation compiler.
2026.06.02 10:55:41 INFO  no build target found for C:\Users\weron\OneDrive\Dokumenty\java\zad3\src\main\java\com\javamarkt\promotions\FreeMugPromotion.java. Using fallback presentation compiler.
2026.06.02 10:55:41 WARN  no build target for: C:\Users\weron\OneDrive\Dokumenty\java\zad3\src\main\java\com\javamarkt\promotions\FreeMugPromotion.java
2026.06.02 10:55:41 INFO  no build target found for C:\Users\weron\OneDrive\Dokumenty\java\zad3\src\main\java\com\javamarkt\promotions\FreeMugPromotion.java. Using fallback presentation compiler.
2026.06.02 10:55:44 INFO  no build target found for C:\Users\weron\OneDrive\Dokumenty\java\zad3\src\main\java\com\javamarkt\cart\util\ShoppingCart.java. Using fallback presentation compiler.
2026.06.02 10:55:44 WARN  no build target for: C:\Users\weron\OneDrive\Dokumenty\java\zad3\src\main\java\com\javamarkt\cart\util\ShoppingCart.java
2026.06.02 10:55:44 INFO  no build target found for C:\Users\weron\OneDrive\Dokumenty\java\zad3\src\main\java\com\javamarkt\cart\util\ShoppingCart.java. Using fallback presentation compiler.
2026.06.02 10:55:44 INFO  no build target found for C:\Users\weron\OneDrive\Dokumenty\java\zad3\src\main\java\com\javamarkt\cart\util\ShoppingCart.java. Using fallback presentation compiler.
2026.06.02 10:55:44 INFO  no build target found for C:\Users\weron\OneDrive\Dokumenty\java\zad3\src\main\java\com\javamarkt\cart\util\ShoppingCart.java. Using fallback presentation compiler.
2026.06.02 10:55:45 INFO  no build target found for C:\Users\weron\OneDrive\Dokumenty\java\zad3\src\main\java\com\javamarkt\cart\util\ShoppingCart.java. Using fallback presentation compiler.
2026.06.02 10:55:54 INFO  no build target found for C:\Users\weron\OneDrive\Dokumenty\java\zad3\src\test\java\com\javamarkt\promotions\PromotionsTest.java. Using fallback presentation compiler.
2026.06.02 10:55:54 WARN  no build target for: C:\Users\weron\OneDrive\Dokumenty\java\zad3\src\test\java\com\javamarkt\promotions\PromotionsTest.java
2026.06.02 10:55:54 INFO  no build target found for C:\Users\weron\OneDrive\Dokumenty\java\zad3\src\test\java\com\javamarkt\promotions\PromotionsTest.java. Using fallback presentation compiler.
2026.06.02 10:55:54 INFO  no build target found for C:\Users\weron\OneDrive\Dokumenty\java\zad3\src\test\java\com\javamarkt\promotions\PromotionsTest.java. Using fallback presentation compiler.
2026.06.02 10:55:55 INFO  no build target found for C:\Users\weron\OneDrive\Dokumenty\java\zad3\src\test\java\com\javamarkt\promotions\PromotionsTest.java. Using fallback presentation compiler.
2026.06.02 10:55:55 INFO  no build target found for C:\Users\weron\OneDrive\Dokumenty\java\zad3\src\test\java\com\javamarkt\promotions\PromotionsTest.java. Using fallback presentation compiler.
2026.06.02 10:56:13 INFO  no build target found for C:\Users\weron\OneDrive\Dokumenty\java\zad3\src\test\java\com\javamarkt\util\ProductUtilsTest.java. Using fallback presentation compiler.
2026.06.02 10:56:13 WARN  no build target for: C:\Users\weron\OneDrive\Dokumenty\java\zad3\src\test\java\com\javamarkt\util\ProductUtilsTest.java
2026.06.02 10:56:13 INFO  no build target found for C:\Users\weron\OneDrive\Dokumenty\java\zad3\src\test\java\com\javamarkt\util\ProductUtilsTest.java. Using fallback presentation compiler.
2026.06.02 10:56:13 INFO  no build target found for C:\Users\weron\OneDrive\Dokumenty\java\zad3\src\test\java\com\javamarkt\util\ProductUtilsTest.java. Using fallback presentation compiler.
2026.06.02 10:56:15 INFO  no build target found for C:\Users\weron\OneDrive\Dokumenty\java\zad3\src\test\java\com\javamarkt\util\ProductUtilsTest.java. Using fallback presentation compiler.
2026.06.02 10:56:22 INFO  no build target found for C:\Users\weron\OneDrive\Dokumenty\java\zad3\src\test\java\com\javamarkt\util\ProductUtilsTest.java. Using fallback presentation compiler.
2026.06.02 10:56:22 INFO  no build target found for C:\Users\weron\OneDrive\Dokumenty\java\zad3\src\test\java\com\javamarkt\util\ProductUtilsTest.java. Using fallback presentation compiler.
2026.06.02 10:56:29 INFO  no build target found for C:\Users\weron\OneDrive\Dokumenty\java\zad3\src\test\java\com\javamarkt\util\ProductUtilsTest.java. Using fallback presentation compiler.
2026.06.02 10:56:29 INFO  no build target found for C:\Users\weron\OneDrive\Dokumenty\java\zad3\src\test\java\com\javamarkt\util\ProductUtilsTest.java. Using fallback presentation compiler.
2026.06.02 10:56:29 INFO  no build target found for C:\Users\weron\OneDrive\Dokumenty\java\zad3\src\test\java\com\javamarkt\util\ProductUtilsTest.java. Using fallback presentation compiler.
2026.06.02 10:57:17 INFO  no build target found for C:\Users\weron\OneDrive\Dokumenty\java\zad3\src\main\java\com\javamarkt\cart\util\ProductUtils.java. Using fallback presentation compiler.
2026.06.02 10:57:17 WARN  no build target for: C:\Users\weron\OneDrive\Dokumenty\java\zad3\src\main\java\com\javamarkt\cart\util\ProductUtils.java
2026.06.02 10:57:17 INFO  no build target found for C:\Users\weron\OneDrive\Dokumenty\java\zad3\src\main\java\com\javamarkt\cart\util\ProductUtils.java. Using fallback presentation compiler.
2026.06.02 10:57:17 INFO  no build target found for C:\Users\weron\OneDrive\Dokumenty\java\zad3\src\main\java\com\javamarkt\cart\util\ProductUtils.java. Using fallback presentation compiler.
2026.06.02 10:57:22 INFO  no build target found for C:\Users\weron\OneDrive\Dokumenty\java\zad3\src\main\java\com\javamarkt\cart\util\ProductUtils.java. Using fallback presentation compiler.
2026.06.02 10:57:22 INFO  no build target found for C:\Users\weron\OneDrive\Dokumenty\java\zad3\src\main\java\com\javamarkt\cart\util\ProductUtils.java. Using fallback presentation compiler.
2026.06.02 10:57:23 INFO  no build target found for C:\Users\weron\OneDrive\Dokumenty\java\zad3\src\main\java\com\javamarkt\cart\util\ProductUtils.java. Using fallback presentation compiler.
2026.06.02 10:57:22 INFO  no build target found for C:\Users\weron\OneDrive\Dokumenty\java\zad3\src\main\java\com\javamarkt\cart\util\ProductUtils.java. Using fallback presentation compiler.
2026.06.02 10:57:23 INFO  no build target found for C:\Users\weron\OneDrive\Dokumenty\java\zad3\src\main\java\com\javamarkt\cart\util\ProductUtils.java. Using fallback presentation compiler.
2026.06.02 10:57:23 INFO  no build target found for C:\Users\weron\OneDrive\Dokumenty\java\zad3\src\main\java\com\javamarkt\cart\util\ProductUtils.java. Using fallback presentation compiler.
2026.06.02 10:57:23 INFO  no build target found for C:\Users\weron\OneDrive\Dokumenty\java\zad3\src\main\java\com\javamarkt\cart\util\ProductUtils.java. Using fallback presentation compiler.
2026.06.02 10:57:24 WARN  no build target for: C:\Users\weron\OneDrive\Dokumenty\java\zad3\src\main\java\com\javamarkt\cart\util\ProductUtils.java
2026.06.02 10:57:24 INFO  no build target found for C:\Users\weron\OneDrive\Dokumenty\java\zad3\src\main\java\com\javamarkt\cart\util\ProductUtils.java. Using fallback presentation compiler.
2026.06.02 10:57:24 WARN  no build target for: C:\Users\weron\OneDrive\Dokumenty\java\zad3\src\main\java\com\javamarkt\cart\util\ProductUtils.java
2026.06.02 10:57:24 INFO  no build target found for C:\Users\weron\OneDrive\Dokumenty\java\zad3\src\main\java\com\javamarkt\cart\util\ProductUtils.java. Using fallback presentation compiler.
2026.06.02 10:57:24 WARN  no build target for: C:\Users\weron\OneDrive\Dokumenty\java\zad3\src\main\java\com\javamarkt\cart\util\ProductUtils.java
2026.06.02 10:57:24 INFO  no build target found for C:\Users\weron\OneDrive\Dokumenty\java\zad3\src\main\java\com\javamarkt\cart\util\ProductUtils.java. Using fallback presentation compiler.
2026.06.02 10:57:24 WARN  no build target for: C:\Users\weron\OneDrive\Dokumenty\java\zad3\src\main\java\com\javamarkt\cart\util\ProductUtils.java
2026.06.02 10:57:24 INFO  no build target found for C:\Users\weron\OneDrive\Dokumenty\java\zad3\src\main\java\com\javamarkt\cart\util\ProductUtils.java. Using fallback presentation compiler.
2026.06.02 10:57:26 WARN  no build target for: C:\Users\weron\OneDrive\Dokumenty\java\zad3\src\main\java\com\javamarkt\cart\util\ProductUtils.java
2026.06.02 10:57:26 INFO  no build target found for C:\Users\weron\OneDrive\Dokumenty\java\zad3\src\main\java\com\javamarkt\cart\util\ProductUtils.java. Using fallback presentation compiler.
2026.06.02 10:57:28 INFO  no build target found for C:\Users\weron\OneDrive\Dokumenty\java\zad3\src\main\java\com\javamarkt\cart\util\ShoppingCart.java. Using fallback presentation compiler.
2026.06.02 10:57:28 WARN  no build target for: C:\Users\weron\OneDrive\Dokumenty\java\zad3\src\main\java\com\javamarkt\cart\util\ShoppingCart.java
2026.06.02 10:57:28 INFO  no build target found for C:\Users\weron\OneDrive\Dokumenty\java\zad3\src\main\java\com\javamarkt\cart\util\ShoppingCart.java. Using fallback presentation compiler.
2026.06.02 10:57:29 INFO  no build target found for C:\Users\weron\OneDrive\Dokumenty\java\zad3\src\main\java\com\javamarkt\cart\util\ShoppingCart.java. Using fallback presentation compiler.
2026.06.02 10:57:29 INFO  no build target found for C:\Users\weron\OneDrive\Dokumenty\java\zad3\src\main\java\com\javamarkt\cart\util\ShoppingCart.java. Using fallback presentation compiler.
2026.06.02 10:57:57 INFO  no build target found for C:\Users\weron\OneDrive\Dokumenty\java\zad3\src\main\java\com\javamarkt\cart\util\BestPromotionOrderFinder.java. Using fallback presentation compiler.
2026.06.02 10:57:57 WARN  no build target for: C:\Users\weron\OneDrive\Dokumenty\java\zad3\src\main\java\com\javamarkt\cart\util\BestPromotionOrderFinder.java
2026.06.02 10:57:57 INFO  no build target found for C:\Users\weron\OneDrive\Dokumenty\java\zad3\src\main\java\com\javamarkt\cart\util\BestPromotionOrderFinder.java. Using fallback presentation compiler.
2026.06.02 10:57:59 INFO  no build target found for C:\Users\weron\OneDrive\Dokumenty\java\zad3\src\main\java\com\javamarkt\cart\util\BestPromotionOrderFinder.java. Using fallback presentation compiler.
2026.06.02 10:58:02 INFO  no build target found for C:\Users\weron\OneDrive\Dokumenty\java\zad3\src\main\java\com\javamarkt\cart\util\BestPromotionOrderFinder.java. Using fallback presentation compiler.
2026.06.02 10:58:02 INFO  no build target found for C:\Users\weron\OneDrive\Dokumenty\java\zad3\src\main\java\com\javamarkt\cart\util\BestPromotionOrderFinder.java. Using fallback presentation compiler.
2026.06.02 10:58:02 INFO  no build target found for C:\Users\weron\OneDrive\Dokumenty\java\zad3\src\main\java\com\javamarkt\cart\util\BestPromotionOrderFinder.java. Using fallback presentation compiler.
2026.06.02 10:58:03 INFO  no build target found for C:\Users\weron\OneDrive\Dokumenty\java\zad3\src\main\java\com\javamarkt\cart\util\BestPromotionOrderFinder.java. Using fallback presentation compiler.
2026.06.02 10:58:03 WARN  no build target for: C:\Users\weron\OneDrive\Dokumenty\java\zad3\src\main\java\com\javamarkt\cart\util\BestPromotionOrderFinder.java
2026.06.02 10:58:03 INFO  no build target found for C:\Users\weron\OneDrive\Dokumenty\java\zad3\src\main\java\com\javamarkt\cart\util\BestPromotionOrderFinder.java. Using fallback presentation compiler.
2026.06.02 10:58:04 WARN  no build target for: C:\Users\weron\OneDrive\Dokumenty\java\zad3\src\main\java\com\javamarkt\cart\util\BestPromotionOrderFinder.java
2026.06.02 10:58:04 INFO  no build target found for C:\Users\weron\OneDrive\Dokumenty\java\zad3\src\main\java\com\javamarkt\cart\util\BestPromotionOrderFinder.java. Using fallback presentation compiler.
2026.06.02 10:58:03 WARN  no build target for: C:\Users\weron\OneDrive\Dokumenty\java\zad3\src\main\java\com\javamarkt\cart\util\BestPromotionOrderFinder.java
2026.06.02 10:58:04 INFO  no build target found for C:\Users\weron\OneDrive\Dokumenty\java\zad3\src\main\java\com\javamarkt\cart\util\BestPromotionOrderFinder.java. Using fallback presentation compiler.
2026.06.02 10:58:04 WARN  no build target for: C:\Users\weron\OneDrive\Dokumenty\java\zad3\src\main\java\com\javamarkt\cart\util\BestPromotionOrderFinder.java
2026.06.02 10:58:03 INFO  no build target found for C:\Users\weron\OneDrive\Dokumenty\java\zad3\src\main\java\com\javamarkt\cart\util\BestPromotionOrderFinder.java. Using fallback presentation compiler.
2026.06.02 11:01:33 INFO  no build target found for C:\Users\weron\OneDrive\Dokumenty\java\zad3\src\test\java\com\javamarkt\util\ProductUtilsTest.java. Using fallback presentation compiler.
2026.06.02 11:01:33 WARN  no build target for: C:\Users\weron\OneDrive\Dokumenty\java\zad3\src\test\java\com\javamarkt\util\ProductUtilsTest.java
2026.06.02 11:01:33 INFO  no build target found for C:\Users\weron\OneDrive\Dokumenty\java\zad3\src\test\java\com\javamarkt\util\ProductUtilsTest.java. Using fallback presentation compiler.
2026.06.02 11:01:34 INFO  no build target found for C:\Users\weron\OneDrive\Dokumenty\java\zad3\src\test\java\com\javamarkt\util\ProductUtilsTest.java. Using fallback presentation compiler.
2026.06.02 11:01:34 INFO  no build target found for C:\Users\weron\OneDrive\Dokumenty\java\zad3\src\test\java\com\javamarkt\util\ProductUtilsTest.java. Using fallback presentation compiler.
2026.06.02 11:01:34 INFO  no build target found for C:\Users\weron\OneDrive\Dokumenty\java\zad3\src\test\java\com\javamarkt\util\ProductUtilsTest.java. Using fallback presentation compiler.
2026.06.02 11:01:35 INFO  no build target found for C:\Users\weron\OneDrive\Dokumenty\java\zad3\src\test\java\com\javamarkt\util\ProductUtilsTest.java. Using fallback presentation compiler.
2026.06.02 11:01:35 WARN  no build target for: C:\Users\weron\OneDrive\Dokumenty\java\zad3\src\test\java\com\javamarkt\util\ProductUtilsTest.java
2026.06.02 11:01:35 INFO  no build target found for C:\Users\weron\OneDrive\Dokumenty\java\zad3\src\test\java\com\javamarkt\util\ProductUtilsTest.java. Using fallback presentation compiler.
2026.06.02 11:01:35 WARN  no build target for: C:\Users\weron\OneDrive\Dokumenty\java\zad3\src\test\java\com\javamarkt\util\ProductUtilsTest.java
2026.06.02 11:01:35 INFO  no build target found for C:\Users\weron\OneDrive\Dokumenty\java\zad3\src\test\java\com\javamarkt\util\ProductUtilsTest.java. Using fallback presentation compiler.
2026.06.02 11:01:36 WARN  no build target for: C:\Users\weron\OneDrive\Dokumenty\java\zad3\src\test\java\com\javamarkt\util\ProductUtilsTest.java
2026.06.02 11:01:35 INFO  no build target found for C:\Users\weron\OneDrive\Dokumenty\java\zad3\src\test\java\com\javamarkt\util\ProductUtilsTest.java. Using fallback presentation compiler.
2026.06.02 11:01:40 INFO  no build target found for C:\Users\weron\OneDrive\Dokumenty\java\zad3\src\test\java\com\javamarkt\promotions\PromotionsTest.java. Using fallback presentation compiler.
2026.06.02 11:01:40 WARN  no build target for: C:\Users\weron\OneDrive\Dokumenty\java\zad3\src\test\java\com\javamarkt\promotions\PromotionsTest.java
2026.06.02 11:01:40 INFO  no build target found for C:\Users\weron\OneDrive\Dokumenty\java\zad3\src\test\java\com\javamarkt\promotions\PromotionsTest.java. Using fallback presentation compiler.
2026.06.02 11:01:41 INFO  no build target found for C:\Users\weron\OneDrive\Dokumenty\java\zad3\src\test\java\com\javamarkt\promotions\PromotionsTest.java. Using fallback presentation compiler.
2026.06.02 11:01:41 INFO  no build target found for C:\Users\weron\OneDrive\Dokumenty\java\zad3\src\test\java\com\javamarkt\promotions\PromotionsTest.java. Using fallback presentation compiler.
2026.06.02 11:01:41 INFO  no build target found for C:\Users\weron\OneDrive\Dokumenty\java\zad3\src\test\java\com\javamarkt\promotions\PromotionsTest.java. Using fallback presentation compiler.
2026.06.02 11:01:42 INFO  no build target found for C:\Users\weron\OneDrive\Dokumenty\java\zad3\src\test\java\com\javamarkt\promotions\PromotionsTest.java. Using fallback presentation compiler.
2026.06.02 11:01:42 WARN  no build target for: C:\Users\weron\OneDrive\Dokumenty\java\zad3\src\test\java\com\javamarkt\promotions\PromotionsTest.java
2026.06.02 11:01:42 INFO  no build target found for C:\Users\weron\OneDrive\Dokumenty\java\zad3\src\test\java\com\javamarkt\promotions\PromotionsTest.java. Using fallback presentation compiler.
2026.06.02 11:01:42 WARN  no build target for: C:\Users\weron\OneDrive\Dokumenty\java\zad3\src\test\java\com\javamarkt\promotions\PromotionsTest.java
2026.06.02 11:01:42 INFO  no build target found for C:\Users\weron\OneDrive\Dokumenty\java\zad3\src\test\java\com\javamarkt\promotions\PromotionsTest.java. Using fallback presentation compiler.
2026.06.02 11:01:42 WARN  no build target for: C:\Users\weron\OneDrive\Dokumenty\java\zad3\src\test\java\com\javamarkt\promotions\PromotionsTest.java
2026.06.02 11:01:42 INFO  no build target found for C:\Users\weron\OneDrive\Dokumenty\java\zad3\src\test\java\com\javamarkt\promotions\PromotionsTest.java. Using fallback presentation compiler.
2026.06.02 11:01:42 WARN  no build target for: C:\Users\weron\OneDrive\Dokumenty\java\zad3\src\test\java\com\javamarkt\promotions\PromotionsTest.java
2026.06.02 11:01:42 INFO  no build target found for C:\Users\weron\OneDrive\Dokumenty\java\zad3\src\test\java\com\javamarkt\promotions\PromotionsTest.java. Using fallback presentation compiler.
2026.06.02 11:06:52 INFO  no build target found for C:\Users\weron\OneDrive\Dokumenty\java\zad3\src\main\java\com\javamarkt\cart\util\BestPromotionOrderFinder.java. Using fallback presentation compiler.
2026.06.02 11:06:52 WARN  no build target for: C:\Users\weron\OneDrive\Dokumenty\java\zad3\src\main\java\com\javamarkt\cart\util\BestPromotionOrderFinder.java
2026.06.02 11:06:52 INFO  no build target found for C:\Users\weron\OneDrive\Dokumenty\java\zad3\src\main\java\com\javamarkt\cart\util\BestPromotionOrderFinder.java. Using fallback presentation compiler.
2026.06.02 11:06:52 INFO  no build target found for C:\Users\weron\OneDrive\Dokumenty\java\zad3\src\main\java\com\javamarkt\cart\util\BestPromotionOrderFinder.java. Using fallback presentation compiler.
2026.06.02 11:07:03 INFO  no build target found for C:\Users\weron\OneDrive\Dokumenty\java\zad3\src\main\java\com\javamarkt\cart\util\BestPromotionOrderFinder.java. Using fallback presentation compiler.
2026.06.02 11:07:10 INFO  no build target found for C:\Users\weron\OneDrive\Dokumenty\java\zad3\src\main\java\com\javamarkt\cart\util\BestPromotionOrderFinder.java. Using fallback presentation compiler.
2026.06.02 11:07:22 INFO  no build target found for C:\Users\weron\OneDrive\Dokumenty\java\zad3\src\main\java\com\javamarkt\cart\util\ProductComparators.java. Using fallback presentation compiler.
2026.06.02 11:07:22 WARN  no build target for: C:\Users\weron\OneDrive\Dokumenty\java\zad3\src\main\java\com\javamarkt\cart\util\ProductComparators.java
2026.06.02 11:07:22 INFO  no build target found for C:\Users\weron\OneDrive\Dokumenty\java\zad3\src\main\java\com\javamarkt\cart\util\ProductComparators.java. Using fallback presentation compiler.
2026.06.02 11:07:22 INFO  no build target found for C:\Users\weron\OneDrive\Dokumenty\java\zad3\src\main\java\com\javamarkt\cart\util\ProductComparators.java. Using fallback presentation compiler.
2026.06.02 11:07:27 INFO  no build target found for C:\Users\weron\OneDrive\Dokumenty\java\zad3\src\main\java\com\javamarkt\cart\util\ProductUtils.java. Using fallback presentation compiler.
2026.06.02 11:07:27 WARN  no build target for: C:\Users\weron\OneDrive\Dokumenty\java\zad3\src\main\java\com\javamarkt\cart\util\ProductUtils.java
2026.06.02 11:07:27 INFO  no build target found for C:\Users\weron\OneDrive\Dokumenty\java\zad3\src\main\java\com\javamarkt\cart\util\ProductUtils.java. Using fallback presentation compiler.
2026.06.02 11:07:29 INFO  no build target found for C:\Users\weron\OneDrive\Dokumenty\java\zad3\src\main\java\com\javamarkt\cart\util\ProductComparators.java. Using fallback presentation compiler.
2026.06.02 11:07:29 WARN  no build target for: C:\Users\weron\OneDrive\Dokumenty\java\zad3\src\main\java\com\javamarkt\cart\util\ProductComparators.java
2026.06.02 11:07:29 INFO  no build target found for C:\Users\weron\OneDrive\Dokumenty\java\zad3\src\main\java\com\javamarkt\cart\util\ProductComparators.java. Using fallback presentation compiler.
2026.06.02 11:07:29 INFO  no build target found for C:\Users\weron\OneDrive\Dokumenty\java\zad3\src\main\java\com\javamarkt\cart\util\ProductComparators.java. Using fallback presentation compiler.
2026.06.02 11:07:30 INFO  no build target found for C:\Users\weron\OneDrive\Dokumenty\java\zad3\src\main\java\com\javamarkt\cart\util\ProductComparators.java. Using fallback presentation compiler.
2026.06.02 11:07:33 INFO  no build target found for C:\Users\weron\OneDrive\Dokumenty\java\zad3\src\main\java\com\javamarkt\cart\util\ProductUtils.java. Using fallback presentation compiler.
2026.06.02 11:07:33 WARN  no build target for: C:\Users\weron\OneDrive\Dokumenty\java\zad3\src\main\java\com\javamarkt\cart\util\ProductUtils.java
2026.06.02 11:07:33 INFO  no build target found for C:\Users\weron\OneDrive\Dokumenty\java\zad3\src\main\java\com\javamarkt\cart\util\ProductUtils.java. Using fallback presentation compiler.
2026.06.02 11:07:43 INFO  no build target found for C:\Users\weron\OneDrive\Dokumenty\java\zad3\src\main\java\com\javamarkt\cart\util\ProductUtils.java. Using fallback presentation compiler.
2026.06.02 11:07:44 INFO  no build target found for C:\Users\weron\OneDrive\Dokumenty\java\zad3\src\main\java\com\javamarkt\cart\util\ProductUtils.java. Using fallback presentation compiler.
2026.06.02 11:07:44 INFO  no build target found for C:\Users\weron\OneDrive\Dokumenty\java\zad3\src\main\java\com\javamarkt\cart\util\ProductUtils.java. Using fallback presentation compiler.
2026.06.02 11:07:45 INFO  no build target found for C:\Users\weron\OneDrive\Dokumenty\java\zad3\src\main\java\com\javamarkt\cart\util\ProductUtils.java. Using fallback presentation compiler.
2026.06.02 11:07:45 INFO  no build target found for C:\Users\weron\OneDrive\Dokumenty\java\zad3\src\main\java\com\javamarkt\cart\util\ProductUtils.java. Using fallback presentation compiler.
2026.06.02 11:07:45 INFO  no build target found for C:\Users\weron\OneDrive\Dokumenty\java\zad3\src\main\java\com\javamarkt\cart\util\ProductUtils.java. Using fallback presentation compiler.
2026.06.02 11:07:45 INFO  no build target found for C:\Users\weron\OneDrive\Dokumenty\java\zad3\src\main\java\com\javamarkt\cart\util\ProductUtils.java. Using fallback presentation compiler.
2026.06.02 11:07:46 INFO  no build target found for C:\Users\weron\OneDrive\Dokumenty\java\zad3\src\main\java\com\javamarkt\cart\util\ProductUtils.java. Using fallback presentation compiler.
2026.06.02 11:07:45 INFO  no build target found for C:\Users\weron\OneDrive\Dokumenty\java\zad3\src\main\java\com\javamarkt\cart\util\ProductUtils.java. Using fallback presentation compiler.
2026.06.02 11:07:46 INFO  no build target found for C:\Users\weron\OneDrive\Dokumenty\java\zad3\src\main\java\com\javamarkt\cart\util\ProductUtils.java. Using fallback presentation compiler.
2026.06.02 11:07:46 INFO  no build target found for C:\Users\weron\OneDrive\Dokumenty\java\zad3\src\main\java\com\javamarkt\cart\util\ProductUtils.java. Using fallback presentation compiler.
2026.06.02 11:07:46 INFO  no build target found for C:\Users\weron\OneDrive\Dokumenty\java\zad3\src\main\java\com\javamarkt\cart\util\ProductUtils.java. Using fallback presentation compiler.
cze 02, 2026 11:07:47 AM org.eclipse.lsp4j.jsonrpc.RemoteEndpoint handleCancellation
WARNING: Unmatched cancel notification for request id 2001
2026.06.02 11:07:48 WARN  no build target for: C:\Users\weron\OneDrive\Dokumenty\java\zad3\src\main\java\com\javamarkt\cart\util\ProductUtils.java
2026.06.02 11:07:48 INFO  no build target found for C:\Users\weron\OneDrive\Dokumenty\java\zad3\src\main\java\com\javamarkt\cart\util\ProductUtils.java. Using fallback presentation compiler.
2026.06.02 11:07:50 INFO  no build target found for C:\Users\weron\OneDrive\Dokumenty\java\zad3\src\main\java\com\javamarkt\cart\util\ShoppingCart.java. Using fallback presentation compiler.
2026.06.02 11:07:50 WARN  no build target for: C:\Users\weron\OneDrive\Dokumenty\java\zad3\src\main\java\com\javamarkt\cart\util\ShoppingCart.java
2026.06.02 11:07:50 INFO  no build target found for C:\Users\weron\OneDrive\Dokumenty\java\zad3\src\main\java\com\javamarkt\cart\util\ShoppingCart.java. Using fallback presentation compiler.
2026.06.02 11:07:50 INFO  no build target found for C:\Users\weron\OneDrive\Dokumenty\java\zad3\src\main\java\com\javamarkt\cart\util\ShoppingCart.java. Using fallback presentation compiler.
2026.06.02 11:07:50 INFO  no build target found for C:\Users\weron\OneDrive\Dokumenty\java\zad3\src\main\java\com\javamarkt\cart\util\ShoppingCart.java. Using fallback presentation compiler.
2026.06.02 11:12:45 INFO  no build target found for C:\Users\weron\OneDrive\Dokumenty\java\zad3\src\main\java\com\javamarkt\cart\util\ShoppingCart.java. Using fallback presentation compiler.
2026.06.02 11:12:47 INFO  no build target found for C:\Users\weron\OneDrive\Dokumenty\java\zad3\src\test\java\com\javamarkt\promotions\PromotionsTest.java. Using fallback presentation compiler.
2026.06.02 11:12:47 WARN  no build target for: C:\Users\weron\OneDrive\Dokumenty\java\zad3\src\test\java\com\javamarkt\promotions\PromotionsTest.java
2026.06.02 11:12:47 INFO  no build target found for C:\Users\weron\OneDrive\Dokumenty\java\zad3\src\test\java\com\javamarkt\promotions\PromotionsTest.java. Using fallback presentation compiler.
2026.06.02 11:12:47 INFO  no build target found for C:\Users\weron\OneDrive\Dokumenty\java\zad3\src\test\java\com\javamarkt\promotions\PromotionsTest.java. Using fallback presentation compiler.
2026.06.02 11:12:56 INFO  no build target found for C:\Users\weron\OneDrive\Dokumenty\java\zad3\src\test\java\com\javamarkt\promotions\PromotionsTest.java. Using fallback presentation compiler.
2026.06.02 11:13:00 INFO  no build target found for C:\Users\weron\OneDrive\Dokumenty\java\zad3\src\test\java\com\javamarkt\promotions\PromotionsTest.java. Using fallback presentation compiler.
2026.06.02 11:13:00 INFO  no build target found for C:\Users\weron\OneDrive\Dokumenty\java\zad3\src\test\java\com\javamarkt\promotions\PromotionsTest.java. Using fallback presentation compiler.
2026.06.02 11:13:00 INFO  no build target found for C:\Users\weron\OneDrive\Dokumenty\java\zad3\src\test\java\com\javamarkt\promotions\PromotionsTest.java. Using fallback presentation compiler.
2026.06.02 11:13:00 INFO  no build target found for C:\Users\weron\OneDrive\Dokumenty\java\zad3\src\test\java\com\javamarkt\promotions\PromotionsTest.java. Using fallback presentation compiler.
2026.06.02 11:13:02 INFO  no build target found for C:\Users\weron\OneDrive\Dokumenty\java\zad3\src\test\java\com\javamarkt\promotions\PromotionsTest.java. Using fallback presentation compiler.
2026.06.02 11:13:03 INFO  no build target found for C:\Users\weron\OneDrive\Dokumenty\java\zad3\src\test\java\com\javamarkt\promotions\PromotionsTest.java. Using fallback presentation compiler.
2026.06.02 11:13:04 INFO  no build target found for C:\Users\weron\OneDrive\Dokumenty\java\zad3\src\test\java\com\javamarkt\promotions\PromotionsTest.java. Using fallback presentation compiler.
2026.06.02 11:13:04 INFO  no build target found for C:\Users\weron\OneDrive\Dokumenty\java\zad3\src\test\java\com\javamarkt\promotions\PromotionsTest.java. Using fallback presentation compiler.
2026.06.02 11:13:04 INFO  no build target found for C:\Users\weron\OneDrive\Dokumenty\java\zad3\src\test\java\com\javamarkt\promotions\PromotionsTest.java. Using fallback presentation compiler.
2026.06.02 11:13:04 INFO  no build target found for C:\Users\weron\OneDrive\Dokumenty\java\zad3\src\test\java\com\javamarkt\promotions\PromotionsTest.java. Using fallback presentation compiler.
2026.06.02 11:13:05 INFO  no build target found for C:\Users\weron\OneDrive\Dokumenty\java\zad3\src\test\java\com\javamarkt\promotions\PromotionsTest.java. Using fallback presentation compiler.
2026.06.02 11:13:05 INFO  no build target found for C:\Users\weron\OneDrive\Dokumenty\java\zad3\src\test\java\com\javamarkt\promotions\PromotionsTest.java. Using fallback presentation compiler.
2026.06.02 11:13:05 INFO  no build target found for C:\Users\weron\OneDrive\Dokumenty\java\zad3\src\test\java\com\javamarkt\promotions\PromotionsTest.java. Using fallback presentation compiler.
2026.06.02 11:13:08 INFO  no build target found for C:\Users\weron\OneDrive\Dokumenty\java\zad3\src\test\java\com\javamarkt\promotions\PromotionsTest.java. Using fallback presentation compiler.
2026.06.02 11:13:08 INFO  no build target found for C:\Users\weron\OneDrive\Dokumenty\java\zad3\src\test\java\com\javamarkt\promotions\PromotionsTest.java. Using fallback presentation compiler.
2026.06.02 11:13:09 WARN  no build target for: C:\Users\weron\OneDrive\Dokumenty\java\zad3\src\test\java\com\javamarkt\promotions\PromotionsTest.java
2026.06.02 11:13:09 INFO  no build target found for C:\Users\weron\OneDrive\Dokumenty\java\zad3\src\test\java\com\javamarkt\promotions\PromotionsTest.java. Using fallback presentation compiler.
2026.06.02 11:13:10 WARN  no build target for: C:\Users\weron\OneDrive\Dokumenty\java\zad3\src\test\java\com\javamarkt\promotions\PromotionsTest.java
2026.06.02 11:13:09 INFO  no build target found for C:\Users\weron\OneDrive\Dokumenty\java\zad3\src\test\java\com\javamarkt\promotions\PromotionsTest.java. Using fallback presentation compiler.
2026.06.02 11:13:10 WARN  no build target for: C:\Users\weron\OneDrive\Dokumenty\java\zad3\src\test\java\com\javamarkt\promotions\PromotionsTest.java
2026.06.02 11:13:10 INFO  no build target found for C:\Users\weron\OneDrive\Dokumenty\java\zad3\src\test\java\com\javamarkt\promotions\PromotionsTest.java. Using fallback presentation compiler.
2026.06.02 11:13:11 INFO  no build target found for C:\Users\weron\OneDrive\Dokumenty\java\zad3\src\test\java\com\javamarkt\promotions\PromotionsTest.java. Using fallback presentation compiler.
2026.06.02 11:13:11 INFO  no build target found for C:\Users\weron\OneDrive\Dokumenty\java\zad3\src\test\java\com\javamarkt\promotions\PromotionsTest.java. Using fallback presentation compiler.
2026.06.02 11:13:12 INFO  no build target found for C:\Users\weron\OneDrive\Dokumenty\java\zad3\src\test\java\com\javamarkt\promotions\PromotionsTest.java. Using fallback presentation compiler.
2026.06.02 11:13:12 INFO  no build target found for C:\Users\weron\OneDrive\Dokumenty\java\zad3\src\test\java\com\javamarkt\promotions\PromotionsTest.java. Using fallback presentation compiler.
2026.06.02 11:13:14 INFO  no build target found for C:\Users\weron\OneDrive\Dokumenty\java\zad3\src\test\java\com\javamarkt\promotions\PromotionsTest.java. Using fallback presentation compiler.
2026.06.02 11:13:16 INFO  no build target found for C:\Users\weron\OneDrive\Dokumenty\java\zad3\src\test\java\com\javamarkt\util\ProductUtilsTest.java. Using fallback presentation compiler.
2026.06.02 11:13:16 WARN  no build target for: C:\Users\weron\OneDrive\Dokumenty\java\zad3\src\test\java\com\javamarkt\util\ProductUtilsTest.java
2026.06.02 11:13:16 INFO  no build target found for C:\Users\weron\OneDrive\Dokumenty\java\zad3\src\test\java\com\javamarkt\util\ProductUtilsTest.java. Using fallback presentation compiler.
2026.06.02 11:13:19 INFO  no build target found for C:\Users\weron\OneDrive\Dokumenty\java\zad3\src\test\java\com\javamarkt\util\ProductUtilsTest.java. Using fallback presentation compiler.
2026.06.02 11:13:19 INFO  no build target found for C:\Users\weron\OneDrive\Dokumenty\java\zad3\src\test\java\com\javamarkt\util\ProductUtilsTest.java. Using fallback presentation compiler.
2026.06.02 11:13:19 INFO  no build target found for C:\Users\weron\OneDrive\Dokumenty\java\zad3\src\test\java\com\javamarkt\util\ProductUtilsTest.java. Using fallback presentation compiler.
2026.06.02 11:13:19 INFO  no build target found for C:\Users\weron\OneDrive\Dokumenty\java\zad3\src\test\java\com\javamarkt\util\ProductUtilsTest.java. Using fallback presentation compiler.
2026.06.02 11:13:20 INFO  no build target found for C:\Users\weron\OneDrive\Dokumenty\java\zad3\src\test\java\com\javamarkt\util\ProductUtilsTest.java. Using fallback presentation compiler.
2026.06.02 11:13:23 INFO  no build target found for C:\Users\weron\OneDrive\Dokumenty\java\zad3\src\test\java\com\javamarkt\util\ProductUtilsTest.java. Using fallback presentation compiler.
2026.06.02 11:13:23 INFO  no build target found for C:\Users\weron\OneDrive\Dokumenty\java\zad3\src\test\java\com\javamarkt\util\ProductUtilsTest.java. Using fallback presentation compiler.
2026.06.02 11:13:24 INFO  no build target found for C:\Users\weron\OneDrive\Dokumenty\java\zad3\src\test\java\com\javamarkt\util\ProductUtilsTest.java. Using fallback presentation compiler.
2026.06.02 11:13:24 INFO  no build target found for C:\Users\weron\OneDrive\Dokumenty\java\zad3\src\test\java\com\javamarkt\util\ProductUtilsTest.java. Using fallback presentation compiler.
2026.06.02 11:13:24 INFO  no build target found for C:\Users\weron\OneDrive\Dokumenty\java\zad3\src\test\java\com\javamarkt\util\ProductUtilsTest.java. Using fallback presentation compiler.
2026.06.02 11:13:25 INFO  no build target found for C:\Users\weron\OneDrive\Dokumenty\java\zad3\src\test\java\com\javamarkt\util\ProductUtilsTest.java. Using fallback presentation compiler.
2026.06.02 11:13:25 INFO  no build target found for C:\Users\weron\OneDrive\Dokumenty\java\zad3\src\test\java\com\javamarkt\util\ProductUtilsTest.java. Using fallback presentation compiler.
2026.06.02 11:13:25 INFO  no build target found for C:\Users\weron\OneDrive\Dokumenty\java\zad3\src\test\java\com\javamarkt\util\ProductUtilsTest.java. Using fallback presentation compiler.
2026.06.02 11:13:25 INFO  no build target found for C:\Users\weron\OneDrive\Dokumenty\java\zad3\src\test\java\com\javamarkt\util\ProductUtilsTest.java. Using fallback presentation compiler.
2026.06.02 11:13:25 INFO  no build target found for C:\Users\weron\OneDrive\Dokumenty\java\zad3\src\test\java\com\javamarkt\util\ProductUtilsTest.java. Using fallback presentation compiler.
2026.06.02 11:13:27 INFO  no build target found for C:\Users\weron\OneDrive\Dokumenty\java\zad3\src\test\java\com\javamarkt\util\ProductUtilsTest.java. Using fallback presentation compiler.
2026.06.02 11:13:27 INFO  no build target found for C:\Users\weron\OneDrive\Dokumenty\java\zad3\src\test\java\com\javamarkt\util\ProductUtilsTest.java. Using fallback presentation compiler.
2026.06.02 11:13:28 WARN  no build target for: C:\Users\weron\OneDrive\Dokumenty\java\zad3\src\test\java\com\javamarkt\util\ProductUtilsTest.java
2026.06.02 11:13:28 INFO  no build target found for C:\Users\weron\OneDrive\Dokumenty\java\zad3\src\test\java\com\javamarkt\util\ProductUtilsTest.java. Using fallback presentation compiler.
2026.06.02 11:13:28 WARN  no build target for: C:\Users\weron\OneDrive\Dokumenty\java\zad3\src\test\java\com\javamarkt\util\ProductUtilsTest.java
2026.06.02 11:13:28 INFO  no build target found for C:\Users\weron\OneDrive\Dokumenty\java\zad3\src\test\java\com\javamarkt\util\ProductUtilsTest.java. Using fallback presentation compiler.
2026.06.02 11:13:28 WARN  no build target for: C:\Users\weron\OneDrive\Dokumenty\java\zad3\src\test\java\com\javamarkt\util\ProductUtilsTest.java
2026.06.02 11:13:28 INFO  no build target found for C:\Users\weron\OneDrive\Dokumenty\java\zad3\src\test\java\com\javamarkt\util\ProductUtilsTest.java. Using fallback presentation compiler.
2026.06.02 11:13:29 INFO  no build target found for C:\Users\weron\OneDrive\Dokumenty\java\zad3\src\test\java\com\javamarkt\util\ProductUtilsTest.java. Using fallback presentation compiler.
2026.06.02 11:13:29 INFO  no build target found for C:\Users\weron\OneDrive\Dokumenty\java\zad3\src\test\java\com\javamarkt\util\ProductUtilsTest.java. Using fallback presentation compiler.
2026.06.02 11:14:14 INFO  no build target found for C:\Users\weron\OneDrive\Dokumenty\java\zad3\src\test\java\com\javamarkt\util\ProductUtilsTest.java. Using fallback presentation compiler.
2026.06.02 11:14:14 INFO  no build target found for C:\Users\weron\OneDrive\Dokumenty\java\zad3\src\test\java\com\javamarkt\util\ProductUtilsTest.java. Using fallback presentation compiler.
2026.06.02 11:14:15 INFO  no build target found for C:\Users\weron\OneDrive\Dokumenty\java\zad3\src\test\java\com\javamarkt\util\ProductUtilsTest.java. Using fallback presentation compiler.
2026.06.02 11:14:15 INFO  Created report: Optional[file:///C:/Users/weron/OneDrive/Dokumenty/java/zad3/src/test/java/com/javamarkt/util/ProductUtilsTest.java]
2026.06.02 11:14:15 INFO  empty definition using pc, found symbol in pc: _empty_/Product# (full report at: "C:\Users\weron\OneDrive\Dokumenty\java\zad3\.metals\.reports\metals-full\2026-06-02\r_empty-definition_11-14-15-049.md")
2026.06.02 11:14:15 INFO  no build target found for C:\Users\weron\OneDrive\Dokumenty\java\zad3\src\test\java\com\javamarkt\util\ProductUtilsTest.java. Using fallback presentation compiler.
2026.06.02 11:14:15 INFO  no build target found for C:\Users\weron\OneDrive\Dokumenty\java\zad3\src\test\java\com\javamarkt\util\ProductUtilsTest.java. Using fallback presentation compiler.
2026.06.02 11:14:15 INFO  no build target found for C:\Users\weron\OneDrive\Dokumenty\java\zad3\src\test\java\com\javamarkt\util\ProductUtilsTest.java. Using fallback presentation compiler.
2026.06.02 11:14:16 INFO  no build target found for C:\Users\weron\OneDrive\Dokumenty\java\zad3\src\test\java\com\javamarkt\util\ProductUtilsTest.java. Using fallback presentation compiler.
2026.06.02 11:14:16 WARN  no build target for: C:\Users\weron\OneDrive\Dokumenty\java\zad3\src\test\java\com\javamarkt\util\ProductUtilsTest.java
2026.06.02 11:14:16 INFO  no build target found for C:\Users\weron\OneDrive\Dokumenty\java\zad3\src\test\java\com\javamarkt\util\ProductUtilsTest.java. Using fallback presentation compiler.
2026.06.02 11:14:16 WARN  no build target for: C:\Users\weron\OneDrive\Dokumenty\java\zad3\src\test\java\com\javamarkt\util\ProductUtilsTest.java
2026.06.02 11:14:16 INFO  no build target found for C:\Users\weron\OneDrive\Dokumenty\java\zad3\src\test\java\com\javamarkt\util\ProductUtilsTest.java. Using fallback presentation compiler.
2026.06.02 11:14:16 WARN  no build target for: C:\Users\weron\OneDrive\Dokumenty\java\zad3\src\test\java\com\javamarkt\util\ProductUtilsTest.java
2026.06.02 11:14:16 INFO  no build target found for C:\Users\weron\OneDrive\Dokumenty\java\zad3\src\test\java\com\javamarkt\util\ProductUtilsTest.java. Using fallback presentation compiler.
2026.06.02 11:14:16 WARN  no build target for: C:\Users\weron\OneDrive\Dokumenty\java\zad3\src\test\java\com\javamarkt\util\ProductUtilsTest.java
2026.06.02 11:14:17 INFO  no build target found for C:\Users\weron\OneDrive\Dokumenty\java\zad3\src\test\java\com\javamarkt\util\ProductUtilsTest.java. Using fallback presentation compiler.
2026.06.02 11:14:16 WARN  no build target for: C:\Users\weron\OneDrive\Dokumenty\java\zad3\src\test\java\com\javamarkt\util\ProductUtilsTest.java
2026.06.02 11:14:16 INFO  no build target found for C:\Users\weron\OneDrive\Dokumenty\java\zad3\src\test\java\com\javamarkt\util\ProductUtilsTest.java. Using fallback presentation compiler.
2026.06.02 11:14:16 WARN  no build target for: C:\Users\weron\OneDrive\Dokumenty\java\zad3\src\test\java\com\javamarkt\util\ProductUtilsTest.java
2026.06.02 11:14:16 INFO  no build target found for C:\Users\weron\OneDrive\Dokumenty\java\zad3\src\test\java\com\javamarkt\util\ProductUtilsTest.java. Using fallback presentation compiler.
2026.06.02 11:14:16 WARN  no build target for: C:\Users\weron\OneDrive\Dokumenty\java\zad3\src\test\java\com\javamarkt\util\ProductUtilsTest.java
2026.06.02 11:14:16 INFO  no build target found for C:\Users\weron\OneDrive\Dokumenty\java\zad3\src\test\java\com\javamarkt\util\ProductUtilsTest.java. Using fallback presentation compiler.
2026.06.02 11:14:16 WARN  no build target for: C:\Users\weron\OneDrive\Dokumenty\java\zad3\src\test\java\com\javamarkt\util\ProductUtilsTest.java
2026.06.02 11:14:17 INFO  no build target found for C:\Users\weron\OneDrive\Dokumenty\java\zad3\src\test\java\com\javamarkt\util\ProductUtilsTest.java. Using fallback presentation compiler.
2026.06.02 11:14:18 WARN  no build target for: C:\Users\weron\OneDrive\Dokumenty\java\zad3\src\test\java\com\javamarkt\util\ProductUtilsTest.java
2026.06.02 11:14:17 INFO  no build target found for C:\Users\weron\OneDrive\Dokumenty\java\zad3\src\test\java\com\javamarkt\util\ProductUtilsTest.java. Using fallback presentation compiler.
2026.06.02 11:14:18 WARN  no build target for: C:\Users\weron\OneDrive\Dokumenty\java\zad3\src\test\java\com\javamarkt\util\ProductUtilsTest.java
2026.06.02 11:14:17 INFO  no build target found for C:\Users\weron\OneDrive\Dokumenty\java\zad3\src\test\java\com\javamarkt\util\ProductUtilsTest.java. Using fallback presentation compiler.
2026.06.02 11:14:17 WARN  no build target for: C:\Users\weron\OneDrive\Dokumenty\java\zad3\src\test\java\com\javamarkt\util\ProductUtilsTest.java
2026.06.02 11:14:17 INFO  no build target found for C:\Users\weron\OneDrive\Dokumenty\java\zad3\src\test\java\com\javamarkt\util\ProductUtilsTest.java. Using fallback presentation compiler.
2026.06.02 11:14:18 WARN  no build target for: C:\Users\weron\OneDrive\Dokumenty\java\zad3\src\test\java\com\javamarkt\util\ProductUtilsTest.java
2026.06.02 11:14:18 INFO  no build target found for C:\Users\weron\OneDrive\Dokumenty\java\zad3\src\test\java\com\javamarkt\util\ProductUtilsTest.java. Using fallback presentation compiler.
2026.06.02 11:14:18 WARN  no build target for: C:\Users\weron\OneDrive\Dokumenty\java\zad3\src\test\java\com\javamarkt\util\ProductUtilsTest.java
2026.06.02 11:14:18 INFO  no build target found for C:\Users\weron\OneDrive\Dokumenty\java\zad3\src\test\java\com\javamarkt\util\ProductUtilsTest.java. Using fallback presentation compiler.
2026.06.02 11:14:18 WARN  no build target for: C:\Users\weron\OneDrive\Dokumenty\java\zad3\src\test\java\com\javamarkt\util\ProductUtilsTest.java
2026.06.02 11:14:17 INFO  no build target found for C:\Users\weron\OneDrive\Dokumenty\java\zad3\src\test\java\com\javamarkt\util\ProductUtilsTest.java. Using fallback presentation compiler.
2026.06.02 11:14:17 WARN  no build target for: C:\Users\weron\OneDrive\Dokumenty\java\zad3\src\test\java\com\javamarkt\util\ProductUtilsTest.java
2026.06.02 11:14:17 INFO  no build target found for C:\Users\weron\OneDrive\Dokumenty\java\zad3\src\test\java\com\javamarkt\util\ProductUtilsTest.java. Using fallback presentation compiler.
2026.06.02 11:14:18 WARN  no build target for: C:\Users\weron\OneDrive\Dokumenty\java\zad3\src\test\java\com\javamarkt\util\ProductUtilsTest.java
2026.06.02 11:14:18 INFO  no build target found for C:\Users\weron\OneDrive\Dokumenty\java\zad3\src\test\java\com\javamarkt\util\ProductUtilsTest.java. Using fallback presentation compiler.
2026.06.02 11:14:18 WARN  no build target for: C:\Users\weron\OneDrive\Dokumenty\java\zad3\src\test\java\com\javamarkt\util\ProductUtilsTest.java
2026.06.02 11:14:18 INFO  no build target found for C:\Users\weron\OneDrive\Dokumenty\java\zad3\src\test\java\com\javamarkt\util\ProductUtilsTest.java. Using fallback presentation compiler.
2026.06.02 11:14:18 WARN  no build target for: C:\Users\weron\OneDrive\Dokumenty\java\zad3\src\test\java\com\javamarkt\util\ProductUtilsTest.java
2026.06.02 11:14:18 INFO  no build target found for C:\Users\weron\OneDrive\Dokumenty\java\zad3\src\test\java\com\javamarkt\util\ProductUtilsTest.java. Using fallback presentation compiler.
2026.06.02 11:14:18 WARN  no build target for: C:\Users\weron\OneDrive\Dokumenty\java\zad3\src\test\java\com\javamarkt\util\ProductUtilsTest.java
2026.06.02 11:14:18 INFO  no build target found for C:\Users\weron\OneDrive\Dokumenty\java\zad3\src\test\java\com\javamarkt\util\ProductUtilsTest.java. Using fallback presentation compiler.
2026.06.02 11:14:17 WARN  no build target for: C:\Users\weron\OneDrive\Dokumenty\java\zad3\src\test\java\com\javamarkt\util\ProductUtilsTest.java
2026.06.02 11:14:18 INFO  no build target found for C:\Users\weron\OneDrive\Dokumenty\java\zad3\src\test\java\com\javamarkt\util\ProductUtilsTest.java. Using fallback presentation compiler.
2026.06.02 11:14:27 INFO  no build target found for C:\Users\weron\OneDrive\Dokumenty\java\zad3\src\test\java\com\javamarkt\promotions\PromotionsTest.java. Using fallback presentation compiler.
2026.06.02 11:14:27 WARN  no build target for: C:\Users\weron\OneDrive\Dokumenty\java\zad3\src\test\java\com\javamarkt\promotions\PromotionsTest.java
2026.06.02 11:14:27 INFO  no build target found for C:\Users\weron\OneDrive\Dokumenty\java\zad3\src\test\java\com\javamarkt\promotions\PromotionsTest.java. Using fallback presentation compiler.
2026.06.02 11:14:27 INFO  no build target found for C:\Users\weron\OneDrive\Dokumenty\java\zad3\src\test\java\com\javamarkt\promotions\PromotionsTest.java. Using fallback presentation compiler.
2026.06.02 11:14:27 INFO  no build target found for C:\Users\weron\OneDrive\Dokumenty\java\zad3\src\test\java\com\javamarkt\promotions\PromotionsTest.java. Using fallback presentation compiler.
2026.06.02 11:14:27 INFO  no build target found for C:\Users\weron\OneDrive\Dokumenty\java\zad3\src\test\java\com\javamarkt\promotions\PromotionsTest.java. Using fallback presentation compiler.
2026.06.02 11:14:31 INFO  no build target found for C:\Users\weron\OneDrive\Dokumenty\java\zad3\src\test\java\com\javamarkt\promotions\PromotionsTest.java. Using fallback presentation compiler.
2026.06.02 11:14:31 INFO  no build target found for C:\Users\weron\OneDrive\Dokumenty\java\zad3\src\test\java\com\javamarkt\promotions\PromotionsTest.java. Using fallback presentation compiler.
2026.06.02 11:14:31 INFO  no build target found for C:\Users\weron\OneDrive\Dokumenty\java\zad3\src\test\java\com\javamarkt\promotions\PromotionsTest.java. Using fallback presentation compiler.
2026.06.02 11:14:32 INFO  no build target found for C:\Users\weron\OneDrive\Dokumenty\java\zad3\src\test\java\com\javamarkt\promotions\PromotionsTest.java. Using fallback presentation compiler.
2026.06.02 11:14:32 WARN  no build target for: C:\Users\weron\OneDrive\Dokumenty\java\zad3\src\test\java\com\javamarkt\promotions\PromotionsTest.java
2026.06.02 11:14:32 INFO  no build target found for C:\Users\weron\OneDrive\Dokumenty\java\zad3\src\test\java\com\javamarkt\promotions\PromotionsTest.java. Using fallback presentation compiler.
2026.06.02 11:14:32 WARN  no build target for: C:\Users\weron\OneDrive\Dokumenty\java\zad3\src\test\java\com\javamarkt\promotions\PromotionsTest.java
2026.06.02 11:14:32 INFO  no build target found for C:\Users\weron\OneDrive\Dokumenty\java\zad3\src\test\java\com\javamarkt\promotions\PromotionsTest.java. Using fallback presentation compiler.
2026.06.02 11:14:32 WARN  no build target for: C:\Users\weron\OneDrive\Dokumenty\java\zad3\src\test\java\com\javamarkt\promotions\PromotionsTest.java
2026.06.02 11:14:32 INFO  no build target found for C:\Users\weron\OneDrive\Dokumenty\java\zad3\src\test\java\com\javamarkt\promotions\PromotionsTest.java. Using fallback presentation compiler.
2026.06.02 11:14:32 WARN  no build target for: C:\Users\weron\OneDrive\Dokumenty\java\zad3\src\test\java\com\javamarkt\promotions\PromotionsTest.java
2026.06.02 11:14:32 INFO  no build target found for C:\Users\weron\OneDrive\Dokumenty\java\zad3\src\test\java\com\javamarkt\promotions\PromotionsTest.java. Using fallback presentation compiler.
2026.06.02 11:14:32 WARN  no build target for: C:\Users\weron\OneDrive\Dokumenty\java\zad3\src\test\java\com\javamarkt\promotions\PromotionsTest.java
2026.06.02 11:14:32 INFO  no build target found for C:\Users\weron\OneDrive\Dokumenty\java\zad3\src\test\java\com\javamarkt\promotions\PromotionsTest.java. Using fallback presentation compiler.
2026.06.02 11:14:32 WARN  no build target for: C:\Users\weron\OneDrive\Dokumenty\java\zad3\src\test\java\com\javamarkt\promotions\PromotionsTest.java
2026.06.02 11:14:32 INFO  no build target found for C:\Users\weron\OneDrive\Dokumenty\java\zad3\src\test\java\com\javamarkt\promotions\PromotionsTest.java. Using fallback presentation compiler.
2026.06.02 11:14:33 INFO  no build target found for C:\Users\weron\OneDrive\Dokumenty\java\zad3\src\test\java\com\javamarkt\promotions\PromotionsTest.java. Using fallback presentation compiler.
2026.06.02 11:14:33 INFO  no build target found for C:\Users\weron\OneDrive\Dokumenty\java\zad3\src\test\java\com\javamarkt\promotions\PromotionsTest.java. Using fallback presentation compiler.
2026.06.02 11:14:34 INFO  no build target found for C:\Users\weron\OneDrive\Dokumenty\java\zad3\src\test\java\com\javamarkt\promotions\PromotionsTest.java. Using fallback presentation compiler.
2026.06.02 11:14:33 INFO  no build target found for C:\Users\weron\OneDrive\Dokumenty\java\zad3\src\test\java\com\javamarkt\promotions\PromotionsTest.java. Using fallback presentation compiler.
2026.06.02 11:15:40 INFO  no build target found for C:\Users\weron\OneDrive\Dokumenty\java\zad3\src\test\java\com\javamarkt\util\ProductUtilsTest.java. Using fallback presentation compiler.
2026.06.02 11:15:40 WARN  no build target for: C:\Users\weron\OneDrive\Dokumenty\java\zad3\src\test\java\com\javamarkt\util\ProductUtilsTest.java
2026.06.02 11:15:40 INFO  no build target found for C:\Users\weron\OneDrive\Dokumenty\java\zad3\src\test\java\com\javamarkt\util\ProductUtilsTest.java. Using fallback presentation compiler.
2026.06.02 11:15:40 INFO  no build target found for C:\Users\weron\OneDrive\Dokumenty\java\zad3\src\test\java\com\javamarkt\util\ProductUtilsTest.java. Using fallback presentation compiler.
2026.06.02 11:15:41 INFO  no build target found for C:\Users\weron\OneDrive\Dokumenty\java\zad3\src\test\java\com\javamarkt\util\ProductUtilsTest.java. Using fallback presentation compiler.
2026.06.02 11:15:41 INFO  no build target found for C:\Users\weron\OneDrive\Dokumenty\java\zad3\src\test\java\com\javamarkt\util\ProductUtilsTest.java. Using fallback presentation compiler.
2026.06.02 11:15:41 INFO  empty definition using pc, found symbol in pc: _empty_/Product# (full report at: "C:\Users\weron\OneDrive\Dokumenty\java\zad3\.metals\.reports\metals-full\2026-06-02\r_empty-definition_11-14-15-049.md")
2026.06.02 11:15:41 INFO  no build target found for C:\Users\weron\OneDrive\Dokumenty\java\zad3\src\test\java\com\javamarkt\util\ProductUtilsTest.java. Using fallback presentation compiler.
2026.06.02 11:15:41 INFO  no build target found for C:\Users\weron\OneDrive\Dokumenty\java\zad3\src\test\java\com\javamarkt\util\ProductUtilsTest.java. Using fallback presentation compiler.
2026.06.02 11:15:42 INFO  no build target found for C:\Users\weron\OneDrive\Dokumenty\java\zad3\src\test\java\com\javamarkt\util\ProductUtilsTest.java. Using fallback presentation compiler.
2026.06.02 11:15:43 INFO  no build target found for C:\Users\weron\OneDrive\Dokumenty\java\zad3\src\test\java\com\javamarkt\util\ProductUtilsTest.java. Using fallback presentation compiler.
2026.06.02 11:15:43 WARN  no build target for: C:\Users\weron\OneDrive\Dokumenty\java\zad3\src\test\java\com\javamarkt\util\ProductUtilsTest.java
2026.06.02 11:15:43 INFO  no build target found for C:\Users\weron\OneDrive\Dokumenty\java\zad3\src\test\java\com\javamarkt\util\ProductUtilsTest.java. Using fallback presentation compiler.
2026.06.02 11:15:43 WARN  no build target for: C:\Users\weron\OneDrive\Dokumenty\java\zad3\src\test\java\com\javamarkt\util\ProductUtilsTest.java
2026.06.02 11:15:43 INFO  no build target found for C:\Users\weron\OneDrive\Dokumenty\java\zad3\src\test\java\com\javamarkt\util\ProductUtilsTest.java. Using fallback presentation compiler.
2026.06.02 11:15:43 WARN  no build target for: C:\Users\weron\OneDrive\Dokumenty\java\zad3\src\test\java\com\javamarkt\util\ProductUtilsTest.java
2026.06.02 11:15:43 INFO  no build target found for C:\Users\weron\OneDrive\Dokumenty\java\zad3\src\test\java\com\javamarkt\util\ProductUtilsTest.java. Using fallback presentation compiler.
2026.06.02 11:15:43 WARN  no build target for: C:\Users\weron\OneDrive\Dokumenty\java\zad3\src\test\java\com\javamarkt\util\ProductUtilsTest.java
2026.06.02 11:15:43 INFO  no build target found for C:\Users\weron\OneDrive\Dokumenty\java\zad3\src\test\java\com\javamarkt\util\ProductUtilsTest.java. Using fallback presentation compiler.
2026.06.02 11:15:43 WARN  no build target for: C:\Users\weron\OneDrive\Dokumenty\java\zad3\src\test\java\com\javamarkt\util\ProductUtilsTest.java
2026.06.02 11:15:43 INFO  no build target found for C:\Users\weron\OneDrive\Dokumenty\java\zad3\src\test\java\com\javamarkt\util\ProductUtilsTest.java. Using fallback presentation compiler.
2026.06.02 11:15:48 INFO  no build target found for C:\Users\weron\OneDrive\Dokumenty\java\zad3\src\test\java\com\javamarkt\promotions\PromotionsTest.java. Using fallback presentation compiler.
2026.06.02 11:15:48 WARN  no build target for: C:\Users\weron\OneDrive\Dokumenty\java\zad3\src\test\java\com\javamarkt\promotions\PromotionsTest.java
2026.06.02 11:15:48 INFO  no build target found for C:\Users\weron\OneDrive\Dokumenty\java\zad3\src\test\java\com\javamarkt\promotions\PromotionsTest.java. Using fallback presentation compiler.
2026.06.02 11:15:48 INFO  no build target found for C:\Users\weron\OneDrive\Dokumenty\java\zad3\src\test\java\com\javamarkt\promotions\PromotionsTest.java. Using fallback presentation compiler.
2026.06.02 11:15:48 INFO  no build target found for C:\Users\weron\OneDrive\Dokumenty\java\zad3\src\test\java\com\javamarkt\promotions\PromotionsTest.java. Using fallback presentation compiler.
2026.06.02 11:15:48 INFO  no build target found for C:\Users\weron\OneDrive\Dokumenty\java\zad3\src\test\java\com\javamarkt\promotions\PromotionsTest.java. Using fallback presentation compiler.
2026.06.02 11:15:49 INFO  no build target found for C:\Users\weron\OneDrive\Dokumenty\java\zad3\src\test\java\com\javamarkt\promotions\PromotionsTest.java. Using fallback presentation compiler.
2026.06.02 11:15:49 INFO  no build target found for C:\Users\weron\OneDrive\Dokumenty\java\zad3\src\test\java\com\javamarkt\promotions\PromotionsTest.java. Using fallback presentation compiler.
2026.06.02 11:15:49 INFO  no build target found for C:\Users\weron\OneDrive\Dokumenty\java\zad3\src\test\java\com\javamarkt\promotions\PromotionsTest.java. Using fallback presentation compiler.
2026.06.02 11:15:49 INFO  no build target found for C:\Users\weron\OneDrive\Dokumenty\java\zad3\src\test\java\com\javamarkt\promotions\PromotionsTest.java. Using fallback presentation compiler.
2026.06.02 11:15:51 INFO  no build target found for C:\Users\weron\OneDrive\Dokumenty\java\zad3\src\test\java\com\javamarkt\promotions\PromotionsTest.java. Using fallback presentation compiler.
2026.06.02 11:15:51 WARN  no build target for: C:\Users\weron\OneDrive\Dokumenty\java\zad3\src\test\java\com\javamarkt\promotions\PromotionsTest.java
2026.06.02 11:15:51 INFO  no build target found for C:\Users\weron\OneDrive\Dokumenty\java\zad3\src\test\java\com\javamarkt\promotions\PromotionsTest.java. Using fallback presentation compiler.
2026.06.02 11:15:51 WARN  no build target for: C:\Users\weron\OneDrive\Dokumenty\java\zad3\src\test\java\com\javamarkt\promotions\PromotionsTest.java
2026.06.02 11:15:51 INFO  no build target found for C:\Users\weron\OneDrive\Dokumenty\java\zad3\src\test\java\com\javamarkt\promotions\PromotionsTest.java. Using fallback presentation compiler.
2026.06.02 11:15:51 WARN  no build target for: C:\Users\weron\OneDrive\Dokumenty\java\zad3\src\test\java\com\javamarkt\promotions\PromotionsTest.java
2026.06.02 11:15:51 INFO  no build target found for C:\Users\weron\OneDrive\Dokumenty\java\zad3\src\test\java\com\javamarkt\promotions\PromotionsTest.java. Using fallback presentation compiler.
2026.06.02 11:15:51 WARN  no build target for: C:\Users\weron\OneDrive\Dokumenty\java\zad3\src\test\java\com\javamarkt\promotions\PromotionsTest.java
2026.06.02 11:15:51 INFO  no build target found for C:\Users\weron\OneDrive\Dokumenty\java\zad3\src\test\java\com\javamarkt\promotions\PromotionsTest.java. Using fallback presentation compiler.
2026.06.02 11:15:51 WARN  no build target for: C:\Users\weron\OneDrive\Dokumenty\java\zad3\src\test\java\com\javamarkt\promotions\PromotionsTest.java
2026.06.02 11:15:51 INFO  no build target found for C:\Users\weron\OneDrive\Dokumenty\java\zad3\src\test\java\com\javamarkt\promotions\PromotionsTest.java. Using fallback presentation compiler.
2026.06.02 11:31:50 INFO  Started: Metals version 1.6.7 in folders 'C:\Users\weron\OneDrive\Dokumenty\java\zad3' for client Visual Studio Code 1.122.1.
2026.06.02 11:31:50 INFO  Memory monitor started
2026.06.02 11:31:55 WARN  Using H2 2.4.240 which is newer than the version Flyway has been verified with. The latest verified version of H2 is 2.3.232.
cze 02, 2026 11:31:55 AM org.eclipse.lsp4j.jsonrpc.services.GenericEndpoint notify
INFO: Unsupported notification method: $/setTrace
cze 02, 2026 11:31:55 AM org.eclipse.lsp4j.jsonrpc.services.GenericEndpoint notify
INFO: Unsupported notification method: $/setTrace
cze 02, 2026 11:31:55 AM org.eclipse.lsp4j.jsonrpc.services.GenericEndpoint notify
INFO: Unsupported notification method: $/setTrace
cze 02, 2026 11:31:55 AM org.eclipse.lsp4j.jsonrpc.services.GenericEndpoint notify
INFO: Unsupported notification method: $/setTrace
2026.06.02 11:31:55 INFO  no build target found for C:\Users\weron\OneDrive\Dokumenty\java\zad3\src\test\java\com\javamarkt\promotions\PromotionsTest.java. Using fallback presentation compiler.
2026.06.02 11:31:55 WARN  no build tool detected in workspace 'C:\Users\weron\OneDrive\Dokumenty\java\zad3'. The most common cause for this problem is that the editor was opened in the wrong working directory, for example if you use sbt then the workspace directory should contain build.sbt. 
2026.06.02 11:31:55 WARN  Build server is not auto-connectable.
2026.06.02 11:31:55 WARN  no build target for: C:\Users\weron\OneDrive\Dokumenty\java\zad3\src\test\java\com\javamarkt\promotions\PromotionsTest.java
2026.06.02 11:31:55 INFO  no build target found for C:\Users\weron\OneDrive\Dokumenty\java\zad3\src\test\java\com\javamarkt\promotions\PromotionsTest.java. Using fallback presentation compiler.
2026.06.02 11:31:57 INFO  time: code lens generation in 1.82s
2026.06.02 11:32:04 INFO  no build target found for C:\Users\weron\OneDrive\Dokumenty\java\zad3\src\test\java\com\javamarkt\promotions\PromotionsTest.java. Using fallback presentation compiler.
2026.06.02 11:32:44 INFO  no build target found for C:\Users\weron\OneDrive\Dokumenty\java\zad3\src\test\java\com\javamarkt\promotions\PromotionsTest.java. Using fallback presentation compiler.
2026.06.02 11:39:36 INFO  Started: Metals version 1.6.7 in folders 'C:\Users\weron\OneDrive\Dokumenty\java\zad3' for client Visual Studio Code 1.122.1.
2026.06.02 11:39:36 INFO  Memory monitor started
2026.06.02 11:39:41 WARN  Using H2 2.4.240 which is newer than the version Flyway has been verified with. The latest verified version of H2 is 2.3.232.
2026.06.02 11:39:41 INFO  no build target found for C:\Users\weron\OneDrive\Dokumenty\java\zad3\src\test\java\com\javamarkt\promotions\PromotionsTest.java. Using fallback presentation compiler.
2026.06.02 11:39:41 WARN  no build tool detected in workspace 'C:\Users\weron\OneDrive\Dokumenty\java\zad3'. The most common cause for this problem is that the editor was opened in the wrong working directory, for example if you use sbt then the workspace directory should contain build.sbt. 
2026.06.02 11:39:41 WARN  Build server is not auto-connectable.
2026.06.02 11:39:41 WARN  no build target for: C:\Users\weron\OneDrive\Dokumenty\java\zad3\src\test\java\com\javamarkt\promotions\PromotionsTest.java
2026.06.02 11:39:42 INFO  no build target found for C:\Users\weron\OneDrive\Dokumenty\java\zad3\src\test\java\com\javamarkt\promotions\PromotionsTest.java. Using fallback presentation compiler.
2026.06.02 11:39:45 INFO  no build target found for C:\Users\weron\OneDrive\Dokumenty\java\zad3\src\test\java\com\javamarkt\promotions\PromotionsTest.java. Using fallback presentation compiler.
2026.06.02 11:39:45 INFO  time: code lens generation in 1.07s
2026.06.02 11:39:45 INFO  time: code lens generation in 3.67s
2026.06.02 11:39:45 INFO  time: code lens generation in 3.67s
2026.06.02 12:21:03 WARN  no build target for: C:\Users\weron\OneDrive\Dokumenty\java\zad3\src\main\java\com\javamarkt\cart\util\BestPromotionOrderFinder.java
2026.06.02 12:21:03 INFO  no build target found for C:\Users\weron\OneDrive\Dokumenty\java\zad3\src\main\java\com\javamarkt\cart\util\BestPromotionOrderFinder.java. Using fallback presentation compiler.
2026.06.02 12:21:04 INFO  no build target found for C:\Users\weron\OneDrive\Dokumenty\java\zad3\src\main\java\com\javamarkt\cart\util\BestPromotionOrderFinder.java. Using fallback presentation compiler.
cze 02, 2026 12:21:04 PM org.eclipse.lsp4j.jsonrpc.RemoteEndpoint handleCancellation
WARNING: Unmatched cancel notification for request id 16
2026.06.02 12:21:04 INFO  no build target found for C:\Users\weron\OneDrive\Dokumenty\java\zad3\src\main\java\com\javamarkt\cart\util\BestPromotionOrderFinder.java. Using fallback presentation compiler.
2026.06.02 12:21:12 INFO  no build target found for C:\Users\weron\OneDrive\Dokumenty\java\zad3\src\main\java\com\javamarkt\cart\util\BestPromotionOrderFinder.java. Using fallback presentation compiler.
2026.06.02 12:21:13 INFO  no build target found for C:\Users\weron\OneDrive\Dokumenty\java\zad3\src\main\java\com\javamarkt\cart\util\BestPromotionOrderFinder.java. Using fallback presentation compiler.
2026.06.02 12:21:13 INFO  no build target found for C:\Users\weron\OneDrive\Dokumenty\java\zad3\src\main\java\com\javamarkt\cart\util\BestPromotionOrderFinder.java. Using fallback presentation compiler.
2026.06.02 12:21:19 INFO  no build target found for C:\Users\weron\OneDrive\Dokumenty\java\zad3\src\main\java\com\javamarkt\cart\util\BestPromotionOrderFinder.java. Using fallback presentation compiler.
2026.06.02 12:21:24 WARN  no build target for: C:\Users\weron\OneDrive\Dokumenty\java\zad3\src\main\java\com\javamarkt\cart\util\ProductComparators.java
2026.06.02 12:21:25 INFO  no build target found for C:\Users\weron\OneDrive\Dokumenty\java\zad3\src\main\java\com\javamarkt\cart\util\ProductComparators.java. Using fallback presentation compiler.
2026.06.02 12:21:25 INFO  no build target found for C:\Users\weron\OneDrive\Dokumenty\java\zad3\src\main\java\com\javamarkt\cart\util\ProductComparators.java. Using fallback presentation compiler.
2026.06.02 12:21:25 INFO  no build target found for C:\Users\weron\OneDrive\Dokumenty\java\zad3\src\main\java\com\javamarkt\cart\util\ProductComparators.java. Using fallback presentation compiler.
2026.06.02 12:21:30 INFO  no build target found for C:\Users\weron\OneDrive\Dokumenty\java\zad3\src\test\java\com\javamarkt\promotions\PromotionsTest.java. Using fallback presentation compiler.
2026.06.02 12:21:30 INFO  no build target found for C:\Users\weron\OneDrive\Dokumenty\java\zad3\src\main\java\com\javamarkt\cart\util\ProductComparators.java. Using fallback presentation compiler.
2026.06.02 12:21:32 WARN  no build target for: C:\Users\weron\OneDrive\Dokumenty\java\zad3\src\main\java\com\javamarkt\cart\util\ProductUtils.java
2026.06.02 12:21:32 INFO  no build target found for C:\Users\weron\OneDrive\Dokumenty\java\zad3\src\main\java\com\javamarkt\cart\util\ProductUtils.java. Using fallback presentation compiler.
2026.06.02 12:21:32 INFO  no build target found for C:\Users\weron\OneDrive\Dokumenty\java\zad3\src\main\java\com\javamarkt\cart\util\ProductUtils.java. Using fallback presentation compiler.
cze 02, 2026 12:21:32 PM org.eclipse.lsp4j.jsonrpc.RemoteEndpoint handleCancellation
WARNING: Unmatched cancel notification for request id 42
2026.06.02 12:21:32 INFO  no build target found for C:\Users\weron\OneDrive\Dokumenty\java\zad3\src\main\java\com\javamarkt\cart\util\ProductUtils.java. Using fallback presentation compiler.
2026.06.02 12:21:32 INFO  no build target found for C:\Users\weron\OneDrive\Dokumenty\java\zad3\src\main\java\com\javamarkt\cart\util\ProductUtils.java. Using fallback presentation compiler.
2026.06.02 12:21:33 INFO  no build target found for C:\Users\weron\OneDrive\Dokumenty\java\zad3\src\main\java\com\javamarkt\cart\util\ProductUtils.java. Using fallback presentation compiler.
2026.06.02 12:21:32 INFO  no build target found for C:\Users\weron\OneDrive\Dokumenty\java\zad3\src\main\java\com\javamarkt\cart\util\ProductUtils.java. Using fallback presentation compiler.
2026.06.02 12:21:36 WARN  no build target for: C:\Users\weron\OneDrive\Dokumenty\java\zad3\src\main\java\com\javamarkt\cart\util\ShoppingCart.java
2026.06.02 12:21:36 INFO  no build target found for C:\Users\weron\OneDrive\Dokumenty\java\zad3\src\main\java\com\javamarkt\cart\util\ShoppingCart.java. Using fallback presentation compiler.
2026.06.02 12:21:36 INFO  no build target found for C:\Users\weron\OneDrive\Dokumenty\java\zad3\src\main\java\com\javamarkt\cart\util\ShoppingCart.java. Using fallback presentation compiler.
cze 02, 2026 12:21:36 PM org.eclipse.lsp4j.jsonrpc.RemoteEndpoint handleCancellation
WARNING: Unmatched cancel notification for request id 59
2026.06.02 12:21:36 INFO  no build target found for C:\Users\weron\OneDrive\Dokumenty\java\zad3\src\main\java\com\javamarkt\cart\util\ShoppingCart.java. Using fallback presentation compiler.
2026.06.02 12:21:36 INFO  no build target found for C:\Users\weron\OneDrive\Dokumenty\java\zad3\src\main\java\com\javamarkt\cart\util\ShoppingCart.java. Using fallback presentation compiler.
2026.06.02 12:21:37 INFO  no build target found for C:\Users\weron\OneDrive\Dokumenty\java\zad3\src\main\java\com\javamarkt\cart\util\ShoppingCart.java. Using fallback presentation compiler.
2026.06.02 12:21:36 INFO  no build target found for C:\Users\weron\OneDrive\Dokumenty\java\zad3\src\main\java\com\javamarkt\cart\util\ShoppingCart.java. Using fallback presentation compiler.
2026.06.02 12:21:41 WARN  no build target for: C:\Users\weron\OneDrive\Dokumenty\java\zad3\src\main\java\com\javamarkt\model\Product.java
2026.06.02 12:21:41 INFO  no build target found for C:\Users\weron\OneDrive\Dokumenty\java\zad3\src\main\java\com\javamarkt\model\Product.java. Using fallback presentation compiler.
2026.06.02 12:21:41 INFO  no build target found for C:\Users\weron\OneDrive\Dokumenty\java\zad3\src\main\java\com\javamarkt\model\Product.java. Using fallback presentation compiler.
cze 02, 2026 12:21:41 PM org.eclipse.lsp4j.jsonrpc.RemoteEndpoint handleCancellation
WARNING: Unmatched cancel notification for request id 72
2026.06.02 12:21:42 INFO  no build target found for C:\Users\weron\OneDrive\Dokumenty\java\zad3\src\main\java\com\javamarkt\model\Product.java. Using fallback presentation compiler.
2026.06.02 12:21:41 INFO  no build target found for C:\Users\weron\OneDrive\Dokumenty\java\zad3\src\main\java\com\javamarkt\model\Product.java. Using fallback presentation compiler.
2026.06.02 12:21:44 INFO  no build target found for C:\Users\weron\OneDrive\Dokumenty\java\zad3\src\main\java\com\javamarkt\model\Product.java. Using fallback presentation compiler.
2026.06.02 12:21:44 INFO  no build target found for C:\Users\weron\OneDrive\Dokumenty\java\zad3\src\main\java\com\javamarkt\model\Product.java. Using fallback presentation compiler.
2026.06.02 12:21:45 INFO  no build target found for C:\Users\weron\OneDrive\Dokumenty\java\zad3\src\main\java\com\javamarkt\model\Product.java. Using fallback presentation compiler.
2026.06.02 12:21:46 INFO  no build target found for C:\Users\weron\OneDrive\Dokumenty\java\zad3\src\main\java\com\javamarkt\model\Product.java. Using fallback presentation compiler.
2026.06.02 12:21:49 INFO  no build target found for C:\Users\weron\OneDrive\Dokumenty\java\zad3\src\main\java\com\javamarkt\model\Product.java. Using fallback presentation compiler.
cze 02, 2026 12:21:49 PM org.eclipse.lsp4j.jsonrpc.RemoteEndpoint handleCancellation
WARNING: Unmatched cancel notification for request id 94
2026.06.02 12:21:49 INFO  no build target found for C:\Users\weron\OneDrive\Dokumenty\java\zad3\src\main\java\com\javamarkt\model\Product.java. Using fallback presentation compiler.
2026.06.02 12:21:49 INFO  no build target found for C:\Users\weron\OneDrive\Dokumenty\java\zad3\src\main\java\com\javamarkt\model\Product.java. Using fallback presentation compiler.
2026.06.02 12:21:51 INFO  no build target found for C:\Users\weron\OneDrive\Dokumenty\java\zad3\src\main\java\com\javamarkt\model\Product.java. Using fallback presentation compiler.
2026.06.02 12:21:51 INFO  no build target found for C:\Users\weron\OneDrive\Dokumenty\java\zad3\src\main\java\com\javamarkt\model\Product.java. Using fallback presentation compiler.
2026.06.02 12:21:54 INFO  no build target found for C:\Users\weron\OneDrive\Dokumenty\java\zad3\src\main\java\com\javamarkt\model\Product.java. Using fallback presentation compiler.
2026.06.02 12:21:55 INFO  no build target found for C:\Users\weron\OneDrive\Dokumenty\java\zad3\src\main\java\com\javamarkt\model\Product.java. Using fallback presentation compiler.
2026.06.02 12:21:55 INFO  no build target found for C:\Users\weron\OneDrive\Dokumenty\java\zad3\src\main\java\com\javamarkt\model\Product.java. Using fallback presentation compiler.
2026.06.02 12:21:59 WARN  no build target for: C:\Users\weron\OneDrive\Dokumenty\java\zad3\src\main\java\com\javamarkt\promotions\FreeMugPromotion.java
2026.06.02 12:21:59 INFO  no build target found for C:\Users\weron\OneDrive\Dokumenty\java\zad3\src\main\java\com\javamarkt\promotions\FreeMugPromotion.java. Using fallback presentation compiler.
2026.06.02 12:21:59 INFO  no build target found for C:\Users\weron\OneDrive\Dokumenty\java\zad3\src\main\java\com\javamarkt\promotions\FreeMugPromotion.java. Using fallback presentation compiler.
cze 02, 2026 12:21:59 PM org.eclipse.lsp4j.jsonrpc.RemoteEndpoint handleCancellation
WARNING: Unmatched cancel notification for request id 113
2026.06.02 12:22:00 INFO  no build target found for C:\Users\weron\OneDrive\Dokumenty\java\zad3\src\main\java\com\javamarkt\promotions\FreeMugPromotion.java. Using fallback presentation compiler.
